node,x_power_mw,x_energy_mwh,energy_power_ratio_h
N1,1.3000810684997366e-07,2.839613073602441e-07,2.184181542524336
N2,1.5648313540993928e-07,3.3914722783331447e-07,2.1673084894730006
N3,9.804684736727252e-06,1.9615899564962675e-05,2.000666017488937
N4,1.3001043448406538e-07,2.839681039493446e-07,2.1841947154183914
N5,1.2957466503636198e-07,2.8279343336008257e-07,2.1824747398013606
N6,1.2922716351779545e-07,2.902642468529347e-07,2.246155057121279
N7,1.5648199850929222e-07,3.3914523297507996e-07,2.167311487620992
N8,1.2172895609903876e-07,5.644114231646003e-07,4.636624195687629
N9,4.104404460940508,8.208808928451532,2.0000000016008452
