{
  "model": "Single Investor Primal-Dual MPEC",
  "investor": "I1",
  "wacc": 0.08,
  "solver_status": "ok",
  "termination": "optimal",
  "profit_eur_per_day": 57.50854427206806,
  "spot_revenue_eur_per_day": 238.93805172698745,
  "degradation_cost_eur_per_day": 123.401711699825,
  "capex_daily_eur_per_day": 58.02779139907877,
  "lower_level_primal_objective_eur_per_day": 434113.54430414975,
  "lower_level_dual_objective_eur_per_day": 434113.5340761729,
  "strong_duality_gap": 0.010227976832538843,
  "total_power_mw": 4.104415219139704,
  "total_energy_mwh": 8.208830928042072,
  "total_charge_mwh": 8.770106465250207,
  "total_discharge_mwh": 7.683455094726459,
  "total_storage_throughput_mwh": 16.453561559976666,
  "total_load_shed_mwh": 0.0,
  "equivalent_cycles_throughput_over_2e": 1.0021866514371667,
  "equivalent_cycles_discharge_over_e": 0.9359987021390727,
  "line_limits_mw": {
    "L14": 400.0,
    "L45": 400.0,
    "L46": 200.0,
    "L69": 200.0,
    "L57": 400.0,
    "L93": 400.0,
    "L72": 400.0,
    "L98": 200.0,
    "L78": 200.0
  },
  "existing_power_mw_per_node": 0.0,
  "existing_ratio_hours": 2.0,
  "storage_units": [
    "I1",
    "RIV"
  ],
  "demand_model": "quadratic",
  "load_shed_allowed": true,
  "quadratic_demand_alpha_eur_per_mwh": 4000,
  "quadratic_demand_beta_eur_per_mwh_per_share": 10000,
  "quadratic_demand_source": "fixed_default"
}