{
  "wacc": 0.08,
  "system_cost_eur_per_day": 448615.72144314,
  "generation_cost_eur_per_day": 424956.8938899119,
  "curtailment_cost_eur_per_day": 0.0,
  "storage_capex_eur_per_day": 7252.365738947884,
  "degradation_cost_eur_per_day": 16406.461814280246,
  "total_power_mw": 326.60003000797883,
  "total_energy_mwh": 1091.376088403508,
  "lambda_min_eur_per_mwh": 43.89673178232006,
  "lambda_max_eur_per_mwh": 75.00000016032074,
  "system_price_min_eur_per_mwh": 43.89688814011373,
  "system_price_max_eur_per_mwh": 75.00000010960994,
  "per_node": {
    "N1": {
      "x_power_mw": 14.49813038350852,
      "x_energy_mwh": 66.32164895543714,
      "ratio_hours": 4.574496655850009,
      "charge_mwh": 70.85647018110969,
      "discharge_mwh": 62.07707009978947,
      "share_of_node_limit": 0.1449813038350852
    },
    "N2": {
      "x_power_mw": 8.149632331282762,
      "x_energy_mwh": 37.07720091355241,
      "ratio_hours": 4.549555048174353,
      "charge_mwh": 39.612401761529014,
      "discharge_mwh": 34.70426673366853,
      "share_of_node_limit": 0.08149632331282762
    },
    "N3": {
      "x_power_mw": 12.549603677803995,
      "x_energy_mwh": 57.60296266953884,
      "ratio_hours": 4.590022453969523,
      "charge_mwh": 61.54163440585416,
      "discharge_mwh": 53.91637973643121,
      "share_of_node_limit": 0.12549603677803994
    },
    "N4": {
      "x_power_mw": 10.358365260656168,
      "x_energy_mwh": 46.93314907959476,
      "ratio_hours": 4.530941697707782,
      "charge_mwh": 50.142260912702596,
      "discharge_mwh": 43.92943421657509,
      "share_of_node_limit": 0.10358365260656167
    },
    "N5": {
      "x_power_mw": 8.797971316799693,
      "x_energy_mwh": 39.98416438209803,
      "ratio_hours": 4.544702743659601,
      "charge_mwh": 42.7181319628608,
      "discharge_mwh": 37.4251845401345,
      "share_of_node_limit": 0.08797971316799692
    },
    "N6": {
      "x_power_mw": 65.75014353451186,
      "x_energy_mwh": 204.66695573958833,
      "ratio_hours": 3.112798615141575,
      "charge_mwh": 218.66128512068832,
      "discharge_mwh": 191.5682772490946,
      "share_of_node_limit": 0.6575014353451186
    },
    "N7": {
      "x_power_mw": 99.93922140355946,
      "x_energy_mwh": 271.992349196747,
      "ratio_hours": 2.721577628651204,
      "charge_mwh": 290.59012428429025,
      "discharge_mwh": 254.58484552496958,
      "share_of_node_limit": 0.9993922140355945
    },
    "N8": {
      "x_power_mw": 99.97276018755228,
      "x_energy_mwh": 336.7491544603103,
      "ratio_hours": 3.3684090929224872,
      "charge_mwh": 359.7747452929461,
      "discharge_mwh": 315.19721525216886,
      "share_of_node_limit": 0.9997276018755228
    },
    "N9": {
      "x_power_mw": 6.584201912304086,
      "x_energy_mwh": 30.048503006641266,
      "ratio_hours": 4.563727450473348,
      "charge_mwh": 32.10310913152631,
      "discharge_mwh": 28.125405497693677,
      "share_of_node_limit": 0.06584201912304086
    }
  },
  "data_path": "data\\processed\\market_data_9bus.json",
  "node_limit_mw": 100.0
}