iteration,investor,node,x_power_mw,x_energy_mwh,proposed_x_power_mw,private_headroom_limit_mw,private_headroom_slack_mw,access_shadow_price_eur_per_mw_day,headroom_complementarity_residual_eur_per_day,headroom_mw
1,I1,N1,0.0,0.0,3.8498408589792924e-07,200.0,199.99999961501592,0.0,0.0,200.0
1,I1,N2,0.0,0.0,3.8446653755538345e-07,200.0,199.99999961553345,0.0,0.0,200.0
1,I1,N3,0.0,0.0,3.2034738484832734e-07,200.0,199.9999996796526,0.0,0.0,200.0
1,I1,N4,0.0,0.0,3.8493591061536165e-07,200.0,199.9999996150641,0.0,0.0,200.0
1,I1,N5,0.0,0.0,3.8473385472947873e-07,200.0,199.99999961526615,0.0,0.0,200.0
1,I1,N6,0.0,0.0,3.206732044237104e-07,200.0,199.9999996793268,0.0,0.0,200.0
1,I1,N7,0.0,0.0,3.84443919874395e-07,200.0,199.99999961555608,0.0,0.0,200.0
1,I1,N8,21.61903533607224,43.23807067342392,86.47614134428896,200.0,113.52385865571104,0.0,0.0,156.76193121457118
1,I1,N9,0.0,0.0,3.3600784080191484e-07,200.0,199.99999966399216,0.0,0.0,200.0
1,I2,N1,0.0,0.0,4.0853917418990055e-07,200.0,199.99999959146083,0.0,0.0,200.0
1,I2,N2,0.0,0.0,4.083505891432018e-07,200.0,199.9999995916494,0.0,0.0,200.0
1,I2,N3,0.0,0.0,5.371804065837548e-07,200.0,199.9999994628196,0.0,0.0,200.0
1,I2,N4,0.0,0.0,4.0853590969405585e-07,200.0,199.9999995914641,0.0,0.0,200.0
1,I2,N5,0.0,0.0,4.084577989089404e-07,200.0,199.9999995915422,0.0,0.0,200.0
1,I2,N6,0.0,0.0,5.15176074994912e-07,200.0,199.99999948482392,0.0,0.0,200.0
1,I2,N7,0.0,0.0,4.081968823107824e-07,200.0,199.99999959180312,0.0,0.0,200.0
1,I2,N8,21.619033449356564,43.23806689922046,86.47613379742626,200.0,113.52386620257374,0.0,0.0,156.76193121457118
1,I2,N9,0.0,0.0,5.372313356086355e-07,200.0,199.99999946276867,0.0,0.0,200.0
1,I3,N1,0.0,0.0,4.264419961978041e-07,200.0,199.999999573558,0.0,0.0,200.0
1,I3,N2,0.0,0.0,4.0725855263435785e-07,200.0,199.99999959274146,0.0,0.0,200.0
1,I3,N3,0.0,0.0,3.494946567637806e-07,200.0,199.99999965050534,0.0,0.0,200.0
1,I3,N4,0.0,0.0,4.2648561429302414e-07,200.0,199.99999957351437,0.0,0.0,200.0
1,I3,N5,0.0,0.0,4.330330650062026e-07,200.0,199.99999956696695,0.0,0.0,200.0
1,I3,N6,0.0,0.0,3.5101598487403834e-07,200.0,199.99999964898402,0.0,0.0,200.0
1,I3,N7,0.0,0.0,4.342761203925007e-07,200.0,199.99999956572387,0.0,0.0,200.0
1,I3,N8,0.0,0.0,3.5502612070534136e-07,200.0,199.99999964497388,0.0,0.0,156.76193121457118
1,I3,N9,0.0,0.0,3.4911768428780423e-07,200.0,199.9999996508823,0.0,0.0,200.0
1,I4,N1,0.0,0.0,1.2164760518363362e-06,200.0,199.99999878352395,0.0,0.0,200.0
1,I4,N2,0.0,0.0,1.2570660127781537e-06,200.0,199.999998742934,0.0,0.0,200.0
1,I4,N3,0.0,0.0,1.2120682960378859e-06,200.0,199.9999987879317,0.0,0.0,200.0
1,I4,N4,0.0,0.0,1.2174550195528277e-06,200.0,199.999998782545,0.0,0.0,200.0
1,I4,N5,0.0,0.0,1.2489286563731945e-06,200.0,199.99999875107133,0.0,0.0,200.0
1,I4,N6,0.0,0.0,1.2197518628671132e-06,200.0,199.99999878024815,0.0,0.0,200.0
1,I4,N7,0.0,0.0,1.274011186596935e-06,200.0,199.9999987259888,0.0,0.0,200.0
1,I4,N8,0.0,0.0,1.2331323288270123e-06,200.0,199.99999876686766,0.0,0.0,156.76193121457118
1,I4,N9,0.0,0.0,1.2121935623809587e-06,200.0,199.99999878780645,0.0,0.0,200.0
2,I1,N1,0.0,0.0,3.473972024963875e-07,200.0,199.9999996526028,0.0,0.0,200.0
2,I1,N2,0.0,0.0,3.638316738096622e-07,200.0,199.99999963616833,0.0,0.0,200.0
2,I1,N3,0.0,0.0,3.577221721008859e-07,200.0,199.99999964227783,0.0,0.0,200.0
2,I1,N4,0.0,0.0,3.479069987513129e-07,200.0,199.999999652093,0.0,0.0,200.0
2,I1,N5,0.0,0.0,3.607158126580349e-07,200.0,199.9999996392842,0.0,0.0,200.0
2,I1,N6,0.0,0.0,3.561170966225678e-07,200.0,199.99999964388292,0.0,0.0,200.0
2,I1,N7,0.0,0.0,3.6407730895334436e-07,200.0,199.99999963592268,0.0,0.0,200.0
2,I1,N8,43.35138065876208,86.7027613197632,108.54841662683162,178.38096655064345,69.83254992381183,0.0,0.0,113.29724013880985
2,I1,N9,0.0,0.0,3.5949268006058433e-07,200.0,199.99999964050733,0.0,0.0,200.0
2,I2,N1,0.0,0.0,4.151939612952527e-07,200.0,199.99999958480603,0.0,0.0,200.0
2,I2,N2,0.0,0.0,4.0730215744324714e-07,200.0,199.99999959269783,0.0,0.0,200.0
2,I2,N3,0.0,0.0,3.452698685410829e-07,200.0,199.99999965473012,0.0,0.0,200.0
2,I2,N4,0.0,0.0,4.150405155452021e-07,200.0,199.99999958495948,0.0,0.0,200.0
2,I2,N5,0.0,0.0,4.3151112404643067e-07,200.0,199.99999956848887,0.0,0.0,200.0
2,I2,N6,0.0,0.0,3.4529785065647577e-07,200.0,199.99999965470215,0.0,0.0,200.0
2,I2,N7,0.0,0.0,4.0520075686634015e-07,200.0,199.99999959479925,0.0,0.0,200.0
2,I2,N8,43.35137920242806,86.70275840574396,108.54841646164255,178.38096466392776,69.83254820228521,0.0,0.0,113.29724013880985
2,I2,N9,0.0,0.0,3.4619829264025496e-07,200.0,199.9999996538017,0.0,0.0,200.0
2,I3,N1,0.0,0.0,4.048193270045037e-07,200.0,199.99999959518067,0.0,0.0,200.0
2,I3,N2,0.0,0.0,4.049948904424865e-07,200.0,199.9999995950051,0.0,0.0,200.0
2,I3,N3,0.0,0.0,4.2487969883328957e-07,200.0,199.9999995751203,0.0,0.0,200.0
2,I3,N4,0.0,0.0,4.0498129354840057e-07,200.0,199.9999995950187,0.0,0.0,200.0
2,I3,N5,0.0,0.0,4.0489692106204223e-07,200.0,199.99999959510308,0.0,0.0,200.0
2,I3,N6,0.0,0.0,4.151949380109617e-07,200.0,199.99999958480507,0.0,0.0,200.0
2,I3,N7,0.0,0.0,4.049846774651725e-07,200.0,199.9999995950153,0.0,0.0,200.0
2,I3,N8,0.0,0.0,4.1857499618882105e-07,156.76193121457118,156.7619307959962,0.0,0.0,113.29724013880985
2,I3,N9,0.0,0.0,4.2742226311567887e-07,200.0,199.99999957257774,0.0,0.0,200.0
2,I4,N1,0.0,0.0,1.7838493295396554e-06,200.0,199.99999821615066,0.0,0.0,200.0
2,I4,N2,0.0,0.0,1.7835800753578147e-06,200.0,199.99999821641993,0.0,0.0,200.0
2,I4,N3,0.0,0.0,1.7782175675693328e-06,200.0,199.99999822178242,0.0,0.0,200.0
2,I4,N4,0.0,0.0,1.7838350568575282e-06,200.0,199.99999821616495,0.0,0.0,200.0
2,I4,N5,0.0,0.0,1.7837587228637997e-06,200.0,199.99999821624127,0.0,0.0,200.0
2,I4,N6,0.0,0.0,1.7677788757986711e-06,200.0,199.99999823222112,0.0,0.0,200.0
2,I4,N7,0.0,0.0,1.783605861948569e-06,200.0,199.99999821639415,0.0,0.0,200.0
2,I4,N8,0.0,0.0,1.7766977148113407e-06,156.76193121457118,156.76192943787348,0.0,0.0,113.29724013880985
2,I4,N9,0.0,0.0,1.7782248183205467e-06,200.0,199.99999822177517,0.0,0.0,200.0
3,I1,N1,0.0,0.0,3.5390821875954473e-07,200.0,199.9999996460918,0.0,0.0,200.0
3,I1,N2,0.0,0.0,3.5403417781870384e-07,200.0,199.99999964596583,0.0,0.0,200.0
3,I1,N3,0.0,0.0,3.227100243156106e-07,200.0,199.99999967728996,0.0,0.0,200.0
3,I1,N4,0.0,0.0,3.538877991453561e-07,200.0,199.9999996461122,0.0,0.0,200.0
3,I1,N5,0.0,0.0,3.541107969795331e-07,200.0,199.9999996458892,0.0,0.0,200.0
3,I1,N6,0.0,0.0,3.6480431016746927e-07,200.0,199.99999963519568,0.0,0.0,200.0
3,I1,N7,0.0,0.0,3.540185420915531e-07,200.0,199.99999964598146,0.0,0.0,200.0
3,I1,N8,59.65063967680038,138.3376550828824,108.54841673091528,156.64862079757194,48.10020406665666,0.0,0.0,87.48299787776264
3,I1,N9,0.0,0.0,3.5713316440308843e-07,200.0,199.99999964286684,0.0,0.0,200.0
3,I2,N1,0.0,0.0,3.6224768172155244e-07,200.0,199.99999963775232,0.0,0.0,200.0
3,I2,N2,0.0,0.0,3.6223160687855304e-07,200.0,199.99999963776838,0.0,0.0,200.0
3,I2,N3,0.0,0.0,3.622359658062631e-07,200.0,199.99999963776403,0.0,0.0,200.0
3,I2,N4,0.0,0.0,3.622478427321391e-07,200.0,199.99999963775215,0.0,0.0,200.0
3,I2,N5,0.0,0.0,3.6222857516800486e-07,200.0,199.99999963777142,0.0,0.0,200.0
3,I2,N6,0.0,0.0,3.622343665031809e-07,200.0,199.99999963776563,0.0,0.0,200.0
3,I2,N7,0.0,0.0,3.622328594333423e-07,200.0,199.99999963776713,0.0,0.0,200.0
3,I2,N8,52.866362445436984,105.73272489204717,81.41131217446375,156.64861934123792,75.23730716677417,0.0,0.0,87.48299787776264
3,I2,N9,0.0,0.0,3.6223707152624453e-07,200.0,199.99999963776293,0.0,0.0,200.0
3,I3,N1,0.0,0.0,4.076202548674494e-07,200.0,199.99999959237974,0.0,0.0,200.0
3,I3,N2,0.0,0.0,4.279480509060256e-07,200.0,199.99999957205196,0.0,0.0,200.0
3,I3,N3,0.0,0.0,4.0912297833173384e-07,200.0,199.99999959087702,0.0,0.0,200.0
3,I3,N4,0.0,0.0,4.0841115011522526e-07,200.0,199.99999959158885,0.0,0.0,200.0
3,I3,N5,0.0,0.0,4.063856455731329e-07,200.0,199.99999959361435,0.0,0.0,200.0
3,I3,N6,0.0,0.0,4.112574908022848e-07,200.0,199.9999995887425,0.0,0.0,200.0
3,I3,N7,0.0,0.0,4.214547379657092e-07,200.0,199.99999957854527,0.0,0.0,200.0
3,I3,N8,0.0,0.0,4.075855976947695e-07,113.29724013880985,113.29723973122425,0.0,0.0,87.48299787776264
3,I3,N9,0.0,0.0,4.091296252128351e-07,200.0,199.99999959087037,0.0,0.0,200.0
3,I4,N1,0.0,0.0,1.0516765858929789e-06,200.0,199.99999894832342,0.0,0.0,200.0
3,I4,N2,0.0,0.0,1.051314665567742e-06,200.0,199.99999894868535,0.0,0.0,200.0
3,I4,N3,0.0,0.0,1.0663302316750742e-06,200.0,199.99999893366976,0.0,0.0,200.0
3,I4,N4,0.0,0.0,1.0540578091689258e-06,200.0,199.9999989459422,0.0,0.0,200.0
3,I4,N5,0.0,0.0,1.0572184524043621e-06,200.0,199.99999894278156,0.0,0.0,200.0
3,I4,N6,0.0,0.0,1.0594049629413638e-06,200.0,199.99999894059505,0.0,0.0,200.0
3,I4,N7,0.0,0.0,1.0165080968588066e-06,200.0,199.9999989834919,0.0,0.0,200.0
3,I4,N8,0.0,0.0,1.052115335098739e-06,113.29724013880985,113.29723908669452,0.0,0.0,87.48299787776264
3,I4,N9,0.0,0.0,1.0841683160146932e-06,200.0,199.9999989158317,0.0,0.0,200.0
4,I1,N1,0.0,0.0,7.60637645141942e-06,200.0,199.99999239362356,0.0,0.0,200.0
4,I1,N2,0.0,0.0,7.606323390568963e-06,200.0,199.99999239367662,0.0,0.0,200.0
4,I1,N3,0.0,0.0,7.606288866155043e-06,200.0,199.99999239371112,0.0,0.0,200.0
4,I1,N4,0.0,0.0,7.6063701369480524e-06,200.0,199.99999239362987,0.0,0.0,200.0
4,I1,N5,0.0,0.0,7.6062945620538805e-06,200.0,199.99999239370544,0.0,0.0,200.0
4,I1,N6,0.0,0.0,7.606321116286754e-06,200.0,199.9999923936789,0.0,0.0,200.0
4,I1,N7,0.0,0.0,7.606323318257246e-06,200.0,199.99999239367668,0.0,0.0,200.0
4,I1,N8,71.87508416699319,192.99219318833426,108.54841763757163,147.13363755456302,38.58521991699139,4.779588703209907e-08,1.8442148122612195e-06,68.45621400479902
4,I1,N9,0.0,0.0,7.606288909513913e-06,200.0,199.9999923937111,0.0,0.0,200.0
4,I2,N1,0.0,0.0,3.9284146573434637e-07,200.0,199.99999960715854,0.0,0.0,200.0
4,I2,N2,0.0,0.0,3.870879504394063e-07,200.0,199.99999961291206,0.0,0.0,200.0
4,I2,N3,0.0,0.0,3.6838163797211174e-07,200.0,199.99999963161835,0.0,0.0,200.0
4,I2,N4,0.0,0.0,3.929591363644812e-07,200.0,199.99999960704088,0.0,0.0,200.0
4,I2,N5,0.0,0.0,3.856508695236377e-07,200.0,199.99999961434912,0.0,0.0,200.0
4,I2,N6,0.0,0.0,3.6035994072997636e-07,200.0,199.99999963964007,0.0,0.0,200.0
4,I2,N7,0.0,0.0,3.8709619334243406e-07,200.0,199.9999996129038,0.0,0.0,200.0
4,I2,N8,59.66870182820779,127.49342731242035,80.07571997652019,140.34936032319962,60.27364034667943,0.0,0.0,68.45621400479902
4,I2,N9,0.0,0.0,3.705587814978624e-07,200.0,199.99999962944122,0.0,0.0,200.0
4,I3,N1,0.0,0.0,3.0581670922325157e-07,200.0,199.9999996941833,0.0,0.0,200.0
4,I3,N2,0.0,0.0,3.0586190056495215e-07,200.0,199.9999996941381,0.0,0.0,200.0
4,I3,N3,0.0,0.0,3.1963873707219626e-07,200.0,199.99999968036127,0.0,0.0,200.0
4,I3,N4,0.0,0.0,3.058165302587721e-07,200.0,199.99999969418346,0.0,0.0,200.0
4,I3,N5,0.0,0.0,3.0585077309374876e-07,200.0,199.99999969414924,0.0,0.0,200.0
4,I3,N6,0.0,0.0,3.3916494237063775e-07,200.0,199.99999966083504,0.0,0.0,200.0
4,I3,N7,0.0,0.0,3.0586189522285967e-07,200.0,199.9999996941381,0.0,0.0,200.0
4,I3,N8,0.0,0.0,3.1257875333063533e-07,87.48299787776264,87.4829975651839,0.0,0.0,68.45621400479902
4,I3,N9,0.0,0.0,3.196728953374609e-07,200.0,199.9999996803271,0.0,0.0,200.0
4,I4,N1,0.0,0.0,1.1125461396336204e-06,200.0,199.99999888745387,0.0,0.0,200.0
4,I4,N2,0.0,0.0,1.0639779382228846e-06,200.0,199.99999893602205,0.0,0.0,200.0
4,I4,N3,0.0,0.0,1.0723785123093803e-06,200.0,199.99999892762148,0.0,0.0,200.0
4,I4,N4,0.0,0.0,1.115345222637543e-06,200.0,199.9999988846548,0.0,0.0,200.0
4,I4,N5,0.0,0.0,1.1655804352366214e-06,200.0,199.99999883441956,0.0,0.0,200.0
4,I4,N6,0.0,0.0,1.0770899380159123e-06,200.0,199.99999892291007,0.0,0.0,200.0
4,I4,N7,0.0,0.0,1.063610292633698e-06,200.0,199.99999893638972,0.0,0.0,200.0
4,I4,N8,0.0,0.0,1.1015445555790816e-06,87.48299787776264,87.48299677621809,0.0,0.0,68.45621400479902
4,I4,N9,0.0,0.0,1.0925579332005142e-06,200.0,199.99999890744206,0.0,0.0,200.0
5,I1,N1,0.0,0.0,3.931193957659281e-07,200.0,199.9999996068806,0.0,0.0,200.0
5,I1,N2,0.0,0.0,3.940414871477988e-07,200.0,199.99999960595852,0.0,0.0,200.0
5,I1,N3,0.0,0.0,3.8685247259266823e-07,200.0,199.99999961314754,0.0,0.0,200.0
5,I1,N4,0.0,0.0,3.933999712342901e-07,200.0,199.99999960660003,0.0,0.0,200.0
5,I1,N5,0.0,0.0,3.941196007171947e-07,200.0,199.9999996058804,0.0,0.0,200.0
5,I1,N6,0.0,0.0,3.89963089470823e-07,200.0,199.99999961003692,0.0,0.0,200.0
5,I1,N7,0.0,0.0,3.9388530641220187e-07,200.0,199.9999996061147,0.0,0.0,200.0
5,I1,N8,81.0434173063204,228.791562131716,108.54841672430209,140.3312981717922,31.782881447490126,0.0,0.0,54.186126329115666
5,I1,N9,0.0,0.0,3.88779170897378e-07,200.0,199.99999961122083,0.0,0.0,200.0
5,I2,N1,0.0,0.0,2.6447407014306e-07,200.0,199.99999973552593,0.0,0.0,200.0
5,I2,N2,0.0,0.0,2.644138033789518e-07,200.0,199.9999997355862,0.0,0.0,200.0
5,I2,N3,0.0,0.0,2.644845412838215e-07,200.0,199.99999973551544,0.0,0.0,200.0
5,I2,N4,0.0,0.0,2.644223726356906e-07,200.0,199.99999973557763,0.0,0.0,200.0
5,I2,N5,0.0,0.0,2.6441129035028957e-07,200.0,199.99999973558872,0.0,0.0,200.0
5,I2,N6,0.0,0.0,2.6448755251403033e-07,200.0,199.99999973551246,0.0,0.0,200.0
5,I2,N7,0.0,0.0,2.644702831466096e-07,200.0,199.9999997355297,0.0,0.0,200.0
5,I2,N8,64.77045636456393,147.72744334218987,80.07571997363235,128.1249158330068,48.049195859374464,0.0,0.0,54.186126329115666
5,I2,N9,0.0,0.0,2.5048856302685496e-07,200.0,199.99999974951143,0.0,0.0,200.0
5,I3,N1,0.0,0.0,4.6783337813541775e-07,200.0,199.9999995321666,0.0,0.0,200.0
5,I3,N2,0.0,0.0,4.6870610614979765e-07,200.0,199.9999995312939,0.0,0.0,200.0
5,I3,N3,0.0,0.0,4.826411713500804e-07,200.0,199.99999951735882,0.0,0.0,200.0
5,I3,N4,0.0,0.0,4.6780124717398815e-07,200.0,199.99999953219876,0.0,0.0,200.0
5,I3,N5,0.0,0.0,4.677908785400495e-07,200.0,199.99999953220913,0.0,0.0,200.0
5,I3,N6,0.0,0.0,4.853077055143671e-07,200.0,199.9999995146923,0.0,0.0,200.0
5,I3,N7,0.0,0.0,4.6882388408353433e-07,200.0,199.99999953117612,0.0,0.0,200.0
5,I3,N8,0.0,0.0,4.799454802898974e-07,68.45621400479902,68.45621352485354,0.0,0.0,54.186126329115666
5,I3,N9,0.0,0.0,4.82424276511563e-07,200.0,199.99999951757573,0.0,0.0,200.0
5,I4,N1,0.0,0.0,3.3146062216543336e-05,200.0,199.9999668539378,3.1158290140985405e-08,6.231656995422458e-06,200.0
5,I4,N2,0.0,0.0,3.314488240982921e-05,200.0,199.99996685511758,3.1158290140801235e-08,6.231656995422384e-06,200.0
5,I4,N3,0.0,0.0,3.314936255675853e-05,200.0,199.99996685063743,3.1158290141500606e-08,6.231656995422664e-06,200.0
5,I4,N4,0.0,0.0,3.315544707126345e-05,200.0,199.99996684455292,3.115829014245042e-08,6.231656995423044e-06,200.0
5,I4,N5,0.0,0.0,3.315117993856243e-05,200.0,199.99996684882007,3.11582901417843e-08,6.231656995422778e-06,200.0
5,I4,N6,0.0,0.0,3.31537837907404e-05,200.0,199.9999668462162,3.115829014219077e-08,6.23165699542294e-06,200.0
5,I4,N7,0.0,0.0,3.3142839944544096e-05,200.0,199.99996685716005,3.11582901404824e-08,6.231656995422257e-06,200.0
5,I4,N8,0.0,0.0,3.3150429854533566e-05,68.45621400479902,68.45618085436917,9.115131318659144e-08,6.239870780614548e-06,54.186126329115666
5,I4,N9,0.0,0.0,3.315161715342263e-05,200.0,199.99996684838285,3.1158290141852555e-08,6.231656995422805e-06,200.0
6,I1,N1,0.0,0.0,3.443299031785037e-07,200.0,199.9999996556701,0.0,0.0,200.0
6,I1,N2,0.0,0.0,3.647398802047673e-07,200.0,199.9999996352601,0.0,0.0,200.0
6,I1,N3,0.0,0.0,3.826521475437966e-07,200.0,199.99999961734784,0.0,0.0,200.0
6,I1,N4,0.0,0.0,3.6776070419252277e-07,200.0,199.9999996322393,0.0,0.0,200.0
6,I1,N5,0.0,0.0,3.646982156669899e-07,200.0,199.99999963530178,0.0,0.0,200.0
6,I1,N6,0.0,0.0,3.659911930393489e-07,200.0,199.99999963400882,0.0,0.0,200.0
6,I1,N7,0.0,0.0,3.6473749394785886e-07,200.0,199.9999996352625,0.0,0.0,200.0
6,I1,N8,87.91966715853496,253.90083180950046,108.54841671517865,135.22954363543607,26.681126920257427,0.0,0.0,43.48356057730004
6,I1,N9,0.0,0.0,3.7950602142573047e-07,200.0,199.99999962049398,0.0,0.0,200.0
6,I2,N1,0.0,0.0,2.9651017226880907e-07,200.0,199.99999970348983,0.0,0.0,200.0
6,I2,N2,0.0,0.0,2.9622297396182394e-07,200.0,199.99999970377704,0.0,0.0,200.0
6,I2,N3,0.0,0.0,2.9509999193516245e-07,200.0,199.9999997049,0.0,0.0,200.0
6,I2,N4,0.0,0.0,2.964867546343007e-07,200.0,199.99999970351325,0.0,0.0,200.0
6,I2,N5,0.0,0.0,2.968570699682305e-07,200.0,199.99999970314292,0.0,0.0,200.0
6,I2,N6,0.0,0.0,2.950959534561551e-07,200.0,199.99999970490404,0.0,0.0,200.0
6,I2,N7,0.0,0.0,2.959276913464988e-07,200.0,199.9999997040723,0.0,0.0,200.0
6,I2,N8,68.596772264165,159.01673563750066,80.07571996296824,118.9565826936796,38.88086273071136,0.0,0.0,43.48356057730004
6,I2,N9,0.0,0.0,2.9509977306465356e-07,200.0,199.99999970490023,0.0,0.0,200.0
6,I3,N1,0.0,0.0,6.815353763299367e-06,200.0,199.99999318464623,-1.64996244400459e-07,-3.299924775558403e-05,200.0
6,I3,N2,0.0,0.0,6.836347144356496e-06,200.0,199.99999316365285,-1.6602353949771457e-07,-3.3204706764548364e-05,200.0
6,I3,N3,0.0,0.0,7.326622459705428e-06,200.0,199.99999267337753,-1.7297069936300993e-07,-3.459413860531097e-05,200.0
6,I3,N4,0.0,0.0,6.814552783240615e-06,200.0,199.9999931854472,-1.650157414192317e-07,-3.300314715933786e-05,200.0
6,I3,N5,0.0,0.0,6.816888533769249e-06,200.0,199.99999318311146,-1.6532454700562613e-07,-3.306490827412621e-05,200.0
6,I3,N6,0.0,0.0,7.008285648538763e-06,200.0,199.99999299171435,-1.6886201332216172e-07,-3.3772401480999116e-05,200.0
6,I3,N7,0.0,0.0,6.836689507063462e-06,200.0,199.9999931633105,-1.6603453192531805e-07,-3.320690524993707e-05,200.0
6,I3,N8,0.0,0.0,7.979654371669263e-06,54.186126329115666,54.186118349461296,-1.5178825940351617e-07,-8.224816588097659e-06,43.48356057730004
6,I3,N9,0.0,0.0,7.353569549439773e-06,200.0,199.99999264643046,-1.7338491862391137e-07,-3.4676982449784217e-05,200.0
6,I4,N1,0.0,0.0,1.6043793101260103e-06,200.0,199.99999839562068,0.0,0.0,200.0
6,I4,N2,0.0,0.0,1.6221272541329046e-06,200.0,199.99999837787274,0.0,0.0,200.0
6,I4,N3,0.0,0.0,1.7232416938951853e-06,200.0,199.9999982767583,0.0,0.0,200.0
6,I4,N4,0.0,0.0,1.60647872175292e-06,200.0,199.99999839352128,0.0,0.0,200.0
6,I4,N5,0.0,0.0,1.6220564577075883e-06,200.0,199.99999837794354,0.0,0.0,200.0
6,I4,N6,0.0,0.0,1.7241192570853644e-06,200.0,199.99999827588076,0.0,0.0,200.0
6,I4,N7,0.0,0.0,1.621938063381605e-06,200.0,199.99999837806195,0.0,0.0,200.0
6,I4,N8,0.0,0.0,1.7245763692481772e-06,54.186126329115666,54.186124604539295,0.0,0.0,43.48356057730004
6,I4,N9,0.0,0.0,1.7234168771364776e-06,200.0,199.9999982765831,0.0,0.0,200.0
7,I1,N1,0.0,0.0,4.4309791378805504e-07,200.0,199.99999955690208,0.0,0.0,200.0
7,I1,N2,0.0,0.0,4.431307550520777e-07,200.0,199.99999955686926,0.0,0.0,200.0
7,I1,N3,0.0,0.0,4.3810776419788e-07,200.0,199.99999956189222,0.0,0.0,200.0
7,I1,N4,0.0,0.0,4.4308397821175813e-07,200.0,199.999999556916,0.0,0.0,200.0
7,I1,N5,0.0,0.0,4.4315371088833333e-07,200.0,199.9999995568463,0.0,0.0,200.0
7,I1,N6,0.0,0.0,4.4854233921013244e-07,200.0,199.99999955145765,0.0,0.0,200.0
7,I1,N7,0.0,0.0,4.430660539519825e-07,200.0,199.99999955693394,0.0,0.0,200.0
7,I1,N8,93.07685454331771,273.3620503657513,108.5484166976659,131.403227735835,22.854811038169103,0.0,0.0,28.33216853485021
7,I1,N9,0.0,0.0,3.6869724805292297e-07,200.0,199.99999963130276,0.0,0.0,200.0
7,I2,N1,0.0,0.0,8.04095352319531e-08,200.0,199.99999991959046,0.0,0.0,200.0
7,I2,N2,0.0,0.0,2.6147817949934503e-07,200.0,199.9999997385218,0.0,0.0,200.0
7,I2,N3,0.0,0.0,8.392747625602774e-08,200.0,199.9999999160725,0.0,0.0,200.0
7,I2,N4,0.0,0.0,1.282160103127176e-07,200.0,199.99999987178398,0.0,0.0,200.0
7,I2,N5,0.0,0.0,2.6009509012504756e-07,200.0,199.99999973990492,0.0,0.0,200.0
7,I2,N6,0.0,0.0,2.610603157176395e-07,200.0,199.9999997389397,0.0,0.0,200.0
7,I2,N7,0.0,0.0,2.6146545578017584e-07,200.0,199.99999973853454,0.0,0.0,200.0
7,I2,N8,78.59097692183207,197.64747780669654,108.57359089483327,112.08033284146504,3.506741946631763,2.5921571924025212e-08,9.090026358861143e-08,28.33216853485021
7,I2,N9,0.0,0.0,2.0416543922871357e-07,200.0,199.99999979583455,0.0,0.0,200.0
7,I3,N1,0.0,0.0,7.044080654996218e-06,200.0,199.99999295591934,0.0,0.0,200.0
7,I3,N2,0.0,0.0,7.0732625393886215e-06,200.0,199.99999292673746,0.0,0.0,200.0
7,I3,N3,0.0,0.0,7.110701040501843e-06,200.0,199.99999288929897,0.0,0.0,200.0
7,I3,N4,0.0,0.0,7.043896614838745e-06,200.0,199.9999929561034,0.0,0.0,200.0
7,I3,N5,0.0,0.0,7.0545111860104055e-06,200.0,199.99999294548883,0.0,0.0,200.0
7,I3,N6,0.0,0.0,7.110272625481697e-06,200.0,199.99999288972737,0.0,0.0,200.0
7,I3,N7,0.0,0.0,7.09083259766626e-06,200.0,199.9999929091674,0.0,0.0,200.0
7,I3,N8,0.0,0.0,7.045937447416216e-06,43.48356057730004,43.483553531362595,4.240942504059059e-08,1.8441125039868304e-06,28.33216853485021
7,I3,N9,0.0,0.0,7.110673668251831e-06,200.0,199.99999288932634,0.0,0.0,200.0
7,I4,N1,0.0,0.0,1.1433463254964783e-06,200.0,199.99999885665366,0.0,0.0,200.0
7,I4,N2,0.0,0.0,1.1503971031528374e-06,200.0,199.9999988496029,0.0,0.0,200.0
7,I4,N3,0.0,0.0,1.3267154815400734e-06,200.0,199.99999867328452,0.0,0.0,200.0
7,I4,N4,0.0,0.0,1.1487687684970928e-06,200.0,199.99999885123123,0.0,0.0,200.0
7,I4,N5,0.0,0.0,1.138171262146413e-06,200.0,199.99999886182874,0.0,0.0,200.0
7,I4,N6,0.0,0.0,1.3703190988178273e-06,200.0,199.9999986296809,0.0,0.0,200.0
7,I4,N7,0.0,0.0,1.1142688775363825e-06,200.0,199.99999888573112,0.0,0.0,200.0
7,I4,N8,0.0,0.0,1.1197753157400597e-06,43.48356057730004,43.48355945752473,0.0,0.0,28.33216853485021
7,I4,N9,0.0,0.0,1.3275757326784273e-06,200.0,199.99999867242425,0.0,0.0,200.0
8,I1,N1,0.0,0.0,3.05999822209391e-07,200.0,199.99999969400017,0.0,0.0,200.0
8,I1,N2,0.0,0.0,3.0604790211125897e-07,200.0,199.9999996939521,0.0,0.0,200.0
8,I1,N3,0.0,0.0,3.0610004739443787e-07,200.0,199.99999969389995,0.0,0.0,200.0
8,I1,N4,0.0,0.0,3.060169813920818e-07,200.0,199.99999969398303,0.0,0.0,200.0
8,I1,N5,0.0,0.0,3.060468885961082e-07,200.0,199.9999996939531,0.0,0.0,200.0
8,I1,N6,0.0,0.0,3.0665397978792735e-07,200.0,199.999999693346,0.0,0.0,200.0
8,I1,N7,0.0,0.0,3.06037791213748e-07,200.0,199.9999996939622,0.0,0.0,200.0
8,I1,N8,96.9448479414025,291.1523161622705,108.54882813565688,121.40902307816793,12.860194942511058,0.0,0.0,17.381132736672214
8,I1,N9,0.0,0.0,3.0612068484391294e-07,200.0,199.99999969387932,0.0,0.0,200.0
8,I2,N1,0.0,0.0,3.434786817497194e-07,200.0,199.9999996565213,0.0,0.0,200.0
8,I2,N2,0.0,0.0,3.4347737772246713e-07,200.0,199.99999965652262,0.0,0.0,200.0
8,I2,N3,0.0,0.0,3.5041336408217024e-07,200.0,199.99999964958664,0.0,0.0,200.0
8,I2,N4,0.0,0.0,3.434783566921206e-07,200.0,199.99999965652165,0.0,0.0,200.0
8,I2,N5,0.0,0.0,3.4347837695317596e-07,200.0,199.99999965652162,0.0,0.0,200.0
8,I2,N6,0.0,0.0,3.4407382908140257e-07,200.0,199.99999965592616,0.0,0.0,200.0
8,I2,N7,0.0,0.0,3.434771470389966e-07,200.0,199.99999965652285,0.0,0.0,200.0
8,I2,N8,85.67401932192527,230.92837783095797,106.92314652220487,106.92314545668229,0.0,24.51122379107796,0.0,17.381132736672214
8,I2,N9,0.0,0.0,3.5951954580124295e-07,200.0,199.99999964048047,0.0,0.0,200.0
8,I3,N1,0.0,0.0,3.192378916688488e-07,200.0,199.9999996807621,0.0,0.0,200.0
8,I3,N2,0.0,0.0,3.189215620060185e-07,200.0,199.99999968107844,0.0,0.0,200.0
8,I3,N3,0.0,0.0,3.2203464684322384e-07,200.0,199.99999967796535,0.0,0.0,200.0
8,I3,N4,0.0,0.0,3.187773510308444e-07,200.0,199.99999968122265,0.0,0.0,200.0
8,I3,N5,0.0,0.0,3.120326378251826e-07,200.0,199.99999968796737,0.0,0.0,200.0
8,I3,N6,0.0,0.0,3.188992798316022e-07,200.0,199.99999968110072,0.0,0.0,200.0
8,I3,N7,0.0,0.0,3.19016844999591e-07,200.0,199.99999968098317,0.0,0.0,200.0
8,I3,N8,0.0,0.0,3.335888217431818e-07,28.33216853485021,28.33216820126139,0.0,0.0,17.381132736672214
8,I3,N9,0.0,0.0,3.2240955404955075e-07,200.0,199.99999967759044,0.0,0.0,200.0
8,I4,N1,0.0,0.0,2.1869329264836422e-06,200.0,199.99999781306707,0.0,0.0,200.0
8,I4,N2,0.0,0.0,2.186929911699435e-06,200.0,199.99999781307008,0.0,0.0,200.0
8,I4,N3,0.0,0.0,2.188132637973511e-06,200.0,199.99999781186736,0.0,0.0,200.0
8,I4,N4,0.0,0.0,2.186931446926358e-06,200.0,199.99999781306855,0.0,0.0,200.0
8,I4,N5,0.0,0.0,2.1869323997804884e-06,200.0,199.9999978130676,0.0,0.0,200.0
8,I4,N6,0.0,0.0,2.2081442927979455e-06,200.0,199.99999779185572,0.0,0.0,200.0
8,I4,N7,0.0,0.0,2.186933306321185e-06,200.0,199.9999978130667,0.0,0.0,200.0
8,I4,N8,0.0,0.0,2.187718749633471e-06,28.33216853485021,28.332166347131462,1.1194566378822918e-08,3.17166316828816e-07,17.381132736672214
8,I4,N9,0.0,0.0,2.188286781751167e-06,200.0,199.99999781171323,0.0,0.0,200.0
9,I1,N1,0.0,0.0,2.9803831318168296e-07,200.0,199.99999970196168,0.0,0.0,200.0
9,I1,N2,0.0,0.0,2.981900033004754e-07,200.0,199.99999970181,0.0,0.0,200.0
9,I1,N3,0.0,0.0,2.989062359237865e-07,200.0,199.99999970109377,0.0,0.0,200.0
9,I1,N4,0.0,0.0,2.980291573491067e-07,200.0,199.99999970197084,0.0,0.0,200.0
9,I1,N5,0.0,0.0,2.9805711672719264e-07,200.0,199.9999997019429,0.0,0.0,200.0
9,I1,N6,0.0,0.0,2.9901815364632924e-07,200.0,199.99999970098185,0.0,0.0,200.0
9,I1,N7,0.0,0.0,2.9819164449160154e-07,200.0,199.99999970180835,0.0,0.0,200.0
9,I1,N8,101.29013140998987,310.23066961099846,114.32598181575194,114.32598067807473,0.0,16.284384051735532,0.0,8.690565844378284
9,I1,N9,0.0,0.0,2.9890145119040716e-07,200.0,199.99999970109855,0.0,0.0,200.0
9,I2,N1,0.0,0.0,5.880063629631862e-06,200.0,199.99999411993636,0.0,0.0,200.0
9,I2,N2,0.0,0.0,5.875934947816353e-06,200.0,199.99999412406504,0.0,0.0,200.0
9,I2,N3,0.0,0.0,5.879715065751715e-06,200.0,199.99999412028492,0.0,0.0,200.0
9,I2,N4,0.0,0.0,5.880035812053758e-06,200.0,199.99999411996419,0.0,0.0,200.0
9,I2,N5,0.0,0.0,5.879373355429285e-06,200.0,199.99999412062664,0.0,0.0,200.0
9,I2,N6,0.0,0.0,5.878758658092341e-06,200.0,199.99999412124134,0.0,0.0,200.0
9,I2,N7,0.0,0.0,5.876064846570541e-06,200.0,199.99999412393515,0.0,0.0,200.0
9,I2,N8,90.01930274563183,249.63815922499168,103.0551530167515,103.0551520585975,0.0,25.483118741047395,0.0,8.690565844378284
9,I2,N9,0.0,0.0,5.879712567926535e-06,200.0,199.99999412028743,0.0,0.0,200.0
9,I3,N1,0.0,0.0,4.6003235531127443e-07,200.0,199.99999953996763,0.0,0.0,200.0
9,I3,N2,0.0,0.0,3.729992431751983e-07,200.0,199.99999962700076,0.0,0.0,200.0
9,I3,N3,0.0,0.0,4.7054210821293074e-07,200.0,199.99999952945788,0.0,0.0,200.0
9,I3,N4,0.0,0.0,4.598185706400486e-07,200.0,199.99999954018142,0.0,0.0,200.0
9,I3,N5,0.0,0.0,4.5568342921322176e-07,200.0,199.99999954431658,0.0,0.0,200.0
9,I3,N6,0.0,0.0,4.703572277752614e-07,200.0,199.99999952964276,0.0,0.0,200.0
9,I3,N7,0.0,0.0,3.757692984625292e-07,200.0,199.9999996242307,0.0,0.0,200.0
9,I3,N8,0.0,0.0,4.7114841445109533e-07,17.381132736672214,17.3811322655238,0.0,0.0,8.690565844378284
9,I3,N9,0.0,0.0,4.705426509268544e-07,200.0,199.99999952945734,0.0,0.0,200.0
9,I4,N1,0.0,0.0,1.1691793323198993e-06,200.0,199.99999883082066,0.0,0.0,200.0
9,I4,N2,0.0,0.0,1.2152889153592709e-06,200.0,199.9999987847111,0.0,0.0,200.0
9,I4,N3,0.0,0.0,1.1425646918604635e-06,200.0,199.99999885743532,0.0,0.0,200.0
9,I4,N4,0.0,0.0,1.1699362692490958e-06,200.0,199.99999883006373,0.0,0.0,200.0
9,I4,N5,0.0,0.0,1.1438971165103573e-06,200.0,199.99999885610288,0.0,0.0,200.0
9,I4,N6,0.0,0.0,1.1562167581036839e-06,200.0,199.99999884378323,0.0,0.0,200.0
9,I4,N7,0.0,0.0,1.235371851162308e-06,200.0,199.99999876462815,0.0,0.0,200.0
9,I4,N8,0.0,0.0,1.1699937255281511e-06,17.381132736672214,17.381131566678487,1.8181626258085582e-08,3.1601723808796176e-07,8.690565844378284
9,I4,N9,0.0,0.0,1.1707819748185044e-06,200.0,199.99999882921801,0.0,0.0,200.0
10,I1,N1,0.0,0.0,4.1273368819160023e-07,200.0,199.9999995872663,0.0,0.0,200.0
10,I1,N2,0.0,0.0,4.0739490310663715e-07,200.0,199.9999995926051,0.0,0.0,200.0
10,I1,N3,0.0,0.0,4.1254565837929627e-07,200.0,199.99999958745434,0.0,0.0,200.0
10,I1,N4,0.0,0.0,4.1273256387688424e-07,200.0,199.99999958726744,0.0,0.0,200.0
10,I1,N5,0.0,0.0,4.1250358118552916e-07,200.0,199.99999958749643,0.0,0.0,200.0
10,I1,N6,0.0,0.0,4.10906689139859e-07,200.0,199.9999995890933,0.0,0.0,200.0
10,I1,N7,0.0,0.0,4.085468117721444e-07,200.0,199.9999995914532,0.0,0.0,200.0
10,I1,N8,103.46277314473741,328.65272967838064,109.98069834898001,109.98069725436817,0.0,17.4989467522517,0.0,4.3452824026391
10,I1,N9,0.0,0.0,4.0575488136821445e-07,200.0,199.9999995942451,0.0,0.0,200.0
10,I2,N1,0.0,0.0,2.6330823015478445e-07,200.0,199.99999973669176,0.0,0.0,200.0
10,I2,N2,0.0,0.0,2.6408781471614226e-07,200.0,199.99999973591218,0.0,0.0,200.0
10,I2,N3,0.0,0.0,2.581039919494326e-07,200.0,199.999999741896,0.0,0.0,200.0
10,I2,N4,0.0,0.0,2.6335348257918087e-07,200.0,199.99999973664652,0.0,0.0,200.0
10,I2,N5,0.0,0.0,2.640863071181282e-07,200.0,199.9999997359137,0.0,0.0,200.0
10,I2,N6,0.0,0.0,2.6409706781127253e-07,200.0,199.99999973590292,0.0,0.0,200.0
10,I2,N7,0.0,0.0,2.6407644143080384e-07,200.0,199.99999973592355,0.0,0.0,200.0
10,I2,N8,92.1919444526235,260.14911711842,98.70986957359851,98.70986859001013,0.0,25.89771356561272,0.0,4.3452824026391
10,I2,N9,0.0,0.0,2.5948610860254135e-07,200.0,199.99999974051389,0.0,0.0,200.0
10,I3,N1,0.0,0.0,8.227355857734933e-06,200.0,199.99999177264414,0.0,0.0,200.0
10,I3,N2,0.0,0.0,8.197444533422479e-06,200.0,199.99999180255546,0.0,0.0,200.0
10,I3,N3,0.0,0.0,8.55105115024302e-06,200.0,199.99999144894886,0.0,0.0,200.0
10,I3,N4,0.0,0.0,8.227117021421088e-06,200.0,199.99999177288296,0.0,0.0,200.0
10,I3,N5,0.0,0.0,8.222935583921449e-06,200.0,199.99999177706442,0.0,0.0,200.0
10,I3,N6,0.0,0.0,8.314250913463396e-06,200.0,199.99999168574908,0.0,0.0,200.0
10,I3,N7,0.0,0.0,8.197995614615588e-06,200.0,199.9999918020044,0.0,0.0,200.0
10,I3,N8,0.0,0.0,8.51189735274888e-06,8.690565844378284,8.690557332480932,2.0936343801279909e-07,1.819484961375548e-06,4.3452824026391
10,I3,N9,0.0,0.0,8.568045629592315e-06,200.0,199.99999143195436,0.0,0.0,200.0
10,I4,N1,0.0,0.0,1.1398436642832496e-06,200.0,199.99999886015632,0.0,0.0,200.0
10,I4,N2,0.0,0.0,1.1398569839171683e-06,200.0,199.99999886014302,0.0,0.0,200.0
10,I4,N3,0.0,0.0,1.1702059789627412e-06,200.0,199.999998829794,0.0,0.0,200.0
10,I4,N4,0.0,0.0,1.1398434230641286e-06,200.0,199.99999886015658,0.0,0.0,200.0
10,I4,N5,0.0,0.0,1.1398586703064577e-06,200.0,199.99999886014132,0.0,0.0,200.0
10,I4,N6,0.0,0.0,1.1397975016868192e-06,200.0,199.9999988602025,0.0,0.0,200.0
10,I4,N7,0.0,0.0,1.139859062970669e-06,200.0,199.99999886014095,0.0,0.0,200.0
10,I4,N8,0.0,0.0,1.1440805479247565e-06,8.690565844378284,8.690564700297736,3.633236660616212e-08,3.1574878270578875e-07,4.3452824026391
10,I4,N9,0.0,0.0,1.1402982819170323e-06,200.0,199.99999885970172,0.0,0.0,200.0
11,I1,N1,0.0,0.0,2.4338914737751384e-07,200.0,199.99999975661086,0.0,0.0,200.0
11,I1,N2,0.0,0.0,2.1576912977352578e-07,200.0,199.99999978423088,0.0,0.0,200.0
11,I1,N3,0.0,0.0,4.345613857185604e-07,200.0,199.99999956543863,0.0,0.0,200.0
11,I1,N4,0.0,0.0,2.5555979567042043e-07,200.0,199.9999997444402,0.0,0.0,200.0
11,I1,N5,0.0,0.0,2.722335673025879e-07,200.0,199.99999972776644,0.0,0.0,200.0
11,I1,N6,0.0,0.0,5.071842730133406e-07,200.0,199.99999949281573,0.0,0.0,200.0
11,I1,N7,0.0,0.0,2.1859474720464677e-07,200.0,199.99999978140525,0.0,0.0,200.0
11,I1,N8,104.5490940144427,341.78509117006,107.80805662355857,107.8080555473765,0.0,48.85480265458277,0.0,2.1726406918066914
11,I1,N9,0.0,0.0,4.496317138888407e-07,200.0,199.99999955036827,0.0,0.0,200.0
11,I2,N1,0.0,0.0,2.3453106553849513e-07,200.0,199.99999976546894,0.0,0.0,200.0
11,I2,N2,0.0,0.0,2.4585873195564624e-07,200.0,199.99999975414127,0.0,0.0,200.0
11,I2,N3,0.0,0.0,2.4586550265332684e-07,200.0,199.9999997541345,0.0,0.0,200.0
11,I2,N4,0.0,0.0,2.4585626311131093e-07,200.0,199.99999975414374,0.0,0.0,200.0
11,I2,N5,0.0,0.0,2.458570174165589e-07,200.0,199.99999975414298,0.0,0.0,200.0
11,I2,N6,0.0,0.0,2.464006765015681e-07,200.0,199.99999975359933,0.0,0.0,200.0
11,I2,N7,0.0,0.0,2.458587540839349e-07,200.0,199.99999975414124,0.0,0.0,200.0
11,I2,N8,93.27826529375062,265.9023225500016,96.53722781713198,96.53722685526259,0.0,25.952678424204283,0.0,2.1726406918066914
11,I2,N9,0.0,0.0,2.4586550388247843e-07,200.0,199.9999997541345,0.0,0.0,200.0
11,I3,N1,0.0,0.0,6.87556201453521e-07,200.0,199.9999993124438,0.0,0.0,200.0
11,I3,N2,0.0,0.0,6.406226852964705e-07,200.0,199.9999993593773,0.0,0.0,200.0
11,I3,N3,0.0,0.0,5.955632973677002e-07,200.0,199.9999994044367,0.0,0.0,200.0
11,I3,N4,0.0,0.0,6.891030868759377e-07,200.0,199.99999931089692,0.0,0.0,200.0
11,I3,N5,0.0,0.0,7.021920530131812e-07,200.0,199.99999929780796,0.0,0.0,200.0
11,I3,N6,0.0,0.0,5.859874576839718e-07,200.0,199.99999941401254,0.0,0.0,200.0
11,I3,N7,0.0,0.0,6.401802335340982e-07,200.0,199.99999935981975,0.0,0.0,200.0
11,I3,N8,0.0,0.0,6.650070857608815e-07,4.3452824026391,4.345281737632014,2.0489645754793947e-08,8.903328350885546e-08,2.1726406918066914
11,I3,N9,0.0,0.0,5.95553963106363e-07,200.0,199.99999940444604,0.0,0.0,200.0
11,I4,N1,0.0,0.0,2.1748307003482007e-06,200.0,199.9999978251693,0.0,0.0,200.0
11,I4,N2,0.0,0.0,2.176216868444013e-06,200.0,199.99999782378313,0.0,0.0,200.0
11,I4,N3,0.0,0.0,2.133377697985173e-06,200.0,199.9999978666223,0.0,0.0,200.0
11,I4,N4,0.0,0.0,2.1748319989049574e-06,200.0,199.999997825168,0.0,0.0,200.0
11,I4,N5,0.0,0.0,2.165920149739979e-06,200.0,199.99999783407986,0.0,0.0,200.0
11,I4,N6,0.0,0.0,2.070967948676812e-06,200.0,199.99999792903205,0.0,0.0,200.0
11,I4,N7,0.0,0.0,2.176240535372625e-06,200.0,199.99999782375946,0.0,0.0,200.0
11,I4,N8,0.0,0.0,2.149019976815512e-06,4.3452824026391,4.345280253619123,7.06795584312941e-08,3.071224895860212e-07,2.1726406918066914
11,I4,N9,0.0,0.0,2.136515012983642e-06,200.0,199.999997863485,0.0,0.0,200.0
12,I1,N1,0.0,0.0,5.024732156856628e-07,200.0,199.99999949752677,0.0,0.0,200.0
12,I1,N2,0.0,0.0,5.350964330808947e-07,200.0,199.99999946490357,0.0,0.0,200.0
12,I1,N3,0.0,0.0,5.19689190846925e-07,200.0,199.9999994803108,0.0,0.0,200.0
12,I1,N4,0.0,0.0,5.025990723128973e-07,200.0,199.99999949740092,0.0,0.0,200.0
12,I1,N5,0.0,0.0,5.158889871422188e-07,200.0,199.99999948411102,0.0,0.0,200.0
12,I1,N6,0.0,0.0,4.896201103138349e-07,200.0,199.9999995103799,0.0,0.0,200.0
12,I1,N7,0.0,0.0,5.347478993624307e-07,200.0,199.9999994652521,0.0,0.0,200.0
12,I1,N8,105.09225445372182,351.12596413256335,106.72173577155917,106.72173470624938,0.0,49.311722446724296,0.0,1.0863198418302318
12,I1,N9,0.0,0.0,4.900707182075437e-07,200.0,199.9999995099293,0.0,0.0,200.0
12,I2,N1,0.0,0.0,4.857913309936903e-07,200.0,199.99999951420867,0.0,0.0,200.0
12,I2,N2,0.0,0.0,4.857894532505871e-07,200.0,199.99999951421054,0.0,0.0,200.0
12,I2,N3,0.0,0.0,4.857831842913612e-07,200.0,199.99999951421682,0.0,0.0,200.0
12,I2,N4,0.0,0.0,4.857913747259367e-07,200.0,199.99999951420864,0.0,0.0,200.0
12,I2,N5,0.0,0.0,4.857927051342101e-07,200.0,199.9999995142073,0.0,0.0,200.0
12,I2,N6,0.0,0.0,4.85789622227654e-07,200.0,199.99999951421037,0.0,0.0,200.0
12,I2,N7,0.0,0.0,4.857835205883016e-07,200.0,199.99999951421648,0.0,0.0,200.0
12,I2,N8,93.82142570444795,268.8733640281269,95.45090693653992,95.4509059855573,0.0,25.779303414300703,0.0,1.0863198418302318
12,I2,N9,0.0,0.0,4.857836516955995e-07,200.0,199.99999951421634,0.0,0.0,200.0
12,I3,N1,0.0,0.0,9.802650422857982e-06,200.0,199.99999019734958,0.0,0.0,200.0
12,I3,N2,0.0,0.0,9.609125428883828e-06,200.0,199.99999039087456,0.0,0.0,200.0
12,I3,N3,0.0,0.0,9.159934440917297e-06,200.0,199.99999084006555,0.0,0.0,200.0
12,I3,N4,0.0,0.0,9.803034184674095e-06,200.0,199.99999019696583,0.0,0.0,200.0
12,I3,N5,0.0,0.0,9.802676939601054e-06,200.0,199.99999019732306,0.0,0.0,200.0
12,I3,N6,0.0,0.0,9.149474336804317e-06,200.0,199.99999085052568,0.0,0.0,200.0
12,I3,N7,0.0,0.0,9.699262313430937e-06,200.0,199.9999903007377,0.0,0.0,200.0
12,I3,N8,0.0,0.0,9.2723185334771e-06,2.1726406918066914,2.172631419488158,8.449067013317835e-07,1.8356708458495299e-06,1.0863198418302318
12,I3,N9,0.0,0.0,9.159949158592677e-06,200.0,199.99999084005083,0.0,0.0,200.0
12,I4,N1,0.0,0.0,1.1453298234618629e-06,200.0,199.99999885467017,0.0,0.0,200.0
12,I4,N2,0.0,0.0,1.1479641022441607e-06,200.0,199.9999988520359,0.0,0.0,200.0
12,I4,N3,0.0,0.0,1.4571859022877224e-06,200.0,199.9999985428141,0.0,0.0,200.0
12,I4,N4,0.0,0.0,1.1453266441191946e-06,200.0,199.99999885467335,0.0,0.0,200.0
12,I4,N5,0.0,0.0,1.1456682284823612e-06,200.0,199.99999885433178,0.0,0.0,200.0
12,I4,N6,0.0,0.0,1.2035262528918458e-06,200.0,199.99999879647373,0.0,0.0,200.0
12,I4,N7,0.0,0.0,1.1479490135956425e-06,200.0,199.999998852051,0.0,0.0,200.0
12,I4,N8,0.0,0.0,1.2921126854917992e-06,2.1726406918066914,2.172639399694006,1.4611593581736227e-07,3.174572390799619e-07,1.0863198418302318
12,I4,N9,0.0,0.0,1.457193665957672e-06,200.0,199.99999854280634,0.0,0.0,200.0
13,I1,N1,0.0,0.0,4.783373993103969e-07,200.0,199.9999995216626,0.0,0.0,200.0
13,I1,N2,0.0,0.0,4.82704939655558e-07,200.0,199.99999951729507,0.0,0.0,200.0
13,I1,N3,0.0,0.0,5.725307554079185e-07,200.0,199.99999942746925,0.0,0.0,200.0
13,I1,N4,0.0,0.0,4.790339464786594e-07,200.0,199.99999952096604,0.0,0.0,200.0
13,I1,N5,0.0,0.0,4.80867432862561e-07,200.0,199.99999951913256,0.0,0.0,200.0
13,I1,N6,0.0,0.0,5.75194058306906e-07,200.0,199.99999942480594,0.0,0.0,200.0
13,I1,N7,0.0,0.0,4.827703832892102e-07,200.0,199.9999995172296,0.0,0.0,200.0
13,I1,N8,105.36383467916752,352.7488250353927,106.17857535550462,106.17857429555205,0.0,49.591089733554504,0.0,0.5431594192342004
13,I1,N9,0.0,0.0,5.719787079946066e-07,200.0,199.99999942802128,0.0,0.0,200.0
13,I2,N1,0.0,0.0,3.409863636218088e-07,200.0,199.99999965901364,0.0,0.0,200.0
13,I2,N2,0.0,0.0,3.409877887791825e-07,200.0,199.99999965901222,0.0,0.0,200.0
13,I2,N3,0.0,0.0,3.409922621610278e-07,200.0,199.99999965900773,0.0,0.0,200.0
13,I2,N4,0.0,0.0,3.409863618018999e-07,200.0,199.99999965901364,0.0,0.0,200.0
13,I2,N5,0.0,0.0,3.4098676901001136e-07,200.0,199.99999965901324,0.0,0.0,200.0
13,I2,N6,0.0,0.0,3.409927609413125e-07,200.0,199.99999965900724,0.0,0.0,200.0
13,I2,N7,0.0,0.0,3.409877837268226e-07,200.0,199.99999965901222,0.0,0.0,200.0
13,I2,N8,94.09300590159827,285.78909685808065,94.90774649304927,94.90774554627818,0.0,39.41668074193054,0.0,0.5431594192342004
13,I2,N9,0.0,0.0,3.4099222752822146e-07,200.0,199.99999965900778,0.0,0.0,200.0
13,I3,N1,0.0,0.0,4.893373121231697e-07,200.0,199.9999995106627,0.0,0.0,200.0
13,I3,N2,0.0,0.0,4.895034937470107e-07,200.0,199.9999995104965,0.0,0.0,200.0
13,I3,N3,0.0,0.0,5.067284914559692e-07,200.0,199.9999994932715,0.0,0.0,200.0
13,I3,N4,0.0,0.0,4.893719298725956e-07,200.0,199.99999951062807,0.0,0.0,200.0
13,I3,N5,0.0,0.0,4.893784307586715e-07,200.0,199.99999951062156,0.0,0.0,200.0
13,I3,N6,0.0,0.0,5.132396435090412e-07,200.0,199.99999948676034,0.0,0.0,200.0
13,I3,N7,0.0,0.0,4.894982292909927e-07,200.0,199.99999951050177,0.0,0.0,200.0
13,I3,N8,0.0,0.0,4.990760579131728e-07,1.0863198418302318,1.086319342754174,8.36836569588556e-08,9.090717522680977e-08,0.5431594192342004
13,I3,N9,0.0,0.0,5.069848053831872e-07,200.0,199.9999994930152,0.0,0.0,200.0
13,I4,N1,0.0,0.0,1.1598471004671275e-06,200.0,199.9999988401529,0.0,0.0,200.0
13,I4,N2,0.0,0.0,1.157262343608508e-06,200.0,199.99999884273765,0.0,0.0,200.0
13,I4,N3,0.0,0.0,1.2358868029885282e-06,200.0,199.9999987641132,0.0,0.0,200.0
13,I4,N4,0.0,0.0,1.1600759443718145e-06,200.0,199.99999883992405,0.0,0.0,200.0
13,I4,N5,0.0,0.0,1.1572431129396747e-06,200.0,199.9999988427569,0.0,0.0,200.0
13,I4,N6,0.0,0.0,1.2445545407873992e-06,200.0,199.99999875544546,0.0,0.0,200.0
13,I4,N7,0.0,0.0,1.1566249536166608e-06,200.0,199.99999884337504,0.0,0.0,200.0
13,I4,N8,0.0,0.0,1.2061090798648744e-06,1.0863198418302318,1.0863186357211518,2.921669310728989e-07,3.173863819659474e-07,0.5431594192342004
13,I4,N9,0.0,0.0,1.23570064405818e-06,200.0,199.99999876429936,0.0,0.0,200.0
14,I1,N1,0.0,0.0,3.8481046663740215e-07,200.0,199.99999961518952,0.0,0.0,200.0
14,I1,N2,0.0,0.0,3.6382861803999024e-07,200.0,199.9999996361714,0.0,0.0,200.0
14,I1,N3,0.0,0.0,2.428463819180844e-08,200.0,199.99999997571535,0.0,0.0,200.0
14,I1,N4,0.0,0.0,3.861853885299923e-07,200.0,199.99999961381462,0.0,0.0,200.0
14,I1,N5,0.0,0.0,3.8030884803999785e-07,200.0,199.99999961969115,0.0,0.0,200.0
14,I1,N6,0.0,0.0,3.014226942223184e-07,200.0,199.9999996985773,0.0,0.0,200.0
14,I1,N7,0.0,0.0,3.6455764005106623e-07,200.0,199.99999963544235,0.0,0.0,200.0
14,I1,N8,105.4996247982576,358.96746586478696,105.90699515552785,105.90699409840173,0.0,46.768494531072314,0.0,0.27157920921553114
14,I1,N9,0.0,0.0,1.310202003470115e-07,200.0,199.9999998689798,0.0,0.0,200.0
14,I2,N1,0.0,0.0,3.8339496283001054e-07,200.0,199.99999961660504,0.0,0.0,200.0
14,I2,N2,0.0,0.0,3.816670863002256e-07,200.0,199.9999996183329,0.0,0.0,200.0
14,I2,N3,0.0,0.0,3.82740757590786e-07,200.0,199.99999961725925,0.0,0.0,200.0
14,I2,N4,0.0,0.0,3.833878639111079e-07,200.0,199.99999961661214,0.0,0.0,200.0
14,I2,N5,0.0,0.0,3.826384803903219e-07,200.0,199.9999996173615,0.0,0.0,200.0
14,I2,N6,0.0,0.0,3.821700972254194e-07,200.0,199.9999996178299,0.0,0.0,200.0
14,I2,N7,0.0,0.0,3.816199864754757e-07,200.0,199.99999961838,0.0,0.0,200.0
14,I2,N8,94.22879599252687,285.71262535253516,94.63616626531267,94.63616532083248,0.0,48.31842517108255,0.0,0.27157920921553114
14,I2,N9,0.0,0.0,3.827392759780409e-07,200.0,199.99999961726073,0.0,0.0,200.0
14,I3,N1,0.0,0.0,6.704583910493789e-06,200.0,199.9999932954161,0.0,0.0,200.0
14,I3,N2,0.0,0.0,6.923429229069516e-06,200.0,199.99999307657077,0.0,0.0,200.0
14,I3,N3,0.0,0.0,6.68633506489414e-06,200.0,199.99999331366493,0.0,0.0,200.0
14,I3,N4,0.0,0.0,6.704569553894235e-06,200.0,199.99999329543044,0.0,0.0,200.0
14,I3,N5,0.0,0.0,6.899967499587155e-06,200.0,199.9999931000325,0.0,0.0,200.0
14,I3,N6,0.0,0.0,6.6972164645412376e-06,200.0,199.99999330278354,0.0,0.0,200.0
14,I3,N7,0.0,0.0,6.9647756705077715e-06,200.0,199.99999303522432,0.0,0.0,200.0
14,I3,N8,0.0,0.0,6.6771323160671976e-06,0.5431594192342004,0.5431527421018844,3.396364188582646e-06,1.8447445222053056e-06,0.27157920921553114
14,I3,N9,0.0,0.0,6.686327766753799e-06,200.0,199.99999331367223,0.0,0.0,200.0
14,I4,N1,0.0,0.0,1.4763730723418402e-06,200.0,199.9999985236269,-2.7019003361477815e-08,-5.403800632405434e-06,200.0
14,I4,N2,0.0,0.0,1.1727448773259479e-06,200.0,199.99999882725513,-2.1429193520895214e-08,-4.285838679048066e-06,200.0
14,I4,N3,0.0,0.0,1.1552286068033982e-06,200.0,199.9999988447714,-2.1085131816174738e-08,-4.2170263388768e-06,200.0
14,I4,N4,0.0,0.0,1.4689589752370597e-06,200.0,199.99999853104103,-2.6834052307895944e-08,-5.366810422161067e-06,200.0
14,I4,N5,0.0,0.0,1.2361887640539196e-06,200.0,199.99999876381125,-2.2577576843494906e-08,-4.5155153407888345e-06,200.0
14,I4,N6,0.0,0.0,1.156297242564579e-06,200.0,199.99999884370277,-2.111762964048844e-08,-4.223525903679431e-06,200.0
14,I4,N7,0.0,0.0,1.1727385043511076e-06,200.0,199.9999988272615,-2.1429073756516525e-08,-4.285814726172605e-06,200.0
14,I4,N8,0.0,0.0,1.1549080863141447e-06,0.5431594192342004,0.5431582643261141,5.616875346812039e-07,3.0508522643105674e-07,0.27157920921553114
14,I4,N9,0.0,0.0,1.1552285231202552e-06,200.0,199.99999884477148,-2.1085129909893656e-08,-4.217025957620588e-06,200.0
15,I1,N1,0.0,0.0,4.482022589978259e-07,200.0,199.99999955179774,0.0,0.0,200.0
15,I1,N2,0.0,0.0,4.4261406892261857e-07,200.0,199.99999955738593,0.0,0.0,200.0
15,I1,N3,0.0,0.0,4.301236918519222e-07,200.0,199.9999995698763,0.0,0.0,200.0
15,I1,N4,0.0,0.0,4.4783287252796283e-07,200.0,199.99999955216714,0.0,0.0,200.0
15,I1,N5,0.0,0.0,4.455500965937945e-07,200.0,199.99999955444991,0.0,0.0,200.0
15,I1,N6,0.0,0.0,4.3031294057640133e-07,200.0,199.99999956968705,0.0,0.0,200.0
15,I1,N7,0.0,0.0,4.455062422791274e-07,200.0,199.99999955449377,0.0,0.0,200.0
15,I1,N8,105.56751986450894,363.5678967755906,105.771205063263,105.77120400747313,0.0,47.75597838804717,0.0,0.13578910476695683
15,I1,N9,0.0,0.0,4.301477223953266e-07,200.0,199.99999956985226,0.0,0.0,200.0
15,I2,N1,0.0,0.0,2.8580630909847906e-07,200.0,199.99999971419368,0.0,0.0,200.0
15,I2,N2,0.0,0.0,2.85859678160706e-07,200.0,199.99999971414033,0.0,0.0,200.0
15,I2,N3,0.0,0.0,2.8585964144452603e-07,200.0,199.99999971414036,0.0,0.0,200.0
15,I2,N4,0.0,0.0,2.8580580831082666e-07,200.0,199.9999997141942,0.0,0.0,200.0
15,I2,N5,0.0,0.0,2.8591176086998265e-07,200.0,199.99999971408823,0.0,0.0,200.0
15,I2,N6,0.0,0.0,2.858661775745278e-07,200.0,199.99999971413382,0.0,0.0,200.0
15,I2,N7,0.0,0.0,2.858504854002718e-07,200.0,199.9999997141495,0.0,0.0,200.0
15,I2,N8,94.29669103072409,301.59825436670593,94.50037614531577,94.5003752017424,0.0,63.555999215913346,0.0,0.13578910476695683
15,I2,N9,0.0,0.0,2.858581678308698e-07,200.0,199.99999971414184,0.0,0.0,200.0
15,I3,N1,0.0,0.0,2.999421285690662e-07,200.0,199.99999970005788,0.0,0.0,200.0
15,I3,N2,0.0,0.0,2.9950297353238063e-07,200.0,199.99999970049703,0.0,0.0,200.0
15,I3,N3,0.0,0.0,3.015910184282754e-07,200.0,199.99999969840897,0.0,0.0,200.0
15,I3,N4,0.0,0.0,2.9951474376599854e-07,200.0,199.99999970048526,0.0,0.0,200.0
15,I3,N5,0.0,0.0,2.995388763440896e-07,200.0,199.99999970046113,0.0,0.0,200.0
15,I3,N6,0.0,0.0,3.014986641651567e-07,200.0,199.99999969850134,0.0,0.0,200.0
15,I3,N7,0.0,0.0,2.9951463874738535e-07,200.0,199.99999970048538,0.0,0.0,200.0
15,I3,N8,0.0,0.0,3.016107601840743e-07,0.27157920921553114,0.27157890760477094,3.3474190166794097e-07,9.090883998452305e-08,0.13578910476695683
15,I3,N9,0.0,0.0,3.01574355199969e-07,200.0,199.99999969842565,0.0,0.0,200.0
15,I4,N1,0.0,0.0,1.3248824939269238e-06,200.0,199.9999986751175,0.0,0.0,200.0
15,I4,N2,0.0,0.0,1.3440406190890022e-06,200.0,199.9999986559594,0.0,0.0,200.0
15,I4,N3,0.0,0.0,1.2976284802267518e-06,200.0,199.99999870237153,0.0,0.0,200.0
15,I4,N4,0.0,0.0,1.3258761187909209e-06,200.0,199.99999867412387,0.0,0.0,200.0
15,I4,N5,0.0,0.0,1.3274682377260083e-06,200.0,199.99999867253177,0.0,0.0,200.0
15,I4,N6,0.0,0.0,1.2832280262977809e-06,200.0,199.99999871677198,0.0,0.0,200.0
15,I4,N7,0.0,0.0,1.5457942114636135e-06,200.0,199.99999845420578,0.0,0.0,200.0
15,I4,N8,0.0,0.0,1.3030610381708442e-06,0.27157920921553114,0.27157790615449295,1.168698939410208e-06,3.1739281089000096e-07,0.13578910476695683
15,I4,N9,0.0,0.0,1.2965470893916401e-06,200.0,199.99999870345292,0.0,0.0,200.0
16,I1,N1,0.0,0.0,5.967373074901215e-07,200.0,199.9999994032627,-1.0994817802104094e-08,-2.198963553859801e-06,200.0
16,I1,N2,0.0,0.0,5.971916915117777e-07,200.0,199.9999994028083,-1.1001331972213185e-08,-2.200266387872733e-06,200.0
16,I1,N3,0.0,0.0,5.950945228938585e-07,200.0,199.99999940490548,-1.096779982950688e-08,-2.1935599593744984e-06,200.0
16,I1,N4,0.0,0.0,5.96780646362538e-07,200.0,199.99999940321936,-1.0995452016704858e-08,-2.199090396779099e-06,200.0
16,I1,N5,0.0,0.0,5.962293008769685e-07,200.0,199.9999994037707,-1.0987880658008213e-08,-2.197576125050346e-06,200.0
16,I1,N6,0.0,0.0,5.945528705442258e-07,200.0,199.99999940544714,-1.0958966105206476e-08,-2.1917932145256107e-06,200.0
16,I1,N7,0.0,0.0,6.013898365333062e-07,200.0,199.99999939861016,-1.1063570419026355e-08,-2.212714077151752e-06,200.0
16,I1,N8,105.60146740444632,366.98644508934103,105.70331002425847,105.70330896927591,0.0,46.651621738027224,0.0,0.0678940530339105
16,I1,N9,0.0,0.0,5.950989170452691e-07,200.0,199.99999940490108,-1.0967863346072245e-08,-2.193572662687485e-06,200.0
16,I2,N1,0.0,0.0,3.543902731162242e-07,200.0,199.99999964560973,0.0,0.0,200.0
16,I2,N2,0.0,0.0,3.5058692204173175e-07,200.0,199.99999964941307,0.0,0.0,200.0
16,I2,N3,0.0,0.0,2.7593073692303486e-07,200.0,199.99999972406926,0.0,0.0,200.0
16,I2,N4,0.0,0.0,3.544415677450935e-07,200.0,199.99999964555843,0.0,0.0,200.0
16,I2,N5,0.0,0.0,3.451540568238952e-07,200.0,199.99999965484594,0.0,0.0,200.0
16,I2,N6,0.0,0.0,2.7539124132753936e-07,200.0,199.99999972460876,0.0,0.0,200.0
16,I2,N7,0.0,0.0,2.490861233735055e-07,200.0,199.99999975091387,0.0,0.0,200.0
16,I2,N8,94.33063854251978,296.8088814588794,94.43248107790687,94.43248013549106,0.0,47.62149297397531,0.0,0.0678940530339105
16,I2,N9,0.0,0.0,2.7631833023929396e-07,200.0,199.99999972368167,0.0,0.0,200.0
16,I3,N1,0.0,0.0,2.9979306410809544e-07,200.0,199.99999970020693,0.0,0.0,200.0
16,I3,N2,0.0,0.0,3.0940982768908917e-07,200.0,199.99999969059016,0.0,0.0,200.0
16,I3,N3,0.0,0.0,3.0154033473578595e-07,200.0,199.99999969845967,0.0,0.0,200.0
16,I3,N4,0.0,0.0,3.0585368612812753e-07,200.0,199.9999996941463,0.0,0.0,200.0
16,I3,N5,0.0,0.0,3.627292337606371e-07,200.0,199.99999963727078,0.0,0.0,200.0
16,I3,N6,0.0,0.0,3.001320174751045e-07,200.0,199.99999969986797,0.0,0.0,200.0
16,I3,N7,0.0,0.0,3.0943560436848563e-07,200.0,199.9999996905644,0.0,0.0,200.0
16,I3,N8,0.0,0.0,3.082463656336674e-07,0.13578910476695683,0.1357887965205912,6.694817747225148e-07,9.090812448203984e-08,0.0678940530339105
16,I3,N9,0.0,0.0,3.018612582989465e-07,200.0,199.99999969813874,0.0,0.0,200.0
16,I4,N1,0.0,0.0,4.509065874388773e-05,200.0,199.99995490934126,3.214223806571167e-08,6.428446163827646e-06,200.0
16,I4,N2,0.0,0.0,4.509211249226494e-05,200.0,199.9999549078875,3.214223806594577e-08,6.42844616382774e-06,200.0
16,I4,N3,0.0,0.0,4.507144907837746e-05,200.0,199.99995492855092,3.2142238062618274e-08,6.4284461638264085e-06,200.0
16,I4,N4,0.0,0.0,4.509075082407157e-05,200.0,199.99995490924917,3.214223806572649e-08,6.42844616382765e-06,200.0
16,I4,N5,0.0,0.0,4.509099307925492e-05,200.0,199.99995490900693,3.2142238065765505e-08,6.428446163827667e-06,200.0
16,I4,N6,0.0,0.0,4.5070825786129005e-05,200.0,199.9999549291742,3.214223806251791e-08,6.42844616382637e-06,200.0
16,I4,N7,0.0,0.0,4.509212973469492e-05,200.0,199.99995490787026,3.2142238065948543e-08,6.42844616382774e-06,200.0
16,I4,N8,0.0,0.0,4.5071363572312795e-05,0.13578910476695683,0.1357440334033845,4.745195426491936e-05,6.441319664793088e-06,0.0678940530339105
16,I4,N9,0.0,0.0,4.5071464273134886e-05,200.0,199.99995492853571,3.214223806262072e-08,6.428446163826409e-06,200.0
17,I1,N1,0.0,0.0,6.322182565779435e-07,200.0,199.99999936778175,0.0,0.0,200.0
17,I1,N2,0.0,0.0,6.32389496550627e-07,200.0,199.9999993676105,0.0,0.0,200.0
17,I1,N3,0.0,0.0,6.322892260368361e-07,200.0,199.99999936771079,0.0,0.0,200.0
17,I1,N4,0.0,0.0,6.32268496639506e-07,200.0,199.9999993677315,0.0,0.0,200.0
17,I1,N5,0.0,0.0,6.323451734469722e-07,200.0,199.99999936765482,0.0,0.0,200.0
17,I1,N6,0.0,0.0,6.321783082915773e-07,200.0,199.9999993678217,0.0,0.0,200.0
17,I1,N7,0.0,0.0,6.324402113661109e-07,200.0,199.99999936755978,0.0,0.0,200.0
17,I1,N8,105.61844118138322,369.5344685448607,105.6693625121939,105.66936145748022,0.0,47.31842161481593,0.0,0.03394652719663327
17,I1,N9,0.0,0.0,6.322924577327669e-07,200.0,199.99999936770755,0.0,0.0,200.0
17,I2,N1,0.0,0.0,3.667297545384141e-07,200.0,199.99999963327025,0.0,0.0,200.0
17,I2,N2,0.0,0.0,3.6673068660696994e-07,200.0,199.9999996332693,0.0,0.0,200.0
17,I2,N3,0.0,0.0,3.667168655209969e-07,200.0,199.99999963328312,0.0,0.0,200.0
17,I2,N4,0.0,0.0,3.6672972969885033e-07,200.0,199.99999963327028,0.0,0.0,200.0
17,I2,N5,0.0,0.0,3.6672990217783586e-07,200.0,199.9999996332701,0.0,0.0,200.0
17,I2,N6,0.0,0.0,3.667162250234951e-07,200.0,199.99999963328378,0.0,0.0,200.0
17,I2,N7,0.0,0.0,3.667305895943182e-07,200.0,199.9999996332694,0.0,0.0,200.0
17,I2,N8,94.34761229142015,309.84895293504206,94.39853353812124,94.39853259555368,0.0,64.121329794844,0.0,0.03394652719663327
17,I2,N9,0.0,0.0,3.667168336938912e-07,200.0,199.99999963328315,0.0,0.0,200.0
17,I3,N1,0.0,0.0,4.3503584504795474e-07,200.0,199.99999956496416,0.0,0.0,200.0
17,I3,N2,0.0,0.0,4.3467831550227185e-07,200.0,199.99999956532167,0.0,0.0,200.0
17,I3,N3,0.0,0.0,4.399896651067002e-07,200.0,199.99999956001034,0.0,0.0,200.0
17,I3,N4,0.0,0.0,4.350417836910946e-07,200.0,199.99999956495822,0.0,0.0,200.0
17,I3,N5,0.0,0.0,4.3508815816565487e-07,200.0,199.99999956491183,0.0,0.0,200.0
17,I3,N6,0.0,0.0,4.342348226973307e-07,200.0,199.99999956576517,0.0,0.0,200.0
17,I3,N7,0.0,0.0,4.346827126795981e-07,200.0,199.9999995653173,0.0,0.0,200.0
17,I3,N8,0.0,0.0,4.5103639131007e-07,0.0678940530339105,0.06789360199751919,1.3389290084699027e-06,9.090471320398857e-08,0.03394652719663327
17,I3,N9,0.0,0.0,4.418035850515322e-07,200.0,199.9999995581964,0.0,0.0,200.0
17,I4,N1,0.0,0.0,1.5720117951298934e-06,200.0,199.9999984279882,0.0,0.0,200.0
17,I4,N2,0.0,0.0,1.463104785391668e-06,200.0,199.99999853689522,0.0,0.0,200.0
17,I4,N3,0.0,0.0,1.1336881501011345e-06,200.0,199.99999886631184,0.0,0.0,200.0
17,I4,N4,0.0,0.0,1.5724361383446183e-06,200.0,199.99999842756387,0.0,0.0,200.0
17,I4,N5,0.0,0.0,1.5017627001160583e-06,200.0,199.9999984982373,0.0,0.0,200.0
17,I4,N6,0.0,0.0,1.131797902159346e-06,200.0,199.99999886820208,0.0,0.0,200.0
17,I4,N7,0.0,0.0,1.3035087149996193e-06,200.0,199.99999869649128,0.0,0.0,200.0
17,I4,N8,0.0,0.0,1.137490592091736e-06,0.0678940530339105,0.0678929155433184,4.674998389327315e-06,3.1739927081174896e-07,0.03394652719663327
17,I4,N9,0.0,0.0,1.1337627336855771e-06,200.0,199.99999886623726,0.0,0.0,200.0
18,I1,N1,0.0,0.0,5.38637648488348e-07,200.0,199.99999946136236,0.0,0.0,200.0
18,I1,N2,0.0,0.0,5.383047873052795e-07,200.0,199.9999994616952,0.0,0.0,200.0
18,I1,N3,0.0,0.0,5.38671924925951e-07,200.0,199.9999994613281,0.0,0.0,200.0
18,I1,N4,0.0,0.0,5.386875859641968e-07,200.0,199.99999946131243,0.0,0.0,200.0
18,I1,N5,0.0,0.0,5.386825108027492e-07,200.0,199.9999994613175,0.0,0.0,200.0
18,I1,N6,0.0,0.0,5.386742498069379e-07,200.0,199.99999946132576,0.0,0.0,200.0
18,I1,N7,0.0,0.0,5.32868409598852e-07,200.0,199.9999994671316,0.0,0.0,200.0
18,I1,N8,105.6269280767959,371.43754259323623,105.65238876303397,105.65238770857985,0.0,46.30611838191443,0.0,0.016972764512928507
18,I1,N9,0.0,0.0,5.386716870568721e-07,200.0,199.99999946132831,0.0,0.0,200.0
18,I2,N1,0.0,0.0,2.8587326563918127e-07,200.0,199.99999971412674,0.0,0.0,200.0
18,I2,N2,0.0,0.0,3.513256003572141e-07,200.0,199.9999996486744,0.0,0.0,200.0
18,I2,N3,0.0,0.0,3.510828152424878e-07,200.0,199.9999996489172,0.0,0.0,200.0
18,I2,N4,0.0,0.0,3.514613117065465e-07,200.0,199.99999964853868,0.0,0.0,200.0
18,I2,N5,0.0,0.0,3.511501171164778e-07,200.0,199.9999996488499,0.0,0.0,200.0
18,I2,N6,0.0,0.0,3.510460227762617e-07,200.0,199.99999964895397,0.0,0.0,200.0
18,I2,N7,0.0,0.0,3.316692129907674e-07,200.0,199.9999996683308,0.0,0.0,200.0
18,I2,N8,94.35609915869117,302.6137445308033,94.38155976050419,94.38155881861678,0.0,47.14750819259191,0.0,0.016972764512928507
18,I2,N9,0.0,0.0,3.5106758939657783e-07,200.0,199.9999996489324,0.0,0.0,200.0
18,I3,N1,0.0,0.0,3.1147419370481176e-07,200.0,199.9999996885258,0.0,0.0,200.0
18,I3,N2,0.0,0.0,3.8439203658379204e-07,200.0,199.99999961560798,0.0,0.0,200.0
18,I3,N3,0.0,0.0,3.0191916611731214e-07,200.0,199.99999969808084,0.0,0.0,200.0
18,I3,N4,0.0,0.0,3.1175713663753276e-07,200.0,199.99999968824287,0.0,0.0,200.0
18,I3,N5,0.0,0.0,3.1638721890952615e-07,200.0,199.99999968361277,0.0,0.0,200.0
18,I3,N6,0.0,0.0,3.020098995846731e-07,200.0,199.9999996979901,0.0,0.0,200.0
18,I3,N7,0.0,0.0,3.812862689730712e-07,200.0,199.99999961871373,0.0,0.0,200.0
18,I3,N8,0.0,0.0,2.974931854837985e-07,0.03394652719663327,0.03394622970344779,2.6778668057345004e-06,9.090348170270134e-08,0.016972764512928507
18,I3,N9,0.0,0.0,3.0191940276378644e-07,200.0,199.9999996980806,0.0,0.0,200.0
18,I4,N1,0.0,0.0,3.4132030881785543e-05,200.0,199.9999658679691,3.2142199653346745e-08,6.428438833590798e-06,200.0
18,I4,N2,0.0,0.0,3.413775729400638e-05,200.0,199.9999658622427,3.214177187707605e-08,6.428353278167202e-06,200.0
18,I4,N3,0.0,0.0,3.4131270332159146e-05,200.0,199.99996586872967,3.214220037777244e-08,6.428438978500358e-06,200.0
18,I4,N4,0.0,0.0,3.413202846811138e-05,200.0,199.99996586797153,3.214219965283735e-08,6.428438833488995e-06,200.0
18,I4,N5,0.0,0.0,3.4132033118656314e-05,200.0,199.9999658679669,3.214219962329494e-08,6.428438827580367e-06,200.0
18,I4,N6,0.0,0.0,3.4130843757854004e-05,200.0,199.99996586915626,3.214220657546116e-08,6.428440218051601e-06,200.0
18,I4,N7,0.0,0.0,3.458765339583719e-05,200.0,199.9999654123466,3.214220110993671e-08,6.42843911026403e-06,200.0
18,I4,N8,0.0,0.0,3.4131247078397105e-05,0.03394652719663327,0.03391239594955487,0.00018994012715851472,6.441324798908351e-06,0.016972764512928507
18,I4,N9,0.0,0.0,3.413127043362626e-05,200.0,199.99996586872956,3.214220037826495e-08,6.428438978598856e-06,200.0
19,I1,N1,0.0,0.0,4.7211341263419924e-07,200.0,199.9999995278866,0.0,0.0,200.0
19,I1,N2,0.0,0.0,4.721159228125429e-07,200.0,199.99999952788409,0.0,0.0,200.0
19,I1,N3,0.0,0.0,4.7210201797111285e-07,200.0,199.99999952789798,0.0,0.0,200.0
19,I1,N4,0.0,0.0,4.7212495944901006e-07,200.0,199.99999952787505,0.0,0.0,200.0
19,I1,N5,0.0,0.0,4.721219566075493e-07,200.0,199.99999952787803,0.0,0.0,200.0
19,I1,N6,0.0,0.0,4.7209705732519614e-07,200.0,199.99999952790293,0.0,0.0,200.0
19,I1,N7,0.0,0.0,4.7291815670790806e-07,200.0,199.99999952708185,0.0,0.0,200.0
19,I1,N8,105.63117153152335,372.86093259779324,105.64390189570572,105.64390084130883,0.0,46.9579869207915,0.0,0.008485883213666057
19,I1,N9,0.0,0.0,4.7210194094947083e-07,200.0,199.99999952789807,0.0,0.0,200.0
19,I2,N1,0.0,0.0,2.572440060468539e-07,200.0,199.999999742756,0.0,0.0,200.0
19,I2,N2,0.0,0.0,2.7226304743540026e-07,200.0,199.99999972773696,0.0,0.0,200.0
19,I2,N3,0.0,0.0,2.2844574626806553e-07,200.0,199.99999977155426,0.0,0.0,200.0
19,I2,N4,0.0,0.0,2.5670776949322615e-07,200.0,199.99999974329222,0.0,0.0,200.0
19,I2,N5,0.0,0.0,2.617812444560507e-07,200.0,199.99999973821875,0.0,0.0,200.0
19,I2,N6,0.0,0.0,2.731450526846768e-07,200.0,199.99999972685495,0.0,0.0,200.0
19,I2,N7,0.0,0.0,2.722859922156346e-07,200.0,199.999999727714,0.0,0.0,200.0
19,I2,N8,94.36034258526298,297.5371974714592,94.37307286497844,94.3730719232041,0.0,46.467879486215494,0.0,0.008485883213666057
19,I2,N9,0.0,0.0,2.45088908690104e-07,200.0,199.9999997549111,0.0,0.0,200.0
19,I3,N1,0.0,0.0,9.757139613820178e-06,200.0,199.99999024286038,0.0,0.0,200.0
19,I3,N2,0.0,0.0,9.763294700129493e-06,200.0,199.9999902367053,0.0,0.0,200.0
19,I3,N3,0.0,0.0,9.765439152422206e-06,200.0,199.99999023456084,0.0,0.0,200.0
19,I3,N4,0.0,0.0,9.756971233752447e-06,200.0,199.99999024302878,0.0,0.0,200.0
19,I3,N5,0.0,0.0,9.753754796822353e-06,200.0,199.9999902462452,0.0,0.0,200.0
19,I3,N6,0.0,0.0,9.743810215932448e-06,200.0,199.9999902561898,0.0,0.0,200.0
19,I3,N7,0.0,0.0,9.764255977410809e-06,200.0,199.99999023574404,0.0,0.0,200.0
19,I3,N8,0.0,0.0,9.53556314845808e-06,0.016972764512928507,0.01696322894978005,0.00010875941227698976,1.8449108108980965e-06,0.008485883213666057
19,I3,N9,0.0,0.0,9.76547729552809e-06,200.0,199.9999902345227,0.0,0.0,200.0
19,I4,N1,0.0,0.0,1.125783970610263e-06,200.0,199.99999887421603,0.0,0.0,200.0
19,I4,N2,0.0,0.0,1.163804562141277e-06,200.0,199.99999883619543,0.0,0.0,200.0
19,I4,N3,0.0,0.0,1.122358069248384e-06,200.0,199.99999887764193,0.0,0.0,200.0
19,I4,N4,0.0,0.0,1.1248721823128788e-06,200.0,199.99999887512783,0.0,0.0,200.0
19,I4,N5,0.0,0.0,1.1246496443750057e-06,200.0,199.99999887535034,0.0,0.0,200.0
19,I4,N6,0.0,0.0,1.1179357780256284e-06,200.0,199.99999888206423,0.0,0.0,200.0
19,I4,N7,0.0,0.0,1.1583040956893945e-06,200.0,199.9999988416959,0.0,0.0,200.0
19,I4,N8,0.0,0.0,1.1186094986740924e-06,0.016972764512928507,0.01697164590342983,1.8701750633531077e-05,3.1739948952653397e-07,0.008485883213666057
19,I4,N9,0.0,0.0,1.1223597580141285e-06,200.0,199.99999887764025,0.0,0.0,200.0
20,I1,N1,0.0,0.0,6.247367293642241e-07,200.0,199.99999937526326,0.0,0.0,200.0
20,I1,N2,0.0,0.0,6.24719541303008e-07,200.0,199.99999937528045,0.0,0.0,200.0
20,I1,N3,0.0,0.0,6.220021269290901e-07,200.0,199.99999937799788,0.0,0.0,200.0
20,I1,N4,0.0,0.0,6.246645672706525e-07,200.0,199.99999937533542,0.0,0.0,200.0
20,I1,N5,0.0,0.0,6.242485624398257e-07,200.0,199.99999937575143,0.0,0.0,200.0
20,I1,N6,0.0,0.0,6.198761168809415e-07,200.0,199.99999938012388,0.0,0.0,200.0
20,I1,N7,0.0,0.0,5.956164908350149e-07,200.0,199.99999940438352,0.0,0.0,200.0
20,I1,N8,105.63329326591872,373.9268127798603,105.63965846910483,105.63965741473702,0.0,47.2853740013665,0.0,0.004242460282171123
20,I1,N9,0.0,0.0,6.217074172300754e-07,200.0,199.99999937829259,0.0,0.0,200.0
20,I2,N1,0.0,0.0,2.8822428095636233e-07,200.0,199.99999971177573,0.0,0.0,200.0
20,I2,N2,0.0,0.0,2.590401461188736e-07,200.0,199.99999974095985,0.0,0.0,200.0
20,I2,N3,0.0,0.0,2.770578271307374e-07,200.0,199.99999972294216,0.0,0.0,200.0
20,I2,N4,0.0,0.0,2.88050537342241e-07,200.0,199.99999971194947,0.0,0.0,200.0
20,I2,N5,0.0,0.0,2.7844151080341845e-07,200.0,199.99999972155848,0.0,0.0,200.0
20,I2,N6,0.0,0.0,2.1082521137600013e-07,200.0,199.99999978917478,0.0,0.0,200.0
20,I2,N7,0.0,0.0,2.5882996436407056e-07,200.0,199.99999974117003,0.0,0.0,200.0
20,I2,N8,94.3624642737991,297.87141651995097,94.36882933940747,94.36882846847665,0.0,1.2494815072154137,0.0,0.004242460282171123
20,I2,N9,0.0,0.0,2.76779047275825e-07,200.0,199.99999972322095,0.0,0.0,200.0
20,I3,N1,0.0,0.0,9.76616488842277e-06,200.0,199.99999023383512,1.0110284199190381e-08,2.0220567410993737e-06,200.0
20,I3,N2,0.0,0.0,9.766343560537113e-06,200.0,199.99999023365643,1.0121509047081762e-08,2.0243017105662177e-06,200.0
20,I3,N3,0.0,0.0,9.723298593804857e-06,200.0,199.9999902767014,0.0,0.0,200.0
20,I3,N4,0.0,0.0,9.766163632258835e-06,200.0,199.99999023383637,1.0110218262194419e-08,2.022043553700838e-06,200.0
20,I3,N5,0.0,0.0,9.766259220277812e-06,200.0,199.9999902337408,1.0115199199392173e-08,2.0230397410907774e-06,200.0
20,I3,N6,0.0,0.0,9.766706573342923e-06,200.0,199.99999023329343,1.012160613352936e-08,2.024321127851115e-06,200.0
20,I3,N7,0.0,0.0,9.767471321379115e-06,200.0,199.9999902325287,1.0177399181921358e-08,2.035479736976817e-06,200.0
20,I3,N8,0.0,0.0,9.789917652942263e-06,0.008485883213666057,0.008476093296013114,0.0002176606323541756,1.8449118267032028e-06,0.004242460282171123
20,I3,N9,0.0,0.0,9.767198016349738e-06,200.0,199.999990232802,1.0151516559290027e-08,2.030303212706133e-06,200.0
20,I4,N1,0.0,0.0,1.1159162439122563e-06,200.0,199.99999888408377,0.0,0.0,200.0
20,I4,N2,0.0,0.0,1.1159195548746009e-06,200.0,199.99999888408044,0.0,0.0,200.0
20,I4,N3,0.0,0.0,1.1159258150165963e-06,200.0,199.9999988840742,0.0,0.0,200.0
20,I4,N4,0.0,0.0,1.1159162383275767e-06,200.0,199.99999888408377,0.0,0.0,200.0
20,I4,N5,0.0,0.0,1.1159181588479405e-06,200.0,199.99999888408183,0.0,0.0,200.0
20,I4,N6,0.0,0.0,1.1158912481002944e-06,200.0,199.99999888410875,0.0,0.0,200.0
20,I4,N7,0.0,0.0,1.1227700652469317e-06,200.0,199.99999887722993,0.0,0.0,200.0
20,I4,N8,0.0,0.0,1.1158793317598403e-06,0.008485883213666057,0.008484767334334297,3.740809647270436e-05,3.17398994991228e-07,0.004242460282171123
20,I4,N9,0.0,0.0,1.1159256908445522e-06,200.0,199.9999988840743,0.0,0.0,200.0
21,I1,N1,0.0,0.0,4.969003587543393e-07,200.0,199.99999950309964,0.0,0.0,200.0
21,I1,N2,0.0,0.0,4.856660615436771e-07,200.0,199.99999951433395,0.0,0.0,200.0
21,I1,N3,0.0,0.0,4.971484205994564e-07,200.0,199.99999950285158,0.0,0.0,200.0
21,I1,N4,0.0,0.0,4.968987696052434e-07,200.0,199.99999950310124,0.0,0.0,200.0
21,I1,N5,0.0,0.0,4.969206193512609e-07,200.0,199.99999950307938,0.0,0.0,200.0
21,I1,N6,0.0,0.0,4.973119133256855e-07,200.0,199.9999995026881,0.0,0.0,200.0
21,I1,N7,0.0,0.0,4.073118729935353e-07,200.0,199.99999959268814,0.0,0.0,200.0
21,I1,N8,105.63435414457905,374.72534198090733,105.63753678056005,105.6375357262009,0.0,47.59310404676276,0.0,0.0021207311333455436
21,I1,N9,0.0,0.0,4.971655834551092e-07,200.0,199.9999995028344,0.0,0.0,200.0
21,I2,N1,0.0,0.0,2.354017683872508e-07,200.0,199.99999976459824,0.0,0.0,200.0
21,I2,N2,0.0,0.0,2.3541297437288574e-07,200.0,199.99999976458702,0.0,0.0,200.0
21,I2,N3,0.0,0.0,2.359863256467082e-07,200.0,199.99999976401367,0.0,0.0,200.0
21,I2,N4,0.0,0.0,2.354017025730378e-07,200.0,199.9999997645983,0.0,0.0,200.0
21,I2,N5,0.0,0.0,2.3540543483356935e-07,200.0,199.99999976459458,0.0,0.0,200.0
21,I2,N6,0.0,0.0,2.6494949125612196e-07,200.0,199.99999973505052,0.0,0.0,200.0
21,I2,N7,0.0,0.0,2.3541346625789272e-07,200.0,199.99999976458653,0.0,0.0,200.0
21,I2,N8,94.3635251242876,295.7607519117479,94.36670767575309,94.36670673408128,0.0,45.56275670422131,0.0,0.0021207311333455436
21,I2,N9,0.0,0.0,2.3598635465693117e-07,200.0,199.99999976401364,0.0,0.0,200.0
21,I3,N1,0.0,0.0,6.15386331255702e-07,200.0,199.99999938461366,0.0,0.0,200.0
21,I3,N2,0.0,0.0,6.187299355633783e-07,200.0,199.99999938127007,0.0,0.0,200.0
21,I3,N3,0.0,0.0,5.961216324142368e-07,200.0,199.99999940387838,0.0,0.0,200.0
21,I3,N4,0.0,0.0,6.156319135344456e-07,200.0,199.9999993843681,0.0,0.0,200.0
21,I3,N5,0.0,0.0,6.18228281056081e-07,200.0,199.99999938177172,0.0,0.0,200.0
21,I3,N6,0.0,0.0,5.726633048467241e-07,200.0,199.9999994273367,0.0,0.0,200.0
21,I3,N7,0.0,0.0,6.179114290425617e-07,200.0,199.99999938208856,0.0,0.0,200.0
21,I3,N8,0.0,0.0,5.737823844024702e-07,0.004242460282171123,0.004241886499786721,2.1431228011516364e-05,9.090883677590228e-08,0.0021207311333455436
21,I3,N9,0.0,0.0,5.960960553587192e-07,200.0,199.99999940390396,0.0,0.0,200.0
21,I4,N1,0.0,0.0,1.1180331226802348e-06,200.0,199.9999988819669,0.0,0.0,200.0
21,I4,N2,0.0,0.0,1.1192749673862023e-06,200.0,199.99999888072503,0.0,0.0,200.0
21,I4,N3,0.0,0.0,1.1184283003194501e-06,200.0,199.9999988815717,0.0,0.0,200.0
21,I4,N4,0.0,0.0,1.1180429065943278e-06,200.0,199.99999888195708,0.0,0.0,200.0
21,I4,N5,0.0,0.0,1.1180618754137654e-06,200.0,199.99999888193813,0.0,0.0,200.0
21,I4,N6,0.0,0.0,1.1173547738523905e-06,200.0,199.99999888264523,0.0,0.0,200.0
21,I4,N7,0.0,0.0,1.1193107085091933e-06,200.0,199.9999988806893,0.0,0.0,200.0
21,I4,N8,0.0,0.0,1.1176233850004726e-06,0.004242460282171123,0.004241342658786122,7.483454984348869e-05,3.173989686022449e-07,0.0021207311333455436
21,I4,N9,0.0,0.0,1.1184253207369364e-06,200.0,199.99999888157467,0.0,0.0,200.0
22,I1,N1,0.0,0.0,6.543324928066887e-07,200.0,199.9999993456675,0.0,0.0,200.0
22,I1,N2,0.0,0.0,6.523995484126662e-07,200.0,199.99999934760046,0.0,0.0,200.0
22,I1,N3,0.0,0.0,6.161840142117185e-07,200.0,199.99999938381598,0.0,0.0,200.0
22,I1,N4,0.0,0.0,6.52308256844857e-07,200.0,199.99999934769176,0.0,0.0,200.0
22,I1,N5,0.0,0.0,6.531433458570565e-07,200.0,199.99999934685664,0.0,0.0,200.0
22,I1,N6,0.0,0.0,6.535937565825411e-07,200.0,199.99999934640624,0.0,0.0,200.0
22,I1,N7,0.0,0.0,6.542888458702455e-07,200.0,199.99999934571116,0.0,0.0,200.0
22,I1,N8,105.63488459095198,375.3237607890057,105.63647593007079,105.6364748757124,0.0,47.8357773926862,0.0,0.0010598665615759728
22,I1,N9,0.0,0.0,6.162957919407716e-07,200.0,199.99999938370422,0.0,0.0,200.0
22,I2,N1,0.0,0.0,3.2848039530950747e-07,200.0,199.99999967151962,0.0,0.0,200.0
22,I2,N2,0.0,0.0,3.292354417736937e-07,200.0,199.99999967076457,0.0,0.0,200.0
22,I2,N3,0.0,0.0,3.411777484005056e-07,200.0,199.99999965882225,0.0,0.0,200.0
22,I2,N4,0.0,0.0,3.2849568931021686e-07,200.0,199.9999996715043,0.0,0.0,200.0
22,I2,N5,0.0,0.0,3.2880387707580565e-07,200.0,199.99999967119612,0.0,0.0,200.0
22,I2,N6,0.0,0.0,3.428544865334843e-07,200.0,199.9999996571455,0.0,0.0,200.0
22,I2,N7,0.0,0.0,3.293467106356952e-07,200.0,199.9999996706533,0.0,0.0,200.0
22,I2,N8,94.36405554248644,292.1020095817128,94.36564679708296,94.36564585542095,0.0,45.58122179752442,0.0,0.0010598665615759728
22,I2,N9,0.0,0.0,3.4117719875985424e-07,200.0,199.9999996588228,0.0,0.0,200.0
22,I3,N1,0.0,0.0,3.0054212622625e-07,200.0,199.99999969945787,0.0,0.0,200.0
22,I3,N2,0.0,0.0,3.0062040508595403e-07,200.0,199.9999996993796,0.0,0.0,200.0
22,I3,N3,0.0,0.0,3.10787417742858e-07,200.0,199.9999996892126,0.0,0.0,200.0
22,I3,N4,0.0,0.0,3.005406822927075e-07,200.0,199.99999969945932,0.0,0.0,200.0
22,I3,N5,0.0,0.0,3.0056736466037856e-07,200.0,199.99999969943264,0.0,0.0,200.0
22,I3,N6,0.0,0.0,3.160224426693473e-07,200.0,199.99999968397756,0.0,0.0,200.0
22,I3,N7,0.0,0.0,3.006531857066826e-07,200.0,199.9999996993468,0.0,0.0,200.0
22,I3,N8,0.0,0.0,3.012515738754824e-07,0.0021207311333455436,0.0021204298817716683,4.2872749820335554e-05,9.090865983276043e-08,0.0010598665615759728
22,I3,N9,0.0,0.0,3.107535583639984e-07,200.0,199.99999968924644,0.0,0.0,200.0
22,I4,N1,0.0,0.0,2.3273505929743093e-05,200.0,199.99997672649408,3.1421975014818236e-08,6.284394271664126e-06,200.0
22,I4,N2,0.0,0.0,2.3213739123926278e-05,200.0,199.99997678626087,3.161234851113899e-08,6.322468968386987e-06,200.0
22,I4,N3,0.0,0.0,2.32345164674041e-05,200.0,199.99997676548352,3.161397243302029e-08,6.322793752068694e-06,200.0
22,I4,N4,0.0,0.0,2.3679958282723408e-05,200.0,199.99997632004172,3.171033058669423e-08,6.342065366439541e-06,200.0
22,I4,N5,0.0,0.0,2.3223428814252235e-05,200.0,199.99997677657117,3.1612760322975763e-08,6.322551330438463e-06,200.0
22,I4,N6,0.0,0.0,2.3240003418908753e-05,200.0,199.99997675999657,3.161382230912179e-08,6.32276372711902e-06,200.0
22,I4,N7,0.0,0.0,2.324386722479633e-05,200.0,199.99997675613278,3.161380367660483e-08,6.322760000493911e-06,200.0
22,I4,N8,0.0,0.0,2.3247238695259518e-05,0.0021207311333455436,0.0020974838946502842,0.0030709597402268987,6.441288596245341e-06,0.0010598665615759728
22,I4,N9,0.0,0.0,2.323576940426815e-05,200.0,199.9999767642306,3.161314431164074e-08,6.3226281277724164e-06,200.0
23,I1,N1,0.0,0.0,6.23381271686633e-07,200.0,199.99999937661872,0.0,0.0,200.0
23,I1,N2,0.0,0.0,6.243446166141304e-07,200.0,199.9999993756554,0.0,0.0,200.0
23,I1,N3,0.0,0.0,6.187943392128939e-07,200.0,199.99999938120567,0.0,0.0,200.0
23,I1,N4,0.0,0.0,6.235167131781725e-07,200.0,199.9999993764833,0.0,0.0,200.0
23,I1,N5,0.0,0.0,6.281495744349836e-07,200.0,199.99999937185044,0.0,0.0,200.0
23,I1,N6,0.0,0.0,6.119545327816243e-07,200.0,199.99999938804547,0.0,0.0,200.0
23,I1,N7,0.0,0.0,6.252216978172815e-07,200.0,199.9999993747783,0.0,0.0,200.0
23,I1,N8,105.63514982118063,375.772497646543,105.63594551186658,105.63594445751356,0.0,47.841178489585445,0.0,0.0005294363568282279
23,I1,N9,0.0,0.0,6.183421099836329e-07,200.0,199.9999993816579,0.0,0.0,200.0
23,I2,N1,0.0,0.0,3.517924159124973e-07,200.0,199.9999996482076,0.0,0.0,200.0
23,I2,N2,0.0,0.0,3.517419814234781e-07,200.0,199.999999648258,0.0,0.0,200.0
23,I2,N3,0.0,0.0,3.2968077058784194e-07,200.0,199.99999967031923,0.0,0.0,200.0
23,I2,N4,0.0,0.0,3.5179585434915117e-07,200.0,199.99999964820415,0.0,0.0,200.0
23,I2,N5,0.0,0.0,3.5180869646128044e-07,200.0,199.9999996481913,0.0,0.0,200.0
23,I2,N6,0.0,0.0,3.292366981911253e-07,200.0,199.99999967076332,0.0,0.0,200.0
23,I2,N7,0.0,0.0,3.514106957742027e-07,200.0,199.9999996485893,0.0,0.0,200.0
23,I2,N8,94.36432074246254,306.02935035895035,94.3651163423908,94.36511540904802,0.0,8.818954233700579,0.0,0.0005294363568282279
23,I2,N9,0.0,0.0,3.2973601479574386e-07,200.0,199.99999967026397,0.0,0.0,200.0
23,I3,N1,0.0,0.0,4.6300863185899975e-07,200.0,199.99999953699137,0.0,0.0,200.0
23,I3,N2,0.0,0.0,4.6413438146850904e-07,200.0,199.9999995358656,0.0,0.0,200.0
23,I3,N3,0.0,0.0,4.5507119119963316e-07,200.0,199.9999995449288,0.0,0.0,200.0
23,I3,N4,0.0,0.0,4.6322320451726795e-07,200.0,199.99999953677678,0.0,0.0,200.0
23,I3,N5,0.0,0.0,4.649472714004449e-07,200.0,199.99999953505272,0.0,0.0,200.0
23,I3,N6,0.0,0.0,4.513117243853545e-07,200.0,199.99999954868827,0.0,0.0,200.0
23,I3,N7,0.0,0.0,4.7552448709398697e-07,200.0,199.99999952447553,0.0,0.0,200.0
23,I3,N8,0.0,0.0,4.548044531101018e-07,0.0010598665615759728,0.0010594117571228628,8.581001836504339e-05,9.090814233485574e-08,0.0005294363568282279
23,I3,N9,0.0,0.0,4.550710818288539e-07,200.0,199.99999954492893,0.0,0.0,200.0
23,I4,N1,0.0,0.0,3.6434070334877615e-05,200.0,199.99996356592968,-3.402216754970114e-08,-6.804432270374183e-06,200.0
23,I4,N2,0.0,0.0,3.644689448858778e-05,200.0,199.99996355310552,-3.3902905851626164e-08,-6.780579934669601e-06,200.0
23,I4,N3,0.0,0.0,3.8709043303282657e-05,200.0,199.9999612909567,-1.9578563446376188e-08,-3.9157119314077776e-06,200.0
23,I4,N4,0.0,0.0,3.64386196371421e-05,200.0,199.99996356138035,-3.399486372955944e-08,-6.7989715071859785e-06,200.0
23,I4,N5,0.0,0.0,3.64411416710017e-05,200.0,199.99996355885833,-3.398680085884678e-08,-6.797358933251531e-06,200.0
23,I4,N6,0.0,0.0,3.6526222799948056e-05,200.0,199.9999634737772,-3.267990502426517e-08,-6.535979811179542e-06,200.0
23,I4,N7,0.0,0.0,3.644319862228105e-05,200.0,199.9999635568014,-3.3974461284346686e-08,-6.794891018731297e-06,200.0
23,I4,N8,0.0,0.0,3.463572457827479e-05,0.0010598665615759728,0.001025230836997698,0.006282549794704849,6.441063784504968e-06,0.0005294363568282279
23,I4,N9,0.0,0.0,3.6309485957619727e-05,200.0,199.99996369051405,-3.4485557700124337e-08,-6.897110287871994e-06,200.0
24,I1,N1,0.0,0.0,7.883873741401214e-07,200.0,199.99999921161262,0.0,0.0,200.0
24,I1,N2,0.0,0.0,7.867363620864024e-07,200.0,199.99999921326364,0.0,0.0,200.0
24,I1,N3,0.0,0.0,7.867243976515622e-07,200.0,199.9999992132756,0.0,0.0,200.0
24,I1,N4,0.0,0.0,8.057376140669377e-07,200.0,199.9999991942624,0.0,0.0,200.0
24,I1,N5,0.0,0.0,7.884425179683208e-07,200.0,199.99999921155748,0.0,0.0,200.0
24,I1,N6,0.0,0.0,7.885334436226586e-07,200.0,199.99999921146656,0.0,0.0,200.0
24,I1,N7,0.0,0.0,7.847937647653475e-07,200.0,199.99999921520623,0.0,0.0,200.0
24,I1,N8,105.63528244384682,376.108966286128,105.63568031184539,105.63567925753746,0.0,46.855560582596574,0.0,0.0002642190461301652
24,I1,N9,0.0,0.0,7.874514837350276e-07,200.0,199.99999921254852,0.0,0.0,200.0
24,I2,N1,0.0,0.0,3.473714487998414e-07,200.0,199.99999965262856,0.0,0.0,200.0
24,I2,N2,0.0,0.0,3.4737359152005056e-07,200.0,199.9999996526264,0.0,0.0,200.0
24,I2,N3,0.0,0.0,3.474034064604785e-07,200.0,199.99999965259659,0.0,0.0,200.0
24,I2,N4,0.0,0.0,3.473680349549402e-07,200.0,199.99999965263197,0.0,0.0,200.0
24,I2,N5,0.0,0.0,3.4986994283779944e-07,200.0,199.99999965013006,0.0,0.0,200.0
24,I2,N6,0.0,0.0,3.4725945187366315e-07,200.0,199.99999965274054,0.0,0.0,200.0
24,I2,N7,0.0,0.0,3.4369834310277624e-07,200.0,199.99999965630167,0.0,0.0,200.0
24,I2,N8,94.36445333710707,316.74114470921234,94.36485112104066,94.36485017881937,0.0,63.6968420863222,0.0,0.0002642190461301652
24,I2,N9,0.0,0.0,3.4740233769322755e-07,200.0,199.99999965259767,0.0,0.0,200.0
24,I3,N1,0.0,0.0,3.034812441762314e-07,200.0,199.99999969651876,0.0,0.0,200.0
24,I3,N2,0.0,0.0,3.096237067617562e-07,200.0,199.99999969037628,0.0,0.0,200.0
24,I3,N3,0.0,0.0,3.0028379892866797e-07,200.0,199.9999996997162,0.0,0.0,200.0
24,I3,N4,0.0,0.0,3.0324605704788876e-07,200.0,199.99999969675395,0.0,0.0,200.0
24,I3,N5,0.0,0.0,3.036822198616315e-07,200.0,199.9999996963178,0.0,0.0,200.0
24,I3,N6,0.0,0.0,3.0208350441108946e-07,200.0,199.9999996979165,0.0,0.0,200.0
24,I3,N7,0.0,0.0,3.0983700111361655e-07,200.0,199.999999690163,0.0,0.0,200.0
24,I3,N8,0.0,0.0,2.9770027250346437e-07,0.0005294363568282279,0.0005291386565557245,0.00017180255055220306,9.090737079203966e-08,0.0002642190461301652
24,I3,N9,0.0,0.0,3.00283465186836e-07,200.0,199.99999969971654,0.0,0.0,200.0
24,I4,N1,0.0,0.0,1.6044565938712395e-06,200.0,199.9999983955434,0.0,0.0,200.0
24,I4,N2,0.0,0.0,1.4738629512258272e-06,200.0,199.99999852613706,0.0,0.0,200.0
24,I4,N3,0.0,0.0,1.12038854123046e-06,200.0,199.99999887961147,0.0,0.0,200.0
24,I4,N4,0.0,0.0,1.6044575701109921e-06,200.0,199.99999839554243,0.0,0.0,200.0
24,I4,N5,0.0,0.0,1.6046549806100238e-06,200.0,199.99999839534502,0.0,0.0,200.0
24,I4,N6,0.0,0.0,1.1215484668003174e-06,200.0,199.99999887845152,0.0,0.0,200.0
24,I4,N7,0.0,0.0,1.4564488164630975e-06,200.0,199.9999985435512,0.0,0.0,200.0
24,I4,N8,0.0,0.0,1.120869178246103e-06,0.0005294363568282279,0.0005283154876499818,0.000600765505643821,3.173937210775032e-07,0.0002642190461301652
24,I4,N9,0.0,0.0,1.1203165878687685e-06,200.0,199.9999988796834,0.0,0.0,200.0
25,I1,N1,0.0,0.0,4.337245903160642e-07,200.0,199.99999956627542,0.0,0.0,200.0
25,I1,N2,0.0,0.0,4.3187279189800535e-07,200.0,199.9999995681272,0.0,0.0,200.0
25,I1,N3,0.0,0.0,5.218991933264887e-07,200.0,199.99999947810082,0.0,0.0,200.0
25,I1,N4,0.0,0.0,4.335510238546947e-07,200.0,199.99999956644896,0.0,0.0,200.0
25,I1,N5,0.0,0.0,4.3178363644158107e-07,200.0,199.99999956821637,0.0,0.0,200.0
25,I1,N6,0.0,0.0,5.21354520589722e-07,200.0,199.9999994786455,0.0,0.0,200.0
25,I1,N7,0.0,0.0,4.318186417775865e-07,200.0,199.99999956818135,0.0,0.0,200.0
25,I1,N8,105.63534876216366,376.3622818805353,105.63554771711414,105.63554666289293,0.0,44.984401892967725,0.0,0.00013161041698595
25,I1,N9,0.0,0.0,5.174540263498809e-07,200.0,199.99999948254597,0.0,0.0,200.0
25,I2,N1,0.0,0.0,2.784086576742769e-07,200.0,199.99999972159134,0.0,0.0,200.0
25,I2,N2,0.0,0.0,2.7812016730359183e-07,200.0,199.99999972187985,0.0,0.0,200.0
25,I2,N3,0.0,0.0,2.841887193368998e-07,200.0,199.99999971581127,0.0,0.0,200.0
25,I2,N4,0.0,0.0,2.7841184097421867e-07,200.0,199.99999972158815,0.0,0.0,200.0
25,I2,N5,0.0,0.0,2.7812833008634547e-07,200.0,199.99999972187166,0.0,0.0,200.0
25,I2,N6,0.0,0.0,2.9457647770879623e-07,200.0,199.99999970542353,0.0,0.0,200.0
25,I2,N7,0.0,0.0,2.7810750863906233e-07,200.0,199.9999997218925,0.0,0.0,200.0
25,I2,N8,94.36451962741936,324.77513373213947,94.36471849835621,94.36471755615318,0.0,62.95004527013901,0.0,0.00013161041698595
25,I2,N9,0.0,0.0,2.8439603659860803e-07,200.0,199.99999971560396,0.0,0.0,200.0
25,I3,N1,0.0,0.0,5.978760263070281e-07,200.0,199.99999940212396,0.0,0.0,200.0
25,I3,N2,0.0,0.0,5.513602943635165e-07,200.0,199.9999994486397,0.0,0.0,200.0
25,I3,N3,0.0,0.0,4.717437078826109e-07,200.0,199.9999995282563,0.0,0.0,200.0
25,I3,N4,0.0,0.0,5.960828455980931e-07,200.0,199.99999940391714,0.0,0.0,200.0
25,I3,N5,0.0,0.0,5.894101966300908e-07,200.0,199.9999994105898,0.0,0.0,200.0
25,I3,N6,0.0,0.0,4.5464700889911934e-07,200.0,199.99999954535298,0.0,0.0,200.0
25,I3,N7,0.0,0.0,5.516979981010274e-07,200.0,199.999999448302,0.0,0.0,200.0
25,I3,N8,0.0,0.0,4.616967436900264e-07,0.0002642190461301652,0.0002637573493864752,0.0003446563136810393,9.090563574582448e-08,0.00013161041698595
25,I3,N9,0.0,0.0,4.7174224316225297e-07,200.0,199.99999952825775,0.0,0.0,200.0
25,I4,N1,0.0,0.0,2.0964824744940306e-06,200.0,199.99999790351754,0.0,0.0,200.0
25,I4,N2,0.0,0.0,2.1056215352494873e-06,200.0,199.99999789437845,0.0,0.0,200.0
25,I4,N3,0.0,0.0,2.0841584853907113e-06,200.0,199.9999979158415,0.0,0.0,200.0
25,I4,N4,0.0,0.0,2.0964715041465436e-06,200.0,199.9999979035285,0.0,0.0,200.0
25,I4,N5,0.0,0.0,2.098435284235543e-06,200.0,199.9999979015647,0.0,0.0,200.0
25,I4,N6,0.0,0.0,2.1335362675098367e-06,200.0,199.99999786646373,0.0,0.0,200.0
25,I4,N7,0.0,0.0,2.1056036004259264e-06,200.0,199.9999978943964,0.0,0.0,200.0
25,I4,N8,0.0,0.0,1.95212199653168e-06,0.0002642190461301652,0.00026226692413363354,0.0012101449822292103,3.173810022450056e-07,0.00013161041698595
25,I4,N9,0.0,0.0,2.0841036952990213e-06,200.0,199.9999979158963,0.0,0.0,200.0
26,I1,N1,0.0,0.0,4.405077511099916e-07,200.0,199.99999955949224,-5.574960968626611e-08,-1.1149921912695086e-05,200.0
26,I1,N2,0.0,0.0,4.221935183987949e-07,200.0,199.99999957780648,-5.3234988580825126e-08,-1.0646997693689558e-05,200.0
26,I1,N3,0.0,0.0,1.4123704046459685e-07,200.0,199.99999985876295,-1.9297842065853918e-08,-3.859568410445213e-06,200.0
26,I1,N4,0.0,0.0,4.422561537439205e-07,200.0,199.99999955774385,-5.5871377432155325e-08,-1.1174275461721604e-05,200.0
26,I1,N5,0.0,0.0,4.4457425841663915e-07,200.0,199.99999955542575,-5.5974082200703506e-08,-1.1194816415256065e-05,200.0
26,I1,N6,0.0,0.0,5.020696968162823e-07,200.0,199.9999994979303,-6.274344183136893e-08,-1.2548688334772206e-05,200.0
26,I1,N7,0.0,0.0,4.221645993763562e-07,200.0,199.9999995778354,-5.32344526594895e-08,-1.0646890509424199e-05,200.0
26,I1,N8,105.63538192831471,376.55235934053,105.63548142676785,105.63548037258064,0.0,44.29557377983703,0.0,6.530611364041761e-05
26,I1,N9,0.0,0.0,4.646268079947173e-07,200.0,199.9999995353732,-5.879344611401274e-08,-1.1758689195485538e-05,200.0
26,I2,N1,0.0,0.0,4.0588988848991206e-07,200.0,199.9999995941101,0.0,0.0,200.0
26,I2,N2,0.0,0.0,4.059351046779748e-07,200.0,199.9999995940649,0.0,0.0,200.0
26,I2,N3,0.0,0.0,4.012892039293365e-07,200.0,199.9999995987108,0.0,0.0,200.0
26,I2,N4,0.0,0.0,4.058955156023344e-07,200.0,199.99999959410448,0.0,0.0,200.0
26,I2,N5,0.0,0.0,4.05865302363311e-07,200.0,199.9999995941347,0.0,0.0,200.0
26,I2,N6,0.0,0.0,4.013097452083225e-07,200.0,199.99999959869027,0.0,0.0,200.0
26,I2,N7,0.0,0.0,4.059363527644182e-07,200.0,199.99999959406364,0.0,0.0,200.0
26,I2,N8,94.36455276557163,330.800805244115,94.36465218002846,94.36465123783634,0.0,62.506345541277426,0.0,6.530611364041761e-05
26,I2,N9,0.0,0.0,4.012241452208742e-07,200.0,199.99999959877584,0.0,0.0,200.0
26,I3,N1,0.0,0.0,5.048608243091063e-07,200.0,199.99999949513918,0.0,0.0,200.0
26,I3,N2,0.0,0.0,5.044977485926915e-07,200.0,199.99999949550224,0.0,0.0,200.0
26,I3,N3,0.0,0.0,4.894104135114417e-07,200.0,199.9999995105896,0.0,0.0,200.0
26,I3,N4,0.0,0.0,5.048520293122507e-07,200.0,199.99999949514796,0.0,0.0,200.0
26,I3,N5,0.0,0.0,5.048352864862429e-07,200.0,199.9999994951647,0.0,0.0,200.0
26,I3,N6,0.0,0.0,4.879176448631503e-07,200.0,199.99999951208235,0.0,0.0,200.0
26,I3,N7,0.0,0.0,5.044857823960695e-07,200.0,199.99999949551423,0.0,0.0,200.0
26,I3,N8,0.0,0.0,3.938123770183744e-07,0.00013161041698595,0.00013121660460893163,0.0006927641713426078,9.090216235829713e-08,6.530611364041761e-05
26,I3,N9,0.0,0.0,4.894091341222294e-07,200.0,199.99999951059087,0.0,0.0,200.0
26,I4,N1,0.0,0.0,2.321153661698237e-05,200.0,199.99997678846339,3.223605943133685e-08,6.447211138018897e-06,200.0
26,I4,N2,0.0,0.0,2.366769771215869e-05,200.0,199.99997633230228,3.213932737909067e-08,6.427864715154249e-06,200.0
26,I4,N3,0.0,0.0,2.3208871202070346e-05,200.0,199.9999767911288,3.213511557013277e-08,6.427022368206796e-06,200.0
26,I4,N4,0.0,0.0,2.3211939918689892e-05,200.0,199.99997678806008,3.2140745171726994e-08,6.428148288296353e-06,200.0
26,I4,N5,0.0,0.0,2.366532914259e-05,200.0,199.99997633467086,3.213782934377066e-08,6.427565108201823e-06,200.0
26,I4,N6,0.0,0.0,2.3207396464499563e-05,200.0,199.99997679260355,3.213200219566035e-08,6.426399693431956e-06,200.0
26,I4,N7,0.0,0.0,2.366713847801074e-05,200.0,199.99997633286154,3.214232842734008e-08,6.428464924751079e-06,200.0
26,I4,N8,0.0,0.0,6.065447262323205e-07,0.00013161041698595,0.00013100387225971767,0.049164755548722065,6.440773355585031e-06,6.530611364041761e-05
26,I4,N9,0.0,0.0,2.320890293021841e-05,200.0,199.99997679109708,3.213528201048863e-08,6.427055656273086e-06,200.0
27,I1,N1,0.0,0.0,6.65820958112521e-06,200.0,199.99999334179043,0.0,0.0,200.0
27,I1,N2,0.0,0.0,6.6560207951138756e-06,200.0,199.9999933439792,0.0,0.0,200.0
27,I1,N3,0.0,0.0,6.657068887646143e-06,200.0,199.9999933429311,0.0,0.0,200.0
27,I1,N4,0.0,0.0,6.6582095972643175e-06,200.0,199.9999933417904,0.0,0.0,200.0
27,I1,N5,0.0,0.0,6.658211658231719e-06,200.0,199.99999334178835,0.0,0.0,200.0
27,I1,N6,0.0,0.0,6.655281602759659e-06,200.0,199.9999933447184,0.0,0.0,200.0
27,I1,N7,0.0,0.0,6.655985612711846e-06,200.0,199.9999933440144,0.0,0.0,200.0
27,I1,N8,105.63539849906317,359.3119795983134,105.63544821130853,105.63544723442837,0.0,23.213970101269584,0.0,3.217328892901605e-05
27,I1,N9,0.0,0.0,6.656856265828602e-06,200.0,199.99999334314373,0.0,0.0,200.0
27,I2,N1,0.0,0.0,6.293856856535248e-07,200.0,199.99999937061432,0.0,0.0,200.0
27,I2,N2,0.0,0.0,6.294644320209935e-07,200.0,199.99999937053556,0.0,0.0,200.0
27,I2,N3,0.0,0.0,6.299802741361935e-07,200.0,199.99999937001974,0.0,0.0,200.0
27,I2,N4,0.0,0.0,6.293859071404413e-07,200.0,199.9999993706141,0.0,0.0,200.0
27,I2,N5,0.0,0.0,6.294092121657907e-07,200.0,199.99999937059079,0.0,0.0,200.0
27,I2,N6,0.0,0.0,6.280152490807578e-07,200.0,199.99999937198476,0.0,0.0,200.0
27,I2,N7,0.0,0.0,6.249617480032973e-07,200.0,199.99999937503824,0.0,0.0,200.0
27,I2,N8,94.3645693276479,335.32012502065567,94.36461901387665,94.36461807168529,0.0,62.48801402039823,0.0,3.217328892901605e-05
27,I2,N9,0.0,0.0,6.297087113275805e-07,200.0,199.99999937029128,0.0,0.0,200.0
27,I3,N1,0.0,0.0,4.447874742377659e-07,200.0,199.99999955521253,0.0,0.0,200.0
27,I3,N2,0.0,0.0,4.4448679967003897e-07,200.0,199.9999995555132,0.0,0.0,200.0
27,I3,N3,0.0,0.0,4.3761999420916293e-07,200.0,199.99999956238,0.0,0.0,200.0
27,I3,N4,0.0,0.0,3.039630295366789e-07,200.0,199.99999969603698,0.0,0.0,200.0
27,I3,N5,0.0,0.0,4.4464403289451444e-07,200.0,199.99999955535597,0.0,0.0,200.0
27,I3,N6,0.0,0.0,4.3231758897536917e-07,200.0,199.9999995676824,0.0,0.0,200.0
27,I3,N7,0.0,0.0,4.397916376725956e-07,200.0,199.99999956020835,0.0,0.0,200.0
27,I3,N8,0.0,0.0,3.089452523775841e-08,6.530611364041761e-05,6.527521911517985e-05,0.0013924911926003088,9.089516771294326e-08,3.217328892901605e-05
27,I3,N9,0.0,0.0,4.372668282377704e-07,200.0,199.99999956273317,0.0,0.0,200.0
27,I4,N1,0.0,0.0,1.8095328434617926e-06,200.0,199.99999819046715,0.0,0.0,200.0
27,I4,N2,0.0,0.0,1.8106437139407181e-06,200.0,199.9999981893563,0.0,0.0,200.0
27,I4,N3,0.0,0.0,1.858798496821519e-06,200.0,199.9999981412015,0.0,0.0,200.0
27,I4,N4,0.0,0.0,1.7935880255914318e-06,200.0,199.999998206412,0.0,0.0,200.0
27,I4,N5,0.0,0.0,1.8097551024352394e-06,200.0,199.9999981902449,0.0,0.0,200.0
27,I4,N6,0.0,0.0,1.8567500802245418e-06,200.0,199.9999981432499,0.0,0.0,200.0
27,I4,N7,0.0,0.0,1.8120760156823084e-06,200.0,199.99999818792398,0.0,0.0,200.0
27,I4,N8,0.0,0.0,1.645808693309083e-06,6.530611364041761e-05,6.366030494710852e-05,0.004985051019646696,3.173498680876029e-07,3.217328892901605e-05
27,I4,N9,0.0,0.0,1.8587800540447682e-06,200.0,199.99999814121995,0.0,0.0,200.0
28,I1,N1,0.0,0.0,5.162825317036611e-07,200.0,199.99999948371746,0.0,0.0,200.0
28,I1,N2,0.0,0.0,5.162790442125794e-07,200.0,199.99999948372096,0.0,0.0,200.0
28,I1,N3,0.0,0.0,5.163033867373136e-07,200.0,199.99999948369663,0.0,0.0,200.0
28,I1,N4,0.0,0.0,5.162825062734066e-07,200.0,199.9999994837175,0.0,0.0,200.0
28,I1,N5,0.0,0.0,5.162837692805133e-07,200.0,199.99999948371624,0.0,0.0,200.0
28,I1,N6,0.0,0.0,5.17959743503906e-07,200.0,199.99999948204027,0.0,0.0,193.57935387489414
28,I1,N7,0.0,0.0,5.162790327294065e-07,200.0,199.99999948372096,0.0,0.0,200.0
28,I1,N8,105.6354068059335,363.76563959075196,105.6354317265445,105.6354306723521,0.0,42.050196835047295,0.0,1.5587549512474652e-05
28,I1,N9,0.0,0.0,5.162981718261736e-07,200.0,199.99999948370183,0.0,0.0,200.0
28,I2,N1,0.0,0.0,5.170003129104866e-07,200.0,199.9999994829997,0.0,0.0,200.0
28,I2,N2,0.0,0.0,5.171679341901942e-07,200.0,199.99999948283207,0.0,0.0,200.0
28,I2,N3,0.0,0.0,5.101266551771995e-07,200.0,199.99999948987335,0.0,0.0,200.0
28,I2,N4,0.0,0.0,5.169996625780853e-07,200.0,199.99999948300035,0.0,0.0,200.0
28,I2,N5,0.0,0.0,5.17119147972664e-07,200.0,199.99999948288084,0.0,0.0,200.0
28,I2,N6,6.4206461251058675,12.841292250719071,25.68258450042347,200.0,174.31741549957653,0.0,0.0,193.57935387489414
28,I2,N7,0.0,0.0,5.1717128745096e-07,200.0,199.9999994828287,0.0,0.0,200.0
28,I2,N8,94.36457760651697,338.7102224936977,94.36460244312426,94.36460150093683,0.0,62.32675885159958,0.0,1.5587549512474652e-05
28,I2,N9,0.0,0.0,5.100050949064443e-07,200.0,199.9999994899949,0.0,0.0,200.0
28,I3,N1,0.0,0.0,3.374862115164006e-07,200.0,199.9999996625138,0.0,0.0,200.0
28,I3,N2,0.0,0.0,3.350379152261595e-07,200.0,199.99999966496208,0.0,0.0,200.0
28,I3,N3,0.0,0.0,3.044009925166306e-07,200.0,199.999999695599,0.0,0.0,200.0
28,I3,N4,0.0,0.0,3.3733189984732917e-07,200.0,199.9999996626681,0.0,0.0,200.0
28,I3,N5,0.0,0.0,4.7373279620008657e-07,200.0,199.9999995262672,0.0,0.0,200.0
28,I3,N6,0.0,0.0,3.051597161045663e-07,200.0,199.99999969484028,0.0,0.0,193.57935387489414
28,I3,N7,0.0,0.0,3.3415858302203256e-07,200.0,199.99999966584141,0.0,0.0,200.0
28,I3,N8,0.0,0.0,5.8325391546228845e-09,3.217328892901605e-05,3.216745638986143e-05,0.002825241677501625,9.088083845185248e-08,1.5587549512474652e-05
28,I3,N9,0.0,0.0,3.044154163486422e-07,200.0,199.9999996955846,0.0,0.0,200.0
28,I4,N1,0.0,0.0,1.1121856115000935e-06,200.0,199.9999988878144,0.0,0.0,200.0
28,I4,N2,0.0,0.0,1.1119217342261116e-06,200.0,199.99999888807827,0.0,0.0,200.0
28,I4,N3,0.0,0.0,1.11167098334018e-06,200.0,199.999998888329,0.0,0.0,200.0
28,I4,N4,0.0,0.0,1.1118572257106973e-06,200.0,199.99999888814278,0.0,0.0,200.0
28,I4,N5,0.0,0.0,1.1119226155242737e-06,200.0,199.99999888807739,0.0,0.0,200.0
28,I4,N6,0.0,0.0,1.1119673488411e-06,200.0,199.99999888803265,0.0,0.0,193.57935387489414
28,I4,N7,0.0,0.0,1.1119070562206856e-06,200.0,199.99999888809293,0.0,0.0,200.0
28,I4,N8,0.0,0.0,6.118506202668035e-07,3.217328892901605e-05,3.156143830874925e-05,0.010053104838419433,3.1729044816916353e-07,1.5587549512474652e-05
28,I4,N9,0.0,0.0,1.1546401941448319e-06,200.0,199.9999988453598,0.0,0.0,200.0
29,I1,N1,0.0,0.0,3.4023481993195995e-07,200.0,199.99999965976517,0.0,0.0,200.0
29,I1,N2,0.0,0.0,3.401176474753935e-07,200.0,199.99999965988235,0.0,0.0,200.0
29,I1,N3,0.0,0.0,3.418649825362904e-07,200.0,199.999999658135,0.0,0.0,200.0
29,I1,N4,0.0,0.0,3.402486883374043e-07,200.0,199.99999965975132,0.0,0.0,200.0
29,I1,N5,0.0,0.0,3.3971798328301935e-07,200.0,199.99999966028201,0.0,0.0,200.0
29,I1,N6,0.0,0.0,3.414408720792803e-07,193.57935387489414,193.57935353345326,0.0,0.0,175.52770512573554
29,I1,N7,0.0,0.0,3.4011813356252676e-07,200.0,199.99999965988187,0.0,0.0,200.0
29,I1,N8,105.6354109658891,349.69324243285143,105.63542344575585,105.63542239348303,0.0,22.273957564817188,0.0,7.295877651358751e-06
29,I1,N9,0.0,0.0,3.4185898959842624e-07,200.0,199.999999658141,0.0,0.0,200.0
29,I2,N1,0.0,0.0,4.264514208583846e-07,200.0,199.9999995735486,0.0,0.0,200.0
29,I2,N2,0.0,0.0,4.653250803342718e-07,200.0,199.9999995346749,0.0,0.0,200.0
29,I2,N3,0.0,0.0,3.615767931589913e-07,200.0,199.99999963842322,0.0,0.0,200.0
29,I2,N4,0.0,0.0,4.293779886217933e-07,200.0,199.999999570622,0.0,0.0,200.0
29,I2,N5,0.0,0.0,4.682513530416266e-07,200.0,199.99999953174864,0.0,0.0,200.0
29,I2,N6,24.472294874264456,74.64167787347672,78.62724112174023,200.0,121.37275887825977,0.0,0.0,175.52770512573554
29,I2,N7,0.0,0.0,4.690572158977613e-07,200.0,199.99999953094277,0.0,0.0,200.0
29,I2,N8,94.36458173823327,322.523463173987,94.36459413338211,94.3645931940665,0.0,20.993597663944648,0.0,7.295877651358751e-06
29,I2,N9,0.0,0.0,3.608486996071536e-07,200.0,199.9999996391513,0.0,0.0,200.0
29,I3,N1,0.0,0.0,3.047100681980727e-07,200.0,199.99999969528994,0.0,0.0,200.0
29,I3,N2,0.0,0.0,3.127224979016678e-07,200.0,199.9999996872775,0.0,0.0,200.0
29,I3,N3,0.0,0.0,3.0015002700515847e-07,200.0,199.99999969984998,0.0,0.0,200.0
29,I3,N4,0.0,0.0,3.0532303418737224e-07,200.0,199.99999969467697,0.0,0.0,200.0
29,I3,N5,0.0,0.0,3.142666357367672e-07,200.0,199.99999968573337,0.0,0.0,200.0
29,I3,N6,0.0,0.0,3.002372032576436e-07,193.57935387489414,193.57935357465695,0.0,0.0,175.52770512573554
29,I3,N7,0.0,0.0,3.1344124215084274e-07,200.0,199.99999968655877,0.0,0.0,200.0
29,I3,N8,0.0,0.0,0.0,1.5587549512474652e-05,1.5587549512474652e-05,0.005828290277548259,9.084876327435812e-08,7.295877651358751e-06
29,I3,N9,0.0,0.0,3.0014971391881985e-07,200.0,199.9999996998503,0.0,0.0,200.0
29,I4,N1,0.0,0.0,2.11007385175534e-06,200.0,199.99999788992614,0.0,0.0,200.0
29,I4,N2,0.0,0.0,2.107390663194319e-06,200.0,199.99999789260934,0.0,0.0,200.0
29,I4,N3,0.0,0.0,2.13106181515975e-06,200.0,199.99999786893818,0.0,0.0,200.0
29,I4,N4,0.0,0.0,2.1097299978459375e-06,200.0,199.99999789027,0.0,0.0,200.0
29,I4,N5,0.0,0.0,2.109264431049912e-06,200.0,199.99999789073556,0.0,0.0,200.0
29,I4,N6,0.0,0.0,2.107202958699155e-06,193.57935387489414,193.57935176769118,0.0,0.0,175.52770512573554
29,I4,N7,0.0,0.0,2.1076511457308152e-06,200.0,199.99999789234886,0.0,0.0,200.0
29,I4,N8,0.0,0.0,1.45170297196839e-06,1.5587549512474652e-05,1.4135846540506262e-05,0.02206556364416887,3.119154215037453e-07,7.295877651358751e-06
29,I4,N9,0.0,0.0,2.1308934519280545e-06,200.0,199.99999786910655,0.0,0.0,200.0
30,I1,N1,0.0,0.0,5.606153988673736e-07,200.0,199.9999994393846,0.0,0.0,200.0
30,I1,N2,0.0,0.0,5.603268643720216e-07,200.0,199.99999943967313,0.0,0.0,200.0
30,I1,N3,0.0,0.0,5.601641518897996e-07,200.0,199.99999943983585,0.0,0.0,200.0
30,I1,N4,0.0,0.0,5.605471926850651e-07,200.0,199.9999994394528,0.0,0.0,200.0
30,I1,N5,0.0,0.0,5.605358816177926e-07,200.0,199.99999943946412,0.0,0.0,200.0
30,I1,N6,0.0,0.0,5.60243579231689e-07,175.52770512573554,175.52770456549194,0.0,0.0,161.98938634458256
30,I1,N7,0.0,0.0,5.604248702775438e-07,200.0,199.99999943957513,0.0,0.0,200.0
30,I1,N8,105.63541305340416,356.0102346005949,105.63541931594938,105.63541826176673,0.0,41.86399184217648,0.0,3.1495725636432326e-06
30,I1,N9,0.0,0.0,5.602013669427485e-07,200.0,199.99999943979864,0.0,0.0,200.0
30,I2,N1,0.0,0.0,2.6584470726507873e-07,200.0,199.9999997341553,0.0,0.0,200.0
30,I2,N2,0.0,0.0,2.658213945012254e-07,200.0,199.9999997341786,0.0,0.0,200.0
30,I2,N3,0.0,0.0,2.6592548247321467e-07,200.0,199.99999973407452,0.0,0.0,200.0
30,I2,N4,0.0,0.0,2.658454514178185e-07,200.0,199.99999973415456,0.0,0.0,200.0
30,I2,N5,0.0,0.0,2.6583392486583595e-07,200.0,199.99999973416607,0.0,0.0,200.0
30,I2,N6,38.01061365541745,120.99160605587575,78.62556999887644,200.0,121.37443000112356,0.0,0.0,161.98938634458256
30,I2,N7,0.0,0.0,2.6582142064605315e-07,200.0,199.99999973417857,0.0,0.0,200.0
30,I2,N8,94.36458379702327,310.3829785138622,94.3645899733933,94.3645890341109,0.0,20.83399517143777,0.0,3.1495725636432326e-06
30,I2,N9,0.0,0.0,2.659184623061702e-07,200.0,199.99999973408154,0.0,0.0,200.0
30,I3,N1,0.0,0.0,3.135509515021497e-07,200.0,199.99999968644906,0.0,0.0,200.0
30,I3,N2,0.0,0.0,3.1352849622942054e-07,200.0,199.9999996864715,0.0,0.0,200.0
30,I3,N3,0.0,0.0,3.136922517676607e-07,200.0,199.99999968630775,0.0,0.0,200.0
30,I3,N4,0.0,0.0,3.135505867444798e-07,200.0,199.9999996864494,0.0,0.0,200.0
30,I3,N5,0.0,0.0,3.1353275436702315e-07,200.0,199.99999968646725,0.0,0.0,200.0
30,I3,N6,0.0,0.0,3.137043409404392e-07,175.52770512573554,175.5277048120312,0.0,0.0,161.98938634458256
30,I3,N7,0.0,0.0,3.1353002022561474e-07,200.0,199.99999968646998,0.0,0.0,200.0
30,I3,N8,0.0,0.0,4.337982205584916e-08,7.295877651358751e-06,7.252497829302902e-06,0.012517496288476523,9.078311466048312e-08,3.1495725636432326e-06
30,I3,N9,0.0,0.0,3.2847365645141134e-07,200.0,199.99999967152635,0.0,0.0,200.0
30,I4,N1,0.0,0.0,1.2258679911093825e-06,200.0,199.999998774132,0.0,0.0,200.0
30,I4,N2,0.0,0.0,1.2980492058852775e-06,200.0,199.9999987019508,0.0,0.0,200.0
30,I4,N3,0.0,0.0,1.1751184369761393e-06,200.0,199.99999882488157,0.0,0.0,200.0
30,I4,N4,0.0,0.0,1.225903873778468e-06,200.0,199.99999877409613,0.0,0.0,200.0
30,I4,N5,0.0,0.0,1.3288232330283351e-06,200.0,199.99999867117677,0.0,0.0,200.0
30,I4,N6,0.0,0.0,1.176470748467132e-06,175.52770512573554,175.52770394926478,0.0,0.0,161.98938634458256
30,I4,N7,0.0,0.0,1.2980513600061199e-06,200.0,199.99999870194864,0.0,0.0,200.0
30,I4,N8,0.0,0.0,0.0,7.295877651358751e-06,7.295877651358751e-06,0.04344294987492651,3.1695444710157474e-07,3.1495725636432326e-06
30,I4,N9,0.0,0.0,1.1594552869099396e-06,200.0,199.99999884054472,0.0,0.0,200.0
31,I1,N1,0.0,0.0,9.750578015832314e-06,200.0,199.99999024942198,0.0,0.0,200.0
31,I1,N2,0.0,0.0,9.750676362398888e-06,200.0,199.99999024932364,0.0,0.0,200.0
31,I1,N3,0.0,0.0,9.750854362698196e-06,200.0,199.99999024914564,0.0,0.0,200.0
31,I1,N4,0.0,0.0,9.750679877652454e-06,200.0,199.99999024932012,0.0,0.0,200.0
31,I1,N5,0.0,0.0,9.750683568572738e-06,200.0,199.99999024931643,0.0,0.0,200.0
31,I1,N6,0.0,0.0,9.750805357143987e-06,161.98938634458256,161.9893765937772,1.1370668915023208e-08,1.8419275689988504e-06,151.83542109290926
31,I1,N7,0.0,0.0,9.750504365993796e-06,200.0,199.99999024949562,0.0,0.0,200.0
31,I1,N8,105.63541409398074,357.4940078046483,105.63541721571046,105.63541620297673,0.0,42.29473756418104,0.0,1.0867900357425242e-06
31,I1,N9,0.0,0.0,9.750857912281109e-06,200.0,199.9999902491421,0.0,0.0,200.0
31,I2,N1,0.0,0.0,2.3068125031940816e-07,200.0,199.99999976931875,0.0,0.0,200.0
31,I2,N2,0.0,0.0,2.3068319481732442e-07,200.0,199.99999976931682,0.0,0.0,200.0
31,I2,N3,0.0,0.0,2.3069492736948762e-07,200.0,199.99999976930508,0.0,0.0,200.0
31,I2,N4,0.0,0.0,2.306812509130622e-07,200.0,199.99999976931875,0.0,0.0,200.0
31,I2,N5,0.0,0.0,2.3068186754680087e-07,200.0,199.99999976931812,0.0,0.0,200.0
31,I2,N6,48.16457890709076,155.7542941260113,78.62647466211068,200.0,121.37352533788932,0.0,0.0,151.83542109290926
31,I2,N7,0.0,0.0,2.3068318473940538e-07,200.0,199.99999976931682,0.0,0.0,200.0
31,I2,N8,94.36458481922922,301.27798472027655,94.36458788584707,94.36458694659584,0.0,20.68635266642025,0.0,1.0867900357425242e-06
31,I2,N9,0.0,0.0,2.306949281659699e-07,200.0,199.99999976930508,0.0,0.0,200.0
31,I3,N1,0.0,0.0,3.1824644103311506e-07,200.0,199.99999968175356,0.0,0.0,200.0
31,I3,N2,0.0,0.0,3.1858743512665573e-07,200.0,199.99999968141256,0.0,0.0,200.0
31,I3,N3,0.0,0.0,3.2853404612386936e-07,200.0,199.99999967146596,0.0,0.0,200.0
31,I3,N4,0.0,0.0,3.1836666834979797e-07,200.0,199.99999968163334,0.0,0.0,200.0
31,I3,N5,0.0,0.0,3.1868342175013096e-07,200.0,199.99999968131658,0.0,0.0,200.0
31,I3,N6,0.0,0.0,3.2624699846301147e-07,161.98938634458256,161.98938601833555,0.0,0.0,151.83542109290926
31,I3,N7,0.0,0.0,3.263697351532053e-07,200.0,199.99999967363027,0.0,0.0,200.0
31,I3,N8,0.0,0.0,1.6977339615547514e-08,3.1495725636432326e-06,3.132595224027685e-06,0.02892803153758327,9.06198134351556e-08,1.0867900357425242e-06
31,I3,N9,0.0,0.0,3.2893314997983777e-07,200.0,199.99999967106686,0.0,0.0,200.0
31,I4,N1,0.0,0.0,1.1161751153742844e-06,200.0,199.99999888382487,0.0,0.0,200.0
31,I4,N2,0.0,0.0,1.1150761907974503e-06,200.0,199.9999988849238,0.0,0.0,200.0
31,I4,N3,0.0,0.0,1.015375632926166e-06,200.0,199.99999898462437,0.0,0.0,200.0
31,I4,N4,0.0,0.0,1.116173174720778e-06,200.0,199.99999888382683,0.0,0.0,200.0
31,I4,N5,0.0,0.0,1.116116031808812e-06,200.0,199.99999888388396,0.0,0.0,200.0
31,I4,N6,0.0,0.0,1.0275712641585579e-06,161.98938634458256,161.98938531701128,0.0,0.0,151.83542109290926
31,I4,N7,0.0,0.0,1.1142886284227718e-06,200.0,199.99999888571136,0.0,0.0,200.0
31,I4,N8,0.0,0.0,0.0,3.1495725636432326e-06,3.1495725636432326e-06,0.10041399449893983,3.162611620796834e-07,1.0867900357425242e-06
31,I4,N9,0.0,0.0,1.0154548481545682e-06,200.0,199.99999898454516,0.0,0.0,200.0
32,I1,N1,0.0,0.0,3.2169755269169636e-07,200.0,199.99999967830246,0.0,0.0,200.0
32,I1,N2,0.0,0.0,3.2090618473583717e-07,200.0,199.9999996790938,0.0,0.0,200.0
32,I1,N3,0.0,0.0,3.2089400378345685e-07,200.0,199.999999679106,0.0,0.0,200.0
32,I1,N4,0.0,0.0,3.216571466990102e-07,200.0,199.99999967834285,0.0,0.0,200.0
32,I1,N5,0.0,0.0,3.211462780023665e-07,200.0,199.99999967885373,0.0,0.0,200.0
32,I1,N6,0.0,0.0,3.1992857311149584e-07,151.83542109290926,151.83542077298068,0.0,0.0,144.2197590954696
32,I1,N7,0.0,0.0,3.2642560120614005e-07,200.0,199.9999996735744,0.0,0.0,200.0
32,I1,N8,105.63541462922687,355.57835192543604,105.63541623496523,105.63541518077078,0.0,42.09356088104269,0.0,4.505091055762023e-08
32,I1,N9,0.0,0.0,3.2094494924067067e-07,200.0,199.99999967905504,0.0,0.0,200.0
32,I2,N1,0.0,0.0,4.793516168684441e-07,200.0,199.99999952064837,0.0,0.0,200.0
32,I2,N2,0.0,0.0,4.793469922623211e-07,200.0,199.999999520653,0.0,0.0,200.0
32,I2,N3,0.0,0.0,4.793791877037277e-07,200.0,199.9999995206208,0.0,0.0,200.0
32,I2,N4,0.0,0.0,4.793516164898141e-07,200.0,199.99999952064837,0.0,0.0,200.0
32,I2,N5,0.0,0.0,4.793500275633457e-07,200.0,199.99999952064996,0.0,0.0,200.0
32,I2,N6,55.7802409045304,181.82657999685927,78.62722689684931,200.0,121.37277310315069,0.0,0.0,144.2197590954696
32,I2,N7,0.0,0.0,4.793435846872018e-07,200.0,199.99999952065642,0.0,0.0,200.0
32,I2,N8,94.36458532572223,294.4496124813263,94.36458684520125,94.36458590601926,0.0,20.365554465630044,0.0,4.505091055762023e-08
32,I2,N9,0.0,0.0,4.793791853759707e-07,200.0,199.9999995206208,0.0,0.0,200.0
32,I3,N1,0.0,0.0,2.9994114530396534e-07,200.0,199.99999970005885,0.0,0.0,200.0
32,I3,N2,0.0,0.0,2.999543570361825e-07,200.0,199.99999970004563,0.0,0.0,200.0
32,I3,N3,0.0,0.0,3.2002866250672005e-07,200.0,199.99999967997132,0.0,0.0,200.0
32,I3,N4,0.0,0.0,2.999410661441493e-07,200.0,199.99999970005894,0.0,0.0,200.0
32,I3,N5,0.0,0.0,2.999494091747174e-07,200.0,199.99999970005058,0.0,0.0,200.0
32,I3,N6,0.0,0.0,3.1676807048565707e-07,151.83542109290926,151.83542077614118,0.0,0.0,144.2197590954696
32,I3,N7,0.0,0.0,2.9995414889516675e-07,200.0,199.99999970004586,0.0,0.0,200.0
32,I3,N8,0.0,0.0,0.0,1.0867900357425242e-06,1.0867900357425242e-06,0.08286119020219573,9.00527158615124e-08,4.505091055762023e-08
32,I3,N9,0.0,0.0,3.15907479637328e-07,200.0,199.99999968409253,0.0,0.0,200.0
32,I4,N1,0.0,0.0,1.3990777407989397e-06,200.0,199.99999860092225,0.0,0.0,200.0
32,I4,N2,0.0,0.0,1.399539369734587e-06,200.0,199.99999860046063,0.0,0.0,200.0
32,I4,N3,0.0,0.0,1.407867398085566e-06,200.0,199.9999985921326,0.0,0.0,200.0
32,I4,N4,0.0,0.0,1.3978659537255102e-06,200.0,199.99999860213404,0.0,0.0,200.0
32,I4,N5,0.0,0.0,1.4021761431014145e-06,200.0,199.99999859782386,0.0,0.0,200.0
32,I4,N6,0.0,0.0,1.3850908335882997e-06,151.83542109290926,151.83541970781843,0.0,0.0,144.2197590954696
32,I4,N7,0.0,0.0,1.4053070323100007e-06,200.0,199.99999859469295,0.0,0.0,200.0
32,I4,N8,0.0,0.0,1.4999325226210696e-07,1.0867900357425242e-06,9.367967834804172e-07,0.33372332400150434,3.126309364970024e-07,4.505091055762023e-08
32,I4,N9,0.0,0.0,1.3969199823357105e-06,200.0,199.99999860308003,0.0,0.0,200.0
33,I1,N1,0.0,0.0,6.165131880540542e-07,200.0,199.99999938348682,0.0,0.0,200.0
33,I1,N2,0.0,0.0,6.165150707542349e-07,200.0,199.99999938348492,0.0,0.0,200.0
33,I1,N3,0.0,0.0,6.164886277059218e-07,200.0,199.99999938351138,0.0,0.0,200.0
33,I1,N4,0.0,0.0,6.165131878222012e-07,200.0,199.99999938348682,0.0,0.0,200.0
33,I1,N5,0.0,0.0,6.165139692109774e-07,200.0,199.99999938348603,0.0,0.0,200.0
33,I1,N6,0.0,0.0,6.164793795392296e-07,144.2197590954696,144.21975847899023,0.0,0.0,138.50791156904123
33,I1,N7,0.0,0.0,6.165150684873658e-07,200.0,199.99999938348492,0.0,0.0,200.0
33,I1,N8,105.63541465272449,351.17799355992446,105.6354157284545,105.63541467427777,0.0,41.75082334899099,0.0,0.0
33,I1,N9,0.0,0.0,6.164887156748914e-07,200.0,199.9999993835113,0.0,0.0,200.0
33,I2,N1,0.0,0.0,3.428687001520359e-07,200.0,199.9999996571313,0.0,0.0,200.0
33,I2,N2,0.0,0.0,3.428723976081564e-07,200.0,199.9999996571276,0.0,0.0,200.0
33,I2,N3,0.0,0.0,3.429542870448106e-07,200.0,199.99999965704572,0.0,0.0,200.0
33,I2,N4,0.0,0.0,3.428687012500697e-07,200.0,199.9999996571313,0.0,0.0,200.0
33,I2,N5,0.0,0.0,3.428696803565792e-07,200.0,199.99999965713033,0.0,0.0,200.0
33,I2,N6,61.49208843095877,201.38105405897136,78.62763101024389,200.0,121.37236898975611,0.0,0.0,138.50791156904123
33,I2,N7,0.0,0.0,3.4287239861790663e-07,200.0,199.9999996571276,0.0,0.0,200.0
33,I2,N8,94.36458534727551,289.32872819020156,94.3645863099182,94.36458537077313,0.0,20.19848495491037,0.0,0.0
33,I2,N9,0.0,0.0,3.4295433597237687e-07,200.0,199.99999965704566,0.0,0.0,200.0
33,I3,N1,0.0,0.0,6.632017945203344e-06,200.0,199.99999336798206,0.0,0.0,200.0
33,I3,N2,0.0,0.0,6.631262852596567e-06,200.0,199.99999336873714,0.0,0.0,200.0
33,I3,N3,0.0,0.0,5.76926179003846e-06,200.0,199.99999423073822,-2.9258114602798805e-08,-5.851622751762039e-06,200.0
33,I3,N4,0.0,0.0,6.6317702189432965e-06,200.0,199.99999336822978,0.0,0.0,200.0
33,I3,N5,0.0,0.0,6.631578564958967e-06,200.0,199.99999336842143,0.0,0.0,200.0
33,I3,N6,0.0,0.0,8.27174773505896e-06,144.2197590954696,144.21975082372188,0.0,0.0,138.50791156904123
33,I3,N7,0.0,0.0,6.6296216298373535e-06,200.0,199.99999337037838,0.0,0.0,200.0
33,I3,N8,0.0,0.0,0.0,4.505091055762023e-08,4.505091055762023e-08,33.31031360109258,1.5006599586891025e-06,0.0
33,I3,N9,0.0,0.0,6.779163437501813e-06,200.0,199.99999322083656,0.0,0.0,200.0
33,I4,N1,0.0,0.0,1.1300393087107543e-06,200.0,199.99999886996068,0.0,0.0,200.0
33,I4,N2,0.0,0.0,1.130040999274897e-06,200.0,199.999998869959,0.0,0.0,200.0
33,I4,N3,0.0,0.0,1.135948639425579e-06,200.0,199.99999886405135,0.0,0.0,200.0
33,I4,N4,0.0,0.0,1.1300392206718273e-06,200.0,199.9999988699608,0.0,0.0,200.0
33,I4,N5,0.0,0.0,1.1300395730467957e-06,200.0,199.99999886996042,0.0,0.0,200.0
33,I4,N6,0.0,0.0,1.1917472550091663e-06,144.2197590954696,144.21975790372235,0.0,0.0,138.50791156904123
33,I4,N7,0.0,0.0,1.1300527244303434e-06,200.0,199.99999886994726,0.0,0.0,200.0
33,I4,N8,0.0,0.0,0.0,4.505091055762023e-08,4.505091055762023e-08,5.605424231425811,2.5252946568748134e-07,0.0
33,I4,N9,0.0,0.0,1.1358790800351522e-06,200.0,199.99999886412093,0.0,0.0,200.0
34,I1,N1,0.0,0.0,4.62996370208807e-07,200.0,199.99999953700362,0.0,0.0,200.0
34,I1,N2,0.0,0.0,4.5932274315775624e-07,200.0,199.99999954067727,0.0,0.0,200.0
34,I1,N3,0.0,0.0,4.502124863333522e-07,200.0,199.9999995497875,0.0,0.0,200.0
34,I1,N4,0.0,0.0,4.58413620322922e-07,200.0,199.9999995415864,0.0,0.0,200.0
34,I1,N5,0.0,0.0,4.640580855172807e-07,200.0,199.99999953594192,0.0,0.0,200.0
34,I1,N6,0.0,0.0,4.5497049231901997e-07,138.50791156904123,138.50791111407074,0.0,0.0,134.22387071302825
34,I1,N7,0.0,0.0,4.614771853849454e-07,200.0,199.99999953852281,0.0,0.0,200.0
34,I1,N8,105.63541465281061,354.6386852039098,105.63541570468061,105.63541465272449,0.0,21.831296512182085,0.0,0.0
34,I1,N9,0.0,0.0,4.497950678542392e-07,200.0,199.99999955020493,0.0,0.0,200.0
34,I2,N1,0.0,0.0,4.0884738513454563e-07,200.0,199.9999995911526,0.0,0.0,200.0
34,I2,N2,0.0,0.0,4.0915311007502694e-07,200.0,199.9999995908469,0.0,0.0,200.0
34,I2,N3,0.0,0.0,1.8568561908111485e-07,200.0,199.99999981431438,0.0,0.0,200.0
34,I2,N4,0.0,0.0,4.0831572586407265e-07,200.0,199.9999995916843,0.0,0.0,200.0
34,I2,N5,0.0,0.0,4.0050302379726365e-07,200.0,199.999999599497,0.0,0.0,200.0
34,I2,N6,65.77612928697174,216.0474503324367,78.62825185501065,200.0,121.37174814498935,0.0,0.0,134.22387071302825
34,I2,N7,0.0,0.0,4.0757253547439025e-07,200.0,199.99999959242746,0.0,0.0,200.0
34,I2,N8,94.36458534718938,285.4885078151485,94.36458628634031,94.36458534727551,0.0,19.844611061214735,0.0,0.0
34,I2,N9,0.0,0.0,4.2537065731292055e-07,200.0,199.99999957462936,0.0,0.0,200.0
34,I3,N1,0.0,0.0,7.195130624057437e-06,200.0,199.99999280486938,0.0,0.0,200.0
34,I3,N2,0.0,0.0,7.944267540726383e-06,200.0,199.99999205573246,0.0,0.0,200.0
34,I3,N3,0.0,0.0,6.914528598990749e-06,200.0,199.9999930854714,0.0,0.0,200.0
34,I3,N4,0.0,0.0,7.1952988466432425e-06,200.0,199.99999280470115,0.0,0.0,200.0
34,I3,N5,0.0,0.0,7.016560580915676e-06,200.0,199.99999298343943,0.0,0.0,200.0
34,I3,N6,0.0,0.0,6.912616871738509e-06,138.50791156904123,138.50790465642436,1.3204776476992727e-08,1.8289659212847038e-06,134.22387071302825
34,I3,N7,0.0,0.0,7.75073792721212e-06,200.0,199.99999224926208,0.0,0.0,200.0
34,I3,N8,0.0,0.0,0.0,0.0,0.0,178.68078054731367,0.0,0.0
34,I3,N9,0.0,0.0,6.91452862983658e-06,200.0,199.99999308547137,0.0,0.0,200.0
34,I4,N1,0.0,0.0,2.3426976208769205e-05,200.0,199.9999765730238,3.232750480049603e-08,6.46550020276352e-06,200.0
34,I4,N2,0.0,0.0,2.337575584692951e-05,200.0,199.99997662424414,3.2323995710777454e-08,6.464798386557659e-06,200.0
34,I4,N3,0.0,0.0,2.3343669818820733e-05,200.0,199.99997665633018,3.232256074559824e-08,6.4645113945924624e-06,200.0
34,I4,N4,0.0,0.0,2.342661879020884e-05,200.0,199.99997657338122,3.232754162341853e-08,6.465507567358713e-06,200.0
34,I4,N5,0.0,0.0,2.3403376272015417e-05,200.0,199.99997659662372,3.2325676662056486e-08,6.465134575881323e-06,200.0
34,I4,N6,0.0,0.0,2.3574708682034065e-05,138.50791156904123,138.50788799433255,4.637801968306739e-08,6.4237215556612485e-06,134.22387071302825
34,I4,N7,0.0,0.0,2.336987109451922e-05,200.0,199.9999766301289,3.2323497679853096e-08,6.464698780574645e-06,200.0
34,I4,N8,0.0,0.0,0.0,0.0,0.0,623.3832643465046,0.0,0.0
34,I4,N9,0.0,0.0,2.3345122392507622e-05,200.0,199.9999766548776,3.2322588784940686e-08,6.4645170024133455e-06,200.0
35,I1,N1,0.0,0.0,4.420294973309122e-07,200.0,199.9999995579705,0.0,0.0,200.0
35,I1,N2,0.0,0.0,4.420756659033182e-07,200.0,199.99999955792433,0.0,0.0,200.0
35,I1,N3,0.0,0.0,4.42012643350671e-07,200.0,199.99999955798737,0.0,0.0,200.0
35,I1,N4,0.0,0.0,4.420327194362772e-07,200.0,199.99999955796727,0.0,0.0,200.0
35,I1,N5,0.0,0.0,4.4206698724295464e-07,200.0,199.99999955793302,0.0,0.0,200.0
35,I1,N6,0.0,0.0,4.419663272846017e-07,134.22387071302825,134.2238702710619,0.0,0.0,131.0108292535881
35,I1,N7,0.0,0.0,4.4209526111350986e-07,200.0,199.99999955790474,0.0,0.0,200.0
35,I1,N8,105.63541465292074,355.59312971526396,105.6354157049439,105.63541465281062,0.0,21.537964030629016,0.0,0.0
35,I1,N9,0.0,0.0,4.420115637761624e-07,200.0,199.99999955798845,0.0,0.0,200.0
35,I2,N1,0.0,0.0,3.685142005583924e-07,200.0,199.9999996314858,0.0,0.0,200.0
35,I2,N2,0.0,0.0,3.6955938424198394e-07,200.0,199.9999996304406,0.0,0.0,200.0
35,I2,N3,0.0,0.0,3.6950646211265354e-07,200.0,199.99999963049353,0.0,0.0,200.0
35,I2,N4,0.0,0.0,3.6853633486181445e-07,200.0,199.99999963146365,0.0,0.0,200.0
35,I2,N5,0.0,0.0,3.6858914679393454e-07,200.0,199.99999963141084,0.0,0.0,200.0
35,I2,N6,68.98917074641192,227.04936008470742,78.62829512473247,200.0,121.37170487526753,0.0,0.0,131.0108292535881
35,I2,N7,0.0,0.0,3.698896778079846e-07,200.0,199.99999963011032,0.0,0.0,200.0
35,I2,N8,94.36458534707926,282.6092186277633,94.36458628623078,94.36458534718939,0.0,19.743618903553088,0.0,0.0
35,I2,N9,0.0,0.0,3.694740219902815e-07,200.0,199.999999630526,0.0,0.0,200.0
35,I3,N1,0.0,0.0,3.1929130030620744e-07,200.0,199.9999996807087,0.0,0.0,200.0
35,I3,N2,0.0,0.0,3.2302128033795257e-07,200.0,199.99999967697872,0.0,0.0,200.0
35,I3,N3,0.0,0.0,4.118728089950952e-07,200.0,199.9999995881272,0.0,0.0,200.0
35,I3,N4,0.0,0.0,3.2039228717026914e-07,200.0,199.99999967960773,0.0,0.0,200.0
35,I3,N5,0.0,0.0,3.420498538432113e-07,200.0,199.99999965795016,0.0,0.0,200.0
35,I3,N6,0.0,0.0,4.118367396485044e-07,134.22387071302825,134.2238703011915,0.0,0.0,131.0108292535881
35,I3,N7,0.0,0.0,3.296225839798484e-07,200.0,199.9999996703774,0.0,0.0,200.0
35,I3,N8,0.0,0.0,0.0,0.0,0.0,8.78729560354843,0.0,0.0
35,I3,N9,0.0,0.0,4.111451906975112e-07,200.0,199.99999958885482,0.0,0.0,200.0
35,I4,N1,0.0,0.0,1.5322490378728914e-06,200.0,199.99999846775097,0.0,0.0,200.0
35,I4,N2,0.0,0.0,1.3395666665982825e-06,200.0,199.99999866043333,0.0,0.0,200.0
35,I4,N3,0.0,0.0,1.629582457651665e-06,200.0,199.99999837041753,0.0,0.0,200.0
35,I4,N4,0.0,0.0,1.5599398550505125e-06,200.0,199.99999844006015,0.0,0.0,200.0
35,I4,N5,0.0,0.0,1.5660569307381297e-06,200.0,199.99999843394306,0.0,0.0,200.0
35,I4,N6,0.0,0.0,1.6285214308365399e-06,134.22387071302825,134.22386908450682,0.0,0.0,131.0108292535881
35,I4,N7,0.0,0.0,1.3828062133250168e-06,200.0,199.9999986171938,0.0,0.0,200.0
35,I4,N8,0.0,0.0,0.0,0.0,0.0,30.68677537918223,0.0,0.0
35,I4,N9,0.0,0.0,1.6295553990511844e-06,200.0,199.99999837044462,0.0,0.0,200.0
36,I1,N1,0.0,0.0,4.1081102489034526e-07,200.0,199.99999958918897,0.0,0.0,200.0
36,I1,N2,0.0,0.0,4.1073052265967457e-07,200.0,199.99999958926946,0.0,0.0,200.0
36,I1,N3,0.0,0.0,4.1084927930979244e-07,200.0,199.99999958915072,0.0,0.0,200.0
36,I1,N4,0.0,0.0,4.1080897740442526e-07,200.0,199.99999958919102,0.0,0.0,200.0
36,I1,N5,0.0,0.0,4.1076147331718864e-07,200.0,199.9999995892385,0.0,0.0,200.0
36,I1,N6,0.0,0.0,4.1088356885747624e-07,131.0108292535881,131.01082884270454,0.0,0.0,128.6010033563403
36,I1,N7,0.0,0.0,4.107305107028828e-07,200.0,199.9999995892695,0.0,0.0,200.0
36,I1,N8,105.6354146530226,355.0787856000959,105.6354157049281,105.63541465292074,0.0,21.458040834261702,0.0,0.0
36,I1,N9,0.0,0.0,4.1084779858886097e-07,200.0,199.9999995891522,0.0,0.0,200.0
36,I2,N1,0.0,0.0,3.6290372619478085e-07,200.0,199.99999963709627,0.0,0.0,200.0
36,I2,N2,0.0,0.0,3.629437339431903e-07,200.0,199.99999963705628,0.0,0.0,200.0
36,I2,N3,0.0,0.0,3.8063506202184734e-07,200.0,199.99999961936493,0.0,0.0,200.0
36,I2,N4,0.0,0.0,3.6196108157046017e-07,200.0,199.99999963803893,0.0,0.0,200.0
36,I2,N5,0.0,0.0,3.62779883061394e-07,200.0,199.99999963722013,0.0,0.0,200.0
36,I2,N6,71.39899664365969,235.30221003806298,78.62847433540297,200.0,121.37152566459703,0.0,0.0,128.6010033563403
36,I2,N7,0.0,0.0,3.6294567285883257e-07,200.0,199.99999963705432,0.0,0.0,200.0
36,I2,N8,94.3645853469774,280.450372439583,94.36458628607076,94.36458534707926,0.0,19.532050122260944,0.0,0.0
36,I2,N9,0.0,0.0,3.8046836350529937e-07,200.0,199.99999961953165,0.0,0.0,200.0
36,I3,N1,0.0,0.0,3.046945971536363e-07,200.0,199.9999996953054,0.0,0.0,200.0
36,I3,N2,0.0,0.0,3.106644737294922e-07,200.0,199.99999968933554,0.0,0.0,200.0
36,I3,N3,0.0,0.0,3.1655027607360855e-07,200.0,199.99999968344972,0.0,0.0,200.0
36,I3,N4,0.0,0.0,3.049277636442803e-07,200.0,199.99999969507223,0.0,0.0,200.0
36,I3,N5,0.0,0.0,3.107299603089363e-07,200.0,199.99999968927003,0.0,0.0,200.0
36,I3,N6,0.0,0.0,3.020462256696291e-07,131.0108292535881,131.01082895154187,0.0,0.0,128.6010033563403
36,I3,N7,0.0,0.0,3.168616622485253e-07,200.0,199.99999968313833,0.0,0.0,200.0
36,I3,N8,0.0,0.0,0.0,0.0,0.0,8.787631312454376,0.0,0.0
36,I3,N9,0.0,0.0,3.2271996542191886e-07,200.0,199.99999967728004,0.0,0.0,200.0
36,I4,N1,0.0,0.0,1.6834325282848143e-06,200.0,199.99999831656748,0.0,0.0,200.0
36,I4,N2,0.0,0.0,1.5343473956340206e-06,200.0,199.9999984656526,0.0,0.0,200.0
36,I4,N3,0.0,0.0,1.3254787617064445e-06,200.0,199.99999867452124,0.0,0.0,200.0
36,I4,N4,0.0,0.0,1.6890885036220489e-06,200.0,199.9999983109115,0.0,0.0,200.0
36,I4,N5,0.0,0.0,1.6308350397968465e-06,200.0,199.99999836916496,0.0,0.0,200.0
36,I4,N6,0.0,0.0,1.3701420379056978e-06,131.0108292535881,131.01082788344607,0.0,0.0,128.6010033563403
36,I4,N7,0.0,0.0,1.534818648578211e-06,200.0,199.99999846518136,0.0,0.0,200.0
36,I4,N8,0.0,0.0,0.0,0.0,0.0,30.686501674833856,0.0,0.0
36,I4,N9,0.0,0.0,1.3253919222811823e-06,200.0,199.99999867460807,0.0,0.0,200.0
37,I1,N1,0.0,0.0,3.326309350312666e-07,200.0,199.99999966736905,0.0,0.0,200.0
37,I1,N2,0.0,0.0,3.326419486955521e-07,200.0,199.99999966735805,0.0,0.0,200.0
37,I1,N3,0.0,0.0,3.32962297087379e-07,200.0,199.9999996670377,0.0,0.0,200.0
37,I1,N4,0.0,0.0,3.3263093494695783e-07,200.0,199.99999966736905,0.0,0.0,200.0
37,I1,N5,0.0,0.0,3.3263320344432866e-07,200.0,199.9999996673668,0.0,0.0,200.0
37,I1,N6,0.0,0.0,3.3298927467066987e-07,128.6010033563403,128.601003023351,0.0,0.0,126.79363013821558
37,I1,N7,0.0,0.0,3.32641947420981e-07,200.0,199.99999966735805,0.0,0.0,200.0
37,I1,N8,105.63541465313659,357.81916273663,105.63541570511761,105.6354146530226,0.0,21.344470500404675,0.0,0.0
37,I1,N9,0.0,0.0,3.3296229473055125e-07,200.0,199.9999996670377,0.0,0.0,200.0
37,I2,N1,0.0,0.0,5.183728020766694e-07,200.0,199.99999948162719,0.0,0.0,200.0
37,I2,N2,0.0,0.0,5.151606765699363e-07,200.0,199.99999948483932,0.0,0.0,200.0
37,I2,N3,0.0,0.0,5.185101360161897e-07,200.0,199.99999948148985,0.0,0.0,200.0
37,I2,N4,0.0,0.0,5.183758981302301e-07,200.0,199.99999948162412,0.0,0.0,200.0
37,I2,N5,0.0,0.0,5.186341913266962e-07,200.0,199.99999948136582,0.0,0.0,200.0
37,I2,N6,73.20636986178442,241.49246859343594,78.62848951615868,200.0,121.37151048384132,0.0,0.0,126.79363013821558
37,I2,N7,0.0,0.0,5.088304383595881e-07,200.0,199.99999949116958,0.0,0.0,200.0
37,I2,N8,94.36458534686342,278.8314907855989,94.36458628595524,94.3645853469774,0.0,19.47485872786072,0.0,0.0
37,I2,N9,0.0,0.0,5.167304461644103e-07,200.0,199.99999948326956,0.0,0.0,200.0
37,I3,N1,0.0,0.0,3.650600203242852e-07,200.0,199.99999963493997,0.0,0.0,200.0
37,I3,N2,0.0,0.0,3.6517954700399073e-07,200.0,199.99999963482045,0.0,0.0,200.0
37,I3,N3,0.0,0.0,3.7565896242467983e-07,200.0,199.99999962434103,0.0,0.0,200.0
37,I3,N4,0.0,0.0,3.65060407336069e-07,200.0,199.9999996349396,0.0,0.0,200.0
37,I3,N5,0.0,0.0,3.651293866409118e-07,200.0,199.99999963487062,0.0,0.0,200.0
37,I3,N6,0.0,0.0,4.622492201959855e-07,128.6010033563403,128.60100289409107,0.0,0.0,126.79363013821558
37,I3,N7,0.0,0.0,3.651074293298558e-07,200.0,199.99999963489256,0.0,0.0,200.0
37,I3,N8,0.0,0.0,0.0,0.0,0.0,8.788151110453011,0.0,0.0
37,I3,N9,0.0,0.0,3.757389934899811e-07,200.0,199.999999624261,0.0,0.0,200.0
37,I4,N1,0.0,0.0,1.6556131584015124e-06,200.0,199.99999834438685,0.0,0.0,200.0
37,I4,N2,0.0,0.0,1.65563724190321e-06,200.0,199.99999834436275,0.0,0.0,200.0
37,I4,N3,0.0,0.0,1.6779382198651034e-06,200.0,199.99999832206177,0.0,0.0,200.0
37,I4,N4,0.0,0.0,1.6556124323486287e-06,200.0,199.99999834438756,0.0,0.0,200.0
37,I4,N5,0.0,0.0,1.6556520263092582e-06,200.0,199.99999834434797,0.0,0.0,200.0
37,I4,N6,0.0,0.0,1.6787655020121049e-06,128.6010033563403,128.6010016775748,0.0,0.0,126.79363013821558
37,I4,N7,0.0,0.0,1.6556365503860811e-06,200.0,199.99999834436346,0.0,0.0,200.0
37,I4,N8,0.0,0.0,0.0,0.0,0.0,30.683389930654013,0.0,0.0
37,I4,N9,0.0,0.0,1.677813189749365e-06,200.0,199.9999983221868,0.0,0.0,200.0
38,I1,N1,0.0,0.0,3.7064658174440695e-07,200.0,199.99999962935343,0.0,0.0,200.0
38,I1,N2,0.0,0.0,3.702987018960912e-07,200.0,199.9999996297013,0.0,0.0,200.0
38,I1,N3,0.0,0.0,3.7318797620857994e-07,200.0,199.999999626812,0.0,0.0,200.0
38,I1,N4,0.0,0.0,3.7064288401193016e-07,200.0,199.99999962935712,0.0,0.0,200.0
38,I1,N5,0.0,0.0,3.704950874780317e-07,200.0,199.9999996295049,0.0,0.0,200.0
38,I1,N6,0.0,0.0,3.732029629406802e-07,126.79363013821558,126.79362976501261,0.0,0.0,125.43809226936423
38,I1,N7,0.0,0.0,3.702988755616085e-07,200.0,199.99999962970114,0.0,0.0,200.0
38,I1,N8,105.63541465347782,362.65273967688717,105.63541570713417,105.63541465313658,0.0,38.576999887291535,0.0,0.0
38,I1,N9,0.0,0.0,3.7318721061083184e-07,200.0,199.99999962681278,0.0,0.0,200.0
38,I2,N1,0.0,0.0,3.593703696299099e-07,200.0,199.99999964062962,0.0,0.0,200.0
38,I2,N2,0.0,0.0,3.5938136688488744e-07,200.0,199.99999964061863,0.0,0.0,200.0
38,I2,N3,0.0,0.0,3.593433329163447e-07,200.0,199.99999964065665,0.0,0.0,200.0
38,I2,N4,0.0,0.0,3.5950311150392544e-07,200.0,199.9999996404969,0.0,0.0,200.0
38,I2,N5,0.0,0.0,3.593608965775039e-07,200.0,199.99999964063912,0.0,0.0,200.0
38,I2,N6,74.56190773063577,246.13582789623365,78.62852133718981,200.0,121.37147866281019,0.0,0.0,125.43809226936423
38,I2,N7,0.0,0.0,3.593822654619659e-07,200.0,199.99999964061774,0.0,0.0,200.0
38,I2,N8,94.36458534652216,277.6178706007963,94.36458628581983,94.36458534686341,0.0,19.38591137940462,0.0,0.0
38,I2,N9,0.0,0.0,3.5933285041161623e-07,200.0,199.99999964066714,0.0,0.0,200.0
38,I3,N1,0.0,0.0,1.2872932599247037e-05,200.0,199.9999871270674,0.0,0.0,200.0
38,I3,N2,0.0,0.0,1.287286716210955e-05,200.0,199.99998712713284,0.0,0.0,200.0
38,I3,N3,0.0,0.0,1.2874848281504604e-05,200.0,199.9999871251517,0.0,0.0,200.0
38,I3,N4,0.0,0.0,1.2872942206724313e-05,200.0,199.9999871270578,0.0,0.0,200.0
38,I3,N5,0.0,0.0,1.287292700087708e-05,200.0,199.999987127073,0.0,0.0,200.0
38,I3,N6,0.0,0.0,1.2409828655302168e-05,126.79363013821558,126.79361772838692,1.4838936061412512e-08,1.8814823864667134e-06,125.43809226936423
38,I3,N7,0.0,0.0,1.2872879448460231e-05,200.0,199.99998712712056,0.0,0.0,200.0
38,I3,N8,0.0,0.0,0.0,0.0,0.0,178.37008073544206,0.0,0.0
38,I3,N9,0.0,0.0,1.287504183536907e-05,200.0,199.99998712495815,0.0,0.0,200.0
38,I4,N1,0.0,0.0,1.12163732821994e-06,200.0,199.99999887836267,0.0,0.0,200.0
38,I4,N2,0.0,0.0,1.1170715760114124e-06,200.0,199.99999888292842,0.0,0.0,200.0
38,I4,N3,0.0,0.0,1.1167639860314472e-06,200.0,199.999998883236,0.0,0.0,200.0
38,I4,N4,0.0,0.0,1.1178906500814256e-06,200.0,199.99999888210934,0.0,0.0,200.0
38,I4,N5,0.0,0.0,1.139844070292412e-06,200.0,199.99999886015593,0.0,0.0,200.0
38,I4,N6,0.0,0.0,1.1402968946632125e-06,126.79363013821558,126.79362899791869,0.0,0.0,125.43809226936423
38,I4,N7,0.0,0.0,1.11705327152606e-06,200.0,199.99999888294673,0.0,0.0,200.0
38,I4,N8,0.0,0.0,0.0,0.0,0.0,30.68416069292616,0.0,0.0
38,I4,N9,0.0,0.0,1.1167524433103618e-06,200.0,199.99999888324757,0.0,0.0,200.0
39,I1,N1,0.0,0.0,3.7125875176620724e-07,200.0,199.99999962874125,0.0,0.0,200.0
39,I1,N2,0.0,0.0,3.313683301674271e-07,200.0,199.99999966863166,0.0,0.0,200.0
39,I1,N3,0.0,0.0,3.5128083430952936e-07,200.0,199.99999964871915,0.0,0.0,200.0
39,I1,N4,0.0,0.0,3.5341286432425295e-07,200.0,199.99999964658713,0.0,0.0,200.0
39,I1,N5,0.0,0.0,4.1389596001580116e-07,200.0,199.99999958610405,0.0,0.0,200.0
39,I1,N6,0.0,0.0,3.524500969471172e-07,125.43809226936423,125.43809191691413,0.0,0.0,124.42118875318823
39,I1,N7,0.0,0.0,3.292200920532242e-07,200.0,199.9999996707799,0.0,0.0,200.0
39,I1,N8,105.63541465382572,366.2776398287006,105.63541570750066,105.63541465347784,0.0,38.99449348857232,0.0,0.0
39,I1,N9,0.0,0.0,3.5598369203358754e-07,200.0,199.9999996440163,0.0,0.0,200.0
39,I2,N1,0.0,0.0,3.627796953148739e-07,200.0,199.9999996372203,0.0,0.0,200.0
39,I2,N2,0.0,0.0,3.627708522936627e-07,200.0,199.99999963722914,0.0,0.0,200.0
39,I2,N3,0.0,0.0,3.6259099851714446e-07,200.0,199.999999637409,0.0,0.0,200.0
39,I2,N4,0.0,0.0,3.62423465281515e-07,200.0,199.99999963757654,0.0,0.0,200.0
39,I2,N5,0.0,0.0,3.620316853213974e-07,200.0,199.9999996379683,0.0,0.0,200.0
39,I2,N6,75.57881124681177,249.61898207628764,78.62952179533978,200.0,121.37047820466022,0.0,0.0,124.42118875318823
39,I2,N7,0.0,0.0,3.6277977187693616e-07,200.0,199.99999963722024,0.0,0.0,200.0
39,I2,N8,94.3645853461743,276.70824938178214,94.36458628545086,94.36458534652218,0.0,19.271911350061995,0.0,0.0
39,I2,N9,0.0,0.0,3.6283376320928254e-07,200.0,199.99999963716624,0.0,0.0,200.0
39,I3,N1,0.0,0.0,4.544595965314178e-07,200.0,199.9999995455404,0.0,0.0,200.0
39,I3,N2,0.0,0.0,4.544434360165728e-07,200.0,199.99999954555656,0.0,0.0,200.0
39,I3,N3,0.0,0.0,4.153920202908101e-07,200.0,199.999999584608,0.0,0.0,200.0
39,I3,N4,0.0,0.0,4.544632447969851e-07,200.0,199.99999954553675,0.0,0.0,200.0
39,I3,N5,0.0,0.0,4.544180015165472e-07,200.0,199.999999545582,0.0,0.0,200.0
39,I3,N6,0.0,0.0,4.2369539036999873e-07,125.43809226936423,125.43809184566884,0.0,0.0,124.42118875318823
39,I3,N7,0.0,0.0,4.2892713365181853e-07,200.0,199.99999957107286,0.0,0.0,200.0
39,I3,N8,0.0,0.0,0.0,0.0,0.0,8.787393990939119,0.0,0.0
39,I3,N9,0.0,0.0,4.153830038116337e-07,200.0,199.999999584617,0.0,0.0,200.0
39,I4,N1,0.0,0.0,1.1422708042624047e-06,200.0,199.9999988577292,0.0,0.0,200.0
39,I4,N2,0.0,0.0,1.1177544554748928e-06,200.0,199.99999888224554,0.0,0.0,200.0
39,I4,N3,0.0,0.0,1.4487230853692045e-06,200.0,199.99999855127692,0.0,0.0,200.0
39,I4,N4,0.0,0.0,1.1418143833022576e-06,200.0,199.99999885818562,0.0,0.0,200.0
39,I4,N5,0.0,0.0,1.1189946229642807e-06,200.0,199.99999888100538,0.0,0.0,200.0
39,I4,N6,0.0,0.0,1.2337964273900273e-06,125.43809226936423,125.43809103556781,0.0,0.0,124.42118875318823
39,I4,N7,0.0,0.0,1.117737883453402e-06,200.0,199.9999988822621,0.0,0.0,200.0
39,I4,N8,0.0,0.0,0.0,0.0,0.0,30.68551702486918,0.0,0.0
39,I4,N9,0.0,0.0,1.4411644392456264e-06,200.0,199.99999855883556,0.0,0.0,200.0
40,I1,N1,0.0,0.0,4.333566914464793e-07,200.0,199.9999995666433,0.0,0.0,200.0
40,I1,N2,0.0,0.0,4.337450241756211e-07,200.0,199.99999956625498,0.0,0.0,200.0
40,I1,N3,0.0,0.0,4.3466382941699434e-07,200.0,199.99999956533617,0.0,0.0,200.0
40,I1,N4,0.0,0.0,4.333704353220815e-07,200.0,199.99999956662955,0.0,0.0,200.0
40,I1,N5,0.0,0.0,4.3402658551107515e-07,200.0,199.9999995659734,0.0,0.0,200.0
40,I1,N6,0.0,0.0,4.355603066078594e-07,124.42118875318823,124.42118831762792,0.0,0.0,123.65833541047988
40,I1,N7,0.0,0.0,4.340714252860175e-07,200.0,199.99999956592856,0.0,0.0,200.0
40,I1,N8,105.63541465418018,368.9961433001055,105.63541570786325,105.6354146538257,0.0,39.24227022063802,0.0,0.0
40,I1,N9,0.0,0.0,4.350122040017336e-07,200.0,199.9999995649878,0.0,0.0,200.0
40,I2,N1,0.0,0.0,4.205940816690012e-07,200.0,199.9999995794059,0.0,0.0,200.0
40,I2,N2,0.0,0.0,4.205650548239919e-07,200.0,199.99999957943496,0.0,0.0,200.0
40,I2,N3,0.0,0.0,4.2003270471914447e-07,200.0,199.9999995799673,0.0,0.0,200.0
40,I2,N4,0.0,0.0,4.2059165689781973e-07,200.0,199.99999957940835,0.0,0.0,200.0
40,I2,N5,0.0,0.0,4.205866914088011e-07,200.0,199.9999995794133,0.0,0.0,200.0
40,I2,N6,76.34166458952012,252.23179874698045,78.63022461764518,200.0,121.36977538235482,0.0,0.0,123.65833541047988
40,I2,N7,0.0,0.0,4.205656880253922e-07,200.0,199.9999995794343,0.0,0.0,200.0
40,I2,N8,94.36458534581982,276.026421420164,94.36458628506622,94.36458534617428,0.0,19.12297292003156,0.0,0.0
40,I2,N9,0.0,0.0,4.200937192866365e-07,200.0,199.99999957990627,0.0,0.0,200.0
40,I3,N1,0.0,0.0,1.2898439800256036e-05,200.0,199.9999871015602,0.0,0.0,200.0
40,I3,N2,0.0,0.0,1.2944601662910355e-05,200.0,199.99998705539835,0.0,0.0,200.0
40,I3,N3,0.0,0.0,1.2879757408534836e-05,200.0,199.9999871202426,0.0,0.0,200.0
40,I3,N4,0.0,0.0,1.2918933962375156e-05,200.0,199.99998708106602,0.0,0.0,200.0
40,I3,N5,0.0,0.0,1.295020583382755e-05,200.0,199.99998704979416,0.0,0.0,200.0
40,I3,N6,0.0,0.0,1.2882616242440236e-05,124.42118875318823,124.42117587057199,1.4809528739123064e-08,1.842618979810721e-06,123.65833541047988
40,I3,N7,0.0,0.0,1.2875091585113318e-05,200.0,199.99998712490842,0.0,0.0,200.0
40,I3,N8,0.0,0.0,0.0,0.0,0.0,176.71421651839134,0.0,0.0
40,I3,N9,0.0,0.0,1.2879940254147426e-05,200.0,199.99998712005976,0.0,0.0,200.0
40,I4,N1,0.0,0.0,1.1162763667363616e-06,200.0,199.99999888372363,0.0,0.0,200.0
40,I4,N2,0.0,0.0,1.1163534848912464e-06,200.0,199.99999888364653,0.0,0.0,200.0
40,I4,N3,0.0,0.0,1.1174339416460827e-06,200.0,199.99999888256605,0.0,0.0,200.0
40,I4,N4,0.0,0.0,1.116284037329159e-06,200.0,199.99999888371596,0.0,0.0,200.0
40,I4,N5,0.0,0.0,1.1163051910304685e-06,200.0,199.99999888369481,0.0,0.0,200.0
40,I4,N6,0.0,0.0,1.118396262032144e-06,124.42118875318823,124.42118763479198,0.0,0.0,123.65833541047988
40,I4,N7,0.0,0.0,1.4280133075603337e-06,200.0,199.99999857198668,0.0,0.0,200.0
40,I4,N8,0.0,0.0,0.0,0.0,0.0,30.68514350403098,0.0,0.0
40,I4,N9,0.0,0.0,1.1393292360167022e-06,200.0,199.99999886067076,0.0,0.0,200.0
41,I1,N1,0.0,0.0,2.9786503009094935e-07,200.0,199.99999970213497,0.0,0.0,200.0
41,I1,N2,0.0,0.0,2.978706409177228e-07,200.0,199.99999970212937,0.0,0.0,200.0
41,I1,N3,0.0,0.0,2.978815160493475e-07,200.0,199.9999997021185,0.0,0.0,200.0
41,I1,N4,0.0,0.0,2.97865282329319e-07,200.0,199.99999970213472,0.0,0.0,200.0
41,I1,N5,0.0,0.0,2.978665481841824e-07,200.0,199.99999970213347,0.0,0.0,200.0
41,I1,N6,0.0,0.0,2.9788241858358124e-07,123.65833541047988,123.65833511259746,0.0,0.0,123.08611163315366
41,I1,N7,0.0,0.0,2.9787064049318774e-07,200.0,199.99999970212937,0.0,0.0,200.0
41,I1,N8,105.63541465453717,371.035014088062,105.63541570821445,105.63541465418018,0.0,39.188419626274815,0.0,0.0
41,I1,N9,0.0,0.0,2.978814812227671e-07,200.0,199.99999970211852,0.0,0.0,200.0
41,I2,N1,0.0,0.0,3.2113513394565347e-07,200.0,199.99999967886487,0.0,0.0,200.0
41,I2,N2,0.0,0.0,3.2115840832136625e-07,200.0,199.9999996788416,0.0,0.0,200.0
41,I2,N3,0.0,0.0,3.212177513469624e-07,200.0,199.99999967878225,0.0,0.0,200.0
41,I2,N4,0.0,0.0,3.2113798758899344e-07,200.0,199.99999967886203,0.0,0.0,200.0
41,I2,N5,0.0,0.0,3.21012072801387e-07,200.0,199.99999967898793,0.0,0.0,200.0
41,I2,N6,76.91388836684634,254.1916795888021,78.63055969882497,200.0,121.36944030117503,0.0,0.0,123.08611163315366
41,I2,N7,0.0,0.0,3.211584208340012e-07,200.0,199.9999996788416,0.0,0.0,200.0
41,I2,N8,94.36458534546283,275.51526233751383,94.36458628468972,94.36458534581982,0.0,19.034715891597852,0.0,0.0
41,I2,N9,0.0,0.0,3.212136171126564e-07,200.0,199.9999996787864,0.0,0.0,200.0
41,I3,N1,0.0,0.0,3.4166178835867264e-07,200.0,199.99999965833823,0.0,0.0,200.0
41,I3,N2,0.0,0.0,3.676132795031415e-07,200.0,199.99999963238673,0.0,0.0,200.0
41,I3,N3,0.0,0.0,3.916002843233889e-07,200.0,199.99999960839972,0.0,0.0,200.0
41,I3,N4,0.0,0.0,3.413171074762843e-07,200.0,199.9999996586829,0.0,0.0,200.0
41,I3,N5,0.0,0.0,3.428527793284661e-07,200.0,199.9999996571472,0.0,0.0,200.0
41,I3,N6,0.0,0.0,3.4657699648837334e-07,123.65833541047988,123.65833506390288,0.0,0.0,123.08611163315366
41,I3,N7,0.0,0.0,3.7358116160601223e-07,200.0,199.99999962641883,0.0,0.0,200.0
41,I3,N8,0.0,0.0,0.0,0.0,0.0,8.157277025124445,0.0,0.0
41,I3,N9,0.0,0.0,3.9087117354026967e-07,200.0,199.99999960912882,0.0,0.0,200.0
41,I4,N1,0.0,0.0,1.140205623271616e-06,200.0,199.99999885979437,0.0,0.0,200.0
41,I4,N2,0.0,0.0,1.1483774983945018e-06,200.0,199.9999988516225,0.0,0.0,200.0
41,I4,N3,0.0,0.0,1.1355670096011442e-06,200.0,199.999998864433,0.0,0.0,200.0
41,I4,N4,0.0,0.0,1.1650423249491731e-06,200.0,199.99999883495767,0.0,0.0,200.0
41,I4,N5,0.0,0.0,1.5514749850421573e-06,200.0,199.99999844852502,0.0,0.0,200.0
41,I4,N6,0.0,0.0,1.1348204717963551e-06,123.65833541047988,123.65833427565941,0.0,0.0,123.08611163315366
41,I4,N7,0.0,0.0,1.1481714157113294e-06,200.0,199.9999988518286,0.0,0.0,200.0
41,I4,N8,0.0,0.0,0.0,0.0,0.0,30.68521140351564,0.0,0.0
41,I4,N9,0.0,0.0,1.135597979035342e-06,200.0,199.99999886440202,0.0,0.0,200.0
42,I1,N1,0.0,0.0,6.512844118863408e-07,200.0,199.9999993487156,0.0,0.0,200.0
42,I1,N2,0.0,0.0,6.512876886288133e-07,200.0,199.99999934871232,0.0,0.0,200.0
42,I1,N3,0.0,0.0,6.512874145834268e-07,200.0,199.99999934871258,0.0,0.0,200.0
42,I1,N4,0.0,0.0,6.512844303954787e-07,200.0,199.99999934871556,0.0,0.0,200.0
42,I1,N5,0.0,0.0,6.512860646498923e-07,200.0,199.99999934871394,0.0,0.0,200.0
42,I1,N6,0.0,0.0,6.512864768283905e-07,123.08611163315366,123.0861109818672,0.0,0.0,122.65683242335365
42,I1,N7,0.0,0.0,6.512876774809169e-07,200.0,199.99999934871232,0.0,0.0,200.0
42,I1,N8,105.63541465488635,372.56417549560047,105.63541570843746,105.63541465453717,0.0,39.13510703338896,0.0,0.0
42,I1,N9,0.0,0.0,6.514111789773356e-07,200.0,199.99999934858883,0.0,0.0,200.0
42,I2,N1,0.0,0.0,3.227880561788143e-07,200.0,199.99999967721195,0.0,0.0,200.0
42,I2,N2,0.0,0.0,3.2278870114855687e-07,200.0,199.9999996772113,0.0,0.0,200.0
42,I2,N3,0.0,0.0,3.227912942961165e-07,200.0,199.9999996772087,0.0,0.0,200.0
42,I2,N4,0.0,0.0,3.227880904602518e-07,200.0,199.99999967721192,0.0,0.0,200.0
42,I2,N5,0.0,0.0,3.227882404355512e-07,200.0,199.99999967721175,0.0,0.0,200.0
42,I2,N6,77.34316757664635,255.6619922178653,78.63100520604638,200.0,121.36899479395362,0.0,0.0,122.65683242335365
42,I2,N7,0.0,0.0,3.2278861438513566e-07,200.0,199.99999967721138,0.0,0.0,200.0
42,I2,N8,94.36458534511367,275.1321626094673,94.36458628427235,94.36458534546283,0.0,18.797070223756165,0.0,0.0
42,I2,N9,0.0,0.0,3.2279129189616236e-07,200.0,199.9999996772087,0.0,0.0,200.0
42,I3,N1,0.0,0.0,1.2876604438121728e-05,200.0,199.99998712339556,0.0,0.0,200.0
42,I3,N2,0.0,0.0,1.2876610336283373e-05,200.0,199.99998712338967,0.0,0.0,200.0
42,I3,N3,0.0,0.0,1.2876529537854048e-05,200.0,199.99998712347048,0.0,0.0,200.0
42,I3,N4,0.0,0.0,1.2876604463497825e-05,200.0,199.99998712339553,0.0,0.0,200.0
42,I3,N5,0.0,0.0,1.2876605382295463e-05,200.0,199.99998712339462,0.0,0.0,200.0
42,I3,N6,0.0,0.0,1.2876308803044564e-05,123.08611163315366,123.08609875684486,1.4970626099726353e-08,1.842675962562717e-06,122.65683242335365
42,I3,N7,0.0,0.0,1.2876600096140934e-05,200.0,199.9999871233999,0.0,0.0,200.0
42,I3,N8,0.0,0.0,0.0,0.0,0.0,178.69663017369663,0.0,0.0
42,I3,N9,0.0,0.0,1.2876529914667158e-05,200.0,199.99998712347008,0.0,0.0,200.0
42,I4,N1,0.0,0.0,1.648433865529116e-06,200.0,199.99999835156615,0.0,0.0,200.0
42,I4,N2,0.0,0.0,1.6484353959073387e-06,200.0,199.9999983515646,0.0,0.0,200.0
42,I4,N3,0.0,0.0,1.1291133583547593e-06,200.0,199.99999887088663,0.0,0.0,200.0
42,I4,N4,0.0,0.0,1.6484338625030764e-06,200.0,199.99999835156615,0.0,0.0,200.0
42,I4,N5,0.0,0.0,1.6484349880466633e-06,200.0,199.999998351565,0.0,0.0,200.0
42,I4,N6,0.0,0.0,1.6061912559511105e-06,123.08611163315366,123.0861100269624,0.0,0.0,122.65683242335365
42,I4,N7,0.0,0.0,1.6484353697817206e-06,200.0,199.99999835156464,0.0,0.0,200.0
42,I4,N8,0.0,0.0,0.0,0.0,0.0,30.685471964304643,0.0,0.0
42,I4,N9,0.0,0.0,1.1291128910411118e-06,200.0,199.9999988708871,0.0,0.0,200.0
43,I1,N1,0.0,0.0,6.820647521927367e-07,200.0,199.99999931793525,0.0,0.0,200.0
43,I1,N2,0.0,0.0,6.820399735739505e-07,200.0,199.99999931796003,0.0,0.0,200.0
43,I1,N3,0.0,0.0,6.806356872202853e-07,200.0,199.99999931936432,0.0,0.0,200.0
43,I1,N4,0.0,0.0,6.820645652727393e-07,200.0,199.99999931793545,0.0,0.0,200.0
43,I1,N5,0.0,0.0,6.820670881797538e-07,200.0,199.99999931793292,0.0,0.0,200.0
43,I1,N6,0.0,0.0,6.812632252102565e-07,122.65683242335365,122.65683174209042,0.0,0.0,122.3347001660891
43,I1,N7,0.0,0.0,6.820408170481454e-07,200.0,199.99999931795918,0.0,0.0,200.0
43,I1,N8,105.63541466059468,373.71109813083444,105.63541570877729,105.63541465488633,0.0,38.98672542785597,0.0,0.0
43,I1,N9,0.0,0.0,6.714887991132036e-07,200.0,199.9999993285112,0.0,0.0,200.0
43,I2,N1,0.0,0.0,2.635307115225601e-07,200.0,199.99999973646928,0.0,0.0,200.0
43,I2,N2,0.0,0.0,2.635400451603715e-07,200.0,199.99999973645996,0.0,0.0,200.0
43,I2,N3,0.0,0.0,2.6374810763263555e-07,200.0,199.99999973625188,0.0,0.0,200.0
43,I2,N4,0.0,0.0,2.635307112719335e-07,200.0,199.99999973646928,0.0,0.0,200.0
43,I2,N5,0.0,0.0,2.6353282472774806e-07,200.0,199.99999973646717,0.0,0.0,200.0
43,I2,N6,77.6652998339109,256.76533844843,78.63169660570452,200.0,121.36830339429548,0.0,0.0,122.3347001660891
43,I2,N7,0.0,0.0,2.6354004629741873e-07,200.0,199.99999973645996,0.0,0.0,200.0
43,I2,N8,94.36458533940531,257.4526121957179,94.36458624332862,94.36458534511365,0.0,2.0010411834745043,0.0,0.0
43,I2,N9,0.0,0.0,2.637481075944495e-07,200.0,199.99999973625188,0.0,0.0,200.0
43,I3,N1,0.0,0.0,3.1980408704402125e-07,200.0,199.9999996801959,0.0,0.0,200.0
43,I3,N2,0.0,0.0,3.202523118346449e-07,200.0,199.99999967974767,0.0,0.0,200.0
43,I3,N3,0.0,0.0,4.1048733711073716e-07,200.0,199.99999958951267,0.0,0.0,200.0
43,I3,N4,0.0,0.0,3.1981153842361264e-07,200.0,199.99999968018847,0.0,0.0,200.0
43,I3,N5,0.0,0.0,3.19884148537864e-07,200.0,199.99999968011585,0.0,0.0,200.0
43,I3,N6,0.0,0.0,3.6801605804073427e-07,122.65683242335365,122.65683205533759,0.0,0.0,122.3347001660891
43,I3,N7,0.0,0.0,3.202549963311324e-07,200.0,199.999999679745,0.0,0.0,200.0
43,I3,N8,0.0,0.0,0.0,0.0,0.0,8.787130586384137,0.0,0.0
43,I3,N9,0.0,0.0,4.1060115553978333e-07,200.0,199.99999958939884,0.0,0.0,200.0
43,I4,N1,0.0,0.0,1.123733009590986e-06,200.0,199.999998876267,0.0,0.0,200.0
43,I4,N2,0.0,0.0,1.166987120504415e-06,200.0,199.99999883301288,0.0,0.0,200.0
43,I4,N3,0.0,0.0,1.1182450511429309e-06,200.0,199.99999888175495,0.0,0.0,200.0
43,I4,N4,0.0,0.0,1.123431913120313e-06,200.0,199.9999988765681,0.0,0.0,200.0
43,I4,N5,0.0,0.0,1.1186608447098956e-06,200.0,199.99999888133917,0.0,0.0,200.0
43,I4,N6,0.0,0.0,1.1182864727783996e-06,122.65683242335365,122.65683130506717,0.0,0.0,122.3347001660891
43,I4,N7,0.0,0.0,1.1666884728007402e-06,200.0,199.99999883331154,0.0,0.0,200.0
43,I4,N8,0.0,0.0,0.0,0.0,0.0,30.685452419104443,0.0,0.0
43,I4,N9,0.0,0.0,1.118248745915981e-06,200.0,199.99999888175125,0.0,0.0,200.0
44,I1,N1,0.0,0.0,5.160998808532784e-07,200.0,199.99999948390013,0.0,0.0,200.0
44,I1,N2,0.0,0.0,5.127911544526264e-07,200.0,199.99999948720884,0.0,0.0,200.0
44,I1,N3,0.0,0.0,6.396790825886553e-07,200.0,199.9999993603209,0.0,0.0,200.0
44,I1,N4,0.0,0.0,5.153414189206557e-07,200.0,199.9999994846586,0.0,0.0,200.0
44,I1,N5,0.0,0.0,5.114102096943563e-07,200.0,199.9999994885898,0.0,0.0,200.0
44,I1,N6,0.0,0.0,6.397821756541219e-07,122.3347001660891,122.33469952630693,0.0,0.0,122.09298493937985
44,I1,N7,0.0,0.0,5.127228355217881e-07,200.0,199.99999948727717,0.0,0.0,200.0
44,I1,N8,105.63541492406051,374.57150074096336,105.63541571445799,105.63541466059469,0.0,38.553970284691026,0.0,5.0215254356920695
44,I1,N9,0.0,0.0,6.396784304744289e-07,200.0,199.99999936032157,0.0,0.0,200.0
44,I2,N1,0.0,0.0,2.7300105043294196e-07,200.0,199.99999972699894,0.0,0.0,200.0
44,I2,N2,0.0,0.0,2.727577954705193e-07,200.0,199.9999997272422,0.0,0.0,200.0
44,I2,N3,0.0,0.0,2.612645960958359e-07,200.0,199.9999997387354,0.0,0.0,200.0
44,I2,N4,0.0,0.0,2.7300153352366856e-07,200.0,199.99999972699845,0.0,0.0,200.0
44,I2,N5,0.0,0.0,2.7299246493263087e-07,200.0,199.99999972700755,0.0,0.0,200.0
44,I2,N6,77.90701506062015,257.5932540313416,78.6321607407479,200.0,121.3678392592521,0.0,0.0,122.09298493937985
44,I2,N7,0.0,0.0,2.7251754032837565e-07,200.0,199.99999972748245,0.0,0.0,200.0
44,I2,N8,89.34305964024742,232.96380898048233,74.27848254277373,94.36458533940532,20.086102796631593,0.0,0.0,5.0215254356920695
44,I2,N9,0.0,0.0,2.733450757548879e-07,200.0,199.99999972665492,0.0,0.0,200.0
44,I3,N1,0.0,0.0,3.099584537989639e-07,200.0,199.99999969004153,0.0,0.0,200.0
44,I3,N2,0.0,0.0,3.0945484774748213e-07,200.0,199.99999969054514,0.0,0.0,200.0
44,I3,N3,0.0,0.0,3.4469979329132565e-07,200.0,199.9999996553002,0.0,0.0,200.0
44,I3,N4,0.0,0.0,3.124023375097332e-07,200.0,199.99999968759766,0.0,0.0,200.0
44,I3,N5,0.0,0.0,3.0942696201634565e-07,200.0,199.99999969057305,0.0,0.0,200.0
44,I3,N6,0.0,0.0,3.098912549908173e-07,122.3347001660891,122.33469985619786,0.0,0.0,122.09298493937985
44,I3,N7,0.0,0.0,3.0653342152421837e-07,200.0,199.99999969346658,0.0,0.0,200.0
44,I3,N8,0.0,0.0,0.0,0.0,0.0,8.78707907059894,0.0,5.0215254356920695
44,I3,N9,0.0,0.0,3.757717153226976e-07,200.0,199.99999962422828,0.0,0.0,200.0
44,I4,N1,0.0,0.0,1.1153657830107783e-06,200.0,199.9999988846342,0.0,0.0,200.0
44,I4,N2,0.0,0.0,1.1153145803065701e-06,200.0,199.99999888468543,0.0,0.0,200.0
44,I4,N3,0.0,0.0,1.1170152106218774e-06,200.0,199.99999888298478,0.0,0.0,200.0
44,I4,N4,0.0,0.0,1.1153321163361882e-06,200.0,199.9999988846679,0.0,0.0,200.0
44,I4,N5,0.0,0.0,1.115360459311027e-06,200.0,199.99999888463955,0.0,0.0,200.0
44,I4,N6,0.0,0.0,1.1368324864167876e-06,122.3347001660891,122.33469902925663,0.0,0.0,122.09298493937985
44,I4,N7,0.0,0.0,1.1152811844157588e-06,200.0,199.99999888471882,0.0,0.0,200.0
44,I4,N8,0.0,0.0,0.0,0.0,0.0,30.690333321689003,0.0,5.0215254356920695
44,I4,N9,0.0,0.0,1.1219095418087784e-06,200.0,199.99999887809045,0.0,0.0,200.0
45,I1,N1,0.0,0.0,3.178395555714674e-07,200.0,199.99999968216045,0.0,0.0,200.0
45,I1,N2,0.0,0.0,3.181329559744804e-07,200.0,199.99999968186705,0.0,0.0,200.0
45,I1,N3,0.0,0.0,3.170560368735786e-07,200.0,199.99999968294395,0.0,0.0,200.0
45,I1,N4,0.0,0.0,3.1784411860714607e-07,200.0,199.99999968215587,0.0,0.0,200.0
45,I1,N5,0.0,0.0,3.179458163245626e-07,200.0,199.99999968205418,0.0,0.0,200.0
45,I1,N6,0.0,0.0,3.1699663970551913e-07,122.09298493937985,122.09298462238321,0.0,0.0,121.91157072371563
45,I1,N7,0.0,0.0,3.181198999589153e-07,200.0,199.9999996818801,0.0,0.0,200.0
45,I1,N8,106.89079655898874,377.56696716116926,110.65694146377342,110.65694035975258,0.0,37.683556420052454,0.0,6.350547442814076
45,I1,N9,0.0,0.0,3.17057874605414e-07,200.0,199.99999968294213,0.0,0.0,200.0
45,I2,N1,0.0,0.0,2.3157093959876147e-07,200.0,199.99999976842906,0.0,0.0,200.0
45,I2,N2,0.0,0.0,2.3158015811964817e-07,200.0,199.99999976841985,0.0,0.0,200.0
45,I2,N3,0.0,0.0,2.323570503960958e-07,200.0,199.99999976764295,0.0,0.0,200.0
45,I2,N4,0.0,0.0,2.3157093398071102e-07,200.0,199.99999976842906,0.0,0.0,200.0
45,I2,N5,0.0,0.0,2.3157358114036614e-07,200.0,199.99999976842642,0.0,0.0,200.0
45,I2,N6,78.08842927628437,258.21463615337956,78.63267192327703,200.0,121.36732807672297,0.0,0.0,121.91157072371563
45,I2,N7,0.0,0.0,2.3158015573580846e-07,200.0,199.99999976841985,0.0,0.0,200.0
45,I2,N8,86.75865599819718,220.28277743148402,79.00544507204646,94.36458507593949,15.359140003893032,0.0,0.0,6.350547442814076
45,I2,N9,0.0,0.0,2.3235704576535017e-07,200.0,199.99999976764295,0.0,0.0,200.0
45,I3,N1,0.0,0.0,5.985452357744736e-07,200.0,199.99999940145477,0.0,0.0,200.0
45,I3,N2,0.0,0.0,5.981505769033391e-07,200.0,199.99999940184944,0.0,0.0,200.0
45,I3,N3,0.0,0.0,6.012591332929775e-07,200.0,199.99999939874087,0.0,0.0,200.0
45,I3,N4,0.0,0.0,5.984975212470679e-07,200.0,199.9999994015025,0.0,0.0,200.0
45,I3,N5,0.0,0.0,5.985131911501088e-07,200.0,199.9999994014868,0.0,0.0,200.0
45,I3,N6,0.0,0.0,6.025360147774571e-07,122.09298493937985,122.09298433684383,0.0,0.0,121.91157072371563
45,I3,N7,0.0,0.0,5.926415698433692e-07,200.0,199.99999940735842,0.0,0.0,200.0
45,I3,N8,0.0,0.0,6.007427736626981e-07,5.0215254356920695,5.021524834949296,1.7663885951698666e-08,8.869964198816682e-08,6.350547442814076
45,I3,N9,0.0,0.0,6.012606386641071e-07,200.0,199.99999939873936,0.0,0.0,200.0
45,I4,N1,0.0,0.0,1.6589004510040731e-06,200.0,199.99999834109954,0.0,0.0,200.0
45,I4,N2,0.0,0.0,1.6589695366158782e-06,200.0,199.99999834103048,0.0,0.0,200.0
45,I4,N3,0.0,0.0,1.6144642814086503e-06,200.0,199.99999838553572,0.0,0.0,200.0
45,I4,N4,0.0,0.0,1.6588997017078315e-06,200.0,199.9999983411003,0.0,0.0,200.0
45,I4,N5,0.0,0.0,1.6589177472600584e-06,200.0,199.99999834108226,0.0,0.0,200.0
45,I4,N6,0.0,0.0,1.6182411873886628e-06,122.09298493937985,122.09298332113866,0.0,0.0,121.91157072371563
45,I4,N7,0.0,0.0,1.6589712929148114e-06,200.0,199.99999834102871,0.0,0.0,200.0
45,I4,N8,0.0,0.0,1.5701292171705514e-06,5.0215254356920695,5.021523865562853,6.31966958123528e-08,3.1734371624644555e-07,6.350547442814076
45,I4,N9,0.0,0.0,1.6144629415879051e-06,200.0,199.99999838553705,0.0,0.0,200.0
46,I1,N1,0.0,0.0,5.305049285986013e-07,200.0,199.99999946949507,0.0,0.0,200.0
46,I1,N2,0.0,0.0,5.612457913820673e-07,200.0,199.9999994387542,0.0,0.0,200.0
46,I1,N3,0.0,0.0,5.433908329435702e-07,200.0,199.99999945660917,0.0,0.0,200.0
46,I1,N4,0.0,0.0,5.305215537955618e-07,200.0,199.99999946947844,0.0,0.0,200.0
46,I1,N5,0.0,0.0,5.349661474650696e-07,200.0,199.99999946503385,0.0,0.0,200.0
46,I1,N6,0.0,0.0,5.247011084971461e-07,121.91157072371563,121.91157019901452,0.0,0.0,121.87234802644709
46,I1,N7,0.0,0.0,5.612457224778065e-07,200.0,199.9999994387543,0.0,0.0,200.0
46,I1,N8,108.47843370215185,381.0232247272023,113.24134513164118,113.24134400180282,0.0,37.736024096233585,0.0,3.1752733219717584
46,I1,N9,0.0,0.0,5.433697850894207e-07,200.0,199.9999994566302,0.0,0.0,200.0
46,I2,N1,0.0,0.0,6.350988356112698e-06,200.0,199.99999364901166,0.0,0.0,200.0
46,I2,N2,0.0,0.0,6.351887843659153e-06,200.0,199.99999364811217,0.0,0.0,200.0
46,I2,N3,0.0,0.0,6.409474530955692e-06,200.0,199.99999359052546,0.0,0.0,200.0
46,I2,N4,0.0,0.0,5.735996877501508e-06,200.0,199.99999426400313,0.0,0.0,200.0
46,I2,N5,0.0,0.0,6.351024722121637e-06,200.0,199.99999364897528,0.0,0.0,200.0
46,I2,N6,78.12765197355291,253.91342769669333,78.24532006535856,200.0,121.75467993464144,1.5133946317297848e-08,1.842628790010645e-06,121.87234802644709
46,I2,N7,0.0,0.0,6.372058741559896e-06,200.0,199.99999362794125,0.0,0.0,200.0
46,I2,N8,88.34629297587641,220.36898096796006,93.10920390891408,93.10920344101126,0.0,3.9830687770021203,0.0,3.1752733219717584
46,I2,N9,0.0,0.0,6.409497504373383e-06,200.0,199.9999935905025,0.0,0.0,200.0
46,I3,N1,0.0,0.0,3.156431820101811e-07,200.0,199.99999968435682,0.0,0.0,200.0
46,I3,N2,0.0,0.0,3.1002690476463996e-07,200.0,199.9999996899731,0.0,0.0,200.0
46,I3,N3,0.0,0.0,3.110552994293385e-07,200.0,199.9999996889447,0.0,0.0,200.0
46,I3,N4,0.0,0.0,3.0910050361548723e-07,200.0,199.9999996908995,0.0,0.0,200.0
46,I3,N5,0.0,0.0,3.0948005262142193e-07,200.0,199.99999969051996,0.0,0.0,200.0
46,I3,N6,0.0,0.0,3.080901992477811e-07,121.91157072371563,121.91157041562543,0.0,0.0,121.87234802644709
46,I3,N7,0.0,0.0,3.097690421233269e-07,200.0,199.99999969023096,0.0,0.0,200.0
46,I3,N8,0.0,0.0,3.084479231576043e-07,6.350547442814076,6.350547134366153,1.4307977381659473e-08,9.08634847596733e-08,3.1752733219717584
46,I3,N9,0.0,0.0,3.0868158134701897e-07,200.0,199.9999996913184,0.0,0.0,200.0
46,I4,N1,0.0,0.0,1.2396186765015682e-06,200.0,199.99999876038132,0.0,0.0,200.0
46,I4,N2,0.0,0.0,1.4885090064215934e-06,200.0,199.999998511491,0.0,0.0,200.0
46,I4,N3,0.0,0.0,1.663407049138749e-06,200.0,199.99999833659294,0.0,0.0,200.0
46,I4,N4,0.0,0.0,1.2500524707852625e-06,200.0,199.99999874994754,0.0,0.0,200.0
46,I4,N5,0.0,0.0,1.5310781141957875e-06,200.0,199.9999984689219,0.0,0.0,200.0
46,I4,N6,0.0,0.0,1.6668776444467126e-06,121.91157072371563,121.91156905683798,0.0,0.0,121.87234802644709
46,I4,N7,0.0,0.0,1.4890669680528808e-06,200.0,199.99999851093304,0.0,0.0,200.0
46,I4,N8,0.0,0.0,1.6654498150718794e-06,6.350547442814076,6.35054577736426,4.969111237858134e-08,3.1556568388833266e-07,3.1752733219717584
46,I4,N9,0.0,0.0,1.6634070906923003e-06,200.0,199.9999983365929,0.0,0.0,200.0
47,I1,N1,0.0,0.0,6.101421859445072e-07,200.0,199.9999993898578,0.0,0.0,200.0
47,I1,N2,0.0,0.0,6.108125830035104e-07,200.0,199.99999938918742,0.0,0.0,200.0
47,I1,N3,0.0,0.0,6.023834533251468e-07,200.0,199.99999939761653,0.0,0.0,200.0
47,I1,N4,0.0,0.0,6.100673491930773e-07,200.0,199.99999938993264,0.0,0.0,200.0
47,I1,N5,0.0,0.0,6.097108114594344e-07,200.0,199.9999993902892,0.0,0.0,200.0
47,I1,N6,0.0,0.0,6.137325306424644e-07,121.87234802644709,121.87234741271456,0.0,0.0,121.84282606087338
47,I1,N7,0.0,0.0,6.107230936846051e-07,200.0,199.9999993892769,0.0,0.0,200.0
47,I1,N8,109.27225231114443,382.87276632945213,111.65370813812216,111.65370702412359,0.0,38.84838187350772,0.0,2.0154354472110185
47,I1,N9,0.0,0.0,6.028423701839479e-07,200.0,199.99999939715764,0.0,0.0,200.0
47,I2,N1,0.0,0.0,2.3043043700635661e-07,200.0,199.99999976956957,0.0,0.0,200.0
47,I2,N2,0.0,0.0,2.304495929873474e-07,200.0,199.9999997695504,0.0,0.0,200.0
47,I2,N3,0.0,0.0,2.3046200394081728e-07,200.0,199.999999769538,0.0,0.0,200.0
47,I2,N4,0.0,0.0,2.304304393465605e-07,200.0,199.99999976956957,0.0,0.0,200.0
47,I2,N5,0.0,0.0,2.304417839709179e-07,200.0,199.99999976955823,0.0,0.0,200.0
47,I2,N6,78.15717393912662,250.31510371162116,78.24573983584774,200.0,121.75426016415226,0.0,0.0,121.84282606087338
47,I2,N7,0.0,0.0,2.3044959123269533e-07,200.0,199.9999997695504,0.0,0.0,200.0
47,I2,N8,88.71231224164455,210.18192078267893,89.810370038949,91.52156629784815,1.7111962588991503,5.3125106634181444e-08,9.090748372602971e-08,2.0154354472110185
47,I2,N9,0.0,0.0,2.3046200370774023e-07,200.0,199.999999769538,0.0,0.0,200.0
47,I3,N1,0.0,0.0,3.2419905803483844e-07,200.0,199.99999967580095,0.0,0.0,200.0
47,I3,N2,0.0,0.0,3.2326438495516974e-07,200.0,199.99999967673563,0.0,0.0,200.0
47,I3,N3,0.0,0.0,3.494840128871062e-07,200.0,199.99999965051597,0.0,0.0,200.0
47,I3,N4,0.0,0.0,3.241806503121025e-07,200.0,199.99999967581934,0.0,0.0,200.0
47,I3,N5,0.0,0.0,3.2010555493389304e-07,200.0,199.99999967989444,0.0,0.0,200.0
47,I3,N6,0.0,0.0,3.0360071040191647e-07,121.87234802644709,121.87234772284637,0.0,0.0,121.84282606087338
47,I3,N7,0.0,0.0,3.231858002611927e-07,200.0,199.9999996768142,0.0,0.0,200.0
47,I3,N8,0.0,0.0,3.254622729948941e-07,3.1752733219717584,3.1752729965094852,2.8619935243083004e-08,9.08761075392116e-08,2.0154354472110185
47,I3,N9,0.0,0.0,3.510554377192992e-07,200.0,199.99999964894457,0.0,0.0,200.0
47,I4,N1,0.0,0.0,1.1634346378731465e-06,200.0,199.99999883656537,0.0,0.0,200.0
47,I4,N2,0.0,0.0,1.2011311944242596e-06,200.0,199.9999987988688,-1.1096133496669817e-08,-2.2192266860060515e-06,200.0
47,I4,N3,0.0,0.0,1.1162888468313287e-06,200.0,199.99999888371116,0.0,0.0,200.0
47,I4,N4,0.0,0.0,1.163435706662623e-06,200.0,199.9999988365643,0.0,0.0,200.0
47,I4,N5,0.0,0.0,1.163899313082579e-06,200.0,199.99999883610067,0.0,0.0,200.0
47,I4,N6,0.0,0.0,1.1382724975178783e-06,121.87234802644709,121.87234688817459,0.0,0.0,121.84282606087338
47,I4,N7,0.0,0.0,1.2015816231659194e-06,200.0,199.99999879841837,0.0,0.0,200.0
47,I4,N8,0.0,0.0,1.1162866817446577e-06,3.1752733219717584,3.1752722056850766,9.982237939036169e-08,3.169632267835663e-07,2.0154354472110185
47,I4,N9,0.0,0.0,1.1162888126698225e-06,200.0,199.99999888371119,0.0,0.0,200.0
48,I1,N1,0.0,0.0,6.532122967997771e-07,200.0,199.9999993467877,0.0,0.0,200.0
48,I1,N2,0.0,0.0,6.538189570987324e-07,200.0,199.99999934618106,0.0,0.0,200.0
48,I1,N3,0.0,0.0,5.863195915758916e-07,200.0,199.9999994136804,0.0,0.0,200.0
48,I1,N4,0.0,0.0,6.532447930443717e-07,200.0,199.9999993467552,0.0,0.0,200.0
48,I1,N5,0.0,0.0,6.532579115966356e-07,200.0,199.9999993467421,0.0,0.0,200.0
48,I1,N6,0.0,0.0,6.371495599133698e-07,121.84282606087338,121.84282542372382,0.0,0.0,121.8201921496318
48,I1,N7,0.0,0.0,6.538126645467018e-07,200.0,199.99999934618734,0.0,0.0,200.0
48,I1,N8,109.77611145053817,384.08885111705746,111.2876888687194,111.28768775835545,0.0,39.531156219255585,0.0,5.403322728183923
48,I1,N9,0.0,0.0,5.972162117083498e-07,200.0,199.9999994027838,0.0,0.0,200.0
48,I2,N1,0.0,0.0,5.2655763316901165e-06,200.0,199.99999473442367,0.0,0.0,200.0
48,I2,N2,0.0,0.0,5.26560850149505e-06,200.0,199.9999947343915,0.0,0.0,200.0
48,I2,N3,0.0,0.0,5.265615137863603e-06,200.0,199.99999473438487,0.0,0.0,200.0
48,I2,N4,0.0,0.0,5.265576362239022e-06,200.0,199.99999473442364,0.0,0.0,200.0
48,I2,N5,0.0,0.0,5.265585880285372e-06,200.0,199.99999473441412,0.0,0.0,200.0
48,I2,N6,78.1798078503682,247.43053250958133,78.24770958409297,200.0,121.75229041590703,1.5134475503916124e-08,1.8426570568452267e-06,121.8201921496318
48,I2,N7,0.0,0.0,5.265608431584451e-06,200.0,199.99999473439158,0.0,0.0,200.0
48,I2,N8,84.82056582127791,194.2091043252946,73.145326560178,90.72774768885557,17.582421128677566,1.0491092595101382e-07,1.8445880810702332e-06,5.403322728183923
48,I2,N9,0.0,0.0,5.265615141281106e-06,200.0,199.99999473438487,0.0,0.0,200.0
48,I3,N1,0.0,0.0,3.0704223595925405e-07,200.0,199.99999969295777,0.0,0.0,200.0
48,I3,N2,0.0,0.0,3.0176507724512865e-07,200.0,199.99999969823492,0.0,0.0,200.0
48,I3,N3,0.0,0.0,3.121197359048676e-07,200.0,199.99999968788026,0.0,0.0,200.0
48,I3,N4,0.0,0.0,3.057722128073799e-07,200.0,199.9999996942278,0.0,0.0,200.0
48,I3,N5,0.0,0.0,3.056366574886912e-07,200.0,199.99999969436334,0.0,0.0,200.0
48,I3,N6,0.0,0.0,2.9898477540183593e-07,121.84282606087338,121.8428257618886,0.0,0.0,121.8201921496318
48,I3,N7,0.0,0.0,3.0866154547097865e-07,200.0,199.99999969133845,0.0,0.0,200.0
48,I3,N8,0.0,0.0,2.9886657975423457e-07,2.0154354472110185,2.0154351483444386,4.5105782132805605e-08,9.090777870402299e-08,5.403322728183923
48,I3,N9,0.0,0.0,3.1213895082646814e-07,200.0,199.99999968786105,0.0,0.0,200.0
48,I4,N1,0.0,0.0,1.2060699243728414e-06,200.0,199.99999879393008,0.0,0.0,200.0
48,I4,N2,0.0,0.0,1.2036502131592034e-06,200.0,199.9999987963498,0.0,0.0,200.0
48,I4,N3,0.0,0.0,1.5652765287451083e-06,200.0,199.99999843472347,0.0,0.0,200.0
48,I4,N4,0.0,0.0,1.2060248451687444e-06,200.0,199.99999879397515,0.0,0.0,200.0
48,I4,N5,0.0,0.0,1.2078353747104157e-06,200.0,199.99999879216463,0.0,0.0,200.0
48,I4,N6,0.0,0.0,1.2687569934658486e-06,121.84282606087338,121.84282479211639,0.0,0.0,121.8201921496318
48,I4,N7,0.0,0.0,1.2044940510040192e-06,200.0,199.99999879550595,0.0,0.0,200.0
48,I4,N8,0.0,0.0,1.4414607465549777e-06,2.0154354472110185,2.0154340057502718,1.5625712213283267e-07,3.149259175871844e-07,5.403322728183923
48,I4,N9,0.0,0.0,1.580510578440844e-06,200.0,199.99999841948943,0.0,0.0,200.0
49,I1,N1,0.0,0.0,4.016895702896901e-07,200.0,199.99999959831044,0.0,0.0,200.0
49,I1,N2,0.0,0.0,4.0132676714678687e-07,200.0,199.99999959867324,0.0,0.0,200.0
49,I1,N3,0.0,0.0,3.9559663317972883e-07,200.0,199.99999960440337,0.0,0.0,200.0
49,I1,N4,0.0,0.0,4.0160544963506906e-07,200.0,199.99999959839454,0.0,0.0,200.0
49,I1,N5,0.0,0.0,4.0096010201134443e-07,200.0,199.9999995990399,0.0,0.0,200.0
49,I1,N6,0.0,0.0,3.950465030591448e-07,121.8201921496318,121.8201917545853,0.0,0.0,121.80321215451374
49,I1,N7,0.0,0.0,4.0151233745528763e-07,200.0,199.99999959848768,0.0,0.0,200.0
49,I1,N8,111.1269424199012,386.82311032594134,115.1794353279903,115.17943417872209,0.0,39.505789617756065,0.0,6.367761319461692
49,I1,N9,0.0,0.0,3.95681679857298e-07,200.0,199.99999960431833,0.0,0.0,200.0
49,I2,N1,0.0,0.0,2.484082435280095e-07,200.0,199.99999975159176,0.0,0.0,200.0
49,I2,N2,0.0,0.0,2.4999700110682395e-07,200.0,199.99999975000298,0.0,0.0,200.0
49,I2,N3,0.0,0.0,2.4793781045322994e-07,200.0,199.9999997520622,0.0,0.0,200.0
49,I2,N4,0.0,0.0,2.4858299484988827e-07,200.0,199.999999751417,0.0,0.0,200.0
49,I2,N5,0.0,0.0,2.498449045422464e-07,200.0,199.9999997501551,0.0,0.0,200.0
49,I2,N6,78.19678784548626,245.14858826436318,78.2477278308404,200.0,121.7522721691596,0.0,0.0,121.80321215451374
49,I2,N7,0.0,0.0,2.499224878911268e-07,200.0,199.9999997500775,0.0,0.0,200.0
49,I2,N8,82.5052962606371,183.43657205314236,75.55948757871462,90.22388854946183,14.66440097074721,0.0,0.0,6.367761319461692
49,I2,N9,0.0,0.0,2.4792366549152334e-07,200.0,199.99999975207635,0.0,0.0,200.0
49,I3,N1,0.0,0.0,5.940058239129073e-07,200.0,199.99999940599417,0.0,0.0,200.0
49,I3,N2,0.0,0.0,5.939765305975328e-07,200.0,199.99999940602348,0.0,0.0,200.0
49,I3,N3,0.0,0.0,5.708184014624596e-07,200.0,199.9999994291816,0.0,0.0,200.0
49,I3,N4,0.0,0.0,5.940054004634446e-07,200.0,199.9999994059946,0.0,0.0,200.0
49,I3,N5,0.0,0.0,5.93991601455077e-07,200.0,199.99999940600838,0.0,0.0,200.0
49,I3,N6,0.0,0.0,5.939397107454066e-07,121.8201921496318,121.82019155569208,0.0,0.0,121.80321215451374
49,I3,N7,0.0,0.0,5.939766484457747e-07,200.0,199.99999940602336,0.0,0.0,200.0
49,I3,N8,0.0,0.0,5.927955141691317e-07,5.403322728183923,5.403322135388409,1.6824184449286873e-08,9.090648824468921e-08,6.367761319461692
49,I3,N9,0.0,0.0,5.710689792844462e-07,200.0,199.99999942893103,0.0,0.0,200.0
49,I4,N1,0.0,0.0,2.0412890140567093e-06,200.0,199.999997958711,-5.328627106013702e-08,-1.0657254103254724e-05,200.0
49,I4,N2,0.0,0.0,1.98781129575435e-06,200.0,199.9999980121887,-5.1445145864521794e-08,-1.0289029070641117e-05,200.0
49,I4,N3,0.0,0.0,1.9328273588929183e-06,200.0,199.99999806717264,-4.9603710933487204e-08,-9.920742090822032e-06,200.0
49,I4,N4,0.0,0.0,2.0302848151416725e-06,200.0,199.9999979697152,-5.2903929213076116e-08,-1.058078573520518e-05,200.0
49,I4,N5,0.0,0.0,1.989104131830811e-06,200.0,199.99999801089587,-5.148640240358691e-08,-1.0297280378305566e-05,200.0
49,I4,N6,0.0,0.0,1.90853331646137e-06,121.8201921496318,121.82019024109847,-4.782993913187074e-08,-5.8266522842646535e-06,121.80321215451374
49,I4,N7,0.0,0.0,1.986228320890928e-06,200.0,199.9999980137717,-5.1396572152296474e-08,-1.0279314328373969e-05,200.0
49,I4,N8,0.0,0.0,1.9441115653502368e-06,5.403322728183923,5.403320784072358,0.0,0.0,6.367761319461692
49,I4,N9,0.0,0.0,1.9320792672320137e-06,200.0,199.99999806792073,-4.958777825727818e-08,-9.917555555648118e-06,200.0
50,I1,N1,0.0,0.0,5.645077093390247e-07,200.0,199.9999994354923,0.0,0.0,200.0
50,I1,N2,0.0,0.0,5.936783723952929e-07,200.0,199.99999940632162,0.0,0.0,200.0
50,I1,N3,0.0,0.0,4.5358306492895296e-07,200.0,199.99999954641694,0.0,0.0,200.0
50,I1,N4,0.0,0.0,5.774664150830431e-07,200.0,199.9999994225336,0.0,0.0,200.0
50,I1,N5,0.0,0.0,5.773140501057885e-07,200.0,199.99999942268596,0.0,0.0,200.0
50,I1,N6,0.0,0.0,5.320026766526573e-07,121.80321215451374,121.80321162251107,0.0,0.0,121.79046265070144
50,I1,N7,0.0,0.0,5.786895498882712e-07,200.0,199.99999942131046,0.0,0.0,200.0
50,I1,N8,112.71888304287195,389.9575604043515,117.49470491178421,117.4947037393629,0.0,39.998234997772165,0.0,9.921176036390136
50,I1,N9,0.0,0.0,4.5064442639380725e-07,200.0,199.99999954935558,0.0,0.0,200.0
50,I2,N1,0.0,0.0,2.4957632668794767e-07,200.0,199.99999975042368,0.0,0.0,200.0
50,I2,N2,0.0,0.0,2.495755854454813e-07,200.0,199.99999975042442,0.0,0.0,200.0
50,I2,N3,0.0,0.0,2.4972614015724614e-07,200.0,199.99999975027387,0.0,0.0,200.0
50,I2,N4,0.0,0.0,2.682917276785542e-07,200.0,199.99999973170827,0.0,0.0,200.0
50,I2,N5,0.0,0.0,2.495749680841676e-07,200.0,199.99999975042502,0.0,0.0,200.0
50,I2,N6,78.20953734929856,243.12066893163376,78.24778586073545,200.0,121.75221413926455,0.0,0.0,121.79046265070144
50,I2,N7,0.0,0.0,2.4959855732128295e-07,200.0,199.99999975040143,0.0,0.0,200.0
50,I2,N8,77.3599409207379,168.5393665104515,61.923874901040286,88.8730575800988,26.949182679058516,0.0,0.0,9.921176036390136
50,I2,N9,0.0,0.0,2.497268227542397e-07,200.0,199.9999997502732,0.0,0.0,200.0
50,I3,N1,0.0,0.0,4.512489448046335e-07,200.0,199.99999954875105,0.0,0.0,200.0
50,I3,N2,0.0,0.0,4.474595041020223e-07,200.0,199.9999995525405,0.0,0.0,200.0
50,I3,N3,0.0,0.0,4.412896822003817e-07,200.0,199.99999955871033,0.0,0.0,200.0
50,I3,N4,0.0,0.0,4.5126814215854114e-07,200.0,199.99999954873186,0.0,0.0,200.0
50,I3,N5,0.0,0.0,4.509691955009857e-07,200.0,199.9999995490308,0.0,0.0,200.0
50,I3,N6,0.0,0.0,4.4018717970391377e-07,121.80321215451374,121.80321171432657,0.0,0.0,121.79046265070144
50,I3,N7,0.0,0.0,4.5124865302723746e-07,200.0,199.99999954875133,0.0,0.0,200.0
50,I3,N8,0.0,0.0,4.36260144765762e-07,6.367761319461692,6.367760883201548,1.4271633815253796e-08,9.087835154814958e-08,9.921176036390136
50,I3,N9,0.0,0.0,4.389238587492259e-07,200.0,199.99999956107615,0.0,0.0,200.0
50,I4,N1,0.0,0.0,1.1401776340761075e-06,200.0,199.99999885982237,0.0,0.0,200.0
50,I4,N2,0.0,0.0,1.1179794794324253e-06,200.0,199.99999888202052,0.0,0.0,200.0
50,I4,N3,0.0,0.0,1.4548446676639037e-06,200.0,199.99999854515534,0.0,0.0,200.0
50,I4,N4,0.0,0.0,1.119250500003325e-06,200.0,199.9999988807495,0.0,0.0,200.0
50,I4,N5,0.0,0.0,1.119205424448776e-06,200.0,199.99999888079458,0.0,0.0,200.0
50,I4,N6,0.0,0.0,1.5011363568739257e-06,121.80321215451374,121.80321065337739,0.0,0.0,121.79046265070144
50,I4,N7,0.0,0.0,1.1187155233620696e-06,200.0,199.99999888128448,0.0,0.0,200.0
50,I4,N8,0.0,0.0,1.1610294425335527e-06,6.367761319461692,6.36776015843225,4.919806148199665e-08,3.132814557771586e-07,9.921176036390136
50,I4,N9,0.0,0.0,1.4548734763029426e-06,200.0,199.99999854512652,0.0,0.0,200.0
51,I1,N1,0.0,0.0,5.342333709808765e-07,200.0,199.99999946576662,0.0,0.0,200.0
51,I1,N2,0.0,0.0,5.589560997283397e-07,200.0,199.9999994410439,0.0,0.0,200.0
51,I1,N3,0.0,0.0,5.46593245588283e-07,200.0,199.99999945340676,0.0,0.0,200.0
51,I1,N4,0.0,0.0,5.401764115559575e-07,200.0,199.99999945982358,0.0,0.0,200.0
51,I1,N5,0.0,0.0,5.42626246307833e-07,200.0,199.99999945737375,0.0,0.0,200.0
51,I1,N6,0.0,0.0,5.540209769056736e-07,121.79046265070144,121.79046209668047,0.0,0.0,121.68530132566846
51,I1,N7,0.0,0.0,5.598255926398722e-07,200.0,199.9999994401744,0.0,0.0,200.0
51,I1,N8,115.19917735793186,394.7168187910112,122.64006030311157,122.6400590792621,0.0,40.165501387850576,0.0,17.00815914862747
51,I1,N9,0.0,0.0,5.447953138259913e-07,200.0,199.9999994552047,0.0,0.0,200.0
51,I2,N1,0.0,0.0,2.4725807478272785e-07,200.0,199.99999975274193,0.0,0.0,200.0
51,I2,N2,0.0,0.0,2.472790201970037e-07,200.0,199.99999975272098,0.0,0.0,200.0
51,I2,N3,0.0,0.0,2.479876107180746e-07,200.0,199.9999997520124,0.0,0.0,200.0
51,I2,N4,0.0,0.0,2.4725801577959256e-07,200.0,199.99999975274199,0.0,0.0,200.0
51,I2,N5,0.0,0.0,2.4726309809289005e-07,200.0,199.9999997527369,0.0,0.0,200.0
51,I2,N6,78.31469867433154,247.36150011576564,78.63018264943045,200.0,121.36981735056955,0.0,0.0,121.68530132566846
51,I2,N7,0.0,0.0,2.4727891847947626e-07,200.0,199.9999997527211,0.0,0.0,200.0
51,I2,N8,67.79266349344067,145.94994050941787,39.090831211549,87.28111695712805,48.19028574557905,0.0,0.0,17.00815914862747
51,I2,N9,0.0,0.0,2.4798770915193223e-07,200.0,199.9999997520123,0.0,0.0,200.0
51,I3,N1,0.0,0.0,6.619058740650228e-07,200.0,199.9999993380941,0.0,0.0,200.0
51,I3,N2,0.0,0.0,6.61587736223485e-07,200.0,199.99999933841227,0.0,0.0,200.0
51,I3,N3,0.0,0.0,6.631135868663487e-07,200.0,199.99999933688642,0.0,0.0,200.0
51,I3,N4,0.0,0.0,6.618869640505154e-07,200.0,199.99999933811304,0.0,0.0,200.0
51,I3,N5,0.0,0.0,6.619457939519352e-07,200.0,199.9999993380542,0.0,0.0,200.0
51,I3,N6,0.0,0.0,6.55617756495482e-07,121.79046265070144,121.79046199508369,0.0,0.0,121.68530132566846
51,I3,N7,0.0,0.0,6.614100692512372e-07,200.0,199.99999933858993,0.0,0.0,200.0
51,I3,N8,0.0,0.0,6.591211047224595e-07,9.921176036390136,9.921175377269032,0.0,0.0,17.00815914862747
51,I3,N9,0.0,0.0,6.629743601338422e-07,200.0,199.99999933702563,0.0,0.0,200.0
51,I4,N1,0.0,0.0,1.2140802535311316e-06,200.0,199.99999878591976,0.0,0.0,200.0
51,I4,N2,0.0,0.0,1.3075919270548196e-06,200.0,199.99999869240807,0.0,0.0,200.0
51,I4,N3,0.0,0.0,1.1617120952007343e-06,200.0,199.9999988382879,0.0,0.0,200.0
51,I4,N4,0.0,0.0,1.2132019691767287e-06,200.0,199.99999878679802,0.0,0.0,200.0
51,I4,N5,0.0,0.0,1.2084041774992808e-06,200.0,199.99999879159583,0.0,0.0,200.0
51,I4,N6,0.0,0.0,1.145998945960664e-06,121.79046265070144,121.79046150470249,0.0,0.0,121.68530132566846
51,I4,N7,0.0,0.0,1.2997884099153383e-06,200.0,199.9999987002116,0.0,0.0,200.0
51,I4,N8,0.0,0.0,1.2199424219297601e-06,9.921176036390136,9.921174816447714,3.198556606072109e-08,3.173343924914508e-07,17.00815914862747
51,I4,N9,0.0,0.0,1.1616551175861343e-06,200.0,199.99999883834488,0.0,0.0,200.0
52,I1,N1,0.0,0.0,5.892030515637626e-07,200.0,199.99999941079696,0.0,0.0,200.0
52,I1,N2,0.0,0.0,5.964100426711882e-07,200.0,199.99999940358995,0.0,0.0,200.0
52,I1,N3,0.0,0.0,6.115138531788437e-07,200.0,199.99999938848615,0.0,0.0,200.0
52,I1,N4,0.0,0.0,3.08133763533806e-07,200.0,199.99999969186624,0.0,0.0,200.0
52,I1,N5,0.0,0.0,5.951564454350557e-07,200.0,199.99999940484355,0.0,0.0,200.0
52,I1,N6,0.0,0.0,6.085563042374788e-07,121.68530132566846,121.68530071711216,0.0,0.0,121.60674684435105
52,I1,N7,0.0,0.0,5.965678541604514e-07,200.0,199.99999940343216,0.0,0.0,200.0
52,I1,N8,119.45121747413833,401.1787561546808,132.20733782275775,132.20733650655933,0.0,17.82535730106523,0.0,16.028160992931106
52,I1,N9,0.0,0.0,6.113460780367405e-07,200.0,199.99999938865392,0.0,0.0,200.0
52,I2,N1,0.0,0.0,3.2558971865731427e-07,200.0,199.99999967441028,0.0,0.0,200.0
52,I2,N2,0.0,0.0,3.440577708925036e-07,200.0,199.99999965594222,0.0,0.0,200.0
52,I2,N3,0.0,0.0,3.1194123820810966e-07,200.0,199.99999968805875,0.0,0.0,200.0
52,I2,N4,0.0,0.0,3.258469571589646e-07,200.0,199.99999967415303,0.0,0.0,200.0
52,I2,N5,0.0,0.0,3.3560229653549394e-07,200.0,199.9999996643977,0.0,0.0,200.0
52,I2,N6,78.39325315564895,250.54212738836708,78.62891659960117,200.0,121.37108340039883,0.0,0.0,121.60674684435105
52,I2,N7,0.0,0.0,3.376164308512318e-07,200.0,199.99999966238357,0.0,0.0,200.0
52,I2,N8,64.52062153293056,147.8650112332977,54.70449565140024,84.80082264206814,30.096326990667905,0.0,0.0,16.028160992931106
52,I2,N9,0.0,0.0,3.119567058784487e-07,200.0,199.9999996880433,0.0,0.0,200.0
52,I3,N1,0.0,0.0,1.287794444560119e-05,200.0,199.99998712205556,0.0,0.0,200.0
52,I3,N2,0.0,0.0,1.2877779795768077e-05,200.0,199.9999871222202,0.0,0.0,200.0
52,I3,N3,0.0,0.0,1.2880199511070996e-05,200.0,199.9999871198005,0.0,0.0,200.0
52,I3,N4,0.0,0.0,1.287794409935305e-05,200.0,199.9999871220559,0.0,0.0,200.0
52,I3,N5,0.0,0.0,1.2877962900445043e-05,200.0,199.9999871220371,0.0,0.0,200.0
52,I3,N6,0.0,0.0,1.2882479009359167e-05,121.68530132566846,121.68528844318945,1.5142829485895904e-08,1.8426595738372774e-06,121.60674684435105
52,I3,N7,0.0,0.0,1.2877967866111439e-05,200.0,199.99998712203214,0.0,0.0,200.0
52,I3,N8,0.0,0.0,1.287946259750819e-05,17.00815914862747,17.00814626916487,1.0845399535272732e-07,1.8446014164345134e-06,16.028160992931106
52,I3,N9,0.0,0.0,1.288020517503657e-05,200.0,199.99998711979484,0.0,0.0,200.0
52,I4,N1,0.0,0.0,1.709660394293196e-06,200.0,199.99999829033962,0.0,0.0,200.0
52,I4,N2,0.0,0.0,1.706552336866147e-06,200.0,199.99999829344767,0.0,0.0,200.0
52,I4,N3,0.0,0.0,1.5914050528458166e-06,200.0,199.99999840859493,0.0,0.0,200.0
52,I4,N4,0.0,0.0,1.7096615536439342e-06,200.0,199.99999829033845,0.0,0.0,200.0
52,I4,N5,0.0,0.0,1.7054004513116519e-06,200.0,199.99999829459955,0.0,0.0,200.0
52,I4,N6,0.0,0.0,1.5936560660946966e-06,121.68530132566846,121.6852997320124,0.0,0.0,121.60674684435105
52,I4,N7,0.0,0.0,1.7074361653023797e-06,200.0,199.99999829256384,0.0,0.0,200.0
52,I4,N8,0.0,0.0,1.5942597128323178e-06,17.00815914862747,17.008157554367756,1.8137749273537726e-08,3.0848969732594896e-07,16.028160992931106
52,I4,N9,0.0,0.0,1.591488522435221e-06,200.0,199.9999984085115,0.0,0.0,200.0
53,I1,N1,0.0,0.0,4.815618513180153e-07,200.0,199.99999951843816,0.0,0.0,200.0
53,I1,N2,0.0,0.0,4.815860101848111e-07,200.0,199.999999518414,0.0,0.0,200.0
53,I1,N3,0.0,0.0,4.824995945180911e-07,200.0,199.9999995175004,0.0,0.0,200.0
53,I1,N4,0.0,0.0,4.796575539475319e-07,200.0,199.99999952034244,0.0,0.0,200.0
53,I1,N5,0.0,0.0,4.815628270168368e-07,200.0,199.99999951843716,0.0,0.0,200.0
53,I1,N6,0.0,0.0,4.818430462799265e-07,121.60674684435105,121.606746362508,0.0,0.0,121.54797413429355
53,I1,N7,0.0,0.0,4.815867748828668e-07,200.0,199.99999951841323,0.0,0.0,200.0
53,I1,N8,123.45825805953731,406.79125212071096,135.47937981573426,135.47937846706944,0.0,17.71784700557047,0.0,8.727832420066989
53,I1,N9,0.0,0.0,4.824719307591806e-07,200.0,199.99999951752807,0.0,0.0,200.0
53,I2,N1,0.0,0.0,2.929853043422303e-07,200.0,199.9999997070147,0.0,0.0,200.0
53,I2,N2,0.0,0.0,2.9303938071310953e-07,200.0,199.9999997069606,0.0,0.0,200.0
53,I2,N3,0.0,0.0,3.156210805543973e-07,200.0,199.9999996843789,0.0,0.0,200.0
53,I2,N4,0.0,0.0,2.930288578240108e-07,200.0,199.99999970697115,0.0,0.0,200.0
53,I2,N5,0.0,0.0,2.9305340665837315e-07,200.0,199.9999997069466,0.0,0.0,200.0
53,I2,N6,78.45202586570645,250.38299109393157,78.62834399587892,200.0,121.37165600412108,0.0,0.0,121.54797413429355
53,I2,N7,0.0,0.0,2.93079022876306e-07,200.0,199.999999706921,0.0,0.0,200.0
53,I2,N8,67.81390952039568,149.7456451909535,77.69377348279104,80.54878252586167,2.8550090430706234,3.1375711641418267e-08,8.957794046902539e-08,8.727832420066989
53,I2,N9,0.0,0.0,3.3144291990954754e-07,200.0,199.99999966855708,0.0,0.0,200.0
53,I3,N1,0.0,0.0,6.17169643974776e-07,200.0,199.99999938283037,0.0,0.0,200.0
53,I3,N2,0.0,0.0,5.919958477865663e-07,200.0,199.99999940800416,0.0,0.0,200.0
53,I3,N3,0.0,0.0,5.907897049183588e-07,200.0,199.9999994092103,0.0,0.0,200.0
53,I3,N4,0.0,0.0,6.173930421350244e-07,200.0,199.99999938260694,0.0,0.0,200.0
53,I3,N5,0.0,0.0,6.15290844610995e-07,200.0,199.99999938470916,0.0,0.0,200.0
53,I3,N6,0.0,0.0,6.095426382221617e-07,121.60674684435105,121.60674623480841,0.0,0.0,121.54797413429355
53,I3,N7,0.0,0.0,5.487602273070996e-07,200.0,199.99999945123977,0.0,0.0,200.0
53,I3,N8,0.0,0.0,5.863111945793015e-07,16.028160992931106,16.02816040661991,0.0,0.0,8.727832420066989
53,I3,N9,0.0,0.0,5.910141179281929e-07,200.0,199.99999940898587,0.0,0.0,200.0
53,I4,N1,0.0,0.0,1.194619215506833e-06,200.0,199.99999880538078,0.0,0.0,200.0
53,I4,N2,0.0,0.0,1.1972290664694514e-06,200.0,199.99999880277093,0.0,0.0,200.0
53,I4,N3,0.0,0.0,1.2413885481355196e-06,200.0,199.99999875861144,0.0,0.0,200.0
53,I4,N4,0.0,0.0,1.1954531227384692e-06,200.0,199.9999988045469,0.0,0.0,200.0
53,I4,N5,0.0,0.0,1.1968414872769209e-06,200.0,199.99999880315852,0.0,0.0,200.0
53,I4,N6,0.0,0.0,1.2459800879110643e-06,121.60674684435105,121.60674559837096,0.0,0.0,121.54797413429355
53,I4,N7,0.0,0.0,1.1543627628707811e-06,200.0,199.99999884563724,0.0,0.0,200.0
53,I4,N8,0.0,0.0,1.1606906188633381e-06,16.028160992931106,16.028159832240487,1.9797134540064245e-08,3.173116366285185e-07,8.727832420066989
53,I4,N9,0.0,0.0,1.227565128805697e-06,200.0,199.99999877243488,0.0,0.0,200.0
54,I1,N1,0.0,0.0,9.726332192222595e-07,200.0,199.99999902736678,0.0,0.0,200.0
54,I1,N2,0.0,0.0,9.726675767339673e-07,200.0,199.99999902733242,0.0,0.0,200.0
54,I1,N3,0.0,0.0,9.7186830847849e-07,200.0,199.9999990281317,0.0,0.0,200.0
54,I1,N4,0.0,0.0,9.72626984569963e-07,200.0,199.999999027373,0.0,0.0,200.0
54,I1,N5,0.0,0.0,9.725226611261672e-07,200.0,199.99999902747734,0.0,0.0,200.0
54,I1,N6,0.0,0.0,9.727638066712666e-07,121.54797413429355,121.54797316152975,0.0,0.0,121.50397160586859
54,I1,N7,0.0,0.0,9.733577444771774e-07,200.0,199.99999902664226,0.0,0.0,200.0
54,I1,N8,125.64021649353026,410.23025519640447,132.18609179550913,132.18609047960433,0.0,18.84365815217076,0.0,7.9858783865410885
54,I1,N9,0.0,0.0,9.729142224043618e-07,200.0,199.99999902708578,0.0,0.0,200.0
54,I2,N1,0.0,0.0,2.287809317245186e-07,200.0,199.99999977121908,0.0,0.0,200.0
54,I2,N2,0.0,0.0,2.2879769957682894e-07,200.0,199.9999997712023,0.0,0.0,200.0
54,I2,N3,0.0,0.0,2.2881674544118328e-07,200.0,199.99999977118324,0.0,0.0,200.0
54,I2,N4,0.0,0.0,2.287861764798691e-07,200.0,199.99999977121382,0.0,0.0,200.0
54,I2,N5,0.0,0.0,2.2879147964060542e-07,200.0,199.9999997712085,0.0,0.0,200.0
54,I2,N6,78.49602839413141,252.8084825319789,78.6280359794063,200.0,121.3719640205937,0.0,0.0,121.50397160586859
54,I2,N7,0.0,0.0,2.287977602520711e-07,200.0,199.99999977120223,0.0,0.0,200.0
54,I2,N8,66.37390511992865,155.8710659247859,62.05389191852755,76.54174194046269,14.487850021935138,0.0,0.0,7.9858783865410885
54,I2,N9,0.0,0.0,2.2881385596450493e-07,200.0,199.99999977118614,0.0,0.0,200.0
54,I3,N1,0.0,0.0,6.382102086554489e-07,200.0,199.9999993617898,0.0,0.0,200.0
54,I3,N2,0.0,0.0,6.383633403653077e-07,200.0,199.99999936163667,0.0,0.0,200.0
54,I3,N3,0.0,0.0,6.444220416665629e-07,200.0,199.99999935557796,0.0,0.0,200.0
54,I3,N4,0.0,0.0,6.382149723293402e-07,200.0,199.99999936178503,0.0,0.0,200.0
54,I3,N5,0.0,0.0,6.382759003535722e-07,200.0,199.9999993617241,0.0,0.0,200.0
54,I3,N6,0.0,0.0,6.468232924884237e-07,121.54797413429355,121.54797348747026,0.0,0.0,121.50397160586859
54,I3,N7,0.0,0.0,6.382735333111589e-07,200.0,199.99999936172648,0.0,0.0,200.0
54,I3,N8,0.0,0.0,6.429229271057965e-07,8.727832420066989,8.727831777144061,1.0622878551305088e-08,9.271469698482262e-08,7.9858783865410885
54,I3,N9,0.0,0.0,6.444254284853833e-07,200.0,199.99999935557457,0.0,0.0,200.0
54,I4,N1,0.0,0.0,1.12698875221244e-06,200.0,199.99999887301124,0.0,0.0,200.0
54,I4,N2,0.0,0.0,1.1370072659588975e-06,200.0,199.99999886299273,0.0,0.0,200.0
54,I4,N3,0.0,0.0,1.2040907207124534e-06,200.0,199.99999879590928,0.0,0.0,200.0
54,I4,N4,0.0,0.0,1.126742426891838e-06,200.0,199.99999887325757,0.0,0.0,200.0
54,I4,N5,0.0,0.0,1.1260644323443683e-06,200.0,199.99999887393557,0.0,0.0,200.0
54,I4,N6,0.0,0.0,1.2410743153214577e-06,121.54797413429355,121.54797289321924,0.0,0.0,121.50397160586859
54,I4,N7,0.0,0.0,1.2133343112671971e-06,200.0,199.99999878666569,0.0,0.0,200.0
54,I4,N8,0.0,0.0,1.198600044498999e-06,8.727832420066989,8.727831221466944,3.6370954707716694e-08,3.174395540525699e-07,7.9858783865410885
54,I4,N9,0.0,0.0,1.2040914692485884e-06,200.0,199.99999879590854,0.0,0.0,200.0
55,I1,N1,0.0,0.0,9.519619984812283e-07,200.0,199.999999048038,0.0,0.0,200.0
55,I1,N2,0.0,0.0,9.514285956069657e-07,200.0,199.9999990485714,0.0,0.0,200.0
55,I1,N3,0.0,0.0,9.628835606317608e-07,200.0,199.99999903711645,0.0,0.0,200.0
55,I1,N4,0.0,0.0,9.51964522130551e-07,200.0,199.99999904803548,0.0,0.0,200.0
55,I1,N5,0.0,0.0,9.510615797025155e-07,200.0,199.99999904893843,0.0,0.0,200.0
55,I1,N6,0.0,0.0,9.628196435242894e-07,121.50397160586859,121.50397064304894,0.0,0.0,121.47099734770073
55,I1,N7,0.0,0.0,9.517158706170858e-07,200.0,199.99999904828414,0.0,0.0,200.0
55,I1,N8,127.63668642267683,413.14677258311497,133.62609621011654,133.62609488007135,0.0,18.375667400392576,0.0,5.131527277434827
55,I1,N9,0.0,0.0,9.628882268326628e-07,200.0,199.99999903711176,0.0,0.0,200.0
55,I2,N1,0.0,0.0,2.3040249984645616e-07,200.0,199.9999997695975,0.0,0.0,200.0
55,I2,N2,0.0,0.0,2.3041434912198702e-07,200.0,199.99999976958566,0.0,0.0,200.0
55,I2,N3,0.0,0.0,2.3042453031735864e-07,200.0,199.99999976957548,0.0,0.0,200.0
55,I2,N4,0.0,0.0,2.3040261464599233e-07,200.0,199.9999997695974,0.0,0.0,200.0
55,I2,N5,0.0,0.0,2.3040651281198824e-07,200.0,199.9999997695935,0.0,0.0,200.0
55,I2,N6,78.52900265229927,254.62760391855915,78.62792542680283,200.0,121.37207457319717,0.0,0.0,121.47099734770073
55,I2,N7,0.0,0.0,2.3041435543299975e-07,200.0,199.99999976958566,0.0,0.0,200.0
55,I2,N8,67.23178629988834,165.90671104219,69.80542983976738,74.35978350646974,4.5543536667023545,1.995998564212664e-08,9.090483379654582e-08,5.131527277434827
55,I2,N9,0.0,0.0,2.3043178187296815e-07,200.0,199.9999997695682,0.0,0.0,200.0
55,I3,N1,0.0,0.0,3.786138636841706e-07,200.0,199.99999962138614,-1.3099764623181114e-08,-2.6199529196764705e-06,200.0
55,I3,N2,0.0,0.0,3.7857594212080854e-07,200.0,199.99999962142405,-1.309856647927487e-08,-2.6197132908961717e-06,200.0
55,I3,N3,0.0,0.0,3.811952345512875e-07,200.0,199.99999961880476,-1.3170946653929654e-08,-2.6341893257652285e-06,200.0
55,I3,N4,0.0,0.0,3.7861842479848757e-07,200.0,199.99999962138156,-1.3099902410040385e-08,-2.6199804770482124e-06,200.0
55,I3,N5,0.0,0.0,3.78625923554957e-07,200.0,199.9999996213741,-1.3100123689520713e-08,-2.6200247329440964e-06,200.0
55,I3,N6,0.0,0.0,4.013884892891268e-07,121.50397160586859,121.5039712044801,-1.348043424220502e-08,-1.6379262939887661e-06,121.47099734770073
55,I3,N7,0.0,0.0,3.7858470899169545e-07,200.0,199.9999996214153,-1.3098829191748531e-08,-2.61976583339069e-06,200.0
55,I3,N8,0.0,0.0,3.905478272892053e-07,7.9858783865410885,7.9858779959932615,0.0,0.0,5.131527277434827
55,I3,N9,0.0,0.0,3.8111350774407293e-07,200.0,199.9999996188865,-1.316840146706273e-08,-2.6336802883938906e-06,200.0
55,I4,N1,0.0,0.0,1.4980435326340137e-06,200.0,199.99999850195647,0.0,0.0,200.0
55,I4,N2,0.0,0.0,1.4968503692012278e-06,200.0,199.99999850314964,0.0,0.0,200.0
55,I4,N3,0.0,0.0,1.174651488383056e-06,200.0,199.9999988253485,0.0,0.0,200.0
55,I4,N4,0.0,0.0,1.4965625850608836e-06,200.0,199.9999985034374,0.0,0.0,200.0
55,I4,N5,0.0,0.0,1.4663378818634433e-06,200.0,199.9999985336621,0.0,0.0,200.0
55,I4,N6,0.0,0.0,1.1761834464478326e-06,121.50397160586859,121.50397042968514,0.0,0.0,121.47099734770073
55,I4,N7,0.0,0.0,1.4950601164616576e-06,200.0,199.9999985049399,0.0,0.0,200.0
55,I4,N8,0.0,0.0,1.161548210129436e-06,7.9858783865410885,7.985877224992878,3.985909496698255e-08,3.183098387056542e-07,5.131527277434827
55,I4,N9,0.0,0.0,1.1747653212869098e-06,200.0,199.99999882523468,0.0,0.0,200.0
56,I1,N1,0.0,0.0,4.019907212121209e-07,200.0,199.99999959800928,0.0,0.0,200.0
56,I1,N2,0.0,0.0,7.083702794482467e-08,200.0,199.99999992916298,0.0,0.0,200.0
56,I1,N3,0.0,0.0,4.0129596409477187e-07,200.0,199.99999959870402,0.0,0.0,200.0
56,I1,N4,0.0,0.0,4.018041603978388e-07,200.0,199.99999959819584,0.0,0.0,200.0
56,I1,N5,0.0,0.0,4.0990884783840814e-07,200.0,199.99999959009116,0.0,0.0,200.0
56,I1,N6,0.0,0.0,4.0140926777850304e-07,121.47099734770073,121.47099694629146,0.0,0.0,121.44626001877825
56,I1,N7,0.0,0.0,4.800954450182483e-07,200.0,199.99999951990455,0.0,0.0,200.0
56,I1,N8,128.91956857235067,415.1336129767324,132.7682150213722,132.76821370011166,0.0,18.069315165304836,0.0,2.5657632235221683
56,I1,N9,0.0,0.0,4.013062602841689e-07,200.0,199.99999959869373,0.0,0.0,200.0
56,I2,N1,0.0,0.0,5.15568134125105e-06,200.0,199.99999484431865,0.0,0.0,200.0
56,I2,N2,0.0,0.0,5.155683202947447e-06,200.0,199.9999948443168,0.0,0.0,200.0
56,I2,N3,0.0,0.0,5.1551960668722975e-06,200.0,199.99999484480392,0.0,0.0,200.0
56,I2,N4,0.0,0.0,5.155681322707592e-06,200.0,199.99999484431868,0.0,0.0,200.0
56,I2,N5,0.0,0.0,5.1556822091279e-06,200.0,199.9999948443178,0.0,0.0,200.0
56,I2,N6,78.55373998122175,255.99203267999525,78.62795196798918,200.0,121.37204803201082,1.5249376832090383e-08,1.850848097322707e-06,121.44626001877825
56,I2,N7,0.0,0.0,5.1556833650817354e-06,200.0,199.99999484431663,0.0,0.0,200.0
56,I2,N8,68.51466820412716,177.51463171480628,72.3633139168436,72.36331357732317,0.0,4.803048028159623,0.0,2.5657632235221683
56,I2,N9,0.0,0.0,5.1551973721774055e-06,200.0,199.99999484480261,0.0,0.0,200.0
56,I3,N1,0.0,0.0,3.0059720685705563e-07,200.0,199.9999996994028,0.0,0.0,200.0
56,I3,N2,0.0,0.0,3.749757652758597e-07,200.0,199.99999962502423,0.0,0.0,200.0
56,I3,N3,0.0,0.0,3.004446737997516e-07,200.0,199.99999969955533,0.0,0.0,200.0
56,I3,N4,0.0,0.0,3.0059292663489544e-07,200.0,199.99999969940708,0.0,0.0,200.0
56,I3,N5,0.0,0.0,3.0057056713775433e-07,200.0,199.99999969942942,0.0,0.0,200.0
56,I3,N6,0.0,0.0,2.9875736529617336e-07,121.47099734770073,121.47099704894336,0.0,0.0,121.44626001877825
56,I3,N7,0.0,0.0,3.0056080975224817e-07,200.0,199.9999996994392,0.0,0.0,200.0
56,I3,N8,0.0,0.0,3.0005328451910344e-07,5.131527277434827,5.131526977381543,1.7714746717612545e-08,9.09037006789099e-08,2.5657632235221683
56,I3,N9,0.0,0.0,3.0044650854065177e-07,200.0,199.99999969955348,0.0,0.0,200.0
56,I4,N1,0.0,0.0,4.645873455460674e-05,200.0,199.99995354126546,3.214223828921046e-08,6.428446164554376e-06,200.0
56,I4,N2,0.0,0.0,4.6437709216118866e-05,200.0,199.99995356229078,3.2142238285824664e-08,6.428446164553018e-06,200.0
56,I4,N3,0.0,0.0,4.6477511006335766e-05,200.0,199.999953522489,3.214223829223401e-08,6.428446164555568e-06,200.0
56,I4,N4,0.0,0.0,4.645872258898115e-05,200.0,199.99995354127742,3.214223828920853e-08,6.428446164554374e-06,200.0
56,I4,N5,0.0,0.0,4.645580201707986e-05,200.0,199.99995354419798,3.214223828873822e-08,6.428446164554185e-06,200.0
56,I4,N6,0.0,0.0,4.648909530289018e-05,121.47099734770073,121.47095085860543,5.2963316993995815e-08,6.433504475886408e-06,121.44626001877825
56,I4,N7,0.0,0.0,4.643481845795389e-05,200.0,199.99995356518153,3.214223828535916e-08,6.428446164552832e-06,200.0
56,I4,N8,0.0,0.0,4.649577221812426e-05,5.131527277434827,5.131480781662609,1.2551929078497581e-06,6.44099828391024e-06,2.5657632235221683
56,I4,N9,0.0,0.0,4.6475949185031766e-05,200.0,199.99995352405082,3.214223829198251e-08,6.4284461645554684e-06,200.0
57,I1,N1,0.0,0.0,1.061316281044484e-05,200.0,199.9999893868372,1.1788578362534964e-08,2.3577155473928912e-06,200.0
57,I1,N2,0.0,0.0,1.1386072774875336e-05,200.0,199.99998861392723,1.1795908711589296e-08,2.359181608008784e-06,200.0
57,I1,N3,0.0,0.0,1.1603395179574598e-05,200.0,199.99998839660483,1.1781521292592952e-08,2.356304121812943e-06,200.0
57,I1,N4,0.0,0.0,1.0623316601284938e-05,200.0,199.9999893766834,1.1788706397413454e-08,2.3577411542475304e-06,200.0
57,I1,N5,0.0,0.0,1.0304910910227725e-05,200.0,199.99998969508908,1.1779604110669807e-08,2.3559207007461906e-06,200.0
57,I1,N6,0.0,0.0,1.2300176018534106e-05,121.44626001877825,121.44624771860222,1.943373767230503e-08,2.360154519449089e-06,115.9854587933624
57,I1,N7,0.0,0.0,1.137260771133922e-05,200.0,199.9999886273923,1.1797284844561898e-08,2.359456834746487e-06,200.0
57,I1,N8,129.56100967265016,416.32407965422436,131.4853329735486,131.48533179587284,0.0,17.338520395753303,0.0,1.282881142902113
57,I1,N9,0.0,0.0,1.160821472867862e-05,200.0,199.99998839178528,1.1780654763224603e-08,2.3561308158925507e-06,200.0
57,I2,N1,0.0,0.0,4.563060442126095e-07,200.0,199.99999954369395,0.0,0.0,200.0
57,I2,N2,0.0,0.0,4.582082975997146e-07,200.0,199.9999995417917,0.0,0.0,200.0
57,I2,N3,0.0,0.0,4.897774707075236e-07,200.0,199.99999951022252,0.0,0.0,200.0
57,I2,N4,0.0,0.0,4.563103542283296e-07,200.0,199.99999954368965,0.0,0.0,200.0
57,I2,N5,0.0,0.0,4.588406164186784e-07,200.0,199.99999954115938,0.0,0.0,200.0
57,I2,N6,84.0145412066376,257.01631564087484,100.39694488288518,200.0,99.60305511711482,1.3868194727684805e-08,1.3813145638364709e-06,115.9854587933624
57,I2,N7,0.0,0.0,4.5812953435697123e-07,200.0,199.99999954187047,0.0,0.0,200.0
57,I2,N8,69.15610918444771,189.28425280539093,71.08043212540939,71.08043142764933,0.0,6.969278347713263,0.0,1.282881142902113
57,I2,N9,0.0,0.0,4.898593065778365e-07,200.0,199.9999995101407,0.0,0.0,200.0
57,I3,N1,0.0,0.0,4.701859848402599e-07,200.0,199.999999529814,0.0,0.0,200.0
57,I3,N2,0.0,0.0,5.01477874730266e-07,200.0,199.99999949852213,0.0,0.0,200.0
57,I3,N3,0.0,0.0,4.982336182003569e-07,200.0,199.99999950176638,0.0,0.0,200.0
57,I3,N4,0.0,0.0,4.706329163650916e-07,200.0,199.99999952936707,0.0,0.0,200.0
57,I3,N5,0.0,0.0,4.983411970037743e-07,200.0,199.9999995016588,0.0,0.0,200.0
57,I3,N6,0.0,0.0,5.069866825526933e-07,121.44626001877825,121.44625951179157,0.0,0.0,115.9854587933624
57,I3,N7,0.0,0.0,5.012730431510432e-07,200.0,199.99999949872696,0.0,0.0,200.0
57,I3,N8,0.0,0.0,4.3322994002522974e-07,2.5657632235221683,2.5657627902922284,3.542959832489312e-08,9.090394505701063e-08,1.282881142902113
57,I3,N9,0.0,0.0,4.984067804934028e-07,200.0,199.9999995015932,0.0,0.0,200.0
57,I4,N1,0.0,0.0,1.5414326823912038e-06,200.0,199.99999845856732,0.0,0.0,200.0
57,I4,N2,0.0,0.0,1.4519537234705084e-06,200.0,199.99999854804628,0.0,0.0,200.0
57,I4,N3,0.0,0.0,1.5002091095291707e-06,200.0,199.99999849979088,0.0,0.0,200.0
57,I4,N4,0.0,0.0,1.5417654348898735e-06,200.0,199.99999845823456,0.0,0.0,200.0
57,I4,N5,0.0,0.0,1.5248402636158601e-06,200.0,199.99999847515974,0.0,0.0,200.0
57,I4,N6,0.0,0.0,1.4897271987311937e-06,121.44626001877825,121.44625852905105,0.0,0.0,115.9854587933624
57,I4,N7,0.0,0.0,1.451975986578935e-06,200.0,199.99999854802402,0.0,0.0,200.0
57,I4,N8,0.0,0.0,1.240449295249578e-06,2.5657632235221683,2.565761983072873,1.2370685399278056e-07,3.17402343020223e-07,1.282881142902113
57,I4,N9,0.0,0.0,1.500311960419667e-06,200.0,199.99999849968805,0.0,0.0,200.0
58,I1,N1,0.0,0.0,9.65065693921083e-07,200.0,199.99999903493432,0.0,0.0,200.0
58,I1,N2,0.0,0.0,9.744953867106148e-07,200.0,199.99999902550462,0.0,0.0,200.0
58,I1,N3,0.0,0.0,9.77281993214762e-07,200.0,199.99999902271801,0.0,0.0,200.0
58,I1,N4,0.0,0.0,9.675339360019053e-07,200.0,199.99999903246606,0.0,0.0,200.0
58,I1,N5,0.0,0.0,9.68242927050977e-07,200.0,199.99999903175708,0.0,0.0,200.0
58,I1,N6,0.0,0.0,9.715910154065176e-07,115.9854587933624,115.98545782177138,0.0,0.0,113.25921637697995
58,I1,N7,0.0,0.0,9.74242153255283e-07,200.0,199.99999902575786,0.0,0.0,200.0
58,I1,N8,129.8817302837757,417.0669024433864,130.84389211715234,130.8438908155523,0.0,17.222594068768398,0.0,0.6414400704547631
58,I1,N9,0.0,0.0,9.770720466016521e-07,200.0,199.99999902292797,0.0,0.0,200.0
58,I2,N1,0.0,0.0,2.407643082083235e-07,200.0,199.9999997592357,0.0,0.0,200.0
58,I2,N2,0.0,0.0,2.4078798845627757e-07,200.0,199.99999975921202,0.0,0.0,200.0
58,I2,N3,0.0,0.0,2.4209859814689846e-07,200.0,199.9999997579014,0.0,0.0,200.0
58,I2,N4,0.0,0.0,2.407643086243813e-07,200.0,199.9999997592357,0.0,0.0,200.0
58,I2,N5,0.0,0.0,2.4077527212753105e-07,200.0,199.99999975922472,0.0,0.0,200.0
58,I2,N6,86.74078362302005,257.7848112499381,94.9195108721674,200.0,105.0804891278326,0.0,0.0,113.25921637697995
58,I2,N7,0.0,0.0,2.4078718764093537e-07,200.0,199.9999997592128,0.0,0.0,200.0
58,I2,N8,69.47682964576953,198.83346720170243,70.43899102973496,70.43899032734984,0.0,45.34617927634771,0.0,0.6414400704547631
58,I2,N9,0.0,0.0,2.420985769743627e-07,200.0,199.99999975790143,0.0,0.0,200.0
58,I3,N1,0.0,0.0,4.525198577107556e-07,200.0,199.99999954748014,0.0,0.0,200.0
58,I3,N2,0.0,0.0,4.525546615511292e-07,200.0,199.99999954744533,0.0,0.0,200.0
58,I3,N3,0.0,0.0,4.5265206769512754e-07,200.0,199.99999954734793,0.0,0.0,200.0
58,I3,N4,0.0,0.0,4.525198077382044e-07,200.0,199.9999995474802,0.0,0.0,200.0
58,I3,N5,0.0,0.0,4.5254197905933903e-07,200.0,199.99999954745803,0.0,0.0,200.0
58,I3,N6,0.0,0.0,4.854750811275656e-07,115.9854587933624,115.98545830788731,0.0,0.0,113.25921637697995
58,I3,N7,0.0,0.0,4.525549413303946e-07,200.0,199.99999954744507,0.0,0.0,200.0
58,I3,N8,0.0,0.0,5.426654921392298e-07,1.282881142902113,1.2828806002366209,6.941624154288211e-08,8.905274961670285e-08,0.6414400704547631
58,I3,N9,0.0,0.0,4.5265250010278357e-07,200.0,199.9999995473475,0.0,0.0,200.0
58,I4,N1,0.0,0.0,1.661286256809396e-06,200.0,199.99999833871374,0.0,0.0,200.0
58,I4,N2,0.0,0.0,1.6614893413403648e-06,200.0,199.99999833851066,0.0,0.0,200.0
58,I4,N3,0.0,0.0,1.5275572336822158e-06,200.0,199.99999847244277,0.0,0.0,200.0
58,I4,N4,0.0,0.0,1.6612861553502961e-06,200.0,199.99999833871385,0.0,0.0,200.0
58,I4,N5,0.0,0.0,1.6613048238177513e-06,200.0,199.99999833869518,0.0,0.0,200.0
58,I4,N6,0.0,0.0,1.5200042986212178e-06,115.9854587933624,115.9854572733581,0.0,0.0,113.25921637697995
58,I4,N7,0.0,0.0,1.6614891667161685e-06,200.0,199.99999833851084,0.0,0.0,200.0
58,I4,N8,0.0,0.0,1.5499070718561963e-06,1.282881142902113,1.2828795929950412,2.3961573513766097e-07,3.073981367686101e-07,0.6414400704547631
58,I4,N9,0.0,0.0,1.5275575277740439e-06,200.0,199.99999847244248,0.0,0.0,200.0
59,I1,N1,0.0,0.0,5.410420415807921e-07,200.0,199.99999945895794,0.0,0.0,200.0
59,I1,N2,0.0,0.0,5.410076797254128e-07,200.0,199.9999994589923,0.0,0.0,200.0
59,I1,N3,0.0,0.0,5.412378814699789e-07,200.0,199.99999945876212,0.0,0.0,200.0
59,I1,N4,0.0,0.0,5.405927149273444e-07,200.0,199.9999994594073,0.0,0.0,200.0
59,I1,N5,0.0,0.0,5.410326423154176e-07,200.0,199.99999945896735,0.0,0.0,200.0
59,I1,N6,0.0,0.0,5.565655719550237e-07,113.25921637697995,113.25921582041438,0.0,0.0,112.97947391917702
59,I1,N7,0.0,0.0,5.410169208789105e-07,200.0,199.99999945898307,0.0,0.0,200.0
59,I1,N8,130.04209062594873,417.5496959147748,130.52317165246777,130.52317035423047,0.0,16.881249819075272,0.0,0.32071953589024815
59,I1,N9,0.0,0.0,5.41253949501343e-07,200.0,199.99999945874606,0.0,0.0,200.0
59,I2,N1,0.0,0.0,2.306419787862166e-07,200.0,199.99999976935803,0.0,0.0,200.0
59,I2,N2,0.0,0.0,2.3068424482218578e-07,200.0,199.99999976931576,0.0,0.0,200.0
59,I2,N3,0.0,0.0,2.3070913385800272e-07,200.0,199.99999976929087,0.0,0.0,200.0
59,I2,N4,0.0,0.0,2.3064205357061234e-07,200.0,199.99999976935794,0.0,0.0,200.0
59,I2,N5,0.0,0.0,2.3028780882776927e-07,200.0,199.9999997697122,0.0,0.0,200.0
59,I2,N6,87.02052608082298,258.36204213746225,87.85975345423174,200.0,112.14024654576826,0.0,0.0,112.97947391917702
59,I2,N7,0.0,0.0,2.3068425589029558e-07,200.0,199.99999976931574,0.0,0.0,200.0
59,I2,N8,69.63718983816104,205.77034730189817,70.11827041533556,70.11826971622429,0.0,43.88707195686082,0.0,0.32071953589024815
59,I2,N9,0.0,0.0,2.3070912938248736e-07,200.0,199.99999976929087,0.0,0.0,200.0
59,I3,N1,0.0,0.0,3.5339217862007463e-07,200.0,199.99999964660782,0.0,0.0,200.0
59,I3,N2,0.0,0.0,3.50141596196697e-07,200.0,199.9999996498584,0.0,0.0,200.0
59,I3,N3,0.0,0.0,3.807950496655486e-07,200.0,199.99999961920494,0.0,0.0,200.0
59,I3,N4,0.0,0.0,3.534064849197712e-07,200.0,199.99999964659352,0.0,0.0,200.0
59,I3,N5,0.0,0.0,3.528977483360633e-07,200.0,199.99999964710224,0.0,0.0,200.0
59,I3,N6,0.0,0.0,3.730654387874857e-07,113.25921637697995,113.25921600391452,0.0,0.0,112.97947391917702
59,I3,N7,0.0,0.0,3.5041881454634226e-07,200.0,199.99999964958118,0.0,0.0,200.0
59,I3,N8,0.0,0.0,3.6475849143787593e-07,0.6414400704547631,0.6414397056962717,1.4171985200430139e-07,9.090474016095827e-08,0.32071953589024815
59,I3,N9,0.0,0.0,3.8156049240449753e-07,200.0,199.99999961843952,0.0,0.0,200.0
59,I4,N1,0.0,0.0,1.1331041891139715e-06,200.0,199.99999886689582,0.0,0.0,200.0
59,I4,N2,0.0,0.0,1.1374748855497167e-06,200.0,199.9999988625251,0.0,0.0,200.0
59,I4,N3,0.0,0.0,1.5461161986230916e-06,200.0,199.9999984538838,0.0,0.0,200.0
59,I4,N4,0.0,0.0,1.1330774068928437e-06,200.0,199.9999988669226,0.0,0.0,200.0
59,I4,N5,0.0,0.0,1.1333815949389605e-06,200.0,199.9999988666184,0.0,0.0,200.0
59,I4,N6,0.0,0.0,1.6568315005708003e-06,113.25921637697995,113.25921472014845,0.0,0.0,112.97947391917702
59,I4,N7,0.0,0.0,1.1344290108780768e-06,200.0,199.999998865571,0.0,0.0,200.0
59,I4,N8,0.0,0.0,1.1260065918976387e-06,0.6414400704547631,0.6414389444481713,4.948173931223689e-07,3.1739514633900815e-07,0.32071953589024815
59,I4,N9,0.0,0.0,1.5460967197658505e-06,200.0,199.9999984539033,0.0,0.0,200.0
60,I1,N1,0.0,0.0,6.80194580039266e-07,200.0,199.99999931980543,0.0,0.0,200.0
60,I1,N2,0.0,0.0,6.894532524320569e-07,200.0,199.99999931054674,0.0,0.0,200.0
60,I1,N3,0.0,0.0,7.549854265792336e-07,200.0,199.99999924501458,0.0,0.0,200.0
60,I1,N4,0.0,0.0,6.802662423689123e-07,200.0,199.99999931973375,0.0,0.0,200.0
60,I1,N5,0.0,0.0,6.798622088940223e-07,200.0,199.9999993201378,0.0,0.0,200.0
60,I1,N6,0.0,0.0,7.423586975214871e-07,112.97947391917702,112.97947317681833,0.0,0.0,115.07733374973374
60,I1,N7,0.0,0.0,6.780137572008027e-07,200.0,199.99999932198625,0.0,0.0,200.0
60,I1,N8,130.12227083403207,417.87468189159915,130.36281145828204,130.36281016183898,0.0,16.453670597402276,0.0,0.1603592694142435
60,I1,N9,0.0,0.0,7.540382635807189e-07,200.0,199.99999924596173,0.0,0.0,200.0
60,I2,N1,0.0,0.0,2.3508460470114424e-07,200.0,199.9999997649154,0.0,0.0,200.0
60,I2,N2,0.0,0.0,2.350975594604563e-07,200.0,199.99999976490244,0.0,0.0,200.0
60,I2,N3,0.0,0.0,2.350119472517878e-07,200.0,199.99999976498805,0.0,0.0,200.0
60,I2,N4,0.0,0.0,2.3508460518611237e-07,200.0,199.9999997649154,0.0,0.0,200.0
60,I2,N5,0.0,0.0,2.3509384379407964e-07,200.0,199.99999976490616,0.0,0.0,200.0
60,I2,N6,84.92266625026626,258.79518041867397,78.6290867585961,200.0,121.3709132414039,0.0,0.0,115.07733374973374
60,I2,N7,0.0,0.0,2.3509762500134413e-07,200.0,199.99999976490238,0.0,0.0,200.0
60,I2,N8,69.71736989655369,210.86047747276592,69.95791007173165,69.95790937405127,0.0,47.87948753882297,0.0,0.1603592694142435
60,I2,N9,0.0,0.0,2.3501193790797164e-07,200.0,199.99999976498808,0.0,0.0,200.0
60,I3,N1,0.0,0.0,3.1366974094164683e-07,200.0,199.99999968633026,0.0,0.0,200.0
60,I3,N2,0.0,0.0,3.1485033519444397e-07,200.0,199.99999968514967,0.0,0.0,200.0
60,I3,N3,0.0,0.0,3.004457449236749e-07,200.0,199.99999969955425,0.0,0.0,200.0
60,I3,N4,0.0,0.0,3.1300449068746496e-07,200.0,199.99999968699552,0.0,0.0,200.0
60,I3,N5,0.0,0.0,3.0880800036327954e-07,200.0,199.999999691192,0.0,0.0,200.0
60,I3,N6,0.0,0.0,2.9916142286861213e-07,112.97947391917702,112.9794736200156,0.0,0.0,115.07733374973374
60,I3,N7,0.0,0.0,3.133541745765992e-07,200.0,199.99999968664582,0.0,0.0,200.0
60,I3,N8,0.0,0.0,3.1117402918970955e-07,0.32071953589024815,0.32071922471621894,2.834529184628032e-07,9.090880025293987e-08,0.1603592694142435
60,I3,N9,0.0,0.0,3.004167372876637e-07,200.0,199.99999969958327,0.0,0.0,200.0
60,I4,N1,0.0,0.0,1.24673118127355e-06,200.0,199.9999987532688,-3.3636136992460995e-08,-6.727227356556978e-06,200.0
60,I4,N2,0.0,0.0,1.26267366185156e-06,200.0,199.99999873732634,-1.3707092726108528e-08,-2.7414185279141206e-06,200.0
60,I4,N3,0.0,0.0,1.263546435365307e-06,200.0,199.99999873645356,-2.3781301390641146e-08,-4.75626024807945e-06,200.0
60,I4,N4,0.0,0.0,1.2472707742722726e-06,200.0,199.99999875272923,-3.3085283473739256e-08,-6.617056653481544e-06,200.0
60,I4,N5,0.0,0.0,1.2483062023076138e-06,200.0,199.9999987516938,-2.9402065215999968e-08,-5.880413006497213e-06,200.0
60,I4,N6,0.0,0.0,1.2472389133356285e-06,112.97947391917702,112.97947267193811,-3.087829683771358e-08,-3.4886136937324548e-06,115.07733374973374
60,I4,N7,0.0,0.0,1.2627067115311675e-06,200.0,199.99999873729328,-1.3844176921855897e-08,-2.7688353668900443e-06,200.0
60,I4,N8,0.0,0.0,1.258927053267327e-06,0.32071953589024815,0.3207182769631949,9.59121193091596e-07,3.076076964472204e-07,0.1603592694142435
60,I4,N9,0.0,0.0,1.1976643873252919e-06,200.0,199.99999880233563,-6.87162762003501e-08,-1.3743255157770986e-05,200.0
61,I1,N1,0.0,0.0,7.625890444711574e-07,200.0,199.99999923741095,0.0,0.0,200.0
61,I1,N2,0.0,0.0,7.659717108332667e-07,200.0,199.99999923402828,0.0,0.0,200.0
61,I1,N3,0.0,0.0,7.945650386944182e-07,200.0,199.99999920543496,0.0,0.0,200.0
61,I1,N4,0.0,0.0,7.62608985023225e-07,200.0,199.99999923739102,0.0,0.0,200.0
61,I1,N5,0.0,0.0,7.635370708447553e-07,200.0,199.99999923646294,0.0,0.0,200.0
61,I1,N6,0.0,0.0,7.9524818561975e-07,115.07733374973374,115.07733295448556,0.0,0.0,116.5027652802282
61,I1,N7,0.0,0.0,7.660597412006593e-07,200.0,199.99999923394026,0.0,0.0,200.0
61,I1,N8,130.16236097527292,418.0997932406706,130.2826313989955,130.2826301034463,0.0,16.255542382419755,0.0,0.080179136644972
61,I1,N9,0.0,0.0,7.944930335254537e-07,200.0,199.99999920550695,0.0,0.0,200.0
61,I2,N1,0.0,0.0,3.084896432783259e-07,200.0,199.99999969151037,0.0,0.0,200.0
61,I2,N2,0.0,0.0,2.774422551711696e-07,200.0,199.99999972255773,0.0,0.0,200.0
61,I2,N3,0.0,0.0,2.962929530321249e-07,200.0,199.99999970370703,0.0,0.0,200.0
61,I2,N4,0.0,0.0,2.9632795697969446e-07,200.0,199.99999970367205,0.0,0.0,200.0
61,I2,N5,0.0,0.0,2.9950853298266657e-07,200.0,199.99999970049146,0.0,0.0,200.0
61,I2,N6,83.4972347197718,259.11980980050424,79.22094012828842,200.0,120.77905987171158,0.0,0.0,116.5027652802282
61,I2,N7,0.0,0.0,2.88537449289256e-07,200.0,199.99999971146255,0.0,0.0,200.0
61,I2,N8,69.7574598880821,214.62173295308267,69.8777298626673,69.87772916596793,0.0,43.74990345248995,0.0,0.080179136644972
61,I2,N9,0.0,0.0,2.5570871330949027e-07,200.0,199.99999974429127,0.0,0.0,200.0
61,I3,N1,0.0,0.0,9.884819484740619e-06,200.0,199.9999901151805,0.0,0.0,200.0
61,I3,N2,0.0,0.0,9.629777192013363e-06,200.0,199.9999903702228,0.0,0.0,200.0
61,I3,N3,0.0,0.0,8.223841580060183e-06,200.0,199.99999177615842,0.0,0.0,200.0
61,I3,N4,0.0,0.0,9.884338337370221e-06,200.0,199.99999011566166,0.0,0.0,200.0
61,I3,N5,0.0,0.0,9.88433150724826e-06,200.0,199.99999011566848,0.0,0.0,200.0
61,I3,N6,0.0,0.0,7.835928483824578e-06,115.07733374973374,115.07732591380525,1.4540099913018625e-08,1.6732358165097358e-06,116.5027652802282
61,I3,N7,0.0,0.0,9.624445147090131e-06,200.0,199.99999037555486,0.0,0.0,200.0
61,I3,N8,0.0,0.0,7.91565008543689e-06,0.1603592694142435,0.16035135376415807,1.1501354462821225e-05,1.8442577582348246e-06,0.080179136644972
61,I3,N9,0.0,0.0,8.221045895418516e-06,200.0,199.9999917789541,0.0,0.0,200.0
61,I4,N1,0.0,0.0,1.1178176911571397e-06,200.0,199.9999988821823,0.0,0.0,200.0
61,I4,N2,0.0,0.0,1.117922798022843e-06,200.0,199.9999988820772,0.0,0.0,200.0
61,I4,N3,0.0,0.0,1.2274925173142858e-06,200.0,199.9999987725075,0.0,0.0,200.0
61,I4,N4,0.0,0.0,1.1178183598816858e-06,200.0,199.99999888218164,0.0,0.0,200.0
61,I4,N5,0.0,0.0,1.1178823991202885e-06,200.0,199.9999988821176,0.0,0.0,200.0
61,I4,N6,0.0,0.0,1.1237311888439218e-06,115.07733374973374,115.07733262600254,0.0,0.0,116.5027652802282
61,I4,N7,0.0,0.0,1.1179155046001045e-06,200.0,199.9999988820845,0.0,0.0,200.0
61,I4,N8,0.0,0.0,1.4529841275556397e-06,0.1603592694142435,0.16035781643011596,1.979010654634475e-06,3.1734982726911875e-07,0.080179136644972
61,I4,N9,0.0,0.0,1.227450270620579e-06,200.0,199.99999877254973,0.0,0.0,200.0
62,I1,N1,0.0,0.0,5.862294161658846e-07,200.0,199.99999941377058,0.0,0.0,200.0
62,I1,N2,0.0,0.0,5.884676795885877e-07,200.0,199.99999941153231,0.0,0.0,200.0
62,I1,N3,0.0,0.0,5.864569340262566e-07,200.0,199.99999941354307,0.0,0.0,200.0
62,I1,N4,0.0,0.0,5.891248008850178e-07,200.0,199.9999994108752,0.0,0.0,200.0
62,I1,N5,0.0,0.0,5.877311681547526e-07,200.0,199.99999941226883,0.0,0.0,200.0
62,I1,N6,0.0,0.0,5.860523573548044e-07,116.5027652802282,116.50276469417585,0.0,0.0,117.71975314440219
62,I1,N7,0.0,0.0,5.884369021946723e-07,200.0,199.9999994115631,0.0,0.0,200.0
62,I1,N8,130.18240608320605,418.25923677371327,130.24254140700538,130.2425401119179,0.0,16.125797737541752,0.0,0.04008907043697718
62,I1,N9,0.0,0.0,5.865448044285576e-07,200.0,199.99999941345519,0.0,0.0,200.0
62,I2,N1,0.0,0.0,4.4748561186890874e-07,200.0,199.9999995525144,0.0,0.0,200.0
62,I2,N2,0.0,0.0,4.485839788171459e-07,200.0,199.999999551416,0.0,0.0,200.0
62,I2,N3,0.0,0.0,3.5245860888078054e-07,200.0,199.9999996475414,0.0,0.0,200.0
62,I2,N4,0.0,0.0,4.4777974049643475e-07,200.0,199.99999955222026,0.0,0.0,200.0
62,I2,N5,0.0,0.0,4.4788400507680443e-07,200.0,199.999999552116,0.0,0.0,200.0
62,I2,N6,82.28024685559781,259.3637495460857,78.62928326307586,200.0,121.37071673692414,0.0,0.0,117.71975314440219
62,I2,N7,0.0,0.0,4.486340693137327e-07,200.0,199.99999955136593,0.0,0.0,200.0
62,I2,N8,69.77750484635698,217.41459327829253,69.83763972118163,69.83763902472708,0.0,47.303017323493926,0.0,0.04008907043697718
62,I2,N9,0.0,0.0,4.4459852448766883e-07,200.0,199.99999955540147,0.0,0.0,200.0
62,I3,N1,0.0,0.0,1.2895752297628006e-05,200.0,199.9999871042477,0.0,0.0,200.0
62,I3,N2,0.0,0.0,1.2896496997254371e-05,200.0,199.999987103503,0.0,0.0,200.0
62,I3,N3,0.0,0.0,1.2893755867729649e-05,200.0,199.99998710624413,0.0,0.0,200.0
62,I3,N4,0.0,0.0,1.2895749319297677e-05,200.0,199.9999871042507,0.0,0.0,200.0
62,I3,N5,0.0,0.0,1.2895696325585274e-05,200.0,199.99998710430367,0.0,0.0,200.0
62,I3,N6,0.0,0.0,1.2892680608270705e-05,116.5027652802282,116.5027523875476,1.5637956004307715e-08,1.821864916217225e-06,117.71975314440219
62,I3,N7,0.0,0.0,1.2895730745687584e-05,200.0,199.99998710426925,0.0,0.0,200.0
62,I3,N8,0.0,0.0,1.2895311053329149e-05,0.080179136644972,0.08016624133391867,2.301343112758549e-05,1.8449002736955345e-06,0.04008907043697718
62,I3,N9,0.0,0.0,1.289372859843478e-05,200.0,199.9999871062714,0.0,0.0,200.0
62,I4,N1,0.0,0.0,1.6471945745412387e-06,200.0,199.99999835280542,0.0,0.0,200.0
62,I4,N2,0.0,0.0,1.6475266988657437e-06,200.0,199.9999983524733,0.0,0.0,200.0
62,I4,N3,0.0,0.0,1.142322774540737e-06,200.0,199.9999988576772,0.0,0.0,200.0
62,I4,N4,0.0,0.0,1.6472017952032624e-06,200.0,199.9999983527982,0.0,0.0,200.0
62,I4,N5,0.0,0.0,1.64752455839328e-06,200.0,199.99999835247544,0.0,0.0,200.0
62,I4,N6,0.0,0.0,1.1384736555257275e-06,116.5027652802282,116.50276414175455,0.0,0.0,117.71975314440219
62,I4,N7,0.0,0.0,1.6475086877457824e-06,200.0,199.9999983524913,0.0,0.0,200.0
62,I4,N8,0.0,0.0,1.2074901507627584e-06,0.080179136644972,0.08017792915482125,3.9586868739005544e-06,3.173993157217194e-07,0.04008907043697718
62,I4,N9,0.0,0.0,1.1423235054120556e-06,200.0,199.9999988576765,0.0,0.0,200.0
63,I1,N1,0.0,0.0,6.377916706740021e-07,200.0,199.99999936220834,0.0,0.0,200.0
63,I1,N2,0.0,0.0,6.391056870666042e-07,200.0,199.99999936089432,0.0,0.0,200.0
63,I1,N3,0.0,0.0,6.380892468961444e-07,200.0,199.99999936191077,0.0,0.0,200.0
63,I1,N4,0.0,0.0,6.379796889121123e-07,200.0,199.9999993620203,0.0,0.0,200.0
63,I1,N5,0.0,0.0,6.384002285604305e-07,200.0,199.99999936159978,0.0,0.0,200.0
63,I1,N6,0.0,0.0,6.378350286044567e-07,117.71975314440219,117.71975250656716,0.0,0.0,118.63246418297331
63,I1,N7,0.0,0.0,6.392244993807628e-07,200.0,199.9999993607755,0.0,0.0,200.0
63,I1,N8,130.1924286744713,418.37494610276224,130.2224964482671,130.22249515364302,0.0,15.570266859039991,0.0,0.020044037502998435
63,I1,N9,0.0,0.0,6.381883159853426e-07,200.0,199.9999993618117,0.0,0.0,200.0
63,I2,N1,0.0,0.0,3.6122096093038347e-07,200.0,199.99999963877903,0.0,0.0,200.0
63,I2,N2,0.0,0.0,3.612710252894107e-07,200.0,199.99999963872898,0.0,0.0,200.0
63,I2,N3,0.0,0.0,3.612790495949432e-07,200.0,199.99999963872094,0.0,0.0,200.0
63,I2,N4,0.0,0.0,3.6123542308489323e-07,200.0,199.99999963876456,0.0,0.0,200.0
63,I2,N5,0.0,0.0,3.6121793719632094e-07,200.0,199.99999963878207,0.0,0.0,200.0
63,I2,N6,81.36753581702669,259.5469139981782,78.62940270131332,200.0,121.37059729868668,0.0,0.0,118.63246418297331
63,I2,N7,0.0,0.0,3.6132074997264425e-07,200.0,199.99999963867924,0.0,0.0,200.0
63,I2,N8,69.7875272880257,219.49518710346823,69.81759461303186,69.81759391679395,0.0,46.907973550946195,0.0,0.020044037502998435
63,I2,N9,0.0,0.0,3.3609588052430623e-07,200.0,199.9999996639041,0.0,0.0,200.0
63,I3,N1,0.0,0.0,4.256109818337381e-07,200.0,199.99999957438902,0.0,0.0,200.0
63,I3,N2,0.0,0.0,4.242280018708511e-07,200.0,199.999999575772,0.0,0.0,200.0
63,I3,N3,0.0,0.0,2.947722837743484e-07,200.0,199.9999997052277,0.0,0.0,200.0
63,I3,N4,0.0,0.0,4.256200023288834e-07,200.0,199.99999957437998,0.0,0.0,200.0
63,I3,N5,0.0,0.0,4.256462675995346e-07,200.0,199.99999957435372,0.0,0.0,200.0
63,I3,N6,0.0,0.0,2.944394702784416e-07,117.71975314440219,117.71975284996272,0.0,0.0,118.63246418297331
63,I3,N7,0.0,0.0,4.253687523783394e-07,200.0,199.99999957463126,0.0,0.0,200.0
63,I3,N8,0.0,0.0,2.942813724263289e-07,0.04008907043697718,0.04008877615560476,2.2676953608104737e-06,9.090913170863444e-08,0.020044037502998435
63,I3,N9,0.0,0.0,2.9490274265365275e-07,200.0,199.99999970509725,0.0,0.0,200.0
63,I4,N1,0.0,0.0,2.1967891857994754e-06,200.0,199.99999780321082,0.0,0.0,200.0
63,I4,N2,0.0,0.0,2.1921138320979504e-06,200.0,199.99999780788616,0.0,0.0,200.0
63,I4,N3,0.0,0.0,2.1878917553956856e-06,200.0,199.99999781210823,0.0,0.0,200.0
63,I4,N4,0.0,0.0,2.1967765359921593e-06,200.0,199.99999780322347,0.0,0.0,200.0
63,I4,N5,0.0,0.0,2.1981821403972347e-06,200.0,199.99999780181787,0.0,0.0,200.0
63,I4,N6,0.0,0.0,2.1889112107223786e-06,117.71975314440219,117.71975095549098,0.0,0.0,118.63246418297331
63,I4,N7,0.0,0.0,2.192140514078606e-06,200.0,199.99999780785947,0.0,0.0,200.0
63,I4,N8,0.0,0.0,2.171457917676132e-06,0.04008907043697718,0.0400868989790595,7.917812493771096e-06,3.174005495729371e-07,0.020044037502998435
63,I4,N9,0.0,0.0,2.1878220851992234e-06,200.0,199.99999781217792,0.0,0.0,200.0
64,I1,N1,0.0,0.0,1.0385636855433392e-06,200.0,199.99999896143632,0.0,0.0,200.0
64,I1,N2,0.0,0.0,1.0407201699240518e-06,200.0,199.99999895927982,0.0,0.0,200.0
64,I1,N3,0.0,0.0,1.0515936447541884e-06,200.0,199.99999894840636,0.0,0.0,200.0
64,I1,N4,0.0,0.0,1.038507015660698e-06,200.0,199.999998961493,0.0,0.0,200.0
64,I1,N5,0.0,0.0,1.0383935788371566e-06,200.0,199.99999896160642,0.0,0.0,200.0
64,I1,N6,0.0,0.0,1.0573445698789394e-06,118.63246418297331,118.63246312562873,0.0,0.0,119.31688948847386
64,I1,N7,0.0,0.0,1.0442459042927917e-06,200.0,199.9999989557541,0.0,0.0,200.0
64,I1,N8,130.19744000743685,418.4597167269631,130.21247400633357,130.2124727119743,0.0,15.241447079699288,0.0,0.010021521136337697
64,I1,N9,0.0,0.0,1.0516125489324846e-06,200.0,199.99999894838746,0.0,0.0,200.0
64,I2,N1,0.0,0.0,4.826380459128039e-07,200.0,199.99999951736194,0.0,0.0,200.0
64,I2,N2,0.0,0.0,4.82621959272103e-07,200.0,199.99999951737803,0.0,0.0,200.0
64,I2,N3,0.0,0.0,4.837567757284631e-07,200.0,199.99999951624324,0.0,0.0,200.0
64,I2,N4,0.0,0.0,4.820972671351762e-07,200.0,199.99999951790272,0.0,0.0,200.0
64,I2,N5,0.0,0.0,4.826439962456594e-07,200.0,199.999999517356,0.0,0.0,200.0
64,I2,N6,80.68311051152614,259.6848625435588,78.62983459502445,200.0,121.37016540497555,0.0,0.0,119.31688948847386
64,I2,N7,0.0,0.0,4.6632149840241544e-07,200.0,199.9999995336785,0.0,0.0,200.0
64,I2,N8,69.79253847142681,221.04869923566042,69.80757202163012,69.8075713255287,0.0,46.04657499579088,0.0,0.010021521136337697
64,I2,N9,0.0,0.0,4.837190421751829e-07,200.0,199.99999951628095,0.0,0.0,200.0
64,I3,N1,0.0,0.0,5.777876392359719e-07,200.0,199.99999942221237,0.0,0.0,200.0
64,I3,N2,0.0,0.0,5.77561935012763e-07,200.0,199.99999942243807,0.0,0.0,200.0
64,I3,N3,0.0,0.0,5.702717180477238e-07,200.0,199.9999994297283,0.0,0.0,200.0
64,I3,N4,0.0,0.0,5.777894891180814e-07,200.0,199.99999942221052,0.0,0.0,200.0
64,I3,N5,0.0,0.0,5.778809467156089e-07,200.0,199.99999942211906,0.0,0.0,200.0
64,I3,N6,0.0,0.0,5.706463773867566e-07,118.63246418297331,118.63246361232693,0.0,0.0,119.31688948847386
64,I3,N7,0.0,0.0,5.776077932921646e-07,200.0,199.9999994223922,0.0,0.0,200.0
64,I3,N8,0.0,0.0,5.699625852961327e-07,0.020044037502998435,0.02004346754041314,4.5355947385016e-06,9.090904591762544e-08,0.010021521136337697
64,I3,N9,0.0,0.0,5.702708578187928e-07,200.0,199.99999942972914,0.0,0.0,200.0
64,I4,N1,0.0,0.0,1.6502461090497968e-06,200.0,199.9999983497539,0.0,0.0,200.0
64,I4,N2,0.0,0.0,1.6504863199352137e-06,200.0,199.99999834951367,0.0,0.0,200.0
64,I4,N3,0.0,0.0,1.6115604672426938e-06,200.0,199.99999838843954,0.0,0.0,200.0
64,I4,N4,0.0,0.0,1.650244565229858e-06,200.0,199.99999834975543,0.0,0.0,200.0
64,I4,N5,0.0,0.0,1.6278453998898811e-06,200.0,199.9999983721546,0.0,0.0,200.0
64,I4,N6,0.0,0.0,1.6048852245421297e-06,118.63246418297331,118.63246257808808,0.0,0.0,119.31688948847386
64,I4,N7,0.0,0.0,1.6505016226964907e-06,200.0,199.99999834949838,0.0,0.0,200.0
64,I4,N8,0.0,0.0,1.626343237572366e-06,0.020044037502998435,0.020042411159760864,1.5836399994312973e-05,3.173996399764552e-07,0.010021521136337697
64,I4,N9,0.0,0.0,1.6031816969199386e-06,200.0,199.9999983968183,0.0,0.0,200.0
65,I1,N1,0.0,0.0,8.410284246193344e-07,200.0,199.99999915897158,0.0,0.0,200.0
65,I1,N2,0.0,0.0,8.308088247220347e-07,200.0,199.99999916919117,0.0,0.0,200.0
65,I1,N3,0.0,0.0,8.102475098084701e-07,200.0,199.9999991897525,0.0,0.0,200.0
65,I1,N4,0.0,0.0,8.410041844927999e-07,200.0,199.99999915899582,0.0,0.0,200.0
65,I1,N5,0.0,0.0,8.406002585928134e-07,200.0,199.99999915939975,0.0,0.0,200.0
65,I1,N6,0.0,0.0,8.084808117490084e-07,119.31688948847386,119.31688867999306,0.0,0.0,119.83015947146414
65,I1,N7,0.0,0.0,3.500458152861645e-07,200.0,199.9999996499542,0.0,0.0,200.0
65,I1,N8,130.19994571127896,418.52211233604055,130.20746282280527,130.2074615285732,0.0,15.092209959564295,0.0,0.005010263001338444
65,I1,N9,0.0,0.0,8.101432562621262e-07,200.0,199.99999918985674,0.0,0.0,200.0
65,I2,N1,0.0,0.0,4.519613280113399e-07,200.0,199.99999954803866,0.0,0.0,200.0
65,I2,N2,0.0,0.0,4.5007190064899306e-07,200.0,199.9999995499281,0.0,0.0,200.0
65,I2,N3,0.0,0.0,4.265572184807166e-07,200.0,199.99999957344278,0.0,0.0,200.0
65,I2,N4,0.0,0.0,4.522302142182644e-07,200.0,199.9999995477698,0.0,0.0,200.0
65,I2,N5,0.0,0.0,4.5136391218279113e-07,200.0,199.99999954863608,0.0,0.0,200.0
65,I2,N6,80.16984052853586,259.7885120103584,78.63003057956502,200.0,121.36996942043498,0.0,0.0,119.83015947146414
65,I2,N7,0.0,0.0,4.482826044484061e-07,200.0,199.9999995517174,0.0,0.0,200.0
65,I2,N8,69.7950440257197,222.21033790992445,69.80256068859839,69.80255999256315,0.0,45.67476236024966,0.0,0.005010263001338444
65,I2,N9,0.0,0.0,4.264864738710879e-07,200.0,199.99999957351352,0.0,0.0,200.0
65,I3,N1,0.0,0.0,1.2874259743935793e-05,200.0,199.99998712574026,0.0,0.0,200.0
65,I3,N2,0.0,0.0,1.2874259742331073e-05,200.0,199.99998712574026,0.0,0.0,200.0
65,I3,N3,0.0,0.0,1.2874259929666254e-05,200.0,199.99998712574006,0.0,0.0,200.0
65,I3,N4,0.0,0.0,1.2874259743904222e-05,200.0,199.99998712574026,0.0,0.0,200.0
65,I3,N5,0.0,0.0,1.2874259739867968e-05,200.0,199.99998712574026,0.0,0.0,200.0
65,I3,N6,0.0,0.0,1.2874259942548493e-05,119.31688948847386,119.31687661421392,1.5443860098047473e-08,1.842713149765912e-06,119.83015947146414
65,I3,N7,0.0,0.0,1.2874259742110144e-05,200.0,199.99998712574026,0.0,0.0,200.0
65,I3,N8,0.0,0.0,1.2874094117908385e-05,0.010021521136337697,0.010008647042219787,0.00018433185092607736,1.844912434558183e-06,0.005010263001338444
65,I3,N9,0.0,0.0,1.2874259927428589e-05,200.0,199.99998712574006,0.0,0.0,200.0
65,I4,N1,0.0,0.0,2.326016405003044e-05,200.0,199.99997673983594,0.0,0.0,200.0
65,I4,N2,0.0,0.0,2.3255262861812243e-05,200.0,199.99997674473713,0.0,0.0,200.0
65,I4,N3,0.0,0.0,2.3270853445624842e-05,200.0,199.99997672914657,0.0,0.0,200.0
65,I4,N4,0.0,0.0,2.3260155817263678e-05,200.0,199.9999767398442,0.0,0.0,200.0
65,I4,N5,0.0,0.0,2.325959747905311e-05,200.0,199.99997674040253,0.0,0.0,200.0
65,I4,N6,0.0,0.0,2.419645063101235e-05,119.31688948847386,119.31686529202324,3.498066569233315e-08,4.173783376237413e-06,119.83015947146414
65,I4,N7,0.0,0.0,2.3255264520660377e-05,200.0,199.99997674473548,0.0,0.0,200.0
65,I4,N8,0.0,0.0,2.3279480399541638e-05,0.010021521136337697,0.009998241655938154,0.0006442133946575254,6.441001197778197e-06,0.005010263001338444
65,I4,N9,0.0,0.0,2.3270794417969205e-05,200.0,199.99997672920557,0.0,0.0,200.0
66,I1,N1,0.0,0.0,9.712392892210072e-07,200.0,199.9999990287607,0.0,0.0,200.0
66,I1,N2,0.0,0.0,9.791649587887876e-07,200.0,199.99999902083505,0.0,0.0,200.0
66,I1,N3,0.0,0.0,9.806272311168086e-07,200.0,199.99999901937278,0.0,0.0,200.0
66,I1,N4,0.0,0.0,9.724401260789795e-07,200.0,199.99999902755988,0.0,0.0,200.0
66,I1,N5,0.0,0.0,9.772364355721647e-07,200.0,199.99999902276357,0.0,0.0,200.0
66,I1,N6,0.0,0.0,9.80026660739367e-07,119.83015947146414,119.83015849143749,0.0,0.0,120.21508100792238
66,I1,N7,0.0,0.0,1.5911821530549124e-07,200.0,199.9999998408818,0.0,0.0,200.0
66,I1,N8,130.20119860056346,418.56832174149895,130.20495726841696,130.2049559742803,0.0,14.958324198510208,0.0,0.0025046339654011263
66,I1,N9,0.0,0.0,9.81344998733757e-07,200.0,199.999999018655,0.0,0.0,200.0
66,I2,N1,0.0,0.0,3.216459524365446e-07,200.0,199.99999967835404,0.0,0.0,200.0
66,I2,N2,0.0,0.0,3.089076468148251e-07,200.0,199.99999969109234,0.0,0.0,200.0
66,I2,N3,0.0,0.0,3.727868880575067e-07,200.0,199.9999996272131,0.0,0.0,200.0
66,I2,N4,0.0,0.0,3.2040336833737034e-07,200.0,199.99999967959664,0.0,0.0,200.0
66,I2,N5,0.0,0.0,3.2163966020603404e-07,200.0,199.99999967836035,0.0,0.0,200.0
66,I2,N6,79.78491899207762,259.8663275364727,78.6301543827029,200.0,121.3698456172971,0.0,0.0,120.21508100792238
66,I2,N7,0.0,0.0,3.1028142924660675e-07,200.0,199.99999968971858,0.0,0.0,200.0
66,I2,N8,69.79629676547114,223.0798220830672,69.80005498472548,69.80005428872104,0.0,45.54294005457156,0.0,0.0025046339654011263
66,I2,N9,0.0,0.0,3.760738575702855e-07,200.0,199.99999962392613,0.0,0.0,200.0
66,I3,N1,0.0,0.0,8.0551834046681e-06,200.0,199.9999919448166,0.0,0.0,200.0
66,I3,N2,0.0,0.0,7.170133399058887e-06,200.0,199.9999928298666,0.0,0.0,200.0
66,I3,N3,0.0,0.0,7.108832650397835e-06,200.0,199.99999289116735,0.0,0.0,200.0
66,I3,N4,0.0,0.0,8.039446195418741e-06,200.0,199.9999919605538,0.0,0.0,200.0
66,I3,N5,0.0,0.0,7.265472576720576e-06,200.0,199.9999927345274,0.0,0.0,200.0
66,I3,N6,0.0,0.0,7.108961144274135e-06,119.83015947146414,119.830152362503,1.1618059425577723e-08,1.3921938311235926e-06,120.21508100792238
66,I3,N7,0.0,0.0,7.629244138293645e-06,200.0,199.99999237075585,0.0,0.0,200.0
66,I3,N8,0.0,0.0,7.1090110019860205e-06,0.005010263001338444,0.0050031539903364584,0.0003687457546860893,1.8448917939773366e-06,0.0025046339654011263
66,I3,N9,0.0,0.0,7.108837080768906e-06,200.0,199.99999289116292,0.0,0.0,200.0
66,I4,N1,0.0,0.0,1.3179810267445234e-06,200.0,199.99999868201897,0.0,0.0,200.0
66,I4,N2,0.0,0.0,1.3208941028709376e-06,200.0,199.9999986791059,0.0,0.0,200.0
66,I4,N3,0.0,0.0,1.3506609648112419e-06,200.0,199.99999864933903,0.0,0.0,200.0
66,I4,N4,0.0,0.0,1.317958828000852e-06,200.0,199.99999868204117,0.0,0.0,200.0
66,I4,N5,0.0,0.0,1.3192104412523162e-06,200.0,199.99999868078956,0.0,0.0,200.0
66,I4,N6,0.0,0.0,1.4743906885859242e-06,119.83015947146414,119.83015799707346,0.0,0.0,120.21508100792238
66,I4,N7,0.0,0.0,1.3458217545114383e-06,200.0,199.99999865417826,0.0,0.0,200.0
66,I4,N8,0.0,0.0,1.43617876215765e-06,0.005010263001338444,0.005008826822576287,6.336781908008126e-05,3.173984318964724e-07,0.0025046339654011263
66,I4,N9,0.0,0.0,1.349814338150542e-06,200.0,199.99999865018566,0.0,0.0,200.0
67,I1,N1,0.0,0.0,6.624922553894831e-06,200.0,199.99999337507745,0.0,0.0,200.0
67,I1,N2,0.0,0.0,6.624917971678367e-06,200.0,199.99999337508203,0.0,0.0,200.0
67,I1,N3,0.0,0.0,6.624962443971974e-06,200.0,199.99999337503755,0.0,0.0,200.0
67,I1,N4,0.0,0.0,6.624902690669504e-06,200.0,199.99999337509732,0.0,0.0,200.0
67,I1,N5,0.0,0.0,6.6249112606134065e-06,200.0,199.99999337508874,0.0,0.0,200.0
67,I1,N6,0.0,0.0,6.62498433985893e-06,120.21508100792238,120.21507438293804,1.5328328994769445e-08,1.8426962102723547e-06,120.5037463708428
67,I1,N7,0.0,0.0,6.62491973121999e-06,200.0,199.99999337508027,0.0,0.0,200.0
67,I1,N8,130.20182505176498,393.1518692822467,130.2037044053695,130.20370323452886,0.0,14.062236752169436,0.0,0.001251850277981248
67,I1,N9,0.0,0.0,6.624954603572565e-06,200.0,199.9999933750454,0.0,0.0,200.0
67,I2,N1,0.0,0.0,2.880759426005953e-07,200.0,199.99999971192406,0.0,0.0,200.0
67,I2,N2,0.0,0.0,2.8898434035751975e-07,200.0,199.99999971101565,0.0,0.0,200.0
67,I2,N3,0.0,0.0,2.8819246075354266e-07,200.0,199.99999971180753,0.0,0.0,200.0
67,I2,N4,0.0,0.0,2.888747409900254e-07,200.0,199.99999971112527,0.0,0.0,200.0
67,I2,N5,0.0,0.0,2.8936930375869627e-07,200.0,199.9999997106307,0.0,0.0,200.0
67,I2,N6,79.4962536291572,259.92484984362426,78.63025754039593,200.0,121.36974245960407,0.0,0.0,120.5037463708428
67,I2,N7,0.0,0.0,2.9974283714677326e-07,200.0,199.99999970025715,0.0,0.0,200.0
67,I2,N8,69.79692309795703,223.7310718986804,69.79880209541474,69.79880139943654,0.0,45.23271221225216,0.0,0.001251850277981248
67,I2,N9,0.0,0.0,2.8666005581502494e-07,200.0,199.99999971333995,0.0,0.0,200.0
67,I3,N1,0.0,0.0,4.437855001560727e-07,200.0,199.9999995562145,0.0,0.0,200.0
67,I3,N2,0.0,0.0,4.437579809303898e-07,200.0,199.99999955624202,0.0,0.0,200.0
67,I3,N3,0.0,0.0,4.4363166676089564e-07,200.0,199.99999955636832,0.0,0.0,200.0
67,I3,N4,0.0,0.0,4.4378271517609484e-07,200.0,199.9999995562173,0.0,0.0,200.0
67,I3,N5,0.0,0.0,4.4379479569043223e-07,200.0,199.9999995562052,0.0,0.0,200.0
67,I3,N6,0.0,0.0,4.436285194166345e-07,120.21508100792238,120.21508056429386,0.0,0.0,120.5037463708428
67,I3,N7,0.0,0.0,4.4380659559600095e-07,200.0,199.99999955619342,0.0,0.0,200.0
67,I3,N8,0.0,0.0,4.438341001678362e-07,0.0025046339654011263,0.0025041901313009583,3.6302645102574074e-05,9.090872560598706e-08,0.001251850277981248
67,I3,N9,0.0,0.0,4.4363916609136485e-07,200.0,199.99999955636085,0.0,0.0,200.0
67,I4,N1,0.0,0.0,1.1816452943253037e-06,200.0,199.9999988183547,0.0,0.0,200.0
67,I4,N2,0.0,0.0,1.1769300040131664e-06,200.0,199.99999882307,0.0,0.0,200.0
67,I4,N3,0.0,0.0,1.5910447636830573e-06,200.0,199.99999840895524,0.0,0.0,200.0
67,I4,N4,0.0,0.0,1.1813031865407555e-06,200.0,199.9999988186968,0.0,0.0,200.0
67,I4,N5,0.0,0.0,1.178994033221119e-06,200.0,199.99999882100596,0.0,0.0,200.0
67,I4,N6,0.0,0.0,1.222700434963531e-06,120.21508100792238,120.21507978522195,0.0,0.0,120.5037463708428
67,I4,N7,0.0,0.0,1.177362752972071e-06,200.0,199.99999882263725,0.0,0.0,200.0
67,I4,N8,0.0,0.0,7.214466257711154e-07,0.0025046339654011263,0.002503912518775355,0.00012676113818547443,3.173988007968221e-07,0.001251850277981248
67,I4,N9,0.0,0.0,1.5907987249540864e-06,200.0,199.99999840920128,0.0,0.0,200.0
68,I1,N1,0.0,0.0,5.978964931813645e-07,200.0,199.9999994021035,0.0,0.0,200.0
68,I1,N2,0.0,0.0,5.977380123646027e-07,200.0,199.99999940226198,0.0,0.0,200.0
68,I1,N3,0.0,0.0,5.98301435269254e-07,200.0,199.99999940169857,0.0,0.0,200.0
68,I1,N4,0.0,0.0,5.979573365256534e-07,200.0,199.99999940204268,0.0,0.0,200.0
68,I1,N5,0.0,0.0,5.97812659741264e-07,200.0,199.99999940218734,0.0,0.0,200.0
68,I1,N6,0.0,0.0,5.98062125769198e-07,120.5037463708428,120.50374577278068,0.0,0.0,120.72166565438359
68,I1,N7,0.0,0.0,6.000628069938771e-07,200.0,199.9999993999372,0.0,0.0,200.0
68,I1,N8,130.2021383377209,399.54143054647807,130.20307819558863,130.20307690204297,0.0,13.949769736409213,0.0,0.0006254277364519112
68,I1,N9,0.0,0.0,5.982690037832225e-07,200.0,199.999999401731,0.0,0.0,200.0
68,I2,N1,0.0,0.0,2.712936511119892e-07,200.0,199.99999972870634,0.0,0.0,200.0
68,I2,N2,0.0,0.0,2.712563775590766e-07,200.0,199.99999972874363,0.0,0.0,200.0
68,I2,N3,0.0,0.0,2.8722044400222433e-07,200.0,199.99999971277956,0.0,0.0,200.0
68,I2,N4,0.0,0.0,2.7108169841437543e-07,200.0,199.9999997289183,0.0,0.0,200.0
68,I2,N5,0.0,0.0,2.7106352934904765e-07,200.0,199.99999972893647,0.0,0.0,200.0
68,I2,N6,79.27833434561641,253.1672956303117,78.62457649499406,200.0,121.37542350500594,0.0,0.0,120.72166565438359
68,I2,N7,0.0,0.0,2.7117825322131016e-07,200.0,199.99999972882173,0.0,0.0,200.0
68,I2,N8,69.79723623454265,224.21924694371995,69.79817564429952,69.79817494823502,0.0,47.41643865358342,0.0,0.0006254277364519112
68,I2,N9,0.0,0.0,2.8087401637068725e-07,200.0,199.99999971912598,0.0,0.0,200.0
68,I3,N1,0.0,0.0,3.057511435784829e-07,200.0,199.99999969424886,0.0,0.0,200.0
68,I3,N2,0.0,0.0,3.055315736049056e-07,200.0,199.9999996944684,0.0,0.0,200.0
68,I3,N3,0.0,0.0,3.11689204796669e-07,200.0,199.9999996883108,0.0,0.0,200.0
68,I3,N4,0.0,0.0,3.061365628383899e-07,200.0,199.99999969386343,0.0,0.0,200.0
68,I3,N5,0.0,0.0,3.0626133573973824e-07,200.0,199.99999969373866,0.0,0.0,200.0
68,I3,N6,0.0,0.0,3.061151585953556e-07,120.5037463708428,120.50374606472765,0.0,0.0,120.72166565438359
68,I3,N7,0.0,0.0,3.089371215190014e-07,200.0,199.99999969106287,0.0,0.0,200.0
68,I3,N8,0.0,0.0,3.065425974890608e-07,0.001251850277981248,0.0012515437353837588,7.26368861468951e-05,9.090823981492988e-08,0.0006254277364519112
68,I3,N9,0.0,0.0,3.1051888454217015e-07,200.0,199.99999968948111,0.0,0.0,200.0
68,I4,N1,0.0,0.0,1.5868982297546704e-06,200.0,199.99999841310176,0.0,0.0,200.0
68,I4,N2,0.0,0.0,1.6520228128223049e-06,200.0,199.9999983479772,0.0,0.0,200.0
68,I4,N3,0.0,0.0,1.6303118324870294e-06,200.0,199.99999836968817,0.0,0.0,200.0
68,I4,N4,0.0,0.0,1.610199799901845e-06,200.0,199.9999983898002,0.0,0.0,200.0
68,I4,N5,0.0,0.0,1.6520169120534996e-06,200.0,199.99999834798308,0.0,0.0,200.0
68,I4,N6,0.0,0.0,1.6520107555609325e-06,120.5037463708428,120.50374471883205,0.0,0.0,120.72166565438359
68,I4,N7,0.0,0.0,1.6520222263091179e-06,200.0,199.99999834797777,0.0,0.0,200.0
68,I4,N8,0.0,0.0,1.6186217597139729e-06,0.001251850277981248,0.001250231656221534,0.00025387087385913355,3.1739740309131267e-07,0.0006254277364519112
68,I4,N9,0.0,0.0,1.6298932134575165e-06,200.0,199.9999983701068,0.0,0.0,200.0
69,I1,N1,0.0,0.0,5.983123422063349e-07,200.0,199.99999940168766,0.0,0.0,200.0
69,I1,N2,0.0,0.0,5.188491259760879e-07,200.0,199.99999948115087,0.0,0.0,200.0
69,I1,N3,0.0,0.0,5.417426642498574e-07,200.0,199.99999945825735,0.0,0.0,200.0
69,I1,N4,0.0,0.0,6.01953351627977e-07,200.0,199.99999939804664,0.0,0.0,200.0
69,I1,N5,0.0,0.0,5.226497024640047e-07,200.0,199.9999994773503,0.0,0.0,200.0
69,I1,N6,0.0,0.0,5.653654092809312e-07,120.72166565438359,120.72166508901817,0.0,0.0,120.88458582928149
69,I1,N7,0.0,0.0,5.188531752389607e-07,200.0,199.99999948114683,0.0,0.0,200.0
69,I1,N8,130.20229501802402,404.3330918362447,130.20276505893338,130.20276376545735,0.0,13.841334147851821,0.0,0.0003122165045397196
69,I1,N9,0.0,0.0,5.421238795850829e-07,200.0,199.99999945787613,0.0,0.0,200.0
69,I2,N1,0.0,0.0,4.349602195277599e-07,200.0,199.9999995650398,0.0,0.0,200.0
69,I2,N2,0.0,0.0,4.3452495229672863e-07,200.0,199.99999956547504,0.0,0.0,200.0
69,I2,N3,0.0,0.0,4.353773241775958e-07,200.0,199.99999956462267,0.0,0.0,200.0
69,I2,N4,0.0,0.0,4.3483550976291274e-07,200.0,199.9999995651645,0.0,0.0,200.0
69,I2,N5,0.0,0.0,4.347263268143188e-07,200.0,199.99999956527367,0.0,0.0,200.0
69,I2,N6,79.11541417071851,248.10016382170443,78.62665364602478,200.0,121.37334635397522,0.0,0.0,120.88458582928149
69,I2,N7,0.0,0.0,4.353085895681748e-07,200.0,199.99999956469142,0.0,0.0,200.0
69,I2,N8,69.79739276547146,224.58522829422435,69.79786235825787,69.7978616622791,0.0,45.457787924250425,0.0,0.0003122165045397196
69,I2,N9,0.0,0.0,4.293122080822979e-07,200.0,199.9999995706878,0.0,0.0,200.0
69,I3,N1,0.0,0.0,3.0125287647428247e-07,200.0,199.99999969874713,0.0,0.0,200.0
69,I3,N2,0.0,0.0,3.021156491257089e-07,200.0,199.99999969788436,0.0,0.0,200.0
69,I3,N3,0.0,0.0,4.4376443546980904e-07,200.0,199.99999955623557,0.0,0.0,200.0
69,I3,N4,0.0,0.0,3.012600160344319e-07,200.0,199.99999969874,0.0,0.0,200.0
69,I3,N5,0.0,0.0,3.0143981797234094e-07,200.0,199.99999969856017,0.0,0.0,200.0
69,I3,N6,0.0,0.0,4.4511700585280266e-07,120.72166565438359,120.72166520926658,0.0,0.0,120.88458582928149
69,I3,N7,0.0,0.0,3.0241974984346786e-07,200.0,199.99999969758025,0.0,0.0,200.0
69,I3,N8,0.0,0.0,4.4434453260607573e-07,0.0006254277364519112,0.0006249833919193051,0.00014545608249790976,9.090763581483792e-08,0.0003122165045397196
69,I3,N9,0.0,0.0,3.4653992312959675e-07,200.0,199.99999965346007,0.0,0.0,200.0
69,I4,N1,0.0,0.0,1.6483109849012081e-06,200.0,199.99999835168902,0.0,0.0,200.0
69,I4,N2,0.0,0.0,1.6483468412504542e-06,200.0,199.99999835165315,0.0,0.0,200.0
69,I4,N3,0.0,0.0,1.6479649584102838e-06,200.0,199.99999835203505,0.0,0.0,200.0
69,I4,N4,0.0,0.0,1.648311729094658e-06,200.0,199.99999835168828,0.0,0.0,200.0
69,I4,N5,0.0,0.0,1.6477398393208054e-06,200.0,199.99999835226015,0.0,0.0,200.0
69,I4,N6,0.0,0.0,1.6057907376118283e-06,120.72166565438359,120.72166404859284,0.0,0.0,120.88458582928149
69,I4,N7,0.0,0.0,1.647997975631106e-06,200.0,199.99999835200202,0.0,0.0,200.0
69,I4,N8,0.0,0.0,1.6382349079386666e-06,0.0006254277364519112,0.0006237895015439725,0.0005088187125354756,3.1739577106875015e-07,0.0003122165045397196
69,I4,N9,0.0,0.0,1.64796889690561e-06,200.0,199.9999983520311,0.0,0.0,200.0
70,I1,N1,0.0,0.0,7.479241454770253e-07,200.0,199.99999925207587,0.0,0.0,200.0
70,I1,N2,0.0,0.0,7.47761755672578e-07,200.0,199.99999925223824,0.0,0.0,200.0
70,I1,N3,0.0,0.0,7.922576662947247e-07,200.0,199.99999920774232,0.0,0.0,200.0
70,I1,N4,0.0,0.0,7.479934807581776e-07,200.0,199.99999925200652,0.0,0.0,200.0
70,I1,N5,0.0,0.0,7.479221508402585e-07,200.0,199.99999925207786,0.0,0.0,200.0
70,I1,N6,0.0,0.0,7.791565714543516e-07,120.88458582928149,120.88458505012493,0.0,0.0,121.00651539537645
70,I1,N7,0.0,0.0,7.477497260109522e-07,200.0,199.99999925225026,0.0,0.0,200.0
70,I1,N8,130.2023733954845,407.92690430217687,130.20260852786592,130.20260723452856,0.0,13.622946051851384,0.0,0.0001556111630520718
70,I1,N9,0.0,0.0,7.920418051915272e-07,200.0,199.99999920795818,0.0,0.0,200.0
70,I2,N1,0.0,0.0,3.608167792765944e-07,200.0,199.99999963918322,0.0,0.0,200.0
70,I2,N2,0.0,0.0,3.6058718576599215e-07,200.0,199.9999996394128,0.0,0.0,200.0
70,I2,N3,0.0,0.0,3.729996836162908e-07,200.0,199.9999996270003,0.0,0.0,200.0
70,I2,N4,0.0,0.0,3.6081695883045323e-07,200.0,199.99999963918305,0.0,0.0,200.0
70,I2,N5,0.0,0.0,3.6075321244635677e-07,200.0,199.9999996392468,0.0,0.0,200.0
70,I2,N6,78.99348460462355,246.0382298232241,78.62769590633864,200.0,121.37230409366136,0.0,0.0,121.00651539537645
70,I2,N7,0.0,0.0,3.6058107470378395e-07,200.0,199.99999963941892,0.0,0.0,200.0
70,I2,N8,69.79747099335245,208.52698962620474,69.79770567699542,69.79770498197598,0.0,30.737437574055313,0.0,0.0001556111630520718
70,I2,N9,0.0,0.0,3.730635590143138e-07,200.0,199.99999962693644,0.0,0.0,200.0
70,I3,N1,0.0,0.0,3.931027265878803e-07,200.0,199.99999960689726,0.0,0.0,200.0
70,I3,N2,0.0,0.0,4.092639151001406e-07,200.0,199.99999959073608,0.0,0.0,200.0
70,I3,N3,0.0,0.0,4.0437447230966157e-07,200.0,199.99999959562552,0.0,0.0,200.0
70,I3,N4,0.0,0.0,3.9372258247998515e-07,200.0,199.9999996062774,0.0,0.0,200.0
70,I3,N5,0.0,0.0,3.9250416270680893e-07,200.0,199.99999960749582,0.0,0.0,200.0
70,I3,N6,0.0,0.0,4.048152241077333e-07,120.88458582928149,120.88458542446627,0.0,0.0,121.00651539537645
70,I3,N7,0.0,0.0,4.0501868039136425e-07,200.0,199.99999959498132,0.0,0.0,200.0
70,I3,N8,0.0,0.0,3.1035823953901603e-07,0.0003122165045397196,0.0003119061463001806,0.00029145364949970614,9.09061846405769e-08,0.0001556111630520718
70,I3,N9,0.0,0.0,4.044110562263393e-07,200.0,199.99999959558895,0.0,0.0,200.0
70,I4,N1,0.0,0.0,1.6499507812354338e-06,200.0,199.99999835004922,0.0,0.0,200.0
70,I4,N2,0.0,0.0,1.650133587257409e-06,200.0,199.99999834986642,0.0,0.0,200.0
70,I4,N3,0.0,0.0,1.559722200346761e-06,200.0,199.9999984402778,0.0,0.0,200.0
70,I4,N4,0.0,0.0,1.649951771988289e-06,200.0,199.99999835004823,0.0,0.0,200.0
70,I4,N5,0.0,0.0,1.6500147845630771e-06,200.0,199.99999834998522,0.0,0.0,200.0
70,I4,N6,0.0,0.0,1.4637471305160221e-06,120.88458582928149,120.88458436553437,0.0,0.0,121.00651539537645
70,I4,N7,0.0,0.0,1.6499827939758457e-06,200.0,199.9999983500172,0.0,0.0,200.0
70,I4,N8,0.0,0.0,1.204892694965367e-06,0.0003122165045397196,0.00031101161184475426,0.001020506594120464,3.1738940073560593e-07,0.0001556111630520718
70,I4,N9,0.0,0.0,1.5597028763568034e-06,200.0,199.99999844029713,0.0,0.0,200.0
71,I1,N1,0.0,0.0,6.954743499209509e-07,200.0,199.99999930452566,0.0,0.0,200.0
71,I1,N2,0.0,0.0,6.965308277820557e-07,200.0,199.99999930346917,0.0,0.0,200.0
71,I1,N3,0.0,0.0,6.996411891333722e-07,200.0,199.9999993003588,0.0,0.0,200.0
71,I1,N4,0.0,0.0,6.955612639652785e-07,200.0,199.99999930443875,0.0,0.0,200.0
71,I1,N5,0.0,0.0,6.963738991527068e-07,200.0,199.9999993036261,0.0,0.0,200.0
71,I1,N6,0.0,0.0,6.958386857110242e-07,121.00651539537645,121.00651469953777,0.0,0.0,121.0978381068746
71,I1,N7,0.0,0.0,6.960621870331509e-07,200.0,199.9999993039378,0.0,0.0,200.0
71,I1,N8,130.20241262184663,410.623677565282,130.2025303009331,130.20252900664755,0.0,15.29328139874141,0.0,7.730803025651767e-05
71,I1,N9,0.0,0.0,6.995464773629542e-07,200.0,199.9999993004535,0.0,0.0,200.0
71,I2,N1,0.0,0.0,4.5463188886253503e-07,200.0,199.9999995453681,0.0,0.0,200.0
71,I2,N2,0.0,0.0,4.5419501888635154e-07,200.0,199.99999954580497,0.0,0.0,200.0
71,I2,N3,0.0,0.0,4.40593275257438e-07,200.0,199.99999955940672,0.0,0.0,200.0
71,I2,N4,0.0,0.0,4.5487968304501977e-07,200.0,199.99999954512032,0.0,0.0,200.0
71,I2,N5,0.0,0.0,4.5454420187632566e-07,200.0,199.9999995454558,0.0,0.0,200.0
71,I2,N6,78.9021618931254,249.55488553280378,78.62819375863096,200.0,121.37180624136904,0.0,0.0,121.0978381068746
71,I2,N7,0.0,0.0,4.54173623498813e-07,200.0,199.99999954582637,0.0,0.0,200.0
71,I2,N8,69.79751007012311,212.8159079038645,69.7976273004351,69.7976266045155,0.0,44.20225165771781,0.0,7.730803025651767e-05
71,I2,N9,0.0,0.0,4.404593559847822e-07,200.0,199.99999955954064,0.0,0.0,200.0
71,I3,N1,0.0,0.0,3.74103915866042e-07,200.0,199.9999996258961,0.0,0.0,200.0
71,I3,N2,0.0,0.0,3.6249863076939965e-07,200.0,199.99999963750136,0.0,0.0,200.0
71,I3,N3,0.0,0.0,3.212644686991553e-07,200.0,199.99999967873552,0.0,0.0,200.0
71,I3,N4,0.0,0.0,3.740281842725788e-07,200.0,199.9999996259718,0.0,0.0,200.0
71,I3,N5,0.0,0.0,3.745510682812354e-07,200.0,199.99999962544894,0.0,0.0,200.0
71,I3,N6,0.0,0.0,3.255430468413168e-07,121.00651539537645,121.00651506983341,0.0,0.0,121.0978381068746
71,I3,N7,0.0,0.0,3.6211972512298333e-07,200.0,199.99999963788028,0.0,0.0,200.0
71,I3,N8,0.0,0.0,3.634021275088546e-07,0.0001556111630520718,0.00015524776092456293,0.0005855371492864202,9.090333136486827e-08,7.730803025651767e-05
71,I3,N9,0.0,0.0,3.212481151724867e-07,200.0,199.9999996787519,0.0,0.0,200.0
71,I4,N1,0.0,0.0,1.866372461885642e-06,200.0,199.99999813362754,0.0,0.0,200.0
71,I4,N2,0.0,0.0,1.8801805777117029e-06,200.0,199.99999811981942,0.0,0.0,200.0
71,I4,N3,0.0,0.0,1.8465817743063362e-06,200.0,199.99999815341823,0.0,0.0,200.0
71,I4,N4,0.0,0.0,1.8662164121271185e-06,200.0,199.99999813378358,0.0,0.0,200.0
71,I4,N5,0.0,0.0,1.8661864843978301e-06,200.0,199.9999981338135,0.0,0.0,200.0
71,I4,N6,0.0,0.0,1.800680795280125e-06,121.00651539537645,121.00651359469566,0.0,0.0,121.0978381068746
71,I4,N7,0.0,0.0,1.8801537037473572e-06,200.0,199.9999981198463,0.0,0.0,200.0
71,I4,N8,0.0,0.0,1.627965698407175e-06,0.0001556111630520718,0.0001539831973536646,0.002061127916998178,3.1737906681427813e-07,7.730803025651767e-05
71,I4,N9,0.0,0.0,1.8465185752833666e-06,200.0,199.9999981534814,0.0,0.0,200.0
72,I1,N1,0.0,0.0,1.3668036791626397e-05,200.0,199.9999863319632,0.0,0.0,200.0
72,I1,N2,0.0,0.0,1.3653904460314374e-05,200.0,199.99998634609554,0.0,0.0,200.0
72,I1,N3,0.0,0.0,1.3643177874723656e-05,200.0,199.99998635682212,0.0,0.0,200.0
72,I1,N4,0.0,0.0,1.3639565577558324e-05,200.0,199.99998636043443,0.0,0.0,200.0
72,I1,N5,0.0,0.0,1.3638444653745348e-05,200.0,199.99998636155536,0.0,0.0,200.0
72,I1,N6,0.0,0.0,1.3676201087412898e-05,121.0978381068746,121.09782443067351,1.7664515026651604e-08,2.13913433935045e-06,121.16610300731833
72,I1,N7,0.0,0.0,1.3240825063624706e-05,200.0,199.99998675917493,0.0,0.0,200.0
72,I1,N8,130.2024322333842,412.6460625051758,130.2024910679969,130.2024899298769,0.0,14.655591130940131,0.0,3.819551878336824e-05
72,I1,N9,0.0,0.0,1.3633374715882912e-05,200.0,199.99998636662528,0.0,0.0,200.0
72,I2,N1,0.0,0.0,3.6188436230775735e-07,200.0,199.99999963811564,0.0,0.0,200.0
72,I2,N2,0.0,0.0,3.9453600293387155e-07,200.0,199.99999960546398,0.0,0.0,200.0
72,I2,N3,0.0,0.0,3.937016877139537e-07,200.0,199.9999996062983,0.0,0.0,200.0
72,I2,N4,0.0,0.0,3.9661486398054817e-07,200.0,199.99999960338513,0.0,0.0,200.0
72,I2,N5,0.0,0.0,3.932925203200353e-07,200.0,199.9999996067075,0.0,0.0,200.0
72,I2,N6,78.83389699268167,252.19321552883898,78.62910229135049,200.0,121.37089770864951,0.0,0.0,121.16610300731833
72,I2,N7,0.0,0.0,3.889912244148067e-07,200.0,199.99999961100877,0.0,0.0,200.0
72,I2,N8,69.79752957109702,216.03275841168107,69.79758807401872,69.79758737815337,0.0,43.07427506594243,0.0,3.819551878336824e-05
72,I2,N9,0.0,0.0,4.155634521870562e-07,200.0,199.99999958443655,0.0,0.0,200.0
72,I3,N1,0.0,0.0,4.6882999002576676e-07,200.0,199.99999953117,0.0,0.0,200.0
72,I3,N2,0.0,0.0,4.7084448078013333e-07,200.0,199.99999952915553,0.0,0.0,200.0
72,I3,N3,0.0,0.0,3.5524144960281954e-07,200.0,199.99999964475856,0.0,0.0,200.0
72,I3,N4,0.0,0.0,4.687781094201718e-07,200.0,199.9999995312219,0.0,0.0,200.0
72,I3,N5,0.0,0.0,4.6913920583666733e-07,200.0,199.9999995308608,0.0,0.0,200.0
72,I3,N6,0.0,0.0,3.423806977498491e-07,121.0978381068746,121.0978377644939,0.0,0.0,121.16610300731833
72,I3,N7,0.0,0.0,4.6798657392880176e-07,200.0,199.99999953201342,0.0,0.0,200.0
72,I3,N8,0.0,0.0,5.477416214518731e-08,7.730803025651767e-05,7.725325609437247e-05,0.0011766148038572322,9.08973247668126e-08,3.819551878336824e-05
72,I3,N9,0.0,0.0,3.5521591031973626e-07,200.0,199.99999964478408,0.0,0.0,200.0
72,I4,N1,0.0,0.0,1.6370850752105173e-06,200.0,199.99999836291494,0.0,0.0,200.0
72,I4,N2,0.0,0.0,1.6275302040964317e-06,200.0,199.9999983724698,0.0,0.0,200.0
72,I4,N3,0.0,0.0,1.1971285941746405e-06,200.0,199.9999988028714,0.0,0.0,200.0
72,I4,N4,0.0,0.0,1.6372338094761067e-06,200.0,199.99999836276618,0.0,0.0,200.0
72,I4,N5,0.0,0.0,1.6357436181251306e-06,200.0,199.99999836425638,0.0,0.0,200.0
72,I4,N6,0.0,0.0,1.2382220282526156e-06,121.0978381068746,121.09783686865258,0.0,0.0,121.16610300731833
72,I4,N7,0.0,0.0,1.6273173814714549e-06,200.0,199.99999837268263,0.0,0.0,200.0
72,I4,N8,0.0,0.0,1.14188915554331e-06,7.730803025651767e-05,7.616614110097436e-05,0.004166655268517537,3.1735805310102494e-07,3.819551878336824e-05
72,I4,N9,0.0,0.0,1.1970977902268509e-06,200.0,199.9999988029022,0.0,0.0,200.0
73,I1,N1,0.0,0.0,8.43333570119742e-07,200.0,199.99999915666643,0.0,0.0,200.0
73,I1,N2,0.0,0.0,8.422275700502394e-07,200.0,199.99999915777244,0.0,0.0,200.0
73,I1,N3,0.0,0.0,8.49134015078082e-07,200.0,199.999999150866,0.0,0.0,200.0
73,I1,N4,0.0,0.0,8.434127730531462e-07,200.0,199.99999915658722,0.0,0.0,200.0
73,I1,N5,0.0,0.0,8.429001080512202e-07,200.0,199.9999991570999,0.0,0.0,200.0
73,I1,N6,0.0,0.0,8.525718562066322e-07,121.16610300731833,121.16610215474647,0.0,0.0,121.21717949461633
73,I1,N7,0.0,0.0,8.452387794256347e-07,200.0,199.9999991547612,0.0,0.0,200.0
73,I1,N8,130.20244210567506,414.1628745987306,130.20247172254764,130.20247042890298,0.0,14.124692086010313,0.0,1.860038875634018e-05
73,I1,N9,0.0,0.0,8.491163458367231e-07,200.0,199.99999915088367,0.0,0.0,200.0
73,I2,N1,0.0,0.0,3.185183945478485e-07,200.0,199.9999996814816,0.0,0.0,200.0
73,I2,N2,0.0,0.0,3.2252617636568156e-07,200.0,199.99999967747382,0.0,0.0,200.0
73,I2,N3,0.0,0.0,3.4230025989556505e-07,200.0,199.99999965769973,0.0,0.0,200.0
73,I2,N4,0.0,0.0,3.176231863546248e-07,200.0,199.99999968237682,0.0,0.0,200.0
73,I2,N5,0.0,0.0,3.16699395424778e-07,200.0,199.99999968330062,0.0,0.0,200.0
73,I2,N6,78.78282050538367,254.17239050023684,78.62959104348967,200.0,121.37040895651033,0.0,0.0,121.21717949461633
73,I2,N7,0.0,0.0,3.1397715740993257e-07,200.0,199.99999968602285,0.0,0.0,200.0
73,I2,N8,69.79753929393618,218.44548178112927,69.79756846245368,69.7975677666158,0.0,42.52465528784232,0.0,1.860038875634018e-05
73,I2,N9,0.0,0.0,2.4194431726258725e-07,200.0,199.99999975805568,0.0,0.0,200.0
73,I3,N1,0.0,0.0,5.884301588430475e-07,200.0,199.99999941156983,0.0,0.0,200.0
73,I3,N2,0.0,0.0,5.562963587972331e-07,200.0,199.99999944370364,0.0,0.0,200.0
73,I3,N3,0.0,0.0,4.7483311157109395e-07,200.0,199.99999952516688,0.0,0.0,200.0
73,I3,N4,0.0,0.0,5.917679328200687e-07,200.0,199.99999940823207,0.0,0.0,200.0
73,I3,N5,0.0,0.0,5.79002376744751e-07,200.0,199.99999942099763,0.0,0.0,200.0
73,I3,N6,0.0,0.0,4.48336609514467e-07,121.16610300731833,121.16610255898172,0.0,0.0,121.21717949461633
73,I3,N7,0.0,0.0,5.548507681019627e-07,200.0,199.99999944514923,0.0,0.0,200.0
73,I3,N8,0.0,0.0,1.8672732974842701e-07,3.819551878336824e-05,3.800879145361982e-05,0.0023911943495970433,9.08864073589081e-08,1.860038875634018e-05
73,I3,N9,0.0,0.0,4.748313771123715e-07,200.0,199.99999952516862,0.0,0.0,200.0
73,I4,N1,0.0,0.0,3.30215516305133e-05,200.0,199.99996697844836,3.214223612609443e-08,6.428446163832377e-06,200.0
73,I4,N2,0.0,0.0,3.3065764629636526e-05,200.0,199.99996693423537,3.2142236133214195e-08,6.4284461638352245e-06,200.0
73,I4,N3,0.0,0.0,3.323098481315783e-05,200.0,199.99996676901517,3.214223615982015e-08,6.4284461638458674e-06,200.0
73,I4,N4,0.0,0.0,3.301832810986723e-05,200.0,199.9999669816719,3.2142236125575334e-08,6.428446163832168e-06,200.0
73,I4,N5,0.0,0.0,3.3033590210450094e-05,200.0,199.9999669664098,3.214223612803305e-08,6.428446163833153e-06,200.0
73,I4,N6,0.0,0.0,3.2995745511299265e-05,121.16610300731833,121.16607001157281,5.309674658750184e-08,6.433524114407988e-06,121.21717949461633
73,I4,N7,0.0,0.0,3.304733735503268e-05,200.0,199.99996695266265,3.2142236130246794e-08,6.428446163834038e-06,200.0
73,I4,N8,0.0,0.0,3.1843618737534895e-05,3.819551878336824e-05,6.3519000458333485e-06,1.0120600827437496,6.428504485966125e-06,1.860038875634018e-05
73,I4,N9,0.0,0.0,3.324447907945032e-05,200.0,199.99996675552092,3.214223616199317e-08,6.4284461638467365e-06,200.0
74,I1,N1,0.0,0.0,3.9982712212440245e-07,200.0,199.99999960017288,0.0,0.0,200.0
74,I1,N2,0.0,0.0,3.9982873904904546e-07,200.0,199.99999960017126,0.0,0.0,200.0
74,I1,N3,0.0,0.0,4.005361388925006e-07,200.0,199.99999959946385,0.0,0.0,200.0
74,I1,N4,0.0,0.0,3.998271073147628e-07,200.0,199.99999960017288,0.0,0.0,200.0
74,I1,N5,0.0,0.0,3.998285077041631e-07,200.0,199.9999996001715,0.0,0.0,200.0
74,I1,N6,0.0,0.0,4.005914629226315e-07,121.21717949461633,121.21717909402487,0.0,0.0,121.25545967543061
74,I1,N7,0.0,0.0,3.9982873981006566e-07,200.0,199.99999960017126,0.0,0.0,200.0
74,I1,N8,130.20244707910012,415.30058698533475,130.20246199937532,130.20246070606382,0.0,13.58480824953407,0.0,8.802903380455973e-06
74,I1,N9,0.0,0.0,4.0053481133515117e-07,200.0,199.99999959946518,0.0,0.0,200.0
74,I2,N1,0.0,0.0,3.7217714095732843e-07,200.0,199.99999962782286,0.0,0.0,200.0
74,I2,N2,0.0,0.0,3.7217763501506775e-07,200.0,199.99999962782238,0.0,0.0,200.0
74,I2,N3,0.0,0.0,3.721813548033693e-07,200.0,199.99999962781865,0.0,0.0,200.0
74,I2,N4,0.0,0.0,3.721771411315777e-07,200.0,199.99999962782286,0.0,0.0,200.0
74,I2,N5,0.0,0.0,3.7217729153600833e-07,200.0,199.99999962782272,0.0,0.0,200.0
74,I2,N6,78.74454032456939,255.65662843558354,78.62969978212655,200.0,121.37030021787345,0.0,0.0,121.25545967543061
74,I2,N7,0.0,0.0,3.721776438254107e-07,200.0,199.99999962782235,0.0,0.0,200.0
74,I2,N8,69.79754411799651,220.25501968648797,69.79755859017749,69.79755789432494,0.0,42.82031089604153,0.0,8.802903380455973e-06
74,I2,N9,0.0,0.0,3.721813378989491e-07,200.0,199.99999962781865,0.0,0.0,200.0
74,I3,N1,0.0,0.0,3.5030191346251933e-07,200.0,199.99999964969808,0.0,0.0,200.0
74,I3,N2,0.0,0.0,3.5029782177932377e-07,200.0,199.99999964970218,0.0,0.0,200.0
74,I3,N3,0.0,0.0,3.798375765862585e-07,200.0,199.9999996201624,0.0,0.0,200.0
74,I3,N4,0.0,0.0,3.5051719778078855e-07,200.0,199.9999996494828,0.0,0.0,200.0
74,I3,N5,0.0,0.0,3.50846222114933e-07,200.0,199.99999964915378,0.0,0.0,200.0
74,I3,N6,0.0,0.0,3.799007553500829e-07,121.21717949461633,121.21717911471558,0.0,0.0,121.25545967543061
74,I3,N7,0.0,0.0,3.5071645742428465e-07,200.0,199.99999964928355,0.0,0.0,200.0
74,I3,N8,0.0,0.0,3.74322962406372e-08,1.860038875634018e-05,1.8562956460099543e-05,0.004894701871518219,9.086013772616045e-08,8.802903380455973e-06
74,I3,N9,0.0,0.0,3.7957969741468624e-07,200.0,199.9999996204203,0.0,0.0,200.0
74,I4,N1,0.0,0.0,1.6484089087046862e-06,200.0,199.9999983515911,0.0,0.0,200.0
74,I4,N2,0.0,0.0,1.6484429994251222e-06,200.0,199.999998351557,0.0,0.0,200.0
74,I4,N3,0.0,0.0,1.5277621672321824e-06,200.0,199.99999847223782,0.0,0.0,200.0
74,I4,N4,0.0,0.0,1.6484090030291417e-06,200.0,199.999998351591,0.0,0.0,200.0
74,I4,N5,0.0,0.0,1.6484253061902737e-06,200.0,199.9999983515747,0.0,0.0,200.0
74,I4,N6,0.0,0.0,1.1637282701120288e-06,121.21717949461633,121.21717833088806,0.0,0.0,121.25545967543061
74,I4,N7,0.0,0.0,1.6484417379721197e-06,200.0,199.99999835155828,0.0,0.0,200.0
74,I4,N8,0.0,0.0,1.644560309719719e-06,1.860038875634018e-05,1.695582844662046e-05,0.018708147346703743,3.172121369648064e-07,8.802903380455973e-06
74,I4,N9,0.0,0.0,1.5252327102866265e-06,200.0,199.9999984747673,0.0,0.0,200.0
75,I1,N1,0.0,0.0,5.987409120809903e-07,200.0,199.9999994012591,0.0,0.0,200.0
75,I1,N2,0.0,0.0,6.240166010454114e-07,200.0,199.9999993759834,0.0,0.0,200.0
75,I1,N3,0.0,0.0,3.000126890024581e-07,200.0,199.9999996999873,0.0,0.0,200.0
75,I1,N4,0.0,0.0,5.960131100816806e-07,200.0,199.9999994039869,0.0,0.0,200.0
75,I1,N5,0.0,0.0,5.944646032948991e-07,200.0,199.9999994055354,0.0,0.0,200.0
75,I1,N6,0.0,0.0,5.859718295668185e-07,121.25545967543061,121.25545908945878,0.0,0.0,121.28409453199092
75,I1,N7,0.0,0.0,6.246321375042621e-07,200.0,199.99999937536785,0.0,0.0,200.0
75,I1,N8,130.20244960311607,416.1539245810789,130.20245717516383,130.2024558820035,0.0,13.35317369343134,0.0,3.90420331086716e-06
75,I1,N9,0.0,0.0,6.328256389533587e-07,200.0,199.99999936717435,0.0,0.0,200.0
75,I2,N1,0.0,0.0,3.429473225871338e-07,200.0,199.99999965705268,0.0,0.0,200.0
75,I2,N2,0.0,0.0,3.4295439578869376e-07,200.0,199.9999996570456,0.0,0.0,200.0
75,I2,N3,0.0,0.0,3.4293065411643104e-07,200.0,199.99999965706934,0.0,0.0,200.0
75,I2,N4,0.0,0.0,3.430843769472724e-07,200.0,199.99999965691563,0.0,0.0,200.0
75,I2,N5,0.0,0.0,3.429591102892206e-07,200.0,199.9999996570409,0.0,0.0,200.0
75,I2,N6,78.71590546800908,249.96832980872824,78.63000089832816,200.0,121.36999910167184,0.0,0.0,121.28409453199092
75,I2,N7,0.0,0.0,3.429719817384503e-07,200.0,199.999999657028,0.0,0.0,200.0
75,I2,N8,69.79754649268061,221.6122228989219,69.79755361673288,69.79755292089988,0.0,42.43116768734711,0.0,3.90420331086716e-06
75,I2,N9,0.0,0.0,3.429305177202555e-07,200.0,199.99999965706948,0.0,0.0,200.0
75,I3,N1,0.0,0.0,3.0592133323780984e-07,200.0,199.99999969407867,0.0,0.0,200.0
75,I3,N2,0.0,0.0,3.0608018060130336e-07,200.0,199.99999969391982,0.0,0.0,200.0
75,I3,N3,0.0,0.0,3.0553618063488077e-07,200.0,199.9999996944638,0.0,0.0,200.0
75,I3,N4,0.0,0.0,3.0592135447704934e-07,200.0,199.99999969407864,0.0,0.0,200.0
75,I3,N5,0.0,0.0,3.059697843278127e-07,200.0,199.9999996940302,0.0,0.0,200.0
75,I3,N6,0.0,0.0,3.1193199212152703e-07,121.25545967543061,121.25545936349862,0.0,0.0,121.28409453199092
75,I3,N7,0.0,0.0,3.0598792294973996e-07,200.0,199.99999969401208,0.0,0.0,200.0
75,I3,N8,0.0,0.0,1.4682388126458978e-07,8.802903380455973e-06,8.656079499191384e-06,0.010489813115069682,9.080065625570358e-08,3.90420331086716e-06
75,I3,N9,0.0,0.0,3.0553602170291017e-07,200.0,199.99999969446398,0.0,0.0,200.0
75,I4,N1,0.0,0.0,2.1602168444653266e-06,200.0,199.99999783978316,0.0,0.0,200.0
75,I4,N2,0.0,0.0,2.1601548994582385e-06,200.0,199.9999978398451,0.0,0.0,200.0
75,I4,N3,0.0,0.0,2.1611183783541723e-06,200.0,199.99999783888163,0.0,0.0,200.0
75,I4,N4,0.0,0.0,2.160216323165821e-06,200.0,199.99999783978367,0.0,0.0,200.0
75,I4,N5,0.0,0.0,2.1602051752297347e-06,200.0,199.99999783979482,0.0,0.0,200.0
75,I4,N6,0.0,0.0,2.1245822429409966e-06,121.25545967543061,121.25545755084838,0.0,0.0,121.28409453199092
75,I4,N7,0.0,0.0,2.1603657164936972e-06,200.0,199.9999978396343,0.0,0.0,200.0
75,I4,N8,0.0,0.0,2.1059765853991193e-06,8.802903380455973e-06,6.696926795056854e-06,0.04701158800132062,3.1483316336421734e-07,3.90420331086716e-06
75,I4,N9,0.0,0.0,2.140742078761096e-06,200.0,199.99999785925792,0.0,0.0,200.0
76,I1,N1,0.0,0.0,7.837602984364733e-07,200.0,199.9999992162397,0.0,0.0,200.0
76,I1,N2,0.0,0.0,7.671497394218437e-07,200.0,199.99999923285026,0.0,0.0,200.0
76,I1,N3,0.0,0.0,7.543406684756825e-07,200.0,199.99999924565932,0.0,0.0,200.0
76,I1,N4,0.0,0.0,7.842126681256273e-07,200.0,199.99999921578734,0.0,0.0,200.0
76,I1,N5,0.0,0.0,7.817121495668796e-07,200.0,199.99999921828785,0.0,0.0,200.0
76,I1,N6,0.0,0.0,7.556347199838681e-07,121.28409453199092,121.2840937763562,0.0,0.0,121.3055477719273
76,I1,N7,0.0,0.0,7.714513436747672e-07,200.0,199.99999922854866,0.0,0.0,200.0
76,I1,N8,130.20245090243424,416.79391476008055,130.20245480038878,130.20245350731938,0.0,13.217652555173546,0.0,1.4548770650435472e-06
76,I1,N9,0.0,0.0,7.536153729728942e-07,200.0,199.99999924638462,0.0,0.0,200.0
76,I2,N1,0.0,0.0,3.4114011698786043e-07,200.0,199.99999965885988,0.0,0.0,200.0
76,I2,N2,0.0,0.0,3.42669170490101e-07,200.0,199.99999965733082,0.0,0.0,200.0
76,I2,N3,0.0,0.0,3.7166946040332373e-07,200.0,199.99999962833053,0.0,0.0,200.0
76,I2,N4,0.0,0.0,3.426432886188773e-07,200.0,199.9999996573567,0.0,0.0,200.0
76,I2,N5,0.0,0.0,3.5980184061114225e-07,200.0,199.99999964019815,0.0,0.0,200.0
76,I2,N6,78.6944522280727,252.5038392099588,78.63009250826357,200.0,121.36990749173643,0.0,0.0,121.3055477719273
76,I2,N7,0.0,0.0,4.6051106405029314e-07,200.0,199.99999953948893,0.0,0.0,200.0
76,I2,N8,69.7975476426887,222.63012600575232,69.79755109271301,69.79755039688393,0.0,42.35341187344922,0.0,1.4548770650435472e-06
76,I2,N9,0.0,0.0,3.7253018356458816e-07,200.0,199.9999996274698,0.0,0.0,200.0
76,I3,N1,0.0,0.0,3.1131646393251667e-07,200.0,199.99999968868354,0.0,0.0,200.0
76,I3,N2,0.0,0.0,3.114011909620209e-07,200.0,199.99999968859882,0.0,0.0,200.0
76,I3,N3,0.0,0.0,2.7429096544007894e-07,200.0,199.99999972570905,0.0,0.0,200.0
76,I3,N4,0.0,0.0,3.1117228797271494e-07,200.0,199.9999996888277,0.0,0.0,200.0
76,I3,N5,0.0,0.0,3.1139287325839484e-07,200.0,199.99999968860712,0.0,0.0,200.0
76,I3,N6,0.0,0.0,3.076386897855149e-07,121.28409453199092,121.28409422435223,0.0,0.0,121.3055477719273
76,I3,N7,0.0,0.0,3.11401179254151e-07,200.0,199.99999968859882,0.0,0.0,200.0
76,I3,N8,0.0,0.0,0.0,3.90420331086716e-06,3.90420331086716e-06,0.023223472877020097,9.066915969629556e-08,1.4548770650435472e-06
76,I3,N9,0.0,0.0,3.1278735834133414e-07,200.0,199.99999968721264,0.0,0.0,200.0
76,I4,N1,0.0,0.0,1.2837324912766046e-06,200.0,199.9999987162675,0.0,0.0,200.0
76,I4,N2,0.0,0.0,1.215156010031369e-06,200.0,199.999998784844,0.0,0.0,200.0
76,I4,N3,0.0,0.0,1.475993583149313e-06,200.0,199.99999852400643,0.0,0.0,200.0
76,I4,N4,0.0,0.0,1.2826846642266646e-06,200.0,199.99999871731535,0.0,0.0,200.0
76,I4,N5,0.0,0.0,1.3070907470814845e-06,200.0,199.99999869290926,0.0,0.0,200.0
76,I4,N6,0.0,0.0,1.3320609818642982e-06,121.28409453199092,121.28409319992994,0.0,0.0,121.3055477719273
76,I4,N7,0.0,0.0,1.2120717872401947e-06,200.0,199.9999987879282,0.0,0.0,200.0
76,I4,N8,0.0,0.0,2.5705367181554897e-08,3.90420331086716e-06,3.8784979436856055e-06,0.08163037140096067,3.166032276209182e-07,1.4548770650435472e-06
76,I4,N9,0.0,0.0,1.4651095790459213e-06,200.0,199.9999985348904,0.0,0.0,200.0
77,I1,N1,0.0,0.0,4.638153787657577e-07,200.0,199.99999953618462,0.0,0.0,200.0
77,I1,N2,0.0,0.0,4.640685215572915e-07,200.0,199.99999953593147,0.0,0.0,200.0
77,I1,N3,0.0,0.0,4.6378403155274464e-07,200.0,199.99999953621597,0.0,0.0,200.0
77,I1,N4,0.0,0.0,4.6381639695713827e-07,200.0,199.9999995361836,0.0,0.0,200.0
77,I1,N5,0.0,0.0,4.6394412777812904e-07,200.0,199.99999953605587,0.0,0.0,200.0
77,I1,N6,0.0,0.0,4.638205322538769e-07,121.3055477719273,121.30554730810677,0.0,0.0,121.32159388615507
77,I1,N7,0.0,0.0,4.638426615546609e-07,200.0,199.99999953615733,0.0,0.0,200.0
77,I1,N8,130.20245158936876,417.2743976745603,130.2024536501723,130.2024523573113,0.0,12.917057707717634,0.0,2.3027030238154111e-07
77,I1,N9,0.0,0.0,4.6378456777803506e-07,200.0,199.99999953621543,0.0,0.0,200.0
77,I2,N1,0.0,0.0,3.855063283527536e-07,200.0,199.99999961449367,0.0,0.0,200.0
77,I2,N2,0.0,0.0,3.840391373502078e-07,200.0,199.99999961596086,0.0,0.0,200.0
77,I2,N3,0.0,0.0,3.847204565391735e-07,200.0,199.99999961527953,0.0,0.0,200.0
77,I2,N4,0.0,0.0,3.8521770699569696e-07,200.0,199.9999996147823,0.0,0.0,200.0
77,I2,N5,0.0,0.0,3.848477674553323e-07,200.0,199.99999961515223,0.0,0.0,200.0
77,I2,N6,78.67840611384493,254.4057341756954,78.63026777116158,200.0,121.36973222883842,0.0,0.0,121.32159388615507
77,I2,N7,0.0,0.0,3.8389927271654604e-07,200.0,199.99999961610072,0.0,0.0,200.0
77,I2,N8,69.79754818036095,223.39359073480742,69.79754979337771,69.79754909756576,0.0,42.01856645673178,0.0,2.3027030238154111e-07
77,I2,N9,0.0,0.0,3.840313178518279e-07,200.0,199.99999961596868,0.0,0.0,200.0
77,I3,N1,0.0,0.0,6.802953207565028e-06,200.0,199.9999931970468,0.0,0.0,200.0
77,I3,N2,0.0,0.0,6.804334345220662e-06,200.0,199.99999319566567,0.0,0.0,200.0
77,I3,N3,0.0,0.0,6.803493832008417e-06,200.0,199.99999319650618,0.0,0.0,200.0
77,I3,N4,0.0,0.0,6.803597448109494e-06,200.0,199.99999319640256,0.0,0.0,200.0
77,I3,N5,0.0,0.0,6.806193969484379e-06,200.0,199.99999319380603,0.0,0.0,200.0
77,I3,N6,0.0,0.0,6.7981158165937624e-06,121.3055477719273,121.30554097381147,1.4479593111484333e-08,1.7564548754692812e-06,121.32159388615507
77,I3,N7,0.0,0.0,6.80700292356893e-06,200.0,199.99999319299707,0.0,0.0,200.0
77,I3,N8,0.0,0.0,2.342019584278502e-09,1.4548770650435472e-06,1.4525350454592687e-06,1.2614497466092967,1.8322999650357177e-06,2.3027030238154111e-07
77,I3,N9,0.0,0.0,6.811365633098928e-06,200.0,199.99999318863436,0.0,0.0,200.0
77,I4,N1,0.0,0.0,1.12630872582277e-06,200.0,199.99999887369128,0.0,0.0,200.0
77,I4,N2,0.0,0.0,1.1436065638508382e-06,200.0,199.99999885639343,0.0,0.0,200.0
77,I4,N3,0.0,0.0,1.116186396428651e-06,200.0,199.99999888381362,0.0,0.0,200.0
77,I4,N4,0.0,0.0,1.1266175652428683e-06,200.0,199.99999887338242,0.0,0.0,200.0
77,I4,N5,0.0,0.0,1.1241629406548503e-06,200.0,199.99999887583706,0.0,0.0,200.0
77,I4,N6,0.0,0.0,1.1162626932856956e-06,121.3055477719273,121.3055466556646,0.0,0.0,121.32159388615507
77,I4,N7,0.0,0.0,1.1476792989516683e-06,200.0,199.99999885232072,0.0,0.0,200.0
77,I4,N8,0.0,0.0,0.0,1.4548770650435472e-06,1.4548770650435472e-06,0.2166251886155252,3.1516301862746016e-07,2.3027030238154111e-07
77,I4,N9,0.0,0.0,1.116187376224068e-06,200.0,199.99999888381262,0.0,0.0,200.0
78,I1,N1,0.0,0.0,5.250103253839375e-07,200.0,199.99999947498966,0.0,0.0,200.0
78,I1,N2,0.0,0.0,5.250538294587334e-07,200.0,199.99999947494618,0.0,0.0,200.0
78,I1,N3,0.0,0.0,5.256612886206527e-07,200.0,199.99999947433872,0.0,0.0,200.0
78,I1,N4,0.0,0.0,5.250165535330616e-07,200.0,199.99999947498344,0.0,0.0,200.0
78,I1,N5,0.0,0.0,5.237087964549239e-07,200.0,199.9999994762912,0.0,0.0,200.0
78,I1,N6,0.0,0.0,5.251520537240245e-07,121.32159388615507,121.32159336100301,0.0,0.0,121.33358631609867
78,I1,N7,0.0,0.0,5.270955169208602e-07,200.0,199.99999947290448,0.0,0.0,200.0
78,I1,N8,130.20245172144158,417.63469558822464,130.20245311245958,130.20245181963907,0.0,12.860279765201264,0.0,0.0
78,I1,N9,0.0,0.0,5.251966281092631e-07,200.0,199.99999947480336,0.0,0.0,200.0
78,I2,N1,0.0,0.0,3.4462507681512025e-07,200.0,199.99999965537492,0.0,0.0,200.0
78,I2,N2,0.0,0.0,3.4652702697272414e-07,200.0,199.99999965347297,0.0,0.0,200.0
78,I2,N3,0.0,0.0,3.438785874288556e-07,200.0,199.99999965612142,0.0,0.0,200.0
78,I2,N4,0.0,0.0,3.446999282370835e-07,200.0,199.99999965530006,0.0,0.0,200.0
78,I2,N5,0.0,0.0,3.442383912285747e-07,200.0,199.9999996557616,0.0,0.0,200.0
78,I2,N6,78.66641368390133,255.83229131714853,78.63043639407051,200.0,121.36956360592949,0.0,0.0,121.33358631609867
78,I2,N7,0.0,0.0,3.4708944664762246e-07,200.0,199.99999965291056,0.0,0.0,200.0
78,I2,N8,69.79754827855842,223.9662036775193,69.79754910643236,69.79754841063124,0.0,41.809705042431624,0.0,0.0
78,I2,N9,0.0,0.0,3.378235842220612e-07,200.0,199.9999996621764,0.0,0.0,200.0
78,I3,N1,0.0,0.0,4.06735679856111e-07,200.0,199.9999995932643,0.0,0.0,200.0
78,I3,N2,0.0,0.0,4.012310527823164e-07,200.0,199.99999959876894,0.0,0.0,200.0
78,I3,N3,0.0,0.0,4.0999898419905974e-07,200.0,199.999999590001,0.0,0.0,200.0
78,I3,N4,0.0,0.0,4.042601763759509e-07,200.0,199.99999959573984,0.0,0.0,200.0
78,I3,N5,0.0,0.0,4.0243119191468517e-07,200.0,199.9999995975688,0.0,0.0,200.0
78,I3,N6,0.0,0.0,4.241859886154487e-07,121.32159388615507,121.32159346196909,0.0,0.0,121.33358631609867
78,I3,N7,0.0,0.0,3.992493290214897e-07,200.0,199.99999960075067,0.0,0.0,200.0
78,I3,N8,0.0,0.0,0.0,2.3027030238154111e-07,2.3027030238154111e-07,0.37782527984044284,8.700194143624916e-08,0.0
78,I3,N9,0.0,0.0,4.0821946500745596e-07,200.0,199.99999959178052,0.0,0.0,200.0
78,I4,N1,0.0,0.0,1.636505998682652e-06,200.0,199.999998363494,0.0,0.0,200.0
78,I4,N2,0.0,0.0,1.6273884015406353e-06,200.0,199.9999983726116,0.0,0.0,200.0
78,I4,N3,0.0,0.0,1.2067850114668416e-06,200.0,199.99999879321498,0.0,0.0,200.0
78,I4,N4,0.0,0.0,1.6479002415413145e-06,200.0,199.99999835209977,0.0,0.0,200.0
78,I4,N5,0.0,0.0,1.6479021089385137e-06,200.0,199.9999983520979,0.0,0.0,200.0
78,I4,N6,0.0,0.0,1.2075456000632485e-06,121.32159388615507,121.32159267860948,0.0,0.0,121.33358631609867
78,I4,N7,0.0,0.0,1.6333341997834963e-06,200.0,199.9999983666658,0.0,0.0,200.0
78,I4,N8,0.0,0.0,0.0,2.3027030238154111e-07,2.3027030238154111e-07,1.319178031473965,3.037675242025961e-07,0.0
78,I4,N9,0.0,0.0,1.2096355309194203e-06,200.0,199.99999879036446,0.0,0.0,200.0
79,I1,N1,0.0,0.0,9.172747698181907e-07,200.0,199.99999908272522,0.0,0.0,200.0
79,I1,N2,0.0,0.0,9.172033191693971e-07,200.0,199.99999908279668,0.0,0.0,200.0
79,I1,N3,0.0,0.0,9.163861362187896e-07,200.0,199.99999908361386,0.0,0.0,200.0
79,I1,N4,0.0,0.0,9.172775222771842e-07,200.0,199.99999908272247,0.0,0.0,200.0
79,I1,N5,0.0,0.0,9.172852175060104e-07,200.0,199.9999990827148,0.0,0.0,200.0
79,I1,N6,0.0,0.0,9.162511964248338e-07,121.33358631609867,121.33358539984748,0.0,0.0,121.34255242390793
79,I1,N7,0.0,0.0,9.171857694707204e-07,200.0,199.99999908281424,0.0,0.0,200.0
79,I1,N8,130.20245172099018,417.90498222004044,130.20245301422037,130.20245172144158,0.0,12.802209739425379,0.0,0.0
79,I1,N9,0.0,0.0,9.159198887114471e-07,200.0,199.99999908408012,0.0,0.0,200.0
79,I2,N1,0.0,0.0,5.308433056746495e-07,200.0,199.9999994691567,0.0,0.0,200.0
79,I2,N2,0.0,0.0,5.458934414479551e-07,200.0,199.99999945410656,0.0,0.0,200.0
79,I2,N3,0.0,0.0,5.524447400373138e-07,200.0,199.99999944755527,0.0,0.0,200.0
79,I2,N4,0.0,0.0,5.299412617094613e-07,200.0,199.99999947005873,0.0,0.0,200.0
79,I2,N5,0.0,0.0,5.377199936618786e-07,200.0,199.99999946228002,0.0,0.0,200.0
79,I2,N6,78.65744757609207,256.9023150316083,78.63054925266428,200.0,121.36945074733572,0.0,0.0,121.34255242390793
79,I2,N7,0.0,0.0,5.450208364717012e-07,200.0,199.99999945497916,0.0,0.0,200.0
79,I2,N8,69.7975482790098,224.39567722874014,69.79754897435102,69.79754827855842,0.0,41.64635826595026,0.0,0.0
79,I2,N9,0.0,0.0,5.547302567880452e-07,200.0,199.99999944526974,0.0,0.0,200.0
79,I3,N1,0.0,0.0,4.4520180814369425e-07,200.0,199.9999995547982,0.0,0.0,200.0
79,I3,N2,0.0,0.0,4.4619250493970664e-07,200.0,199.9999995538075,0.0,0.0,200.0
79,I3,N3,0.0,0.0,4.4507032326484995e-07,200.0,199.99999955492967,0.0,0.0,200.0
79,I3,N4,0.0,0.0,4.4520167661372946e-07,200.0,199.99999955479834,0.0,0.0,200.0
79,I3,N5,0.0,0.0,4.4486488054628013e-07,200.0,199.99999955513513,0.0,0.0,200.0
79,I3,N6,0.0,0.0,4.4486037849431283e-07,121.33358631609867,121.3335858712383,0.0,0.0,121.34255242390793
79,I3,N7,0.0,0.0,4.450925557591963e-07,200.0,199.99999955490745,0.0,0.0,200.0
79,I3,N8,0.0,0.0,0.0,0.0,0.0,8.787342275064558,0.0,0.0
79,I3,N9,0.0,0.0,4.432916662299796e-07,200.0,199.99999955670833,0.0,0.0,200.0
79,I4,N1,0.0,0.0,1.6875975294312691e-06,200.0,199.99999831240248,0.0,0.0,200.0
79,I4,N2,0.0,0.0,1.6875193224583377e-06,200.0,199.99999831248067,0.0,0.0,200.0
79,I4,N3,0.0,0.0,1.6879039575567819e-06,200.0,199.99999831209604,0.0,0.0,200.0
79,I4,N4,0.0,0.0,1.6876058390791786e-06,200.0,199.99999831239415,0.0,0.0,200.0
79,I4,N5,0.0,0.0,1.6878105978725811e-06,200.0,199.9999983121894,0.0,0.0,200.0
79,I4,N6,0.0,0.0,1.6885951906191173e-06,121.33358631609867,121.33358462750348,0.0,0.0,121.34255242390793
79,I4,N7,0.0,0.0,1.687516022059095e-06,200.0,199.99999831248397,0.0,0.0,200.0
79,I4,N8,0.0,0.0,0.0,0.0,0.0,30.686532867837816,0.0,0.0
79,I4,N9,0.0,0.0,1.6878994792038974e-06,200.0,199.99999831210053,0.0,0.0,200.0
80,I1,N1,0.0,0.0,6.059616768659527e-07,200.0,199.99999939403833,0.0,0.0,200.0
80,I1,N2,0.0,0.0,6.125922906555034e-07,200.0,199.9999993874077,0.0,0.0,200.0
80,I1,N3,0.0,0.0,6.010354495301e-07,200.0,199.99999939896455,0.0,0.0,200.0
80,I1,N4,0.0,0.0,6.059442891253008e-07,200.0,199.99999939405572,0.0,0.0,200.0
80,I1,N5,0.0,0.0,6.088464876158758e-07,200.0,199.99999939115352,0.0,0.0,200.0
80,I1,N6,0.0,0.0,5.963628956846156e-07,121.34255242390793,121.34255182754504,0.0,0.0,121.34924688087858
80,I1,N7,0.0,0.0,6.12830183239318e-07,200.0,199.99999938716982,0.0,0.0,200.0
80,I1,N8,130.20245172053768,418.10768044835623,130.20245301373245,130.2024517209902,0.0,12.751822034467917,0.0,0.0
80,I1,N9,0.0,0.0,6.00920874111208e-07,200.0,199.99999939907912,0.0,0.0,200.0
80,I2,N1,0.0,0.0,4.762536097261091e-07,200.0,199.9999995237464,0.0,0.0,200.0
80,I2,N2,0.0,0.0,4.759903020132594e-07,200.0,199.9999995240097,0.0,0.0,200.0
80,I2,N3,0.0,0.0,4.7644451629514685e-07,200.0,199.9999995235555,0.0,0.0,200.0
80,I2,N4,0.0,0.0,4.763199997211092e-07,200.0,199.99999952368,0.0,0.0,200.0
80,I2,N5,0.0,0.0,4.763354946884668e-07,200.0,199.9999995236645,0.0,0.0,200.0
80,I2,N6,78.65075311912142,250.90306876598362,78.63066974820944,200.0,121.36933025179056,0.0,0.0,121.34924688087858
80,I2,N7,0.0,0.0,4.7602494548597323e-07,200.0,199.99999952397505,0.0,0.0,200.0
80,I2,N8,69.79754827946233,224.7178025342354,69.79754897478976,69.79754827900982,0.0,41.4062315238579,0.0,0.0
80,I2,N9,0.0,0.0,4.7650509048494997e-07,200.0,199.99999952349492,0.0,0.0,200.0
80,I3,N1,0.0,0.0,5.880415358500128e-07,200.0,199.99999941195847,0.0,0.0,200.0
80,I3,N2,0.0,0.0,5.946430193433247e-07,200.0,199.999999405357,0.0,0.0,200.0
80,I3,N3,0.0,0.0,5.943032680632739e-07,200.0,199.99999940569674,0.0,0.0,200.0
80,I3,N4,0.0,0.0,5.940382011573e-07,200.0,199.9999994059618,0.0,0.0,200.0
80,I3,N5,0.0,0.0,5.945113687763263e-07,200.0,199.99999940548864,0.0,0.0,200.0
80,I3,N6,0.0,0.0,5.944256262985508e-07,121.34255242390793,121.3425518294823,0.0,0.0,121.34924688087858
80,I3,N7,0.0,0.0,5.946428444155539e-07,200.0,199.99999940535716,0.0,0.0,200.0
80,I3,N8,0.0,0.0,0.0,0.0,0.0,8.787699696301644,0.0,0.0
80,I3,N9,0.0,0.0,5.943018275955833e-07,200.0,199.99999940569816,0.0,0.0,200.0
80,I4,N1,0.0,0.0,1.1215691631444018e-06,200.0,199.99999887843083,0.0,0.0,200.0
80,I4,N2,0.0,0.0,1.122275369297209e-06,200.0,199.99999887772464,0.0,0.0,200.0
80,I4,N3,0.0,0.0,1.514627207556242e-06,200.0,199.9999984853728,0.0,0.0,200.0
80,I4,N4,0.0,0.0,1.1215579196346556e-06,200.0,199.99999887844209,0.0,0.0,200.0
80,I4,N5,0.0,0.0,1.121764470332796e-06,200.0,199.99999887823552,0.0,0.0,200.0
80,I4,N6,0.0,0.0,1.5145955183088288e-06,121.34255242390793,121.34255090931241,0.0,0.0,121.34924688087858
80,I4,N7,0.0,0.0,1.122277464346871e-06,200.0,199.99999887772253,0.0,0.0,200.0
80,I4,N8,0.0,0.0,0.0,0.0,0.0,29.123249469924126,0.0,0.0
80,I4,N9,0.0,0.0,1.5146186810477288e-06,200.0,199.99999848538133,0.0,0.0,200.0
81,I1,N1,0.0,0.0,6.040957755623312e-07,200.0,199.9999993959042,0.0,0.0,200.0
81,I1,N2,0.0,0.0,6.036183662321448e-07,200.0,199.99999939638164,0.0,0.0,200.0
81,I1,N3,0.0,0.0,6.023138659122457e-07,200.0,199.99999939768614,0.0,0.0,200.0
81,I1,N4,0.0,0.0,6.040679139415369e-07,200.0,199.9999993959321,0.0,0.0,200.0
81,I1,N5,0.0,0.0,6.039317091322745e-07,200.0,199.9999993960683,0.0,0.0,200.0
81,I1,N6,0.0,0.0,6.026803352565217e-07,121.34924688087858,121.34924627819825,0.0,0.0,121.35422691030405
81,I1,N7,0.0,0.0,6.040404752388414e-07,200.0,199.99999939595952,0.0,0.0,200.0
81,I1,N8,130.20245172008228,418.259797300396,130.202453013217,130.20245172053768,0.0,12.66593499755013,0.0,0.0
81,I1,N9,0.0,0.0,5.96908696135532e-07,200.0,199.9999994030913,0.0,0.0,200.0
81,I2,N1,0.0,0.0,3.3531932290089184e-07,200.0,199.99999966468067,0.0,0.0,200.0
81,I2,N2,0.0,0.0,3.3248563615335127e-07,200.0,199.99999966751437,0.0,0.0,200.0
81,I2,N3,0.0,0.0,3.3590145942119654e-07,200.0,199.99999966409854,0.0,0.0,200.0
81,I2,N4,0.0,0.0,3.3533436073650596e-07,200.0,199.99999966466564,0.0,0.0,200.0
81,I2,N5,0.0,0.0,3.3537026883617926e-07,200.0,199.99999966462974,0.0,0.0,200.0
81,I2,N6,78.64577308969595,246.40415625081408,78.63083300141955,200.0,121.36916699858045,0.0,0.0,121.35422691030405
81,I2,N7,0.0,0.0,3.3569011397586475e-07,200.0,199.99999966430988,0.0,0.0,200.0
81,I2,N8,69.7975482799177,224.95943372016828,69.79754897522616,69.79754827946232,0.0,41.10493679523757,0.0,0.0
81,I2,N9,0.0,0.0,3.35892115890758e-07,200.0,199.9999996641079,0.0,0.0,200.0
81,I3,N1,0.0,0.0,1.0007199779316487e-05,200.0,199.9999899928002,8.453109200124716e-08,1.6906217554329905e-05,200.0
81,I3,N2,0.0,0.0,9.918679668819976e-06,200.0,199.99999008132033,8.641538805973501e-08,1.728307675482045e-05,200.0
81,I3,N3,0.0,0.0,9.904568942141963e-06,200.0,199.99999009543106,8.539227800186038e-08,1.7078454754598373e-05,200.0
81,I3,N4,0.0,0.0,1.0001479250344557e-05,200.0,199.99998999852076,8.470056136642908e-08,1.694011142615491e-05,200.0
81,I3,N5,0.0,0.0,9.961513913818646e-06,200.0,199.9999900384861,8.578380899011472e-08,1.7156760943486336e-05,200.0
81,I3,N6,0.0,0.0,1.036493157763341e-05,121.34924688087858,121.349236515947,9.237414790863941e-08,1.1209532322524555e-05,121.35422691030405
81,I3,N7,0.0,0.0,1.0074658719292873e-05,200.0,199.99998992534128,8.210969785261667e-08,1.642193874329615e-05,200.0
81,I3,N8,0.0,0.0,0.0,0.0,0.0,178.37075824184976,0.0,0.0
81,I3,N9,0.0,0.0,9.903390807903193e-06,200.0,199.9999900966092,8.565394395475815e-08,1.7130787942687148e-05,200.0
81,I4,N1,0.0,0.0,1.2444086617283171e-06,200.0,199.99999875559135,0.0,0.0,200.0
81,I4,N2,0.0,0.0,1.348710035362491e-06,200.0,199.99999865128996,0.0,0.0,200.0
81,I4,N3,0.0,0.0,1.3636271529285012e-06,200.0,199.99999863637285,0.0,0.0,200.0
81,I4,N4,0.0,0.0,1.2448484645468093e-06,200.0,199.99999875515152,0.0,0.0,200.0
81,I4,N5,0.0,0.0,1.252376709546017e-06,200.0,199.9999987476233,0.0,0.0,200.0
81,I4,N6,0.0,0.0,1.4659684639988897e-06,121.34924688087858,121.34924541491011,0.0,0.0,121.35422691030405
81,I4,N7,0.0,0.0,1.1977337252479774e-06,200.0,199.99999880226628,0.0,0.0,200.0
81,I4,N8,0.0,0.0,0.0,0.0,0.0,30.686377051597603,0.0,0.0
81,I4,N9,0.0,0.0,1.3447390756303937e-06,200.0,199.99999865526092,0.0,0.0,200.0
82,I1,N1,0.0,0.0,5.918184557567159e-07,200.0,199.99999940818154,0.0,0.0,200.0
82,I1,N2,0.0,0.0,5.918242241813274e-07,200.0,199.99999940817577,0.0,0.0,200.0
82,I1,N3,0.0,0.0,5.919849919478717e-07,200.0,199.99999940801501,0.0,0.0,200.0
82,I1,N4,0.0,0.0,5.91818530692111e-07,200.0,199.99999940818148,0.0,0.0,200.0
82,I1,N5,0.0,0.0,5.918195529927493e-07,200.0,199.99999940818046,0.0,0.0,200.0
82,I1,N6,0.0,0.0,5.920530713742375e-07,121.35422691030405,121.35422631825098,0.0,0.0,121.35791644412123
82,I1,N7,0.0,0.0,5.918228633425895e-07,200.0,199.99999940817713,0.0,0.0,200.0
82,I1,N8,130.20245171979664,418.3739435990989,130.2024530127099,130.2024517200823,0.0,12.596213757959601,0.0,0.0
82,I1,N9,0.0,0.0,5.919880485632621e-07,200.0,199.99999940801194,0.0,0.0,200.0
82,I2,N1,0.0,0.0,3.6501525377893055e-07,200.0,199.99999963498473,0.0,0.0,200.0
82,I2,N2,0.0,0.0,3.6697638637487337e-07,200.0,199.9999996330236,0.0,0.0,200.0
82,I2,N3,0.0,0.0,3.6423719371978813e-07,200.0,199.9999996357628,0.0,0.0,200.0
82,I2,N4,0.0,0.0,3.6502143712992325e-07,200.0,199.99999963497856,0.0,0.0,200.0
82,I2,N5,0.0,0.0,3.651206630535383e-07,200.0,199.99999963487934,0.0,0.0,200.0
82,I2,N6,78.64208355587877,244.76845620141444,78.63101495442726,200.0,121.36898504557274,0.0,0.0,121.35791644412123
82,I2,N7,0.0,0.0,3.6695580447865654e-07,200.0,199.99999963304418,0.0,0.0,200.0
82,I2,N8,69.79754828020336,208.80807481495023,69.7975489746109,69.79754827991772,0.0,27.696801546256896,0.0,0.0
82,I2,N9,0.0,0.0,3.6206469461480175e-07,200.0,199.9999996379353,0.0,0.0,200.0
82,I3,N1,0.0,0.0,3.2115973447169024e-07,200.0,199.99999967884025,0.0,0.0,200.0
82,I3,N2,0.0,0.0,3.1679943319314806e-07,200.0,199.99999968320057,0.0,0.0,200.0
82,I3,N3,0.0,0.0,3.1996357205509987e-07,200.0,199.99999968003644,0.0,0.0,200.0
82,I3,N4,0.0,0.0,3.2094708833412596e-07,200.0,199.9999996790529,0.0,0.0,200.0
82,I3,N5,0.0,0.0,3.2238822996623886e-07,200.0,199.99999967761178,0.0,0.0,200.0
82,I3,N6,0.0,0.0,3.186473334898714e-07,121.35422691030405,121.35422659165671,0.0,0.0,121.35791644412123
82,I3,N7,0.0,0.0,3.228233046257638e-07,200.0,199.9999996771767,0.0,0.0,200.0
82,I3,N8,0.0,0.0,0.0,0.0,0.0,8.786900614722668,0.0,0.0
82,I3,N9,0.0,0.0,3.1999852352912787e-07,200.0,199.99999968000148,0.0,0.0,200.0
82,I4,N1,0.0,0.0,1.1172196650404979e-06,200.0,199.99999888278035,0.0,0.0,200.0
82,I4,N2,0.0,0.0,1.1176492367872915e-06,200.0,199.99999888235075,0.0,0.0,200.0
82,I4,N3,0.0,0.0,1.1167779814205098e-06,200.0,199.99999888322202,0.0,0.0,200.0
82,I4,N4,0.0,0.0,1.1174010135936158e-06,200.0,199.999998882599,0.0,0.0,200.0
82,I4,N5,0.0,0.0,1.1173980697183133e-06,200.0,199.99999888260194,0.0,0.0,200.0
82,I4,N6,0.0,0.0,1.1168203380572066e-06,121.35422691030405,121.3542257934837,0.0,0.0,121.35791644412123
82,I4,N7,0.0,0.0,1.117590049146784e-06,200.0,199.99999888240995,0.0,0.0,200.0
82,I4,N8,0.0,0.0,0.0,0.0,0.0,30.6841877912427,0.0,0.0
82,I4,N9,0.0,0.0,1.1387190721835734e-06,200.0,199.99999886128091,0.0,0.0,200.0
83,I1,N1,0.0,0.0,9.873079176085657e-07,200.0,199.9999990126921,0.0,0.0,200.0
83,I1,N2,0.0,0.0,9.873139019788048e-07,200.0,199.9999990126861,0.0,0.0,200.0
83,I1,N3,0.0,0.0,9.901613292299452e-07,200.0,199.99999900983866,0.0,0.0,200.0
83,I1,N4,0.0,0.0,9.873010795982357e-07,200.0,199.9999990126989,0.0,0.0,200.0
83,I1,N5,0.0,0.0,9.873008591791203e-07,200.0,199.99999901269913,0.0,0.0,200.0
83,I1,N6,0.0,0.0,9.876366648891058e-07,121.35791644412123,121.35791545648456,0.0,0.0,121.36063896742208
83,I1,N7,0.0,0.0,9.872891025641965e-07,200.0,199.9999990127109,0.0,0.0,200.0
83,I1,N8,130.20245171964555,418.4596910334149,130.2024530139207,130.20245171979664,0.0,14.982114390300325,0.0,0.0
83,I1,N9,0.0,0.0,9.901428810306078e-07,200.0,199.9999990098571,0.0,0.0,200.0
83,I2,N1,0.0,0.0,1.642471355097938e-07,200.0,199.99999983575287,0.0,0.0,200.0
83,I2,N2,0.0,0.0,1.3244175676660172e-07,200.0,199.99999986755824,0.0,0.0,200.0
83,I2,N3,0.0,0.0,7.675317823618924e-08,200.0,199.99999992324683,0.0,0.0,200.0
83,I2,N4,0.0,0.0,1.638175619802093e-07,200.0,199.99999983618244,0.0,0.0,200.0
83,I2,N5,0.0,0.0,1.6581633258171101e-07,200.0,199.99999983418365,0.0,0.0,200.0
83,I2,N6,78.63936103257792,243.5418806864128,78.6311934626754,200.0,121.3688065373246,0.0,0.0,121.36063896742208
83,I2,N7,0.0,0.0,1.3269902574328917e-07,200.0,199.99999986730097,0.0,0.0,200.0
83,I2,N8,69.79754828035443,196.69460228448781,69.79754897487194,69.79754828020336,0.0,27.490785100962913,0.0,0.0
83,I2,N9,0.0,0.0,3.8141512191239335e-08,200.0,199.9999999618585,0.0,0.0,200.0
83,I3,N1,0.0,0.0,3.0374113662572233e-07,200.0,199.99999969625887,0.0,0.0,200.0
83,I3,N2,0.0,0.0,3.027639901958511e-07,200.0,199.999999697236,0.0,0.0,200.0
83,I3,N3,0.0,0.0,2.9844629955218813e-07,200.0,199.9999997015537,0.0,0.0,200.0
83,I3,N4,0.0,0.0,3.0324274314242526e-07,200.0,199.99999969675724,0.0,0.0,200.0
83,I3,N5,0.0,0.0,3.03225278618021e-07,200.0,199.99999969677472,0.0,0.0,200.0
83,I3,N6,0.0,0.0,2.9927952477601684e-07,121.35791644412123,121.35791614484171,0.0,0.0,121.36063896742208
83,I3,N7,0.0,0.0,3.009135947857408e-07,200.0,199.9999996990864,0.0,0.0,200.0
83,I3,N8,0.0,0.0,0.0,0.0,0.0,8.786897982385273,0.0,0.0
83,I3,N9,0.0,0.0,2.9704640563350516e-07,200.0,199.9999997029536,0.0,0.0,200.0
83,I4,N1,0.0,0.0,1.079597604133816e-06,200.0,199.9999989204024,-1.3252392897285549e-05,-0.002650478565149858,200.0
83,I4,N2,0.0,0.0,1.0795956952237164e-06,200.0,199.9999989204043,-1.3252020744098313e-05,-0.002650404134512838,200.0
83,I4,N3,0.0,0.0,1.1047721634503171e-06,200.0,199.99999889522783,-1.3509840965829933e-05,-0.0027019681782406903,200.0
83,I4,N4,0.0,0.0,1.0795975939475983e-06,200.0,199.99999892040242,-1.325238935042296e-05,-0.0026504778557773444,200.0
83,I4,N5,0.0,0.0,1.0795994857939157e-06,200.0,199.99999892040051,-1.325227328037791e-05,-0.002650454641768435,200.0
83,I4,N6,0.0,0.0,1.1726118542065185e-06,121.35791644412123,121.35791527150937,-1.4242259248502113e-05,-0.0017284108911545901,121.36063896742208
83,I4,N7,0.0,0.0,1.079602302402386e-06,200.0,199.9999989203977,-1.3252695645494008e-05,-0.002650539114791161,200.0
83,I4,N8,0.0,0.0,0.0,0.0,0.0,30.68412912514671,0.0,0.0
83,I4,N9,0.0,0.0,1.102513970571441e-06,200.0,199.99999889748602,-1.3545345147871177e-05,-0.002709069014640303,200.0
84,I1,N1,0.0,0.0,5.726192992901149e-07,200.0,199.99999942738071,0.0,0.0,200.0
84,I1,N2,0.0,0.0,5.722375950129538e-07,200.0,199.99999942776242,0.0,0.0,200.0
84,I1,N3,0.0,0.0,5.893868641434506e-07,200.0,199.99999941061313,0.0,0.0,200.0
84,I1,N4,0.0,0.0,5.737485163012757e-07,200.0,199.9999994262515,0.0,0.0,200.0
84,I1,N5,0.0,0.0,5.763711729926466e-07,200.0,199.99999942362882,0.0,0.0,200.0
84,I1,N6,0.0,0.0,6.061779291240896e-07,121.36063896742208,121.36063836124414,0.0,0.0,121.36266702910667
84,I1,N7,0.0,0.0,5.470025498049275e-07,200.0,199.99999945299746,0.0,0.0,200.0
84,I1,N8,130.20245171956947,418.52418237701454,130.20245301461563,130.20245171964558,0.0,16.778834856965343,0.0,0.0
84,I1,N9,0.0,0.0,5.920078049477749e-07,200.0,199.9999994079922,0.0,0.0,200.0
84,I2,N1,0.0,0.0,2.547244540855844e-07,200.0,199.99999974527555,0.0,0.0,200.0
84,I2,N2,0.0,0.0,2.5474055771150707e-07,200.0,199.99999974525943,0.0,0.0,200.0
84,I2,N3,0.0,0.0,2.5494944682380947e-07,200.0,199.99999974505056,0.0,0.0,200.0
84,I2,N4,0.0,0.0,2.5472903550696367e-07,200.0,199.99999974527097,0.0,0.0,200.0
84,I2,N5,0.0,0.0,2.547315301918383e-07,200.0,199.99999974526847,0.0,0.0,200.0
84,I2,N6,78.63733297089333,242.62199486326736,78.63124878583953,200.0,121.36875121416047,0.0,0.0,121.36266702910667
84,I2,N7,0.0,0.0,2.547405579345801e-07,200.0,199.99999974525943,0.0,0.0,200.0
84,I2,N8,69.79754828043055,187.60950692696792,69.79754897501577,69.79754828035445,0.0,27.430562852480193,0.0,0.0
84,I2,N9,0.0,0.0,2.546263387441721e-07,200.0,199.99999974537366,0.0,0.0,200.0
84,I3,N1,0.0,0.0,5.851195210621172e-07,200.0,199.99999941488048,0.0,0.0,200.0
84,I3,N2,0.0,0.0,5.608708163219173e-07,200.0,199.9999994391292,0.0,0.0,200.0
84,I3,N3,0.0,0.0,5.409589765880183e-07,200.0,199.99999945904102,0.0,0.0,200.0
84,I3,N4,0.0,0.0,5.850879608350128e-07,200.0,199.99999941491203,0.0,0.0,200.0
84,I3,N5,0.0,0.0,5.644128549370864e-07,200.0,199.99999943558714,0.0,0.0,200.0
84,I3,N6,0.0,0.0,5.491740273488632e-07,121.36063896742208,121.36063841824804,0.0,0.0,121.36266702910667
84,I3,N7,0.0,0.0,5.511954460020434e-07,200.0,199.99999944880454,0.0,0.0,200.0
84,I3,N8,0.0,0.0,0.0,0.0,0.0,8.788171891969997,0.0,0.0
84,I3,N9,0.0,0.0,5.40951064332968e-07,200.0,199.99999945904892,0.0,0.0,200.0
84,I4,N1,0.0,0.0,1.2344245871081673e-06,200.0,199.9999987655754,0.0,0.0,200.0
84,I4,N2,0.0,0.0,1.2187516323225978e-06,200.0,199.99999878124837,0.0,0.0,200.0
84,I4,N3,0.0,0.0,1.2935151386200824e-06,200.0,199.99999870648486,0.0,0.0,200.0
84,I4,N4,0.0,0.0,1.2344741820650398e-06,200.0,199.99999876552582,0.0,0.0,200.0
84,I4,N5,0.0,0.0,1.2355970026524447e-06,200.0,199.999998764403,0.0,0.0,200.0
84,I4,N6,0.0,0.0,1.260068798446202e-06,121.36063896742208,121.36063770735328,0.0,0.0,121.36266702910667
84,I4,N7,0.0,0.0,1.2152696536173531e-06,200.0,199.99999878473034,0.0,0.0,200.0
84,I4,N8,0.0,0.0,0.0,0.0,0.0,30.68687506288187,0.0,0.0
84,I4,N9,0.0,0.0,1.3031537548128692e-06,200.0,199.99999869684623,0.0,0.0,200.0
85,I1,N1,0.0,0.0,9.94395211869537e-07,200.0,199.9999990056048,0.0,0.0,200.0
85,I1,N2,0.0,0.0,9.902759650533216e-07,200.0,199.99999900972404,0.0,0.0,200.0
85,I1,N3,0.0,0.0,9.379696240330921e-07,200.0,199.99999906203038,0.0,0.0,200.0
85,I1,N4,0.0,0.0,9.948936838575275e-07,200.0,199.9999990051063,0.0,0.0,200.0
85,I1,N5,0.0,0.0,9.97276762210894e-07,200.0,199.99999900272323,0.0,0.0,200.0
85,I1,N6,0.0,0.0,9.303396088954591e-07,121.36266702910667,121.36266609876706,0.0,0.0,121.36416837602329
85,I1,N7,0.0,0.0,9.898999620503048e-07,200.0,199.99999901010003,0.0,0.0,200.0
85,I1,N8,130.20245171937003,418.5727519565602,130.20245301512296,130.20245171956947,0.0,18.291687177435733,0.0,0.0
85,I1,N9,0.0,0.0,9.379653826569712e-07,200.0,199.99999906203462,0.0,0.0,200.0
85,I2,N1,0.0,0.0,2.9134963188493953e-07,200.0,199.99999970865036,0.0,0.0,200.0
85,I2,N2,0.0,0.0,2.9136019582348935e-07,200.0,199.9999997086398,0.0,0.0,200.0
85,I2,N3,0.0,0.0,2.9138616456772793e-07,200.0,199.99999970861384,0.0,0.0,200.0
85,I2,N4,0.0,0.0,2.9134963355727093e-07,200.0,199.99999970865036,0.0,0.0,200.0
85,I2,N5,0.0,0.0,2.913528462227203e-07,200.0,199.99999970864715,0.0,0.0,200.0
85,I2,N6,78.63583162397671,224.7408404624822,78.63132758322686,200.0,121.36867241677314,0.0,0.0,121.36416837602329
85,I2,N7,0.0,0.0,2.9136024225858594e-07,200.0,199.99999970863976,0.0,0.0,200.0
85,I2,N8,69.79754828062998,189.7050091376418,69.79754897616247,69.79754828043053,0.0,40.52035123092143,0.0,0.0
85,I2,N9,0.0,0.0,2.912852564748531e-07,200.0,199.99999970871474,0.0,0.0,200.0
85,I3,N1,0.0,0.0,3.828739855029658e-07,200.0,199.999999617126,0.0,0.0,200.0
85,I3,N2,0.0,0.0,3.8296922358995197e-07,200.0,199.99999961703077,0.0,0.0,200.0
85,I3,N3,0.0,0.0,3.834475146867195e-07,200.0,199.9999996165525,0.0,0.0,200.0
85,I3,N4,0.0,0.0,3.8288939191537074e-07,200.0,199.9999996171106,0.0,0.0,200.0
85,I3,N5,0.0,0.0,3.83013883800553e-07,200.0,199.99999961698612,0.0,0.0,200.0
85,I3,N6,0.0,0.0,3.8307420112046116e-07,121.36266702910667,121.36266664603248,0.0,0.0,121.36416837602329
85,I3,N7,0.0,0.0,3.793487165640403e-07,200.0,199.9999996206513,0.0,0.0,200.0
85,I3,N8,0.0,0.0,0.0,0.0,0.0,8.787340481969347,0.0,0.0
85,I3,N9,0.0,0.0,3.8355040177857367e-07,200.0,199.9999996164496,0.0,0.0,200.0
85,I4,N1,0.0,0.0,1.124348851169413e-06,200.0,199.99999887565116,0.0,0.0,200.0
85,I4,N2,0.0,0.0,1.1271380944751676e-06,200.0,199.9999988728619,0.0,0.0,200.0
85,I4,N3,0.0,0.0,1.2936275736263203e-06,200.0,199.99999870637242,0.0,0.0,200.0
85,I4,N4,0.0,0.0,1.1212190585887962e-06,200.0,199.99999887878093,0.0,0.0,200.0
85,I4,N5,0.0,0.0,1.1244519927618393e-06,200.0,199.99999887554802,0.0,0.0,200.0
85,I4,N6,0.0,0.0,1.2027074313824253e-06,121.36266702910667,121.36266582639924,0.0,0.0,121.36416837602329
85,I4,N7,0.0,0.0,1.1279584359464324e-06,200.0,199.99999887204157,0.0,0.0,200.0
85,I4,N8,0.0,0.0,0.0,0.0,0.0,30.68588653375751,0.0,0.0
85,I4,N9,0.0,0.0,1.4739990887569797e-06,200.0,199.99999852600092,0.0,0.0,200.0
86,I1,N1,0.0,0.0,8.089329175767335e-07,200.0,199.99999919106708,0.0,0.0,200.0
86,I1,N2,0.0,0.0,8.213456367184615e-07,200.0,199.99999917865438,0.0,0.0,200.0
86,I1,N3,0.0,0.0,8.344107575110379e-07,200.0,199.99999916558923,0.0,0.0,200.0
86,I1,N4,0.0,0.0,8.088722008301559e-07,200.0,199.9999991911278,0.0,0.0,200.0
86,I1,N5,0.0,0.0,8.09638584312961e-07,200.0,199.99999919036142,0.0,0.0,200.0
86,I1,N6,0.0,0.0,8.427728514986866e-07,121.36416837602329,121.36416753325044,0.0,0.0,121.36526707414026
86,I1,N7,0.0,0.0,8.02748965570687e-07,200.0,199.99999919725104,0.0,0.0,200.0
86,I1,N8,130.20245171920104,418.61076828470874,130.20245301525404,130.20245171937,0.0,19.276339755953476,0.0,0.0
86,I1,N9,0.0,0.0,8.343812831642278e-07,200.0,199.9999991656187,0.0,0.0,200.0
86,I2,N1,0.0,0.0,2.4446874847743375e-07,200.0,199.99999975553126,0.0,0.0,200.0
86,I2,N2,0.0,0.0,2.444689060492631e-07,200.0,199.9999997555311,0.0,0.0,200.0
86,I2,N3,0.0,0.0,2.443846404639815e-07,200.0,199.99999975561536,0.0,0.0,200.0
86,I2,N4,0.0,0.0,2.4446875301688554e-07,200.0,199.99999975553123,0.0,0.0,200.0
86,I2,N5,0.0,0.0,2.4446879933812327e-07,200.0,199.9999997555312,0.0,0.0,200.0
86,I2,N6,78.63473292585974,211.33018914412358,78.63143683150882,200.0,121.36856316849118,0.0,0.0,121.36526707414026
86,I2,N7,0.0,0.0,2.444689069220435e-07,200.0,199.9999997555311,0.0,0.0,200.0
86,I2,N8,69.79754828079898,191.2766357870758,69.79754897635205,69.79754828062997,0.0,40.34300776009842,0.0,0.0
86,I2,N9,0.0,0.0,2.444668978019664e-07,200.0,199.9999997555331,0.0,0.0,200.0
86,I3,N1,0.0,0.0,4.6354525590703976e-07,200.0,199.99999953645474,0.0,0.0,200.0
86,I3,N2,0.0,0.0,4.625701443225773e-07,200.0,199.99999953742986,0.0,0.0,200.0
86,I3,N3,0.0,0.0,4.3073181188356166e-07,200.0,199.9999995692682,0.0,0.0,200.0
86,I3,N4,0.0,0.0,4.6354956533383586e-07,200.0,199.99999953645045,0.0,0.0,200.0
86,I3,N5,0.0,0.0,4.6343606967168607e-07,200.0,199.99999953656393,0.0,0.0,200.0
86,I3,N6,0.0,0.0,4.345146089588068e-07,121.36416837602329,121.36416794150868,0.0,0.0,121.36526707414026
86,I3,N7,0.0,0.0,4.6259599650580166e-07,200.0,199.999999537404,0.0,0.0,200.0
86,I3,N8,0.0,0.0,0.0,0.0,0.0,8.787974601217638,0.0,0.0
86,I3,N9,0.0,0.0,4.293499641419015e-07,200.0,199.99999957065003,0.0,0.0,200.0
86,I4,N1,0.0,0.0,2.256583788487008e-06,200.0,199.9999977434162,0.0,0.0,200.0
86,I4,N2,0.0,0.0,2.2277511998753367e-06,200.0,199.9999977722488,0.0,0.0,200.0
86,I4,N3,0.0,0.0,2.185620294652388e-06,200.0,199.9999978143797,0.0,0.0,200.0
86,I4,N4,0.0,0.0,2.2606569342549727e-06,200.0,199.99999773934306,0.0,0.0,200.0
86,I4,N5,0.0,0.0,2.2915022317791633e-06,200.0,199.99999770849777,0.0,0.0,200.0
86,I4,N6,0.0,0.0,2.1898083599301965e-06,121.36416837602329,121.36416618621493,0.0,0.0,121.36526707414026
86,I4,N7,0.0,0.0,2.2089961384052694e-06,200.0,199.99999779100386,0.0,0.0,200.0
86,I4,N8,0.0,0.0,0.0,0.0,0.0,30.684171508464964,0.0,0.0
86,I4,N9,0.0,0.0,2.18935022410662e-06,200.0,199.99999781064977,0.0,0.0,200.0
87,I1,N1,0.0,0.0,6.095491145055941e-07,200.0,199.99999939045088,0.0,0.0,200.0
87,I1,N2,0.0,0.0,6.095493418376946e-07,200.0,199.99999939045065,0.0,0.0,200.0
87,I1,N3,0.0,0.0,4.701668635590693e-07,200.0,199.99999952983313,0.0,0.0,200.0
87,I1,N4,0.0,0.0,6.095462806697197e-07,200.0,199.99999939045372,0.0,0.0,200.0
87,I1,N5,0.0,0.0,6.095467508097576e-07,200.0,199.99999939045324,0.0,0.0,200.0
87,I1,N6,0.0,0.0,4.6058951122693e-07,121.36526707414026,121.36526661355076,0.0,0.0,121.36595580089352
87,I1,N7,0.0,0.0,5.631720297526928e-07,200.0,199.99999943682798,0.0,0.0,200.0
87,I1,N8,130.20245172988385,418.64102846628185,130.20245301531318,130.202451719201,0.0,20.02011777646017,0.0,0.0
87,I1,N9,0.0,0.0,4.7038126286269843e-07,200.0,199.99999952961875,0.0,0.0,200.0
87,I2,N1,0.0,0.0,5.623055696805081e-06,200.0,199.9999943769443,0.0,0.0,200.0
87,I2,N2,0.0,0.0,5.621456004931487e-06,200.0,199.999994378544,0.0,0.0,200.0
87,I2,N3,0.0,0.0,5.618704292344296e-06,200.0,199.99999438129572,0.0,0.0,200.0
87,I2,N4,0.0,0.0,5.623045036126341e-06,200.0,199.99999437695496,0.0,0.0,200.0
87,I2,N5,0.0,0.0,5.5555367918220435e-06,200.0,199.9999944444632,0.0,0.0,200.0
87,I2,N6,78.63404419910648,213.33652147377146,78.63197801884671,200.0,121.36802198115329,1.5182283806278457e-08,1.8426437547245114e-06,121.36595580089352
87,I2,N7,0.0,0.0,5.621488465540151e-06,200.0,199.99999437851153,0.0,0.0,200.0
87,I2,N8,69.79754827011617,183.5462300631219,69.79754890996689,69.79754828079896,0.0,26.812676029137116,0.0,0.0
87,I2,N9,0.0,0.0,5.618895332961225e-06,200.0,199.99999438110467,0.0,0.0,200.0
87,I3,N1,0.0,0.0,4.5504950609667907e-07,200.0,199.9999995449505,0.0,0.0,200.0
87,I3,N2,0.0,0.0,4.564590044650016e-07,200.0,199.999999543541,0.0,0.0,200.0
87,I3,N3,0.0,0.0,4.6173879641246463e-07,200.0,199.9999995382612,0.0,0.0,200.0
87,I3,N4,0.0,0.0,4.5518586780674904e-07,200.0,199.99999954481413,0.0,0.0,200.0
87,I3,N5,0.0,0.0,4.5600262015166097e-07,200.0,199.99999954399738,0.0,0.0,200.0
87,I3,N6,0.0,0.0,4.730253833262124e-07,121.36526707414026,121.36526660111488,0.0,0.0,121.36595580089352
87,I3,N7,0.0,0.0,4.5582725658002193e-07,200.0,199.99999954417274,0.0,0.0,200.0
87,I3,N8,0.0,0.0,0.0,0.0,0.0,8.787158816923027,0.0,0.0
87,I3,N9,0.0,0.0,4.6172549658960583e-07,200.0,199.9999995382745,0.0,0.0,200.0
87,I4,N1,0.0,0.0,1.5803560259652116e-06,200.0,199.999998419644,0.0,0.0,200.0
87,I4,N2,0.0,0.0,1.5764197936511642e-06,200.0,199.9999984235802,0.0,0.0,200.0
87,I4,N3,0.0,0.0,1.3435059745648164e-06,200.0,199.99999865649403,0.0,0.0,200.0
87,I4,N4,0.0,0.0,1.5780325238146965e-06,200.0,199.9999984219675,0.0,0.0,200.0
87,I4,N5,0.0,0.0,1.5759668317464337e-06,200.0,199.99999842403318,0.0,0.0,200.0
87,I4,N6,0.0,0.0,1.284145675962407e-06,121.36526707414026,121.36526578999458,0.0,0.0,121.36595580089352
87,I4,N7,0.0,0.0,1.1819962282397744e-06,200.0,199.99999881800377,0.0,0.0,200.0
87,I4,N8,0.0,0.0,0.0,0.0,0.0,30.685022540754908,0.0,0.0
87,I4,N9,0.0,0.0,1.3478941035811478e-06,200.0,199.9999986521059,0.0,0.0,200.0
88,I1,N1,0.0,0.0,6.092128356260115e-07,200.0,199.99999939078717,-1.0434499897060531e-08,-2.086899973055275e-06,200.0
88,I1,N2,0.0,0.0,6.092038868189116e-07,200.0,199.99999939079612,-1.0434347183832979e-08,-2.086869430409951e-06,200.0
88,I1,N3,0.0,0.0,6.091758637047113e-07,200.0,199.99999939082414,-1.0433907030850073e-08,-2.08678139981393e-06,200.0
88,I1,N4,0.0,0.0,6.092111843226361e-07,200.0,199.99999939078882,-1.043447201830427e-08,-2.086894397304057e-06,200.0
88,I1,N5,0.0,0.0,6.092114619357558e-07,200.0,199.99999939078853,-1.0434479508314447e-08,-2.086895895306085e-06,200.0
88,I1,N6,0.0,0.0,6.091519550029025e-07,121.36595580089352,121.36595519174156,-1.004999625096025e-08,-1.2197273946712124e-06,121.36640733598948
88,I1,N7,0.0,0.0,6.092101604011993e-07,200.0,199.99999939078984,-1.0434436755670821e-08,-2.0868873447773993e-06,200.0
88,I1,N8,130.20245172966565,418.66428949153084,130.2024530262904,130.20245172988382,0.0,21.06937376114083,0.0,0.0
88,I1,N9,0.0,0.0,6.091769711635964e-07,200.0,199.99999939082304,-1.0433926439294963e-08,-2.0867852815028847e-06,200.0
88,I2,N1,0.0,0.0,2.5440451986830563e-07,200.0,199.9999997455955,0.0,0.0,200.0
88,I2,N2,0.0,0.0,2.544192324395399e-07,200.0,199.99999974558077,0.0,0.0,200.0
88,I2,N3,0.0,0.0,2.546632523228684e-07,200.0,199.99999974533674,0.0,0.0,200.0
88,I2,N4,0.0,0.0,2.543329745564962e-07,200.0,199.99999974566703,0.0,0.0,200.0
88,I2,N5,0.0,0.0,2.5431552274834945e-07,200.0,199.99999974568448,0.0,0.0,200.0
88,I2,N6,78.63359266401052,201.03952347638122,78.63223805872265,200.0,121.36776194127735,0.0,0.0,121.36640733598948
88,I2,N7,0.0,0.0,2.5441185025550167e-07,200.0,199.99999974558816,0.0,0.0,200.0
88,I2,N8,69.79754827033436,202.99017790752876,69.79754896642072,69.79754827011615,0.0,54.40702970324699,0.0,0.0
88,I2,N9,0.0,0.0,2.5471898421240046e-07,200.0,199.999999745281,0.0,0.0,200.0
88,I3,N1,0.0,0.0,5.915220533194944e-07,200.0,199.99999940847795,0.0,0.0,200.0
88,I3,N2,0.0,0.0,5.916868858494293e-07,200.0,199.9999994083131,0.0,0.0,200.0
88,I3,N3,0.0,0.0,5.91549243463438e-07,200.0,199.99999940845075,0.0,0.0,200.0
88,I3,N4,0.0,0.0,5.915208771009439e-07,200.0,199.9999994084791,0.0,0.0,200.0
88,I3,N5,0.0,0.0,5.915214308445161e-07,200.0,199.99999940847857,0.0,0.0,200.0
88,I3,N6,0.0,0.0,5.916154883524548e-07,121.36595580089352,121.36595520927803,0.0,0.0,121.36640733598948
88,I3,N7,0.0,0.0,5.915275313776426e-07,200.0,199.99999940847246,0.0,0.0,200.0
88,I3,N8,0.0,0.0,0.0,0.0,0.0,8.744101609976333,0.0,0.0
88,I3,N9,0.0,0.0,5.915511808401509e-07,200.0,199.99999940844882,0.0,0.0,200.0
88,I4,N1,0.0,0.0,1.6266680336285971e-06,200.0,199.99999837333198,0.0,0.0,200.0
88,I4,N2,0.0,0.0,1.6287173528971682e-06,200.0,199.99999837128266,0.0,0.0,200.0
88,I4,N3,0.0,0.0,1.6265734547994537e-06,200.0,199.99999837342654,0.0,0.0,200.0
88,I4,N4,0.0,0.0,1.62667002931054e-06,200.0,199.99999837332996,0.0,0.0,200.0
88,I4,N5,0.0,0.0,1.6266742387412853e-06,200.0,199.99999837332575,0.0,0.0,200.0
88,I4,N6,0.0,0.0,1.628376903185144e-06,121.36595580089352,121.36595417251661,0.0,0.0,121.36640733598948
88,I4,N7,0.0,0.0,1.6266961472731835e-06,200.0,199.99999837330384,0.0,0.0,200.0
88,I4,N8,0.0,0.0,0.0,0.0,0.0,30.685234344891168,0.0,0.0
88,I4,N9,0.0,0.0,1.6254128595914898e-06,200.0,199.99999837458714,0.0,0.0,200.0
89,I1,N1,0.0,0.0,8.620416029588931e-06,200.0,199.99999137958397,1.2014808129882352e-08,2.4029615224038256e-06,200.0
89,I1,N2,0.0,0.0,8.619812307009216e-06,200.0,199.99999138018768,1.2015999686493995e-08,2.403199833723137e-06,200.0
89,I1,N3,0.0,0.0,8.629245422078203e-06,200.0,199.99999137075457,1.1994518153708466e-08,2.3989035272380525e-06,200.0
89,I1,N4,0.0,0.0,8.620397297036933e-06,200.0,199.9999913796027,1.2014845464355261e-08,2.4029689892983108e-06,200.0
89,I1,N5,0.0,0.0,8.619850626148566e-06,200.0,199.99999138014937,1.2015920180727687e-08,2.4031839325701e-06,200.0
89,I1,N6,0.0,0.0,8.61910646469189e-06,121.36640733598948,121.36639871688301,1.97977351793147e-08,2.402779821463969e-06,121.36672166452273
89,I1,N7,0.0,0.0,8.619829727821724e-06,200.0,199.9999913801703,1.2015966695479381e-08,2.4031932355202894e-06,200.0
89,I1,N8,130.2024517192392,418.68287016653704,130.2024529082718,130.20245172966565,0.0,19.46325875236592,0.0,0.0
89,I1,N9,0.0,0.0,5.976427674330541e-06,200.0,199.99999402357233,1.2038144916966907e-08,2.407628911448279e-06,200.0
89,I2,N1,0.0,0.0,2.748898999870768e-07,200.0,199.9999997251101,0.0,0.0,200.0
89,I2,N2,0.0,0.0,2.751853811722184e-07,200.0,199.99999972481461,0.0,0.0,200.0
89,I2,N3,0.0,0.0,2.7474536225509245e-07,200.0,199.99999972525464,0.0,0.0,200.0
89,I2,N4,0.0,0.0,2.751756942398608e-07,200.0,199.9999997248243,0.0,0.0,200.0
89,I2,N5,0.0,0.0,2.7517550334516074e-07,200.0,199.9999997248245,0.0,0.0,200.0
89,I2,N6,78.63327833547727,210.6805358953718,78.6323353498775,200.0,121.3676646501225,0.0,0.0,121.36672166452273
89,I2,N7,0.0,0.0,2.751854338293427e-07,200.0,199.99999972481456,0.0,0.0,200.0
89,I2,N8,69.7975482807608,208.66410196904963,69.79754896621193,69.79754827033435,0.0,43.333524107693556,0.0,0.0
89,I2,N9,0.0,0.0,2.747749063241536e-07,200.0,199.99999972522508,0.0,0.0,200.0
89,I3,N1,0.0,0.0,3.153093633870937e-07,200.0,199.99999968469064,0.0,0.0,200.0
89,I3,N2,0.0,0.0,3.261179296171379e-07,200.0,199.99999967388206,0.0,0.0,200.0
89,I3,N3,0.0,0.0,3.1035652063228496e-07,200.0,199.9999996896435,0.0,0.0,200.0
89,I3,N4,0.0,0.0,3.144989421360021e-07,200.0,199.99999968550105,0.0,0.0,200.0
89,I3,N5,0.0,0.0,3.1060038366815113e-07,200.0,199.99999968939963,0.0,0.0,200.0
89,I3,N6,0.0,0.0,3.10183922855022e-07,121.36640733598948,121.36640702580556,0.0,0.0,121.36672166452273
89,I3,N7,0.0,0.0,3.123573398310607e-07,200.0,199.99999968764266,0.0,0.0,200.0
89,I3,N8,0.0,0.0,0.0,0.0,0.0,8.786996907472735,0.0,0.0
89,I3,N9,0.0,0.0,3.10336902139968e-07,200.0,199.9999996896631,0.0,0.0,200.0
89,I4,N1,0.0,0.0,1.1451672622524373e-06,200.0,199.99999885483274,0.0,0.0,200.0
89,I4,N2,0.0,0.0,1.1500135061050372e-06,200.0,199.9999988499865,0.0,0.0,200.0
89,I4,N3,0.0,0.0,1.2590045121643839e-06,200.0,199.9999987409955,0.0,0.0,200.0
89,I4,N4,0.0,0.0,1.1451412024161384e-06,200.0,199.9999988548588,0.0,0.0,200.0
89,I4,N5,0.0,0.0,1.1448624477258955e-06,200.0,199.99999885513756,0.0,0.0,200.0
89,I4,N6,0.0,0.0,1.244605227810004e-06,121.36640733598948,121.36640609138425,0.0,0.0,121.36672166452273
89,I4,N7,0.0,0.0,1.1508411709686179e-06,200.0,199.99999884915883,0.0,0.0,200.0
89,I4,N8,0.0,0.0,0.0,0.0,0.0,30.68452097108013,0.0,0.0
89,I4,N9,0.0,0.0,1.2504550310392845e-06,200.0,199.99999874954497,0.0,0.0,200.0
90,I1,N1,0.0,0.0,3.9728691544017746e-07,200.0,199.99999960271307,0.0,0.0,200.0
90,I1,N2,0.0,0.0,3.972978083204549e-07,200.0,199.9999996027022,0.0,0.0,200.0
90,I1,N3,0.0,0.0,3.9730155405004664e-07,200.0,199.99999960269844,0.0,0.0,200.0
90,I1,N4,0.0,0.0,3.972869084667969e-07,200.0,199.9999996027131,0.0,0.0,200.0
90,I1,N5,0.0,0.0,3.9729543779766825e-07,200.0,199.99999960270455,0.0,0.0,200.0
90,I1,N6,0.0,0.0,3.9730343952152917e-07,121.36672166452273,121.36672126721929,0.0,0.0,121.36693177233037
90,I1,N7,0.0,0.0,3.97297811565016e-07,200.0,199.9999996027022,0.0,0.0,200.0
90,I1,N8,130.20245171901163,409.5995167204089,130.20245301478903,130.2024517192392,0.0,18.281329945716635,0.0,0.0
90,I1,N9,0.0,0.0,3.973015256214427e-07,200.0,199.99999960269847,0.0,0.0,200.0
90,I2,N1,0.0,0.0,4.272945484537909e-07,200.0,199.99999957270546,0.0,0.0,200.0
90,I2,N2,0.0,0.0,4.2902466363400923e-07,200.0,199.99999957097535,0.0,0.0,200.0
90,I2,N3,0.0,0.0,4.343359786508948e-07,200.0,199.999999565664,0.0,0.0,200.0
90,I2,N4,0.0,0.0,4.275172005848185e-07,200.0,199.9999995724828,0.0,0.0,200.0
90,I2,N5,0.0,0.0,4.263220311118323e-07,200.0,199.99999957367797,0.0,0.0,200.0
90,I2,N6,78.63306822766963,217.91083630645494,78.63243790424666,200.0,121.36756209575334,0.0,0.0,121.36693177233037
90,I2,N7,0.0,0.0,4.2924227217322854e-07,200.0,199.99999957075772,0.0,0.0,200.0
90,I2,N8,69.79754828098835,212.91956684240068,69.79754897666363,69.7975482807608,0.0,43.86142397105085,0.0,0.0
90,I2,N9,0.0,0.0,4.3745424327449466e-07,200.0,199.99999956254575,0.0,0.0,200.0
90,I3,N1,0.0,0.0,3.4817499260225935e-07,200.0,199.99999965182502,0.0,0.0,200.0
90,I3,N2,0.0,0.0,3.4756177652176346e-07,200.0,199.99999965243822,0.0,0.0,200.0
90,I3,N3,0.0,0.0,3.49595487980607e-07,200.0,199.9999996504045,0.0,0.0,200.0
90,I3,N4,0.0,0.0,3.4818065674395474e-07,200.0,199.99999965181934,0.0,0.0,200.0
90,I3,N5,0.0,0.0,3.477686343484029e-07,200.0,199.99999965223137,0.0,0.0,200.0
90,I3,N6,0.0,0.0,3.524466756629499e-07,121.36672166452273,121.36672131207605,0.0,0.0,121.36693177233037
90,I3,N7,0.0,0.0,3.475676046659003e-07,200.0,199.9999996524324,0.0,0.0,200.0
90,I3,N8,0.0,0.0,0.0,0.0,0.0,8.787045181628116,0.0,0.0
90,I3,N9,0.0,0.0,3.6019488820746277e-07,200.0,199.9999996398051,0.0,0.0,200.0
90,I4,N1,0.0,0.0,1.135119437279664e-06,200.0,199.99999886488055,0.0,0.0,200.0
90,I4,N2,0.0,0.0,1.6552041557577817e-06,200.0,199.99999834479584,0.0,0.0,200.0
90,I4,N3,0.0,0.0,1.1255380667359538e-06,200.0,199.99999887446194,0.0,0.0,200.0
90,I4,N4,0.0,0.0,1.1351327265210835e-06,200.0,199.99999886486728,0.0,0.0,200.0
90,I4,N5,0.0,0.0,1.1471501388443175e-06,200.0,199.99999885284987,0.0,0.0,200.0
90,I4,N6,0.0,0.0,1.1260220935261679e-06,121.36672166452273,121.36672053850063,0.0,0.0,121.36693177233037
90,I4,N7,0.0,0.0,1.6426184994878512e-06,200.0,199.99999835738151,0.0,0.0,200.0
90,I4,N8,0.0,0.0,0.0,0.0,0.0,30.684501229137755,0.0,0.0
90,I4,N9,0.0,0.0,1.1263133931370039e-06,200.0,199.9999988736866,0.0,0.0,200.0
91,I1,N1,0.0,0.0,8.642451643412844e-06,200.0,199.99999135754837,1.1989385729899816e-08,2.3978770423622767e-06,200.0
91,I1,N2,0.0,0.0,8.645281365039047e-06,200.0,199.99999135471865,1.1988097080685444e-08,2.3976193124966166e-06,200.0
91,I1,N3,0.0,0.0,1.1519351957333469e-05,200.0,199.99998848064806,1.200064482268569e-08,2.4001288262974867e-06,200.0
91,I1,N4,0.0,0.0,8.642525361605593e-06,200.0,199.99999135747464,1.1989386628077173e-08,2.3978772219968568e-06,200.0
91,I1,N5,0.0,0.0,8.643072531726446e-06,200.0,199.99999135692747,1.1989424927479743e-08,2.3978848818704793e-06,200.0
91,I1,N6,0.0,0.0,8.7166567146325e-06,121.36693177233037,121.36692305567367,1.9773278896290465e-08,2.399822018364461e-06,121.36702590174238
91,I1,N7,0.0,0.0,8.661011623016059e-06,200.0,199.99999133898837,1.198951224446382e-08,2.397902345051459e-06,200.0
91,I1,N8,130.20245170766285,411.88482669169224,130.20245288708978,130.20245171901166,0.0,17.93347156394451,0.0,0.0
91,I1,N9,0.0,0.0,2.766884169167897e-06,200.0,199.99999723311583,1.1987403443524253e-08,2.397480655537094e-06,200.0
91,I2,N1,0.0,0.0,3.9272295303306637e-07,200.0,199.99999960727703,0.0,0.0,200.0
91,I2,N2,0.0,0.0,3.952085817157713e-07,200.0,199.9999996047914,0.0,0.0,200.0
91,I2,N3,0.0,0.0,2.3301040199179934e-07,200.0,199.9999997669896,0.0,0.0,200.0
91,I2,N4,0.0,0.0,3.929249296179984e-07,200.0,199.99999960707507,0.0,0.0,200.0
91,I2,N5,0.0,0.0,3.9599293701099597e-07,200.0,199.99999960400706,0.0,0.0,200.0
91,I2,N6,78.63297409825762,223.3332643303394,78.63269171002165,200.0,121.36730828997835,0.0,0.0,121.36702590174238
91,I2,N7,0.0,0.0,3.954335005699014e-07,200.0,199.9999996045665,0.0,0.0,200.0
91,I2,N8,69.79754829233715,216.111211062184,69.79754897688939,69.79754828098837,0.0,43.823174812592534,0.0,0.0
91,I2,N9,0.0,0.0,3.505835028197485e-07,200.0,199.9999996494165,0.0,0.0,200.0
91,I3,N1,0.0,0.0,4.128113706679599e-07,200.0,199.99999958718863,0.0,0.0,200.0
91,I3,N2,0.0,0.0,3.324693180445273e-07,200.0,199.9999996675307,0.0,0.0,200.0
91,I3,N3,0.0,0.0,3.3612757596074746e-07,200.0,199.99999966387242,0.0,0.0,200.0
91,I3,N4,0.0,0.0,4.0608441048083504e-07,200.0,199.9999995939156,0.0,0.0,200.0
91,I3,N5,0.0,0.0,3.4191742750514887e-07,200.0,199.99999965808257,0.0,0.0,200.0
91,I3,N6,0.0,0.0,3.1868476940042517e-07,121.36693177233037,121.3669314536456,0.0,0.0,121.36702590174238
91,I3,N7,0.0,0.0,3.2587924083157904e-07,200.0,199.99999967412077,0.0,0.0,200.0
91,I3,N8,0.0,0.0,0.0,0.0,0.0,8.787033676119746,0.0,0.0
91,I3,N9,0.0,0.0,3.589744785180462e-07,200.0,199.9999996410255,0.0,0.0,200.0
91,I4,N1,0.0,0.0,2.453107728070844e-05,200.0,199.9999754689227,8.22018328075718e-08,1.6440364545014847e-05,200.0
91,I4,N2,0.0,0.0,2.457905998469076e-05,200.0,199.99997542094002,9.161443583631767e-08,1.832288491546682e-05,200.0
91,I4,N3,0.0,0.0,2.444224395566498e-05,200.0,199.99997555775604,6.976698377276914e-08,1.3953395049292192e-05,200.0
91,I4,N4,0.0,0.0,2.4438225172982692e-05,200.0,199.99997556177482,8.918072716343217e-08,1.783614325326774e-05,200.0
91,I4,N5,0.0,0.0,2.456697505829463e-05,200.0,199.99997543302493,8.184434401301795e-08,1.636886679193563e-05,200.0
91,I4,N6,0.0,0.0,2.4137204139565887e-05,121.36693177233037,121.36690763512624,8.441002791892356e-08,1.0244584061914424e-05,121.36702590174238
91,I4,N7,0.0,0.0,2.5124769825190043e-05,200.0,199.99997487523018,1.0462991606057283e-07,2.092598058331201e-05,200.0
91,I4,N8,0.0,0.0,0.0,0.0,0.0,622.7691991371622,0.0,0.0
91,I4,N9,0.0,0.0,2.4219776203597802e-05,200.0,199.9999757802238,8.842789334559209e-08,1.768557652741463e-05,200.0
92,I1,N1,0.0,0.0,9.750044897240642e-06,200.0,199.9999902499551,1.1693656682657136e-08,2.3387312225177494e-06,200.0
92,I1,N2,0.0,0.0,9.750044396859046e-06,200.0,199.9999902499556,1.1693656562995796e-08,2.3387311985854887e-06,200.0
92,I1,N3,0.0,0.0,9.749526510671854e-06,200.0,199.9999902504735,1.1693753605051792e-08,2.338750607001798e-06,200.0
92,I1,N4,0.0,0.0,9.750044897300323e-06,200.0,199.9999902499551,1.1693656682648436e-08,2.338731222516009e-06,200.0
92,I1,N5,0.0,0.0,9.750044735043764e-06,200.0,199.99999024995526,1.169365662941669e-08,2.3387312118696627e-06,200.0
92,I1,N6,0.0,0.0,9.749533419786783e-06,121.36702590174238,121.36701615220896,1.947536280274872e-08,2.363666671851333e-06,121.36701328880598
92,I1,N7,0.0,0.0,9.75004439590606e-06,200.0,199.9999902499556,1.1693656563069789e-08,2.338731198600287e-06,200.0
92,I1,N8,130.20245169619974,413.5985489920973,130.2024528743668,130.20245170766285,0.0,17.751359710506247,0.0,0.0
92,I1,N9,0.0,0.0,9.749526510730265e-06,200.0,199.9999902504735,1.1693753605043596e-08,2.3387506070001584e-06,200.0
92,I2,N1,0.0,0.0,3.785332197962928e-07,200.0,199.99999962146677,0.0,0.0,200.0
92,I2,N2,0.0,0.0,3.785560747302685e-07,200.0,199.99999962144392,0.0,0.0,200.0
92,I2,N3,0.0,0.0,3.785987551157573e-07,200.0,199.99999962140126,0.0,0.0,200.0
92,I2,N4,0.0,0.0,3.735485511842107e-07,200.0,199.99999962645146,0.0,0.0,200.0
92,I2,N5,0.0,0.0,3.785420912968569e-07,200.0,199.9999996214579,0.0,0.0,200.0
92,I2,N6,78.63298671119402,232.5287738705938,78.63302455000321,200.0,121.36697544999679,0.0,0.0,121.36701328880598
92,I2,N7,0.0,0.0,3.785589370883451e-07,200.0,199.99999962144105,0.0,0.0,200.0
92,I2,N8,69.79754830380026,218.50499397727205,69.79754898820396,69.79754829233715,0.0,43.11197048013982,0.0,0.0
92,I2,N9,0.0,0.0,3.785985448824654e-07,200.0,199.99999962140146,0.0,0.0,200.0
92,I3,N1,0.0,0.0,4.053554996469824e-07,200.0,199.9999995946445,0.0,0.0,200.0
92,I3,N2,0.0,0.0,4.249711729334118e-07,200.0,199.99999957502882,0.0,0.0,200.0
92,I3,N3,0.0,0.0,4.3437722382440037e-07,200.0,199.99999956562277,0.0,0.0,200.0
92,I3,N4,0.0,0.0,4.0554356344898837e-07,200.0,199.99999959445643,0.0,0.0,200.0
92,I3,N5,0.0,0.0,4.089888941107542e-07,200.0,199.99999959101112,0.0,0.0,200.0
92,I3,N6,0.0,0.0,4.1433528652403037e-07,121.36702590174238,121.36702548740709,0.0,0.0,121.36701328880598
92,I3,N7,0.0,0.0,4.282211142198308e-07,200.0,199.9999995717789,0.0,0.0,200.0
92,I3,N8,0.0,0.0,0.0,0.0,0.0,8.787117959594674,0.0,0.0
92,I3,N9,0.0,0.0,4.348708684737546e-07,200.0,199.99999956512914,0.0,0.0,200.0
92,I4,N1,0.0,0.0,1.147764042686643e-06,200.0,199.99999885223596,0.0,0.0,200.0
92,I4,N2,0.0,0.0,1.115728951273393e-06,200.0,199.99999888427104,0.0,0.0,200.0
92,I4,N3,0.0,0.0,1.115689061475288e-06,200.0,199.99999888431094,0.0,0.0,200.0
92,I4,N4,0.0,0.0,1.3381654329444518e-06,200.0,199.99999866183455,0.0,0.0,200.0
92,I4,N5,0.0,0.0,1.1158070344013158e-06,200.0,199.99999888419296,0.0,0.0,200.0
92,I4,N6,0.0,0.0,1.1156894710871571e-06,121.36702590174238,121.36702478605291,0.0,0.0,121.36701328880598
92,I4,N7,0.0,0.0,1.1157156072629194e-06,200.0,199.9999988842844,0.0,0.0,200.0
92,I4,N8,0.0,0.0,0.0,0.0,0.0,30.688573514675397,0.0,0.0
92,I4,N9,0.0,0.0,1.1156890616561958e-06,200.0,199.99999888431094,0.0,0.0,200.0
93,I1,N1,0.0,0.0,3.9838896886500754e-07,200.0,199.99999960161102,0.0,0.0,200.0
93,I1,N2,0.0,0.0,3.9838956557182127e-07,200.0,199.99999960161043,0.0,0.0,200.0
93,I1,N3,0.0,0.0,3.9839286869156914e-07,200.0,199.99999960160713,0.0,0.0,200.0
93,I1,N4,0.0,0.0,3.9838895770392306e-07,200.0,199.99999960161105,0.0,0.0,200.0
93,I1,N5,0.0,0.0,3.9838906481286015e-07,200.0,199.99999960161094,0.0,0.0,200.0
93,I1,N6,0.0,0.0,3.983937226683325e-07,121.36701328880598,121.36701289041225,0.0,0.0,121.36692545391257
93,I1,N7,0.0,0.0,3.9838952510590234e-07,200.0,199.99999960161048,0.0,0.0,200.0
93,I1,N8,130.20245169595128,414.88327541232485,130.20245299140893,130.20245169619974,0.0,17.367572923223758,0.0,0.0
93,I1,N9,0.0,0.0,3.983928623578537e-07,200.0,199.99999960160713,0.0,0.0,200.0
93,I2,N1,0.0,0.0,3.2603392239185507e-07,200.0,199.99999967396607,0.0,0.0,200.0
93,I2,N2,0.0,0.0,3.2603498895842906e-07,200.0,199.99999967396502,0.0,0.0,200.0
93,I2,N3,0.0,0.0,3.260372134507181e-07,200.0,199.99999967396278,0.0,0.0,200.0
93,I2,N4,0.0,0.0,3.260339214368993e-07,200.0,199.99999967396607,0.0,0.0,200.0
93,I2,N5,0.0,0.0,3.2603428988684906e-07,200.0,199.9999996739657,0.0,0.0,200.0
93,I2,N6,78.63307454608743,239.42571788200104,78.63333805076763,200.0,121.36666194923237,0.0,0.0,121.36692545391257
93,I2,N7,0.0,0.0,3.2603498888114625e-07,200.0,199.99999967396502,0.0,0.0,200.0
93,I2,N8,69.79754830404872,220.30039963755914,69.79754899964882,69.79754830380026,0.0,42.74224301102596,0.0,0.0
93,I2,N9,0.0,0.0,3.260379834858418e-07,200.0,199.999999673962,0.0,0.0,200.0
93,I3,N1,0.0,0.0,2.9887833998920806e-07,200.0,199.99999970112165,0.0,0.0,200.0
93,I3,N2,0.0,0.0,2.9970313371800294e-07,200.0,199.99999970029685,0.0,0.0,200.0
93,I3,N3,0.0,0.0,3.96245449656144e-07,200.0,199.99999960375456,0.0,0.0,200.0
93,I3,N4,0.0,0.0,2.988798395661255e-07,200.0,199.99999970112017,0.0,0.0,200.0
93,I3,N5,0.0,0.0,2.990040798761645e-07,200.0,199.99999970099591,0.0,0.0,200.0
93,I3,N6,0.0,0.0,3.2279348685114237e-07,121.36701328880598,121.3670129660125,0.0,0.0,121.36692545391257
93,I3,N7,0.0,0.0,2.9970851229712786e-07,200.0,199.99999970029148,0.0,0.0,200.0
93,I3,N8,0.0,0.0,0.0,0.0,0.0,8.787478937685492,0.0,0.0
93,I3,N9,0.0,0.0,3.9118895068616387e-07,200.0,199.99999960881104,0.0,0.0,200.0
93,I4,N1,0.0,0.0,1.3496880944987584e-06,200.0,199.9999986503119,0.0,0.0,200.0
93,I4,N2,0.0,0.0,1.2675386278020618e-06,200.0,199.99999873246136,0.0,0.0,200.0
93,I4,N3,0.0,0.0,1.5127438119085239e-06,200.0,199.9999984872562,0.0,0.0,200.0
93,I4,N4,0.0,0.0,1.3670643183220357e-06,200.0,199.99999863293567,0.0,0.0,200.0
93,I4,N5,0.0,0.0,1.3354095133315074e-06,200.0,199.9999986645905,0.0,0.0,200.0
93,I4,N6,0.0,0.0,1.2337676398410607e-06,121.36701328880598,121.36701205503834,0.0,0.0,121.36692545391257
93,I4,N7,0.0,0.0,1.267710809778248e-06,200.0,199.99999873228919,0.0,0.0,200.0
93,I4,N8,0.0,0.0,0.0,0.0,0.0,30.686815215377916,0.0,0.0
93,I4,N9,0.0,0.0,1.3477008939251268e-06,200.0,199.9999986522991,0.0,0.0,200.0
94,I1,N1,0.0,0.0,7.150747591495799e-07,200.0,199.99999928492525,0.0,0.0,200.0
94,I1,N2,0.0,0.0,7.171488736376966e-07,200.0,199.99999928285112,0.0,0.0,200.0
94,I1,N3,0.0,0.0,7.154544564027953e-07,200.0,199.99999928454554,0.0,0.0,200.0
94,I1,N4,0.0,0.0,7.152897050434714e-07,200.0,199.9999992847103,0.0,0.0,200.0
94,I1,N5,0.0,0.0,7.160556649935357e-07,200.0,199.99999928394433,0.0,0.0,200.0
94,I1,N6,0.0,0.0,7.16384361263689e-07,121.36692545391257,121.36692473752821,0.0,0.0,121.3667833540154
94,I1,N7,0.0,0.0,7.025028537414805e-07,200.0,199.99999929749714,0.0,0.0,200.0
94,I1,N8,130.20245169569654,415.84651058960605,130.20245299103632,130.20245169595128,0.0,17.056866286366837,0.0,0.0
94,I1,N9,0.0,0.0,7.156232174457652e-07,200.0,199.99999928437677,0.0,0.0,200.0
94,I2,N1,0.0,0.0,4.209975330433114e-07,200.0,199.99999957900246,0.0,0.0,200.0
94,I2,N2,0.0,0.0,4.209579392404941e-07,200.0,199.99999957904205,0.0,0.0,200.0
94,I2,N3,0.0,0.0,4.210200513906535e-07,200.0,199.99999957897995,0.0,0.0,200.0
94,I2,N4,0.0,0.0,4.2099759202782326e-07,200.0,199.9999995790024,0.0,0.0,200.0
94,I2,N5,0.0,0.0,4.209927542701008e-07,200.0,199.99999957900724,0.0,0.0,200.0
94,I2,N6,78.6332166459846,239.47074067504843,78.63364294567613,200.0,121.36635705432387,0.0,0.0,121.3667833540154
94,I2,N7,0.0,0.0,4.2095796351620025e-07,200.0,199.99999957904203,0.0,0.0,200.0
94,I2,N8,69.79754830430348,221.6470267274221,69.79754899986946,69.79754830404872,0.0,42.190404996348654,0.0,0.0
94,I2,N9,0.0,0.0,4.210240550133584e-07,200.0,199.99999957897595,0.0,0.0,200.0
94,I3,N1,0.0,0.0,4.397211533939045e-07,200.0,199.99999956027884,0.0,0.0,200.0
94,I3,N2,0.0,0.0,4.387795337473784e-07,200.0,199.99999956122048,0.0,0.0,200.0
94,I3,N3,0.0,0.0,4.3512513195261965e-07,200.0,199.99999956487486,0.0,0.0,200.0
94,I3,N4,0.0,0.0,4.3965182801502717e-07,200.0,199.99999956034816,0.0,0.0,200.0
94,I3,N5,0.0,0.0,4.3930503684060886e-07,200.0,199.99999956069496,0.0,0.0,200.0
94,I3,N6,0.0,0.0,4.3438381365484717e-07,121.36692545391257,121.36692501952876,0.0,0.0,121.3667833540154
94,I3,N7,0.0,0.0,4.477346048686716e-07,200.0,199.9999995522654,0.0,0.0,200.0
94,I3,N8,0.0,0.0,0.0,0.0,0.0,8.786915924572051,0.0,0.0
94,I3,N9,0.0,0.0,4.3513003051494225e-07,200.0,199.99999956486997,0.0,0.0,200.0
94,I4,N1,0.0,0.0,1.680097790175194e-06,200.0,199.9999983199022,0.0,0.0,200.0
94,I4,N2,0.0,0.0,1.6799562009997906e-06,200.0,199.9999983200438,0.0,0.0,200.0
94,I4,N3,0.0,0.0,1.628860245726767e-06,200.0,199.99999837113975,0.0,0.0,200.0
94,I4,N4,0.0,0.0,1.6801004274210205e-06,200.0,199.99999831989956,0.0,0.0,200.0
94,I4,N5,0.0,0.0,1.6800851263402638e-06,200.0,199.99999831991488,0.0,0.0,200.0
94,I4,N6,0.0,0.0,1.5351564236386081e-06,121.36692545391257,121.36692391875614,0.0,0.0,121.3667833540154
94,I4,N7,0.0,0.0,1.6364013097069654e-06,200.0,199.99999836359868,0.0,0.0,200.0
94,I4,N8,0.0,0.0,0.0,0.0,0.0,30.684429525839207,0.0,0.0
94,I4,N9,0.0,0.0,1.6290573937004915e-06,200.0,199.99999837094262,0.0,0.0,200.0
95,I1,N1,0.0,0.0,6.149766275012713e-07,200.0,199.9999993850234,0.0,0.0,200.0
95,I1,N2,0.0,0.0,6.143495635263106e-07,200.0,199.99999938565043,0.0,0.0,200.0
95,I1,N3,0.0,0.0,6.162527933705558e-07,200.0,199.9999993837472,0.0,0.0,200.0
95,I1,N4,0.0,0.0,6.149748769282407e-07,200.0,199.99999938502512,0.0,0.0,200.0
95,I1,N5,0.0,0.0,6.15582373116698e-07,200.0,199.99999938441763,0.0,0.0,200.0
95,I1,N6,0.0,0.0,6.173158322181377e-07,121.3667833540154,121.36678273669956,0.0,0.0,121.36665831496893
95,I1,N7,0.0,0.0,6.033487043088809e-07,200.0,199.9999993966513,0.0,0.0,200.0
95,I1,N8,130.20245169543605,416.5694627543487,130.20245299070265,130.20245169569654,0.0,16.86509361926998,0.0,0.0
95,I1,N9,0.0,0.0,6.162573639304587e-07,200.0,199.99999938374265,0.0,0.0,200.0
95,I2,N1,0.0,0.0,2.750587362166658e-07,200.0,199.99999972494126,0.0,0.0,200.0
95,I2,N2,0.0,0.0,2.7389209536848755e-07,200.0,199.99999972610792,0.0,0.0,200.0
95,I2,N3,0.0,0.0,2.7217624417322107e-07,200.0,199.99999972782376,0.0,0.0,200.0
95,I2,N4,0.0,0.0,2.749548820483986e-07,200.0,199.99999972504511,0.0,0.0,200.0
95,I2,N5,0.0,0.0,2.7474253769963e-07,200.0,199.99999972525745,0.0,0.0,200.0
95,I2,N6,78.63334168503107,244.63265000695884,78.63371680217044,200.0,121.36628319782956,0.0,0.0,121.36665831496893
95,I2,N7,0.0,0.0,2.7359353085771615e-07,200.0,199.99999972640646,0.0,0.0,200.0
95,I2,N8,69.79754830456396,222.65701193953248,69.79754900011712,69.79754830430346,0.0,42.05211940913813,0.0,0.0
95,I2,N9,0.0,0.0,2.780957871803022e-07,200.0,199.9999997219042,0.0,0.0,200.0
95,I3,N1,0.0,0.0,4.465988539879633e-07,200.0,199.99999955340115,0.0,0.0,200.0
95,I3,N2,0.0,0.0,4.317654478445671e-07,200.0,199.99999956823456,0.0,0.0,200.0
95,I3,N3,0.0,0.0,4.47612424793088e-07,200.0,199.99999955238758,0.0,0.0,200.0
95,I3,N4,0.0,0.0,4.461973450972124e-07,200.0,199.99999955380267,0.0,0.0,200.0
95,I3,N5,0.0,0.0,4.45045304048803e-07,200.0,199.99999955495468,0.0,0.0,200.0
95,I3,N6,0.0,0.0,4.465126743961395e-07,121.3667833540154,121.36678290750272,0.0,0.0,121.36665831496893
95,I3,N7,0.0,0.0,4.421109747280364e-07,200.0,199.99999955788903,0.0,0.0,200.0
95,I3,N8,0.0,0.0,0.0,0.0,0.0,8.787123908866,0.0,0.0
95,I3,N9,0.0,0.0,4.4759959026329093e-07,200.0,199.9999995524004,0.0,0.0,200.0
95,I4,N1,0.0,0.0,1.294387362464429e-06,200.0,199.99999870561263,0.0,0.0,200.0
95,I4,N2,0.0,0.0,1.2941320231596522e-06,200.0,199.99999870586797,0.0,0.0,200.0
95,I4,N3,0.0,0.0,1.330887686573878e-06,200.0,199.9999986691123,0.0,0.0,200.0
95,I4,N4,0.0,0.0,1.2944115271565542e-06,200.0,199.99999870558847,0.0,0.0,200.0
95,I4,N5,0.0,0.0,1.2941266179705868e-06,200.0,199.9999987058734,0.0,0.0,200.0
95,I4,N6,0.0,0.0,1.3525807199412876e-06,121.3667833540154,121.36678200143467,0.0,0.0,121.36665831496893
95,I4,N7,0.0,0.0,1.2941189538997689e-06,200.0,199.99999870588104,0.0,0.0,200.0
95,I4,N8,0.0,0.0,0.0,0.0,0.0,30.684212600187422,0.0,0.0
95,I4,N9,0.0,0.0,1.3306788798310701e-06,200.0,199.99999866932112,0.0,0.0,200.0
96,I1,N1,0.0,0.0,4.473128255861565e-07,200.0,199.99999955268717,0.0,0.0,200.0
96,I1,N2,0.0,0.0,4.452994196265488e-07,200.0,199.9999995547006,0.0,0.0,200.0
96,I1,N3,0.0,0.0,4.5194311289747616e-07,200.0,199.99999954805688,0.0,0.0,200.0
96,I1,N4,0.0,0.0,4.473663795604922e-07,200.0,199.99999955263362,0.0,0.0,200.0
96,I1,N5,0.0,0.0,4.467205415902233e-07,200.0,199.99999955327945,0.0,0.0,200.0
96,I1,N6,0.0,0.0,4.5104611756145177e-07,121.36665831496893,121.36665786392281,0.0,0.0,121.36654558412236
96,I1,N7,0.0,0.0,4.4544338295453936e-07,200.0,199.9999995545566,0.0,0.0,200.0
96,I1,N8,130.20245169516517,417.1115469862482,130.20245299031265,130.20245169543603,0.0,16.559540145639197,0.0,0.0
96,I1,N9,0.0,0.0,4.5192429809653535e-07,200.0,199.9999995480757,0.0,0.0,200.0
96,I2,N1,0.0,0.0,2.645326861385982e-07,200.0,199.99999973546733,0.0,0.0,200.0
96,I2,N2,0.0,0.0,2.6453273416756754e-07,200.0,199.99999973546727,0.0,0.0,200.0
96,I2,N3,0.0,0.0,2.6454973703202e-07,200.0,199.99999973545027,0.0,0.0,200.0
96,I2,N4,0.0,0.0,2.645344534178335e-07,200.0,199.99999973546554,0.0,0.0,200.0
96,I2,N5,0.0,0.0,2.6453398546788454e-07,200.0,199.99999973546602,0.0,0.0,200.0
96,I2,N6,78.63345441587764,248.50415295053517,78.63379260841732,200.0,121.36620739158268,0.0,0.0,121.36654558412236
96,I2,N7,0.0,0.0,2.645323743028939e-07,200.0,199.99999973546764,0.0,0.0,200.0
96,I2,N8,69.79754830483483,223.41451639506394,69.79754900037206,69.79754830456395,0.0,41.94432152423879,0.0,0.0
96,I2,N9,0.0,0.0,2.645535446418691e-07,200.0,199.99999973544647,0.0,0.0,200.0
96,I3,N1,0.0,0.0,6.832246551892697e-06,200.0,199.99999316775344,0.0,0.0,200.0
96,I3,N2,0.0,0.0,6.84901103510755e-06,200.0,199.99999315098896,0.0,0.0,200.0
96,I3,N3,0.0,0.0,6.995984773274784e-06,200.0,199.99999300401524,0.0,0.0,200.0
96,I3,N4,0.0,0.0,6.832374710358239e-06,200.0,199.9999931676253,0.0,0.0,200.0
96,I3,N5,0.0,0.0,6.844929516555511e-06,200.0,199.99999315507048,0.0,0.0,200.0
96,I3,N6,0.0,0.0,6.423448587389558e-07,121.36665831496893,121.36665767262407,1.514071783893487e-08,1.837578318875801e-06,121.36654558412236
96,I3,N7,0.0,0.0,6.851842043528824e-06,200.0,199.99999314815796,0.0,0.0,200.0
96,I3,N8,0.0,0.0,0.0,0.0,0.0,178.96245174432255,0.0,0.0
96,I3,N9,0.0,0.0,6.996719559857282e-06,200.0,199.99999300328045,0.0,0.0,200.0
96,I4,N1,0.0,0.0,1.6690311763622572e-06,200.0,199.99999833096882,0.0,0.0,200.0
96,I4,N2,0.0,0.0,1.668933624383416e-06,200.0,199.99999833106637,0.0,0.0,200.0
96,I4,N3,0.0,0.0,1.64670824030402e-06,200.0,199.99999835329177,0.0,0.0,200.0
96,I4,N4,0.0,0.0,1.6690130170870482e-06,200.0,199.99999833098698,0.0,0.0,200.0
96,I4,N5,0.0,0.0,1.6689658496173948e-06,200.0,199.99999833103416,0.0,0.0,200.0
96,I4,N6,0.0,0.0,1.6040154159338449e-06,121.36665831496893,121.36665671095352,0.0,0.0,121.36654558412236
96,I4,N7,0.0,0.0,1.6699571464458469e-06,200.0,199.99999833004284,0.0,0.0,200.0
96,I4,N8,0.0,0.0,0.0,0.0,0.0,30.687692027564157,0.0,0.0
96,I4,N9,0.0,0.0,1.6240536711112576e-06,200.0,199.99999837594632,0.0,0.0,200.0
97,I1,N1,0.0,0.0,5.187628408166605e-07,200.0,199.99999948123715,0.0,0.0,200.0
97,I1,N2,0.0,0.0,5.189750122872214e-07,200.0,199.999999481025,0.0,0.0,200.0
97,I1,N3,0.0,0.0,5.179654007291877e-07,200.0,199.9999994820346,0.0,0.0,200.0
97,I1,N4,0.0,0.0,5.187486354267654e-07,200.0,199.99999948125136,0.0,0.0,200.0
97,I1,N5,0.0,0.0,5.83156393827546e-07,200.0,199.9999994168436,0.0,0.0,200.0
97,I1,N6,0.0,0.0,5.182595419882865e-07,121.36654558412236,121.36654506586282,0.0,0.0,121.36641319129046
97,I1,N7,0.0,0.0,5.189779282889287e-07,200.0,199.99999948102206,0.0,0.0,200.0
97,I1,N8,130.202451694895,417.5177363738744,130.202452990019,130.20245169516517,0.0,16.50690324344419,0.0,2.842170943040401e-14
97,I1,N9,0.0,0.0,5.179678244769095e-07,200.0,199.99999948203217,0.0,0.0,200.0
97,I2,N1,0.0,0.0,2.431631034153249e-07,200.0,199.9999997568369,0.0,0.0,200.0
97,I2,N2,0.0,0.0,2.43170784108106e-07,200.0,199.99999975682923,0.0,0.0,200.0
97,I2,N3,0.0,0.0,2.436498281198579e-07,200.0,199.99999975635018,0.0,0.0,200.0
97,I2,N4,0.0,0.0,2.4316310519143596e-07,200.0,199.9999997568369,0.0,0.0,200.0
97,I2,N5,0.0,0.0,2.431658581493055e-07,200.0,199.99999975683414,0.0,0.0,200.0
97,I2,N6,78.63358680870954,246.27957856435827,78.63398398720524,200.0,121.36601601279476,0.0,0.0,121.36641319129046
97,I2,N7,0.0,0.0,2.4317078452400286e-07,200.0,199.99999975682923,0.0,0.0,200.0
97,I2,N8,69.79754830510498,223.98268440683492,69.79754900062629,69.79754830483483,0.0,41.624581965767476,0.0,2.842170943040401e-14
97,I2,N9,0.0,0.0,2.43649858213691e-07,200.0,199.99999975635015,0.0,0.0,200.0
97,I3,N1,0.0,0.0,5.830257354591117e-07,200.0,199.99999941697428,0.0,0.0,200.0
97,I3,N2,0.0,0.0,5.669921912996315e-07,200.0,199.99999943300782,0.0,0.0,200.0
97,I3,N3,0.0,0.0,5.592075451594006e-07,200.0,199.99999944079246,0.0,0.0,200.0
97,I3,N4,0.0,0.0,5.829795153639431e-07,200.0,199.9999994170205,0.0,0.0,200.0
97,I3,N5,0.0,0.0,5.816330244919401e-07,200.0,199.99999941836697,0.0,0.0,200.0
97,I3,N6,0.0,0.0,5.584028331761827e-07,121.36654558412236,121.36654502571953,0.0,0.0,121.36641319129046
97,I3,N7,0.0,0.0,5.802585846844059e-07,200.0,199.9999994197414,0.0,0.0,200.0
97,I3,N8,0.0,0.0,0.0,0.0,0.0,8.789118448923716,0.0,2.842170943040401e-14
97,I3,N9,0.0,0.0,5.592591767911484e-07,200.0,199.99999944074082,0.0,0.0,200.0
97,I4,N1,0.0,0.0,1.6303711905566162e-06,200.0,199.9999983696288,0.0,0.0,200.0
97,I4,N2,0.0,0.0,1.300805997391768e-06,200.0,199.999998699194,0.0,0.0,200.0
97,I4,N3,0.0,0.0,1.1432610340059335e-06,200.0,199.99999885673896,0.0,0.0,200.0
97,I4,N4,0.0,0.0,1.630629155649969e-06,200.0,199.99999836937084,0.0,0.0,200.0
97,I4,N5,0.0,0.0,1.5835574909416918e-06,200.0,199.9999984164425,0.0,0.0,200.0
97,I4,N6,0.0,0.0,1.1227395291552728e-06,121.36654558412236,121.36654446138283,0.0,0.0,121.36641319129046
97,I4,N7,0.0,0.0,1.3007699470416732e-06,200.0,199.99999869923005,0.0,0.0,200.0
97,I4,N8,0.0,0.0,0.0,0.0,0.0,30.68683888500037,0.0,2.842170943040401e-14
97,I4,N9,0.0,0.0,1.1432664666672278e-06,200.0,199.99999885673353,0.0,0.0,200.0
98,I1,N1,0.0,0.0,4.946890551805783e-07,200.0,199.99999950531094,0.0,0.0,200.0
98,I1,N2,0.0,0.0,4.94703080468008e-07,200.0,199.99999950529693,0.0,0.0,200.0
98,I1,N3,0.0,0.0,4.949818864047413e-07,200.0,199.9999995050181,0.0,0.0,200.0
98,I1,N4,0.0,0.0,4.947192315444068e-07,200.0,199.99999950528075,0.0,0.0,200.0
98,I1,N5,0.0,0.0,4.946903522295902e-07,200.0,199.99999950530966,0.0,0.0,200.0
98,I1,N6,0.0,0.0,4.949972593991207e-07,121.36641319129046,121.3664126962932,0.0,0.0,121.36627429489536
98,I1,N7,0.0,0.0,4.947013047239808e-07,200.0,199.9999995052987,0.0,0.0,200.0
98,I1,N8,123.15852252594618,370.97006519217973,102.02673501909979,130.20245169489502,28.17571667579523,0.0,0.0,7.04392899500499
98,I1,N9,0.0,0.0,4.949871015218206e-07,200.0,199.9999995050129,0.0,0.0,200.0
98,I2,N1,0.0,0.0,2.8423614347317483e-07,200.0,199.99999971576386,0.0,0.0,200.0
98,I2,N2,0.0,0.0,2.842431367868489e-07,200.0,199.99999971575687,0.0,0.0,200.0
98,I2,N3,0.0,0.0,2.806414600845249e-07,200.0,199.99999971935853,0.0,0.0,200.0
98,I2,N4,0.0,0.0,2.8423631858370406e-07,200.0,199.9999997157637,0.0,0.0,200.0
98,I2,N5,0.0,0.0,2.842395162487606e-07,200.0,199.99999971576048,0.0,0.0,200.0
98,I2,N6,78.63372570510464,249.73976376356813,78.63414239428997,200.0,121.36585760571003,0.0,0.0,121.36627429489536
98,I2,N7,0.0,0.0,2.8424331280937276e-07,200.0,199.9999997157567,0.0,0.0,200.0
98,I2,N8,69.79754847904884,224.40884121048478,69.79754900088044,69.79754830510501,0.0,41.321554702542485,0.0,7.04392899500499
98,I2,N9,0.0,0.0,2.809820451747126e-07,200.0,199.99999971901795,0.0,0.0,200.0
98,I3,N1,0.0,0.0,4.017026757365485e-07,200.0,199.99999959829734,0.0,0.0,200.0
98,I3,N2,0.0,0.0,4.0212505646940594e-07,200.0,199.99999959787493,0.0,0.0,200.0
98,I3,N3,0.0,0.0,4.2054694000140105e-07,200.0,199.99999957945306,0.0,0.0,200.0
98,I3,N4,0.0,0.0,4.017071443139066e-07,200.0,199.99999959829285,0.0,0.0,200.0
98,I3,N5,0.0,0.0,4.018717319522021e-07,200.0,199.99999959812826,0.0,0.0,200.0
98,I3,N6,0.0,0.0,4.151869877262603e-07,121.36641319129046,121.36641277610347,0.0,0.0,121.36627429489536
98,I3,N7,0.0,0.0,4.0213916722199243e-07,200.0,199.99999959786084,0.0,0.0,200.0
98,I3,N8,0.0,0.0,0.0,2.842170943040401e-14,2.842170943040401e-14,8.786891984603594,2.4973849078274935e-13,7.04392899500499
98,I3,N9,0.0,0.0,4.1936769449490735e-07,200.0,199.9999995806323,0.0,0.0,200.0
98,I4,N1,0.0,0.0,1.139588629603107e-06,200.0,199.99999886041138,0.0,0.0,200.0
98,I4,N2,0.0,0.0,1.1721803391090137e-06,200.0,199.99999882781967,0.0,0.0,200.0
98,I4,N3,0.0,0.0,1.6404093076741753e-06,200.0,199.9999983595907,0.0,0.0,200.0
98,I4,N4,0.0,0.0,1.1392202790051343e-06,200.0,199.99999886077973,0.0,0.0,200.0
98,I4,N5,0.0,0.0,1.2988618561165802e-06,200.0,199.99999870113814,0.0,0.0,200.0
98,I4,N6,0.0,0.0,1.6277632339861817e-06,121.36641319129046,121.36641156352722,0.0,0.0,121.36627429489536
98,I4,N7,0.0,0.0,1.1753966835172372e-06,200.0,199.99999882460332,0.0,0.0,200.0
98,I4,N8,0.0,0.0,0.0,2.842170943040401e-14,2.842170943040401e-14,30.68550931489859,8.721346294720032e-13,7.04392899500499
98,I4,N9,0.0,0.0,1.6497369672492873e-06,200.0,199.99999835026304,0.0,0.0,200.0
99,I1,N1,0.0,0.0,3.391536415987456e-07,200.0,199.99999966084636,0.0,0.0,200.0
99,I1,N2,0.0,0.0,3.3918766842974573e-07,200.0,199.99999966081234,0.0,0.0,200.0
99,I1,N3,0.0,0.0,3.3960886297173177e-07,200.0,199.99999966039113,0.0,0.0,200.0
99,I1,N4,0.0,0.0,3.3915364079011343e-07,200.0,199.99999966084636,0.0,0.0,200.0
99,I1,N5,0.0,0.0,3.39160221461923e-07,200.0,199.9999996608398,0.0,0.0,200.0
99,I1,N6,0.0,0.0,3.396696584865306e-07,121.36627429489536,121.36627395522571,0.0,0.0,121.12577702445637
99,I1,N7,0.0,0.0,3.3917076770432766e-07,200.0,199.99999966082925,0.0,0.0,200.0
99,I1,N8,124.91950509879933,357.46064642708154,130.20245281735876,130.20245152095117,0.0,16.18487368996888,0.0,3.5219639818108135
99,I1,N9,0.0,0.0,3.3960885938740926e-07,200.0,199.99999966039115,0.0,0.0,200.0
99,I2,N1,0.0,0.0,2.5110810822543485e-07,200.0,199.9999997488919,0.0,0.0,200.0
99,I2,N2,0.0,0.0,2.5112023136810684e-07,200.0,199.99999974887976,0.0,0.0,200.0
99,I2,N3,0.0,0.0,2.566476841057461e-07,200.0,199.9999997433523,0.0,0.0,200.0
99,I2,N4,0.0,0.0,2.511083649284848e-07,200.0,199.99999974889164,0.0,0.0,200.0
99,I2,N5,0.0,0.0,2.5111598119630134e-07,200.0,199.99999974888402,0.0,0.0,200.0
99,I2,N6,78.87422297554363,252.3322949512423,79.5957147868606,200.0,120.4042852131394,0.0,0.0,121.12577702445637
99,I2,N7,0.0,0.0,2.5113281829550926e-07,200.0,199.99999974886717,0.0,0.0,200.0
99,I2,N8,71.55853091938987,229.6733848434407,76.84147824041294,76.84147747405382,0.0,44.2237755971756,0.0,3.5219639818108135
99,I2,N9,0.0,0.0,2.535910136633669e-07,200.0,199.99999974640897,0.0,0.0,200.0
99,I3,N1,0.0,0.0,3.0469537937673594e-07,200.0,199.9999996953046,0.0,0.0,200.0
99,I3,N2,0.0,0.0,3.050422282782317e-07,200.0,199.99999969495778,0.0,0.0,200.0
99,I3,N3,0.0,0.0,3.178828818911971e-07,200.0,199.9999996821171,0.0,0.0,200.0
99,I3,N4,0.0,0.0,3.0469556936857743e-07,200.0,199.99999969530444,0.0,0.0,200.0
99,I3,N5,0.0,0.0,3.0482363310124595e-07,200.0,199.99999969517637,0.0,0.0,200.0
99,I3,N6,0.0,0.0,3.1615155617396126e-07,121.36627429489536,121.3662739787438,0.0,0.0,121.12577702445637
99,I3,N7,0.0,0.0,3.050463954051438e-07,200.0,199.9999996949536,0.0,0.0,200.0
99,I3,N8,0.0,0.0,3.071647287224704e-07,7.04392899500499,7.043928687840261,1.3271883388489147e-08,9.348620014184932e-08,3.5219639818108135
99,I3,N9,0.0,0.0,3.176806015883227e-07,200.0,199.9999996823194,0.0,0.0,200.0
99,I4,N1,0.0,0.0,1.3551865771531144e-06,200.0,199.99999864481342,-0.0005754335489556816,-0.11508670901131648,200.0
99,I4,N2,0.0,0.0,1.341039134081965e-06,200.0,199.99999865896086,-0.0005693490586647137,-0.11386981096942338,200.0
99,I4,N3,0.0,0.0,1.3551548611282457e-06,200.0,199.99999864484514,-0.0005720011947361344,-0.11440023817207667,200.0
99,I4,N4,0.0,0.0,1.355186576626899e-06,200.0,199.99999864481342,-0.0005754335484891047,-0.11508670891800112,200.0
99,I4,N5,0.0,0.0,1.3550348173216181e-06,200.0,199.9999986449652,-0.0005746620940429021,-0.11493241802989329,200.0
99,I4,N6,0.0,0.0,1.355595264890913e-06,121.36627429489536,121.3662729393001,-0.0005700470101101083,-0.06918448101725537,121.12577702445637
99,I4,N7,0.0,0.0,1.8424157599316969e-06,200.0,199.99999815758423,7.857439170795647e-05,0.015714878196824596,200.0
99,I4,N8,0.0,0.0,1.3550184018148058e-06,7.04392899500499,7.043927639986588,-0.0005730298732235249,-0.0040363809625371975,3.5219639818108135
99,I4,N9,0.0,0.0,1.3319784141409e-06,200.0,199.9999986680216,-0.000549208089654448,-0.10984161719935627,200.0
100,I1,N1,0.0,0.0,6.625384522266371e-06,200.0,199.99999337461549,0.0,0.0,200.0
100,I1,N2,0.0,0.0,6.625384959609121e-06,200.0,199.99999337461503,0.0,0.0,200.0
100,I1,N3,0.0,0.0,6.625390222530605e-06,200.0,199.99999337460977,0.0,0.0,200.0
100,I1,N4,0.0,0.0,6.625384538900189e-06,200.0,199.99999337461546,0.0,0.0,200.0
100,I1,N5,0.0,0.0,6.625384773450644e-06,200.0,199.99999337461523,0.0,0.0,200.0
100,I1,N6,0.0,0.0,6.625391184998049e-06,121.12577702445637,121.12577039906519,1.5212948310629777e-08,1.842680084166189e-06,121.18886266172986
100,I1,N7,0.0,0.0,6.625394838707449e-06,200.0,199.99999337460517,0.0,0.0,200.0
100,I1,N8,125.79999638797895,346.5046250764809,128.44147025551783,128.44146908061015,0.0,16.84745655753911,0.0,1.760981509926438
100,I1,N9,0.0,0.0,6.6253902102889085e-06,200.0,199.9999933746098,0.0,0.0,200.0
100,I2,N1,0.0,0.0,3.466165889133026e-07,200.0,199.9999996533834,0.0,0.0,200.0
100,I2,N2,0.0,0.0,3.4688330568062794e-07,200.0,199.9999996531167,0.0,0.0,200.0
100,I2,N3,0.0,0.0,3.7206237119647393e-07,200.0,199.99999962793763,0.0,0.0,200.0
100,I2,N4,0.0,0.0,3.4670454359114066e-07,200.0,199.99999965329545,0.0,0.0,200.0
100,I2,N5,0.0,0.0,3.465809123975943e-07,200.0,199.99999965341908,0.0,0.0,200.0
100,I2,N6,78.81113733827014,254.2759634793579,78.62188042644966,200.0,121.37811957355034,0.0,0.0,121.18886266172986
100,I2,N7,0.0,0.0,3.439289362085549e-07,200.0,199.99999965607105,0.0,0.0,200.0
100,I2,N8,72.43902210209461,232.38560340359146,75.08049565020885,75.08049490120067,0.0,50.5961701863684,0.0,1.760981509926438
100,I2,N9,0.0,0.0,3.663333469103004e-07,200.0,199.99999963366665,0.0,0.0,200.0
100,I3,N1,0.0,0.0,6.729452625722563e-06,200.0,199.99999327054738,0.0,0.0,200.0
100,I3,N2,0.0,0.0,6.655715667036625e-06,200.0,199.99999334428432,1.1787748551065512e-08,2.3575496317571996e-06,200.0
100,I3,N3,0.0,0.0,6.656090722534931e-06,200.0,199.99999334390927,1.1845739559205267e-08,2.369147832994736e-06,200.0
100,I3,N4,0.0,0.0,6.780161626592451e-06,200.0,199.9999932198384,0.0,0.0,200.0
100,I3,N5,0.0,0.0,6.656608516521384e-06,200.0,199.99999334339148,1.193536269934682e-08,2.387072460420327e-06,200.0
100,I3,N6,0.0,0.0,6.687878678465472e-06,121.12577702445637,121.12577033657769,1.1009034841070186e-08,1.3334778257868495e-06,121.18886266172986
100,I3,N7,0.0,0.0,6.655750455634432e-06,200.0,199.99999334424953,1.1787853257961683e-08,2.3575705731353266e-06,200.0
100,I3,N8,0.0,0.0,6.658184597387296e-06,3.5219639818108135,3.521957323626216,5.27849449211971e-07,1.8590632334241658e-06,1.760981509926438
100,I3,N9,0.0,0.0,6.656090107103319e-06,200.0,199.9999933439099,1.1845731403827632e-08,2.369146201919271e-06,200.0
100,I4,N1,0.0,0.0,4.5085378254621716e-05,200.0,199.99995491462175,3.2135353847215284e-08,6.427069320608473e-06,200.0
100,I4,N2,0.0,0.0,4.5085389911276876e-05,200.0,199.9999549146101,3.2136472723363194e-08,6.427293095787236e-06,200.0
100,I4,N3,0.0,0.0,4.508538427972532e-05,200.0,199.99995491461573,3.213758117207394e-08,6.4275147854795905e-06,200.0
100,I4,N4,0.0,0.0,4.508538079556306e-05,200.0,199.9999549146192,3.2135315606607596e-08,6.427061672488578e-06,200.0
100,I4,N5,0.0,0.0,4.5085379568420334e-05,200.0,199.99995491462042,3.213575820101394e-08,6.427150191349932e-06,200.0
100,I4,N6,0.0,0.0,4.462966412167491e-05,121.12577702445637,121.12573239479225,5.311371566949476e-08,6.4334377106763066e-06,121.18886266172986
100,I4,N7,0.0,0.0,4.508538976157199e-05,200.0,199.99995491461024,3.2136482587884334e-08,6.427295068691024e-06,200.0
100,I4,N8,0.0,0.0,4.508538323901947e-05,3.5219639818108135,3.5219188964275743,1.8288571423884495e-06,6.441086528644415e-06,1.760981509926438
100,I4,N9,0.0,0.0,4.5085543688734414e-05,200.0,199.9999549144563,3.2141129516028063e-08,6.428224454105314e-06,200.0
