iteration,regularization_stage,dual_tikhonov_gamma,proximal_coefficient_eur_per_mw2_day,complementarity_epsilon,investor,termination,solve_seconds,preparation_seconds,attempt_count,retry_status,optimistic_mpec_profit_eur_per_day,max_access_shadow_price_eur_per_mw_day,strong_duality_gap,max_complementarity_product,sum_complementarity_products,max_original_nodal_balance_residual_mw,total_absolute_original_nodal_balance_residual_mwh,max_hourly_system_balance_residual_mw,signed_primal_dual_gap_eur_per_day,total_power_mw,total_energy_mwh,max_rel_delta_power,max_rel_delta_energy,abs_capacity_step_mw_equivalent,abs_offer_step_mw,abs_price_step_eur_per_mwh,converged_sweep_streak,max_undamped_delta_power_mw,max_undamped_delta_energy_mwh,max_undamped_rel_delta_power,max_undamped_rel_delta_energy,undamped_capacity_residual_mw_equivalent,undamped_offer_residual_mw,undamped_price_residual_eur_per_mwh
1,,,,,I1,optimal,8.170741700101644,,,,2289.7409409524043,0.0,6.32135197520256e-07,,,,,,,21.61903533607224,43.23807067342392,21.61903533607224,21.61903533671196,24.170816309856814,20.376820420255644,20.130200359518323,0,86.47614134428896,,,,96.68326523942727,81.50728168102258,72.75448724236215
1,,,,,I2,optimal,25.22690479992889,,,,1975.8541475477055,0.0,1.3422686606645584e-07,,,,,,,21.619033449356564,43.23806689922046,21.619033449356564,21.61903344961023,24.17081420035824,13.433932715685271,45.23157566318946,0,86.47613379742626,,,,96.68325680143296,53.73573086274109,180.92630265275784
1,,,,,I3,optimal,11.09478190005757,,,,103598.80747451994,0.0,7.62520357966423e-09,,,,,,,0.0,0.0,0.0,0.0,0.0,0.0,0.0,0,4.342761203925007e-07,,,,1.3242204884159598e-06,1.0337231214151978e-06,0.0
1,,,,,I4,optimal,7.357826400082558,,,,94419.27866795861,0.0,2.3865140974521637e-09,,,,,,,0.0,0.0,0.0,0.0,0.0,0.0,0.0,0,1.274011186596935e-06,,,,4.144563035145455e-06,2.922855271566354e-06,0.0
2,,,,,I1,optimal,11.713033700129017,,,,5278.181104104255,0.0,1.0296935215592384e-07,,,,,,,43.35138065876208,86.7027613197632,1.005241213812558,1.0052412138050055,24.29750072612433,20.20805081182243,16.35867381330525,0,86.92938129075938,,,,97.19000290449733,80.83220324728974,65.5964490547441
2,,,,,I2,optimal,12.042867900105193,,,,6294.961051874504,0.0,1.7939601093530655e-07,,,,,,,43.35137920242806,86.70275840574396,1.0052413214485454,1.0052413214455507,24.297501207240906,13.12361228374081,20.418453624938397,0,86.92938301228598,,,,97.19000482896362,52.49444913496323,81.67381449975359
2,,,,,I3,optimal,11.76687639998272,,,,103598.76923118989,0.0,7.566995918750763e-10,,,,,,,0.0,0.0,0.0,0.0,0.0,0.0,0.0,0,4.2742226311567887e-07,,,,1.3858523810225867e-06,1.1041405521499262e-06,0.0
2,,,,,I4,optimal,12.517327000154182,,,,94419.2622217232,0.0,8.119968697428703e-08,,,,,,,0.0,0.0,0.0,0.0,0.0,0.0,0.0,0,1.7838493295396554e-06,,,,5.982453176262583e-06,2.9012954116551373e-06,0.0
3,,,,,I1,optimal,13.187391799874604,,,,9383.813912596386,0.0,3.3760443329811096e-09,,,,,,,59.65063967680038,138.3376550828824,0.3759801595786991,0.5955392074848422,20.791849013679393,14.599200306001485,5.094592829288258,0,65.1970360721532,,,,83.16739605471757,58.39680122400594,21.948284899943733
3,,,,,I2,optimal,11.68107259995304,,,,5101.744238364727,0.0,6.344635039567947e-09,,,,,,,52.866362445436984,105.73272489204717,0.21948513330058012,0.21948513330162395,10.638074668101579,6.190257676605095,30.497883418747225,0,38.05993297203568,,,,42.55229867240633,24.761030706420403,121.9915336749889
3,,,,,I3,optimal,16.32530299993232,,,,103598.84828864921,0.0,1.4668330550193787e-08,,,,,,,0.0,0.0,0.0,0.0,0.0,0.0,0.0,0,4.279480509060256e-07,,,,1.3848655345829143e-06,1.0994227625162837e-06,0.0
3,,,,,I4,optimal,16.638352899812162,,,,94420.19671053378,0.0,3.6670826375484467e-08,,,,,,,0.0,0.0,0.0,0.0,0.0,0.0,0.0,0,1.0841683160146932e-06,,,,3.5517430366765155e-06,3.1579773000332565e-06,0.0
4,,,,,I1,optimal,25.059450599830598,,,,10065.774908450261,4.779588703209907e-08,3.521912731230259e-06,,,,,,,71.87508416699319,192.99219318833426,0.20493400500694378,0.39508070360674113,18.33390170050618,11.762021521800776,1.0126381267131794,0,48.89777796077125,,,,73.3356068020287,47.04808608720803,9.758629563960634
4,,,,,I2,optimal,18.4316374999471,,,,6307.15374501742,0.0,8.149072527885437e-10,,,,,,,59.66870182820779,127.49342731242035,0.12867046394182033,0.20580858426367804,8.71018551424979,5.759857055793918,47.089368759143646,0,27.209357531083207,,,,34.84074205699917,23.039428223175694,188.3574750365746
4,,,,,I3,optimal,16.22511070012115,,,,103599.64298497267,0.0,1.979060471057892e-09,,,,,,,0.0,0.0,0.0,0.0,0.0,0.0,0.0,0,3.3916494237063775e-07,,,,1.0533124831464761e-06,9.242535422503545e-07,0.0
4,,,,,I4,optimal,13.726588899968192,,,,94423.42745728303,0.0,0.0,,,,,,,0.0,0.0,0.0,0.0,0.0,0.0,0.0,0,1.1655804352366214e-06,,,,3.6915398912290073e-06,3.233074464093737e-06,0.0
5,,,,,I1,optimal,19.337167100049555,,,,10215.55015079504,0.0,8.731149137020111e-10,,,,,,,81.0434173063204,228.791562131716,0.12755926821630828,0.18549646155088984,12.812416189002311,9.783107430767922,7.751368946463941,0,36.673332557308896,,,,51.249664756009274,39.13242972307171,31.899244097570065
5,,,,,I2,optimal,18.868423899868503,,,,6243.576296080269,0.0,2.9103830456733704e-10,,,,,,,64.77045636456393,147.72744334218987,0.0855013496195142,0.15870634632941844,7.184452807454515,4.7052628790830155,30.65475651806913,0,20.40701814542456,,,,28.737811229818078,18.82105151633208,122.61902607227653
5,,,,,I3,optimal,16.16363440011628,,,,104567.41710143504,0.0,6.461050361394882e-09,,,,,,,0.0,0.0,0.0,0.0,0.0,0.0,0.0,0,4.853077055143671e-07,,,,1.5941086861096028e-06,1.1374209552002786e-06,0.0
5,,,,,I4,optimal,19.706767400028184,,,,97387.19937358965,9.115131318659144e-08,9.991927072405815e-07,,,,,,,0.0,0.0,0.0,0.0,0.0,0.0,0.0,0,3.315544707126345e-05,,,,0.00011153823237490288,7.859869544952011e-05,0.0
6,,,,,I1,optimal,20.968531099846587,,,,10033.095632883425,0.0,1.0395888239145279e-07,,,,,,,87.91966715853496,253.90083180950046,0.08484649439478031,0.10974735887912235,9.310613621806153,7.319312964323766,14.845119070264744,0,27.50499940885824,,,,37.24245448722464,29.277251857295084,56.06455717631091
6,,,,,I2,optimal,12.88898260006681,,,,5787.242650589143,0.0,2.1961750462651253e-07,,,,,,,68.596772264165,159.01673563750066,0.059075018370481285,0.07641973650867785,4.7545978690737,3.5849968777629875,35.282294596533056,0,15.30526359840431,,,,19.018391476294845,14.339987511051955,141.12917838613225
6,,,,,I3,optimal,15.162858299911022,,,,104345.93527109576,-1.5178825940351617e-07,5.219480954110622e-07,,,,,,,0.0,0.0,0.0,0.0,0.0,0.0,0.0,0,7.979654371669263e-06,,,,2.390998677064295e-05,2.0501519085644303e-05,0.0
6,,,,,I4,optimal,23.622239399934188,,,,97313.51808823981,0.0,4.307366907596588e-09,,,,,,,0.0,0.0,0.0,0.0,0.0,0.0,0.0,0,1.7245763692481772e-06,,,,5.596804310893458e-06,3.719947718411922e-06,0.0
7,,,,,I1,optimal,18.207904000068083,,,,10097.424523420194,0.0,4.0745362639427185e-10,,,,,,,93.07685454331771,273.3620503657513,0.05865794936966048,0.0766488964118575,7.089976794930111,6.050389643136724,18.255898417783133,0,20.628749539130936,,,,28.359907179720466,24.201558572546922,68.04951371346971
7,,,,,I2,optimal,14.125169500010088,,,,8469.296636978077,2.5921571924025212e-08,4.7904904931783676e-08,,,,,,,78.59097692183207,197.64747780669654,0.1456949697163528,0.2429350723011928,13.898022045358278,3.0660552761049606,17.086556030963724,0,39.97681863066828,,,,55.592088181433134,12.264221104419857,68.34622412385488
7,,,,,I3,optimal,21.964622400002554,,,,104563.91898624055,4.240942504059059e-08,7.375492714345455e-07,,,,,,,0.0,0.0,0.0,0.0,0.0,0.0,0.0,0,7.110701040501843e-06,,,,2.3847463766752703e-05,2.1228226265346802e-05,0.0
7,,,,,I4,optimal,18.710386199876666,,,,97981.64118097175,0.0,7.159542292356491e-09,,,,,,,0.0,0.0,0.0,0.0,0.0,0.0,0.0,0,1.3703190988178273e-06,,,,4.0671509188737296e-06,3.431446524357274e-06,0.0
8,,,,,I1,optimal,18.13247419986874,,,,9729.18374295254,0.0,4.5460183173418045e-08,,,,,,,96.9448479414025,291.1523161622705,0.04155698446260492,0.06507950087701006,5.8942531543065355,4.586849306961723,1.9810711896837672,0,15.471973592339168,,,,23.577012617226174,18.34739722784691,18.343320548537246
8,,,,,I2,optimal,19.724191799992695,,,,8348.977811319246,24.51122379107796,1.280568540096283e-09,,,,,,,85.67401932192527,230.92837783095797,0.09012538942146146,0.16838514912297975,10.926830912623906,2.187796121036272,27.97692725033907,0,28.332169600372808,,,,43.70732365049563,8.751184484145144,111.90770900135628
8,,,,,I3,optimal,16.70389989996329,,,,104737.66363245211,0.0,2.601882442831993e-08,,,,,,,0.0,0.0,0.0,0.0,0.0,0.0,0.0,0,3.335888217431818e-07,,,,1.077214784282101e-06,9.582203126935321e-07,0.0
8,,,,,I4,optimal,19.761764199938625,,,,98518.98658061307,1.1194566378822918e-08,9.313225746154785e-10,,,,,,,0.0,0.0,0.0,0.0,0.0,0.0,0.0,0,2.2081442927979455e-06,,,,7.358911733911199e-06,3.308672993754903e-06,0.0
9,,,,,I1,optimal,24.275241900002584,,,,10187.399682167481,16.284384051735532,2.0248116925358772e-06,,,,,,,101.29013140998987,310.23066961099846,0.04482222171531837,0.06552705367487051,6.452167199247131,4.301773946986672,28.562635902315197,0,17.381133874349445,,,,25.80866879698852,17.2070957879467,102.83215091041798
9,,,,,I2,optimal,12.59874640009366,,,,8520.41753258568,25.483118741047395,1.09349493868649e-05,,,,,,,90.01930274563183,249.63815922499168,0.05071879967926914,0.08101984506958028,6.384354550040446,1.9096668509685952,8.69995962362838,0,17.381133694826232,,,,25.537418200168602,7.638667403892489,34.79983849451352
9,,,,,I3,optimal,19.8366900999099,,,,105019.76447973208,0.0,3.16067598760128e-08,,,,,,,0.0,0.0,0.0,0.0,0.0,0.0,0.0,0,4.7114841445109533e-07,,,,1.5006163375658076e-06,1.0992666409018325e-06,0.0
9,,,,,I4,optimal,19.744921500096098,,,,99362.62080853108,1.8181626258085582e-08,4.0745362639427185e-10,,,,,,,0.0,0.0,0.0,0.0,0.0,0.0,0.0,0,1.235371851162308e-06,,,,3.9562043814638615e-06,3.4169580959699173e-06,0.0
10,,,,,I1,optimal,16.218629699898884,,,,10001.645208291358,17.4989467522517,6.754416972398758e-07,,,,,,,103.46277314473741,328.65272967838064,0.021449688182883172,0.05938181447527994,5.092262824909632,2.663441259068652,1.874671813084272,0,8.690566938990145,,,,20.36905129963857,10.653765036274665,30.624412764638855
10,,,,,I2,optimal,20.40525810001418,,,,8206.224857342482,25.89771356561272,2.9103830456733704e-10,,,,,,,92.1919444526235,260.14911711842,0.024135286996511383,0.04210477246771838,3.409602136144132,1.7658529264949567,21.773648153100055,0,8.690566827966677,,,,13.638408544576574,7.063411705979868,87.09459261240022
10,,,,,I3,optimal,19.429623099975288,,,,105614.55948317047,2.0936343801279909e-07,6.013433448970318e-07,,,,,,,0.0,0.0,0.0,0.0,0.0,0.0,0.0,0,8.568045629592315e-06,,,,2.8077927466512518e-05,2.2637888785149292e-05,0.0
10,,,,,I4,optimal,18.265373199945316,,,,101533.64658491952,3.633236660616212e-08,1.7462298274040222e-10,,,,,,,0.0,0.0,0.0,0.0,0.0,0.0,0.0,0,1.1702059789627412e-06,,,,3.851290663350397e-06,3.4249783662412705e-06,0.0
11,,,,,I1,optimal,15.386138599831611,,,,10021.210323255396,48.85480265458277,3.3178366720676422e-09,,,,,,,104.5490940144427,341.78509117006,0.01049963031810099,0.03995816953819521,3.4581462416613062,1.9874108733814875,1.9292350969042429,0,4.345283478821159,,,,13.832584966645255,7.949643493525998,30.48688437260615
11,,,,,I2,optimal,21.103118000086397,,,,7841.511456793502,25.952678424204283,1.1641532182693481e-10,,,,,,,93.27826529375062,265.9023225500016,0.01178325121112255,0.02211502962342451,1.8024438315772495,1.7729453304318548,6.997269827374579,0,4.345283364508475,,,,7.20977532630904,7.091781321727461,27.989079309498294
11,,,,,I3,optimal,15.260607100091875,,,,105864.34400919311,2.0489645754793947e-08,1.5541445463895798e-08,,,,,,,0.0,0.0,0.0,0.0,0.0,0.0,0.0,0,7.021920530131812e-07,,,,2.1708140632947996e-06,1.538980253912001e-06,0.0
11,,,,,I4,optimal,13.336883599869907,,,,102146.36897221756,7.06795584312941e-08,1.57160684466362e-08,,,,,,,0.0,0.0,0.0,0.0,0.0,0.0,0.0,0,2.176240535372625e-06,,,,7.2296555197878166e-06,3.3270665005999343e-06,0.0
12,,,,,I1,optimal,17.542779800016433,,,,10016.585860016057,49.311722446724296,0.0,,,,,,,105.09225445372182,351.12596413256335,0.005195266820811344,0.027329667688330082,2.397554481998169,1.2701451855225028,12.800848263679068,0,2.172641757116466,,,,9.59021792799278,5.080580742090149,54.515254230282714
12,,,,,I2,optimal,26.172796200029552,,,,7552.460711552867,25.779303414300703,3.259629011154175e-09,,,,,,,93.82142570444795,268.8733640281269,0.005823011491335223,0.011173431843817803,0.9201718308529108,1.1851490643861586,16.176602859027472,0,2.1726416427893014,,,,3.680687323411964,4.740596257544686,64.70641143610989
12,,,,,I3,optimal,14.252018499886617,,,,106097.21233304753,8.449067013317835e-07,1.085689291357994e-06,,,,,,,0.0,0.0,0.0,0.0,0.0,0.0,0.0,0,9.803034184674095e-06,,,,3.1964442054363256e-05,2.3111623480321048e-05,0.0
12,,,,,I4,optimal,16.243807799881324,,,,102739.86553745209,1.4611593581736227e-07,1.1059455573558807e-08,,,,,,,0.0,0.0,0.0,0.0,0.0,0.0,0.0,0,1.457193665957672e-06,,,,4.188300606797269e-06,3.4822939292645203e-06,0.0
13,,,,,I1,optimal,16.563133400166407,,,,10174.259087137447,49.591089733554504,9.131617844104767e-07,,,,,,,105.36383467916752,352.7488250353927,0.002584207816811995,0.004621876672773385,0.4882219405392353,0.9319848375060905,6.086343076450787,0,1.0863209017827984,,,,1.9528877621576088,3.7279393500245552,32.00628654261866
13,,,,,I2,optimal,16.190008600009605,,,,8011.572002264102,39.41668074193054,6.984919309616089e-10,,,,,,,94.09300590159827,285.78909685808065,0.0028946500771140273,0.0629133826293935,4.237644614273672,1.0123642204393144,3.491231133256597,0,1.086320788601327,,,,16.9505784570947,4.049456881757367,13.96492453302639
13,,,,,I3,optimal,17.185559100005776,,,,106252.9939506796,8.36836569588556e-08,0.0,,,,,,,0.0,0.0,0.0,0.0,0.0,0.0,0.0,0,5.132396435090412e-07,,,,1.6692352717261471e-06,1.1421537466579898e-06,0.0
13,,,,,I4,optimal,16.399637799942866,,,,103125.72073148905,2.921669310728989e-07,9.313225746154785e-10,,,,,,,0.0,0.0,0.0,0.0,0.0,0.0,0.0,0,1.2445545407873992e-06,,,,4.009349592672316e-06,3.4312142787385867e-06,0.0
14,,,,,I1,optimal,17.069624199997634,,,,9721.10033395544,46.768494531072314,5.279434844851494e-08,,,,,,,105.4996247982576,358.96746586478696,0.0012887735104132757,0.01762909012884821,1.560579160682203,0.9670061805669274,1.6379821474643435,0,0.5431604763603275,,,,6.242316642728868,3.8680247222678097,26.998143976446794
14,,,,,I2,optimal,15.420636400114745,,,,7317.86603796796,48.31842517108255,4.842877388000488e-08,,,,,,,94.22879599252687,285.71262535253516,0.0014431475498891248,0.00026758020647468344,0.1371292893291607,0.6941520055451159,9.903854807839393,0,0.5431603637143922,,,,0.5485171573179944,2.7766080221806613,39.61541923135756
14,,,,,I3,optimal,18.761201800080016,,,,106327.41285509837,3.396364188582646e-06,1.8742866814136505e-08,,,,,,,0.0,0.0,0.0,0.0,0.0,0.0,0.0,0,6.9647756705077715e-06,,,,2.2818502400672392e-05,2.0075632578160582e-05,0.0
14,,,,,I4,optimal,20.372454199939966,,,,103531.1330480975,5.616875346812039e-07,9.109498932957649e-08,,,,,,,0.0,0.0,0.0,0.0,0.0,0.0,0.0,0,1.4763730723418402e-06,,,,4.191790510211661e-06,3.5481544276235646e-06,0.0
15,,,,,I1,optimal,17.105881200172007,,,,9815.531879015416,47.75597838804717,3.1600939109921455e-07,,,,,,,105.56751986450894,363.5678967755906,0.0006435574191014565,0.012815732199353426,1.152110031784565,0.5921069005348312,2.1721998483503486,0,0.27158026500539734,,,,4.608440127138445,2.368427602139584,26.951755346877654
15,,,,,I2,optimal,21.761987400008366,,,,8158.069237589705,63.555999215913346,1.7462298274040222e-10,,,,,,,94.29669103072409,301.59825436670593,0.0007205338610354956,0.055600024656137656,3.971987576730738,0.5513381659505795,108.08619673057049,0,0.2715801527888999,,,,15.887950306922965,2.20535266380245,432.34478692228197
15,,,,,I3,optimal,17.71871960000135,,,,106477.84848422906,3.3474190166794097e-07,3.6670826375484467e-08,,,,,,,0.0,0.0,0.0,0.0,0.0,0.0,0.0,0,3.016107601840743e-07,,,,1.0094399828882466e-06,9.012293995052481e-07,0.0
15,,,,,I4,optimal,15.304792799986899,,,,103848.43525702073,1.168698939410208e-06,3.608874976634979e-08,,,,,,,0.0,0.0,0.0,0.0,0.0,0.0,0.0,0,1.5457942114636135e-06,,,,4.512003586725798e-06,3.527151087574377e-06,0.0
16,,,,,I1,optimal,18.10779589996673,,,,9693.71332738231,46.651621738027224,5.256151780486107e-08,,,,,,,105.60146740444632,366.98644508934103,0.0003215718241837722,0.009402778254265096,0.8553110377565378,0.44316689456465097,2.1407948730715143,0,0.1357901597495328,,,,3.4212441510267007,1.772667578259078,25.999201262675573
16,,,,,I2,optimal,25.521579100051895,,,,7181.179625346274,47.62149297397531,5.820766091346741e-11,,,,,,,94.33063854251978,296.8088814588794,0.0003600074554538409,0.015879975558489974,1.1978243763991623,0.43456897799309857,31.501251042894992,0,0.13579004718278043,,,,4.791297505596738,1.7382759119725546,126.00500417157997
16,,,,,I3,optimal,17.285261400043964,,,,106762.70288144653,6.694817747225148e-07,4.2782630771398544e-08,,,,,,,0.0,0.0,0.0,0.0,0.0,0.0,0.0,0,3.627292337606371e-07,,,,1.0465758424737007e-06,9.143401443904942e-07,0.0
16,,,,,I4,optimal,12.28085340000689,,,,104775.51639946693,4.745195426491936e-05,3.987806849181652e-07,,,,,,,0.0,0.0,0.0,0.0,0.0,0.0,0.0,0,4.509212973469492e-05,,,,0.0001515714117982505,6.756656937448334e-05,0.0
17,,,,,I1,optimal,14.914565999992192,,,,9761.759477952786,47.31842161481593,1.4585675671696663e-06,,,,,,,105.61844118138322,369.5344685448607,0.00016073429047993454,0.006943099642002798,0.6372319669640778,18.670827820100236,56.52143760848362,0,0.06789510774757446,,,,2.5489278678570977,74.68331128040096,226.0857504339345
17,,,,,I2,optimal,22.275740999961272,,,,8207.276129634087,64.121329794844,4.0745362639427185e-10,,,,,,,94.34761229142015,309.84895293504206,0.00017993887418368782,0.043934236105294136,3.260062056865817,0.678135653493073,99.32329331953704,0,0.06789499560146339,,,,13.04024822746332,2.7125426139724156,397.2931732781482
17,,,,,I3,optimal,14.678001799853519,,,,106787.58157325232,1.3389290084699027e-06,8.847564458847046e-09,,,,,,,0.0,0.0,0.0,0.0,0.0,0.0,0.0,0,4.5103639131007e-07,,,,1.4732208173075811e-06,1.3062167755591504e-06,0.0
17,,,,,I4,optimal,12.759908300125971,,,,104737.63292958066,4.674998389327315e-06,1.367880031466484e-08,,,,,,,0.0,0.0,0.0,0.0,0.0,0.0,0.0,0,1.5724361383446183e-06,,,,4.512341378053261e-06,3.6149738865942796e-06,0.0
18,,,,,I1,optimal,17.964144199853763,,,,9653.517439983363,46.30611838191443,1.7113052308559418e-08,,,,,,,105.6269280767959,371.43754259323623,8.035429530826558e-05,0.005149922971649628,0.4758442019125264,15.481226020689604,18.870482721453694,0,0.03394758165075018,,,,1.903376807650882,61.92490408275843,75.48193088581479
18,,,,,I2,optimal,24.163785400101915,,,,7100.429414631941,47.14750819259191,1.1059455573558807e-09,,,,,,,94.35609915869117,302.6137445308033,8.995317491239789e-05,0.023350759573990257,1.808822011065227,0.3492902987480356,6.664513346230553,0,0.03394746908404045,,,,7.235288044260974,1.3971611949923746,26.658053384922212
18,,,,,I3,optimal,17.804974699858576,,,,106976.08066420305,2.6778668057345004e-06,1.8865102902054787e-07,,,,,,,0.0,0.0,0.0,0.0,0.0,0.0,0.0,0,3.8439203658379204e-07,,,,1.0910072161548193e-06,9.389314189243719e-07,0.0
18,,,,,I4,optimal,14.956890400033444,,,,105364.92341645264,0.00018994012715851472,1.8451828509569168e-08,,,,,,,0.0,0.0,0.0,0.0,0.0,0.0,0.0,0,3.458765339583719e-05,,,,0.00011501573247912746,8.09612380315906e-05,0.0
19,,,,,I1,optimal,14.296251500025392,,,,9719.383572948771,46.9579869207915,7.817288860678673e-08,,,,,,,105.63117153152335,372.86093259779324,4.017398597788171e-05,0.003832111300918687,0.3558728016792989,11.29391993303349,23.448050534184322,0,0.016973818909818306,,,,1.4234912067179841,45.17567973213395,93.79220213673729
19,,,,,I2,optimal,22.77414570003748,,,,7063.071865567488,46.467879486215494,4.0745362639427185e-10,,,,,,,94.36034258526298,297.5371974714592,4.497246717121909e-05,0.016775665848275223,1.2691438588779087,0.20754992042536366,1.9185849995649469,0,0.016973706287274126,,,,5.076575435511701,0.8301996817017754,7.674339998259793
19,,,,,I3,optimal,13.129954200005159,,,,106554.82735272576,0.00010875941227698976,7.828930392861366e-08,,,,,,,0.0,0.0,0.0,0.0,0.0,0.0,0.0,0,9.76547729552809e-06,,,,3.275074452983338e-05,2.3102168432722386e-05,0.0
19,,,,,I4,optimal,13.345176600152627,,,,103559.80858473187,1.8701750633531077e-05,1.6298145055770874e-09,,,,,,,0.0,0.0,0.0,0.0,0.0,0.0,0.0,0,1.163804562141277e-06,,,,3.808314718882474e-06,3.374450771534239e-06,0.0
20,,,,,I1,optimal,16.305561800021678,,,,9736.16058977591,47.2853740013665,1.1292286217212677e-07,,,,,,,105.63329326591872,373.9268127798603,2.0086252614745247e-05,0.0028586534251279303,0.26647849240520977,8.253869583557487,65.86101800064384,0,0.008486937581480447,,,,1.0659139696226305,33.015478334229975,263.4440720025754
20,,,,,I2,optimal,15.847662199987099,,,,7326.507687522587,1.2494815072154137,4.6566128730773926e-09,,,,,,,94.3624642737991,297.87141651995097,2.2484960079539073e-05,0.0011232849248162813,0.08358169557783586,0.23459460567404702,10.093501391199347,0,0.008486754144485076,,,,0.3343267823124223,0.9383784226965003,40.374005564797386
20,,,,,I3,optimal,17.110147000057623,,,,105797.41253694159,0.0002176606323541756,8.149072527885437e-10,,,,,,,0.0,0.0,0.0,0.0,0.0,0.0,0.0,0,9.789917652942263e-06,,,,3.285205991639507e-05,2.3163417446148996e-05,0.0
20,,,,,I4,optimal,14.030809799907729,,,,100417.47023464329,3.740809647270436e-05,2.3865140974521637e-09,,,,,,,0.0,0.0,0.0,0.0,0.0,0.0,0.0,0,1.1227700652469317e-06,,,,3.7599955160875407e-06,3.348326196705472e-06,0.0
21,,,,,I1,optimal,18.609853299800307,,,,9758.455175756259,47.59310404676276,2.3283064365386963e-10,,,,,,,105.63435414457905,374.72534198090733,1.0043033096156907e-05,0.002135522711277543,0.1996351190831192,6.19036461066984,11.08744089260705,0,0.004243514641331103,,,,0.7985404763339553,24.761458442679363,44.3497635704282
21,,,,,I2,optimal,28.096387799829245,,,,7126.418697927267,45.56275670422131,1.2223608791828156e-09,,,,,,,94.3635251242876,295.7607519117479,1.1242293179433926e-05,0.007085824591235029,0.5276672184472193,0.17594595478542785,2.727469486237839,0,0.004243401953985426,,,,2.1106688737890136,0.7037838191420337,10.90987794495136
21,,,,,I3,optimal,16.28480840008706,,,,105172.7030293168,2.1431228011516364e-05,4.0745362639427185e-10,,,,,,,0.0,0.0,0.0,0.0,0.0,0.0,0.0,0,6.187299355633783e-07,,,,2.0242706596163107e-06,9.404647209576112e-07,0.0
21,,,,,I4,optimal,14.88089990010485,,,,97847.43886503736,7.483454984348869e-05,2.0954757928848267e-09,,,,,,,0.0,0.0,0.0,0.0,0.0,0.0,0.0,0,1.1193107085091933e-06,,,,3.7653908907747766e-06,3.353260965184492e-06,0.0
22,,,,,I1,optimal,17.768560900120065,,,,9780.300732976577,47.8357773926862,1.5599653124809265e-08,,,,,,,105.63488459095198,375.3237607890057,5.021532788552159e-06,0.00159695313088499,0.14960564241104282,4.643300597571933,49.07333910817019,0,0.0021217854917381374,,,,0.5984225696476757,18.573202390287758,196.29335643268075
22,,,,,I2,optimal,27.58441390004009,,,,6921.541532401523,45.58122179752442,9.627547115087509e-08,,,,,,,94.36405554248644,292.1020095817128,5.6210087333682665e-06,0.012370614783691112,0.9146857363011998,0.12789351693885065,37.530238924607595,0,0.002121672795354357,,,,3.6587429452049376,0.5115740677559683,150.12095569843038
22,,,,,I3,optimal,15.077583600068465,,,,104703.24184375835,4.2872749820335554e-05,6.2282197177410126e-09,,,,,,,0.0,0.0,0.0,0.0,0.0,0.0,0.0,0,3.160224426693473e-07,,,,1.0235795716434079e-06,9.079269322010952e-07,0.0
22,,,,,I4,optimal,13.869577299803495,,,,95910.72560510602,0.0030709597402268987,1.1641532182693481e-08,,,,,,,0.0,0.0,0.0,0.0,0.0,0.0,0.0,0,2.3679958282723408e-05,,,,7.847619375961337e-05,6.970679037269652e-05,0.0
23,,,,,I1,optimal,19.535960200009868,,,,9765.875100731373,47.841178489585445,3.860914148390293e-07,,,,,,,105.63514982118063,375.772497646543,2.5108204517500256e-06,0.0011955993848989945,0.11218452791763704,3.5684246773653996,35.7361215191575,0,0.0010609209145968634,,,,0.448738111674866,14.273698709461659,142.94448607663
23,,,,,I2,optimal,15.996917999815196,,,,8104.626508469773,8.818954233700579,9.89530235528946e-10,,,,,,,94.36432074246254,306.02935035895035,2.8103918867616446e-06,0.04767971571705839,3.48183520440909,1.1483742797775969,70.25660331538309,0,0.0010607999043656946,,,,13.927340817636402,4.593497119110446,281.02641326153235
23,,,,,I3,optimal,18.538532899925485,,,,107126.24686732877,8.581001836504339e-05,2.9103830456733704e-10,,,,,,,0.0,0.0,0.0,0.0,0.0,0.0,0.0,0,4.7552448709398697e-07,,,,1.5474354917171293e-06,1.0646898064157725e-06,0.0
23,,,,,I4,optimal,14.000668099848554,,,,105557.77522970363,0.006282549794704849,1.3845274224877357e-06,,,,,,,0.0,0.0,0.0,0.0,0.0,0.0,0.0,0,3.8709043303282657e-05,,,,0.0001227996987682135,8.587354984638367e-05,0.0
24,,,,,I1,optimal,16.69323779991828,,,,9655.1716729458,46.855560582596574,4.973262548446655e-07,,,,,,,105.63528244384682,376.108966286128,1.255478563815835e-06,0.0008954051765158567,0.0841172644454346,2.621438460358515,57.69174228874812,0,0.0005304906647580765,,,,0.3364690577909782,10.485753841434104,230.76696915499244
24,,,,,I2,optimal,28.57433050009422,,,,8118.901562349356,63.6968420863222,2.3283064365386963e-10,,,,,,,94.36445333710707,316.74114470921234,1.4051353677221085e-06,0.03500250658212299,2.677948590848109,0.36669879860411386,10.44149518779398,0,0.0005303785781194392,,,,10.71179436339245,1.4667951944166637,41.765980751175924
24,,,,,I3,optimal,15.52636479982175,,,,107228.49166394466,0.00017180255055220306,2.2817403078079224e-08,,,,,,,0.0,0.0,0.0,0.0,0.0,0.0,0.0,0,3.0983700111361655e-07,,,,1.019178334871442e-06,9.062254552543639e-07,0.0
24,,,,,I4,optimal,14.199100299971178,,,,105943.81162399547,0.000600765505643821,4.0745362639427185e-10,,,,,,,0.0,0.0,0.0,0.0,0.0,0.0,0.0,0,1.6046549806100238e-06,,,,4.629763479767912e-06,3.6504167667903337e-06,0.0
25,,,,,I1,optimal,16.85822520009242,,,,9365.202247712525,44.984401892967725,2.3283064365386963e-09,,,,,,,105.63534876216366,376.3622818805353,6.278046056737769e-07,0.0006735164995098399,0.06332893332623957,1.9660765061243481,37.05214349254718,0,0.00026527326731695666,,,,0.2533157333092591,7.864306024497502,148.2085739701887
25,,,,,I2,optimal,39.63914890005253,,,,8038.833401893689,62.95004527013901,2.0954757928848267e-09,,,,,,,94.36451962741936,324.77513373213947,7.024924104979649e-07,0.025364526071605952,2.0084972568257364,0.5431533825589546,10.332817852032928,0,0.0002651612491462174,,,,8.033989027302981,2.1726135302359486,41.33127140813172
25,,,,,I3,optimal,15.6345544999931,,,,107466.11342205337,0.0003446563136810393,9.720679372549057e-09,,,,,,,0.0,0.0,0.0,0.0,0.0,0.0,0.0,0,5.978760263070281e-07,,,,1.7812898553685465e-06,1.012111181628306e-06,0.0
25,,,,,I4,optimal,11.849102000007406,,,,106806.03435536234,0.0012101449822292103,2.9685907065868378e-09,,,,,,,0.0,0.0,0.0,0.0,0.0,0.0,0.0,0,2.1335362675098367e-06,,,,7.006504932450944e-06,3.3252804269120674e-06,0.0
26,,,,,I1,optimal,19.529729000059888,,,,9279.483176764323,44.29557377983703,1.05355866253376e-08,,,,,,,105.63538192831471,376.55235934053,3.139683017512012e-07,0.0005050385470216846,0.04751937657283755,1.4745562101473564,23.03391682122405,0,0.0001326646041945878,,,,0.19007750629603437,5.8982248405895445,92.1356672848962
26,,,,,I2,optimal,44.80699799978174,,,,7986.675719827375,62.506345541277426,1.1641532182693481e-10,,,,,,,94.36455276557163,330.800805244115,3.511717370724606e-07,0.018553364731873977,1.506417878358369,1.750452737024605,8.025406609861848,0,0.00013255260910227662,,,,6.025671513433598,7.001810948098471,32.101626439447394
26,,,,,I3,optimal,15.80871140002273,,,,107555.68910625264,0.0006927641713426078,2.4330802261829376e-08,,,,,,,0.0,0.0,0.0,0.0,0.0,0.0,0.0,0,5.048608243091063e-07,,,,1.6395229815960172e-06,1.0744641847287903e-06,0.0
26,,,,,I4,optimal,13.687618599971756,,,,107137.58138434996,0.049164755548722065,9.313225746154785e-10,,,,,,,0.0,0.0,0.0,0.0,0.0,0.0,0.0,0,2.366769771215869e-05,,,,7.428751952473901e-05,6.592125287273486e-05,0.0
27,,,,,I1,optimal,38.6166010000743,,,,7788.155038590339,23.213970101269584,5.666515789926052e-07,,,,,,,105.63539849906317,359.3119795983134,1.568674070606541e-07,0.04578481402270404,4.310094935586002,1.1059165637599346,32.755872901539746,0,6.628299381361558e-05,,,,17.240379742356946,4.423666255079817,131.023491606159
27,,,,,I2,optimal,16.756164700025693,,,,7981.00746392155,62.48801402039823,9.114155545830727e-07,,,,,,,94.3645693276479,335.32012502065567,1.755116278651869e-07,0.013661755669565647,1.1298299442565582,0.6679434644987081,17.9155626058979,0,6.624830501777978e-05,,,,4.519319777026699,2.671773857994934,71.66225042359159
27,,,,,I3,optimal,41.397661899914965,,,,107624.69846037975,0.0013924911926003088,6.344635039567947e-08,,,,,,,0.0,0.0,0.0,0.0,0.0,0.0,0.0,0,4.447874742377659e-07,,,,1.347552206885668e-06,9.767340183167055e-07,0.0
27,,,,,I4,optimal,14.036748199956492,,,,107391.68405442945,0.004985051019646696,3.032619133591652e-08,,,,,,,0.0,0.0,0.0,0.0,0.0,0.0,0.0,0,1.858798496821519e-06,,,,6.076193184803123e-06,3.5564622778866457e-06,0.0
28,,,,,I1,optimal,21.87481620023027,,,,8943.557401202177,42.050196835047295,3.230525180697441e-08,,,,,,,105.6354068059335,363.76563959075196,7.863718455774004e-08,0.01239496661763803,1.1134149981406205,0.8294371399410662,26.10799481408817,0,3.322748132461584e-05,,,,4.453659992562769,3.317748559764583,104.43197925635269
28,,,,,I2,optimal,39.29274379997514,,,,8607.063701144561,62.32675885159958,1.7462298274040222e-10,,,,,,,100.78522373162284,351.55151474441675,6.4206461251058675,6.420646125359536,7.228358623192025,2.1071286767997375,29.549857552172977,0,25.68258450042347,,,,28.913434492768143,8.42851470719898,118.19943020869191
28,,,,,I3,optimal,21.86766570014879,,,,107711.0076243471,0.002825241677501625,7.33998604118824e-08,,,,,,,0.0,0.0,0.0,0.0,0.0,0.0,0.0,0,4.7373279620008657e-07,,,,1.0942850342278554e-06,9.402283613830279e-07,0.0
28,,,,,I4,optimal,16.41645610006526,,,,107679.85199116071,0.010053104838419433,7.916241884231567e-09,,,,,,,0.0,0.0,0.0,0.0,0.0,0.0,0.0,0,1.1546401941448319e-06,,,,3.6128428289381854e-06,3.2190218066937565e-06,0.0
29,,,,,I1,optimal,45.60324100009166,,,,7600.318340603977,22.273957564817188,4.2782630771398544e-08,,,,,,,105.6354109658891,349.69324243285143,3.938031499098446e-08,0.03868533920282417,3.5180992894775907,0.6332616563048195,22.17113435527871,0,1.663982234845207e-05,,,,14.072397157910391,2.5330466252194674,88.68453742111484
29,,,,,I2,optimal,28.13153410004452,,,,14238.720521505227,20.993597663944648,5.820766091346741e-11,,,,,,,118.83687661249772,397.16514104746375,2.8115003377266707,4.81262978959902,24.10276332887482,2.3789951208423394,40.84195504010523,0,72.20659499663437,,,,96.4110533154993,9.515980483369383,163.36782016042093
29,,,,,I3,optimal,22.926242799963802,,,,107768.1400926603,0.005828290277548259,4.249159246683121e-09,,,,,,,0.0,0.0,0.0,0.0,0.0,0.0,0.0,0,3.142666357367672e-07,,,,9.70571788966722e-07,8.626162593049319e-07,0.0
29,,,,,I4,optimal,22.089928300119936,,,,107898.18484484647,0.02206556364416887,1.979060471057892e-09,,,,,,,0.0,0.0,0.0,0.0,0.0,0.0,0.0,0,2.13106181515975e-06,,,,6.8944115960400025e-06,3.3739307828842906e-06,0.0
30,,,,,I1,optimal,20.328625100199133,,,,8787.018004038568,41.86399184217648,3.585591912269592e-08,,,,,,,105.63541305340416,356.0102346005949,1.9761508493580998e-08,0.018064381581398375,1.5792480419372494,0.4683413063101063,26.562943624283083,0,8.350060284101346e-06,,,,6.316992167749246,1.873365225240719,106.25177449713235
30,,,,,I2,optimal,34.29800399998203,,,,14359.48866202063,20.83399517143777,5.238689482212067e-10,,,,,,,132.37519745244072,431.374584569738,0.5532100218108338,0.6209657861786769,18.076719173114384,1.7728183572756173,28.954603517809314,0,54.15327512461199,,,,72.30687669245755,7.091273429102505,115.81841407123726
30,,,,,I3,optimal,19.52148319990374,,,,107770.56122286606,0.012517496288476523,2.043088898062706e-08,,,,,,,0.0,0.0,0.0,0.0,0.0,0.0,0.0,0,3.2847365645141134e-07,,,,1.0005447730938918e-06,8.908311226053349e-07,0.0
30,,,,,I4,optimal,17.538412499940023,,,,107887.57546845682,0.04344294987492651,1.1641532182693481e-10,,,,,,,0.0,0.0,0.0,0.0,0.0,0.0,0.0,0,1.3288232330283351e-06,,,,3.927003203334008e-06,3.290107955195895e-06,0.0
31,,,,,I1,optimal,30.135582899907604,,,,8503.8275732082,42.29473756418104,3.1618401408195496e-07,,,,,,,105.63541409398074,357.4940078046483,9.850641444144798e-09,0.004167782439507666,0.3709433010148005,0.3512558633373197,17.792004816119764,0,9.750857912281109e-06,,,,1.4837732043815877,1.4050234535185793,71.16801926447908
31,,,,,I2,optimal,35.51287389989011,,,,14238.156350226775,20.68635266642025,1.979060471057892e-09,,,,,,,142.52916372631998,457.03227884628785,0.26713499928528817,0.28731487417467305,13.557732017095029,1.4206404824105214,11.928913618378989,0,40.61586100669323,,,,54.230928068380116,5.682561929642119,47.71565447351595
31,,,,,I3,optimal,23.484465499874204,,,,107847.57245691081,0.02892803153758327,6.897607818245888e-08,,,,,,,0.0,0.0,0.0,0.0,0.0,0.0,0.0,0,3.2893314997983777e-07,,,,1.0234498178634453e-06,9.028417135465197e-07,0.0
31,,,,,I4,optimal,20.643338000169024,,,,108188.01241166906,0.10041399449893983,8.021015673875809e-08,,,,,,,0.0,0.0,0.0,0.0,0.0,0.0,0.0,0,1.1161751153742844e-06,,,,3.4300329753868294e-06,3.0562194664043034e-06,0.0
32,,,,,I1,optimal,39.19066380010918,,,,8086.312674931876,42.09356088104269,1.8044374883174896e-09,,,,,,,105.63541462922687,355.57835192543604,5.066919410267991e-09,0.005358567800831626,0.47891396980335865,0.40916151091574965,14.94751692013322,0,2.1409844919162424e-06,,,,1.915655879213663,1.6366460436632526,59.79006768053288
32,,,,,I2,optimal,44.59352320013568,,,,14098.289009782216,20.365554465630044,8.731149137020111e-10,,,,,,,150.14482623025265,476.2761924781856,0.15811748322621527,0.16739368899681487,10.168467437723935,0.9756235952980067,32.750296743643496,0,30.46264798975855,,,,40.67386975089575,3.902494381192145,131.00118697457398
32,,,,,I3,optimal,25.70621250011027,,,,108181.11482193846,0.08286119020219573,9.138602763414383e-09,,,,,,,0.0,0.0,0.0,0.0,0.0,0.0,0.0,0,3.2002866250672005e-07,,,,9.713414431752878e-07,8.591347633797869e-07,0.0
32,,,,,I4,optimal,19.217215600190684,,,,109485.84656529683,0.33372332400150434,2.3283064365386963e-10,,,,,,,0.0,0.0,0.0,0.0,0.0,0.0,0.0,0,1.407867398085566e-06,,,,4.441426608166444e-06,3.3341326684665927e-06,0.0
33,,,,,I1,optimal,43.53558319993317,,,,7786.526749184784,41.75082334899099,1.280568540096283e-09,,,,,,,105.63541465272449,351.17799355992446,2.2244074046901913e-10,0.012375214468720874,1.100089591377895,0.2127586153300852,46.924871158499634,0,1.0992276315846539e-06,,,,4.400357530050941,0.8510345208718121,187.69948463399854
33,,,,,I2,optimal,30.382693100022152,,,,13882.559902907735,20.19848495491037,7.8580342233181e-09,,,,,,,155.85667377823427,490.7097822491729,0.10239911900352626,0.10754463985655927,7.626451281606822,0.6011913472626709,6.176525439917537,0,22.847390105713487,,,,30.505805010881826,2.4047653875262487,24.706101759670148
33,,,,,I3,optimal,24.54508060007356,,,,108331.80844720645,33.31031360109258,2.0139850676059723e-08,,,,,,,0.0,0.0,0.0,0.0,0.0,0.0,0.0,0,8.27174773505896e-06,,,,2.1527167058565375e-05,1.8765192382986797e-05,0.0
33,,,,,I4,optimal,20.84173380001448,,,,110060.38194043533,5.605424231425811,5.471520125865936e-09,,,,,,,0.0,0.0,0.0,0.0,0.0,0.0,0.0,0,1.1917472550091663e-06,,,,3.6171203603772967e-06,3.2156855073920602e-06,0.0
34,,,,,I1,optimal,20.89126650011167,,,,7884.539113197249,21.831296512182085,6.402842700481415e-10,,,,,,,105.63541465281061,354.6386852039098,8.152358738519236e-13,0.0098545230835907,0.8651729109963355,0.3840910901399114,15.089025938700836,0,1.0519561186583815e-06,,,,3.4606925266021964,1.5363643927641677,60.35610375480333
34,,,,,I2,optimal,19.86910989996977,,,,13808.204543498985,19.844611061214735,1.0116491466760635e-07,,,,,,,160.1407146341611,501.53595814758523,0.06966816326010687,0.07282907690596616,5.720022776807272,0.6875600770777405,11.577810002711928,0,17.136163424051873,,,,22.88009098797516,2.7502403066391037,46.31124001084771
34,,,,,I3,optimal,16.256298899883404,,,,108392.28557213325,178.68078054731367,7.631024345755577e-08,,,,,,,0.0,0.0,0.0,0.0,0.0,0.0,0.0,0,7.944267540726383e-06,,,,2.2994655942295662e-05,1.984363235075749e-05,0.0
34,,,,,I4,optimal,17.070546600036323,,,,110575.71244576962,623.3832643465046,5.328911356627941e-07,,,,,,,0.0,0.0,0.0,0.0,0.0,0.0,0.0,0,2.3574708682034065e-05,,,,7.437057050724601e-05,6.594936110870448e-05,0.0
35,,,,,I1,optimal,31.648046199930832,,,,7794.326969397542,21.537964030629016,1.0158400982618332e-06,,,,,,,105.63541465292074,355.59312971526396,1.0425871324005374e-12,0.00269131527714008,0.23861112783853855,0.18439921475006468,29.78250052399536,0,1.0521332853841159e-06,,,,0.9544453964157497,0.7375968980528121,119.13000209598144
35,,,,,I2,optimal,17.2912842000369,,,,13606.275540097755,19.743618903553088,6.402842700481415e-10,,,,,,,163.35375609349117,509.6585787124707,0.04884813828770832,0.050923580608527606,4.290326991784878,0.5107821130838663,9.717975934489925,0,12.852165837760737,,,,17.161307849123695,2.043128451069595,38.87190373795969
35,,,,,I3,optimal,18.1512556001544,,,,108752.83248054286,8.78729560354843,6.810296326875687e-09,,,,,,,0.0,0.0,0.0,0.0,0.0,0.0,0.0,0,4.118728089950952e-07,,,,1.1432934256795395e-06,9.14501605568376e-07,0.0
35,,,,,I4,optimal,17.504999400116503,,,,112070.89379042335,30.68677537918223,3.4924596548080444e-10,,,,,,,0.0,0.0,0.0,0.0,0.0,0.0,0.0,0,1.629582457651665e-06,,,,4.874670472214874e-06,3.6195590703706582e-06,0.0
36,,,,,I1,optimal,20.585495200008154,,,,7749.115648582395,21.458040834261702,3.966270014643669e-07,,,,,,,105.6354146530226,355.0787856000959,9.641576745686272e-13,0.0014464399680047565,0.12858602879201442,0.35027081592777315,26.131575067345512,0,1.0520073630004845e-06,,,,0.5143432314689389,1.4010832882103803,104.52630026938206
36,,,,,I2,optimal,18.764165699947625,,,,13433.613987719495,19.532050122260944,2.735760062932968e-09,,,,,,,165.76358199063708,515.752582477646,0.03493049519475641,0.036348263436094236,3.217979984570657,1.6217534361468942,7.545994064668285,0,9.639303588991055,,,,12.871919821220848,6.4870137443633595,30.18397625867314
36,,,,,I3,optimal,19.395869300002232,,,,108972.66929054014,8.787631312454376,7.392372936010361e-09,,,,,,,0.0,0.0,0.0,0.0,0.0,0.0,0.0,0,3.2271996542191886e-07,,,,9.856903017066207e-07,8.652405745512883e-07,0.0
36,,,,,I4,optimal,16.3005065000616,,,,113029.72826583026,30.686501674833856,2.561137080192566e-09,,,,,,,0.0,0.0,0.0,0.0,0.0,0.0,0.0,0,1.6890885036220489e-06,,,,4.815935914550606e-06,3.5405620644310988e-06,0.0
37,,,,,I1,optimal,34.10966639989056,,,,7766.479672834937,21.344470500404675,1.5588011592626572e-07,,,,,,,105.63541465313659,357.81916273663,1.0791785775613327e-12,0.007717659425647667,0.6850942841335268,0.20453727783516346,0.14360794081800773,0,1.0520950155523678e-06,,,,2.740378027089484,0.8181491278282222,0.5744317632720323
37,,,,,I2,optimal,17.846808400005102,,,,13370.744868764266,19.47485872786072,8.731149137020111e-09,,,,,,,167.57095520864783,520.3239593790348,0.025313706117538765,0.026307694068711102,2.4135767802357115,1.2144929476699482,88.27628233537548,0,7.229492872498994,,,,9.654307004575227,4.857971790511405,353.105129341502
37,,,,,I3,optimal,19.75360870012082,,,,109052.87808238655,8.788151110453011,2.3632310330867767e-08,,,,,,,0.0,0.0,0.0,0.0,0.0,0.0,0.0,0,4.622492201959855e-07,,,,1.2080303943644605e-06,1.0482964525558106e-06,0.0
37,,,,,I4,optimal,20.149136199848726,,,,113468.42379754367,30.683389930654013,3.841705620288849e-09,,,,,,,0.0,0.0,0.0,0.0,0.0,0.0,0.0,0,1.6787655020121049e-06,,,,5.27610228909018e-06,3.677225246309816e-06,0.0
38,,,,,I1,optimal,21.543184499954805,,,,7824.505162396348,38.576999887291535,4.71482053399086e-08,,,,,,,105.63541465347782,362.65273967688717,3.2302712545967033e-12,0.013508435108085243,1.20839423506429,0.3119378039880278,25.640220094388138,0,1.0539975789924938e-06,,,,4.833577843695283,1.2477512356406746,102.56088037755256
38,,,,,I2,optimal,18.558774099918082,,,,13224.652758527136,19.38591137940462,3.3760443329811096e-09,,,,,,,168.92649307715794,523.75369849703,0.018516665577198194,0.019227760310053486,1.8102725311068293,0.9108659918035646,31.35046021757916,0,5.422151475405386,,,,7.241090008514104,3.6434639670879054,125.40184087031663
38,,,,,I3,optimal,22.027996299788356,,,,109221.90519470564,178.37008073544206,2.604210749268532e-07,,,,,,,0.0,0.0,0.0,0.0,0.0,0.0,0.0,0,1.287504183536907e-05,,,,4.0624193992636085e-05,1.8246874274411765e-05,0.0
38,,,,,I4,optimal,15.97554500005208,,,,114127.7210536551,30.68416069292616,3.6670826375484467e-09,,,,,,,0.0,0.0,0.0,0.0,0.0,0.0,0.0,0,1.1402968946632125e-06,,,,3.56639966483834e-06,3.169541936574175e-06,0.0
39,,,,,I1,optimal,25.196900699986145,,,,7910.375322496991,38.99449348857232,4.656612873077393e-10,,,,,,,105.63541465382572,366.2776398287006,3.293364592017593e-12,0.009995512939025713,0.9062250379533623,0.22576127827986509,17.574857025472777,0,1.0540228316813227e-06,,,,3.6249010642807105,0.9030451178970826,70.29942810189111
39,,,,,I2,optimal,16.675175900105387,,,,13040.937147053333,19.271911350061995,9.778887033462524e-09,,,,,,,169.94339659298606,526.3272314580697,0.013638378457934473,0.01415134972354541,1.3579685651619073,1.1372590736945751,25.730146954638276,0,4.067614064704017,,,,5.431874145212295,4.549036294721421,102.92058781855312
39,,,,,I3,optimal,18.769430099986494,,,,109383.8721978502,8.787393990939119,3.1315721571445465e-07,,,,,,,0.0,0.0,0.0,0.0,0.0,0.0,0.0,0,4.544632447969851e-07,,,,1.3864791008232895e-06,9.853641638424673e-07,0.0
39,,,,,I4,optimal,15.04970319988206,,,,114764.41022065618,30.68551702486918,1.4086253941059113e-08,,,,,,,0.0,0.0,0.0,0.0,0.0,0.0,0.0,0,1.4487230853692045e-06,,,,3.895882206953535e-06,3.290919323961535e-06,0.0
40,,,,,I1,optimal,24.877671199850738,,,,7960.471849707497,39.24227022063802,1.1641532182693481e-10,,,,,,,105.63541465418018,368.9961433001055,3.3555162378344137e-12,0.00742197496051421,0.6796258678512146,0.16932095826842014,14.155730996813707,0,1.0540375257050982e-06,,,,2.718504390634562,0.6772838395387039,56.62292398725482
40,,,,,I2,optimal,16.513052500085905,,,,12907.540806043955,19.12297292003156,1.1350493878126144e-08,,,,,,,170.70624993533994,528.2582201671445,0.010093481626975633,0.010467219475697922,1.018664072560096,0.8529443170200794,7.667051450976518,0,3.0514133708334157,,,,4.074656175177546,3.4117772680377607,30.668205803906073
40,,,,,I3,optimal,17.496070900000632,,,,109508.8200074351,176.71421651839134,1.593143679201603e-07,,,,,,,0.0,0.0,0.0,0.0,0.0,0.0,0.0,0,1.295020583382755e-05,,,,4.090019544147818e-05,1.8232524708665373e-05,0.0
40,,,,,I4,optimal,14.353060799883679,,,,115296.2040956799,30.68514350403098,9.313225746154785e-10,,,,,,,0.0,0.0,0.0,0.0,0.0,0.0,0.0,0,1.4280133075603337e-06,,,,3.6915239457920356e-06,3.2173825081427064e-06,0.0
41,,,,,I1,optimal,27.028595899930224,,,,7959.836313475342,39.188419626274815,1.3969838619232178e-09,,,,,,,105.63541465453717,371.035014088062,3.3794621100250754e-12,0.005525452840026822,0.5097176969891279,0.3858871225915914,25.545516363362232,0,1.0540342714193685e-06,,,,2.038871712253489,1.5435485029546563,102.18206545344893
41,,,,,I2,optimal,17.501924499869347,,,,12835.066349693087,19.034715891597852,6.216578185558319e-08,,,,,,,171.27847371230916,529.706941926316,0.007495563273384108,0.007770157654815146,0.7640949443342675,0.6560386731022773,13.199620071766633,0,2.288895109304846,,,,3.056379662550914,2.624154692377995,52.798480287066525
41,,,,,I3,optimal,17.645179900107905,,,,109580.59271268838,8.157277025124445,6.984919309616089e-10,,,,,,,0.0,0.0,0.0,0.0,0.0,0.0,0.0,0,3.916002843233889e-07,,,,1.1486853442786974e-06,9.783845236200187e-07,0.0
41,,,,,I4,optimal,14.799369000131264,,,,115555.87020470251,30.68521140351564,4.71482053399086e-09,,,,,,,0.0,0.0,0.0,0.0,0.0,0.0,0.0,0,1.5514749850421573e-06,,,,3.816453925039164e-06,3.257617943075877e-06,0.0
42,,,,,I1,optimal,30.099211799912155,,,,7955.169977974303,39.13510703338896,1.7462298274040222e-10,,,,,,,105.63541465488635,372.56417549560047,3.3054720554574065e-12,0.004121339899138328,0.38229035188462035,6.60423931428937,71.60935336712127,0,1.0539002914811135e-06,,,,1.5291623355555024,26.41695706058666,286.4374134684851
42,,,,,I2,optimal,33.02501479978673,,,,12721.38182949136,18.797070223756165,1.1641532182693481e-10,,,,,,,171.70775292176,530.7941548273326,0.00558129642012814,0.005784267334956417,0.5732077976330074,0.5580240968452806,8.388916711871838,0,1.7171168392000453,,,,2.2928310760246773,2.2320963888638983,33.55566684748734
42,,,,,I3,optimal,16.87701699999161,,,,109676.8186009386,178.69663017369663,1.2223608791828156e-09,,,,,,,0.0,0.0,0.0,0.0,0.0,0.0,0.0,0,1.2876610336283373e-05,,,,4.081423539124246e-05,1.8234636360659333e-05,0.0
42,,,,,I4,optimal,27.736479900078848,,,,115925.74080739987,30.685471964304643,1.57160684466362e-09,,,,,,,0.0,0.0,0.0,0.0,0.0,0.0,0.0,0,1.6484353959073387e-06,,,,4.850444178315816e-06,3.564563137371396e-06,0.0
43,,,,,I1,optimal,27.416652200045064,,,,7935.405164700645,38.98672542785597,2.9103830456733704e-10,,,,,,,105.63541466059468,373.71109813083444,5.403803097180358e-11,0.003078456573846084,0.2867306588084944,5.18475230661291,18.307743908826914,0,1.053890940738711e-06,,,,1.1469235471411479,20.73900909206991,73.23097563530767
43,,,,,I2,optimal,38.988829400157556,,,,11337.69453164348,2.0010411834745043,4.3655745685100555e-08,,,,,,,172.0298851733162,514.2179506441479,0.004164973679741161,0.06425839220710952,4.440187093436582,0.3770693785144313,3.1253652762655735,0,1.288529029058168,,,,17.760747748399925,1.5082775135927136,12.501461105062287
43,,,,,I3,optimal,16.417048799805343,,,,109663.2411425218,8.787130586384137,1.1641532182693481e-09,,,,,,,0.0,0.0,0.0,0.0,0.0,0.0,0.0,0,4.1060115553978333e-07,,,,1.111154956214414e-06,9.345887364036329e-07,0.0
43,,,,,I4,optimal,19.25477120000869,,,,115861.82621820409,30.685452419104443,1.1932570487260818e-08,,,,,,,0.0,0.0,0.0,0.0,0.0,0.0,0.0,0,1.166987120504415e-06,,,,3.5933489441117373e-06,3.185001047812386e-06,0.0
44,,,,,I1,optimal,31.374424999812618,,,,7870.234777105592,38.553970284691026,8.149072527885437e-10,,,,,,,105.63541492406051,374.57150074096336,2.494105188692884e-09,0.002302320199834398,0.21510065253239014,3.2176761292654286,18.163019099980968,0,1.0538633148371446e-06,,,,0.8604026101314148,12.870704517061752,72.65207639992387
44,,,,,I2,optimal,29.7978269001469,,,,10531.043179043016,0.0,1.0477378964424133e-09,,,,,,,167.25007470086757,490.5570630118239,0.0532140917177429,0.09511965330776663,7.924539705469414,0.2832466835654053,4.2581828426796005,0,20.08610279663158,,,,31.69815882187769,1.132986734261861,17.03273137071841
44,,,,,I3,optimal,18.863747199997306,,,,108808.68706788712,8.78707907059894,1.9266735762357712e-08,,,,,,,0.0,0.0,0.0,0.0,0.0,0.0,0.0,0,3.757717153226976e-07,,,,1.0234532309289853e-06,8.900097986632569e-07,0.0
44,,,,,I4,optimal,16.520710200071335,,,,112439.1432677644,30.690333321689003,9.19681042432785e-09,,,,,,,0.0,0.0,0.0,0.0,0.0,0.0,0.0,0,1.1368324864167876e-06,,,,3.55249018399336e-06,3.1596506168829688e-06,0.0
45,,,,,I1,optimal,32.181669200072065,,,,8015.286229648755,37.683556420052454,7.741618901491165e-09,,,,,,,106.89079655898874,377.56696716116926,0.011884098110758589,0.00799704839871795,1.4617743469757534,3.1050536370101116,37.0850237869949,0,5.021526539712909,,,,5.847097387903085,12.420214548040478,148.3400951479796
45,,,,,I2,optimal,18.212580499937758,,,,10952.276127899004,0.0,5.820766091346741e-10,,,,,,,164.84708527448157,478.4974135848636,0.028926742071031634,0.05443348305684992,4.097160066217208,0.21243504181482295,9.365495816839553,0,10.337614568200962,,,,16.388640264868858,0.8497401672595142,37.4619832673582
45,,,,,I3,optimal,20.43549419986084,,,,108159.34347416055,1.7663885951698666e-08,2.153683453798294e-09,,,,,,,0.0,0.0,0.0,0.0,0.0,0.0,0.0,0,6.025360147774571e-07,,,,2.012074199202493e-06,1.3317872001143728e-06,0.0
45,,,,,I4,optimal,15.098540299804881,,,,109843.73344233543,6.31966958123528e-08,6.868503987789154e-09,,,,,,,0.0,0.0,0.0,0.0,0.0,0.0,0.0,0,1.6589712929148114e-06,,,,5.498382339869857e-06,3.931697630873468e-06,0.0
46,,,,,I1,optimal,26.093295499915257,,,,8048.671200868372,37.736024096233585,1.8044374883174896e-09,,,,,,,108.47843370215185,381.0232247272023,0.014852889063156658,0.009154025289923502,1.8075394797966822,4.362821752866888,4.744033336221503,0,6.350548572652443,,,,7.230157919186937,17.451287011467578,18.976133344886005
46,,,,,I2,optimal,26.44281979999505,,,,11246.026135464079,3.9830687770021203,1.0085292160511017e-05,,,,,,,166.47394494942932,474.2824086646534,0.01829946487082759,0.01665749285463163,1.9180377134518425,0.15962778398131935,60.75101012025247,0,6.350547910716898,,,,7.6721508538300816,0.6385111361034157,243.00404048100987
46,,,,,I3,optimal,16.8964871999342,,,,107724.13566669625,1.4307977381659473e-08,2.9103830456733704e-09,,,,,,,0.0,0.0,0.0,0.0,0.0,0.0,0.0,0,3.156431820101811e-07,,,,1.0416640093030973e-06,9.281161126032698e-07,0.0
46,,,,,I4,optimal,22.75925839995034,,,,108102.98550178445,4.969111237858134e-08,6.984919309616089e-10,,,,,,,0.0,0.0,0.0,0.0,0.0,0.0,0.0,0,1.6668776444467126e-06,,,,5.133494308015502e-06,3.834892361432751e-06,0.0
47,,,,,I1,optimal,29.61470609996468,,,,8080.371955550967,38.84838187350772,1.30385160446167e-08,,,,,,,109.27225231114443,382.87276632945213,0.007317755077218026,0.004854144005457972,0.9186665568290905,3.2788038462927203,65.04420019991298,0,3.1752744359703087,,,,3.6746662273168553,13.115215385170936,260.1768007996519
47,,,,,I2,optimal,27.076940699946135,,,,10426.851979435836,5.3125106634181444e-08,2.735760062932968e-09,,,,,,,166.86948618077116,460.4970244943001,0.0041430064968101055,0.04622728725492562,2.7258209441139263,0.11972109163534478,10.554289107102862,0,1.4640770630725939,,,,10.903283776455725,0.4788843665417674,42.21715642841145
47,,,,,I3,optimal,16.038747599814087,,,,107409.04340778443,2.8619935243083004e-08,8.265487849712372e-09,,,,,,,0.0,0.0,0.0,0.0,0.0,0.0,0.0,0,3.510554377192992e-07,,,,1.0999754468913124e-06,9.262927035112522e-07,0.0
47,,,,,I4,optimal,19.88827560003847,,,,106850.89143394548,9.982237939036169e-08,5.820766091346741e-11,,,,,,,0.0,0.0,0.0,0.0,0.0,0.0,0.0,0,1.2015816231659194e-06,,,,3.8846748713809466e-06,3.411186523692761e-06,0.0
48,,,,,I1,optimal,17.83681340003386,,,,8125.593824138124,39.531156219255585,9.89530235528946e-10,,,,,,,109.77611145053817,384.08885111705746,0.004611043780437864,0.0031762112496633303,0.5884750806244202,3.0152897690839837,17.664078731751474,0,2.015436557574972,,,,2.3539003224985486,12.061159076335983,70.6563149270059
48,,,,,I2,optimal,24.07952190004289,,,,9568.048146662763,1.0491092595101382e-07,3.9458973333239555e-07,,,,,,,163.00037367164612,441.6396368348759,0.04386929302176082,0.07599519691277204,5.622448624214589,0.08978902972087283,4.401173520477957,0,15.566985681466548,,,,22.48979449686377,0.3591561191536908,17.604694081911823
48,,,,,I3,optimal,25.406444300198928,,,,107543.45029336898,4.5105782132805605e-08,6.984919309616089e-10,,,,,,,0.0,0.0,0.0,0.0,0.0,0.0,0.0,0,3.1213895082646814e-07,,,,1.0269676854616495e-06,9.095669280439029e-07,0.0
48,,,,,I4,optimal,19.470615199999884,,,,107382.6236151226,1.5625712213283267e-07,9.89530235528946e-10,,,,,,,0.0,0.0,0.0,0.0,0.0,0.0,0.0,0,1.580510578440844e-06,,,,4.474253426239672e-06,3.7300818116714344e-06,0.0
49,,,,,I1,optimal,22.87921170005575,,,,8187.168634324777,39.505789617756065,7.700873538851738e-08,,,,,,,111.1269424199012,386.82311032594134,0.012305327192899113,0.0071188195151506055,1.5139369691719866,2.625181704059244,15.731036372730957,0,5.403323877452138,,,,6.055747876688098,10.500726816237032,62.92414549092382
49,,,,,I2,optimal,23.22253330005333,,,,9629.599629970122,0.0,4.0745362639427185e-10,,,,,,,160.70208410612335,428.58516031750554,0.027296087195636354,0.055468729489162136,3.597107383296607,0.067343387679442,28.71748680689544,0,9.261078242563286,,,,14.388429533186462,0.2693735507185711,114.86994722758178
49,,,,,I3,optimal,20.35739060002379,,,,107784.91699925288,1.6824184449286873e-08,6.577465683221817e-09,,,,,,,0.0,0.0,0.0,0.0,0.0,0.0,0.0,0,5.940058239129073e-07,,,,1.9766293142202994e-06,9.226707150685198e-07,0.0
49,,,,,I4,optimal,18.10207929997705,,,,108339.09258722104,0.0,6.624031811952591e-08,,,,,,,0.0,0.0,0.0,0.0,0.0,0.0,0.0,0,2.0412890140567093e-06,,,,6.632584079514289e-06,3.828534463528637e-06,0.0
50,,,,,I1,optimal,24.279763899976388,,,,8315.256317501407,39.998234997772165,5.0640664994716644e-09,,,,,,,112.71888304287195,389.9575604043515,0.014325424494768249,0.008103057947517787,1.7743515795755798,1.968886278044432,45.463341752200726,0,6.367762491883013,,,,7.097406318302534,7.875545112177827,181.8533670088029
50,,,,,I2,optimal,39.09043699991889,,,,9062.48461425272,0.0,1.2223608791828156e-09,,,,,,,155.56947827003646,411.66003544208525,0.062363939929926934,0.08121175279254066,6.371992897536373,0.05050690730368636,10.616055762610559,0,20.58142135959681,,,,25.48797159014552,0.20202762921583542,42.464223050442236
50,,,,,I3,optimal,15.993260700022802,,,,107882.47989316238,1.4271633815253796e-08,3.4924596548080444e-10,,,,,,,0.0,0.0,0.0,0.0,0.0,0.0,0.0,0,4.5126814215854114e-07,,,,1.4960314212765763e-06,1.0793531722674582e-06,0.0
50,,,,,I4,optimal,18.301980199990794,,,,108721.49908073788,4.919806148199665e-08,1.3969838619232178e-09,,,,,,,0.0,0.0,0.0,0.0,0.0,0.0,0.0,0,1.5011363568739257e-06,,,,4.218801278732766e-06,3.5215161706152492e-06,0.0
51,,,,,I1,optimal,20.021352800074965,,,,8500.741391274363,40.165501387850576,1.2862146832048893e-06,,,,,,,115.19917735793186,394.7168187910112,0.022004248517229742,0.012204554725711015,2.750912332982532,3.2615188697896964,81.11829665936952,0,9.921177260239617,,,,11.003649331930252,13.04607547915884,324.47318663747814
51,,,,,I2,optimal,29.51835870021023,,,,8541.2864127775,0.0,4.656612873077393e-10,,,,,,,146.1073621677722,393.31144062518354,0.12367224319754522,0.1340305619318487,11.160668989219852,0.0378801918444579,3.545193868063994,0,38.269109709188896,,,,44.64267595687941,0.15152076737925274,14.180775472255977
51,,,,,I3,optimal,17.26590620004572,,,,108025.77558168636,0.0,6.402842700481415e-10,,,,,,,0.0,0.0,0.0,0.0,0.0,0.0,0.0,0,6.631135868663487e-07,,,,2.2191293733198297e-06,9.379525659250312e-07,0.0
51,,,,,I4,optimal,15.196002899901941,,,,109266.16414514788,3.198556606072109e-08,7.566995918750763e-10,,,,,,,0.0,0.0,0.0,0.0,0.0,0.0,0.0,0,1.3075919270548196e-06,,,,4.092819685461346e-06,3.4407221113635815e-06,0.0
52,,,,,I1,optimal,25.563580099958926,,,,8609.144586306571,17.82535730106523,6.344635039567947e-08,,,,,,,119.45121747413833,401.1787561546808,0.036910334029513846,0.016371071755852874,4.548586022664461,2.143960517264536,13.163552516004335,0,17.00816046482589,,,,18.194344090657918,8.575842069058238,52.654210064017356
52,,,,,I2,optimal,34.72944989986718,,,,9979.88635581335,0.0,3.4924596548080444e-10,,,,,,,142.9138746885795,398.4071386216648,0.048265428615689325,0.013121421750468341,3.402046774467723,0.030726151031071198,73.22848639930822,0,13.088167842040434,,,,13.608187097870925,0.1229046041270264,292.9139455972329
52,,,,,I3,optimal,19.88038400001824,,,,108155.60560010062,1.0845399535272732e-07,9.493669494986534e-08,,,,,,,0.0,0.0,0.0,0.0,0.0,0.0,0.0,0,1.2882479009359167e-05,,,,4.3298608778353924e-05,1.9340897412290036e-05,0.0
52,,,,,I4,optimal,21.421517600072548,,,,109828.81264959127,1.8137749273537726e-08,1.7462298274040222e-10,,,,,,,0.0,0.0,0.0,0.0,0.0,0.0,0.0,0,1.7096615536439342e-06,,,,5.57447533518808e-06,4.003821812257798e-06,0.0
53,,,,,I1,optimal,19.988125500036404,,,,8569.559989212263,17.71784700557047,2.153683453798294e-08,,,,,,,123.45825805953731,406.79125212071096,0.03354541435516572,0.013990012880607718,4.245601393039469,4.767900352346449,15.402079603130066,0,16.02816234159593,,,,16.982405572157944,19.071601409385845,61.60831841252027
53,,,,,I2,optimal,18.385865200078115,,,,9905.829149145575,3.1375711641418267e-08,5.3551048040390015e-09,,,,,,,146.26593538610211,400.12863628488503,0.05104240953079266,0.012718586648524793,3.3274362168958986,0.4306563067998432,18.058907456552763,0,13.173151949860483,,,,13.309744867583625,1.7226252271995468,72.23562982621105
53,,,,,I3,optimal,15.15306769986637,,,,108347.94724761209,0.0,2.3981556296348572e-08,,,,,,,0.0,0.0,0.0,0.0,0.0,0.0,0.0,0,6.173930421350244e-07,,,,2.0047976808684945e-06,1.4060311778425213e-06,0.0
53,,,,,I4,optimal,15.150745699880645,,,,110583.88392854152,1.9797134540064245e-08,1.57160684466362e-09,,,,,,,0.0,0.0,0.0,0.0,0.0,0.0,0.0,0,1.2459800879110643e-06,,,,4.046013462218412e-06,3.4174411647938278e-06,0.0
54,,,,,I1,optimal,19.820472999941558,,,,8611.439673076857,18.84365815217076,4.656612873077393e-10,,,,,,,125.64021649353026,410.23025519640447,0.01767365317061824,0.008453975000113863,2.3452321830337586,3.4593314984443757,53.95801704000326,0,8.727833735971814,,,,9.380928732135555,13.837325993777556,215.83206816001305
54,,,,,I2,optimal,27.374781799968332,,,,10346.85678674146,0.0,5.820766091346741e-10,,,,,,,144.86993351406005,408.6795484567648,0.021234646559256946,0.040905501632594155,2.188215171898954,0.35011617111762805,25.183299270141944,0,5.760017601868135,,,,8.752860687595843,1.4004646844706459,100.73319708056778
54,,,,,I3,optimal,15.034244099864736,,,,108286.64834493252,1.0622878551305088e-08,1.1641532182693481e-10,,,,,,,0.0,0.0,0.0,0.0,0.0,0.0,0.0,0,6.468232924884237e-07,,,,2.1522392418819238e-06,9.471270250344927e-07,0.0
54,,,,,I4,optimal,12.574403500184417,,,,110330.97062840151,3.6370954707716694e-08,2.2118911147117615e-08,,,,,,,0.0,0.0,0.0,0.0,0.0,0.0,0.0,0,1.2410743153214577e-06,,,,3.959344446803516e-06,3.3806296732710787e-06,0.0
55,,,,,I1,optimal,18.487877500010654,,,,8526.585118958761,18.375667400392576,3.4924596548080444e-10,,,,,,,127.63668642267683,413.14677258311497,0.015890373201079108,0.007109464379496253,2.1254462548305124,3.0369236886936615,46.65589352873345,0,7.9858797165862825,,,,8.501785019322588,12.147694754774703,186.6235741149338
55,,,,,I2,optimal,27.02056989981793,,,,10767.412352453404,1.995998564212664e-08,4.0745362639427185e-10,,,,,,,145.76078895218762,420.53431496074916,0.01292497674213406,0.06438427207681191,2.690447619259693,0.15341136126779348,22.60622065458513,0,3.431524719838734,,,,10.76179047703878,0.6136454450714767,90.42488261834052
55,,,,,I3,optimal,14.921600500121713,,,,108418.64741038592,0.0,3.123423084616661e-07,,,,,,,0.0,0.0,0.0,0.0,0.0,0.0,0.0,0,4.013884892891268e-07,,,,1.2879455394298556e-06,1.1392210631377524e-06,0.0
55,,,,,I4,optimal,13.511087199905887,,,,110852.23139166378,3.985909496698255e-08,5.762558430433273e-09,,,,,,,0.0,0.0,0.0,0.0,0.0,0.0,0.0,0,1.4980435326340137e-06,,,,4.569893050253756e-06,3.5673959701969084e-06,0.0
56,,,,,I1,optimal,18.077936199959368,,,,8438.531679678232,18.069315165304836,1.7345882952213287e-08,,,,,,,128.91956857235067,415.1336129767324,0.01005104555461033,0.004809042513378832,1.37568438669945,2.26052578869372,15.056703730972611,0,5.1315285986953825,,,,5.50273754679795,9.042103154774948,60.22681492389043
56,,,,,I2,optimal,20.302044600015506,,,,11047.163536760027,4.803048028159623,2.3283064365386963e-09,,,,,,,147.06840818534891,433.50666439480153,0.019081478789162425,0.06996655288805276,3.1912757523190916,0.11505901889594698,13.428642937323383,0,5.131527616955253,,,,12.765103009285543,0.4602360757859242,53.71457174929355
56,,,,,I3,optimal,15.62649940000847,,,,108500.2654219048,1.7714746717612545e-08,2.2118911147117615e-09,,,,,,,0.0,0.0,0.0,0.0,0.0,0.0,0.0,0,3.749757652758597e-07,,,,1.0395285773336477e-06,9.132608733810765e-07,0.0
56,,,,,I4,optimal,15.27402379992418,,,,111192.25372258647,1.2551929078497581e-06,2.561137080192566e-09,,,,,,,0.0,0.0,0.0,0.0,0.0,0.0,0.0,0,4.649577221812426e-05,,,,0.00015621522582155283,6.831687220553217e-05,0.0
57,,,,,I1,optimal,16.60084420000203,,,,8254.386913711824,17.338520395753303,3.3057876862585545e-06,,,,,,,129.56100967265016,416.32407965422436,0.0049755138603299505,0.002867671131122462,0.7071225968968088,1.581992375311874,18.760776567967646,0,2.5657644011979244,,,,2.8284903878122845,6.327969501305551,75.04310627187058
57,,,,,I2,optimal,18.396802800009027,,,,10937.500847213898,6.969278347713263,3.4924596548080444e-10,,,,,,,153.1706503910853,446.30056844626574,0.069516756639738,0.06630225901318172,6.2414034933843645,0.08670492943498542,24.594289441367078,0,21.843204901663427,,,,24.965613973537515,0.3468197177406562,98.37715776546833
57,,,,,I3,optimal,17.722888000076637,,,,108756.80088158208,3.542959832489312e-08,4.540197551250458e-09,,,,,,,0.0,0.0,0.0,0.0,0.0,0.0,0.0,0,5.069866825526933e-07,,,,1.6353989441877985e-06,1.029338859493199e-06,0.0
57,,,,,I4,optimal,14.326640399871394,,,,112211.2995264937,1.2370685399278056e-07,1.3969838619232178e-09,,,,,,,0.0,0.0,0.0,0.0,0.0,0.0,0.0,0,1.5417654348898735e-06,,,,4.958214924578123e-06,3.6518565391857346e-06,0.0
58,,,,,I1,optimal,16.826637199847028,,,,8218.263760335847,17.222594068768398,1.1816155165433884e-08,,,,,,,129.8817302837757,417.0669024433864,0.0024754408130647234,0.0017842417132802157,0.370605337801419,1.1649280774882242,11.203279082518263,0,1.282882444502178,,,,1.482421351208828,4.659712309953358,44.81311633007304
58,,,,,I2,optimal,22.951639800099656,,,,10928.13972193068,45.34617927634771,5.238689482212067e-10,,,,,,,156.2176132687896,456.61827845164055,0.032449649515756206,0.05044906934825342,3.64299181925863,0.8384981765666442,2.7858292627450867,0,10.90496966552979,,,,14.571967277034522,3.353992706266632,11.143317050980343
58,,,,,I3,optimal,17.10656029987149,,,,108849.68169427934,6.941624154288211e-08,4.0745362639427185e-10,,,,,,,0.0,0.0,0.0,0.0,0.0,0.0,0.0,0,5.426654921392298e-07,,,,1.5712433180859994e-06,1.3700889271041298e-06,0.0
58,,,,,I4,optimal,16.023695500101894,,,,112553.2947448351,2.3961573513766097e-07,1.6880221664905548e-09,,,,,,,0.0,0.0,0.0,0.0,0.0,0.0,0.0,0,1.6614893413403648e-06,,,,5.397507723993626e-06,3.919290554193853e-06,0.0
59,,,,,I1,optimal,16.11039980011992,,,,8076.647157588547,16.881249819075272,1.7462298274040222e-10,,,,,,,130.04209062594873,417.5496959147748,0.0012346643505799742,0.001157592387600035,0.2007075866598016,0.8640160223066835,29.63897704030387,0,0.6414413686920568,,,,0.8028303466410147,3.4560640892270706,118.55590816121548
59,,,,,I2,optimal,24.11666309996508,,,,10699.846182212132,43.88707195686082,3.4924596548080444e-09,,,,,,,156.65771591898402,464.1323894393604,0.0032250395502385625,0.0348878898397862,1.7698347515733446,0.24745074227620206,84.81095184297698,0,1.118969831211686,,,,7.079339006293403,0.9898029691049957,339.2438073719079
59,,,,,I3,optimal,16.119223300134763,,,,109093.21557510091,1.4171985200430139e-07,5.238689482212067e-09,,,,,,,0.0,0.0,0.0,0.0,0.0,0.0,0.0,0,3.8156049240449753e-07,,,,1.2181751546289414e-06,1.0578313120039456e-06,0.0
59,,,,,I4,optimal,15.744021099992096,,,,113548.60986977999,4.948173931223689e-07,3.4924596548080444e-10,,,,,,,0.0,0.0,0.0,0.0,0.0,0.0,0.0,0,1.6568315005708003e-06,,,,4.377223177808627e-06,3.565266748959719e-06,0.0
60,,,,,I1,optimal,20.22162489988841,,,,7960.949349231535,16.453670597402276,1.3977987691760063e-06,,,,,,,130.12227083403207,417.87468189159915,0.0006165712016578023,0.0007783168806107071,0.11414840598565544,0.6431915539916802,12.89533450445446,0,0.3207208323333077,,,,0.4565936239481508,2.572766215967116,51.581338017817835
60,,,,,I2,optimal,19.808854000177234,,,,10702.030809621047,47.87948753882297,4.0745362639427185e-10,,,,,,,154.64003614681997,469.6556578914399,0.024107643622014688,0.02473694697807801,2.457337854440578,0.22890167231162786,23.055335515556955,0,8.391439322226873,,,,9.829351417762348,0.915606689246728,92.22134206222779
60,,,,,I3,optimal,17.47323890007101,,,,109239.70755501518,2.834529184628032e-07,3.434251993894577e-09,,,,,,,0.0,0.0,0.0,0.0,0.0,0.0,0.0,0,3.1485033519444397e-07,,,,1.0359513545800721e-06,9.111256549902884e-07,0.0
60,,,,,I4,optimal,15.907624599989504,,,,114136.81384299703,9.59121193091596e-07,9.720679372549057e-09,,,,,,,0.0,0.0,0.0,0.0,0.0,0.0,0.0,0,1.263546435365307e-06,,,,4.2020548192320155e-06,3.3083875897617085e-06,0.0
61,,,,,I1,optimal,18.269755800021812,,,,7913.6500453757435,16.255542382419755,6.873742677271366e-07,,,,,,,130.16236097527292,418.0997932406706,0.0003080959238098989,0.00053870540338173,0.06909713736660064,4.311704660293682,44.05173457759825,0,0.1603605649634403,,,,0.2763885494773506,17.246818641174784,176.206938310393
61,,,,,I2,optimal,15.787757499841973,,,,10710.176492434148,43.74990345248995,6.984919309616089e-10,,,,,,,153.25469460785388,473.74154275358694,0.016785053901790265,0.0178376503999074,1.7100406265739874,0.17167625605377343,43.49872185269371,0,5.701726121977842,,,,6.840162506295994,0.686705024215516,173.99488741077485
61,,,,,I3,optimal,17.068404299905524,,,,109342.11390722987,1.1501354462821225e-05,9.726500138640404e-08,,,,,,,0.0,0.0,0.0,0.0,0.0,0.0,0.0,0,9.884819484740619e-06,,,,3.0468661454901486e-05,2.2743118708353754e-05,0.0
61,,,,,I4,optimal,18.137589500052854,,,,114551.75713557345,1.979010654634475e-06,2.0372681319713593e-09,,,,,,,0.0,0.0,0.0,0.0,0.0,0.0,0.0,0,1.4529841275556397e-06,,,,3.988690599106638e-06,3.4474525675280645e-06,0.0
62,,,,,I1,optimal,17.973392999963835,,,,7894.526516612859,16.125797737541752,1.5774276107549667e-08,,,,,,,130.18240608320605,418.25923677371327,0.00015400080163678606,0.0003813528148551607,0.04461722051374055,3.233463722222155,23.72086702016639,0,0.08018043173245815,,,,0.1784688820646699,12.93385488888873,94.88346808066557
62,,,,,I2,optimal,24.45429340004921,,,,10592.877992868267,47.303017323493926,1.792795956134796e-08,,,,,,,152.05775170195477,476.7783428243782,0.014575187648529508,0.013012942756456033,1.4045229525089147,0.387461626806848,0.6257240892559549,0,4.867951456695934,,,,5.618091810035794,1.5498465072278242,2.502896357023817
62,,,,,I3,optimal,21.186974099837244,,,,109435.07135274018,2.301343112758549e-05,1.2334203347563744e-07,,,,,,,0.0,0.0,0.0,0.0,0.0,0.0,0.0,0,1.2896496997254371e-05,,,,4.3351882926349355e-05,1.933847163108623e-05,0.0
62,,,,,I4,optimal,17.26552590006031,,,,114922.32824854554,3.9586868739005544e-06,1.0477378964424133e-09,,,,,,,0.0,0.0,0.0,0.0,0.0,0.0,0.0,0,1.6475266988657437e-06,,,,4.879183489050899e-06,3.704466629869792e-06,0.0
63,,,,,I1,optimal,19.821498400066048,,,,7714.617658536535,15.570266859039991,1.7439015209674835e-07,,,,,,,130.1924286744713,418.37494610276224,7.698883103181236e-05,0.0002766450059573208,0.03061442286701666,2.4250977916666177,3.3276491930177263,0,0.04009036506104735,,,,0.12245769148476553,9.700391166666572,13.310596772070886
63,,,,,I2,optimal,16.27647339995019,,,,10532.998457010242,46.907973550946195,4.1688326746225357e-07,,,,,,,151.1550631050524,479.0421011016464,0.011092711476339267,0.0095697064019641,1.0515669887759975,0.1285739332454321,36.06355038960599,0,3.650844154284485,,,,4.2062679551041295,0.5142957329825798,144.25420155842397
63,,,,,I3,optimal,17.566006700042635,,,,109642.42363346263,2.2676953608104737e-06,5.238689482212067e-10,,,,,,,0.0,0.0,0.0,0.0,0.0,0.0,0.0,0,4.256462675995346e-07,,,,1.2523079379967754e-06,9.62584931127806e-07,0.0
63,,,,,I4,optimal,20.661448300117627,,,,115746.95534529304,7.917812493771096e-06,1.292792148888111e-07,,,,,,,0.0,0.0,0.0,0.0,0.0,0.0,0.0,0,2.1981821403972347e-06,,,,7.360806531258371e-06,3.2972378620005098e-06,0.0
64,,,,,I1,optimal,22.997739899903536,,,,7622.815551427326,15.241447079699288,2.0927400328218937e-06,,,,,,,130.19744000743685,418.4597167269631,3.8491738855888765e-05,0.00020261878726373272,0.021777101013552246,1.8188233437499641,2.717278483493048,0,0.020045331862263538,,,,0.08710840411707692,7.275293374999956,10.8691139339722
64,,,,,I2,optimal,18.910043900134042,,,,10394.94029263197,46.04657499579088,1.5071709640324116e-06,,,,,,,150.47564898295295,480.7335617792192,0.008411527996124142,0.0070776592083537735,0.7877118571509295,0.23632954822367466,22.09778534090707,0,2.7377012220022436,,,,3.150847428604067,0.9453181928951983,88.39114136362828
64,,,,,I3,optimal,16.716067099943757,,,,109825.53603789183,4.5355947385016e-06,5.820766091346741e-10,,,,,,,0.0,0.0,0.0,0.0,0.0,0.0,0.0,0,5.778809467156089e-07,,,,1.9284016562397227e-06,9.069255989270359e-07,0.0
64,,,,,I4,optimal,15.963370300130919,,,,116481.46943195497,1.5836399994312973e-05,2.3865140974521637e-09,,,,,,,0.0,0.0,0.0,0.0,0.0,0.0,0.0,0,1.6505016226964907e-06,,,,5.484069710047883e-06,3.902846991716433e-06,0.0
65,,,,,I1,optimal,16.83395170001313,,,,7600.827881055409,15.092209959564295,9.749783203005791e-08,,,,,,,130.19994571127896,418.52211233604055,1.9245415593123696e-05,0.00014910780317273234,0.015798870331558183,1.364117507812471,17.222538896834465,0,0.01002281536841565,,,,0.06319548137482536,5.456470031250001,68.89015558733786
65,,,,,I2,optimal,19.33345320005901,,,,10339.791293984079,45.67476236024966,9.243376553058624e-08,,,,,,,149.96488455425555,481.99884992028285,0.0063615542303237845,0.005255125582193998,0.5903063438467905,0.1706711901068896,29.880183024880576,0,2.053079931961122,,,,2.3612253753875394,0.6826847604284109,119.5207320995223
65,,,,,I3,optimal,15.040342300198972,,,,109900.43143213085,0.00018433185092607736,4.4528860598802567e-08,,,,,,,0.0,0.0,0.0,0.0,0.0,0.0,0.0,0,1.2874259942548493e-05,,,,4.3282263436617914e-05,1.933511076558901e-05,0.0
65,,,,,I4,optimal,14.244525899877772,,,,116782.29059920843,0.0006442133946575254,1.0640360414981842e-07,,,,,,,0.0,0.0,0.0,0.0,0.0,0.0,0.0,0,2.419645063101235e-05,,,,7.874880376106087e-05,6.994862288563698e-05,0.0
66,,,,,I1,optimal,15.0852616999764,,,,7579.150011803239,14.958324198510208,2.1350570023059845e-07,,,,,,,130.20119860056346,418.56832174149895,9.62280957689097e-06,0.00011041090565197195,0.011620092667891472,1.023088130859352,26.764026671289145,0,0.005011557138004719,,,,0.04648037076204179,4.092352523437566,107.05610668515658
66,,,,,I2,optimal,21.982520799851045,,,,10320.077262509723,45.54294005457156,5.820766091346741e-10,,,,,,,149.58121575754876,482.9461496195399,0.004801325958996094,0.00391288803806782,0.44248704224179325,0.12583529509741798,12.63405070545317,0,1.5396861458329596,,,,1.7699481689674545,0.5033411803903468,50.53620282181268
66,,,,,I3,optimal,15.584720300044864,,,,109952.897528694,0.0003687457546860893,2.0053121261298656e-06,,,,,,,0.0,0.0,0.0,0.0,0.0,0.0,0.0,0,8.0551834046681e-06,,,,2.4960565379348775e-05,2.1628652171024003e-05,0.0
66,,,,,I4,optimal,13.858730900101364,,,,116989.381360821,6.336781908008126e-05,1.1641532182693481e-09,,,,,,,0.0,0.0,0.0,0.0,0.0,0.0,0.0,0,1.4743906885859242e-06,,,,4.57708366771742e-06,3.520274654151023e-06,0.0
67,,,,,I1,optimal,28.917321699904278,,,,5560.115514869206,14.062236752169436,6.25033862888813e-07,,,,,,,130.20182505176498,393.1518692822467,4.811408867657444e-06,0.060722350782554044,6.354113145693932,0.7673160981445128,0.618724353329083,0,0.0025058048060486726,,,,25.416452582784416,3.069264392635264,2.474897413316341
67,,,,,I2,optimal,22.77961009996943,,,,10273.166261442087,45.23271221225216,1.3096723705530167e-08,,,,,,,149.29317672711423,483.65592174230466,0.003618044193904485,0.0029193577865177576,0.33173789799407105,0.18179165208858997,9.9109716987025,0,1.1546614516816902,,,,1.3269515919765509,0.7271666083547557,39.64388679481
67,,,,,I3,optimal,19.080465800128877,,,,110094.79767952525,3.6302645102574074e-05,5.238689482212067e-10,,,,,,,0.0,0.0,0.0,0.0,0.0,0.0,0.0,0,4.438341001678362e-07,,,,1.4900326825563686e-06,1.0613397756376291e-06,0.0
67,,,,,I4,optimal,17.195182099938393,,,,117564.5184799179,0.00012676113818547443,7.2177499532699585e-09,,,,,,,0.0,0.0,0.0,0.0,0.0,0.0,0.0,0,1.5910447636830573e-06,,,,4.2014895196536165e-06,3.3843089150304138e-06,0.0
68,,,,,I1,optimal,19.363180599873886,,,,7275.211107926978,13.949769736409213,5.246256478130817e-07,,,,,,,130.2021383377209,399.54143054647807,2.4061564097666793e-06,0.016252145197468836,1.5973903467792263,0.5990060290750686,5.416867124456576,0,0.0012531438236464965,,,,6.3895613871172,2.396024116300645,21.667468497826302
68,,,,,I2,optimal,18.562919300049543,,,,10296.798130158873,47.41643865358342,1.3620592653751373e-08,,,,,,,149.07557058015908,477.38654257403164,0.0027412522426195586,0.025998107596784295,1.7077521119799683,0.877666933373429,9.355966270818938,0,0.8716771341631357,,,,6.831008447919904,3.5106677334937944,37.42386508327576
68,,,,,I3,optimal,15.616389899980277,,,,109930.23064330085,7.26368861468951e-05,2.9453076422214508e-08,,,,,,,0.0,0.0,0.0,0.0,0.0,0.0,0.0,0,3.11689204796669e-07,,,,1.0331102763020353e-06,9.198912504981022e-07,0.0
68,,,,,I4,optimal,28.419239199953154,,,,117248.8168330843,0.00025387087385913355,1.280568540096283e-09,,,,,,,0.0,0.0,0.0,0.0,0.0,0.0,0.0,0,1.6520228128223049e-06,,,,5.487410157403396e-06,3.9167276007222365e-06,0.0
69,,,,,I1,optimal,22.420376100111753,,,,7362.193947242825,13.841334147851821,1.9907020032405853e-08,,,,,,,130.20229501802402,404.3330918362447,1.2033619810036639e-06,0.011992902170903225,1.1979153326880918,0.4341555861118509,18.83664829979154,0,0.0006267212124839716,,,,4.791661330752673,1.7366223444480204,75.34659319916616
69,,,,,I2,optimal,19.541318299947307,,,,10043.439220778515,45.457787924250425,2.153683453798294e-09,,,,,,,148.91280693618995,472.6853921159288,0.002055040336589944,0.020014954127434294,1.2804895362948086,0.9488489722559077,1.8686623207649677,0,0.6516806995916369,,,,5.121958145179398,3.7953958890238053,7.474649283059868
69,,,,,I3,optimal,17.14753589988686,,,,110040.63749313941,0.00014545608249790976,8.149072527885437e-10,,,,,,,0.0,0.0,0.0,0.0,0.0,0.0,0.0,0,4.4511700585280266e-07,,,,1.2097624851524342e-06,9.664458916876494e-07,0.0
69,,,,,I4,optimal,20.939093000022694,,,,117490.13406218357,0.0005088187125354756,1.1641532182693481e-09,,,,,,,0.0,0.0,0.0,0.0,0.0,0.0,0.0,0,1.6483468412504542e-06,,,,5.523124128757858e-06,3.90988675237416e-06,0.0
70,,,,,I1,optimal,21.003159699961543,,,,7338.96919031749,13.622946051851384,2.2514723241329193e-07,,,,,,,130.2023733954845,407.92690430217687,6.019668122733205e-07,0.008888247186524267,0.8984531199017083,0.3256166895838858,17.026356190221577,0,0.0003135098419022597,,,,3.5938124796076316,1.3024667583365281,68.1054247608863
70,,,,,I2,optimal,15.270500999875367,,,,9185.960209015584,30.737437574055313,1.2101372703909874e-07,,,,,,,148.790955597976,454.5652194494288,0.0015411606874971037,0.07150175810753703,4.0493554281553,2.054772306458346,6.150118101089947,0,0.48771826437986476,,,,16.19742171262121,8.219089225833445,24.600472404359785
70,,,,,I3,optimal,17.202238800004125,,,,110108.45726432942,0.00029145364949970614,4.132743924856186e-09,,,,,,,0.0,0.0,0.0,0.0,0.0,0.0,0.0,0,4.092639151001406e-07,,,,1.3162970315636438e-06,1.0121231989841452e-06,0.0
70,,,,,I4,optimal,19.89232339989394,,,,117661.93044333195,0.001020506594120464,6.746267899870872e-08,,,,,,,0.0,0.0,0.0,0.0,0.0,0.0,0.0,0,1.650133587257409e-06,,,,5.267127948175972e-06,3.821284445363754e-06,0.0
71,,,,,I1,optimal,18.600920399883762,,,,7382.692603053054,15.29328139874141,2.078595571219921e-07,,,,,,,130.20241262184663,410.623677565282,3.012722511167726e-07,0.006610922777251895,0.6741933169174258,0.2442125171879185,5.241024634884533,0,0.0001569054485912602,,,,2.6967732676706064,0.9768500687528486,20.96409853953814
71,,,,,I2,optimal,24.71259060013108,,,,10083.4058662625,44.20225165771781,1.3154931366443634e-08,,,,,,,148.6996719632485,462.3707934366683,0.0011560790355715715,0.02056768903319364,1.3895845781824814,0.8627703555865117,7.145045600444625,0,0.36529084599258965,,,,5.558338312730102,3.4510814223461184,28.580182401778504
71,,,,,I3,optimal,18.625116100069135,,,,109980.5010191817,0.0005855371492864202,9.313225746154785e-10,,,,,,,0.0,0.0,0.0,0.0,0.0,0.0,0.0,0,3.745510682812354e-07,,,,1.1886995648748244e-06,9.631620230362352e-07,0.0
71,,,,,I4,optimal,15.997755900025368,,,,117109.69937294075,0.002061127916998178,3.5390257835388184e-08,,,,,,,0.0,0.0,0.0,0.0,0.0,0.0,0.0,0,1.8801805777117029e-06,,,,6.162045505837595e-06,3.7993032308240155e-06,0.0
72,,,,,I1,optimal,17.8884058999829,,,,7322.826961773409,14.655591130940131,9.763927664607763e-06,,,,,,,130.2024322333842,412.6460625051758,1.506234575253394e-07,0.004925154223656008,0.5055962353538082,0.18315938789093686,31.207761746191633,0,7.844615026897372e-05,,,,2.022384941875265,0.7326375521834547,124.83104698476653
72,,,,,I2,optimal,19.759042900055647,,,,9880.23821792814,43.07427506594243,3.2974639907479286e-07,,,,,,,148.6314265637787,468.22597394052,0.0008651841572628715,0.015115648728993087,1.0423373347261673,1.6426673925188096,8.272915970938495,0,0.2730596017749036,,,,4.169349338904847,6.570669570075298,33.09166388375398
72,,,,,I3,optimal,18.295819299994037,,,,110265.65624791107,0.0011766148038572322,1.3969838619232178e-09,,,,,,,0.0,0.0,0.0,0.0,0.0,0.0,0.0,0,4.7084448078013333e-07,,,,1.3586341801405616e-06,1.013842274434664e-06,0.0
72,,,,,I4,optimal,17.768575199879706,,,,118228.65456367386,0.004166655268517537,6.408663466572762e-08,,,,,,,0.0,0.0,0.0,0.0,0.0,0.0,0.0,0,1.6372338094761067e-06,,,,4.892437274458021e-06,3.7020649592214014e-06,0.0
73,,,,,I1,optimal,16.476872499799356,,,,7243.878268461825,14.124692086010313,1.3969838619232178e-09,,,,,,,130.20244210567506,414.1628745987306,7.582263012308307e-08,0.003675818652784952,0.37920302351720675,0.13736954091820228,13.395331839135935,0,3.948916344143072e-05,,,,1.516812094071235,0.5494781636742864,53.58132735654374
73,,,,,I2,optimal,17.839110299944878,,,,9777.785799778463,42.52465528784232,2.2561289370059967e-07,,,,,,,148.58035979931987,472.6178722813661,0.0006479000689607706,0.011168321819278976,0.7818291272425285,0.5352134414352155,5.020578055705788,0,0.20430594919200473,,,,3.1273165089702433,2.1408537657410176,20.082312222823155
73,,,,,I3,optimal,16.846139499917626,,,,110481.53805016074,0.0023911943495970433,3.952300176024437e-08,,,,,,,0.0,0.0,0.0,0.0,0.0,0.0,0.0,0,5.917679328200687e-07,,,,1.7119314702067371e-06,1.2925296168462327e-06,0.0
73,,,,,I4,optimal,15.520426500122994,,,,119084.66579793606,1.0120600827437496,1.1641532182693481e-09,,,,,,,0.0,0.0,0.0,0.0,0.0,0.0,0.0,0,3.324447907945032e-05,,,,0.00011086752878054764,7.867497590091989e-05,0.0
74,,,,,I1,optimal,23.829383899923414,,,,7152.468956871548,13.58480824953407,1.9150320440530777e-08,,,,,,,130.20244707910012,415.30058698533475,3.819763272753856e-08,0.002747016829324594,0.284428096694523,0.10302715568865527,0.38854510790064634,0,1.9893700255124713e-05,,,,1.1377123867787562,0.41210862275616544,1.5541804316025902
74,,,,,I2,optimal,18.16594889992848,,,,9816.005102282243,42.82031089604153,5.820766091346741e-11,,,,,,,148.5420844425659,475.9116481220715,0.0004858950284937701,0.00828370488876376,0.58634650783023,0.4436080800614341,11.498284171149304,0,0.15312072325711767,,,,2.3453860313211634,1.774432320246006,45.99313668459722
74,,,,,I3,optimal,18.27252470003441,,,,110638.27074350159,0.004894701871518219,3.958120942115784e-09,,,,,,,0.0,0.0,0.0,0.0,0.0,0.0,0.0,0,3.799007553500829e-07,,,,1.146614749333986e-06,9.368826591584277e-07,0.0
74,,,,,I4,optimal,28.80728629999794,,,,119706.72446507026,0.018708147346703743,6.402842700481415e-10,,,,,,,0.0,0.0,0.0,0.0,0.0,0.0,0.0,0,1.6484429994251222e-06,,,,5.294823621827188e-06,3.8461373096418045e-06,0.0
75,,,,,I1,optimal,20.176164199830964,,,,7105.823052670117,13.35317369343134,4.0745362639427185e-10,,,,,,,130.20244960311607,416.1539245810789,1.9385318762246342e-08,0.002054746904979208,0.21333439895097236,0.07727036676648474,18.966626306862555,0,1.0096063704168046e-05,,,,0.8533375958058883,0.30908146706890977,75.8665052274502
75,,,,,I2,optimal,19.17022310011089,,,,9561.6978016327,42.43116768734711,3.101886250078678e-07,,,,,,,148.51345196068968,471.58055270765016,0.00036364243720612077,0.022249760006862292,1.4622726555857066,0.5363718320963039,6.372062557454459,0,0.11453942624122249,,,,5.849090622342916,2.1454873283854123,25.48825022981783
75,,,,,I3,optimal,17.787044500000775,,,,110768.69453603479,0.010489813115069682,1.5384284779429436e-07,,,,,,,0.0,0.0,0.0,0.0,0.0,0.0,0.0,0,3.1193199212152703e-07,,,,9.84929583885241e-07,8.77951170300331e-07,0.0
75,,,,,I4,optimal,22.685477700084448,,,,120233.39420052455,0.04701158800132062,9.48202796280384e-08,,,,,,,0.0,0.0,0.0,0.0,0.0,0.0,0.0,0,2.1611183783541723e-06,,,,7.219856348305094e-06,3.289874865133632e-06,0.0
76,,,,,I1,optimal,17.898027299903333,,,,7081.524071839613,13.217652555173546,5.820766091346741e-10,,,,,,,130.20245090243424,416.79391476008055,9.979214486654083e-09,0.0015378689018633878,0.1599975447556865,0.05795277507486814,13.411871711173733,0,5.197272713530765e-06,,,,0.6399901790273688,0.2318111003055588,53.64748684469493
76,,,,,I2,optimal,19.683591400040314,,,,9748.732183014705,42.35341187344922,5.238689482212067e-10,,,,,,,148.4919998707614,475.1339652157111,0.0002725400896912303,0.010143322568785819,0.6833876335353638,0.2072590869995091,1.2525660597200368,0,0.0858129597455104,,,,2.7335505341416515,0.8290363479985471,5.010264238880146
76,,,,,I3,optimal,19.470550999976695,,,,110777.4239238763,0.023223472877020097,1.501757651567459e-08,,,,,,,0.0,0.0,0.0,0.0,0.0,0.0,0.0,0,3.1278735834133414e-07,,,,9.713822479026673e-07,8.646752788162236e-07,0.0
76,,,,,I4,optimal,23.45952089992352,,,,120269.21980207888,0.08163037140096067,7.450580596923828e-09,,,,,,,0.0,0.0,0.0,0.0,0.0,0.0,0.0,0,1.475993583149313e-06,,,,4.204097262551655e-06,3.3233921113192566e-06,0.0
77,,,,,I1,optimal,17.14670110004954,,,,6969.114668193497,12.917057707717634,4.016328603029251e-09,,,,,,,130.20245158936876,417.2743976745603,5.275895517155634e-09,0.0011528069327891499,0.12012072862190191,0.043464581306149636,27.55485845102077,0,2.7477380513118987e-06,,,,0.4804829144898451,0.17385832522955327,110.21943380408308
77,,,,,I2,optimal,17.59318340010941,,,,9695.328963527303,42.01856645673178,5.820766091346741e-10,,,,,,,148.47595429420588,477.79932491050283,0.00020390400814115662,0.007532142765382407,0.5126038003248039,0.15363846362406364,2.2393509415256925,0,0.0641844569111214,,,,2.05041520129956,0.6145538544970965,8.957403766102766
77,,,,,I3,optimal,22.149251900147647,,,,110947.29507948906,1.2614497466092967,3.375462256371975e-07,,,,,,,0.0,0.0,0.0,0.0,0.0,0.0,0.0,0,6.811365633098928e-06,,,,2.1617236475374774e-05,1.9246408908269826e-05,0.0
77,,,,,I4,optimal,17.871198599925265,,,,120951.34720988479,0.2166251886155252,7.566995918750763e-10,,,,,,,0.0,0.0,0.0,0.0,0.0,0.0,0.0,0,1.1476792989516683e-06,,,,3.578192682694721e-06,3.1691842704641397e-06,0.0
78,,,,,I1,optimal,18.497531600063667,,,,6966.349956039196,12.860279765201264,2.200249582529068e-08,,,,,,,130.20245172144158,417.63469558822464,1.0143650255293573e-09,0.0008634555958195704,0.09007447841618178,0.032598436166415425,20.791729324857155,0,1.5230908161356638e-06,,,,0.36029871139599184,0.13039374392655892,83.16691729942862
78,,,,,I2,optimal,19.042191999964416,,,,9664.199232730045,41.809705042431624,4.656612873077393e-10,,,,,,,148.46396196245973,479.79849499466786,0.00015242339716759108,0.005607409542380633,0.3844843912637679,0.21594200638661176,11.062319391388693,0,0.04796971977441444,,,,1.5379377243357435,0.8637680218848215,44.24927756555478
78,,,,,I3,optimal,20.108154599787667,,,,111006.00215921596,0.37782527984044284,2.264278009533882e-08,,,,,,,0.0,0.0,0.0,0.0,0.0,0.0,0.0,0,4.241859886154487e-07,,,,1.2894109958246303e-06,9.865880403867195e-07,0.0
78,,,,,I4,optimal,32.10514779994264,,,,121188.20249509536,1.319178031473965,3.958120942115784e-09,,,,,,,0.0,0.0,0.0,0.0,0.0,0.0,0.0,0,1.6479021089385137e-06,,,,4.730978562525672e-06,3.522776923047398e-06,0.0
79,,,,,I1,optimal,17.84271809994243,,,,6946.924611248261,12.802209739425379,8.445931598544121e-08,,,,,,,130.20245172099018,417.90498222004044,3.466859365593202e-12,0.0006471843327937667,0.06757165795394826,0.024448827120325034,12.049016085763759,0,1.2927787906846788e-06,,,,0.27028767062691733,0.09779530775891096,48.196064343055035
79,,,,,I2,optimal,19.31357440003194,,,,9639.278887718916,41.64635826595026,1.1641532182693481e-10,,,,,,,148.45499585510186,481.29799226034845,0.00011397631326229403,0.004182520153928774,0.28838825155209985,0.3077413652944169,10.092418610528576,0,0.035864431237044414,,,,1.1535532138754534,1.2309654538366113,40.369674442114295
79,,,,,I3,optimal,18.707452100003138,,,,111057.10690955861,8.787342275064558,4.3655745685100555e-09,,,,,,,0.0,0.0,0.0,0.0,0.0,0.0,0.0,0,4.4619250493970664e-07,,,,1.4087112332047771e-06,1.0023093649438465e-06,0.0
79,,,,,I4,optimal,15.029584200121462,,,,121391.96305185009,30.686532867837816,1.979060471057892e-09,,,,,,,0.0,0.0,0.0,0.0,0.0,0.0,0.0,0,1.6885951906191173e-06,,,,5.351007866529539e-06,3.5709369536501584e-06,0.0
80,,,,,I1,optimal,30.586895999964327,,,,6934.704343573254,12.751822034467917,6.402842700481415e-10,,,,,,,130.20245172053768,418.10768044835623,3.4753726205642063e-12,0.0004850342468735373,0.05067455707894908,2.274087952745843,5.933295969528676,0,1.2927422687880608e-06,,,,0.2026992675994961,9.09635183358837,23.733183878114698
80,,,,,I2,optimal,20.894783600000665,,,,9428.252295008297,41.4062315238579,6.984919309616089e-10,,,,,,,148.44830139858374,475.62087130021905,8.510900336771262e-05,0.02335224680589795,1.5019869656582825,0.2308060235119416,41.4055265036406,0,0.026777827882625616,,,,6.007947892581969,0.9232240885423703,165.62210601456238
80,,,,,I3,optimal,24.340517200063914,,,,111115.27872028884,8.787699696301644,3.7602148950099945e-08,,,,,,,0.0,0.0,0.0,0.0,0.0,0.0,0.0,0,5.946430193433247e-07,,,,1.87879393100042e-06,8.673704989938262e-07,0.0
80,,,,,I4,optimal,22.763103700010106,,,,121624.40981982717,29.123249469924126,4.0745362639427185e-10,,,,,,,0.0,0.0,0.0,0.0,0.0,0.0,0.0,0,1.514627207556242e-06,,,,4.07180954968314e-06,3.3545441024005453e-06,0.0
81,,,,,I1,optimal,23.477526099886745,,,,6909.518703761008,12.66593499755013,8.731149137020111e-10,,,,,,,130.20245172008228,418.259797300396,3.497638056622939e-12,0.00036382219019898804,0.03802921300993489,0.5686799011185255,10.531123017159068,0,1.2926793147016724e-06,,,,0.1521178916645672,2.274719587512693,42.124492068636265
81,,,,,I2,optimal,18.15539740002714,,,,9387.909901961106,41.10493679523757,5.098991096019745e-08,,,,,,,148.44332136961367,471.3635899709824,6.331826750502293e-05,0.017930878794334935,1.1263601849612113,1.1051094681056504,54.74425350075094,0,0.019920117701872186,,,,4.505440769832742,4.420437872175795,218.97701400300377
81,,,,,I3,optimal,16.313523899996653,,,,111066.93455442083,178.37075824184976,8.32369551062584e-09,,,,,,,0.0,0.0,0.0,0.0,0.0,0.0,0.0,0,1.036493157763341e-05,,,,3.1777600971519034e-05,2.0053872072838973e-05,0.0
81,,,,,I4,optimal,18.34012349997647,,,,121431.88615254665,30.686377051597603,5.745096132159233e-08,,,,,,,0.0,0.0,0.0,0.0,0.0,0.0,0.0,0,1.4659684639988897e-06,,,,4.157503920753746e-06,3.327998959500488e-06,0.0
82,,,,,I1,optimal,33.616053599864244,,,,6890.383960113959,12.596213757959601,1.2223608791828156e-09,,,,,,,130.20245171979664,418.3739435990989,2.193800316369187e-12,0.0002729076507941916,0.028536574675726456,0.42649854051730435,3.758943455786557,0,1.2926276156122185e-06,,,,0.11414733802961645,1.7059941493554462,15.035773823146224
82,,,,,I2,optimal,15.612030500080436,,,,8663.486580490047,27.696801546256896,5.122274160385132e-09,,,,,,,148.43963183608213,453.5765310163647,4.6913313611557435e-05,0.07179676192334773,4.058495156299691,0.4197848372406866,18.748018725146867,0,0.01475813526869274,,,,16.233980109127977,1.6791393475182868,74.99207490058747
82,,,,,I3,optimal,19.478893700055778,,,,111043.58565599611,8.786900614722668,6.263144314289093e-08,,,,,,,0.0,0.0,0.0,0.0,0.0,0.0,0.0,0,3.228233046257638e-07,,,,1.0147561916926017e-06,8.968348653241264e-07,0.0
82,,,,,I4,optimal,20.66819759993814,,,,121308.43649609512,30.6841877912427,1.280568540096283e-09,,,,,,,0.0,0.0,0.0,0.0,0.0,0.0,0.0,0,1.1387190721835734e-06,,,,3.5553750609174384e-06,3.1644027051885416e-06,0.0
83,,,,,I1,optimal,27.11511639994569,,,,7180.985432088847,14.982114390300325,4.0745362639427185e-10,,,,,,,130.20245171964555,418.4596910334149,1.1604221374969335e-12,0.0002049540503846475,0.021436858579008344,0.3198852958504671,42.38720989112247,0,1.2941240470354387e-06,,,,0.08574847466983926,1.2795411738596576,169.54883956448987
83,,,,,I2,optimal,27.73727670009248,,,,8626.171859584938,27.490785100962913,3.14321368932724e-09,,,,,,,148.43690931293236,440.2364829709006,3.4619165435921725e-05,0.05801247169774259,3.0438546987578006,0.3450246791531858,66.32754868959283,0,0.010890093203371976,,,,12.175418308538037,1.3800987156233016,265.3101947583713
83,,,,,I3,optimal,22.15034050005488,,,,110868.78827851186,8.786897982385273,2.9103830456733704e-10,,,,,,,0.0,0.0,0.0,0.0,0.0,0.0,0.0,0,3.0374113662572233e-07,,,,9.536899327757947e-07,8.511011377782575e-07,0.0
83,,,,,I4,optimal,24.93951359996572,,,,120632.41238651382,30.68412912514671,2.0954757928848267e-09,,,,,,,0.0,0.0,0.0,0.0,0.0,0.0,0.0,0,1.1726118542065185e-06,,,,3.484217850042235e-06,3.083077802168596e-06,0.0
84,,,,,I1,optimal,18.445045900065452,,,,7389.9023508812315,16.778834856965343,1.1059455573558807e-09,,,,,,,130.20245171956947,418.52418237701454,5.843585519343296e-13,0.00015411602355381345,0.016122835899906818,0.29896410126280926,5.445987887104,0,1.2949700760600535e-06,,,,0.06449238452474201,1.195856400581843,21.783951548416
84,,,,,I2,optimal,38.22080100001767,,,,8616.644201754585,27.430562852480193,1.3969838619232178e-09,,,,,,,148.43488125132387,430.23150179023526,2.5789396785127104e-05,0.04618883920556055,2.282887609358493,0.5400447802292709,0.42235518670183547,0,0.00811224673839206,,,,9.131549973215556,2.1601791205614433,1.689420746807344
84,,,,,I3,optimal,20.83177230018191,,,,110712.98580646489,8.788171891969997,1.339358277618885e-07,,,,,,,0.0,0.0,0.0,0.0,0.0,0.0,0.0,0,5.851195210621172e-07,,,,1.7733696319686217e-06,1.259727240503759e-06,0.0
84,,,,,I4,optimal,14.738166499882936,,,,120013.3967254387,30.68687506288187,1.280568540096283e-09,,,,,,,0.0,0.0,0.0,0.0,0.0,0.0,0.0,0,1.3031537548128692e-06,,,,3.967270454434654e-06,3.4146580286307743e-06,0.0
85,,,,,I1,optimal,24.363583500031382,,,,7558.516867477423,18.291687177435733,2.3224856704473495e-08,,,,,,,130.20245171937003,418.5727519565602,1.5317310268679814e-12,0.00011604963725104378,0.012142394886410559,1.0342298462957724,40.86911076538346,0,1.2955534884895314e-06,,,,0.04857062153271489,4.136919394125927,163.47644306153384
85,,,,,I2,optimal,34.3675407001283,,,,7893.805024057752,40.52035123092143,2.0139850676059723e-08,,,,,,,148.43337990460668,414.445849600124,1.9092037584333946e-05,0.07369964298110034,4.500880804661591,0.48287963183041177,12.852202774591152,0,0.006005387666462525,,,,18.00352327360719,1.931518527259611,51.40881109836461
85,,,,,I3,optimal,15.872911300044507,,,,110585.76260412499,8.787340481969347,3.3102696761488914e-07,,,,,,,0.0,0.0,0.0,0.0,0.0,0.0,0.0,0,3.8355040177857367e-07,,,,1.212918373476415e-06,1.0797195909098838e-06,0.0
85,,,,,I4,optimal,20.38692090008408,,,,119507.77860920966,30.68588653375751,1.3329554349184036e-08,,,,,,,0.0,0.0,0.0,0.0,0.0,0.0,0.0,0,1.4739990887569797e-06,,,,3.824987240331389e-06,3.2576969966989515e-06,0.0
86,,,,,I1,optimal,18.089838899904862,,,,7665.463126922023,19.276339755953476,3.4924596548080444e-10,,,,,,,130.20245171920104,418.61076828470874,1.2979439483783624e-12,9.082370500911941e-05,0.009504082037139485,0.29059203079853047,24.75193644181247,0,1.2958840045484976e-06,,,,0.03801737039413307,1.1623681145137663,99.00774576724992
86,,,,,I2,optimal,29.095866600051522,,,,7876.19659383123,40.34300776009842,2.128654159605503e-07,,,,,,,148.43228120665873,402.6068249311994,1.3971978095561858e-05,0.05967162573015902,3.375607338150478,0.5066809927255512,6.766504017368206,0,0.004394792467891762,,,,13.50242940802787,2.0267239731288376,27.066016069472823
86,,,,,I3,optimal,18.256980899954215,,,,110317.37771366134,8.787974601217638,5.0640664994716644e-09,,,,,,,0.0,0.0,0.0,0.0,0.0,0.0,0.0,0,4.6354956533383586e-07,,,,1.4295714088058143e-06,1.0207951907080212e-06,0.0
86,,,,,I4,optimal,18.352032999973744,,,,118427.01689599044,30.684171508464964,2.6659108698368073e-08,,,,,,,0.0,0.0,0.0,0.0,0.0,0.0,0.0,0,2.2915022317791633e-06,,,,7.055370519313562e-06,3.255381757976721e-06,0.0
87,,,,,I1,optimal,24.045545500004664,,,,7674.057957065372,20.02011777646017,1.8044374883174896e-09,,,,,,,130.20245172988385,418.64102846628185,8.204769525558552e-11,7.228715519456368e-05,0.007565045393285612,0.21794402217180506,3.724618405726802,0,1.2961121456100955e-06,,,,0.030261189153398316,0.8717760823941871,14.898473622907215
87,,,,,I2,optimal,45.365542699815705,,,,8286.575618554125,26.812676029137116,4.200206603854895e-06,,,,,,,148.43159246922266,396.88275153689335,8.758556526194838e-06,0.040414793433314014,1.996630750530789,0.24530801481894315,3.340589475764442,0,0.0027549070130277187,,,,7.986522574583682,0.9812320583313913,13.362357903057763
87,,,,,I3,optimal,25.5011599001009,,,,110262.5987867756,8.787158816923027,6.6356733441352844e-09,,,,,,,0.0,0.0,0.0,0.0,0.0,0.0,0.0,0,4.730253833262124e-07,,,,1.4543839906340289e-06,9.917842412950583e-07,0.0
87,,,,,I4,optimal,15.581673400010914,,,,118191.32752377722,30.685022540754908,1.1641532182693481e-08,,,,,,,0.0,0.0,0.0,0.0,0.0,0.0,0.0,0,1.5803560259652116e-06,,,,4.572121767190886e-06,3.2863895948620734e-06,0.0
88,,,,,I1,optimal,27.498969400068745,,,,7746.23011802966,21.06937376114083,3.119930624961853e-08,,,,,,,130.20245172966565,418.66428949153084,1.6758014952734733e-12,5.556317624720905e-05,0.005815256312246223,0.1634580161433986,26.990743245914288,0,1.296406566098085e-06,,,,0.0232620682113646,0.6538320596891678,107.96297298365715
88,,,,,I2,optimal,32.583090299973264,,,,8599.74405100429,54.40702970324699,2.5029294192790985e-09,,,,,,,148.43114093434488,404.02970138391,5.742234175554668e-06,0.1059348799358072,5.751539309100091,0.21313846243042422,0.5059168740222112,0,0.0018061403838345313,,,,23.00615766373668,0.8525538490138871,2.0236674960888394
88,,,,,I3,optimal,21.288304399931803,,,,110302.95344544757,8.744101609976333,3.4924596548080444e-10,,,,,,,0.0,0.0,0.0,0.0,0.0,0.0,0.0,0,5.916868858494293e-07,,,,1.872294162100548e-06,8.656452671970415e-07,0.0
88,,,,,I4,optimal,28.678380799945444,,,,118355.06977868307,30.685234344891168,2.275337465107441e-07,,,,,,,0.0,0.0,0.0,0.0,0.0,0.0,0.0,0,1.6287173528971682e-06,,,,5.158699122666466e-06,3.663848666024758e-06,0.0
89,,,,,I1,optimal,23.939143700059503,,,,7501.530451702537,19.46325875236592,4.132743924856186e-09,,,,,,,130.2024517192392,418.68287016653704,8.007873217912118e-11,4.438084516062244e-05,0.004645168751563111,0.12259351063359047,33.200175552162,0,8.629245422078203e-06,,,,0.01858167493479553,0.49037403965427667,132.80070220864798
89,,,,,I2,optimal,37.112791599938646,,,,9642.598593357401,43.333524107693556,1.2223608791828156e-09,,,,,,,148.43082661623805,419.34463786442143,3.997382322246701e-06,0.04795580616327536,2.796678122119559,0.159517483927352,11.471668235743163,0,0.0012573141330278759,,,,11.186712736460484,0.6380699352092258,45.886672942972645
89,,,,,I3,optimal,20.98380000004545,,,,110368.04098280947,8.786996907472735,8.731149137020111e-10,,,,,,,0.0,0.0,0.0,0.0,0.0,0.0,0.0,0,3.261179296171379e-07,,,,9.937565236186528e-07,8.730945895249747e-07,0.0
89,,,,,I4,optimal,18.62002699985169,,,,118619.56947543276,30.68452097108013,3.4924596548080444e-10,,,,,,,0.0,0.0,0.0,0.0,0.0,0.0,0.0,0,1.2590045121643839e-06,,,,3.7684044829255844e-06,3.226208757272235e-06,0.0
90,,,,,I1,optimal,19.94904730003327,,,,6582.469780254532,18.281329945716635,2.444721758365631e-09,,,,,,,130.20245171901163,409.5995167204089,1.7478367296797829e-12,0.021695068256590337,2.270838361532043,0.0919451343903955,17.127383830546396,0,1.295549822089015e-06,,,,9.083352426505778,0.36778053481671813,68.50953532218558
90,,,,,I2,optimal,18.59988300013356,,,,9720.501074143827,43.86142397105085,6.28642737865448e-09,,,,,,,148.43061650865798,430.8304031488556,2.6719960313751027e-06,0.03431878687964724,2.0974124837099635,0.20294741572394204,7.981606533759622,0,0.0008404312306140582,,,,8.389650203683019,0.8117896641469822,31.92642613503849
90,,,,,I3,optimal,26.074334899894893,,,,110616.83807372564,8.787045181628116,4.831235855817795e-09,,,,,,,0.0,0.0,0.0,0.0,0.0,0.0,0.0,0,3.6019488820746277e-07,,,,1.1098078796895245e-06,9.86183572029679e-07,0.0
90,,,,,I4,optimal,27.987510700011626,,,,119710.67867606765,30.684501229137755,7.566995918750763e-10,,,,,,,0.0,0.0,0.0,0.0,0.0,0.0,0.0,0,1.6552041557577817e-06,,,,4.065512324522695e-06,3.3273421791801433e-06,0.0
91,,,,,I1,optimal,22.583507400006056,,,,7172.7975673604515,17.93347156394451,6.117625162005424e-08,,,,,,,130.20245170766285,411.88482669169224,8.716263346601188e-11,0.005579376630083556,0.5713274928208422,0.06895884511474797,42.52735915455959,0,1.1519351957333469e-05,,,,2.285310931127399,0.275835379527991,170.10943661823836
91,,,,,I2,optimal,18.434879999840632,,,,9716.257371907504,43.823174812592534,1.3387762010097504e-09,,,,,,,148.43052239059477,439.4444753925234,1.1970715899427423e-06,0.024883700672226925,1.573001085537796,0.09095580692110737,18.53800428578075,0,0.0003765176479788579,,,,6.292004597570677,0.3638232268277898,74.152017143123
91,,,,,I3,optimal,23.19254139997065,,,,110769.65247018918,8.787033676119746,1.1874362826347351e-08,,,,,,,0.0,0.0,0.0,0.0,0.0,0.0,0.0,0,4.128113706679599e-07,,,,1.1264963172202966e-06,9.108514311766337e-07,0.0
91,,,,,I4,optimal,19.156811200082302,,,,120282.5278502664,622.7691991371622,4.1676685214042664e-08,,,,,,,0.0,0.0,0.0,0.0,0.0,0.0,0.0,0,2.5124769825190043e-05,,,,7.784285628685994e-05,6.640760045687985e-05,0.0
92,,,,,I1,optimal,35.562688699923456,,,,7172.18396505651,17.751359710506247,6.97385985404253e-07,,,,,,,130.20245169619974,413.5985489920973,8.804059017741802e-11,0.004160683252572956,0.42843057510125976,0.051717579358574926,26.040816655028095,0,9.750044897300323e-06,,,,1.7137232636311526,0.2068703178273912,104.16326662011238
92,,,,,I2,optimal,35.743488000007346,,,,9768.629111873046,43.11197048013982,2.3283064365386963e-10,,,,,,,148.4305350149943,451.0337678478659,1.604026370186397e-07,0.041173936036026496,2.3754945847131284,0.07470849492979953,53.66979624756752,0,5.04517455937048e-05,,,,9.50197846701331,0.2988339797914931,214.67918499027007
92,,,,,I3,optimal,22.330118800047785,,,,110901.25674936542,8.787117959594674,7.974449545145035e-09,,,,,,,0.0,0.0,0.0,0.0,0.0,0.0,0.0,0,4.348708684737546e-07,,,,1.3297799338163078e-06,1.056422255355654e-06,0.0
92,,,,,I4,optimal,23.131406200118363,,,,120770.78692809587,30.688573514675397,7.566995918750763e-10,,,,,,,0.0,0.0,0.0,0.0,0.0,0.0,0.0,0,1.3381654329444518e-06,,,,3.6497949461724227e-06,3.198814887341011e-06,0.0
93,,,,,I1,optimal,31.086316700093448,,,,7088.821027547962,17.367572923223758,1.2316741049289703e-07,,,,,,,130.20245169595128,414.88327541232485,1.9082788427081805e-12,0.003106215975269581,0.32118160505689275,1.424141488621474,20.152275694906358,0,1.2952091879014915e-06,,,,1.2847274527995527,5.696565968622634,80.60910277962543
93,,,,,I2,optimal,32.64047050010413,,,,9701.750830974202,42.74224301102596,3.3178366720676422e-09,,,,,,,148.43062285013616,459.72611751956015,1.1170234920515338e-06,0.029660604563483007,1.7817007027156075,0.9279737616220933,15.585648915146367,0,0.0003513395736121083,,,,7.126802948989037,3.7118950566192614,62.34259566058547
93,,,,,I3,optimal,19.596958899870515,,,,111184.65260096504,8.787478937685492,1.4493707567453384e-08,,,,,,,0.0,0.0,0.0,0.0,0.0,0.0,0.0,0,3.96245449656144e-07,,,,1.0394944530540636e-06,8.842918860132244e-07,0.0
93,,,,,I4,optimal,16.76204780000262,,,,121897.23337487227,30.686815215377916,5.820766091346741e-10,,,,,,,0.0,0.0,0.0,0.0,0.0,0.0,0.0,0,1.5127438119085239e-06,,,,4.243797100038766e-06,3.3995145247750915e-06,0.0
94,,,,,I1,optimal,19.598616200033575,,,,7012.002687238055,17.056866286366837,6.984919309616089e-10,,,,,,,130.20245169569654,415.84651058960605,1.956520620822016e-12,0.0023217016311971373,0.24080879432030144,0.3571143297217349,46.70738877789129,0,1.2950850418746995e-06,,,,0.9632362121737991,1.4284573082230756,186.82955511156516
94,,,,,I2,optimal,31.44903610018082,,,,9467.497918464236,42.190404996348654,1.3154931366443634e-08,,,,,,,148.43076495028808,461.1177674024705,1.8071263014394706e-06,0.006112685642324916,0.3368449099849806,0.2457269132576415,1.4622660922376434,0,0.0005683995887011406,,,,1.3473801912305683,0.9829076457139789,5.84906436895057
94,,,,,I3,optimal,16.807016500039026,,,,111412.38139227133,8.786915924572051,1.6880221664905548e-09,,,,,,,0.0,0.0,0.0,0.0,0.0,0.0,0.0,0,4.477346048686716e-07,,,,1.3890707556791392e-06,9.961676315929755e-07,0.0
94,,,,,I4,optimal,14.081148699857295,,,,122805.03693800222,30.684429525839207,1.979060471057892e-09,,,,,,,0.0,0.0,0.0,0.0,0.0,0.0,0.0,0,1.6801004274210205e-06,,,,5.2137411588706814e-06,3.6645795165099103e-06,0.0
95,,,,,I1,optimal,21.579564099898562,,,,6959.947507733103,16.86509361926998,9.313225746154785e-10,,,,,,,130.20245169543605,416.5694627543487,2.0006149157501795e-12,0.0017385072288273297,0.18073804118566272,0.2678357465279223,36.92617157357248,0,1.2950061147876113e-06,,,,0.7229532013898675,1.0713429781143795,147.70468629428993
95,,,,,I2,optimal,34.17129549989477,,,,9588.057332185592,42.05211940913813,5.238689482212067e-10,,,,,,,148.43088998959502,467.2896619464913,1.590155557658957e-06,0.02155549073494076,1.3149472025926945,0.1893366529249378,11.476837451036392,0,0.0005001561858364312,,,,5.259788916766841,0.7573466065401475,45.90734980414557
95,,,,,I3,optimal,17.19395530014299,,,,111431.7048979877,8.787123908866,5.820766091346741e-11,,,,,,,0.0,0.0,0.0,0.0,0.0,0.0,0.0,0,4.47612424793088e-07,,,,1.4063237153148361e-06,1.0042329224933055e-06,0.0
95,,,,,I4,optimal,14.398830200079829,,,,122879.55069789162,30.684212600187422,8.96397978067398e-09,,,,,,,0.0,0.0,0.0,0.0,0.0,0.0,0.0,0,1.3525807199412876e-06,,,,4.161535425408558e-06,3.585524291183175e-06,0.0
96,,,,,I1,optimal,30.517653200076893,,,,6862.977094810233,16.559540145639197,5.296897143125534e-09,,,,,,,130.20245169516517,417.1115469862482,2.0805085392311084e-12,0.0013013057373798605,0.13552105797487002,1.2240619036105587,7.104301020261039,0,1.294876597057737e-06,,,,0.5420852698248239,4.896247634587645,28.417204081044165
96,,,,,I2,optimal,39.24812570004724,,,,9569.661627739486,41.94432152423879,8.032657206058502e-09,,,,,,,148.43100272071246,471.91866934559914,1.4336265526967023e-06,0.015825781813941033,0.9862285563448931,0.2256776320418052,6.6786914415828775,0,0.00045092338625352113,,,,3.944914332130626,0.9027105247775735,26.714765766331514
96,,,,,I3,optimal,14.26226620003581,,,,111597.75176958449,178.96245174432255,6.204354576766491e-07,,,,,,,0.0,0.0,0.0,0.0,0.0,0.0,0.0,0,6.996719559857282e-06,,,,2.0475172276561997e-05,1.798124236873439e-05,0.0
96,,,,,I4,optimal,14.469699900131673,,,,123563.55371595055,30.687692027564157,5.820766091346741e-11,,,,,,,0.0,0.0,0.0,0.0,0.0,0.0,0.0,0,1.6699571464458469e-06,,,,5.24013315608398e-06,3.7175703068988623e-06,0.0
97,,,,,I1,optimal,39.99756499985233,,,,6842.897660190871,16.50690324344419,2.9208604246377945e-07,,,,,,,130.202451694895,417.5177363738744,2.0750513245170563e-12,0.0009738147758340988,0.10154734690655687,0.5063460360193819,92.95303634720281,0,1.2948538312684832e-06,,,,0.40619042654394927,2.0253841289587537,371.81214538881125
97,,,,,I2,optimal,32.70517689990811,,,,9385.475506738778,41.624581965767476,1.0477378964424133e-09,,,,,,,148.43113511381452,470.2622629711932,1.6836705558022201e-06,0.008951859998169526,0.5739962091381733,0.8096551140094965,7.612056901291888,0,0.000529571327604117,,,,2.2959849744726144,3.2386204658225903,30.448227605167553
97,,,,,I3,optimal,20.196770699927583,,,,111721.16099815178,8.789118448923716,4.691537469625473e-08,,,,,,,0.0,0.0,0.0,0.0,0.0,0.0,0.0,0,5.830257354591117e-07,,,,1.8090792499145751e-06,8.965042676978384e-07,0.0
97,,,,,I4,optimal,21.65776819991879,,,,124051.25384792597,30.68683888500037,7.566995918750763e-10,,,,,,,0.0,0.0,0.0,0.0,0.0,0.0,0.0,0,1.630629155649969e-06,,,,4.355738278114422e-06,3.4439329721832165e-06,0.0
98,,,,,I1,optimal,21.56088580004871,,,,4205.518278109162,0.0,1.4551915228366852e-07,,,,,,,123.15852252594618,370.97006519217973,0.05409981975957667,0.11148669176538326,13.602749498340986,0.3797595233707037,36.265291188443136,0,28.1757166757952,,,,54.41099799336395,1.5190380934834586,145.06116475377254
98,,,,,I2,optimal,27.856757400091738,,,,9469.74798845556,41.321554702542485,5.820766091346741e-11,,,,,,,148.4312741841535,474.1486049740529,1.7663749135342056e-06,0.014049825890479335,0.871582309036411,0.30445957217702635,10.187454245656332,0,0.0005555855804288967,,,,3.486329236145764,1.217838288708332,40.749816982625326
98,,,,,I3,optimal,19.327251500217244,,,,111860.12212646965,8.786891984603594,2.823071554303169e-07,,,,,,,0.0,0.0,0.0,0.0,0.0,0.0,0.0,0,4.2054694000140105e-07,,,,1.293931601739177e-06,1.1421474809346586e-06,0.0
98,,,,,I4,optimal,20.18270150013268,,,,124631.44187609687,30.68550931489859,6.9267116487026215e-09,,,,,,,0.0,0.0,0.0,0.0,0.0,0.0,0.0,0,1.6497369672492873e-06,,,,4.358249072284255e-06,3.4093512159061208e-06,0.0
99,,,,,I1,optimal,44.80805230000988,,,,5252.349409412109,16.18487368996888,9.89530235528946e-10,,,,,,,124.91950509879933,357.46064642708154,0.014298503560581122,0.036416465997329686,3.808882294396441,0.2848196425533293,0.5756026499747688,0,7.043930291412579,,,,15.235529177585779,1.1392785702137298,2.302410599899079
99,,,,,I2,optimal,17.637965300120413,,,,10865.911836060235,44.2237755971756,1.1641532182693481e-10,,,,,,,150.4327538949335,482.005679794683,0.02522986091509531,0.023459608830732365,2.3046014717680623,0.27502696040515545,17.95796726761625,0,7.043929761364097,,,,9.218405887072274,1.100107841620817,71.831869070465
99,,,,,I3,optimal,20.451324500143528,,,,111053.97094550182,1.3271883388489147e-08,1.7462298274040222e-10,,,,,,,0.0,0.0,0.0,0.0,0.0,0.0,0.0,0,3.178828818911971e-07,,,,1.039120940048926e-06,9.223085899693175e-07,0.0
99,,,,,I4,optimal,28.384284199913964,,,,122313.9278428745,7.857439170795647e-05,3.7834979593753815e-09,,,,,,,0.0,0.0,0.0,0.0,0.0,0.0,0.0,0,1.8424157599316969e-06,,,,4.756075565250897e-06,3.3793480017518916e-06,0.0
100,,,,,I1,optimal,25.83099989988841,,,,5226.0635663558505,16.84745655753911,4.71482053399086e-09,,,,,,,125.79999638797895,346.5046250764809,0.007048469240117725,0.030649587472380804,2.8770497301918896,0.21361473191500122,13.102019477233048,0,3.521965156718494,,,,11.508198920786867,0.8544589278654867,52.40807790893219
100,,,,,I2,optimal,42.5619594999589,,,,11094.354846700891,50.5961701863684,2.427259460091591e-08,,,,,,,151.25015944036477,486.6615668829494,0.012304489365448423,0.011809024201909971,1.2145443896897479,0.6802385034870546,35.558109589627854,0,3.521964730818979,,,,4.858177558759094,2.7209540139483672,142.23243835851142
100,,,,,I3,optimal,17.420488000148907,,,,110867.8601914899,5.27849449211971e-07,1.7462298274040222e-10,,,,,,,0.0,0.0,0.0,0.0,0.0,0.0,0.0,0,6.780161626592451e-06,,,,2.2514412464875993e-05,1.9991540463570377e-05,0.0
100,,,,,I4,optimal,25.46705640014261,,,,121176.65456791746,1.8288571423884495e-06,9.89530235528946e-10,,,,,,,0.0,0.0,0.0,0.0,0.0,0.0,0.0,0,4.5085543688734414e-05,,,,0.00015141251681660093,6.779635303846207e-05,0.0
