{
  "model": "Single Investor Primal-Dual MPEC",
  "investor": "I1",
  "wacc": 0.08,
  "solver_status": "ok",
  "termination": "optimal",
  "profit_eur_per_day": 958730.0559407459,
  "spot_revenue_eur_per_day": 969578.046790974,
  "degradation_cost_eur_per_day": 8204.865496224127,
  "capex_daily_eur_per_day": 2643.1253540040457,
  "lower_level_primal_objective_eur_per_day": 750002.2179573366,
  "lower_level_dual_objective_eur_per_day": 750002.2179573268,
  "strong_duality_gap": 9.778887033462524e-09,
  "total_power_mw": 148.96274396087776,
  "total_energy_mwh": 387.2436041856191,
  "total_charge_mwh": 583.1162510677583,
  "total_discharge_mwh": 510.8658150954588,
  "total_storage_throughput_mwh": 1093.982066163217,
  "total_load_shed_mwh": -1.1825416487381162e-06,
  "equivalent_cycles_throughput_over_2e": 1.4125243830222616,
  "equivalent_cycles_discharge_over_e": 1.3192362884077056,
  "line_limits_mw": {
    "L12": 400.0,
    "L14": 400.0,
    "L15": 400.0,
    "L23": 400.0,
    "L34": 240.0,
    "L45": 240.0
  },
  "existing_power_mw_per_node": 0.0,
  "existing_ratio_hours": 2.0,
  "storage_units": [
    "I1",
    "RIV"
  ],
  "demand_model": "quadratic",
  "load_shed_allowed": true,
  "quadratic_demand_alpha_eur_per_mwh": 4000,
  "quadratic_demand_beta_eur_per_mwh_per_share": 10000,
  "quadratic_demand_source": "fixed_default"
}