unit,hour,node,soc_start_mwh,soc_end_mwh,p_charge_mw,p_discharge_mw,net_injection_mw,lambda_eur_per_mwh,spot_revenue_eur,degradation_cost_eur,rho_charge_dual,sigma_discharge_dual,gamma_soc_transition_dual
I1,1,N1,3.700281274244319e-05,3.708321540736214e-05,2.0119582729846533e-07,1.0100996514874496e-07,-1.0018586214972036e-07,67.15000025438212,-6.727480668839214e-06,2.266543443354077e-06,-0.8422705391871635,-0.6410260894508008,-72.29489468313027
I1,2,N1,3.708321540736214e-05,3.7163361592111034e-05,2.009865170465987e-07,1.0106665471349077e-07,-9.991986233310792e-08,67.15000031267195,-6.709618786910335e-06,2.2653987882006708e-06,-0.8502208673555837,-0.6351668283457556,-72.28990510513627
I1,3,N1,3.7163361592111034e-05,3.7243276621935165e-05,2.0079879630372968e-07,1.0111855433112395e-07,-9.968024197260573e-08,67.15000037352607,-6.693528285693644e-06,2.2643801297614023e-06,-0.8565076223509738,-0.6305679721275421,-72.28517069329976
I1,4,N1,3.7243276621935165e-05,3.732298506487174e-05,2.0063168296993743e-07,1.0116551233459542e-07,-9.946617063534202e-08,67.15000033284473,-6.6791533912700065e-06,2.2634789647839963e-06,-0.8612174524018346,-0.6272871400642752,-72.28056173634896
I1,5,N1,3.732298506487174e-05,3.740250586533878e-05,2.0048053918871423e-07,1.0120872922392928e-07,-9.927180996478495e-08,67.15000033323297,-6.66610207221595e-06,2.2626695130948264e-06,-0.864800088451598,-0.6248813201747333,-72.27590689197147
I1,6,N1,3.740250586533878e-05,3.748185720368269e-05,2.0034444898960465e-07,1.0124811769209614e-07,-9.909633129750852e-08,67.15000052018351,-6.654318698175974e-06,2.261944250112756e-06,-0.8673358977225082,-0.6233878556272919,-72.27099747632396
I1,7,N1,3.748185720368269e-05,3.756105602037876e-05,2.002221627813395e-07,1.0128374349656089e-07,-9.89384192847786e-08,67.15000058033326,-6.643714912390138e-06,2.261294297084253e-06,-0.8689393828983301,-0.6227870982030357,-72.2655958680137
I1,8,N1,3.756105602037876e-05,3.7640119817032244e-05,2.0011400403152625e-07,1.0131536480834341e-07,-9.879863922318284e-08,67.15000063535261,-6.634328686608701e-06,2.2607202662990224e-06,-0.8695670383508893,-0.623174633814157,-72.25944348830046
I1,9,N1,3.7640119817032244e-05,3.771906366197238e-05,2.0001745140311278e-07,1.0134305024049455e-07,-9.867440116261823e-08,67.15000057807319,-6.62598609511084e-06,2.2602037623270554e-06,-0.8694633154001666,-0.6245294264984879,-72.2522693131055
I1,10,N1,3.771906366197238e-05,3.8721509693945494e-05,1.1477657954320408e-06,6.726353638799323e-08,-1.0805022590440475e-06,60.000000643636305,-6.483013623809333e-05,9.112719988650255e-06,-0.8851084804542377,-0.8047713116588853,-72.24379589475505
I1,11,N1,3.8721509693945494e-05,3.972173824533263e-05,1.145404373273702e-06,6.727026570923278e-08,-1.0781341075644692e-06,60.00000058354357,-6.468804708300637e-05,9.09505979237201e-06,-0.8885474881544526,-0.8044279085635901,-72.2390402767658
I1,12,N1,3.972173824533263e-05,4.072010792701347e-05,1.1434203685701562e-06,6.727198916957104e-08,-1.0761483794005852e-06,60.000000576654784,-6.456890338460122e-05,9.080192683047954e-06,-0.8953770058110022,-0.8017036284768698,-72.2377156222991
I1,13,N1,4.072010792701347e-05,4.171690365061392e-05,1.1417351871296844e-06,6.726883321354387e-08,-1.0744663539161405e-06,60.000000559302826,-6.44679818359205e-05,9.067530152574211e-06,-0.90580112408617,-0.796505289395394,-72.23961401153302
I1,14,N1,4.171690365061392e-05,4.271231919491574e-05,1.1402516259440897e-06,6.726093901661344e-08,-1.0729906869274761e-06,60.00000054445396,-6.43794417998426e-05,9.056344237205274e-06,-0.9200902757022522,-0.788701837553898,-72.24459614030299
I1,15,N1,4.271231919491574e-05,4.3706438702298045e-05,1.1388527519449655e-06,6.724848165813702e-08,-1.0716042702868285e-06,60.000000527958065,-6.429625678297182e-05,9.045759252023268e-06,-0.9385830605878142,-0.7781081661523092,-72.25258273898378
I1,16,N1,4.3706438702298045e-05,4.4699090952656126e-05,1.1372662345381882e-06,6.723189267880792e-08,-1.0700343418593802e-06,60.00000056278347,-6.420206111376045e-05,9.033735954127472e-06,-0.962079919169354,-0.7643136276352924,-72.26354623697479
I1,17,N1,4.4699090952656126e-05,4.568968273388576e-05,1.1350420896481905e-06,6.721192734148579e-08,-1.0678301623067048e-06,60.00000060702651,-6.40698103866035e-05,9.016905127422572e-06,-0.9919033688227509,-0.7466277831811601,-72.27749829905464
I1,18,N1,4.568968273388576e-05,4.576925033859778e-05,2.0049297716313165e-07,1.0117581731025708e-07,-9.931715985287457e-08,67.15000057316846,-6.66914734104599e-06,2.262515958550415e-06,-0.9286400184408322,-0.5594491716697798,-72.29447241507292
I1,19,N1,4.576925033859778e-05,4.584895111274612e-05,2.005944582339668e-07,1.0114007787809487e-07,-9.945438035587193e-08,67.15000030845495,-6.678361671573996e-06,2.2630090208404624e-06,-0.9524334490717103,-0.5320196788624736,-72.30956027800956
I1,20,N1,4.584895111274612e-05,3.687342766026686e-05,5.72005158643279e-08,8.45120309466727e-06,8.394002578802943e-06,87.64071464183995,0.0007356563847117373,6.381302707898698e-05,-1.3124481889496102,-3.158670757712813,-72.32276646994168
I1,21,N1,3.687342766026686e-05,3.676528130892364e-05,1.0368285652044985e-07,1.9206112072339258e-07,8.837826420294273e-08,74.37960642012399,6.573540507508614e-06,2.218079829328818e-06,-1.3377502299578312,-0.11617336468638352,-72.31753531238022
I1,22,N1,3.676528130892364e-05,3.6844700424445204e-05,2.0036570303130638e-07,1.0120329883473237e-07,-9.916240419657401e-08,67.15000063604414,-6.658755504871611e-06,2.2617675139952907e-06,-0.980606367008305,-0.501485013062806,-72.31500803671892
I1,23,N1,3.6844700424445204e-05,3.692388390838291e-05,2.0017740804921262e-07,1.0125888551659463e-07,-9.891852253261798e-08,67.15000060590654,-6.642378848000677e-06,2.260772201743554e-06,-0.9850973341804342,-0.49777335069955897,-72.31115937370826
I1,24,N1,3.692388390838291e-05,3.700281274244319e-05,1.9997301928896553e-07,1.0131817362655396e-07,-9.865484566241157e-08,67.15000058885971,-6.624672944324801e-06,2.2596839468663963e-06,-0.9917180980716365,-0.49207542105755864,-72.30619879874502
I1,1,N2,4.650994850009783e-05,4.6698832881654526e-05,2.9760632108853016e-07,8.393592634330922e-08,-2.1367039474522094e-07,67.15000033710284,-1.4347967079170483e-05,2.8615668557387953e-06,-0.5100370478453338,-0.8344029649676865,-74.04640093983407
I1,2,N2,4.6698832881654526e-05,4.688660947237182e-05,2.965307506732495e-07,8.403051563044214e-08,-2.1250023504280739e-07,67.15000040480558,-1.4269390869145798e-05,2.8542094972776872e-06,-0.5175952723222833,-0.836289272409316,-74.0247587881617
I1,3,N2,4.688660947237182e-05,4.7073365349430364e-05,2.955420623700189e-07,8.411971774733146e-08,-2.1142234462268743e-07,67.15000047378868,-1.4197010541582975e-05,2.847463350880128e-06,-0.5217187452609225,-0.8405482153495281,-74.00370560564564
I1,4,N2,4.7073365349430364e-05,4.72591530285204e-05,2.946053175000625e-07,8.420527261226141e-08,-2.104000448878011e-07,67.1500004430897,-1.4128363107441935e-05,2.8410794258424293e-06,-0.5240385434690141,-0.8462738179592624,-73.98312920798568
I1,5,N2,4.72591530285204e-05,4.7444027085491587e-05,2.937238624376605e-07,8.428818366114978e-08,-2.0943567877651072e-07,67.15000043550887,-1.4063605921053792e-05,2.835090345741077e-06,-0.5243384406313399,-0.8529523684113102,-73.96295053615542
I1,6,N2,4.7444027085491587e-05,4.7628031473369394e-05,2.928868943996121e-07,8.436892958230132e-08,-2.0851796481731082e-07,67.1500006040649,-1.4001981463440805e-05,2.8294186798643506e-06,-0.5231017725083683,-0.8603373425051493,-73.94312213966485
I1,7,N2,4.7628031473369394e-05,4.7811198124622563e-05,2.9208201678757024e-07,8.44479010065515e-08,-2.0763411578101876e-07,67.1500006571001,-1.3942631011131806e-05,2.823974383455913e-06,-0.5209037011008133,-0.8682289432175115,-73.92362560879532
I1,8,N2,4.7811198124622563e-05,4.7993560140882285e-05,2.913104854119415e-07,8.452510380836405e-08,-2.0678538160357745e-07,67.15000072104608,-1.3885638523782015e-05,2.8187669191522914e-06,-0.5176519856833274,-0.876624118111952,-73.90446892909479
I1,9,N2,4.7993560140882285e-05,4.817513827684863e-05,2.905594866774248e-07,8.460086877564387e-08,-2.059586179017809e-07,67.15000065676684,-1.3830121327371377e-05,2.813702665898015e-06,-0.5139614746954854,-0.8853534512585747,-73.88568594547338
I1,10,N2,4.817513827684863e-05,7.340453076594364e-05,2.702183551747733e-05,5.901063972688266e-08,-2.6962824877750446e-05,60.00000069598923,-0.0016177695114308625,0.00020310634617903158,-1.7368985589351562,-0.9089049482101593,-73.867332395192
I1,11,N2,7.340453076594364e-05,7.686957834494644e-05,3.771212697056512e-06,6.065982509379504e-08,-3.7105528719627172e-06,60.20150838926167,-0.0002233808798502625,2.8739043916127307e-05,-1.8062971514259232,-0.9808669525058745,-73.8729738907665
I1,12,N2,7.686957834494644e-05,7.925595714977475e-05,2.6197416154632177e-06,6.149458902156938e-08,-2.5582470264416485e-06,60.34152686123251,-0.00015436853166369692,2.01092715336359e-05,-1.7366360882045713,-1.0731186121046414,-73.88156429584191
I1,13,N2,7.925595714977475e-05,8.165021145854178e-05,2.6281404466053235e-06,6.148129970319004e-08,-2.5666591469021335e-06,60.341526864226786,-0.0001548761318641085,2.0172163097313852e-05,-1.7432376107685321,-1.063791830033552,-73.89164103990943
I1,14,N2,8.165021145854178e-05,8.399386637272413e-05,2.5741146562955915e-06,6.151055424726547e-08,-2.512604102048326e-06,60.38437261363888,-0.00015172202232864365,1.9767189079071426e-05,-1.719909296193465,-1.1210603076945158,-73.9033591715664
I1,15,N2,8.399386637272413e-05,8.640930195636358e-05,2.6507259836779844e-06,6.1442725109825e-08,-2.5892832585681596e-06,60.3415278050241,-0.00015624130774197402,2.034126531590857e-05,-1.7618661549253343,-1.0397598875160354,-73.9168743295531
I1,16,N2,8.640930195636358e-05,8.995128716387755e-05,3.853310901855231e-06,6.057211363868371e-08,-3.792738788216547e-06,60.20150703264831,-0.0002283285908318165,2.935412261620436e-05,-1.8493100280006152,-0.9273706638091979,-73.93234276031895
I1,17,N2,8.995128716387755e-05,0.00011652693261689288,2.8459991096085978e-05,5.88802152941921e-08,-2.8401110880791786e-05,60.0000006530599,-0.0017040666713951339,0.00021389153483535126,-1.8089954985640782,-0.8442105213756843,-73.9519066411759
I1,18,N2,0.00011652693261689288,0.00011671205480695199,2.9383123243533883e-07,8.414999751634975e-08,-2.0968123491898907e-07,67.15000072747293,-1.4080095077347538e-05,2.8348592246376642e-06,-0.6359220181825368,-0.7887318401207956,-74.02621132775131
I1,19,N2,0.00011671205480695199,0.00011689908020181662,2.9559679739646134e-07,8.391540221856353e-08,-2.116813951778978e-07,67.15000100931601,-1.4214405899849259e-05,2.8463414971126865e-06,-0.7109383465267323,-0.7226812309546815,-74.10364594704407
I1,20,N2,0.00011689908020181662,4.6241749165628466e-05,5.507259747303382e-08,6.618351073222783e-05,6.61284381347548e-05,88.70821537054061,0.005866135732175299,0.0004967893749727565,-1.0036832675641287,-2.001577308868853,-74.18366406803807
I1,21,N2,4.6241749165628466e-05,4.5950967646558874e-05,7.96725191610737e-08,3.419722771960778e-07,2.622997580350041e-07,81.16771005654668,2.1290270708087563e-05,3.1623359726786363e-06,-1.6692917387129702,-0.06620972075364225,-74.15934096469937
I1,22,N2,4.5950967646558874e-05,4.6138219776524986e-05,2.9576154262564557e-07,8.384751079987826e-08,-2.119140318257673e-07,67.15000075848344,-1.4230027397833559e-05,2.8470679006914286e-06,-0.7745148051264661,-0.6733341809682115,-74.13637861608775
I1,23,N2,4.6138219776524986e-05,4.63245643252249e-05,2.9489452363314205e-07,8.393741499377923e-08,-2.1095710863936283e-07,67.15000070324461,-1.4165769993487666e-05,2.8412395397019095e-06,-0.7712817281519017,-0.6791603595144481,-74.11371585894297
I1,24,N2,4.63245643252249e-05,4.650994850009783e-05,2.9397175634265447e-07,8.402789216371144e-08,-2.0994386417894304e-07,67.15000068056766,-1.409773062249703e-05,2.8349973637977443e-06,-0.7713905207574565,-0.6842349781519275,-74.09123035764783
I1,1,N3,4.143034778957633e-05,4.156458523683321e-05,2.4684814559661217e-07,9.061642233216902e-08,-1.5623172326444315e-07,67.15000032288002,-1.049096026765146e-05,2.530984259465859e-06,-0.7333699566308112,-0.6886392086387062,-73.81967124283237
I1,2,N3,4.156458523683321e-05,4.1698075344110765e-05,2.461721388895175e-07,9.072368578075916e-08,-1.5544845310875832e-07,67.15000038892546,-1.0438363686710983e-05,2.5267186850270748e-06,-0.7292551736014761,-0.698745915000605,-73.79334806601169
I1,3,N3,4.1698075344110765e-05,4.18308559622536e-05,2.4553218978336185e-07,9.082711075875446e-08,-1.547050790246074e-07,67.1500004642358,-1.0388446128322023e-05,2.5226947540658723e-06,-0.7233045998548725,-0.7102229381468458,-73.76660276731761
I1,4,N3,4.18308559622536e-05,4.196297604389161e-05,2.4493901525681117e-07,9.092569509724854e-08,-1.5401332015956265e-07,67.15000043191876,-1.0341994515235873e-05,2.518985327655448e-06,-0.7147371362121596,-0.7235140647050573,-73.73930824681442
I1,5,N3,4.196297604389161e-05,4.209446950789144e-05,2.4437797465554953e-07,9.102068377999174e-08,-1.533572908755578e-07,67.15000042109912,-1.0297942146872327e-05,2.5154899382665596e-06,-0.7045038393904014,-0.7380553435284112,-73.71136264320295
I1,6,N3,4.209446950789144e-05,4.222537052938149e-05,2.438492311482162e-07,9.111197989733725e-08,-1.5273725125087894e-07,67.15000058717759,-1.0256306511180411e-05,2.5122090828416504e-06,-0.6925500824162703,-0.7538889873956713,-73.68269005002409
I1,7,N3,4.222537052938149e-05,4.235571308417966e-05,2.4335254982152884e-07,9.119956419735918e-08,-1.5215298562416966e-07,67.15000062156484,-1.021707307923594e-05,2.5091408551416602e-06,-0.6788498560603525,-0.7710215231484286,-73.653247479655
I1,8,N3,4.235571308417966e-05,4.248553103977483e-05,2.42887810066983e-07,9.128343241135929e-08,-1.5160437765562373e-07,67.15000066338465,-1.018023406014715e-05,2.5062843185875674e-06,-0.6633674570816922,-0.7894550395062063,-73.6230332314252
I1,9,N3,4.248553103977483e-05,4.261485301971136e-05,2.4244972469444643e-07,9.136386078531076e-08,-1.5108586390913567e-07,67.15000060220845,-1.0145415852483644e-05,2.5036018910981786e-06,-0.6464331630225799,-0.8090657214808293,-73.59209613393362
I1,10,N3,4.261485301971136e-05,4.468054807226993e-05,2.2782608107465306e-06,6.248461405697812e-08,-2.2157761966895527e-06,60.00000064958441,-0.00013294657324070683,1.7555590686026313e-05,-1.7508675884984006,-0.8896660572689068,-73.5605425058541
I1,11,N3,4.468054807226993e-05,4.938231368438805e-05,5.092473852695685e-06,6.064335950871422e-08,-5.03183049318697e-06,59.785386562060005,-0.00030082993114994406,3.864837909153299e-05,-1.838126103947172,-0.8484829762601054,-73.53278927920252
I1,12,N3,4.938231368438805e-05,6.086439278173906e-05,1.2335420237482352e-05,5.978629325679868e-08,-1.2275633944225553e-05,59.636261169454855,-0.0007320729119184603,9.296404898054362e-05,-1.836238784672086,-0.7565332827181704,-73.51266538743744
I1,13,N3,6.086439278173906e-05,7.250688675095443e-05,1.2506804539664524e-05,5.978707479634314e-08,-1.2447017464868181e-05,59.63626107873645,-0.0007422935831864712,9.424943710845651e-05,-1.829760191546563,-0.7595959486566576,-73.50800815076181
I1,14,N3,7.250688675095443e-05,8.507767732341944e-05,1.3498298435416033e-05,5.95452902470059e-08,-1.3438753145169027e-05,59.5906285646303,-0.0008008237470455247,0.0001016838279424728,-1.8750562751104873,-0.8435170449791476,-73.51794143965351
I1,15,N3,8.507767732341944e-05,9.701177129460472e-05,1.2818275376200351e-05,5.972782695818726e-08,-1.2758547549242164e-05,59.636259980593415,-0.0007608720586213686,9.658502402368904e-05,-1.861661132913784,-0.7233703552514461,-73.54683931324483
I1,16,N3,9.701177129460472e-05,0.00010188047750234941,5.270686152030909e-06,6.051804460065745e-08,-5.210168107430251e-06,59.785387945701814,-0.0003114919215650406,3.998403147473675e-05,-1.8951015669044584,-0.7838411503269836,-73.60480639280591
I1,17,N3,0.00010188047750234941,0.00010402433010184236,2.361486747705458e-06,6.224306059235704e-08,-2.2992436871131006e-06,60.000000603050196,-0.0001379546226133454,1.8177973562233613e-05,-1.8520679470428316,-0.8034730596095492,-73.68408832971268
I1,18,N3,0.00010402433010184236,0.000104157456120009,2.4578491603442386e-07,9.072522879412153e-08,-1.5505968724030234e-07,67.15000065009815,-1.0412258098990318e-05,2.5238260862140904e-06,-0.7845094844339914,-0.6638994804632365,-73.77890843982279
I1,19,N3,0.000104157456120009,0.00010429173639505134,2.467904996747165e-07,9.052583216338223e-08,-1.5626466751133427e-07,67.15000068119227,-1.049317252983238e-05,2.5298724887857406e-06,-0.8781648082103815,-0.5624024401761071,-73.87370263260733
I1,20,N3,0.00010429173639505134,4.089551203327618e-05,5.5690061374702806e-08,5.938765584263169e-05,5.933196578125698e-05,88.28396469021656,0.005238061172033629,0.00044582509428004797,-1.3145875789257147,-1.816424693373538,-73.9674302840221
I1,21,N3,4.089551203327618e-05,4.103027358598183e-05,2.472142916087511e-07,9.044663868876946e-08,-1.5676765291998165e-07,67.15000098579087,-1.0526948048116888e-05,2.532456977231404e-06,-0.9603810042323893,-0.4650761936984674,-73.9446630780229
I1,22,N3,4.103027358598183e-05,4.1164339284941194e-05,2.465883514536905e-07,9.054957412920685e-08,-1.5603877732448363e-07,67.15000068045433,-1.0478004003516337e-05,2.52853444187173e-06,-0.9512662765903537,-0.47925316191603284,-73.92118249883367
I1,23,N3,4.1164339284941194e-05,4.129770444869153e-05,2.4595905581405417e-07,9.065395169215257e-08,-1.553051041219016e-07,67.15000066250647,-1.0428737844676329e-05,2.5245975562965504e-06,-0.9429994089185043,-0.4923123081347039,-73.89693442824557
I1,24,N3,4.129770444869153e-05,4.143034778957633e-05,2.453104436589413e-07,9.076133137965703e-08,-1.545491122792843e-07,67.15000065285471,-1.0377972990452057e-05,2.5205383127894875e-06,-0.9366536890899829,-0.5035568130561303,-73.87182510893068
I1,1,N4,3.700042485197416e-05,3.708086515379599e-05,2.0122549310822367e-07,1.0100072710491087e-07,-1.002247660033128e-07,67.15000031556974,-6.730093068750358e-06,2.266696651598509e-06,-0.8418732955669141,-0.6414450099766639,-72.29657142031199
I1,2,N4,3.708086515379599e-05,3.716104922436079e-05,2.0101636917534902e-07,1.010573469203931e-07,-9.995902225495593e-08,67.15000038187986,-6.7122483825926285e-06,2.265552870718066e-06,-0.8497923060938032,-0.6356168757942439,-72.29158898179784
I1,3,N4,3.716104922436079e-05,3.7241002443881446e-05,2.0082888484198075e-07,1.0110916922318836e-07,-9.971971561879238e-08,67.15000045303609,-6.696178948978538e-06,2.2645354054887686e-06,-0.8560433481004976,-0.6310520736563291,-72.2868593382523
I1,4,N4,3.7241002443881446e-05,3.7320749437200234e-05,2.006620628483863e-07,1.0115604486684e-07,-9.95060179815463e-08,67.15000042102298,-6.681829149355155e-06,2.2636358078641974e-06,-0.8607125417264417,-0.6278072752571227,-72.28225251343912
I1,5,N4,3.7320749437200234e-05,3.740030863340614e-05,2.0051077597966086e-07,1.0119928114394834e-07,-9.931149483571251e-08,67.15000041274298,-6.668766919208218e-06,2.262825428427069e-06,-0.8642987860277286,-0.6253993085289781,-72.27759710943316
I1,6,N4,3.740030863340614e-05,3.7479697948220714e-05,2.003743223111719e-07,1.0123874361308794e-07,-9.913557869808395e-08,67.15000058137113,-6.6569541672109004e-06,2.262097994431949e-06,-0.8668609819405031,-0.6238832701724739,-72.2726842589608
I1,7,N4,3.7479697948220714e-05,3.755893437499065e-05,2.0025172084471867e-07,1.0127443616851197e-07,-9.89772846762067e-08,67.15000062414862,-6.646324727783815e-06,2.26144617759923e-06,-0.8684865432945686,-0.6232627480105472,-72.26727618202446
I1,8,N4,3.755893437499065e-05,3.763803561583824e-05,2.001434188933756e-07,1.0130608728546672e-07,-9.883733160790889e-08,67.1500006691567,-6.636926883608744e-06,2.2608712963413173e-06,-0.8691194311927776,-0.623644465709887,-72.26111435417538
I1,9,N4,3.763803561583824e-05,3.771701680740002e-05,2.000467833123667e-07,1.0133379137100996e-07,-9.871299194135674e-08,67.15000060535496,-6.628577468618504e-06,2.260354310125325e-06,-0.8690152950803578,-0.6249976889828123,-72.2539281008071
I1,10,N4,3.771701680740002e-05,3.87199554057231e-05,1.1482872195941182e-06,6.725931190712417e-08,-1.0810279076869941e-06,60.00000065926762,-6.486167517390634e-05,9.116598986259317e-06,-0.8857125748637203,-0.8050615664072673,-72.24544053022015
I1,11,N4,3.87199554057231e-05,3.9720676192139356e-05,1.1459254279712814e-06,6.72660276583108e-08,-1.0786594003129707e-06,60.000000588488554,-6.471956465355695e-05,9.09893591722194e-06,-0.8891439723248852,-0.8047315589581833,-72.24067112809509
I1,12,N4,3.9720676192139356e-05,4.071953303460309e-05,1.1439360128900306e-06,6.726776060285073e-08,-1.07666825228718e-06,60.00000058059224,-6.460009576233603e-05,9.08402830119661e-06,-0.8959832195120834,-0.8020000503560983,-72.23933370060705
I1,13,N4,4.071953303460309e-05,4.1716819889151077e-05,1.1422550796978483e-06,6.726461044604698e-08,-1.0749904692518012e-06,60.00000056215375,-6.449942875941799e-05,9.071397676079214e-06,-0.9063914382823955,-0.7967941072493693,-72.24122080707266
I1,14,N4,4.1716819889151077e-05,4.2712732206688226e-05,1.1407775512913196e-06,6.725672036135358e-08,-1.0735208309299659e-06,60.0000005470107,-6.441125044302533e-05,9.060257037395049e-06,-0.9206614587392983,-0.7889814946007594,-72.2461938679692
I1,15,N4,4.2712732206688226e-05,4.370735872565087e-05,1.1393896150582373e-06,6.724426244502607e-08,-1.0721453526132113e-06,60.00000053047041,-6.432872172553406e-05,9.049754081274475e-06,-0.9391227772498293,-0.778378932796361,-72.25417437283602
I1,16,N4,4.370735872565087e-05,4.470052049363017e-05,1.1378057762806556e-06,6.72276745477455e-08,-1.0705781017329101e-06,60.00000056654701,-6.423468671050742e-05,9.037750881213009e-06,-0.9626136409437923,-0.764570716982158,-72.26513559440114
I1,17,N4,4.470052049363017e-05,4.569162813662581e-05,1.1355883841986527e-06,6.720768719898968e-08,-1.068380696999663e-06,60.000000619788665,-6.410284248215003e-05,9.020970535482318e-06,-0.9924191578432594,-0.746885280595768,-72.27908977957217
I1,18,N4,4.569162813662581e-05,4.577123361069726e-05,2.0052267465031718e-07,1.0116638943956541e-07,-9.935628521075177e-08,67.15000061239733,-6.671774612747506e-06,2.2626679806741195e-06,-0.928226404256412,-0.5599284189633376,-72.29607105379885
I1,19,N4,4.577123361069726e-05,4.585097259329883e-05,2.0062447909703535e-07,1.0113061592392558e-07,-9.949386317310977e-08,67.1500003522703,-6.681012947123054e-06,2.263163212657207e-06,-0.952010737170265,-0.5324922147174687,-72.31117009050426
I1,20,N4,4.585097259329883e-05,3.687088050545118e-05,5.720296061740365e-08,8.455481479210462e-06,8.39827851859306e-06,87.64071469134659,0.0007360311315464792,6.3845133298709e-05,-1.312655264361531,-3.1568718849865105,-72.32439149405621
I1,21,N4,3.687088050545118e-05,3.6762780774580587e-05,1.0370144664020648e-07,1.9203377069056976e-07,8.833232405036328e-08,74.37960647302404,6.570123501713658e-06,2.218014129980822e-06,-1.3339478819927406,-0.11617750151734432,-72.31916353808678
I1,22,N4,3.6762780774580587e-05,3.684223749256871e-05,2.0039513981156e-07,1.0119389237146604e-07,-9.920124744009395e-08,67.15000069280343,-6.661363834329273e-06,2.2619177413726955e-06,-0.9802406617887325,-0.5019291439787684,-72.31664390255119
I1,23,N4,3.684223749256871e-05,3.692145848692386e-05,2.0020673764065704e-07,1.0124947130360331e-07,-9.895726633705372e-08,67.15000066709416,-6.644980500546972e-06,2.2609215670819524e-06,-0.984729731310769,-0.49822619519957007,-72.31280490312922
I1,24,N4,3.692145848692386e-05,3.700042485197416e-05,2.000023578648421e-07,1.0130874802887751e-07,-9.869360983596459e-08,67.1500006525159,-6.627275964884172e-06,2.2598332942028972e-06,-0.9913367914977703,-0.4925380429632334,-72.30785519330377
I1,1,N5,0.0001577200567370193,0.00015791639820193705,3.067530452577661e-07,8.496950477514621e-08,-2.2178354048261989e-07,67.15000033859452,-1.4892764818502618e-05,2.9379191252468424e-06,-0.019242256676502034,-0.44691560602542707,-73.9890458991395
I1,2,N5,0.00015791639820193705,0.00015811239743918038,3.0644999610423437e-07,8.502432972716039e-08,-2.2142566637707397e-07,67.15000040519074,-1.4868733586940147e-05,2.936057443735461e-06,-0.019240795389740464,-0.43464351057258505,-73.9827406944618
I1,3,N5,0.00015811239743918038,0.0001583080627153778,3.0614660024465723e-07,8.507111336714821e-08,-2.2107548687750904e-07,67.15000047407126,-1.4845219048630267e-05,2.934132852088541e-06,-0.019240498973831607,-0.42647040013523496,-73.97639464881829
I1,4,N5,0.0001583080627153778,0.00015850339341323365,3.0583657702644396e-07,8.511266859350617e-08,-2.2072390843293778e-07,67.1500004428769,-1.4821610549025292e-05,2.932119342149626e-06,-0.019243822239593315,-0.4207409583356721,-73.97000151668038
I1,5,N5,0.00015850339341323365,0.0001586983952596156,3.0552802048295847e-07,8.515014841954744e-08,-2.2037787206341103e-07,67.15000043571962,-1.4798374205081013e-05,2.9300862667687943e-06,-0.019247685923148208,-0.41712183471147957,-73.96355798809986
I1,6,N5,0.0001586983952596156,0.0001588930677939084,3.052154080558762e-07,8.51845060380426e-08,-2.2003090201783363e-07,67.15000060600708,-1.4775075203837813e-05,2.927999355704391e-06,-0.01925442898745169,-0.4149766192074081,-73.95706287911676
I1,7,N5,0.0001588930677939084,0.0001590874279615528,3.04919269609249e-07,8.521743551243162e-08,-2.1970183409681737e-07,67.15000066201773,-1.4752978305047797e-05,2.9260252884126044e-06,-0.01925523910745931,-0.4139051902380994,-73.95051758401351
I1,8,N5,0.0001590874279615528,0.00015928145453277564,3.04597528775192e-07,8.52478059052522e-08,-2.193497228699398e-07,67.15000073117932,-1.4729334051100438e-05,2.9238400101033316e-06,-0.019268503806564582,-0.4135275890446008,-73.94392296447529
I1,9,N5,0.00015928145453277564,0.00015947512837532956,3.042548104327956e-07,8.527770577047593e-08,-2.1897710466231965e-07,67.15000066526213,-1.4704312723751939e-05,2.9214938715245364e-06,-0.01929297377295672,-0.41327333780873965,-73.93728550531804
I1,10,N5,0.00015947512837532956,0.0002654941008875345,0.00011333555788514564,5.907064952072294e-08,-0.00011327648723562492,60.00000070098341,-0.006796589313542434,0.0008504597140099977,-1.7375176715076657,-0.6960027024764851,-73.93061851796978
I1,11,N5,0.0002654941008875345,0.00027509415513906905,1.0324936472060666e-05,5.998476399015128e-08,-1.0264951708070514e-05,60.06962728229455,-0.0006166118231745486,7.788690927038112e-05,-1.8323862361593817,-0.38432598917502275,-73.93303148836222
I1,12,N5,0.00027509415513906905,0.0002818857577457049,7.324782766729234e-06,6.027284298922349e-08,-7.2645099237400105e-06,60.11800764204868,-0.00043672786311114043,5.5387917072888424e-05,-1.8410170475190608,-0.41025858568517554,-73.93620952185077
I1,13,N5,0.0002818857577457049,0.00028867585279161576,7.323203399506793e-06,6.030024252175377e-08,-7.2629031569850396e-06,60.11800762984776,-0.000436631267406472,5.53762773152141e-05,-1.844295970847086,-0.3768037164470601,-73.93995628331204
I1,14,N5,0.00028867585279161576,0.00029536363984101956,7.213922752248133e-06,6.032018931161321e-08,-7.15360256293652e-06,60.13281204503418,-0.0004301662383619365,5.45568220616981e-05,-1.8365504209477959,-0.38882002013352107,-73.94428570623766
I1,15,N5,0.00029536363984101956,0.00030215269677759973,7.322150161656874e-06,6.034917538792303e-08,-7.261800986268951e-06,60.1180079336714,-0.0004365650093052596,5.5368745027835976e-05,-1.8524128114273608,-0.31103649158039237,-73.94923327092935
I1,16,N5,0.00030215269677759973,0.00031173559111811794,1.0306775457702065e-05,6.013564866590153e-08,-1.0246639809036163e-05,60.06962679716658,-0.0006155118292537926,7.775183329775976e-05,-1.8519274963738286,-0.1909241786130682,-73.95478204283735
I1,17,N5,0.00031173559111811794,0.00041176427581720253,0.00010693632831826043,5.964061597150251e-08,-0.00010687668770228893,60.00000065530769,-0.006412601332174451,0.0008024697670067395,-1.7680165904780503,-0.05582904331991133,-73.96106340417973
I1,18,N5,0.00041176427581720253,0.0004119512413340577,2.9766091081853087e-07,8.577980954808631e-08,-2.1188110127044456e-07,67.15000076174222,-1.4227816111709133e-05,2.8758054027496288e-06,-0.41990894821312336,-0.011041477087089864,-73.98555466379834
I1,19,N5,0.0004119512413340577,0.00041213812245236735,2.9756979570567467e-07,8.577898100069991e-08,-2.1179081470497476e-07,67.1500012326006,-1.422175346849254e-05,2.875115825297809e-06,-0.46648630173181105,-0.01878493059179677,-74.00764493371467
I1,20,N5,0.00041213812245236735,0.00015726040959681864,5.214192103465369e-08,0.0002386112205612444,0.00023855907864020975,89.10349497908271,0.021256447665832526,0.001789975218617093,-0.6534812659908223,-2.6270066118133575,-74.03153691070074
I1,21,N5,0.00015726040959681864,0.00015716395995760493,1.059981537037815e-07,1.8314142077129018e-07,7.714326706750868e-08,76.72508991422909,5.918824102031991e-06,2.1685468085630372e-06,-1.0237450861013688,-0.01880859794030981,-74.02344117655106
I1,22,N5,0.00015716395995760493,0.00015734978012365132,2.9637251566138007e-07,8.572310006144631e-08,-2.1064941559993376e-07,67.15000076404672,-1.4145108418481549e-05,2.8657171179211975e-06,-0.5488180998613625,-0.018804871809518654,-74.01571598428724
I1,23,N5,0.00015734978012365132,0.00015753518151069817,2.95961178005137e-07,8.57547059297408e-08,-2.102064720753962e-07,67.150000706226,-1.411536474831613e-05,2.862869129511583e-06,-0.5549358879737071,-0.018812349295287255,-74.00847141390588
I1,24,N5,0.00015753518151069817,0.0001577200567370193,2.9543518068790123e-07,8.578636822337244e-08,-2.0964881246452878e-07,67.15000068229233,-1.4077917900034885e-05,2.859161616834553e-06,-0.5666334499380997,-0.018817833337939828,-74.00168090978282
I1,1,N6,3.427823561185441e-05,3.438833936553285e-05,2.2553635853605998e-07,9.4534388124987e-08,-1.3100197041107297e-07,67.15000032176594,-8.796782355255523e-06,2.4005305999578527e-06,-0.832065237013655,-0.6506604523897604,-72.96223230384095
I1,2,N6,3.438833936553285e-05,3.4497959216027786e-05,2.2511573613207023e-07,9.461881589910381e-08,-1.3049692023296641e-07,67.15000038830449,-8.762868244316235e-06,2.3980091402338055e-06,-0.8364996993912128,-0.6498253212148499,-72.94928800521926
I1,3,N6,3.4497959216027786e-05,3.460713001904512e-05,2.2472688720636442e-07,9.469845534971979e-08,-1.3002843185664463e-07,67.15000046131311,-8.731409259157508e-06,2.3956900691706315e-06,-0.839128456047594,-0.650307952675891,-72.93656735141424
I1,4,N6,3.460713001904512e-05,3.471588809762187e-05,2.2437090658112751e-07,9.477289222425867e-08,-1.2959801435686884e-07,67.15000042915467,-8.702506719681337e-06,2.3935784910403965e-06,-0.8398297099637971,-0.6522845583761067,-72.92382593038883
I1,5,N6,3.471588809762187e-05,3.482426096444833e-05,2.2403963215248068e-07,9.484322222069475e-08,-1.2919640993178591e-07,67.15000041990056,-8.67553898116907e-06,2.391621407798816e-06,-0.8392286071625747,-0.6553001312142392,-72.91078424480786
I1,6,N6,3.482426096444833e-05,3.4932276594739365e-05,2.2373320750819115e-07,9.490913821269498e-08,-1.2882406929549618e-07,67.15000058698145,-8.650536328809908e-06,2.3898175929066457e-06,-0.8372850740504266,-0.6594892459683402,-72.89713561280537
I1,7,N6,3.4932276594739365e-05,3.5039962673426124e-05,2.2345112553471277e-07,9.497046762564965e-08,-1.2848065790906313e-07,67.1500006257988,-8.62747625899663e-06,2.3881619487027183e-06,-0.8340118824497568,-0.6649302913321271,-72.88255934610582
I1,8,N6,3.5039962673426124e-05,3.5147348240160125e-05,2.2319442412783774e-07,9.502685173767203e-08,-1.281675723901657e-07,67.1500006690763,-8.606452571753513e-06,2.386659568991323e-06,-0.829295256836537,-0.6717805114968157,-72.86673440763668
I1,9,N6,3.5147348240160125e-05,3.525445957263746e-05,2.2296016563405927e-07,9.507830207255606e-08,-1.278818635615032e-07,67.15000060246008,-8.587267215198659e-06,2.385288507799615e-06,-0.8233459882647033,-0.6800433223676087,-72.84935579001628
I1,10,N6,3.525445957263746e-05,3.7011052665484944e-05,1.9500471647593248e-06,6.425738595173744e-08,-1.8857897788075872e-06,60.00000065018377,-0.00011314738795456514,1.5107284130332966e-05,-1.1604535025602185,-0.8245830164527542,-72.83015257295237
I1,11,N6,3.7011052665484944e-05,3.926603843731904e-05,2.48173080493292e-06,6.356774884179872e-08,-2.418163056091121e-06,59.92463991633726,-0.0001449075503952501,1.908973915331039e-05,-1.1764745234874132,-0.8107885745308699,-72.81655011874496
I1,12,N6,3.926603843731904e-05,4.187858582126396e-05,2.8633575791386482e-06,6.323177028061286e-08,-2.800125808858035e-06,59.872275259025805,-0.00016764990318785057,2.194942012064446e-05,-1.1942541553053847,-0.7763647630772871,-72.81002371282256
I1,13,N6,4.187858582126396e-05,4.4494329853976684e-05,2.866763436252267e-06,6.322356482774989e-08,-2.803539871424517e-06,59.8722751836564,-0.00016785431067028135,2.1974902508100124e-05,-1.1994261538656297,-0.7713873643918154,-72.81196539919591
I1,14,N6,4.4494329853976684e-05,4.7142712763975476e-05,2.9015910000103383e-06,6.318586498618785e-08,-2.8384051350241505e-06,59.85625153111747,-0.00016989629170922102,2.2235826487473945e-05,-1.2258694119960039,-0.7336136184272248,-72.82238351489046
I1,15,N6,4.7142712763975476e-05,4.977544581987008e-05,2.884854020996463e-06,6.317092806156568e-08,-2.821683092934897e-06,59.87227476067677,-0.0001689405854277544,2.2110187117935214e-05,-1.2319081516325427,-0.7423303413420033,-72.84155202434833
I1,16,N6,4.977544581987008e-05,5.2062701746266243e-05,2.516085018818665e-06,6.346047354014354e-08,-2.4526245452785214e-06,59.92464037991283,-0.00014697264386276263,1.9346591192691065e-05,-1.2395096074895622,-0.7555622254129257,-72.87033237151321
I1,17,N6,5.2062701746266243e-05,5.386237642803592e-05,1.9958845193403375e-06,6.409094171957446e-08,-1.931793577620763e-06,60.0000006073051,-0.00011590761583043388,1.544981595794934e-05,-1.244521238750602,-0.7531254191828562,-72.90790607703025
I1,18,N6,5.386237642803592e-05,5.3971712034225914e-05,2.2482908614334971e-07,9.463373566000903e-08,-1.3019535048334067e-07,67.1500006245434,-8.742617866268972e-06,2.3959711635251906e-06,-0.9073660347855586,-0.58627720116385,-72.95325455582473
I1,19,N6,5.3971712034225914e-05,5.4081637059218555e-05,2.2532262093771596e-07,9.451442351994127e-08,-1.308081974177747e-07,67.15000047105453,-8.783770518221364e-06,2.398777833432429e-06,-0.9506209349666154,-0.5372122671926082,-72.99670467780986
I1,20,N6,5.4081637059218555e-05,3.396743471842059e-05,5.761714282494116e-08,1.887737153934725e-05,1.881975439652231e-05,87.86658874434964,0.0016536276198288917,0.00014201241511629145,-1.2862280634044232,-2.4803384733846565,-73.03832467651613
I1,21,N6,3.396743471842059e-05,3.3950771943364e-05,1.3564725011915176e-07,1.344363706933607e-07,-1.210879425791056e-09,71.84096638550699,-8.699074812515726e-08,2.0256271560938436e-06,-1.1957363837569035,-0.1265108741530794,-73.02664669031046
I1,22,N6,3.3950771943364e-05,3.4060389730421196e-05,2.2504823270516137e-07,9.456160779452755e-08,-1.3048662491063383e-07,67.1500006931781,-8.762176953199532e-06,2.397073803747667e-06,-0.992557180483629,-0.4922899920833668,-73.01536923287613
I1,23,N6,3.4060389730421196e-05,3.416955170694844e-05,2.2465629196234899e-07,9.464486873354945e-08,-1.3001142322879954e-07,67.15000066950185,-8.730267156856778e-06,2.3947587052192383e-06,-0.9927524157910876,-0.49448207944928246,-73.00293874914792
I1,24,N6,3.416955170694844e-05,3.427823561185441e-05,2.2424444309834934e-07,9.473152462870004e-08,-1.295129184696493e-07,67.1500006565847,-8.69679256027315e-06,2.39231975795287e-06,-0.995351277587753,-0.494399403109047,-72.98965613275666
I1,1,N7,4.6509655409162e-05,4.669852893685678e-05,2.975959152054564e-07,8.393696900552215e-08,-2.1365894619993425e-07,67.15000033710284,-1.4347198309350622e-05,2.8614966315823388e-06,-0.5101101218529549,-0.8343530263698923,-74.04616050883435
I1,2,N7,4.669852893685678e-05,4.688629487430744e-05,2.965205425027673e-07,8.40315437506929e-08,-2.1248899875207437e-07,67.15000040480558,-1.4268636352218527e-05,2.854140646900951e-06,-0.5176616126076882,-0.8362486078308116,-74.02451779717272
I1,3,N7,4.688629487430744e-05,4.707304035219072e-05,2.9553208632330294e-07,8.412071140074778e-08,-2.1141137492255517e-07,67.15000047378868,-1.4196273926213895e-05,2.8473959829303802e-06,-0.5217763473694395,-0.8405269568119318,-74.00346410680318
I1,4,N7,4.707304035219072e-05,4.725881795080215e-05,2.945956271655959e-07,8.420621827697043e-08,-2.1038940888862548e-07,67.1500004430897,-1.412764890009258e-05,2.8410138408192475e-06,-0.5240845296564315,-0.8462787757395424,-73.9828872981957
I1,5,N7,4.725881795080215e-05,4.7443682309323536e-05,2.9371451031761724e-07,8.428906805520815e-08,-2.0942544226240909e-07,67.15000043550887,-1.4062918539127409e-05,2.8350268377961904e-06,-0.5243699285540961,-0.8529901992989939,-73.96270836350924
I1,6,N7,4.7443682309323536e-05,4.762767744172493e-05,2.928779290143222e-07,8.43697381700241e-08,-2.085081908442981e-07,67.1500006040649,-1.4001325141147096e-05,2.829357503882597e-06,-0.5231160595385828,-0.8604153084913064,-73.94287991068701
I1,7,N7,4.762767744172493e-05,4.781083531908005e-05,2.920734642497674e-07,8.444862053096959e-08,-2.0762484371879782e-07,67.1500006571001,-1.3942008392147577e-05,2.8239156358555277e-06,-0.5208991897968686,-0.8683536186471694,-73.92338359786676
I1,8,N7,4.781083531908005e-05,4.7993189016651505e-05,2.9130231084601194e-07,8.452572839606366e-08,-2.067765824499483e-07,67.15000072104608,-1.3885047660609473e-05,2.818710294315567e-06,-0.5176300983942915,-0.8767982929742125,-73.9042274853805
I1,9,N7,4.7993189016651505e-05,4.817475913868611e-05,2.905515438683074e-07,8.460141115245284e-08,-2.0595013271585456e-07,67.15000065676684,-1.382955154713085e-05,2.813647162655702e-06,-0.5139292945026657,-0.885570483119078,-73.88544548702538
I1,10,N7,4.817475913868611e-05,7.340550231610323e-05,2.7023279049280724e-05,5.901106789622724e-08,-2.6964267981384497e-05,60.00000069598923,-0.0016178560976499098,0.00020311717587882713,-1.7366697823687942,-0.9089900527181191,-73.86709337458218
I1,11,N7,7.340550231610323e-05,7.687050606494822e-05,3.7711663593394256e-06,6.066025383291331e-08,-3.7105061055065125e-06,60.20150838926167,-0.00022337806443905694,2.8738699598792544e-05,-1.80607321145205,-0.9809679449797356,-73.87273760422437
I1,12,N7,7.687050606494822e-05,7.925681929466777e-05,2.619672149523957e-06,6.149510849184845e-08,-2.5581770410321084e-06,60.34152686123251,-0.00015436430863722728,2.0108754435118542e-05,-1.7364196892581085,-1.0731456547001743,-73.88133092036965
I1,13,N7,7.925681929466777e-05,8.165098492693112e-05,2.628046474450356e-06,6.148197228155707e-08,-2.5665645021687987e-06,60.341526864226786,-0.0001548704208563894,2.017146335048935e-05,-1.7430351263230262,-1.0636808400675188,-73.89141055759146
I1,14,N7,8.165098492693112e-05,8.399453863515725e-05,2.5740074228366342e-06,6.151133621782072e-08,-2.5124960866188135e-06,60.38437261363888,-0.00015171549988469995,1.976639069290841e-05,-1.7197150597172077,-1.1208511035325748,-73.90313131252533
I1,15,N7,8.399453863515725e-05,8.640985980966912e-05,2.6506045918571807e-06,6.144346116459864e-08,-2.589161130692582e-06,60.3415278050241,-0.00015623393835937407,2.0340360397663347e-05,-1.761679891264202,-1.0395877193682883,-73.91664866652972
I1,16,N7,8.640985980966912e-05,8.995170177086178e-05,3.853158649207547e-06,6.057280425980548e-08,-3.792585844947741e-06,60.20150703264831,-0.00022831938341654387,2.9352985901005142e-05,-1.8491187858477902,-0.927221184929027,-73.93211876950024
I1,17,N7,8.995170177086178e-05,0.00011652662065250383,2.8459215543387094e-05,5.888082748230142e-08,-2.8400334715904793e-05,60.0000006530599,-0.0017040201015014072,0.00021388572278152046,-1.8087902093524724,-0.8441029056756824,-73.95168374469803
I1,18,N7,0.00011652662065250383,0.00011671173067515397,2.938196369885989e-07,8.415122748663822e-08,-2.096684095019607e-07,67.15000072747293,-1.4079233850584752e-05,2.8347814835642787e-06,-0.6360698938779057,-0.7885809814511707,-74.02598728255164
I1,19,N7,0.00011671173067515397,0.00011689874435330725,2.955855444466686e-07,8.391651039607439e-08,-2.116690340505942e-07,67.15000100931601,-1.4213575850138347e-05,2.846265411320572e-06,-0.7110612574361415,-0.7225911746752219,-74.10341780617067
I1,20,N7,0.00011689874435330725,4.624150212735931e-05,5.507215266327516e-08,6.618342721614695e-05,6.612835506348367e-05,88.70821537054061,0.00586612836307109,0.0004967887452660767,-1.003737309540639,-2.0018273933411352,-74.18343002819971
I1,21,N7,4.624150212735931e-05,4.5950705743581473e-05,7.967170613219293e-08,3.419854782716469e-07,2.62313772139454e-07,81.16771005654668,2.1291408200854256e-05,3.1624288830287985e-06,-1.6693267968414784,-0.06620951178708569,-74.15910524749746
I1,22,N7,4.5950705743581473e-05,4.6137947316685215e-05,2.9575134692542203e-07,8.38484596108791e-08,-2.1190288731454293e-07,67.15000075848344,-1.422927904389639e-05,2.846998549022258e-06,-0.7745842818917119,-0.6733288915153236,-74.13614159802397
I1,23,N7,4.6137947316685215e-05,4.632428152336193e-05,2.948845645951452e-07,8.393837005414334e-08,-2.1094619454100185e-07,67.15000070324461,-1.4165037111775049e-05,2.8411720098696636e-06,-0.7713421746142634,-0.6791534586458168,-74.1134777016964
I1,24,N7,4.632428152336193e-05,4.6509655409162e-05,2.939618770758038e-07,8.40288675497317e-08,-2.0993300952607208e-07,67.15000068056766,-1.4097001732549357e-05,2.834930584691516e-06,-0.7714494504419527,-0.6842191980343412,-74.09099125585753
I1,1,N8,9.746539329269759e-05,9.762032853021961e-05,2.668194267715035e-07,8.874005019619792e-08,-1.7807937657530555e-07,67.1500003299113,-1.1958030195782166e-05,2.6666960772577605e-06,-0.03007204424077549,-0.9570959175176849,-74.37236248404713
I1,2,N8,9.762032853021961e-05,9.777482482326335e-05,2.664257679474034e-07,8.880601930670061e-08,-1.7761974864070283e-07,67.15000040020118,-1.1927166192306827e-05,2.6642384044057803e-06,-0.030077674777363842,-0.9525930023699208,-74.36134344641096
I1,3,N8,9.777482482326335e-05,9.792889261151354e-05,2.660339273184339e-07,8.886380978579244e-08,-1.7717011753264147e-07,67.15000046957893,-1.1896973475512229e-05,2.6617330282816976e-06,-0.030084122871507874,-0.9517954817271567,-74.34998944346665
I1,4,N8,9.792889261151354e-05,9.80825361645937e-05,2.656405198799978e-07,8.891623122176943e-08,-1.7672428865822835e-07,67.1500004400226,-1.1867036061162714e-05,2.6591756332632544e-06,-0.030096199984421677,-0.9532781323033894,-74.33829597123697
I1,5,N8,9.80825361645937e-05,9.823576186580284e-05,2.6525047435818e-07,8.896562325154507e-08,-1.7628485110663495e-07,67.15000043149196,-1.1837527827876032e-05,2.656620732072938e-06,-0.030106850185969234,-0.9561348726119234,-74.32626051588021
I1,6,N8,9.823576186580284e-05,9.838858639363926e-05,2.648765119135818e-07,8.901349452654778e-08,-1.7586301738703402e-07,67.15000059586608,-1.1809201722330141e-05,2.654175048300972e-06,-0.030095757617379846,-0.9599858138442973,-74.31387981644225
I1,7,N8,9.838858639363926e-05,9.854099965528784e-05,2.644894037440981e-07,8.905929575952341e-08,-1.7543010798457468e-07,67.15000063997022,-1.1780131863434233e-05,2.651615246277161e-06,-0.030107580856362767,-0.964270515651425,-74.3011411448656
I1,8,N8,9.854099965528784e-05,9.869301266105375e-05,2.64113217778745e-07,8.910436024618861e-08,-1.7500885753255641e-07,67.15000068742346,-1.1751844903616358e-05,2.649131835187002e-06,-0.030104639190846185,-0.9690154811438152,-74.28803900598949
I1,9,N8,9.869301266105375e-05,9.884463381331493e-05,2.637454523855574e-07,8.914893733670339e-08,-1.7459651504885403e-07,67.15000060693609,-1.1724156091499474e-05,2.6467079229169557e-06,-0.030089795889919096,-0.9739995300930242,-74.2745597947328
I1,10,N8,9.884463381331493e-05,0.00010068357604128883,2.034851920026172e-06,6.1475702343678e-08,-1.973376217682494e-06,60.000000649116366,-0.00011840257434190044,1.5722457167773876e-05,-2.4129836481399525,-0.9104256428178428,-74.26068159204927
I1,11,N8,0.00010068357604128883,0.00010571677750731084,5.444678437595096e-06,5.8984428266713594e-08,-5.3856940093283825e-06,59.70281751292293,-0.00032154110661937463,4.127747149396357e-05,-2.5741644786080498,-0.8448216503755012,-74.24744042948915
I1,12,N8,0.00010571677750731084,0.0001390136067940988,3.5639440249305174e-05,5.773883222172878e-08,-3.558170141708344e-05,59.496318686043594,-0.0021169802469024456,0.0002677288431114518,-2.5539243521438104,-0.8105112190082658,-74.23581116415711
I1,13,N8,0.0001390136067940988,0.00017266658442347598,3.602002637988472e-05,5.7813970214453536e-08,-3.596221240967026e-05,59.49631858539556,-0.0021396192465614077,0.0002705838026257438,-2.550011890720411,-0.7414307746984128,-74.2322431002132
I1,14,N8,0.00017266658442347598,0.0002171718691862214,4.7614253340615076e-05,5.771035676981282e-08,-4.755654298384526e-05,59.43312975572913,-0.002826434189892785,0.0003575397277303867,-2.602974343516908,-0.6725579537324338,-74.23553961337002
I1,15,N8,0.0002171718691862214,0.0002514666126506116,3.6705686188709615e-05,5.7824964514447815e-08,-3.6647861224195166e-05,59.49631709338251,-0.002180412772188993,0.00027572633364918045,-2.5655633459718046,-0.6892194512503224,-74.250014620909
I1,16,N8,0.0002514666126506116,0.00025654836836991036,5.496509324831548e-06,5.894648018399374e-08,-5.437562844647554e-06,59.70281944205466,-0.000324637832718818,4.166591853761656e-05,-2.605052624982883,-0.797008714761143,-74.2819223910977
I1,17,N8,0.00025654836836991036,0.0002584075511601407,2.0563357766829448e-06,6.135245695321952e-08,-1.9949833197297254e-06,60.00000060020931,-0.00011969900038119108,1.588266175227123e-05,-2.465600841380436,-0.880867506037915,-74.31856495664282
I1,18,N8,0.0002584075511601407,0.00025856205221316917,2.664660460606244e-07,8.883685145488003e-08,-1.7762919460574436e-07,67.15000068138522,-1.1927800538809643e-05,2.6647717313662832e-06,-0.03080098329658896,-0.9199410139742836,-74.35729171476173
I1,19,N8,0.00025856205221316917,0.0002587154672029962,2.652158531814942e-07,8.875811763076677e-08,-1.7645773555072745e-07,67.15000085355229,-1.1849137092847252e-05,2.654804781091957e-06,-0.1699777012626932,-0.8766211457761675,-74.3958331752096
I1,20,N8,0.0002587154672029962,9.785887397208873e-05,5.4480902130992936e-08,0.00015060950176456274,0.00015055502086243176,88.53144432140448,0.013328853446790268,0.0011299798700002029,-0.8889479883246894,-1.5685218631199924,-74.43788468875513
I1,21,N8,9.785887397208873e-05,9.701745101188589e-05,6.869420646848966e-08,8.477546102600738e-07,7.790604037915842e-07,83.15447183469159,6.478235640461074e-05,6.873366125464226e-06,-1.5448554563019168,-0.030156430202170063,-74.42670312785711
I1,22,N8,9.701745101188589e-05,9.716748181254411e-05,2.617190156620443e-07,8.886215332935663e-08,-1.7285686233268767e-07,67.15000074001901,-1.1607338433557342e-05,2.629358767435507e-06,-0.4233094041683146,-0.7951965681459912,-74.41549852762641
I1,23,N8,9.716748181254411e-05,9.731686286122935e-05,2.6110154213052953e-07,8.892935508499397e-08,-1.7217218704553557e-07,67.1500006919307,-1.1561362479238936e-05,2.6252317291164265e-06,-0.438306120746595,-0.7905547623857266,-74.40451013473609
I1,24,N8,9.731686286122935e-05,9.746539329269759e-05,2.6028458662065795e-07,8.900980134575737e-08,-1.712747852749006e-07,67.1500006726344,-1.1501101946414888e-05,2.619707909748115e-06,-0.46600962735021534,-0.7797265914844861,-74.39370844970894
I1,1,N9,4.142863195428608e-05,4.156347219680343e-05,2.4738800020718573e-07,9.052517043327774e-08,-1.56862829773908e-07,67.15000032339015,-1.0533339070045814e-05,2.534348779803476e-06,-0.7292367798145936,-0.6920781811683467,-73.83819261006172
I1,2,N9,4.156347219680343e-05,4.1697561073603015e-05,2.467074824891975e-07,9.063224989444456e-08,-1.5607523259475294e-07,67.15000038995237,-1.0480451929599566e-05,2.5300479928773156e-06,-0.7252372183250952,-0.7021734792372791,-73.811843531933
I1,3,N9,4.1697561073603015e-05,4.1830936651766996e-05,2.460631569656883e-07,9.073540640353064e-08,-1.5532775056215768e-07,67.1500004645518,-1.0430258522406673e-05,2.5259892252691424e-06,-0.7194050872190013,-0.7136789087810751,-73.78506252902326
I1,4,N9,4.1830936651766996e-05,4.196365129509054e-05,2.454691872633921e-07,9.083366693386408e-08,-1.5463552032952802e-07,67.15000043219186,-1.038377525696002e-05,2.5222714064794213e-06,-0.7107277010267433,-0.7270242912620609,-73.75772332006886
I1,5,N9,4.196365129509054e-05,4.209573800726179e-05,2.4490635809052893e-07,9.092831810539346e-08,-1.5397803998513546e-07,67.15000042217798,-1.0339625450007985e-05,2.518760071469418e-06,-0.7004609616899062,-0.7416276887277294,-73.7297261204701
I1,6,N9,4.209573800726179e-05,4.222723191975136e-05,2.443767760933987e-07,9.101921393808713e-08,-1.5335756215531158e-07,67.15000058814299,-1.0297960388925346e-05,2.5154699252361434e-06,-0.6884181673755242,-0.757552243546134,-73.70099764331285
I1,7,N9,4.222723191975136e-05,4.23581670771571e-05,2.4387934372098035e-07,9.11064101847998e-08,-1.5277293353618055e-07,67.15000062380933,-1.0258702582255706e-05,2.512393154293351e-06,-0.6746310012787041,-0.7747720480905926,-73.67149861761906
I1,8,N9,4.23581670771571e-05,4.248857782304959e-05,2.4341434970985705e-07,9.118987996803451e-08,-1.5222446974182254e-07,67.15000066851812,-1.02218732449282e-05,2.5095317225841867e-06,-0.6590361903532358,-0.7932981306209641,-73.64123201803251
I1,9,N9,4.248857782304959e-05,4.261849303954653e-05,2.4297630016335385e-07,9.126992202677743e-08,-1.517063781365764e-07,67.15000060316665,-1.0187083383375333e-05,2.5068466664259847e-06,-0.6419756828506644,-0.8129973786841328,-73.61025243827282
I1,10,N9,4.261849303954653e-05,4.468878587242064e-05,2.2831206836397606e-06,6.243880688389346e-08,-2.2206818767558673e-06,60.00000064958441,-0.00013324091404787235,1.7591696178927404e-05,-1.7675329002094593,-0.8916311108244965,-73.57867282562258
I1,11,N9,4.468878587242064e-05,4.939443503841036e-05,5.096573269064307e-06,6.059983536779119e-08,-5.0359734336965154e-06,59.785386562060005,-0.00030107761844981086,3.867879828324074e-05,-1.8549398983013405,-0.8504339712772471,-73.55089664219743
I1,12,N9,4.939443503841036e-05,6.0867075324086315e-05,1.2325287484470941e-05,5.974375660236531e-08,-1.2265543727868575e-05,59.63626116846383,-0.0007314711691283839,9.288773430804981e-05,-1.8532609760157017,-0.7585071404783719,-73.53076033298653
I1,13,N9,6.0867075324086315e-05,7.250127658090984e-05,1.2497896178367737e-05,5.974447389643902e-08,-1.2438151704471298e-05,59.63626107773614,-0.0007417648623723391,9.418230489198132e-05,-1.846746289900648,-0.7616084283529635,-73.52609048574205
I1,14,N9,7.250127658090984e-05,8.506177026507417e-05,1.348724197210361e-05,5.9496654414284214e-08,-1.3427745317689326e-05,59.590628563485694,-0.0008001677836715088,0.00010160053969888422,-1.8920368460508024,-0.8514975405338494,-73.5360113701641
I1,15,N9,8.506177026507417e-05,9.698764172006531e-05,1.2809442017715646e-05,5.968523208088855e-08,-1.2749756785634757e-05,59.63625998034363,-0.0007603478103542647,9.651845437347401e-05,-1.8786154838111622,-0.7254605523148313,-73.56490374884186
I1,16,N9,9.698764172006531e-05,0.00010186057964486691,5.275157482659678e-06,6.047447231391367e-08,-5.214683010345764e-06,59.785387945701814,-0.00031176184678738167,4.001723966230194e-05,-1.9117886523342937,-0.7860103091405192,-73.62286599826811
I1,17,N9,0.00010186057964486691,0.00010400878697602407,2.3660872351531707e-06,6.219750040564925e-08,-2.3038897347475213e-06,60.000000603050196,-0.00013823338547421245,1.8212135516691152e-05,-1.868676904440196,-0.8055546553778743,-73.70219093531328
I1,18,N9,0.00010400878697602407,0.00010414250818763243,2.463151631404325e-07,9.063267510125522e-08,-1.5568248803917726e-07,67.15000065306481,-1.0454079173501507e-05,2.527108786812658e-06,-0.7807488334435008,-0.6678305330963139,-73.79710135047372
I1,19,N9,0.00010414250818763243,0.00010427738458044758,2.4732157853747044e-07,9.043314199537321e-08,-1.5688843654209724e-07,67.15000068978786,-1.0535058622021569e-05,2.5331604039963274e-06,-0.8746378950418126,-0.5666073742687903,-73.8920325847069
I1,20,N9,0.00010427738458044758,4.089146792862194e-05,5.572252073901646e-08,5.937803626363816e-05,5.9322313742899145e-05,88.28396470762374,0.005237209052852691,0.00044575319088282887,-1.3133528458237342,-1.7966889152852732,-73.9859112376244
I1,21,N9,4.089146792862194e-05,4.102681210886864e-05,2.477289370960934e-07,9.035217816323378e-08,-1.5737675893285964e-07,67.1500010019502,-1.05678495200252e-05,2.535608364444954e-06,-0.9580558017525511,-0.4702314041806509,-73.96316114229893
I1,22,N9,4.102681210886864e-05,4.1161456014923055e-05,2.4710080553661786e-07,9.045733126047184e-08,-1.5664347427614604e-07,67.15000068893045,-1.0518609405559666e-05,2.5316860259781726e-06,-0.9489192886274893,-0.48328211437960705,-73.93969960207713
I1,23,N9,4.1161456014923055e-05,4.1295406397164534e-05,2.46478604411143e-07,9.056136163215945e-08,-1.5591724277898355e-07,67.1500006674607,-1.0469842956677377e-05,2.5277997453247685e-06,-0.9400119362062272,-0.49640624735512234,-73.91546455393022
I1,24,N9,4.1295406397164534e-05,4.142863195428608e-05,2.458264091030717e-07,9.066841224379907e-08,-1.5515799685927263e-07,67.15000065616242,-1.0418859590909004e-05,2.5237111601015308e-06,-0.933730257227092,-0.5077040525993063,-73.89036213313061
I4,1,N3,110.41064322756024,93.19465006119295,1.5597367581452128e-07,16.114169740367718,16.11416958439404,67.15000032288002,1082.0664927950033,120.85627422256046,-4.723446241908442e-08,-6.995148407041345e-08,-62.868603980060776
I4,2,N3,93.19465006119295,69.24955307169428,1.5620540339796437e-07,22.412610919021677,22.412610762816275,67.15000038892546,1505.0068214399478,168.0945830642031,-4.7234462419417436e-08,-1.7763179614194002e-07,-62.868604145193714
I4,3,N3,69.24955307169428,69.2494968080003,1.5877394195773654e-07,5.280191878147794e-05,5.26431448395202e-05,67.1500004642358,0.0035349872004126143,0.00039720519542576756,-4.723446242311109e-08,-4.7234538126329224e-08,-62.8686041667681
I4,4,N3,69.2494968080003,69.24615289979123,1.5545726186388018e-07,0.003130034279184979,0.003129878821923115,67.15000043191876,0.21017136424399055,0.02347642302335132,-4.7234462418341565e-08,-4.72389639156163e-08,-62.868604188342395
I4,5,N3,69.24615289979123,49.89125477268348,1.5653778887740185e-07,18.11618478411497,18.116184627577184,67.15000042109912,1216.5018053705173,135.87138705489568,-4.7234462419895513e-08,-1.8962243603389463e-07,-62.86860420991068
I4,6,N3,49.89125477268348,30.078986302934613,1.5623259727723077e-07,18.544283424559698,18.5442832683271,67.15000058717759,1245.2486323569522,139.08212685594222,-4.723446241945646e-08,-5.7833250596863526e-08,-62.86860418230409
I4,7,N3,30.078986302934613,0.009579222893318393,1.5621000036541453e-07,28.144965163773605,28.144965007563606,67.15000062156484,1889.934417751817,211.08723989987703,-4.723446241942371e-08,-2.1680229057620761e-07,-62.868604139644134
I4,8,N3,0.009579222893318393,0.0008285140642785804,1.5610153894815592e-07,0.008190800223915131,0.008190644122376183,67.15000066338465,0.5500017582511082,0.0614321724409056,-4.7234462419267604e-08,-4.7246243208753903e-08,-62.868366432225656
I4,9,N3,0.0008285140642785804,3.349356587482435e-06,1.5652361595738748e-07,0.0007724912961127135,0.0007723347724967561,67.15000060220845,0.0518622804382637,0.005794858647965031,-4.723446241982754e-08,-4.723556909145512e-08,-62.86562697191658
I4,10,N3,3.349356587482435e-06,3.5999654921045133e-06,4.862122058741609e-07,1.9139863399126392e-07,-2.9481357188289697e-07,60.00000064958441,-1.768881450448012e-05,5.082081298990686e-06,-4.7234462241754684e-08,-4.723446328448184e-08,-62.63476035379314
I4,11,N3,3.5999654921045133e-06,7.1021896249293485e-06,3.881343569488386e-06,1.223477875304524e-07,-3.7589957819579335e-06,59.785386562060005,-0.00022473301590950808,3.0027685177641287e-05,-4.72344693349773e-08,-4.723446325515832e-08,-62.37167526102652
I4,12,N3,7.1021896249293485e-06,25.29576274496111,27.025380101234802,1.2353729562635973e-07,-27.025379977697508,59.636261169454855,-1611.6926185537245,202.69035168579072,-4.2345171596401833e-07,-4.72344626765592e-08,-62.166526186787316
I4,13,N3,25.29576274496111,58.264308874033745,35.22280586304579,1.4857898291325738e-07,-35.22280571446681,59.63626107873645,-2100.5564375135527,264.1710450871858,-4.5148210975520223e-07,-4.723446271200756e-08,-62.16652614550671
I4,14,N3,58.264308874033745,95.51717773571323,39.80007373890167,1.4782480175430098e-07,-39.800073591076874,59.5906285646303,-2371.7114022108135,298.5005541504485,-0.14670922138293374,-4.7234462724542394e-08,-62.166526160552536
I4,15,N3,95.51717773571323,110.4261983621471,15.92844096316768,1.077252462377548e-07,-15.928440855442435,59.636259980593415,-949.9126399406708,119.46330803169695,-6.340555493123677e-08,-4.723446265412665e-08,-62.16652641583652
I4,16,N3,110.4261983621471,110.4262012727876,3.2558430850067777e-06,1.28071612893933e-07,-3.1277714721128445e-06,59.785387945701814,-0.00018699503086576526,2.537936023425533e-05,-4.723446777654097e-08,-4.723446327702775e-08,-62.37121705938928
I4,17,N3,110.4262012727876,110.42620287398411,1.8747758738131259e-06,1.437637018845617e-07,-1.7310121719285641e-06,60.000000603050196,-0.00010386073135960108,1.5139046817732656e-05,-4.7234466013569614e-08,-4.723446338069779e-08,-62.60760648975956
I4,18,N3,110.42620287398411,110.41083784809598,1.8178935817578704e-07,0.014381823496222931,0.014381641706864755,67.15000065009815,0.9657272499654469,0.1078650396418583,-4.723446245620816e-08,-4.7255156606301735e-08,-62.86743193761582
I4,19,N3,110.41083784809598,110.41064354887568,2.3351314255264603e-07,0.00018206865012665465,0.000181835136984102,67.15000068119227,0.012210229572347138,0.0013672662245190548,-4.7234462530589366e-08,-4.7234724023409467e-08,-62.867580056039344
I4,20,N3,110.41064354887568,110.41064322019896,9.490004600681559e-08,3.907829511881043e-07,2.958829051812887e-07,88.28396469021656,2.6121715953463588e-05,3.642622478961899e-06,-4.723446308166299e-08,-4.723446208905557e-08,-62.867726325938335
I4,21,N3,110.41064322019896,110.41064314670423,2.6343171785964136e-07,2.9958254395791994e-07,3.615082609827858e-08,67.15000098579087,2.4275280081365608e-06,4.2226069636317095e-06,-4.723446257361287e-08,-4.7234462625601276e-08,-62.86787260198599
I4,22,N3,110.41064314670423,110.4106431255974,2.8958026312224785e-07,2.7345611478531664e-07,-1.6124148336931204e-08,67.15000068045433,-1.0827365717966769e-06,4.222772834306734e-06,-4.723446261121635e-08,-4.7234462588029614e-08,-62.86801887733071
I4,23,N3,110.4106431255974,110.41064316177092,3.217103726977353e-07,2.479907506054482e-07,-7.37196220922871e-08,67.15000066250647,-4.9502726723368055e-06,4.272758424773876e-06,-4.723446265742083e-08,-4.723446255140935e-08,-62.86816515246474
I4,24,N3,110.41064316177092,110.41064322756024,3.4249022983941434e-07,2.3847551920209195e-07,-1.0401471063732239e-07,67.15000065285471,-6.984587887202692e-06,4.3572431178112975e-06,-4.7234462687303113e-08,-4.723446253772613e-08,-62.86831142792626
I4,1,N4,5.456088346163925,5.456088329466795,1.7033881725439165e-07,1.6486166998389026e-07,-5.477147270501395e-09,67.15000031556974,-3.6779044094259065e-07,2.5140036542871144e-06,-3.624265035785116e-07,-3.624265079980733e-07,-69.54242608935752
I4,2,N4,5.456088329466795,5.456088312820502,1.7034605322181018e-07,1.6482042613312057e-07,-5.525627088689607e-09,67.15000038187986,-3.710458611156328e-07,2.513748595161981e-06,-3.6242650357908336e-07,-3.6242650799622947e-07,-69.54242600776399
I4,3,N4,5.456088312820502,5.456088295820881,1.701986987178135e-07,1.6502204424656293e-07,-5.176654471250575e-09,67.15000045303609,-3.4761235008968737e-07,2.5141555722328233e-06,-3.624265035668648e-07,-3.624265080053955e-07,-69.54242592617044
I4,4,N4,5.456088295820881,5.456088278532522,1.7012574982440355e-07,1.652283929212706e-07,-4.89735690313296e-09,67.15000042102298,-3.288575181072781e-07,2.5151560705925556e-06,-3.624265035608114e-07,-3.6242650801477314e-07,-69.54242584457687
I4,5,N4,5.456088278532522,5.456088261861746,1.7051602713883646e-07,1.649922556072414e-07,-5.523771531595052e-09,67.15000041274298,-3.709212606265057e-07,2.516312120595584e-06,-3.624265035931417e-07,-3.624265080040625e-07,-69.54242576298327
I4,6,N4,5.456088261861746,5.45608824446051,1.7018894704592256e-07,1.653894135384966e-07,-4.799533507425956e-09,67.15000058137113,-3.2228867781396317e-07,2.5168377043831437e-06,-3.624265035660248e-07,-3.624265080221032e-07,-69.54242568138964
I4,7,N4,5.45608824446051,5.456088226921972,1.7020389164520584e-07,1.655310199941057e-07,-4.6728716511001315e-09,67.15000062414862,-3.137833342879402e-07,2.5180118372948364e-06,-3.624265035672473e-07,-3.624265080285439e-07,-69.54242559979602
I4,8,N4,5.456088226921972,5.456088209615381,1.7042441245802658e-07,1.6550711506987164e-07,-4.917297388154948e-09,67.1500006691567,-3.3019652290504725e-07,2.5194864564592365e-06,-3.624265035855046e-07,-3.624265080274746e-07,-69.54242551820236
I4,9,N4,5.456088209615381,5.456088192603791,1.705778323916501e-07,1.6536540462085327e-07,-5.2124277707968266e-09,67.15000060535496,-3.500145279643759e-07,2.519574277593775e-06,-3.6242650359822196e-07,-3.624265080210455e-07,-69.5424254366087
I4,10,N4,5.456088192603791,5.456088367213549,3.0352500524386905e-07,1.0248230992203296e-07,-2.0104269532183609e-07,60.00000065926762,-1.2062561851851105e-05,3.045054863744265e-06,-3.624265161616117e-07,-3.6242650502083365e-07,-69.542425355015
I4,11,N4,5.456088367213549,5.456088541979063,3.035582986018925e-07,1.0236568978024527e-07,-2.0119260882164727e-07,60.000000588488554,-1.2071556647698383e-05,3.0444299128660333e-06,-3.6242651616519775e-07,-3.624265050149838e-07,-69.5424252734213
I4,12,N4,5.456088541979063,5.456088716918434,3.039686558597452e-07,1.025624725392842e-07,-2.01406183320461e-07,60.00000058059224,-1.2084371116162527e-05,3.0489834629927204e-06,-3.6242651620941975e-07,-3.6242650502486605e-07,-69.54242519182763
I4,13,N4,5.456088716918434,5.456088888602574,3.0145567213718553e-07,1.034077531564507e-07,-1.9804791898073484e-07,60.00000056215375,-1.188287525017747e-05,3.0364756897022715e-06,-3.624265159391548e-07,-3.6242650506724867e-07,-69.54242511023398
I4,14,N4,5.456088888602574,5.456089061217235,3.0232217348381e-07,1.0329592464594358e-07,-1.990262488378664e-07,60.0000005470107,-1.1941575039141471e-05,3.0421357359731517e-06,-3.624265160321744e-07,-3.6242650506165396e-07,-69.54242502864031
I4,15,N4,5.456089061217235,5.4560892326719905,3.012702720081024e-07,1.0346002909906592e-07,-1.9781024290903647e-07,60.00000053047041,-1.1868614679474669e-05,3.035477258303762e-06,-3.6242651591925924e-07,-3.624265050698833e-07,-69.54242494704667
I4,16,N4,5.4560892326719905,5.456089404271291,3.0147817244034396e-07,1.0350687639522319e-07,-1.9797129604512076e-07,60.00000056654701,-1.1878277874867292e-05,3.0373878662667537e-06,-3.6242651594154224e-07,-3.624265050722439e-07,-69.54242486545303
I4,17,N4,5.456089404271291,5.456089578739455,3.0345212477706105e-07,1.0255099081407605e-07,-2.00901133962985e-07,60.000000619788665,-1.2054068162295346e-05,3.045023366933528e-06,-3.6242651615370494e-07,-3.6242650502434386e-07,-69.5424247838594
I4,18,N4,5.456089578739455,5.456089560633831,1.701149064456964e-07,1.659838522157758e-07,-4.131054229920592e-09,67.15000061239733,-2.7740029406901433e-07,2.520740689961041e-06,-3.6242650355978265e-07,-3.624265080491841e-07,-69.54242470226579
I4,19,N4,5.456089560633831,5.4560895431439755,1.703114608502701e-07,1.6557969476596004e-07,-4.73176608431005e-09,67.1500003522703,-3.177380942282805e-07,2.5191836671217264e-06,-3.6242650357608597e-07,-3.624265080308388e-07,-69.54242462067216
I4,20,N4,5.4560895431439755,11.18110966979965,6.1164746424725935,1.298219589466353e-07,-6.116474512650635,87.64071469134659,-536.0521976801075,45.87356079220914,-1.2854804644718676,-3.6242639254152154e-07,-69.5424245390785
I4,21,N4,11.18110966979965,5.456088399665909,9.180070290825798e-08,5.3586199892714115,5.358619897470708,74.37960647302404,398.5720392123877,40.18965060804086,-3.6242649751109057e-07,-4.983270239643563,-69.54242649732493
I4,22,N4,5.456088399665909,5.456088381925312,1.705469032231197e-07,1.660206582148676e-07,-4.526245008252098e-09,67.15000069280343,-3.0393735543992646e-07,2.5242567107849048e-06,-3.62426503595749e-07,-3.6242650805065446e-07,-69.54242641573148
I4,23,N4,5.456088381925312,5.4560883640594335,1.7053979021832536e-07,1.661316895724646e-07,-4.408100645860757e-09,67.15000066709416,-2.9600396131016803e-07,2.5250360984309245e-06,-3.624265035951537e-07,-3.624265080556935e-07,-69.54242633413803
I4,24,N4,5.4560883640594335,5.456088346163925,1.7066629656722624e-07,1.662702562720974e-07,-4.396040295128852e-09,67.1500006525159,-2.951941086863886e-07,2.527024146294927e-06,-3.6242650360563387e-07,-3.6242650806198045e-07,-69.54242625254454
I4,1,N5,5.517881793560347e-05,5.531592755157207e-05,2.880440843971535e-07,1.2401966961739515e-07,-1.6402441477975834e-07,67.15000033859452,-1.101423950799854e-05,3.0904781551091147e-06,-0.07600994243323123,-0.07515765699826442,-67.4590337901218
I4,2,N5,5.531592755157207e-05,5.545259089388112e-05,2.876445149629959e-07,1.240873205797498e-07,-1.635571943832461e-07,67.15000040519074,-1.0982865669106835e-05,3.0879887665705928e-06,-0.0794424099361159,-0.07421134790919846,-67.44390259174436
I4,3,N5,5.545259089388112e-05,5.558890580253738e-05,2.8734211608140837e-07,1.241485240282009e-07,-1.6319359205320746e-07,67.15000047407126,-1.0958449783738274e-05,3.0861798008220694e-06,-0.08075781947240382,-0.07383314114431114,-67.42819080416179
I4,4,N5,5.558890580253738e-05,5.572494410412298e-05,2.871093917672688e-07,1.2420353940561646e-07,-1.6290585236165235e-07,67.1500004428769,-1.0939128058232194e-05,3.084846983796639e-06,-0.08059532299322988,-0.07398483767801337,-67.41228654038106
I4,5,N5,5.572494410412298e-05,5.586072954703828e-05,2.8690046003007103e-07,1.2425717086178716e-07,-1.6264328916828387e-07,67.15000043571962,-1.0921496938517135e-05,3.083682231688936e-06,-0.08004467642216272,-0.07407849874706522,-67.39668367283345
I4,6,N5,5.586072954703828e-05,5.5996268525261784e-05,2.8669766826997926e-07,1.243101967634534e-07,-1.6238747150652586e-07,67.15000060600708,-1.090431881007117e-05,3.082558987750745e-06,-0.0795147140137519,-0.07404271255001338,-67.38194065461181
I4,7,N5,5.5996268525261784e-05,5.613157405167711e-05,2.8650677897669363e-07,1.2436147030961905e-07,-1.6214530866707458e-07,67.15000066201773,-1.0888057584337128e-05,3.081511869647345e-06,-0.07882869634301128,-0.07404241773426096,-67.36863390597682
I4,8,N5,5.613157405167711e-05,5.626667520757802e-05,2.8634391735439756e-07,1.2441007869526847e-07,-1.6193383865912908e-07,67.15000073117932,-1.0873857384363192e-05,3.0806549703724954e-06,-0.07753572391813435,-0.07420483201469517,-67.35731747368315
I4,9,N5,5.626667520757802e-05,5.6401570390199486e-05,2.8617350045652605e-07,1.2445356812226728e-07,-1.6171993233425878e-07,67.15000066526213,-1.0859493563831622e-05,3.0797030143409503e-06,-0.07654603177698822,-0.0748272256290632,-67.34849588165893
I4,10,N5,5.6401570390199486e-05,6.012557065569539e-05,4.075172090069049e-06,8.457771891696751e-08,-3.990594371152082e-06,60.00000070098341,-0.00023943566506646536,3.119812356739512e-05,-0.07760385153209864,-0.07401250069063174,-67.34261034814455
I4,11,N5,6.012557065569539e-05,6.257383868898435e-05,2.7134024674246984e-06,8.56221689424425e-08,-2.627780298482256e-06,60.06962728229455,-0.00015784978310958583,2.0992684772753554e-05,-0.09409939085761998,-0.07575602087709582,-67.34046271071634
I4,12,N5,6.257383868898435e-05,6.46716825000241e-05,2.339592390149782e-06,8.612572750746483e-08,-2.253466662642317e-06,60.11800764204868,-0.00013547392604583276,1.819288588242935e-05,-0.09187407226396449,-0.08637786947258894,-67.34195415330272
I4,13,N5,6.46716825000241e-05,6.639578142435716e-05,1.9403243569273818e-06,8.615381463089557e-08,-1.8541705422964861e-06,60.11800762984776,-0.00011146903880881911,1.519858628668708e-05,-5.971617786340102,-0.07592150262622527,-67.34653329414174
I4,14,N5,6.639578142435716e-05,6.848308843073318e-05,2.3283336201970552e-06,8.61244133522032e-08,-2.242209206844852e-06,60.13281204503418,-0.00013483034480084663,1.8108435251619438e-05,-0.09071609607387457,-0.0907238934635385,-67.35896091372015
I4,15,N5,6.848308843073318e-05,7.019777777405869e-05,1.9301968571851263e-06,8.608852043977989e-08,-1.8441083367453464e-06,60.1180079336714,-0.00011086411961900631,1.5122140332186796e-05,-6.472338168662929,-0.07621066408629466,-67.37453932070757
I4,16,N5,7.019777777405869e-05,7.273872017515582e-05,2.8122589920718018e-06,8.54867664912239e-08,-2.726772225580578e-06,60.06962679716658,-0.00016379618995150463,2.1733093189222693e-05,-0.09292621843934333,-0.07612580208193213,-67.39840028970714
I4,17,N5,7.273872017515582e-05,7.676946799338085e-05,4.402676790254482e-06,8.438756737616114e-08,-4.3182892228783205e-06,60.00000065530769,-0.00025909735620250734,3.365298268222982e-05,-0.07645838194633826,-0.07541087757103138,-67.42586472994223
I4,18,N5,7.676946799338085e-05,7.690690515900236e-05,2.8832339458703444e-07,1.239577856823978e-07,-1.6436560890463665e-07,67.15000076174222,-1.1037150763150575e-05,3.092108852020742e-06,-0.07528532720870956,-0.07569743868248847,-67.45695557962546
I4,19,N5,7.690690515900236e-05,7.704446185140777e-05,2.882716490714699e-07,1.23800574573435e-07,-1.644710744980349e-07,67.1500012326006,-1.104423285527019e-05,3.090541677336787e-06,-0.09440087398576483,-0.07471983152029282,-67.49001604496007
I4,20,N5,7.704446185140777e-05,5.4965674702417e-05,6.280863989981696e-08,2.0720771169637037e-05,2.065796252973722e-05,89.10349497908271,0.0018406966605465193,0.0001558768485715264,-0.07107510770048583,-9.564163776975366,-67.52364190989036
I4,21,N5,5.4965674702417e-05,5.476599819452027e-05,1.2258504475329518e-07,2.942934787595264e-07,1.717084340062312e-07,76.72508991422909,1.3174345038159561e-05,3.1265889263461617e-06,-0.07454197393813326,-0.13048889414057477,-67.52127045052086
I4,22,N5,5.476599819452027e-05,5.4903551375865856e-05,2.88229993985326e-07,1.237673670710921e-07,-1.6446262691423392e-07,67.15000076404672,-1.104366552294794e-05,3.089980207923136e-06,-0.09798838822582534,-0.07505904885280963,-67.51151357545298
I4,23,N5,5.4903551375865856e-05,5.5041404112950856e-05,2.8862058713853474e-07,1.2382917999816248e-07,-1.6479140714037226e-07,67.150000706226,-1.1065743105855973e-05,3.093373253525229e-06,-0.08185303736516766,-0.07545167255804158,-67.5000622769545
I4,24,N5,5.5041404112950856e-05,5.517881793560347e-05,2.8822604963212247e-07,1.2389435117566303e-07,-1.6433169845645945e-07,67.15000068229233,-1.1034873663473509e-05,3.090903006058391e-06,-0.08466251799991419,-0.07528206234414989,-67.48728379845052
I4,1,N8,187.87573510647786,140.9068300598388,1.7946066391450864e-07,43.962895280878946,43.96289510141828,67.1500003299113,2952.108420564093,329.7217159525471,-4.181354588653237e-08,-0.001837721727474941,-42.99390639705078
I4,2,N8,140.9068300598388,140.90683018181997,3.615779851576281e-07,2.0260266014736694e-07,-1.5897532501026116e-07,67.15000040020118,-1.067519313806115e-05,4.231354839787462e-06,-4.181354610116431e-08,-4.1813545913805875e-08,-42.993906409924215
I4,3,N8,140.90683018181997,140.90683040442758,4.4300501818816686e-07,1.79754201267305e-07,-2.632508169208619e-07,67.15000046957893,-1.7677292479852912e-05,4.6706941459160385e-06,-4.181354619712922e-08,-4.1813545886878076e-08,-42.99390642279765
I4,4,N8,140.90683040442758,140.90683067886317,4.974622072479409e-07,1.7895292893042957e-07,-3.185092783175113e-07,67.1500004400226,-2.138789817917216e-05,5.073113521337778e-06,-4.181354626130899e-08,-4.1813545885933746e-08,-42.993906435671086
I4,5,N8,140.90683067886317,140.90683090161525,4.440639467537584e-07,1.8054670263310756e-07,-2.635172441206508e-07,67.15000043149196,-1.7695183056407275e-05,4.684579870401495e-06,-4.1813546198377195e-08,-4.1813545887811996e-08,-42.99390644854452
I4,6,N8,140.90683090161525,93.93792744070169,1.7999268338759638e-07,43.96289379710596,43.96289361711328,67.15000059586608,2952.1083325851537,329.7217048282398,-4.181354588715897e-08,-0.0018346908205698984,-42.99390646141796
I4,7,N8,93.93792744070169,46.968904456582116,1.79218456122148e-07,43.96300567014849,43.96300549093004,67.15000063997022,2952.115846850966,329.7225438702521,-4.181354588624638e-08,-0.0020159456939353826,-42.99390645533233
I4,8,N8,46.968904456582116,46.96890466072392,4.3484352372982785e-07,1.8988794711150798e-07,-2.4495557661831985e-07,67.15000068742346,-1.644876713830839e-05,4.685486031310019e-06,-4.1813546187510186e-08,-4.181354589882145e-08,-42.993906420048106
I4,9,N8,46.96890466072392,8.145134040298361e-07,1.7599939190682262e-07,43.96289415424541,43.96289397824602,67.15000060693609,2952.1083573218875,329.721707476836,-4.1813545882452567e-08,-0.0018353569958665156,-42.993906384763875
I4,10,N8,8.145134040298361e-07,1.3074674445921927e-06,6.622788328239808e-07,1.1881485435539263e-07,-5.434639784685882e-07,60.000000649116366,-3.2607839060886656e-05,5.8582026538453e-06,-4.181354637799093e-08,-4.1813546086005185e-08,-40.85395568629744
I4,11,N8,1.3074674445921927e-06,18.71436713568052,19.993980691344603,9.255680745226819e-08,-19.993980598787797,59.70281751292293,-1193.6969750463493,149.95485587926058,-8.503224567049241e-08,-4.1813545933306976e-08,-39.38487357240928
I4,12,N8,18.71436713568052,59.86479752105689,43.96413512686603,8.739453912420481e-08,-43.96413503947149,59.496318686043594,-2615.704189064652,329.7310141069543,-2.2152611184255253,-4.181354453717532e-08,-39.38487346204159
I4,13,N8,59.86479752105689,101.01522684069788,43.9641340028625,1.0018786745973964e-07,-43.96413390267463,59.49631858539556,-2615.7041170045195,329.7310057728778,-0.7583833357836899,-4.181354455261932e-08,-39.384873438273374
I4,14,N8,101.01522684069788,142.16565632253878,43.964134174700824,9.891560828759538e-08,-43.96413407578522,59.43312975572913,-2612.9260851244153,329.73100705212323,-0.7709866583114914,-4.181354456650258e-08,-39.38487343497304
I4,15,N8,142.16565632253878,183.31608571642107,43.96413408369964,1.0151907652783208e-07,-43.96413398218056,59.49631709338251,-2615.7040561397685,329.73100638914036,-0.8062646284716576,-4.181354455423048e-08,-39.38487344846324
I4,16,N8,183.31608571642107,219.34901633726832,38.496720856642,9.450761933156395e-08,-38.49672076213438,59.70281944205466,-2298.362768772906,288.7254071336221,-4.0663893077133724e-07,-4.181354593558106e-08,-39.38487349925518
I4,17,N8,219.34901633726832,219.34901690025865,7.118308877643266e-07,9.667323128812657e-08,-6.151576564762e-07,60.00000060020931,-3.6909459757795354e-05,6.063780892893399e-06,-4.181354645427221e-08,-4.181354609710044e-08,-40.47220702926643
I4,18,N8,219.34901690025865,219.3490163384188,2.840695571534106e-07,7.747542710725789e-07,4.906847139191683e-07,67.15000068138522,3.2949478874017465e-05,7.94117871169492e-06,-4.181354596171375e-08,-4.18135465872781e-08,-41.9031403600793
I4,19,N8,219.3490163384188,219.3484074668198,1.8946094561347573e-07,0.0005700698026536139,0.0005698803417080005,67.15000085355229,0.0382674654321149,0.004276944476994205,-4.181354589831828e-08,-4.181421764627557e-08,-42.988005026487805
I4,20,N8,219.3484074668198,219.3479701420546,0.0,0.0004093344351631612,0.0004093344351631612,88.53144432140448,0.03623896875548096,0.003070008263723709,-4.18135456729525e-08,-4.181402802266201e-08,-42.99173308701924
I4,21,N8,219.3479701420546,187.87573341561654,1.1010185321742212e-07,29.458013672405805,29.45801356230395,83.15447183469159,2449.565559072567,220.93510336880746,-4.18135458047899e-08,-1.4703276753871768e-07,-42.99390609578985
I4,22,N8,187.87573341561654,187.87573397351161,7.350571619171141e-07,1.217908413738526e-07,-6.132663205432616e-07,67.15000074001901,-4.118083387830875e-05,6.42636002468225e-06,-4.181354654132253e-08,-4.1813545818567026e-08,-42.99390615604204
I4,23,N8,187.87573397351161,187.8757345387825,7.384344456929613e-07,1.1784591794594186e-07,-6.205885277470194e-07,67.1500006919307,-4.1672520067616607e-05,6.422102727291773e-06,-4.181354654530302e-08,-4.181354581391753e-08,-42.99390621629422
I4,24,N8,187.8757345387825,187.87573510647786,7.395130250056675e-07,1.1652154765355669e-07,-6.229914773521109e-07,67.1500006726344,-4.183387812323975e-05,6.420259294944181e-06,-4.181354654657433e-08,-4.181354581235652e-08,-42.993906276546404
I4,1,N9,162.36664329669478,145.97694266024558,1.2808272698821723e-07,15.340759907929188,15.340759779846461,67.15000032339015,1030.1320241777405,115.05570027008936,-3.0542451199557096e-08,-5.320731081132198e-08,-65.99554813977225
I4,2,N9,145.97694266024558,123.51241657302072,1.2816057673973746e-07,21.02679652992346,21.026796401762883,67.15000038995237,1411.9493865778268,157.70097493563026,-3.0542451199613185e-08,-5.659641478684151e-08,-65.99554822937314
I4,3,N9,123.51241657302072,123.5123582047307,1.2912846193286517e-07,5.474584838549181e-05,5.4616719923558946e-05,67.1500004645518,0.0036675127682392786,0.000411562326355685,-3.0542451200311604e-08,-3.054249060972104e-08,-65.99554826056107
I4,4,N9,123.5123582047307,108.42838918178889,1.2812906643741776e-07,14.1185951177269,14.118594989597833,67.15000043219186,948.0636596534363,105.88946434391974,-3.0542451199590494e-08,-5.532157925950196e-08,-65.9955482917489
I4,5,N9,108.42838918178889,95.42517455941186,1.2816950071478869e-07,12.17100899883369,12.17100887066419,67.15000042217798,817.2832508034323,91.28256845252392,-3.054245119961972e-08,-3.879204649092072e-08,-65.99554830126787
I4,6,N9,95.42517455941186,81.88762636313353,1.280775098831542e-07,12.671145223924693,12.671145095847184,67.15000058814299,850.8674006385835,95.03359014001651,-3.0542451199553284e-08,-4.9486147061378106e-08,-65.99554830351636
I4,7,N9,81.88762636313353,21.86802370036232,1.2811847780881566e-07,56.178348204597945,56.178348076479466,67.15000062380933,3772.376108380174,421.3376124953732,-3.054245119958275e-08,-0.0002853839569609608,-65.99554829211311
I4,8,N9,21.86802370036232,21.858561762993943,1.2786119182371062e-07,0.008856485395478616,0.008856357534286792,67.15000066851812,0.5947044143479936,0.06642459942502829,-3.0542451199397007e-08,-3.0548841259061986e-08,-65.99554787687978
I4,9,N9,21.858561762993943,3.891449868733767e-06,1.282437769794385e-07,20.45961028011911,20.459610151875335,67.15000060316665,1373.8628340389832,153.44707806272166,-3.0542451199673166e-08,-3.446160833893563e-08,-65.99554746087729
I4,10,N9,3.891449868733767e-06,3.858616046155452e-06,2.750225326154314e-07,2.716785986675514e-07,-3.3439339478800036e-09,60.00000064958441,-2.0063603904496756e-07,4.100258484622371e-06,-3.054245099844741e-08,-3.0542451654937394e-08,-65.78713996642628
I4,11,N9,3.858616046155452e-06,4.979823463955212e-06,1.3716174106963796e-06,1.5221838398088078e-07,-1.2193990267154989e-06,59.785386562060005,-7.290224218558584e-05,1.1428768460079453e-05,-3.054245192231729e-08,-3.0542451541899576e-08,-65.54989300533428
I4,12,N9,4.979823463955212e-06,39.23745344846325,41.920351103117405,1.5338990126495758e-07,-41.920350949727506,59.63626116846383,-2499.9729975116106,314.4026344238048,-1.2462454225195858e-07,-3.054245137007442e-08,-65.2966329911716
I4,13,N9,39.23745344846325,87.67257957300532,51.74692984066214,1.9311337519318627e-07,-51.74692964754877,59.63626107773614,-3085.993406432463,388.10197525331637,-2.4464379477424063e-07,-3.054245139817768e-08,-65.29663294732453
I4,14,N9,87.67257957300532,140.26309555933764,56.18644892180351,1.9138929964836057e-07,-56.18644873041421,59.590628563485694,-3348.185796595446,421.39836834894606,-0.13520452759558146,-3.0542451403792615e-08,-65.29663294717353
I4,15,N9,140.26309555933764,162.37747044324925,23.626469104159007,1.8493602922064182e-07,-23.626468919222976,59.63625998034363,-1408.9942428842899,177.19851966821278,-7.96845243915616e-08,-3.0542451392402596e-08,-65.29663300916741
I4,16,N9,162.37747044324925,162.37747114942684,9.409170386724048e-07,1.6335142231334379e-07,-7.775656163590609e-07,59.785387945701814,-4.6487062027265205e-05,8.282013457393113e-06,-3.05424515883661e-08,-3.0542451541412546e-08,-65.55178996012228
I4,17,N9,162.37747114942684,162.37747165373088,7.450450413963065e-07,1.8070240491217643e-07,-5.643426364841301e-07,60.000000603050196,-3.386055852937474e-05,6.943105847313622e-06,-3.0542451393831315e-08,-3.054245160871029e-08,-65.78152372270598
I4,18,N9,162.37747165373088,162.36819755631902,1.4643095588395087e-07,0.0086806834650952,0.008680537034139317,67.15000065306481,0.5828980675114084,0.06510622422038312,-3.054245121279627e-08,-3.054871428996242e-08,-65.99380574088431
I4,19,N9,162.36819755631902,162.36725182302573,1.546011609565883e-07,0.0008853418079708028,0.0008851872068098462,67.15000068978786,0.059440321547872564,0.006641223068488195,-3.054245121869183e-08,-3.054309008114823e-08,-65.99405113785738
I4,20,N9,162.36725182302573,162.3672514096607,6.638468485894443e-08,4.4506904404342037e-07,3.786843591844759e-07,88.28396470762374,3.3431756601571385e-05,3.835902966767736e-06,-3.05424515327452e-08,-3.0542451107186234e-08,-65.99427383837917
I4,21,N9,162.3672514096607,162.3666689696993,1.4811121773261835e-07,0.0005452935634934357,0.000545145452275703,67.1500010019502,0.03660651766652205,0.004090812560333763,-3.054245121400858e-08,-3.05428445743125e-08,-65.99449655089201
I4,22,N9,162.3666689696993,162.36664423970421,1.5725597788901805e-07,2.328504676148102e-05,2.3127790783592004e-05,67.15000068893045,0.0015530311670516423,0.0001758172705452753,-3.054245122060748e-08,-3.054246790889477e-08,-65.99470726296823
I4,23,N9,162.36664423970421,162.3666436852362,1.840170831678147e-07,6.801986815208631e-07,4.961815983530484e-07,67.1500006674607,3.3318594660588914e-05,6.481618235165083e-06,-3.054245123991738e-08,-3.0542451597946397e-08,-65.99491749403956
I4,24,N9,162.3666436852362,162.36664329669478,1.893627228034306e-07,5.295747198835925e-07,3.4021199708016197e-07,67.15000065616242,2.2845235827167204e-05,5.392030820152673e-06,-3.054245124377455e-08,-3.054245148926099e-08,-65.99512771432651
I2,1,N2,4.4965102151760934e-05,4.516147752437825e-05,3.3997897071759136e-07,1.140468675599924e-07,-2.2593210315759897e-07,67.15000033710284,-1.5171340803195124e-05,3.405193787081878e-06,-0.07746365297347196,-0.8802666387458908,-71.06253032725814
I2,2,N2,4.516147752437825e-05,4.535652287430428e-05,3.38756861505888e-07,1.1422108380709607e-07,-2.2453577769879192e-07,67.15000040480558,-1.5077577563367214e-05,3.3973345898473803e-06,-0.08027955615331384,-0.800173642555614,-70.95077933061265
I2,3,N2,4.535652287430428e-05,4.5550265724518624e-05,3.37561434706154e-07,1.1439291489969586e-07,-2.2316851980645812e-07,67.15000047378868,-1.498576621073838e-05,3.3896576220438735e-06,-0.08196993235716052,-0.7345996887474914,-70.85556158315522
I2,4,N2,4.5550265724518624e-05,4.574273340402391e-05,3.363926207114124e-07,1.1456248141784194e-07,-2.218301392935705e-07,67.1500004430897,-1.4895893951853908e-05,3.3821632659694076e-06,-0.08258949592426734,-0.6802787311398713,-70.78047784715059
I2,5,N2,4.574273340402391e-05,4.593395560913037e-05,3.352528222894048e-07,1.1472967261680883e-07,-2.2052314967259597e-07,67.15000043550887,-1.4808129596554607e-05,3.374868711796602e-06,-0.0825488564716044,-0.6376332757037865,-70.7222859855085
I2,6,N2,4.593395560913037e-05,4.612395789972252e-05,3.341374927695139e-07,1.1489437687114877e-07,-2.1924311589836512e-07,67.1500006040649,-1.4722175365012288e-05,3.36773902230497e-06,-0.08220598537733924,-0.6069282703572171,-70.67737487731485
I2,7,N2,4.612395789972252e-05,4.631275850620257e-05,3.3303868397354003e-07,1.1505649120915426e-07,-2.1798219276438578e-07,67.1500006571001,-1.4637504387364624e-05,3.3607138138702072e-06,-0.08186925829474162,-0.5879032655349911,-70.6430243052166
I2,8,N2,4.631275850620257e-05,4.650037082630159e-05,3.319510238842203e-07,1.1521583260818567e-07,-2.1673519127603464e-07,67.15000072104608,-1.4553768250461786e-05,3.3537514236930445e-06,-0.0817254513489152,-0.5801050267321003,-70.61735569054554
I2,9,N2,4.650037082630159e-05,4.668680978939706e-05,3.308759033823115e-07,1.1537218599227148e-07,-2.1550371739004004e-07,67.15000065676684,-1.4471074764276883e-05,3.3468606703093724e-06,-0.08177040804026554,-0.5821614347299809,-70.59912919616443
I2,10,N2,4.668680978939706e-05,6.62014634904793e-05,2.094034750776105e-05,8.003882594644822e-08,-2.0860308681814603e-05,60.00000069598923,-0.0012516185354274263,0.00015765289750280625,-0.25458904749369315,-0.5632161992664048,-70.58760496190946
I2,11,N2,6.62014634904793e-05,7.062756601425632e-05,4.823290081689469e-06,8.283318515252504e-08,-4.740456896536944e-06,60.20150838926167,-0.00028538265562580217,3.6795924501314956e-05,-3.2432042976549984,-0.6111543303329933,-70.5888891179569
I2,12,N2,7.062756601425632e-05,7.30509064875835e-05,2.685296185721866e-06,8.43305640919507e-08,-2.6009656216299154e-06,60.34152686123251,-0.00015694623692272386,2.0772200623603624e-05,-3.806861793261351,-0.7909932282799373,-70.60072045278747
I2,13,N2,7.30509064875835e-05,7.549446026655422e-05,2.706856986388049e-06,8.430024123004182e-08,-2.622556745158007e-06,60.341526864226786,-0.00015824907829091104,2.093367920713568e-05,-3.7844954621527216,-0.8332125206512967,-70.62246897716516
I2,14,N2,7.549446026655422e-05,7.7844661452767e-05,2.607258706877314e-06,8.442061376522151e-08,-2.5228380931120923e-06,60.38437261363888,-0.00015233999545836277,2.0187594904819015e-05,-3.698117024134548,-1.032083902982641,-70.65646225538907
I2,15,N2,7.7844661452767e-05,8.035194468603078e-05,2.774838007060283e-06,8.420737229857616e-08,-2.6906306347617067e-06,60.3415278050241,-0.00016235676326052317,2.1442840345191442e-05,-3.7308229797494974,-0.9787800379054659,-70.70729883389795
I2,16,N2,8.035194468603078e-05,8.520505399785403e-05,5.2792655412354555e-06,8.263310774765812e-08,-5.1966324334877975e-06,60.20150703264831,-0.0003128451039907039,4.021423986737335e-05,-3.0685820910236767,-0.9263716530651576,-70.78433206162606
I2,17,N2,8.520505399785403e-05,0.00011240782576218581,2.9153847580850276e-05,7.97748787780611e-08,-2.9074072702072213e-05,60.0000006530599,-0.0017444443811114438,0.00021925216844721253,-0.08355878378999607,-0.9568741342777515,-70.92729646439578
I2,18,N2,0.00011240782576218581,0.00011260182905848587,3.3777488045083965e-07,1.1433613632660411e-07,-2.2343874412423553e-07,67.15000072747293,-1.5003911830488053e-05,3.3908326258308282e-06,-0.07455315768814748,-1.1465607429964777,-71.2513627918299
I2,19,N2,0.00011260182905848587,0.00011280083362863404,3.4236115244671173e-07,1.1367295855527367e-07,-2.2868819389143804e-07,67.15000100931601,-1.535641245062872e-05,3.4202558325148905e-06,-0.07386583013795452,-1.3663987825156672,-71.40092355256039
I2,20,N2,0.00011280083362863404,4.4816030278633996e-05,6.97594829910258e-08,6.369489193961054e-05,6.362513245661951e-05,88.70821537054061,0.0056440719529409775,0.00047823488566951176,-0.719362697636883,-4.883246653740152,-71.47271324895446
I2,21,N2,4.4816030278633996e-05,4.4367655969186065e-05,1.0101677961425738e-07,5.081787501962037e-07,4.071619705819463e-07,81.16771005654668,3.304840477424761e-05,4.568966473578458e-06,-1.3246243345909485,-0.07308029025015111,-71.442197795016
I2,22,N2,4.4367655969186065e-05,4.456830058617873e-05,3.4375602145367966e-07,1.1335991386634369e-07,-2.3039610758733597e-07,67.15000075848344,-1.5471098799241244e-05,3.428369514900175e-06,-0.090017505827761,-1.3264941521464158,-71.41392797556367
I2,23,N2,4.456830058617873e-05,4.4767451495379285e-05,3.423651403418506e-07,1.1353947898121606e-07,-2.2882566136063455e-07,67.15000070324461,-1.5365643321287025e-05,3.4192846449229997e-06,-0.09284289164265307,-1.136329794558046,-71.36691559936337
I2,24,N2,4.4767451495379285e-05,4.4965102151760934e-05,3.409644613824174e-07,1.1371658638607008e-07,-2.2724787499634732e-07,67.15000068056766,-1.5259694960662277e-05,3.4101078582636565e-06,-0.09948832328325356,-0.9916198492779194,-71.29209036640769
I2,1,N5,0.00012866879490453596,0.00012884186643604613,3.196620435233046e-07,1.1805968418909499e-07,-2.0160235933420965e-07,67.15000033859452,-1.3537598497553633e-05,3.282912957842997e-06,-0.030356580062558487,-0.08400139280167919,-72.5004098709522
I2,2,N5,0.00012884186643604613,0.00012901341303669676,3.1810995253599596e-07,1.181272387680011e-07,-1.9998271376799484e-07,67.15000040519074,-1.3428839310551997e-05,3.271778934779978e-06,-0.05387948696024862,-0.08433708639673004,-72.49043534745869
I2,3,N5,0.00012901341303669676,0.00012918429277382974,3.174746720340858e-07,1.1819485631389761e-07,-1.9927981572018816e-07,67.15000047407126,-1.3381639720083468e-05,3.2675214626098754e-06,-0.05868427686785391,-0.08464766324500449,-72.48014706548693
I2,4,N5,0.00012918429277382974,0.000129354642320562,3.1698557509422085e-07,1.1826261865633368e-07,-1.9872295643788718e-07,67.1500004428769,-1.3344246612813932e-05,3.264361453129159e-06,-0.060567582584924125,-0.08492053146929414,-72.4695254226989
I2,5,N5,0.000129354642320562,0.00012952452785827941,3.1656734941251537e-07,1.1833052524743753e-07,-1.9823682416507785e-07,67.15000043571962,-1.3311602829060652e-05,3.2617340599496468e-06,-0.06105672260094796,-0.08515789637556209,-72.45854932162456
I2,6,N5,0.00012952452785827941,0.00012969398524337374,3.16187559487903e-07,1.1839854366881018e-07,-1.9778901581909282e-07,67.15000060600708,-1.3281532532113628e-05,3.259395773675349e-06,-0.060806887533825286,-0.08536485722270902,-72.44719526830977
I2,7,N5,0.00012969398524337374,0.0001298630430236675,3.158384464282505e-07,1.1846671720704829e-07,-1.9737172922120223e-07,67.15000066201773,-1.3253511747867315e-05,3.257288727264741e-06,-0.05997177362403891,-0.08553666297087634,-72.43543642703855
I2,8,N5,0.0001298630430236675,0.00013003176934583673,3.155624018099164e-07,1.1853512042566712e-07,-1.970272813842493e-07,67.15000073117932,-1.3230382089014613e-05,3.2557314167668766e-06,-0.05768075976419936,-0.08566501627217528,-72.42324139324477
I2,9,N5,0.00013003176934583673,0.0001302005123780835,3.1565864023626973e-07,1.1860379389344457e-07,-1.9705484634282516e-07,67.15000066526213,-1.3232233063013836e-05,3.256968255972857e-06,-0.047767154872094306,-0.0857481005105505,-72.41057260362584
I2,10,N5,0.0001302005123780835,0.00020995486500978054,8.530081969501274e-05,8.163286825344602e-08,-8.521918682675929e-05,60.00000070098341,-0.0051131512693427935,0.0006403683942244965,-0.2901525155320555,-0.09207098961428532,-72.39738501846696
I2,11,N5,0.00020995486500978054,0.0002211848566737907,1.2092151311173843e-05,8.26131976006707e-08,-1.2009538113573172e-05,60.06962728229455,-0.0007214084783148513,9.131073381580886e-05,-0.29430916470396606,-0.09113978161503944,-72.39628543344529
I2,12,N5,0.0002211848566737907,0.00022779681538168657,7.158932745763769e-06,8.311899224210481e-08,-7.075813753521664e-06,60.11800764204868,-0.0004253838253079286,5.431538803504405e-05,-0.31156847870317744,-0.09275709646991831,-72.39738868853752
I2,13,N5,0.00022779681538168657,0.00023447621852739083,7.230970837093867e-06,8.310328211539551e-08,-7.147867554978472e-06,60.11800762984776,-0.000429715556207337,5.485555589406947e-05,-0.31293042389149767,-0.09280533436263963,-72.39996109629108
I2,14,N5,0.00023447621852739083,0.00024094184719172261,7.002622448967792e-06,8.314108723634145e-08,-6.91948136173145e-06,60.13281204503418,-0.00041608787217411444,5.3143226521531e-05,-0.31234206270468556,-0.09312347156632596,-72.40406387193656
I2,15,N5,0.00024094184719172261,0.0002478078675673714,7.430300411306112e-06,8.306139753636928e-08,-7.347239013769743e-06,60.1180079336714,-0.0004417013733203895,5.635021356631861e-05,-0.3184841877764517,-0.09269965991634639,-72.40973800314971
I2,16,N5,0.0002478078675673714,0.00025996489602131444,1.3082466407340988e-05,8.251785671511125e-08,-1.2999948550625877e-05,60.06962679716658,-0.000780902057818463,9.873738198042074e-05,-0.3127031369475336,-0.09098016723136627,-72.41722989646362
I2,17,N5,0.00025996489602131444,0.0003357277113093054,8.103621382671267e-05,8.15076791681011e-08,-8.095470614754457e-05,60.00000065530769,-0.0048572824219029155,0.0006083829112941058,-0.320289366153591,-0.08963736946084544,-72.42794097303887
I2,18,N5,0.0003357277113093054,0.0003358984526441982,3.1728803235561705e-07,1.1816088653495727e-07,-1.9912714582065979e-07,67.15000076174222,-1.3371387993540858e-05,3.2658668916793075e-06,-0.06699702158439426,-0.08392534646127002,-72.47239514751288
I2,19,N5,0.0003358984526441982,0.00033607074021124093,3.186537711896993e-07,1.1791013157225823e-07,-2.0074363961744107e-07,67.1500012326006,-1.34799356477479e-05,3.2742292707146815e-06,-0.06960946245322132,-0.08249963116123826,-72.51467133746418
I2,20,N5,0.00033607074021124093,0.00012831843945746132,6.442173777170421e-08,0.00019451259313231256,0.00019444817139454085,89.10349497908271,0.017326011663545283,0.001459327611525632,-0.08422360648502084,-4.209631732182196,-72.5552305835235
I2,21,N5,0.00012831843945746132,0.0001281515494123642,1.2800739814311302e-07,2.68355851694514e-07,1.40348453551401e-07,76.72508991422909,1.0768247718054246e-05,2.972724373782203e-06,-0.09113736759332142,-0.013134739423693746,-72.54677504149097
I2,22,N5,0.0001281515494123642,0.00012832441143984685,3.191457734240277e-07,1.1780347778993752e-07,-2.013422956340902e-07,67.15000076404672,-1.3520135305664079e-05,3.2771193841047394e-06,-0.07365814080262104,-0.08059279814261865,-72.53799672058639
I2,23,N5,0.00012832441143984685,0.00012849681844978434,3.1873477075358323e-07,1.1786929641664973e-07,-2.008654743369335e-07,67.150000706226,-1.3488116743581504e-05,3.2745305037767474e-06,-0.0737373011903244,-0.08121344906031,-72.5289648261962
I2,24,N5,0.00012849681844978434,0.00012866879490453596,3.1834988483275853e-07,1.1793509905490202e-07,-2.004147857778565e-07,67.15000068229233,-1.3457853001724535e-05,3.2721373791574543e-06,-0.07333927833886121,-0.08181884823951292,-72.51966784998984
I2,1,N7,4.493870591334404e-05,4.5135083223696015e-05,3.399790780539403e-07,1.1404514787729376e-07,-2.2593393017664658e-07,67.15000033710284,-1.5171463487524787e-05,3.4051816944842554e-06,-0.077585930197046,-0.8852218488075934,-71.06062608165917
I2,2,N7,4.5135083223696015e-05,4.53301280335502e-05,3.3875440356770416e-07,1.1421943592453887e-07,-2.2453496764316528e-07,67.15000040480558,-1.5077523168131556e-05,3.3973037961918228e-06,-0.08045726933491197,-0.8050652746757802,-70.94887196564282
I2,3,N7,4.53301280335502e-05,4.552386863108397e-05,3.375572320302532e-07,1.143913414611662e-07,-2.23165890569087e-07,67.15000047378868,-1.4985589657447664e-05,3.3896143011856453e-06,-0.08218825386360996,-0.7394349854184937,-70.85360269329483
I2,4,N7,4.552386863108397e-05,4.5716333167052805e-05,3.363875598143915e-07,1.1456098993631659e-07,-2.2182656987807492e-07,67.1500004430897,-1.4895654265601798e-05,3.382114123130311e-06,-0.08282036464547186,-0.6850183924580866,-70.77846879152743
I2,5,N7,4.5716333167052805e-05,4.590755245679815e-05,3.352481062792078e-07,1.1472826971714888e-07,-2.205198365620589e-07,67.15000043550887,-1.4807907121180601e-05,3.374822819972675e-06,-0.08275841660055817,-0.6422428012566568,-70.72023609989434
I2,6,N7,4.590755245679815e-05,4.6097552859480767e-05,3.3413398442203177e-07,1.1489307030527176e-07,-2.1924091411676003e-07,67.1500006040649,-1.4722027515376176e-05,3.3677029104547764e-06,-0.08237069892450391,-0.6113778618967541,-70.67529108876758
I2,7,N7,4.6097552859480767e-05,4.628635270412506e-05,3.330365065994304e-07,1.1505529669867417e-07,-2.179812099007562e-07,67.1500006571001,-1.4637438388071254e-05,3.3606885247357842e-06,-0.08198517622878586,-0.5921359876140022,-70.64091058925275
I2,8,N7,4.628635270412506e-05,4.64739646857332e-05,3.3194946496647155e-07,1.1521478367404888e-07,-2.1673468129242266e-07,67.15000072104608,-1.4553734005061875e-05,3.353731864803903e-06,-0.08181018223580004,-0.5839945157436425,-70.6152137116436
I2,9,N7,4.64739646857332e-05,4.666040279828781e-05,3.3087400834846907e-07,1.1537132186694756e-07,-2.155026864815215e-07,67.15000065676684,-1.4471005538769185e-05,3.346839976615625e-06,-0.08184783061535422,-0.5855615363435354,-70.59695856411025
I2,10,N7,4.666040279828781e-05,6.615506146044892e-05,2.0918985612315184e-05,8.00391112240908e-08,-2.0838946501091092e-05,60.00000069598923,-0.0012503368045691477,0.00015749268542654459,-0.25731533053506817,-0.5610701307166485,-70.58540253480652
I2,11,N7,6.615506146044892e-05,7.058100845986534e-05,4.823123466055083e-06,8.283278466321965e-08,-4.740290681391863e-06,60.20150838926167,-0.0002853726492233512,3.679467188038727e-05,-3.2430263801158965,-0.6141931438529108,-70.58669764486949
I2,12,N7,7.058100845986534e-05,7.300432489064764e-05,2.685270045065836e-06,8.433016618976674e-08,-2.6009398788760692e-06,60.34152686123251,-0.00015694468356565117,2.0772001584417022e-05,-3.806540282321262,-0.7940418251960388,-70.59854118450691
I2,13,N7,7.300432489064764e-05,7.544785749850739e-05,2.706833900331003e-06,8.429983178765306e-08,-2.62253406854335e-06,60.341526864226786,-0.0001582477099493585,2.093350299088992e-05,-3.7841874229859047,-0.8363202515675884,-70.6203073076365
I2,14,N7,7.544785749850739e-05,7.779807912612559e-05,2.6072800963574854e-06,8.442021984778178e-08,-2.5228598765097035e-06,60.38437261363888,-0.0001523413108351609,2.0187752371539505e-05,-3.6974844425812825,-1.0350079793288651,-70.6543267046814
I2,15,N7,7.779807912612559e-05,8.030540565023077e-05,2.7748837257977242e-06,8.420690607403868e-08,-2.6906768197236857e-06,60.3415278050241,-0.0001623595501316906,2.144317973903822e-05,-3.730192702763584,-0.9820691987144325,-70.7052060248138
I2,16,N7,8.030540565023077e-05,8.515858257143361e-05,5.279337164686393e-06,8.263257438722254e-08,-5.196704590299171e-06,60.20150703264831,-0.0003128494479394913,4.0214773043052116e-05,-3.068248374560742,-0.9300348945918077,-70.78231160806173
I2,17,N7,8.515858257143361e-05,0.00011233914965812131,2.9130123955427778e-05,7.977428371477593e-08,-2.9050349671713003e-05,60.0000006530599,-0.0017430209992743985,0.00021907423679356914,-0.08361755948344521,-0.9608229296949304,-70.92545192331174
I2,18,N7,0.00011233914965812131,0.00011253315509907637,3.3777550071684857e-07,1.1433467234210618e-07,-2.234408283747424e-07,67.15000072747293,-1.5004051787911105e-05,3.3908262979421605e-06,-0.07463230518547162,-1.1505854868870484,-71.25006148817036
I2,19,N7,0.00011253315509907637,0.00011273215386079629,3.4235282634257514e-07,1.1367110077757309e-07,-2.2868172556500207e-07,67.15000100931601,-1.5355978102502018e-05,3.420179453401112e-06,-0.07411150664944913,-1.3709715607324218,-71.39962213429641
I2,20,N7,0.00011273215386079629,4.478966254665785e-05,6.97599107359426e-08,6.365528824878969e-05,6.358552833805375e-05,88.70821537054061,0.005640558742261686,0.00047793786119644223,-0.7194390273037061,-4.884763583656496,-71.47130965336643
I2,21,N7,4.478966254665785e-05,4.4341321124729565e-05,1.010175086531776e-07,5.081486061858882e-07,4.0713109753271064e-07,81.16771005654668,3.3045898879538686e-05,4.568745861292994e-06,-1.324804763886765,-0.07314356507968076,-71.44069306107366
I2,22,N7,4.4341321124729565e-05,4.4541953205790354e-05,3.4374005514748503e-07,1.1335765948158765e-07,-2.3038239566589737e-07,67.15000075848344,-1.5470178043706242e-05,3.428232859718045e-06,-0.0904106769822449,-1.3326725612329215,-71.41231114947736
I2,23,N7,4.4541953205790354e-05,4.47410803239722e-05,3.423373807733475e-07,1.1353742732780012e-07,-2.2879995344554738e-07,67.15000070324461,-1.536391703477084e-05,3.419061060758607e-06,-0.09347867984513263,-1.141924919233792,-71.36512146407381
I2,24,N7,4.47410803239722e-05,4.493870591334404e-05,3.4093542842642944e-07,1.1371461345064316e-07,-2.2722081497578628e-07,67.15000068056766,-1.5257877880263187e-05,3.4098753140780445e-06,-0.10036189631920292,-0.9972305319973301,-71.290089333524
I2,1,N8,5.251143376977647e-05,5.26179754993056e-05,2.6256398759924574e-07,1.3030820044048343e-07,-1.322557871587623e-07,67.1500003299113,-8.880976151343567e-06,2.946541410297969e-06,-0.05693382590308194,-0.9385699223776269,-72.01864509090764
I2,2,N8,5.26179754993056e-05,5.272352993023545e-05,2.6176884240398265e-07,1.3053568840441904e-07,-1.3123315399956362e-07,67.15000040020118,-8.81230634359036e-06,2.9422839810630125e-06,-0.0583518837739113,-0.8420193020071729,-72.00116016891432
I2,3,N8,5.272352993023545e-05,5.2828138845048404e-05,2.610168916032709e-07,1.307619104011395e-07,-1.3025498120213137e-07,67.15000046957893,-8.746622048888116e-06,2.9383410150330776e-06,-0.05861493200982436,-0.7648744049691146,-71.98226357005855
I2,4,N8,5.2828138845048404e-05,5.293181063362419e-05,2.6027290427590376e-07,1.3098725623756782e-07,-1.2928564803833595e-07,67.1500004400226,-8.681531322662866e-06,2.9344512038510366e-06,-0.05884682741010439,-0.704994274469576,-71.96227230778065
I2,5,N8,5.293181063362419e-05,5.3034585939223506e-05,2.5957149882245144e-07,1.3121186579139412e-07,-1.2835963303105732e-07,67.15000043149196,-8.619349413421648e-06,2.9308752346038417e-06,-0.057812836075571514,-0.6607830472877376,-71.94154626507262
I2,6,N8,5.3034585939223506e-05,5.313650337858733e-05,2.58910269030807e-07,1.3143552781227595e-07,-1.2747474121853107e-07,67.15000059586608,-8.559928948782235e-06,2.927593476323122e-06,-0.055543591582317045,-0.6313792477192525,-71.92045226667413
I2,7,N8,5.313650337858733e-05,5.3237497456347753e-05,2.581777441757426e-07,1.3165803217763298e-07,-1.265197119981096e-07,67.15000063997022,-8.495798741641907e-06,2.9237683226503167e-06,-0.05593089638573067,-0.6152855985998386,-71.89930852090093
I2,8,N8,5.3237497456347753e-05,5.33375952303396e-05,2.5747310443557507e-07,1.3187964044722297e-07,-1.255934639883521e-07,67.15000068742346,-8.433601193153737e-06,2.9201455866209855e-06,-0.05550922607082969,-0.6089769986433574,-71.87833366314999
I2,9,N8,5.33375952303396e-05,5.343679159590305e-05,2.5676078599393574e-07,1.3209929939875137e-07,-1.2466148659518437e-07,67.15000060693609,-8.371018900528186e-06,2.9164506404451535e-06,-0.0555231378361041,-0.613648985882416,-71.85761878350093
I2,10,N8,5.343679159590305e-05,5.4701093138925714e-05,1.4516033447169605e-06,8.835763962393626e-08,-1.3632457050930241e-06,60.000000649116366,-8.179474319048655e-05,1.1549707382556726e-05,-4.823422013397399,-0.6672835610546786,-71.83710840142987
I2,11,N8,5.4701093138925714e-05,5.88037828709555e-05,4.478985831377261e-06,8.390398174641155e-08,-4.395081849630849e-06,59.70281751292293,-0.0002623987696228704,3.422167359842754e-05,-4.520521862707251,-0.5789066166540545,-71.8204604772728
I2,12,N8,5.88037828709555e-05,7.721796960681039e-05,1.9766614482321424e-05,8.17730967436971e-08,-1.9684841385577726e-05,59.496318686043594,-0.0011711755963605523,0.0001488629068429884,-0.6081592196612161,-0.42865973823759906,-71.80806616210646
I2,13,N8,7.721796960681039e-05,9.57554325303422e-05,1.989835790299138e-05,8.180646895335958e-08,-1.981655143403802e-05,59.49631858539556,-0.0011790118573834032,0.00014985123278958557,-0.5575809077130609,-0.4141307957150902,-71.80418571414599
I2,14,N8,9.57554325303422e-05,0.0001277223855710779,3.424582953828162e-05,8.156622904174343e-08,-3.416426330923988e-05,59.43312975572913,-0.002030489094266949,0.00025745546825492525,-0.3398621218208844,-0.2940730683046607,-71.80827444525629
I2,15,N8,0.0001277223855710779,0.00014691861521682934,2.0602017672477794e-05,8.167432636376779e-08,-2.0520343346114025e-05,59.49631709338251,-0.0012208848545854818,0.00015512768999131172,-0.47690132600293944,-0.5677727156554119,-71.8394152129993
I2,16,N8,0.00014691861521682934,0.00015146375726598973,4.951376478413542e-06,8.362816921806288e-08,-4.867748309195479e-06,59.70281944205466,-0.00029061829839326455,3.776253485723704e-05,-4.509920378893664,-0.8872680224195605,-71.89192057086387
I2,17,N8,0.00015146375726598973,0.00015283656046440042,1.5669142787327268e-06,8.782353822821296e-08,-1.4790907405045138e-06,60.00000060020931,-8.874544531803487e-05,1.2410533627207048e-05,-4.664410260340874,-1.1309061416363229,-71.95428781254465
I2,18,N8,0.00015283656046440042,0.00015294237125920829,2.619854074851816e-07,1.3048546361597584e-07,-1.3149994386920574e-07,67.15000068138522,-8.830221320419284e-06,2.9435315332586803e-06,-0.055504303816202055,-1.2107473524025563,-72.02314251962046
I2,19,N8,0.00015294237125920829,0.0001530500063439151,2.6312482240853125e-07,1.2977616512725744e-07,-1.3334865728127382e-07,67.15000085355229,-8.954362450257588e-06,2.9467574065184153e-06,-0.09679878487132905,-1.3404740852318773,-72.07985426090558
I2,20,N8,0.0001530500063439151,6.095897976481359e-05,6.662719590310465e-08,8.625557269786093e-05,8.618894550195782e-05,88.53144432140448,0.007630431829827144,0.0006474164992032302,-1.0860252952312148,-4.000890196621401,-72.12567079666444
I2,21,N8,6.095897976481359e-05,5.21892275552067e-05,8.345938858929224e-08,8.281606504697577e-06,8.198147116108285e-06,83.15447183469159,0.0006817125934630845,6.273799419965151e-05,-1.423703670729037,-0.052249684753008376,-72.10389072029533
I2,22,N8,5.21892275552067e-05,5.229758862007221e-05,2.63526480751184e-07,1.2944853896607125e-07,-1.3407794178511274e-07,67.15000074001901,-9.003333890090547e-06,2.947312647879414e-06,-0.155479989293028,-1.2664710187183128,-72.0875449137245
I2,23,N8,5.229758862007221e-05,5.2404992410668626e-05,2.6276275630096277e-07,1.296754517460072e-07,-1.3308730455495558e-07,67.1500006919307,-8.936812592952459e-06,2.9432865603522744e-06,-0.187263194782556,-1.122716171169074,-72.06969636535533
I2,24,N8,5.2404992410668626e-05,5.251143376977647e-05,2.619925523847415e-07,1.2990151504911773e-07,-1.3209103733562377e-07,67.1500006726344,-8.869913245936113e-06,2.9392055057539446e-06,-0.2427604546542475,-0.9999191120775769,-72.05160628420539
I3,1,N5,0.0025121171306884916,0.002512266890323638,2.991611590111144e-07,1.2191887626800291e-07,-1.772422827431115e-07,67.15000033859452,-1.1901819346213203e-05,3.15810026459338e-06,-0.000712937527463832,-0.000712285152450979,-70.08795495160838
I3,2,N5,0.002512266890323638,0.002512416883553316,2.993399926384954e-07,1.2185690721224847e-07,-1.7748308542624693e-07,67.15000040519074,-1.1917989258286983e-05,3.158976748880579e-06,-0.000712937434906281,-0.0007122852697312535,-70.08764409699161
I3,3,N5,0.002512416883553316,0.002512566955452083,2.994303198429371e-07,1.218624082473868e-07,-1.7756791159555028e-07,67.15000047407126,-1.1923685347821045e-05,3.159695460677429e-06,-0.00071293733022938,-0.0007122854055188764,-70.08733544036481
I3,4,N5,0.002512566955452083,0.0025127169007935963,2.9931292543176257e-07,1.2187801706237872e-07,-1.7743490836938385e-07,67.1500004428769,-1.1914754175585948e-05,3.1589320687060598e-06,-0.0007129371960762001,-0.0007122855435084864,-70.08702897713265
I3,5,N5,0.0025127169007935963,0.002512866814229505,2.9928761114573783e-07,1.218857029636113e-07,-1.7740190818212654e-07,67.15000043571962,-1.1912538211727288e-05,3.1587998558201186e-06,-0.0007129370758607252,-0.0007122856785604707,-70.08672470266933
I3,6,N5,0.002512866814229505,0.002513016658309347,2.9922806464647956e-07,1.218984517921387e-07,-1.7732961285434087e-07,67.15000060600708,-1.190768361063199e-05,3.158448873289637e-06,-0.0007129369512140646,-0.0007122858144629101,-70.08642261242319
I3,7,N5,0.002513016658309347,0.0025131664863932354,2.992172815262658e-07,1.2190397695661863e-07,-1.7731330456964717e-07,67.15000066201773,-1.190658851923636e-05,3.158409438621633e-06,-0.000712936834156565,-0.0007122859477095715,-70.08612270186816
I3,8,N5,0.0025131664863932354,0.002513316461403377,2.992314274728911e-07,1.2177884719101172e-07,-1.7745258028187936e-07,67.15000073117932,-1.1915940895677856e-05,3.157577059979271e-06,-0.0007129367212118663,-0.0007122860430417637,-70.08582496653736
I3,9,N5,0.002513316461403377,0.002513466258964615,2.9919025428378054e-07,1.219088676978924e-07,-1.7728138658588815e-07,67.15000066526213,-1.1904445227180981e-05,3.158243414862547e-06,-0.000712936600808944,-0.0007122862107027795,-70.08552940210029
I3,10,N5,0.002513466258964615,0.002597416259434827,8.978555576276618e-05,8.356582141821048e-08,-8.970198994134797e-05,60.00000070098341,-0.005382119459360486,0.0006740184118813829,-0.0007131769916824881,-0.0007122757859007666,-70.08523600407226
I3,11,N5,0.002597416259434827,0.002600630280727198,3.530394138321822e-06,8.464025334814757e-08,-3.4457538849736742e-06,60.06962728229455,-0.00020698515157688705,2.711275793752477e-05,-0.0007130621636245098,-0.0007123229091218336,-70.08494526928617
I3,12,N5,0.002600630280727198,0.00260320374946828,2.8466688130529557e-06,8.518841878773002e-08,-2.761480394265226e-06,60.11800764204868,-0.00016601469944580444,2.1988929238805142e-05,-0.0007129937969580503,-0.000712384733810601,-70.08465686774957
I3,13,N5,0.00260320374946828,0.002605762773786392,2.8312442195982328e-06,8.519497406038945e-08,-2.7460492455378433e-06,60.11800762984776,-0.00016508700949518175,2.1873293952439666e-05,-0.0007129932661425749,-0.0007123848622445028,-70.0843705042076
I3,14,N5,0.002605762773786392,0.0026082688524730587,2.774747945079143e-06,8.525592497202394e-08,-2.689492020107119e-06,60.13281204503418,-0.00016172671814172065,2.1450029025383754e-05,-0.0007129923295110553,-0.0007123843200458696,-70.08408617391984
I3,15,N5,0.0026082688524730587,0.002610829954588358,2.83346264665086e-06,8.519371096048393e-08,-2.748268935690376e-06,60.1180079336714,-0.00016522045367969667,2.188992268208508e-05,-0.0007129931047049181,-0.0007123851124600663,-70.08380387293236
I3,16,N5,0.002610829954588358,0.0026139356756188937,3.4147025967746737e-06,8.465240164230652e-08,-3.330050195132367e-06,60.06962679716658,-0.00020003487243743304,2.624516248812735e-05,-0.0007130593948361976,-0.0007123235413987299,-70.08352359771247
I3,17,N5,0.0026139356756188937,0.0055344926557959594,0.003120348563257951,8.356143030404813e-08,-0.003120265001827647,60.00000065530769,-0.18721590215439246,0.023403240935161912,-1.9694997580645632,-0.0007122766656670958,-70.08324562935113
I3,18,N5,0.0055344926557959594,0.0055346420593766245,2.988419241113116e-07,1.2197246284435255e-07,-1.7686946126695905e-07,67.15000076174222,-1.1876784458805236e-05,3.156107902167481e-06,-0.0007129365067687226,-0.0007122862781102163,-70.08543674926912
I3,19,N5,0.0055346420593766245,0.005534791193934659,2.985996982941802e-07,1.220120549559077e-07,-1.765876433382725e-07,67.1500012326006,-1.1857860467827033e-05,3.1545881493756595e-06,-0.000712937317983414,-0.0007122853250114069,-70.087641097036
I3,20,N5,0.005534791193934659,0.002511847228352412,6.372783614948934e-08,0.002829531383487323,0.0028294676556511736,89.10349497908271,0.2521154570487913,0.021221963334926045,-0.0007126282725608717,-6.680857484019522,-70.08985883811674
I3,21,N5,0.002511847228352412,0.002511669982366004,1.2513812886547096e-07,2.7553525742445397e-07,1.5039712855898302e-07,76.72508991422909,1.1539233211529843e-05,3.005050397174437e-06,-0.0007129098229830288,-0.0007123364481321752,-70.08953638570756
I3,22,N5,0.002511669982366004,0.0025118190181038814,2.9850427438602576e-07,1.2202095011895837e-07,-1.764833242670674e-07,67.15000076404672,-1.185085535937508e-05,3.1539391837873814e-06,-0.0007129379109941159,-0.0007122846360967426,-70.08921596825306
I3,23,N5,0.0025118190181038814,0.002511968080971587,2.985221315891197e-07,1.2201120122443743e-07,-1.7651093036468225e-07,67.150000706226,-1.185270909864502e-05,3.153999996101678e-06,-0.0007129377929422258,-0.0007122847707709944,-70.08889776946768
I3,24,N5,0.002511968080971587,0.0025121171306884916,2.9850922749155545e-07,1.2201220514553092e-07,-1.7649702234602452e-07,67.15000068229233,-1.185177517095811e-05,3.1539107447781476e-06,-0.0007129376711309004,-0.0007122849077290391,-70.08858178456329
I3,1,N8,116.97956723880607,116.97956961880897,2.5846583309587844e-06,3.67261084624644e-08,-2.54793222249632e-06,67.1500003299113,-0.0001710936495812195,1.9660383295659367e-05,-3.074195619894351e-08,-3.074195434230002e-08,-59.23326576564568
I3,2,N8,116.97956961880897,116.97957200761405,2.5931585032535393e-06,3.593424113263385e-08,-2.5572242621209055e-06,67.15000040020118,-0.00017171761022482298,1.97181955828963e-05,-3.074195620513779e-08,-3.074195434172319e-08,-59.23326579695051
I3,3,N8,116.97957200761405,86.11410744224774,1.380212541333522e-07,28.89007495410272,28.890074816081466,67.15000046957893,1939.9685374660407,216.67556319092978,-3.0741954416112734e-08,-7.528403000246824e-08,-59.23326582825535
I3,4,N8,86.11410744224774,86.11410986587003,2.630330101493647e-06,3.591122898774802e-08,-2.594418872505899e-06,67.1500004400226,-0.00017421522843037403,1.9996809978610462e-05,-3.074195623222476e-08,-3.074195434170643e-08,-59.23326583108738
I3,5,N8,86.11410986587003,86.11411222379569,2.560533978851599e-06,3.6255157309324206e-08,-2.5242788215422746e-06,67.15000043149196,-0.00016950532395576976,1.9475918521206925e-05,-3.074195618136555e-08,-3.0741954341957044e-08,-59.23326583391941
I3,6,N8,86.11411222379569,86.11411464885896,2.6321714740628524e-06,3.617568997523157e-08,-2.5959957840876206e-06,67.15000059586608,-0.00017432111844834956,2.001260373028563e-05,-3.074195623356679e-08,-3.0741954341899155e-08,-59.23326583675145
I3,7,N8,86.11411464885896,86.11411708516775,2.6449288678203553e-06,3.682657049845418e-08,-2.608102297321901e-06,67.15000063997022,-0.00017513407093427345,2.011316578739107e-05,-3.074195624286326e-08,-3.074195434237355e-08,-59.23326583958348
I3,8,N8,86.11411708516775,36.598299857168165,1.3937566338155053e-07,46.34680504751407,46.3468049081384,67.15000068742346,3112.1879814413746,347.601038901673,-3.074195441709948e-08,-2.93430924931748e-07,-59.23326584241552
I3,9,N8,36.598299857168165,4.765473588114128e-07,1.3990494546774832e-07,34.25600834283124,34.25600820292629,67.15000060693609,2300.290971617708,256.9200636205214,-3.0741954417485265e-08,-7.741638848549631e-08,-59.233265788866895
I3,10,N8,4.765473588114128e-07,1.1568217411378278e-06,7.699510386871017e-07,3.781420333209064e-08,-7.32136835355011e-07,60.000000649116366,-4.392821059654266e-05,6.0582393151439425e-06,-3.074195490765149e-08,-3.0741954568227424e-08,-55.44731459268175
I3,11,N8,1.1568217411378278e-06,3.90186851103625e-06,2.975251737429904e-06,3.7242369530465843e-08,-2.938009367899438e-06,59.70281751292293,-0.00017540743714295818,2.2593705802202774e-05,-3.0741958010880864e-08,-3.0741954701585694e-08,-53.84662822282198
I3,12,N8,3.90186851103625e-06,10.40983213632078,11.121611404192478,3.7320091246464074e-08,-11.121611366872386,59.496318686043594,-661.6949341857644,83.41208581134427,-3.7159398469963476e-08,-3.0741954556970005e-08,-53.30505983713093
I3,13,N8,10.40983213632078,54.92355150696358,47.55739253319152,3.783730853082111e-08,-47.55739249535421,59.49631858539556,-2829.489774994294,356.6804442827162,-4.6057545714446083e-07,-3.074195455734391e-08,-53.30505953222663
I3,14,N8,54.92355150696358,107.01103524782069,55.649021113659586,2.015044836230017e-08,-55.64902109350914,59.43312975572913,-3307.395491429836,417.3676585035752,-32.285458563946925,-3.074195455405771e-08,-53.30505951256711
I3,15,N8,107.01103524782069,159.3433949415772,55.91064074164026,3.783195436868486e-08,-55.910640703808305,59.49631709338251,-3326.477208207958,419.32980584604155,-0.0041106326980210285,-3.07419545573409e-08,-53.30505953480846
I3,16,N8,159.3433949415772,159.34339609325704,1.2735393932060895e-06,3.777045804783828e-08,-1.2357689351582511e-06,59.70281944205466,-7.377888960785323e-05,9.834823884404458e-06,-3.074195546044719e-08,-3.0741954522189456e-08,-54.063986082845865
I3,17,N8,159.34339609325704,159.34339683353826,8.339168226624283e-07,3.7687942378006447e-08,-7.962288802844218e-07,60.00000060020931,-4.77737332949693e-05,6.53703573780326e-06,-3.074195510943981e-08,-3.074195457818351e-08,-54.96584192943805
I3,18,N8,159.34339683353826,159.3433975165951,7.755243382354902e-07,4.009257955169408e-08,-7.354317586837961e-07,67.15000068138522,-4.938424309672924e-05,6.117126883403882e-06,-3.0741955017315247e-08,-3.0741954398158805e-08,-56.337602528257364
I3,19,N8,159.3433975165951,102.22057873300884,1.3873167779336954e-07,53.46695850297902,53.46695836424734,67.15000085355229,3590.3062997960533,401.00218981283024,-3.074195441662968e-08,-5.545107454395196e-06,-59.233265596009176
I3,20,N8,102.22057873300884,78.32007219622402,1.3901089594088308e-07,22.370874240217468,22.37087410120657,88.53144432140448,1980.525794912119,167.78155784421273,-3.074195441683394e-08,-5.791651837728125e-08,-59.23326561165675
I3,21,N8,78.32007219622402,116.97955852684149,41.30287006017429,4.2780498313504956e-08,-41.30287001739379,83.15447183469159,-3434.5183415533,309.77152577216094,-1.4593215375318962e-07,-3.07419543467119e-08,-59.23326560912156
I3,22,N8,116.97955852684149,116.97956143213382,3.1438038467572966e-06,3.4920348535105775e-08,-3.1088834982221908e-06,67.15000074001901,-0.000208761529206253,2.384043146469302e-05,-3.074195660638027e-08,-3.0741954340984935e-08,-59.233265640426374
I3,23,N8,116.97956143213382,116.97956437470017,3.1834566002595404e-06,3.477148632158962e-08,-3.1486851139379506e-06,67.1500006919307,-0.0002114342075796053,2.4136710649358476e-05,-3.0741956635275456e-08,-3.0741954340876356e-08,-59.233265671731196
I3,24,N8,116.97956437470017,116.97956723880607,3.0993167428059697e-06,3.4495883351875604e-08,-3.064820859454094e-06,67.1500006726344,-0.00020580272277384638,2.350359469618384e-05,-3.074195657396501e-08,-3.074195434067546e-08,-59.23326570303602
