node,x_power_mw,x_energy_mwh,energy_power_ratio_h
N1,65.04384023184322,208.47384694941968,3.205128205935142
N2,79.02482052026551,168.14043527883567,2.127691454050401
N3,2.0775664471437877e-05,4.179885017488334e-05,2.0119139983391565
N4,4.817669624318374,9.63533927647621,2.0000000057786154
N5,24.262553586266193,112.90046273646932,4.653280304360732
