node,x_power_mw,x_energy_mwh,energy_power_ratio_h
N1,50.960304464855376,106.37041928569862,2.087319147770333
N2,0.19145935098426428,0.8779230351589841,4.585427823951723
N3,0.18888198396762831,0.8839573921619217,4.679945506679025
N4,3.3057403784639403e-07,1.2328706193306354e-06,3.729484103961928
N5,0.38399291993917095,2.4614736544914324,6.410205831090217
