{
  "model": "Single Investor Primal-Dual MPEC",
  "investor": "I1",
  "wacc": 0.08,
  "solver_status": "ok",
  "termination": "optimal",
  "profit_eur_per_day": 10782.7615143396,
  "spot_revenue_eur_per_day": 27574.875203273627,
  "degradation_cost_eur_per_day": 13045.49819838279,
  "capex_daily_eur_per_day": 3746.6154905512385,
  "lower_level_primal_objective_eur_per_day": 427797.7789597085,
  "lower_level_dual_objective_eur_per_day": 427797.778959709,
  "strong_duality_gap": 4.656612873077393e-10,
  "total_power_mw": 124.46549372203775,
  "total_energy_mwh": 579.3488056954061,
  "total_charge_mwh": 927.1379288614075,
  "total_discharge_mwh": 812.2618309229642,
  "total_storage_throughput_mwh": 1739.3997597843718,
  "total_load_shed_mwh": -1.1990532653505025e-06,
  "equivalent_cycles_throughput_over_2e": 1.501167986094775,
  "equivalent_cycles_discharge_over_e": 1.4020255551368352,
  "line_limits_mw": {
    "L12": 400.0,
    "L14": 400.0,
    "L15": 250.0,
    "L23": 400.0,
    "L34": 240.0,
    "L45": 180.0
  },
  "existing_power_mw_per_node": 0.0,
  "existing_ratio_hours": 2.0,
  "storage_units": [
    "I1",
    "RIV"
  ],
  "demand_model": "quadratic",
  "load_shed_allowed": true,
  "quadratic_demand_alpha_eur_per_mwh": 4000,
  "quadratic_demand_beta_eur_per_mwh_per_share": 10000,
  "quadratic_demand_source": "fixed_default"
}