node,x_power_mw,x_energy_mwh,energy_power_ratio_h
N1,42.91448278342361,85.82896582084851,2.000000005918778
N2,38.140365767761175,77.2423296919491,2.0252120853345237
N3,0.02377914278497131,0.05080999928325073,2.136746464862612
N4,15.509476629351733,33.13990677935661,2.1367521013983946
N5,39.217849646238356,209.21981711747821,5.334811036421674
