{
  "model": "Single Investor Primal-Dual MPEC",
  "investor": "I2",
  "wacc": 0.12,
  "solver_status": "ok",
  "termination": "optimal",
  "profit_eur_per_day": 687742.4514035619,
  "spot_revenue_eur_per_day": 698922.7509874903,
  "degradation_cost_eur_per_day": 7755.655774318053,
  "capex_daily_eur_per_day": 3424.6438096104107,
  "lower_level_primal_objective_eur_per_day": 750001.379045031,
  "lower_level_dual_objective_eur_per_day": 750001.3790449697,
  "strong_duality_gap": 6.135087460279465e-08,
  "total_power_mw": 135.80595396955985,
  "total_energy_mwh": 405.4818294089157,
  "total_charge_mwh": 551.1911099302703,
  "total_discharge_mwh": 482.89632664547014,
  "total_storage_throughput_mwh": 1034.0874365757404,
  "total_load_shed_mwh": -1.1807448080012035e-06,
  "equivalent_cycles_throughput_over_2e": 1.2751341263345437,
  "equivalent_cycles_discharge_over_e": 1.190919769079182,
  "line_limits_mw": {
    "L12": 400.0,
    "L14": 400.0,
    "L15": 400.0,
    "L23": 400.0,
    "L34": 240.0,
    "L45": 240.0
  },
  "existing_power_mw_per_node": 0.0,
  "existing_ratio_hours": 2.0,
  "storage_units": [
    "I2",
    "RIV"
  ],
  "demand_model": "quadratic",
  "load_shed_allowed": true,
  "quadratic_demand_alpha_eur_per_mwh": 4000,
  "quadratic_demand_beta_eur_per_mwh_per_share": 10000,
  "quadratic_demand_source": "fixed_default"
}