node,x_power_mw,x_energy_mwh,energy_power_ratio_h
N1,1.7611191860864187e-08,4.291897147265512e-08,2.4370282154514595
N2,1.7892228188774787e-08,4.0657169167357096e-08,2.2723368346522967
N3,24.258147943491455,48.84535808185742,2.0135650172321915
N4,1.7604615941610467e-08,4.2974325138226446e-08,2.44108279787302
N5,1.7530321952778303e-08,4.298915388919508e-08,2.452274065758497
N6,1.6641053435864897e-08,4.670576787501542e-08,2.806659329291911
N7,1.57861300129175e-08,4.648150175975825e-08,2.9444519791565944
N8,39.93134196164187,219.9158374484649,5.507349030736721
N9,7.172360552245195,14.34472956529519,2.000001179640195
