{
  "model": "Single Investor Primal-Dual MPEC",
  "investor": "I3",
  "wacc": 0.08,
  "solver_status": "ok",
  "termination": "optimal",
  "profit_eur_per_day": 135579.3867430003,
  "spot_revenue_eur_per_day": 4993.055699997664,
  "degradation_cost_eur_per_day": 4255.880550462448,
  "capex_daily_eur_per_day": 1853.081186937254,
  "lower_level_primal_objective_eur_per_day": 433858.0521319058,
  "lower_level_dual_objective_eur_per_day": 433858.0416092943,
  "strong_duality_gap": 0.010522611497435719,
  "total_power_mw": 71.36185056044405,
  "total_energy_mwh": 283.1059253583444,
  "total_charge_mwh": 302.4635947850295,
  "total_discharge_mwh": 264.98714527663026,
  "total_storage_throughput_mwh": 567.4507400616598,
  "total_load_shed_mwh": 0.0,
  "equivalent_cycles_throughput_over_2e": 1.002188031464553,
  "equivalent_cycles_discharge_over_e": 0.9359999969665768,
  "line_limits_mw": {
    "L14": 400.0,
    "L45": 400.0,
    "L46": 200.0,
    "L69": 200.0,
    "L57": 400.0,
    "L93": 400.0,
    "L72": 400.0,
    "L98": 200.0,
    "L78": 200.0
  },
  "existing_power_mw_per_node": 0.0,
  "existing_ratio_hours": 2.0,
  "storage_units": [
    "I3",
    "RIV"
  ],
  "demand_model": "quadratic",
  "load_shed_allowed": true,
  "quadratic_demand_alpha_eur_per_mwh": 4000,
  "quadratic_demand_beta_eur_per_mwh_per_share": 10000,
  "quadratic_demand_source": "fixed_default"
}