node,x_power_mw,x_energy_mwh,energy_power_ratio_h
N1,90.59404257681315,200.10048580438428,2.20875987109994
N2,6.723155572707021e-06,2.1471640816265813e-05,3.1936849570209245
N3,1.4516475982672115,3.657314263753607,2.5194229426750914
N4,2.990917541537585e-07,1.052604689683757e-06,3.519337043115635
N5,4.85604878697748,31.107025138889917,6.405830440235685
