{
  "model": "Single Investor Primal-Dual MPEC",
  "investor": "I1",
  "wacc": 0.08,
  "solver_status": "ok",
  "termination": "optimal",
  "profit_eur_per_day": 13283.336373845212,
  "spot_revenue_eur_per_day": 21318.154841346335,
  "degradation_cost_eur_per_day": 5612.098700648355,
  "capex_daily_eur_per_day": 2422.719766852769,
  "lower_level_primal_objective_eur_per_day": 434602.6687659776,
  "lower_level_dual_objective_eur_per_day": 434602.6687659768,
  "strong_duality_gap": 8.149072527885437e-10,
  "total_power_mw": 84.21139494372181,
  "total_energy_mwh": 373.3230715430921,
  "total_charge_mwh": 398.84943347947757,
  "total_discharge_mwh": 349.4303932736364,
  "total_storage_throughput_mwh": 748.279826753114,
  "total_load_shed_mwh": -2.1593319345443447e-06,
  "equivalent_cycles_throughput_over_2e": 1.002188029339008,
  "equivalent_cycles_discharge_over_e": 0.9359999954712207,
  "line_limits_mw": {
    "L14": 400.0,
    "L45": 400.0,
    "L46": 200.0,
    "L69": 200.0,
    "L57": 400.0,
    "L93": 400.0,
    "L72": 400.0,
    "L98": 200.0,
    "L78": 200.0
  },
  "existing_power_mw_per_node": 0.0,
  "existing_ratio_hours": 2.0,
  "storage_units": [
    "I1",
    "RIV"
  ],
  "demand_model": "quadratic",
  "load_shed_allowed": true,
  "quadratic_demand_alpha_eur_per_mwh": 4000,
  "quadratic_demand_beta_eur_per_mwh_per_share": 10000,
  "quadratic_demand_source": "fixed_default"
}