unit,hour,node,soc_start_mwh,soc_end_mwh,p_charge_mw,p_discharge_mw,net_injection_mw,lambda_eur_per_mwh,spot_revenue_eur,degradation_cost_eur,rho_charge_dual,sigma_discharge_dual,gamma_soc_transition_dual
I4,1,N1,7.549992253323668e-05,7.545797053739312e-05,6.683577711525674e-08,9.782162509715086e-08,3.0985847981894116e-08,67.15000050302154,2.080699707570739e-06,1.2349305165930569e-06,-0.018981701529658303,-0.01913629369914854,-65.0902092350406
I4,2,N1,7.545797053739312e-05,7.541601867212377e-05,6.683582493120787e-08,9.782154477103853e-08,3.098571983983066e-08,67.15000053064384,2.08069110368701e-06,1.234930272766848e-06,-0.01896865006178581,-0.019144004518757196,-65.0901541623801
I4,3,N1,7.541601867212377e-05,7.537406659892684e-05,6.683576438512241e-08,9.782168634707824e-08,3.0985921961955825e-08,67.15000051487891,2.0807046756993315e-06,1.2349308804915049e-06,-0.018966477400373282,-0.019146339813663964,-65.09010344992441
I4,4,N1,7.537406659892684e-05,7.533211397700085e-05,6.683559968681728e-08,9.782205566594513e-08,3.098645597912785e-08,67.15000047931846,2.0807405338508156e-06,1.234932415145718e-06,-0.018965811342724938,-0.019147345160481343,-65.09004847086646
I4,5,N1,7.533211397700085e-05,7.529016056377982e-05,6.683536357440312e-08,9.782258946096055e-08,3.098722588655743e-08,67.15000053649555,2.0807922349068403e-06,1.2349346477652274e-06,-0.01896463649543168,-0.019148439904528695,-65.08998705706337
I4,6,N1,7.529016056377982e-05,7.524820606782236e-05,6.683503936548885e-08,9.782331886412985e-08,3.0988279498640996e-08,67.15000057766265,2.0808629862345147e-06,1.2349376867221402e-06,-0.018963361074012836,-0.019149822596542194,-65.0899138763095
I4,7,N1,7.524820606782236e-05,7.52062502304233e-05,6.68346379065407e-08,9.782422273689357e-08,3.098958483035287e-08,67.15000063305227,2.0809506409762226e-06,1.234941454825757e-06,-0.018959687201512455,-0.0191535768816621,-65.08982491976127
I4,8,N1,7.52062502304233e-05,7.516429279707664e-05,6.683415948785181e-08,9.782529740313511e-08,3.09911379152833e-08,67.15000065253842,2.0810549312341817e-06,1.234945926682402e-06,-0.018954006524279213,-0.019160441828153726,-65.08970654843165
I4,9,N1,7.516429279707664e-05,7.512233339196015e-05,6.68335687307341e-08,9.782662541975754e-08,3.0993056689023434e-08,67.15000064319025,2.0811837766023557e-06,1.2349514561286873e-06,-0.01896218495439528,-0.01915105330267917,-65.0895320190163
I4,10,N1,7.512233339196015e-05,7.520623918069887e-05,1.4948290478098662e-07,5.2425556687551466e-08,-9.705734809343516e-08,60.000134381013346,-5.823453928270899e-06,1.5143134610140356e-06,-0.018985185603452373,-0.019136623114444477,-65.08933678320626
I4,11,N1,7.520623918069887e-05,7.529014298730862e-05,1.494811470453438e-07,5.242587201511673e-08,-9.705527503022708e-08,60.000000593068854,-5.823316559374086e-06,1.514302642953454e-06,-0.0189864774634873,-0.019135300109381914,-65.08919190839678
I4,12,N1,7.529014298730862e-05,7.537404519365283e-05,1.4947972203531697e-07,5.242612141807497e-08,-9.7053600617242e-08,60.00000058934073,-5.82321609423216e-06,1.5142938259004396e-06,-0.01898731338337719,-0.019134204868744745,-65.08910060063812
I4,13,N1,7.537404519365283e-05,7.545794657783844e-05,1.4947898973335398e-07,5.242624939170803e-08,-9.705274034164595e-08,60.00000058578734,-5.823164477351023e-06,1.514289293437965e-06,-0.01898894108028705,-0.01913244681387586,-65.08906609402653
I4,14,N1,7.545794657783844e-05,7.554184792443748e-05,1.4947895624499481e-07,5.2426255233716336e-08,-9.705270101127847e-08,60.000000583686166,-5.823162117325027e-06,1.5142890860903336e-06,-0.018990700910331133,-0.019130444263195646,-65.08909484194388
I4,15,N1,7.554184792443748e-05,7.56257500069613e-05,1.4947961159890802e-07,5.2426140561063554e-08,-9.705347103784446e-08,60.00000058229794,-5.823208318784704e-06,1.5142931411997868e-06,-0.018992809834772105,-0.019128039893953577,-65.08919428301179
I4,16,N1,7.56257500069613e-05,7.570965356175745e-05,1.4948092271895995e-07,5.242591118119624e-08,-9.70550115377637e-08,60.0000005863644,-5.8233007491754255e-06,1.5143012542511715e-06,-0.018995887410811523,-0.019124503460867477,-65.08937504291407
I4,17,N1,7.570965356175745e-05,7.579355916512151e-05,1.4948274708145852e-07,5.2425592038311596e-08,-9.705715504314693e-08,60.000000614209895,-5.823429362202281e-06,1.5143125433982759e-06,-0.019003201641263567,-0.019116082824542618,-65.08965935063375
I4,18,N1,7.579355916512151e-05,7.575159864647827e-05,6.683323945293154e-08,9.782737920184379e-08,3.099413974891225e-08,67.15000062175292,2.0812565034101543e-06,1.2349546399108149e-06,-0.01900856678607188,-0.01909813414203669,-65.09011908969762
I4,19,N1,7.575159864647827e-05,7.570963654559065e-05,6.683274681063777e-08,9.782842858061693e-08,3.099568176997916e-08,67.1500000436218,2.0813600322061877e-06,1.2349588154344102e-06,-0.019087710897976763,-0.019015369949829948,-65.09096556714758
I4,20,N1,7.570963654559065e-05,7.566774186772322e-05,6.68542152250381e-08,9.778412902571379e-08,3.0929913800675696e-08,67.14999701829016,2.0769436194913447e-06,1.2347875818806392e-06,-0.016609921012829484,-0.021402881376292024,-65.09309876298319
I4,21,N1,7.566774186772322e-05,7.562578276054652e-05,6.683366512978773e-08,9.782643100294141e-08,3.099276587315368e-08,67.15000076486385,2.081164252087516e-06,1.2349507209954685e-06,-0.019150009863472466,-0.018936720886379415,-65.09099653423989
I4,22,N1,7.562578276054652e-05,7.558382800762699e-05,6.68349641413767e-08,9.782349347708135e-08,3.0988529335704647e-08,67.15000065154938,2.080879765083124e-06,1.2349384321384354e-06,-0.019017206051110534,-0.019088263629144897,-65.09045092340705
I4,23,N1,7.558382800762699e-05,7.554187488841241e-05,6.683545242776388e-08,9.782239211498837e-08,3.098693968722449e-08,67.15000063518467,2.0807730196795535e-06,1.2349338340706419e-06,-0.01898343758524095,-0.019126878242918387,-65.09031475159006
I4,24,N1,7.554187488841241e-05,7.549992253323668e-05,6.683568143071495e-08,9.782187760320269e-08,3.098619617248773e-08,67.1500006263595,2.0807230923910494e-06,1.2349316927543824e-06,-0.018972365934915036,-0.01913954920966637,-65.09029689510167
I4,1,N2,7.545685205440724e-05,7.54254603582472e-05,7.02552179072279e-08,9.09329429934529e-08,2.0677725086225006e-08,67.15000054350268,1.3885092507784083e-06,1.2089112067551061e-06,-0.018984427069211607,-0.01915516527686817,-65.09119653220218
I4,2,N2,7.54254603582472e-05,7.539406877880937e-05,7.025526564846621e-08,9.09328755673692e-08,2.0677609918902984e-08,67.15000057484083,1.38850151794067e-06,1.2089110591187656e-06,-0.018975643550271818,-0.01916051681145962,-65.09115723191032
I4,3,N2,7.539406877880937e-05,7.536267706520458e-05,7.025522080021842e-08,9.09329618562637e-08,2.067774105604528e-08,67.15000056364632,1.388510323568373e-06,1.208911369923616e-06,-0.018975542593717726,-0.0191606115542324,-65.0911055413744
I4,4,N2,7.536267706520458e-05,7.533128495909777e-05,7.025508373383221e-08,9.093320915484785e-08,2.0678125421015647e-08,67.15000053182558,1.3885361330183567e-06,1.2089121966651004e-06,-0.01897601225028653,-0.019160107969045895,-65.09104114546686
I4,5,N2,7.533128495909777e-05,7.529989230292657e-05,7.025489251594211e-08,9.093355648989192e-08,2.0678663973949814e-08,67.1500005853655,1.3885722979553065e-06,1.2089133675437552e-06,-0.018975429819652872,-0.019160771974018526,-65.09096690161458
I4,6,N2,7.529989230292657e-05,7.526849889313217e-05,7.025462964187377e-08,9.093403157829848e-08,2.067940193642471e-08,67.15000062099308,1.388621852872685e-06,1.2089149591512917e-06,-0.018973855360540706,-0.019162543260477765,-65.09087941687905
I4,7,N2,7.526849889313217e-05,7.523710455688466e-05,7.025430625253993e-08,9.093461541828669e-08,2.0680309165746752e-08,67.15000067407367,1.3886827744199461e-06,1.2089169125311997e-06,-0.01896933648211821,-0.019167786452388133,-65.09077346836138
I4,8,N2,7.523710455688466e-05,7.52057091256438e-05,7.025392275730631e-08,9.093530435343183e-08,2.0681381596125527e-08,67.1500007049832,1.3887547887598557e-06,1.2089192033305363e-06,-0.01896226098300465,-0.019177357910315135,-65.09063127417537
I4,9,N2,7.52057091256438e-05,7.51743123096206e-05,7.02534407874288e-08,9.093617825781036e-08,2.0682737470381562e-08,67.15000068919367,1.3888458353905337e-06,1.2089221428392936e-06,-0.018967723669831613,-0.019169576907991197,-65.09041870308435
I4,10,N2,7.51743123096206e-05,7.527524207469249e-05,1.6496188338135977e-07,5.0052186075589124e-08,-1.1490969730577064e-07,60.000134416919394,-6.894597284153758e-06,1.6126055209271167e-06,-0.018989263058155365,-0.019155716206912324,-65.09016224406818
I4,11,N2,7.527524207469249e-05,7.533447146015555e-05,1.274843572716774e-07,5.6249830674852526e-08,-7.123452659682488e-08,60.00000062080271,-4.2740716400320804e-06,1.3780064095989745e-06,-0.019015528009761022,-0.01914147019525237,-65.08992509554416
I4,12,N2,7.533447146015555e-05,7.538103091437207e-05,1.1706032753168952e-07,5.8976435562539e-08,-5.8083891969150515e-08,60.00000061448062,-3.4850335538404567e-06,1.320275723206714e-06,-0.019007519818343865,-0.019142574240736454,-65.08978209587765
I4,13,N2,7.538103091437207e-05,7.542759006824543e-05,1.1706009702843872e-07,5.897651474076832e-08,-5.80835822876704e-08,60.00000060622822,-3.485014972472131e-06,1.3202745882690528e-06,-0.01900449377936597,-0.01914450820819774,-65.0897078010693
I4,14,N2,7.542759006824543e-05,7.546991963181466e-05,1.1371432619255358e-07,6.000419481918816e-08,-5.371013137336542e-08,60.00000060282068,-3.222607914779503e-06,1.302888907588063e-06,-0.0190032768469946,-0.019146586492221365,-65.08969213735915
I4,15,N2,7.546991963181466e-05,7.551647912118191e-05,1.1706035604338563e-07,5.8976427640433775e-08,-5.808392840295186e-08,60.00000060122737,-3.485035739098759e-06,1.3202758776286456e-06,-0.01900137014876059,-0.019148089008312705,-65.08973004818976
I4,16,N2,7.551647912118191e-05,7.557570860712975e-05,1.274844482551999e-07,5.624981633141562e-08,-7.123463192378427e-08,60.00000061104627,-4.274077958954712e-06,1.3780069843996165e-06,-0.019001594593039302,-0.01914846559857147,-65.08981430710828
I4,17,N2,7.557570860712975e-05,7.567663912179589e-05,1.6496258504849078e-07,5.0052099183142736e-08,-1.1491048586534805e-07,60.00000064333042,-6.894629225846294e-06,1.6126101317372514e-06,-0.0189789927336729,-0.01916754595358455,-65.08994388070575
I4,18,N2,7.567663912179589e-05,7.564524309021899e-05,7.025371922816676e-08,9.093568795690317e-08,2.0681968728736408e-08,67.15000070011526,1.3887942146144116e-06,1.2089205538880244e-06,-0.018940848455281285,-0.01920045344260033,-65.09001603316507
I4,19,N2,7.564524309021899e-05,7.561384931054118e-05,7.025446328913482e-08,9.093423204818273e-08,2.067976875904792e-08,67.15000115117144,1.3886464959760269e-06,1.2089152150298814e-06,-0.018895034791159938,-0.01926374853889189,-65.0897866971593
I4,20,N2,7.561384931054118e-05,7.558241807817632e-05,7.024046326715996e-08,9.095702240001141e-08,2.0716559132851454e-08,67.15000328250042,1.3911170137730892e-06,1.2089811425037853e-06,-0.020592826463489786,-0.01774702816503985,-65.08865823970609
I4,21,N2,7.558241807817632e-05,7.555102772594254e-05,7.02557041117029e-08,9.09321110402657e-08,2.0676406928562803e-08,67.15000095006148,1.3884207448968501e-06,1.2089086136397646e-06,-0.01884938939981662,-0.019305415519944632,-65.09025941215138
I4,22,N2,7.555102772594254e-05,7.551963576917248e-05,7.025513835769226e-08,9.093311723140035e-08,2.0677978873708087e-08,67.15000071361294,1.3885262961255714e-06,1.2089119169181947e-06,-0.01893851220630859,-0.019203093456971077,-65.09079729830414
I4,23,N2,7.551963576917248e-05,7.548824379171936e-05,7.025513002735313e-08,9.093312929255953e-08,2.0677999265206404e-08,67.15000068401996,1.3885276648027743e-06,1.208911944899345e-06,-0.018961638807616036,-0.01917658647140819,-65.0910354751974
I4,24,N2,7.548824379171936e-05,7.545685205440724e-05,7.025521403049108e-08,9.093297811539298e-08,2.0677764084901897e-08,67.15000067209077,1.3885118721984967e-06,1.2089114410941302e-06,-0.018966844847181585,-0.019170608633469657,-65.09117233460687
I4,1,N3,147.5686710156212,146.14628681816018,4.2939956197075184e-08,1.3313516464430162,1.33135160350306,67.15000053735443,89.40026089063815,9.985137670372293,-1.4267425723136369e-08,-1.493890768600244e-08,-67.01889761400217
I4,2,N3,146.14628681816018,144.38756661108275,4.2942451292187135e-08,1.6461621514461948,1.6461621085037434,67.15000056916398,110.53978652296254,12.346216457914846,-1.4267425723144475e-08,-1.5103155787223014e-08,-67.01889844640041
I4,3,N3,144.38756661108275,143.1427146165933,4.296383036778198e-08,1.1651815044825486,1.1651814615187184,67.15000055853625,78.24193579177802,8.738861605847841,-1.4267425723162935e-08,-1.485307839604292e-08,-67.01889881469694
I4,4,N3,143.1427146165933,141.83515969789832,4.2548212954573315e-08,1.2238714411748024,1.2238713986265894,67.15000052707353,82.1829650628457,9.179036127922615,-1.4267425722893823e-08,-1.4883325364652554e-08,-67.01889907711755
I4,5,N3,141.83515969789832,140.83406847410578,4.293698809376568e-08,0.9370214230867546,0.9370213801497665,67.15000057989805,62.92098622043369,7.027660995178071,-1.4267425723150687e-08,-1.4736182882575082e-08,-67.01889927775755
I4,6,N3,140.83406847410578,99.66033761928793,4.294702384755359e-08,38.53861211773522,38.5386120747882,67.15000060907131,2587.8678242947904,289.03959120511684,-1.426742572313401e-08,-1.0000674569567924e-07,-67.01889944727837
I4,7,N3,99.66033761928793,48.275562524339655,4.294814816351774e-08,48.09614952649829,48.096149483550136,67.15000065178795,3229.6564691688823,360.7211217708483,-1.4267425723138008e-08,-8.786261216169576e-07,-67.018899460282
I4,8,N3,48.275562524339655,2.635064308072909,4.29694452637806e-08,42.71950636807104,42.71950632510159,67.15000066433294,2868.6148781105467,320.39629808280364,-1.4267425723129182e-08,-1.683772190938861e-07,-67.01889944751018
I4,9,N3,2.635064308072909,3.8718639751787e-06,4.2990411140420624e-08,2.466416605955289,2.466416562964878,67.150000656776,165.61987382297477,18.498124867092752,-1.4267425723172313e-08,-1.5541447164446186e-08,-67.01889900041851
I4,10,N3,3.8718639751787e-06,3.7523302532410046e-06,8.325235289035048e-08,1.848206170915073e-07,1.0156826420115682e-07,60.00013439555384,6.094109502392529e-06,2.0105472748639336e-06,-1.4267425673195478e-08,-1.4267425587909441e-08,-66.96885884485702
I4,11,N3,3.7523302532410046e-06,3.830239157757262e-06,1.6367440606733084e-07,7.047175783074751e-08,-9.320264823658333e-08,60.00000056894557,-5.592158947222234e-06,1.7560962292355876e-06,-1.4267425454127398e-08,-1.4267425819939198e-08,-66.92052695857465
I4,12,N3,3.830239157757262e-06,19.80381705942206,21.15792017166361,4.819860433491112e-08,-21.157920123465004,60.00000056155342,-1269.4752192892026,158.6844016489666,-3.241780440779966e-08,-1.4267426071504354e-08,-66.87059512608079
I4,13,N3,19.80381705942206,65.11570619748113,48.41013802780249,5.238236573107292e-08,-48.41013797542012,60.000000556980496,-2904.60830548871,363.0760356013864,-1.1478539052870917e-06,-1.4267426074308223e-08,-66.87059507488092
I4,14,N3,65.11570619748113,111.40738003142779,49.456916548470446,5.187469513203802e-08,-49.45691649659575,60.00000055466009,-2967.415017227523,370.92687450258853,-0.14185153313111498,-1.426742628120844e-08,-66.87059507100524
I4,15,N3,111.40738003142779,147.57375159887096,38.63928592941148,5.848688925978341e-08,-38.63928587092459,60.00000055230277,-2318.35717359606,289.7946449092378,-1.0103143223765671e-07,-1.4267426078540819e-08,-66.8705950934128
I4,16,N3,147.57375159887096,147.57375165419776,1.528363269806925e-07,8.21134112000805e-08,-7.0722915780612e-08,60.00000055872763,-4.2433749863515665e-06,1.7621230363557976e-06,-1.4267425269741412e-08,-1.4267426031714366e-08,-66.92512143190535
I4,17,N3,147.57375165419776,147.57375166439303,1.1488008128247686e-07,9.110320275753069e-08,-2.3776878524946164e-08,60.00000062226734,-1.4266127262923448e-06,1.5448746303000564e-06,-1.4267425407389508e-08,-1.4267425865255573e-08,-66.97377171603873
I4,18,N3,147.57375166439303,147.5715472755176,4.8577929878239104e-08,0.0020633505463373957,0.0020633019684075174,67.15000065856728,0.13855072853738795,0.015475493432004555,-1.4267425784424493e-08,-1.4268462245426963e-08,-67.01657254483673
I4,19,N3,147.5715472755176,147.56967064433672,5.0572779170460786e-08,0.0017565710919020857,0.0017565205191229154,67.15000067980583,0.11795035405319665,0.013174662485109422,-1.4267425681131196e-08,-1.4268243683608537e-08,-67.01711084063496
I4,20,N3,147.56967064433672,147.56967065271738,6.434454268096646e-08,4.852771042766539e-08,-1.5816832253301075e-08,67.15000074307765,-1.0621002975623018e-06,8.465418983147389e-07,-1.4267425876397766e-08,-1.4267425265574246e-08,-67.01740337918127
I4,21,N3,147.56967065271738,147.56897047286765,5.043370683867535e-08,0.0006554125241018564,0.0006553620903950177,67.15000076643648,0.04400756487231885,0.004915972183565213,-1.4267425999223687e-08,-1.4267756437374623e-08,-67.01769609207474
I4,22,N3,147.56897047286765,147.56880203022754,5.1229248481663374e-08,0.0001577071928895731,0.00015765596364109144,67.15000067205166,0.010586598064452243,0.0011831881660354106,-1.4267425961188307e-08,-1.4267502663880771e-08,-67.0179461618415
I4,23,N3,147.56880203022754,147.56870942404606,5.20231096709974e-08,8.672496311139018e-05,8.667294000171918e-05,67.15000066231636,0.005820087978520349,0.0006508273966579588,-1.426742613892411e-08,-1.4267467079302563e-08,-67.01818790045682
I4,24,N3,147.56870942404606,147.5686710156212,5.3692246584355676e-08,3.599732525209533e-05,3.5943633005510975e-05,67.15000065729409,0.0024136149799455996,0.0002703826312400977,-1.4267426441059154e-08,-1.4267440019003997e-08,-67.01842542895125
I4,1,N4,7.546060615011687e-05,7.541865428456468e-05,6.683570263457794e-08,9.782143789219345e-08,3.0985735257615504e-08,67.15000053302859,2.0806921390651637e-06,1.2349285539507853e-06,-0.018999081413666324,-0.0191540696846507,-65.09021524209115
I4,2,N4,7.541865428456468e-05,7.537670254881291e-05,6.683575007912935e-08,9.782135796498265e-08,3.09856078858533e-08,67.15000056420287,2.080683587017218e-06,1.23492831033084e-06,-0.0189861971174413,-0.019161738598302575,-65.09016000353287
I4,3,N4,7.537670254881291e-05,7.533475060464911e-05,6.683568938314095e-08,9.78214998631303e-08,3.098581047998935e-08,67.15000055288583,2.0806971908629e-06,1.2349289193470343e-06,-0.018984027102995585,-0.019164072941522725,-65.09010892843855
I4,4,N4,7.533475060464911e-05,7.529279811127264e-05,6.683552454604857e-08,9.782186951306913e-08,3.098634496702055e-08,67.15000052097159,2.0807330806784352e-06,1.2349304554433829e-06,-0.01898332576215562,-0.01916510914994016,-65.09005348357364
I4,5,N4,7.529279811127264e-05,7.525084482579697e-05,6.683528818751278e-08,9.782240384516326e-08,3.098711565765048e-08,67.15000057450247,2.0807848342134043e-06,1.2349326902450702e-06,-0.018982152047608523,-0.019166210169042217,-65.08999140535154
I4,6,N4,7.525084482579697e-05,7.520889045657789e-05,6.683496367515326e-08,9.782313392499673e-08,3.0988170249843466e-08,67.1500006076697,2.080855651107561e-06,1.2349357320011247e-06,-0.018980875999433378,-0.01916760000685717,-65.08991743091067
I4,7,N4,7.520889045657789e-05,7.51669347444366e-05,6.683456176377637e-08,9.78240387872363e-08,3.0989477023459924e-08,67.15000065508401,2.080943402426045e-06,1.234939504132595e-06,-0.01897722125819439,-0.019171346227973656,-65.08982758825883
I4,8,N4,7.51669347444366e-05,7.512497743444784e-05,6.683408277600579e-08,9.782511473321219e-08,3.09910319572064e-08,67.15000066979036,2.081047816683904e-06,1.234943981319135e-06,-0.018971559726522567,-0.01917819129567119,-65.08970848982415
I4,9,N4,7.512497743444784e-05,7.508301815111695e-05,6.683349155530472e-08,9.782644381535236e-08,3.099295226004764e-08,67.15000065725249,2.081176764632394e-06,1.2349495152799283e-06,-0.018979718889819436,-0.01916881778780688,-65.08953384985814
I4,10,N4,7.508301815111695e-05,7.516692368938382e-05,1.4948256836148482e-07,5.242549639343657e-08,-9.705707196804825e-08,60.00013439340433,-5.823437361913211e-06,1.5143104856619106e-06,-0.019002780038056392,-0.01915434752680765,-65.08933854098467
I4,11,N4,7.516692368938382e-05,7.525082724646112e-05,1.4948081191155514e-07,5.2425811968105234e-08,-9.70549999434499e-08,60.00000059693709,-5.823300054542724e-06,1.5142996790974529e-06,-0.019003643193319816,-0.01915302825767359,-65.089193746193
I4,12,N4,7.525082724646112e-05,7.533472919891321e-05,1.494793825874098e-07,5.242606167214393e-08,-9.705332091526587e-08,60.000000592343,-5.823199312404808e-06,1.514290831946653e-06,-0.019004949162656465,-0.019151884886448114,-65.0891015015406
I4,13,N4,7.533472919891321e-05,7.541863032623881e-05,1.4947864760646577e-07,5.242619007667856e-08,-9.705245752978722e-08,60.00000058824572,-5.823147508877925e-06,1.5142862826235825e-06,-0.019006662782785847,-0.01915004106132374,-65.08906624639069
I4,14,N4,7.541863032623881e-05,7.55025314165703e-05,1.4947861465899593e-07,5.2426195838003756e-08,-9.705241882099219e-08,60.00000058597943,-5.823145186130252e-06,1.5142860787274977e-06,-0.019008426888053605,-0.01914803113193154,-65.08909457913835
I4,15,N4,7.55025314165703e-05,7.55864332434271e-05,1.4947927054417712e-07,5.242608106870698e-08,-9.705318947547014e-08,60.00000058459936,-5.823191425265441e-06,1.5142901370966307e-06,-0.01901054942973109,-0.019145610468427693,-65.08919384033719
I4,16,N4,7.55864332434271e-05,7.567033654475514e-05,1.4948058362726669e-07,5.2425851350475543e-08,-9.705473227679115e-08,60.000000589404245,-5.82328399381194e-06,1.5142982623330666e-06,-0.01901360848985857,-0.01914209302570405,-65.08937459281078
I4,17,N4,7.567033654475514e-05,7.575424189815788e-05,1.4948241112506364e-07,5.242553167204779e-08,-9.705687945301586e-08,60.00000062398925,-5.823412827743401e-06,1.5143095709783358e-06,-0.0190208287510862,-0.01913376225400526,-65.08965890158055
I4,18,N4,7.575424189815788e-05,7.57122815033687e-05,6.683316289895114e-08,9.78271962058097e-08,3.099403330685856e-08,67.15000064161208,2.081249356441699e-06,1.2349526932857064e-06,-0.019025911996095556,-0.019116108626253448,-65.09011836914944
I4,19,N4,7.57122815033687e-05,7.56703195296622e-05,6.683267138844448e-08,9.782824346201576e-08,3.099557207357129e-08,67.15000006565354,2.081352666775281e-06,1.2349568613784517e-06,-0.01910464221520947,-0.019033669001972037,-65.09096393314883
I4,20,N4,7.56703195296622e-05,7.562842496612067e-05,6.68541365474732e-08,9.778395308756891e-08,3.0929816540095716e-08,67.1499970429783,2.0769370892072886e-06,1.2347856722628158e-06,-0.01662681516581715,-0.02142034167404312,-65.09309882683588
I4,21,N4,7.562842496612067e-05,7.558646598855909e-05,6.683359029244637e-08,9.782624411848633e-08,3.099265382603997e-08,67.15000079111537,2.081156728937349e-06,1.2349487580819954e-06,-0.019167400733922226,-0.01895465098235042,-65.09099824721999
I4,22,N4,7.558646598855909e-05,7.554451136551893e-05,6.683488939401333e-08,9.782330642412528e-08,3.0988417030111945e-08,67.15000067956068,2.0808722246305266e-06,1.2349364686360395e-06,-0.01903461546482738,-0.01910616139722346,-65.09045457365987
I4,23,N4,7.554451136551893e-05,7.550255837582024e-05,6.683537756259451e-08,9.782220529904524e-08,3.0986827736450724e-08,67.15000066519171,2.080765503114847e-06,1.2349318714622982e-06,-0.019000923996607685,-0.01914469709916349,-65.09031948920001
I4,24,N4,7.550255837582024e-05,7.546060615011687e-05,6.683560656144996e-08,9.782169082441407e-08,3.0986084262964115e-08,67.15000065746833,2.080715578630409e-06,1.2349297303939803e-06,-0.018989857496847437,-0.01915735200452843,-65.09030199992812
I4,1,N5,8.176188613227047e-05,8.172389134416851e-05,6.807910430647946e-08,9.520695262993169e-08,2.712784832345223e-08,67.15000054436523,1.8216350296872747e-06,1.2246454270230836e-06,-0.013742617255559964,-0.013868538762282823,-65.09218898361412
I4,2,N5,8.172389134416851e-05,8.168589657350516e-05,6.807911342476128e-08,9.520694429586719e-08,2.712783087110591e-08,67.15000057528748,1.8216338586010633e-06,1.2246454329047135e-06,-0.013743308185139917,-0.013866296199859194,-65.09193003199952
I4,3,N5,8.168589657350516e-05,8.164790166359021e-05,6.807907103247146e-08,9.520703749565204e-08,2.7127966463180577e-08,67.15000056380549,1.8216429632974722e-06,1.2246458139609262e-06,-0.013743377849042206,-0.013866153381537117,-65.09168401331414
I4,4,N5,8.164790166359021e-05,8.160990636125344e-05,6.807894642964985e-08,9.520729563845405e-08,2.7128349208804195e-08,67.15000053183516,1.8216686637990117e-06,1.224646815510779e-06,-0.013742992187032486,-0.013866544252483876,-65.09141622378684
I4,5,N5,8.160990636125344e-05,8.157191046001338e-05,6.807875707658539e-08,9.520769032046008e-08,2.7128933243874695e-08,67.15000058565799,1.8217078832144624e-06,1.2246483554778412e-06,-0.013743510631223097,-0.0138659048255696,-65.09108766256524
I4,6,N5,8.157191046001338e-05,8.153391372306728e-05,6.807849194449404e-08,9.52082402601384e-08,2.7129748315644357e-08,67.15000062169881,1.8217626162620508e-06,1.2246504915347433e-06,-0.013744096357137877,-0.013865169875810584,-65.09070537220975
I4,7,N5,8.153391372306728e-05,8.149591593010691e-05,6.80781567725899e-08,9.520893504675405e-08,2.7130778274164152e-08,67.15000067630051,1.821831779458682e-06,1.2246531886450797e-06,-0.013744540406696053,-0.013864621942788183,-65.09028648878436
I4,8,N5,8.149591593010691e-05,8.145791685670413e-05,6.807775006999931e-08,9.520977723031944e-08,2.7132027160320136e-08,67.1500007104516,1.821915643091489e-06,1.2246564547523907e-06,-0.013745248367135808,-0.013864161640933573,-65.08986485422483
I4,9,N5,8.145791685670413e-05,8.141991638591167e-05,6.807730678943007e-08,9.521069683072981e-08,2.7133390041299746e-08,67.15000069597674,1.8220071601574863e-06,1.224660027151199e-06,-0.013744837798763329,-0.013864160271194217,-65.08954440823459
I4,10,N5,8.141991638591167e-05,8.150987501312388e-05,1.549383722118612e-07,5.153961307069326e-08,-1.0339875914116795e-07,60.0001344223477,-6.20393944757403e-06,1.5485848896191584e-06,-0.013752387592039374,-0.013861001931241073,-65.0892485866349
I4,11,N5,8.150987501312388e-05,8.158499012789433e-05,1.414865700638912e-07,5.364807066154869e-08,-8.783849940234251e-08,60.00000061429441,-5.270310018099249e-06,1.463509805440799e-06,-0.013752601092132203,-0.01386237251428648,-65.08895832591273
I4,12,N5,8.158499012789433e-05,8.165490551585604e-05,1.3689747111501985e-07,5.449452372181988e-08,-8.240294739319997e-08,60.000000607993734,-4.944176893692474e-06,1.435439961276298e-06,-0.013753341472105128,-0.013861000099947845,-65.08859784438701
I4,13,N5,8.165490551585604e-05,8.172482034386289e-05,1.3689699296389627e-07,5.4494628933288383e-08,-8.240236403060788e-08,60.00000060170475,-4.944141891418366e-06,1.435437164228885e-06,-0.013754540845785156,-0.013859832983025983,-65.08824989195631
I4,14,N5,8.172482034386289e-05,8.179293710637035e-05,1.3532681494594217e-07,5.4801991559905206e-08,-8.052482338603697e-08,60.000000598691784,-4.831489451371768e-06,1.4259660487938552e-06,-0.013756337154416827,-0.013858027189143605,-65.0879568050559
I4,15,N5,8.179293710637035e-05,8.186285221096756e-05,1.3689722921777092e-07,5.449457702577234e-08,-8.240265219199858e-08,60.000000597267054,-4.944159180736304e-06,1.4354385468265745e-06,-0.013759341919875802,-0.013854777561441187,-65.08777947150371
I4,16,N5,8.186285221096756e-05,8.193796685565835e-05,1.4148616244987024e-07,5.3648153547105024e-08,-8.783800890276523e-08,60.0000006044909,-5.27028058726319e-06,1.4635073699773144e-06,-0.01376210411619571,-0.013851853766145575,-65.08782104573422
I4,17,N5,8.193796685565835e-05,8.202792539838129e-05,1.5493830299800844e-07,5.1539631514659245e-08,-1.033986714833492e-07,60.000000647034796,-6.20392035590349e-06,1.5485845088450075e-06,-0.013762854300269075,-0.013850808316726573,-65.08815169922357
I4,18,N5,8.202792539838129e-05,8.198992604910803e-05,6.807766736808302e-08,9.520996299027326e-08,2.713229562219024e-08,67.15000071704264,1.8219336704850878e-06,1.224657227687672e-06,-0.013712246470049932,-0.013900992089851873,-65.08912709730129
I4,19,N5,8.198992604910803e-05,8.195193345511132e-05,6.807976366965873e-08,9.520547661286057e-08,2.712571294320184e-08,67.15000154083931,1.8214916659323685e-06,1.2246393021188946e-06,-0.013518332952091353,-0.014137875964180062,-65.09072083159559
I4,20,N5,8.195193345511132e-05,8.191385993398937e-05,6.80522681092493e-08,9.525713565158404e-08,2.720486754233474e-08,67.15000557030203,1.8268070070071065e-06,1.22482052820625e-06,-0.016456433211561344,-0.011635675797636684,-65.08834583238124
I4,21,N5,8.191385993398937e-05,8.187586985552265e-05,6.808061150936655e-08,9.520386486577065e-08,2.7123253356404096e-08,67.15000094746728,1.8213264885809301e-06,1.2246335728135289e-06,-0.013519433956425376,-0.01412538338884951,-65.09135624120995
I4,22,N5,8.187586985552265e-05,8.183787579865876e-05,6.807934402658132e-08,9.52064782089222e-08,2.7127134182340874e-08,67.1500007161243,1.8215870797705896e-06,1.2246436667662765e-06,-0.013671319663963765,-0.013949237089637868,-65.09234814063963
I4,23,N5,8.183787579865876e-05,8.179988099989407e-05,6.807910754261881e-08,9.520696544540194e-08,2.7127857902783134e-08,67.15000068547745,1.8216356767674223e-06,1.2246455474101556e-06,-0.013716445617298876,-0.013897285411222227,-65.09259361961415
I4,24,N5,8.179988099989407e-05,8.176188613227047e-05,6.807908585819645e-08,9.520701089971269e-08,2.7127925041516244e-08,67.1500006729476,1.8216401847934877e-06,1.2246457256843186e-06,-0.013733472389343544,-0.013877712522131071,-65.09250548073294
I4,1,N6,7.540224064755094e-05,7.535548427415803e-05,6.544536523285764e-08,1.0110038819480533e-07,3.565502296194768e-08,67.15000053649442,2.3942348110235078e-06,1.2490931507074724e-06,-0.019025292871493186,-0.01918544934538881,-65.09033189766221
I4,2,N6,7.535548427415803e-05,7.530872801743204e-05,6.544540599420525e-08,1.0110031470542881e-07,3.565490871122356e-08,67.1500005680538,2.394227140212568e-06,1.2490929052472555e-06,-0.019013291287588326,-0.01919217580698837,-65.09028156080576
I4,3,N6,7.530872801743204e-05,7.526197149946937e-05,6.544533462318985e-08,1.0110049669509593e-07,3.5655162071906085e-08,67.15000055711782,2.3942441529926197e-06,1.2490937348871435e-06,-0.019011925940464615,-0.019193591705255506,-65.09022885147496
I4,4,N6,7.526197149946937e-05,7.521521434006556e-05,6.544515519475058e-08,1.0110093988747549e-07,3.5655784692724914e-08,67.15000052544337,2.394285960851574e-06,1.2490957131166956e-06,-0.01901203398037146,-0.019193701285327193,-65.09016856938548
I4,5,N6,7.521521434006556e-05,7.516845625570688e-05,6.544489783442748e-08,1.0110158017287428e-07,3.5656682338446795e-08,67.15000057860576,2.394346239657864e-06,1.249098585054763e-06,-0.019011636425460103,-0.019193915340473072,-65.09010167890764
I4,6,N6,7.516845625570688e-05,7.512169691260819e-05,6.544454649538359e-08,1.0110245054678675e-07,3.565790405140316e-08,67.15000060998544,2.394428278802524e-06,1.2491024778162774e-06,-0.019011060611848655,-0.019194504237289155,-65.09002602897006
I4,7,N6,7.512169691260819e-05,7.507493601083228e-05,6.544411165346122e-08,1.0110352850539884e-07,3.565941685193763e-08,67.15000065548864,2.3945298649819543e-06,1.2491073011914504e-06,-0.019007973847873994,-0.019197596139651735,-65.08994047760719
I4,8,N6,7.507493601083228e-05,7.502817325499088e-05,6.544359365073266e-08,1.0110481009058581e-07,3.566121643985315e-08,67.15000066937948,2.3946507078070256e-06,1.2491130280598885e-06,-0.019002708331180975,-0.019203957176884234,-65.0898341848541
I4,9,N6,7.502817325499088e-05,7.498140822718846e-05,6.544295917442581e-08,1.0110638078394206e-07,3.566342160951625e-08,67.15000065655319,2.3947987844939496e-06,1.249120049687759e-06,-0.019011079828516405,-0.01919437853848647,-65.08968303782659
I4,10,N6,7.498140822718846e-05,7.505865252281887e-05,1.4360481854341835e-07,5.3510946396546314e-08,-9.009387214687204e-08,60.00013439204558,-5.405644436712095e-06,1.478368237049735e-06,-0.019033866813894875,-0.01918070020091672,-65.08952199006997
I4,11,N6,7.505865252281887e-05,7.51524479945282e-05,1.587015705871089e-07,5.1245249665156335e-08,-1.0745632092195258e-07,60.0000005805829,-6.447379317704457e-06,1.5746011518919894e-06,-0.019027968741566807,-0.01918611526024402,-65.08942096723936
I4,12,N6,7.51524479945282e-05,7.525330102235503e-05,1.652995600760888e-07,5.041984933851488e-08,-1.1487971073757394e-07,60.000000571743044,-6.892782709936111e-06,1.6178955706095275e-06,-0.019027084920587328,-0.0191866153007468,-65.08935829352085
I4,13,N6,7.525330102235503e-05,7.53541528978129e-05,1.6529849390891772e-07,5.041999389105447e-08,-1.1487850001786326e-07,60.00000056411275,-6.892710065876222e-06,1.6178886584997913e-06,-0.019028193602739073,-0.019185361071574786,-65.08933291608196
I4,14,N6,7.53541528978129e-05,7.545763590199791e-05,1.6777946273302807e-07,5.013082426538185e-08,-1.1764863846764622e-07,60.00000056106272,-7.058918374067039e-06,1.6343271524880743e-06,-0.019029253573271676,-0.019184078166436493,-65.08935004825098
I4,15,N6,7.545763590199791e-05,7.555848879790855e-05,1.6529943791597264e-07,5.0419865788066184e-08,-1.1487957212790646e-07,60.000000559700716,-6.892774391972567e-06,1.6178947777802912e-06,-0.019030862073532304,-0.01918240603265913,-65.08941382253565
I4,16,N6,7.555848879790855e-05,7.56522840578668e-05,1.5870137751988958e-07,5.124527871873759e-08,-1.07456098801152e-07,60.000000570512775,-6.447365989374197e-06,1.5745999217897038e-06,-0.019032597952827704,-0.01918074770215594,-65.08953147448887
I4,17,N6,7.56522840578668e-05,7.572952833786912e-05,1.436048125196724e-07,5.351095574706468e-08,-9.009385677260772e-08,60.00000062093061,-5.405631462298496e-06,1.478368262000528e-06,-0.019043679269232904,-0.019169481949201074,-65.08971361374607
I4,18,N6,7.572952833786912e-05,7.568276256019985e-05,6.544275368297279e-08,1.0110690262907682e-07,3.566414894610403e-08,67.15000064726482,2.3948476248150345e-06,1.2491224223403722e-06,-0.019040177536992435,-0.01916123351281717,-65.09002888280486
I4,19,N6,7.568276256019985e-05,7.563599639669102e-05,6.54426320526671e-08,1.0110715721508732e-07,3.566452516242023e-08,67.15000028343842,2.394872874765215e-06,1.2491234195081581e-06,-0.01909205157892765,-0.01910237491095806,-65.09059298909838
I4,20,N6,7.563599639669102e-05,7.558927649444604e-05,6.545640879667132e-08,1.0107592642243057e-07,3.5619517625759254e-08,67.14999834582143,2.3918505496486913e-06,1.2489925141432642e-06,-0.017470743022001668,-0.02063376725613252,-65.09200883489423
I4,21,N6,7.558927649444604e-05,7.5542514055724e-05,6.54436889354973e-08,1.0110459674546767e-07,3.566090780997037e-08,67.15000078611797,2.3946299874731907e-06,1.2491121426072373e-06,-0.019131474031556232,-0.01905689805038672,-65.0906999219393
I4,22,N6,7.5542514055724e-05,7.549575501019482e-05,6.544463119371208e-08,1.0110224622559686e-07,3.5657615031884776e-08,67.15000067941862,2.3944088736175105e-06,1.249101580644817e-06,-0.019044409009823442,-0.019156380190401334,-65.09039846939025
I4,23,N6,7.549575501019482e-05,7.544899744089611e-05,6.544504235731506e-08,1.0110122469267409e-07,3.565618233535903e-08,67.15000066629192,2.394312667576785e-06,1.2490970028749187e-06,-0.019022153627144246,-0.01918184574650289,-65.09035559475032
I4,24,N6,7.544899744089611e-05,7.540224064755094e-05,6.544525916494895e-08,1.011006883444478e-07,3.5655429179498846e-08,67.15000065947105,2.394262092917071e-06,1.2490946063204757e-06,-0.01901408998794326,-0.019191065160374478,-65.09038167506637
I4,1,N7,7.545605507736979e-05,7.54246633831531e-05,7.025521622677344e-08,9.093293970224304e-08,2.0677723475469606e-08,67.15000054350268,1.3885091426161822e-06,1.2089111694676235e-06,-0.018984781343811704,-0.019155533502939994,-65.09119676347034
I4,2,N7,7.54246633831531e-05,7.539327180563162e-05,7.025526395743876e-08,9.093287229214776e-08,2.0677608334709002e-08,67.15000057484083,1.388501411562043e-06,1.208911021871899e-06,-0.018976002310285622,-0.01916088113852793,-65.09115742012887
I4,3,N7,7.539327180563162e-05,7.536188009392806e-05,7.025521910390888e-08,9.093295859059746e-08,2.0677739486688576e-08,67.15000056364632,1.3885102181860696e-06,1.2089113327087974e-06,-0.018975902825446055,-0.019160974185384216,-65.09110568242775
I4,4,N7,7.536188009392806e-05,7.533048798970505e-05,7.025508203137787e-08,9.093320590010205e-08,2.0678123868724182e-08,67.15000053182558,1.3885360287819842e-06,1.2089121594860994e-06,-0.018976373925067576,-0.019160469012597322,-65.0910412409404
I4,5,N7,7.533048798970505e-05,7.529909533540325e-05,7.025489080846244e-08,9.093355324421628e-08,2.0678662435753837e-08,67.1500005853655,1.3885721946654459e-06,1.2089133303950903e-06,-0.018975791683095263,-0.019161132792419232,-65.09096695736609
I4,6,N7,7.529909533540325e-05,7.526770192746398e-05,7.02546279294226e-08,9.093402834162183e-08,2.067940041219923e-08,67.15000062099308,1.3886217505209429e-06,1.2089149220328332e-06,-0.018974216711194238,-0.019162904643477544,-65.09087944080409
I4,7,N7,7.526770192746398e-05,7.523630759305684e-05,7.02543045349818e-08,9.093461219095628e-08,2.0680307655974488e-08,67.15000067407367,1.3886826730387376e-06,1.2089168754445355e-06,-0.018969696415636422,-0.01916814939042991,-65.09077346815468
I4,8,N7,7.523630759305684e-05,7.520491216362634e-05,7.02539210298528e-08,9.093530114553606e-08,2.068138011568326e-08,67.1500007049832,1.3887546893481564e-06,1.2089191663154165e-06,-0.018962620881046676,-0.019177720258028323,-65.09063125795225
I4,9,N7,7.520491216362634e-05,7.517351534940018e-05,7.025343905462422e-08,9.093617505768275e-08,2.0682736003058526e-08,67.15000068919367,1.3888457368597908e-06,1.2089221058423023e-06,-0.018968082224112844,-0.01916994152847257,-65.09041868997683
I4,10,N7,7.517351534940018e-05,7.527444510788829e-05,1.649618750638687e-07,5.005218495106986e-08,-1.1490969011279885e-07,60.000134416919394,-6.894596852574485e-06,1.6126054501120393e-06,-0.018989622683203,-0.01915608016413755,-65.09016223863557
I4,11,N7,7.527444510788829e-05,7.533367449003334e-05,1.2748435216309033e-07,5.624982930491309e-08,-7.123452285817723e-08,60.00000062080271,-4.274071415713218e-06,1.3780063610100258e-06,-0.01901588263749237,-0.019141835943623946,-65.08992510483304
I4,12,N7,7.533367449003334e-05,7.538023394173438e-05,1.1706032315205207e-07,5.8976434080062485e-08,-5.808388907198959e-08,60.00000061448062,-3.4850333800107993e-06,1.3202756792408592e-06,-0.019007876019443867,-0.019142941076315426,-65.08978209268501
I4,13,N7,7.538023394173438e-05,7.542679309307984e-05,1.1706009263889356e-07,5.897651326121304e-08,-5.808357937768052e-08,60.00000060622822,-3.485014797872736e-06,1.3202745442507995e-06,-0.019004850573652383,-0.01914487474403705,-65.08970776646044
I4,14,N7,7.542679309307984e-05,7.546912265437637e-05,1.1371432202709273e-07,6.000419329709741e-08,-5.371012872999532e-08,60.00000060282068,-3.222607756177295e-06,1.3028888649314261e-06,-0.01900363421477572,-0.019146952190890278,-65.08969205715424
I4,15,N7,7.546912265437637e-05,7.55156821412011e-05,1.1706035164268378e-07,5.8976426164804377e-08,-5.8083925477879404e-08,60.00000060122737,-3.48503556359441e-06,1.3202758335561612e-06,-0.019001729166719532,-0.01914845293716872,-65.08972991222396
I4,16,N7,7.55156821412011e-05,7.557491162376787e-05,1.2748444309231709e-07,5.6249814972921615e-08,-7.123462811939548e-08,60.00000061104627,-4.274077730691382e-06,1.3780069354892903e-06,-0.019001956159355116,-0.01914882629601147,-65.08981411311525
I4,17,N7,7.557491162376787e-05,7.567584213173809e-05,1.649625766269336e-07,5.005209807241654e-08,-1.1491047855451706e-07,60.00000064333042,-6.894628787196429e-06,1.612610060245126e-06,-0.0189793601258403,-0.019167901466718498,-65.08994363475688
I4,18,N7,7.567584213173809e-05,7.564444610184239e-05,7.025371745496716e-08,9.093568482979758e-08,2.068196737483042e-08,67.15000070011526,1.3887941236996237e-06,1.2089205171357355e-06,-0.018941222106447313,-0.019200800767779032,-65.09001577539945
I4,19,N7,7.564444610184239e-05,7.56130523237968e-05,7.02544615007246e-08,9.093422895363347e-08,2.067976745290886e-08,67.15000115117144,1.3886464082687876e-06,1.2089151784076856e-06,-0.01889542012981657,-0.019264080545517478,-65.0897864866552
I4,20,N7,7.56130523237968e-05,7.558162109332642e-05,7.024046157339028e-08,9.095701914286931e-08,2.0716557569479038e-08,67.15000328250042,1.3911169087926264e-06,1.208981105371947e-06,-0.020593195722314626,-0.01774737487583,-65.08865813840622
I4,21,N7,7.558162109332642e-05,7.555023074299208e-05,7.025570241457069e-08,9.093210777554957e-08,2.0676405360978886e-08,67.15000095006148,1.3884206396335884e-06,1.208908576425902e-06,-0.0188497399845186,-0.019305789312054462,-65.09025947857688
I4,22,N7,7.555023074299208e-05,7.55188387881712e-05,7.025513667786899e-08,9.093311393528316e-08,2.0677977257414177e-08,67.15000071361294,1.3885261875914341e-06,1.2089118795986411e-06,-0.018938859749640075,-0.01920347081873412,-65.09079747909055
I4,23,N7,7.55188387881712e-05,7.548744681269974e-05,7.025512835898833e-08,9.093312597607111e-08,2.0677997617082783e-08,67.15000068401996,1.3885275541312718e-06,1.2089119075129459e-06,-0.018961984485097578,-0.019176965856241575,-65.09103572587394
I4,24,N7,7.548744681269974e-05,7.545605507736979e-05,7.025521236257146e-08,9.093297479882937e-08,2.0677762436257906e-08,67.15000067209077,1.3885117614920517e-06,1.2089114037105062e-06,-0.018967191547405216,-0.01917098657188685,-65.09117260495044
I4,1,N8,248.87673293954202,203.25642228008107,4.848063014696097e-08,42.70061081972913,42.7006107712485,67.1500005392971,2867.3460363176523,320.2545815115732,-8.759249210445972e-09,-4.642950049187437e-08,-62.98615023517553
I4,2,N8,203.25642228008107,147.66446511402594,4.8540043048444845e-08,52.03407194995334,52.0340719014133,67.15000057181993,3494.0879579340226,390.25553998870043,-8.759249210469444e-09,-9.057304145233098e-08,-62.986150242455835
I4,3,N8,147.66446511402594,109.95541679829743,4.855990773262601e-08,35.29566926606502,35.295669217505115,67.15000056134818,2370.104207768628,264.71751985968694,-8.759249210480083e-09,-3.1854261191224996e-08,-62.98615024251442
I4,4,N8,109.95541679829743,80.47035337614214,4.855765789626864e-08,27.598019405678517,27.598019357120858,67.15000052988691,1853.2070144544948,206.98514590677132,-8.759249210478627e-09,-2.2995142686455837e-08,-62.986150238111655
I4,5,N8,80.47035337614214,37.55688456950557,4.850505222609554e-08,40.16700684550692,40.16700679700187,67.15000058278977,2697.2145298275964,301.2525517050898,-8.759249210458027e-09,-4.0421488380075534e-08,-62.986150228812484
I4,6,N8,37.55688456950557,31.329426915404675,4.855856524311342e-08,5.828900406780404,5.828900358221839,67.15000061716766,391.41066265200527,43.71675341504227,-8.759249210482053e-09,-1.0640106688234996e-08,-62.98615020153677
I4,7,N8,31.329426915404675,5.43773166829685,4.850413666141686e-08,24.234626793787204,24.234626745283066,67.15000066555548,1627.3552020752466,181.75970131718506,-8.759249210457523e-09,-2.0201915711500857e-08,-62.98615016779958
I4,8,N8,5.43773166829685,2.676662228074544,4.884366510494275e-08,2.5843610388398184,2.5843609899961533,67.15000068907833,173.53984225906885,19.382708157626126,-8.75924921058658e-09,-9.549084712616024e-09,-62.98614995128512
I4,9,N8,2.676662228074544,2.413013416764303e-06,4.851359512385759e-08,2.505353629399782,2.505353580886187,67.15000066607799,168.23449462526833,18.790152584350327,-8.759249210455274e-09,-9.523953395578604e-09,-62.986149507104656
I4,10,N8,2.413013416764303e-06,2.5631314896013814e-06,2.377226338002669e-07,6.775733240637299e-08,-1.699653013938939e-07,60.00013439779223,-1.0197940926594898e-05,2.291099746549799e-06,-8.759249244173467e-09,-8.75924908738701e-09,-62.902617171535816
I4,11,N8,2.5631314896013814e-06,18.714371088433563,19.993983516003436,4.275380617520896e-08,-19.993983473249628,60.00000056158572,-1199.6390196233133,149.95487669067933,-1.728919613422379e-08,-8.75924916670895e-09,-62.82046505113209
I4,12,N8,18.714371088433563,78.59555548099225,63.97562439707833,4.0347810001911446e-08,-63.97562435673052,60.000000552067874,-3838.537496722718,479.817183280696,-1.102657439031375,-8.759249198877297e-09,-62.82046499136813
I4,13,N8,78.59555548099225,138.47673962507318,63.975624135433556,4.3697027346334616e-08,-63.97562409173653,60.00000054762305,-3838.5374805387182,479.8171813434794,-0.4118798762225698,-8.759249209111534e-09,-62.82046498166447
I4,14,N8,138.47673962507318,198.35792413790736,63.975624528907026,4.326454150900516e-08,-63.975624485642484,60.000000544703965,-3838.537503986325,479.81718429128676,-0.22743455523572884,-8.759249201159754e-09,-62.82046498070122
I4,15,N8,198.35792413790736,258.2391082053942,63.97562405629657,4.60575055246203e-08,-63.97562401023906,60.00000054492376,-3838.537475476181,479.81718076765554,-0.28235057390634255,-8.759249206151068e-09,-62.82046498716241
I4,16,N8,258.2391082053942,294.2720391754316,38.496721172399916,4.429992372685544e-08,-38.49672112809999,60.000000551242195,-2309.8032889070164,288.7254091252488,-3.71146869895263e-08,-8.759249167305636e-09,-62.82046501581694
I4,17,N8,294.2720391754316,294.2720394609598,3.6796587255179955e-07,5.511901312526266e-08,-3.128468594265369e-07,60.000000623119064,-1.8770811760533055e-05,3.1731366425779665e-06,-8.759249272646308e-09,-8.75924941059406e-09,-62.90073430086548
I4,18,N8,294.2720394609598,294.27164274299844,7.318072027498159e-08,0.00037139212516125735,0.0003713189444409824,67.15000067611612,0.024934067370266693,0.0027859897941114923,-8.759249283926353e-09,-8.759401177273604e-09,-62.98374764991028
I4,19,N8,294.27164274299844,289.7825341023575,5.5725322749394395e-08,4.2018057364606864,4.201805680735363,67.15000094890787,282.15125544850616,31.513543441395072,-8.759249213408527e-09,-1.0078363536420735e-08,-62.98614984237215
I4,20,N8,289.7825341023575,248.87699559728392,4.3425803621725334e-08,38.287584078794026,38.28758403536822,67.15000223608381,2571.011353589223,287.15688091664873,-8.759249273809032e-09,-3.672884013138505e-08,-62.98615010550538
I4,21,N8,248.87699559728392,248.87673287379954,8.562670129800176e-08,0.00024598419858294087,0.0002458985718816429,67.15000093693381,0.016512089332243005,0.0018455236896317915,-8.759250179914775e-09,-8.759337995298335e-09,-62.9861501271172
I4,22,N8,248.87673287379954,248.87673288118813,1.3086127369534711e-07,1.0773133598531765e-07,-2.3129937710029463e-08,67.1500007039349,-1.5531753335104487e-06,1.7894445726049857e-06,-8.759249323072813e-09,-8.759248916677277e-09,-62.98615014872886
I4,23,N8,248.87673288118813,248.87673290472685,1.4205459310120388e-07,1.0242120770287122e-07,-3.9633385398332664e-08,67.1500006780213,-2.661381856370318e-06,1.833568506030563e-06,-8.759249331111442e-09,-8.759248915119107e-09,-62.98615017034052
I4,24,N8,248.87673290472685,248.87673293954202,1.5151735146540873e-07,1.0015673750141182e-07,-5.136061396399691e-08,67.15000066786236,-3.4488652619842135e-06,1.8875556672511541e-06,-8.759249338481654e-09,-8.759248914454003e-09,-62.98615019195219
I4,1,N9,103.19428966975181,102.08516746216866,5.0931884162212135e-08,1.0381384309190549,1.0381383799871706,67.15000053751203,69.71099277415037,7.786038613882043,-1.6094874467772737e-08,-1.6697587906178617e-08,-62.86108992935732
I4,2,N9,102.08516746216866,100.42706044728712,5.105603947794453e-08,1.5519882106591112,1.5519881596030718,67.15000056937187,104.21600580100467,11.639911962863629,-1.6094874467876783e-08,-1.7006361202274055e-08,-62.861090995791535
I4,3,N9,100.42706044728712,100.24913012500116,6.176861880366398e-08,0.16654283577490273,0.16654277400628392,67.15000055871937,11.183347367572638,1.2490717315764115,-1.6094874476589483e-08,-1.6189725789165132e-08,-62.86109141687291
I4,4,N9,100.24913012500116,100.2461543754389,6.323975396499325e-08,0.002785356994365409,0.002785293754611444,67.15000052721932,0.18703247709061913,0.020890651755895308,-1.609487449622984e-08,-1.6096454516507383e-08,-62.86109181180745
I4,5,N9,100.2461543754389,100.15347490907985,6.140679808201922e-08,0.0867480343103184,0.08674797290352032,67.15000058011995,5.82512643079562,0.6506107178783735,-1.6094874476316113e-08,-1.6144189013760526e-08,-62.86109220633395
I4,6,N9,100.15347490907985,52.87521335020471,5.102999431289347e-08,44.2524528638143,44.252452812784306,67.15000060990491,2971.5522333682543,331.8933968613322,-1.6094874467862793e-08,-6.83112226276616e-07,-62.86109258847777
I4,7,N9,52.87521335020471,5.028967786069213,5.106030029998014e-08,44.78408589276455,44.784085841704254,67.15000065376194,3007.2513935485713,335.8806445786864,-1.6094874467868805e-08,-9.902796468690661e-07,-62.86109258962882
I4,8,N9,5.028967786069213,1.8177668946717835,5.100805196815979e-08,3.0056840790359436,3.0056840280278916,67.15000066854556,201.83168449150963,22.542630975329967,-1.609487446783988e-08,-1.791983460169253e-08,-62.861092363248
I4,9,N9,1.8177668946717835,3.5270002550656383e-06,5.101626323762988e-08,1.701426556835695,1.7014265058194318,67.15000065853583,114.25079098622516,12.760699558889687,-1.609487446784523e-08,-1.7097503480101427e-08,-62.861091714976595
I4,10,N9,3.5270002550656383e-06,3.66622755331292e-06,2.2802887416951546e-07,6.945843338496039e-08,-1.585704407845551e-07,60.00013439555384,-9.514247758235517e-06,2.2311548066585686e-06,-1.6094874491145628e-08,-1.609487429773258e-08,-62.8184584580745
I4,11,N9,3.66622755331292e-06,4.769632485776004e-06,1.2245799777738476e-06,4.006260342231018e-08,-1.1845173743515375e-06,60.00000056894557,-7.107104313501817e-05,9.484819358971182e-06,-1.6094876110753075e-08,-1.609487457280783e-08,-62.777295655912525
I4,12,N9,4.769632485776004e-06,31.573833855004406,33.732723425346556,3.814429721084157e-08,-33.732723387202256,60.000000561277375,-2023.96342216555,252.99542597618142,-8.794633729319958e-08,-1.6094874949146524e-08,-62.73658840864658
I4,13,N9,31.573833855004406,59.26881564850861,29.588655808360866,4.0361786249266456e-08,-29.58865576799908,60.00000055634319,-1775.319362541392,221.9149188654199,-6.318909029495459e-08,-1.6094874950764677e-08,-62.736588387395635
I4,14,N9,59.26881564850861,102.31932463891802,45.99413358248055,4.0053680175395026e-08,-45.99413354242687,60.000000554008686,-2759.6480380267617,344.9560021690067,-0.22302927803142653,-1.6094875283910362e-08,-62.73658839446519
I4,15,N9,102.31932463891802,103.19807033174774,0.9388309170037198,4.2574678177156424e-08,-0.9388308744290416,60.00000055179615,-56.329852983785756,7.041232196837985,-1.663874185413265e-08,-1.6094874952399282e-08,-62.7365897482279
I4,16,N9,103.19807033174774,103.19807144922399,1.2421734117497471e-06,4.230538247163736e-08,-1.1998680292781098e-06,60.00000055872763,-7.1992082427086e-05,9.633590956660383e-06,-1.6094875455494898e-08,-1.6094874965931884e-08,-62.77992748558001
I4,17,N9,103.19807144922399,103.19807178989595,4.187616113857617e-07,4.800642092896913e-08,-3.707551904567926e-07,60.00000062226734,-2.2245311658116403e-05,3.5007602423604815e-06,-1.6094875226156966e-08,-1.6094874736443395e-08,-62.82097033749426
I4,18,N9,103.19807178989595,103.19429120893228,5.9019838489488485e-08,0.003538675489031181,0.0035386164691926913,67.15000066054655,0.23761809824371014,0.026540508816522528,-1.6094874493047528e-08,-1.6096878441818354e-08,-62.8585662050347
I4,19,N9,103.19429120893228,103.19428952720129,6.310425688780055e-08,1.6293856015719808e-06,1.5662813446841803e-06,67.15000068536041,0.00010517579336900993,1.269367393844836e-05,-1.609487461751801e-08,-1.609487481300033e-08,-62.85888099867426
I4,20,N9,103.19428952720129,103.19428981038418,3.313785555542406e-07,2.5260243904695728e-08,-3.061183116495449e-07,67.15000075098236,-2.055584485715639e-05,2.6747909959420224e-06,-1.60948757796623e-08,-1.6094873906992367e-08,-62.859195853687524
I4,21,N9,103.19428981038418,103.19428972352149,9.534987809854682e-08,1.6483911977931697e-07,6.948924168077016e-08,67.15000077458745,4.666202632689211e-06,1.9514174840839786e-06,-1.609487463968099e-08,-1.609487399073563e-08,-62.85951106860594
I4,22,N9,103.19428972352149,103.19428969711029,1.0455601713946852e-07,1.1632199905773691e-07,1.176598191826839e-08,67.15000067660796,7.900856937726794e-07,1.6565851214790406e-06,-1.6094874645659754e-08,-1.609487396759398e-08,-62.859826473996506
I4,23,N9,103.19428969711029,103.19428967765555,1.0719027354927022e-07,1.1211861243963703e-07,4.928338890366807e-09,67.15000066498418,3.3093795976539843e-07,1.6448166449168045e-06,-1.6094874645052242e-08,-1.6094873969243197e-08,-62.86014207339206
I4,24,N9,103.19428967765555,103.19428966975181,1.1639426929810276e-07,1.0937044712748999e-07,-7.023822170612778e-09,67.15000065908403,-4.71649663385937e-07,1.6932353731919455e-06,-1.6094874652618847e-08,-1.60948739712152e-08,-62.860457865650936
I3,1,N2,6.446780967134812e-05,6.443380221293112e-05,8.120821493451586e-08,1.0297717334957702e-07,2.176895841506116e-08,67.15000054350268,1.4617855694028442e-06,1.3813904121306967e-06,-0.03752776971552936,-0.03759110649433768,-65.09513221701218
I3,2,N2,6.443380221293112e-05,6.439979483758359e-05,8.120824832398631e-08,1.0297712484893849e-07,2.1768876524952178e-08,67.15000057484083,1.4617800711641778e-06,1.381390298796936e-06,-0.03752811055765312,-0.037590606507410994,-65.0951312633348
I3,3,N2,6.439979483758359e-05,6.436578716498526e-05,8.120814508482231e-08,1.0297731262827331e-07,2.1769167543451004e-08,67.15000056364632,1.461799612812846e-06,1.381390932848217e-06,-0.0375282385471923,-0.03759042777615868,-65.0951028776071
I3,4,N2,6.436578716498526e-05,6.433177875604053e-05,8.120788280975707e-08,1.0297777207036739e-07,2.1769889260610316e-08,67.15000053182558,1.4618480754277668e-06,1.3813924116009334e-06,-0.03752844373934376,-0.03759017588136488,-65.0950472048773
I3,5,N2,6.433177875604053e-05,6.42977692838602e-05,8.120750511238143e-08,1.0297843635971748e-07,2.1770931247336047e-08,67.1500005853655,1.4619180460025677e-06,1.3813945610407417e-06,-0.03752874101642929,-0.03758982543840263,-65.09496426019042
I3,6,N2,6.42977692838602e-05,6.426375836336281e-05,8.120698944289548e-08,1.0297934020853906e-07,2.177235076564358e-08,67.15000062099308,1.4620133674334456e-06,1.381397472385759e-06,-0.03752914660580139,-0.037589350796611444,-65.09485404831332
I3,7,N2,6.426375836336281e-05,6.42297456334729e-05,8.120634504400128e-08,1.0298046924461259e-07,2.1774124200611303e-08,67.15000067407367,1.4621324547484128e-06,1.381401107164604e-06,-0.03752954746081762,-0.03758888511476016,-65.09471656040402
I3,8,N2,6.42297456334729e-05,6.419573073703507e-05,8.120557337829792e-08,1.0298182108025856e-07,2.177624770196064e-08,67.1500007049832,1.4622750485385457e-06,1.3814054584391734e-06,-0.037530027927264634,-0.03758836036728667,-65.09455178082621
I3,9,N2,6.419573073703507e-05,6.416171330021734e-05,8.12046685269583e-08,1.0298340613919208e-07,2.1778737612233785e-08,67.15000068919367,1.4624422456712668e-06,1.381410559996128e-06,-0.03753085411671484,-0.037587387041610854,-65.09435968389876
I3,10,N2,6.416171330021734e-05,6.427787270046225e-05,1.8976266438326063e-07,5.7525112586269484e-08,-1.3223755179699115e-07,60.000134416919394,-7.93427088278381e-06,1.8546583272714759e-06,-0.03763848222218856,-0.03752264917881824,-65.09414022773345
I3,11,N2,6.427787270046225e-05,6.434117613607694e-05,1.4235321307150635e-07,6.546306482374373e-08,-7.689014824776262e-08,60.00000062080271,-4.613408942599369e-06,1.5586220842143756e-06,-0.03765909774265707,-0.03751862148716905,-65.09397544701321
I3,12,N2,6.434117613607694e-05,6.438879535248645e-05,1.2965780922424668e-07,6.90211014708324e-08,-6.063670775341428e-08,60.00000061448062,-3.6382025024649386e-06,1.4900918302130933e-06,-0.03767569956753792,-0.03751472032460892,-65.09386526289069
I3,13,N2,6.438879535248645e-05,6.443641401276479e-05,1.2965738938885087e-07,6.902125419349176e-08,-6.063613519535911e-08,60.00000060622822,-3.638168148480883e-06,1.4900898268675698e-06,-0.037676004728542996,-0.03751445328574449,-65.09380961052263
I3,14,N2,6.443641401276479e-05,6.447881547505521e-05,1.2562629480232152e-07,7.037292566729347e-08,-5.525336913502805e-08,60.00000060282068,-3.3152021814095563e-06,1.4699941535221124e-06,-0.037678520179693094,-0.03751368208048744,-65.09380838639254
I3,15,N2,6.447881547505521e-05,6.452643466232757e-05,1.29657786721774e-07,6.902110902886977e-08,-6.063667769290423e-08,60.00000060122737,-3.638200698030684e-06,1.4900917181298283e-06,-0.03767545660125441,-0.037515090078658546,-65.09386111925585
I3,16,N2,6.452643466232757e-05,6.45897380342716e-05,1.4235316113008711e-07,6.546307891382013e-08,-7.689008221626698e-08,60.00000061104627,-4.6134049799594166e-06,1.5586218003293045e-06,-0.037657235825221534,-0.037520845153434186,-65.09396557764073
I3,17,N2,6.45897380342716e-05,6.470589729411695e-05,1.8976253393674054e-07,5.752512971659804e-08,-1.3223740422014252e-07,60.00000064333042,-7.934244338280895e-06,1.8546574774000393e-06,-0.03762857756890265,-0.03753394277121417,-65.09411084427103
I3,18,N2,6.470589729411695e-05,6.467187994903268e-05,8.120470745884573e-08,1.0298335438474303e-07,2.17786469258973e-08,67.15000070011526,1.4624361563215666e-06,1.3814104638269159e-06,-0.03748316037544426,-0.037641845441682274,-65.09424453567803
I3,19,N2,6.467187994903268e-05,6.463786385087444e-05,8.120511134251729e-08,1.0298254110284446e-07,2.1777429760327166e-08,67.15000115117144,1.4623544334755242e-06,1.381407393340213e-06,-0.0373025471938816,-0.03784817109923289,-65.09403215938354
I3,20,N2,6.463786385087444e-05,6.460384662341046e-05,8.120460280983999e-08,1.0298315260958191e-07,2.1778549799741924e-08,67.15000328250042,1.462429690540769e-06,1.381408165645664e-06,-0.03993045395956215,-0.03535182463430239,-65.09227510916803
I3,21,N2,6.460384662341046e-05,6.456983582779663e-05,8.120704449093722e-08,1.0297927154486648e-07,2.177222705392926e-08,67.15000095006148,1.462005067356304e-06,1.3813973702685277e-06,-0.037301580843423755,-0.0378492405318118,-65.09433034321751
I3,22,N2,6.456983582779663e-05,6.453582620288896e-05,8.120745320691286e-08,1.0297853383833998e-07,2.177108063142712e-08,67.15000071361294,1.461928079936456e-06,1.3813949028393965e-06,-0.03748120591976922,-0.03764409254358815,-65.09484046201503
I3,23,N2,6.453582620288896e-05,6.450181758498105e-05,8.120781037356367e-08,1.0297790419884364e-07,2.1770093825279972e-08,67.15000068401996,1.4618618152587288e-06,1.3813928592930548e-06,-0.037518766758731295,-0.037601193471689956,-65.09500484443512
I3,24,N2,6.450181758498105e-05,6.446780967134812e-05,8.120806141095734e-08,1.0297746493030719e-07,2.1769403519349855e-08,67.15000067209077,1.461815460955358e-06,1.381391447559484e-06,-0.03752655844723676,-0.037592300269593745,-65.09507558522726
I3,1,N3,6.343869774294206e-05,6.337122849543885e-05,7.15078518318995e-08,1.2579895862151006e-07,5.4291106789610566e-08,67.15000053735443,3.6456478500959163e-06,1.4798010784005717e-06,-0.03859478428246036,-0.03858970090987082,-65.09517231205201
I3,2,N3,6.337122849543885e-05,6.330375325550112e-05,7.150682991540106e-08,1.2580367224329108e-07,5.429684232789002e-08,67.15000056916398,3.646032993221622e-06,1.479828766190191e-06,-0.03877958763632589,-0.03828295419359512,-65.09517113971107
I3,3,N3,6.330375325550112e-05,6.323627429392595e-05,7.150649926539818e-08,1.2580686601476495e-07,5.4300366749366774e-08,67.15000055853625,3.646269657548702e-06,1.4798502396012234e-06,-0.038801308066354276,-0.038118410635928544,-65.09514179045067
I3,4,N3,6.323627429392595e-05,6.316879166345455e-05,7.15060135387706e-08,1.2580987455851095e-07,5.430386101974035e-08,67.15000052707353,3.646504296097692e-06,1.4798691607296117e-06,-0.03881251550664222,-0.03800987112598061,-65.09508426748528
I3,5,N3,6.316879166345455e-05,6.310130502697067e-05,7.150534041798489e-08,1.2581303446773594e-07,5.430769404975105e-08,67.15000057989805,3.6467616869337087e-06,1.4798878116429062e-06,-0.03882000650720947,-0.0379344537356326,-65.0949985593095
I3,6,N3,6.310130502697067e-05,6.303381414940908e-05,7.150447564919721e-08,1.258162464960005e-07,5.43117708468033e-08,67.15000060907131,3.647035445442583e-06,1.4799054160889829e-06,-0.03882410483050775,-0.03789907922857566,-65.09488466570062
I3,7,N3,6.303381414940908e-05,6.296631920615766e-05,7.150342046054884e-08,1.2581912753514428e-07,5.431570707459544e-08,67.15000065178795,3.6472997654614073e-06,1.4799191099676983e-06,-0.03882471430141251,-0.037928599086463996,-65.09474257556778
I3,8,N3,6.296631920615766e-05,6.289881927100934e-05,7.150214731945931e-08,1.2582268455681963e-07,5.432053723736031e-08,67.15000066433294,3.647624111575667e-06,1.479936239072092e-06,-0.0388270275637726,-0.037957172587816716,-65.09457227292349
I3,9,N3,6.289881927100934e-05,6.283131306298609e-05,7.150062872781682e-08,1.2582722553568378e-07,5.432659680786696e-08,67.150000656776,3.6480310113286717e-06,1.4799589069762544e-06,-0.03883588070490719,-0.03796488655412569,-65.09437371751612
I3,10,N3,6.283131306298609e-05,6.290070766427577e-05,1.4840937166402935e-07,6.506751007023327e-08,-8.334186159379608e-08,60.00013439555384,-5.000522896403412e-06,1.6010766130069698e-06,-0.04042225024797626,-0.03881886884029107,-65.0941468247411
I3,11,N3,6.290070766427577e-05,6.303192109830267e-05,2.0496719980970928e-07,5.67551696353142e-08,-1.4821203017439506e-07,60.00000056894557,-8.892721894788283e-06,1.9629177708376764e-06,-0.03784963678228118,-0.03882321214845932,-65.09397616630305
I3,12,N3,6.303192109830267e-05,6.31978599700686e-05,2.389673286025501e-07,5.403953674646282e-08,-1.849277918560873e-07,60.00000056155342,-1.1095667615212072e-05,2.197551490117597e-06,-0.03779034504227538,-0.03882331705723302,-65.09386217097261
I3,13,N3,6.31978599700686e-05,6.336379962218777e-05,2.389686099655299e-07,5.4039928932820024e-08,-1.8492868103270988e-07,60.000000556980496,-1.1095720964964261e-05,2.1975640417376245e-06,-0.03766749386771638,-0.03882064807396158,-65.09380464303166
I3,14,N3,6.336379962218777e-05,6.354458731870893e-05,2.5378605918823385e-07,5.31236673667692e-08,-2.0066239182146466e-07,60.00000055466009,-1.20397436205873e-05,2.3018229491625226e-06,-0.0388973079719075,-0.03882180948697062,-65.09380356641519
I3,15,N3,6.354458731870893e-05,6.371051871492229e-05,2.3895938557868683e-07,5.403957501223096e-08,-1.8491981056645587e-07,60.00000055230277,-1.1095188736119076e-05,2.1974922044318833e-06,-0.03793585558666079,-0.03882136413459771,-65.09385880514736
I3,16,N3,6.371051871492229e-05,6.384172397454507e-05,2.049585347387567e-07,5.675522944357046e-08,-1.4820330529518626e-07,60.00000055872763,-8.892198400516457e-06,1.9628532313674536e-06,-0.03806398128818093,-0.03881951124451563,-65.09397050507523
I3,17,N3,6.384172397454507e-05,6.391115472424022e-05,1.4844810155922894e-07,6.506760626897381e-08,-8.338049529025513e-08,60.00000062226734,-5.002829769300267e-06,1.6013678087115207e-06,-0.038548533603694556,-0.03881383162949665,-65.09413876031522
I3,18,N3,6.391115472424022e-05,6.384365103784018e-05,7.150060617456265e-08,1.258248455375407e-07,5.432423936297806e-08,67.15000065856728,3.6478727090001434e-06,1.479940887840775e-06,-0.03882601195871422,-0.0381362666398962,-65.0943635086944
I3,19,N3,6.384365103784018e-05,6.377615266544552e-05,7.150203321593595e-08,1.2582112185375097e-07,5.4319088637815015e-08,67.15000067980583,3.6475268389557115e-06,1.4799236630226518e-06,-0.03881676785866977,-0.03809262772782282,-65.09455983230544
I3,20,N3,6.377615266544552e-05,6.370865772751321e-05,7.1503547336146e-08,1.2581923371164738e-07,5.431568637550137e-08,67.15000074307765,3.64729838047569e-06,1.4799208578584503e-06,-0.038796103575990046,-0.03793034987953935,-65.09472788936327
I3,21,N3,6.370865772751321e-05,6.364116618171781e-05,7.150438167995817e-08,1.258167896367714e-07,5.431240795681322e-08,67.15000076643648,3.6470782359270184e-06,1.4799087848754718e-06,-0.03882186567738347,-0.03788636145597543,-65.09486773835069
I3,22,N3,6.364116618171781e-05,6.357367657698581e-05,7.150516647451558e-08,1.2581566035680612e-07,5.431049388229054e-08,67.15000067205166,3.646949700695267e-06,1.4799062012349127e-06,-0.03882580816956666,-0.03779277801502073,-65.09497940862991
I3,23,N3,6.357367657698581e-05,6.350618756807207e-05,7.150573148215897e-08,1.2581559767185813e-07,5.430986618969916e-08,67.15000066231636,3.6469075506086116e-06,1.479909968655128e-06,-0.03883476179339325,-0.037669793102114504,-65.09506291523131
I3,24,N3,6.350618756807207e-05,6.343869774294206e-05,7.150610944402712e-08,1.258166927811737e-07,5.4310583337146574e-08,67.15000065729409,3.6469557067874175e-06,1.479921016689006e-06,-0.038840889990089465,-0.03751335995235623,-65.09511825218516
I3,1,N4,6.462326474707514e-05,6.457600988790346e-05,7.686498938853405e-08,1.1157165792803426e-07,3.470666853950021e-08,67.15000053302859,2.330552810927086e-06,1.4132748548742624e-06,-0.037668311248767974,-0.03740098263564358,-65.09447911687982
I3,2,N4,6.457600988790346e-05,6.452875701170158e-05,7.686694869709323e-08,1.1157151841069238e-07,3.470456971359915e-08,67.15000056420287,2.3304118758486005e-06,1.4132885033083922e-06,-0.03735936877525059,-0.037408905921452025,-65.09447763174674
I3,3,N4,6.452875701170158e-05,6.448150371575e-05,7.686682912745261e-08,1.1157180654192813e-07,3.470497741447552e-08,67.15000055288583,2.3304392525699217e-06,1.4132897675203556e-06,-0.037355590358229246,-0.03741205076163117,-65.09444929036016
I3,4,N4,6.448150371575e-05,6.44342496334609e-05,7.686652540098268e-08,1.11572276460302e-07,3.470575105931932e-08,67.15000052097159,2.3304912017140027e-06,1.4132910139596352e-06,-0.037351846296561235,-0.037433336799391245,-65.09439386945357
I3,5,N4,6.44342496334609e-05,6.438699399808572e-05,7.686606091201563e-08,1.1157332321193862e-07,3.470726229992299e-08,67.15000057450247,2.3305926833792366e-06,1.413295380929657e-06,-0.037350110514590015,-0.037434892675529886,-65.09431131080326
I3,6,N4,6.438699399808572e-05,6.433973585615689e-05,7.686542388461991e-08,1.1157511124900577e-07,3.470968736438586e-08,67.1500006076697,2.3307555276105358e-06,1.4133040135021926e-06,-0.03734896992158665,-0.037406622504203034,-65.09420160327542
I3,7,N4,6.433973585615689e-05,6.429247545965087e-05,7.686460690894855e-08,1.1157650578413796e-07,3.471189887518941e-08,67.15000065508401,2.330904032208179e-06,1.4133083451981487e-06,-0.03735083857718916,-0.037439705655059004,-65.09406472952473
I3,8,N4,6.429247545965087e-05,6.424521185969165e-05,7.68636297711717e-08,1.1157864814984257e-07,3.471501837867087e-08,67.15000066979036,2.331113507379534e-06,1.4133170844076069e-06,-0.03735283150122448,-0.03744093558837756,-65.0939006760605
I3,9,N4,6.424521185969165e-05,6.41979442729275e-05,7.686249630528371e-08,1.1158138677430798e-07,3.4718890469024264e-08,67.15000065725249,2.3313735178140565e-06,1.4133291230969376e-06,-0.037353836157577175,-0.0374231637111224,-65.09370941354595
I3,10,N4,6.41979442729275e-05,6.429245831577124e-05,1.7003890730432074e-07,6.050526243195346e-08,-1.0953364487236728e-07,60.00013439340433,-6.57203341294146e-06,1.7290812730220566e-06,-0.037804540130150215,-0.03736654775357413,-65.09349089236372
I3,11,N4,6.429245831577124e-05,6.438697598608429e-05,1.7004365357424196e-07,6.050602530877008e-08,-1.0953762826547188e-07,60.00000059693709,-6.572257761315386e-06,1.7291225916225904e-06,-0.03747418414097911,-0.03735774021043283,-65.09332669315482
I3,12,N4,6.438697598608429e-05,6.448149042349162e-05,1.7004078406497745e-07,6.050653734292529e-08,-1.0953424672205216e-07,60.000000592343,-6.572054868204974e-06,1.7291049105592704e-06,-0.03747766530185406,-0.037351419466520576,-65.09321693406545
I3,13,N4,6.448149042349162e-05,6.457600259172367e-05,1.7003865377443136e-07,6.05067949519604e-08,-1.0953185882247096e-07,60.00000058824572,-6.5719115937799045e-06,1.7290908654479382e-06,-0.037504627361078305,-0.037348552508031284,-65.0931615527574
I3,14,N4,6.457600259172367e-05,6.467051542718081e-05,1.7003934136474377e-07,6.050677282439642e-08,-1.0953256854034734e-07,60.00000058597943,-6.571954176604673e-06,1.7290958564185513e-06,-0.037478219173067304,-0.037354914387936033,-65.09316066290258
I3,15,N4,6.467051542718081e-05,6.476502978710791e-05,1.7004070918490423e-07,6.050654426229078e-08,-1.0953416492261345e-07,60.00000058459936,-6.57204995939041e-06,1.7291044008539625e-06,-0.03747795019638138,-0.03735258623204799,-65.09321496954921
I3,16,N4,6.476502978710791e-05,6.485954723913344e-05,1.7004348665203474e-07,6.050608338601023e-08,-1.095374032660245e-07,60.000000589404245,-6.57224426052328e-06,1.7291217752853372e-06,-0.0374783345087871,-0.03734601827474219,-65.09332790975888
I3,17,N4,6.485954723913344e-05,6.49540687420639e-05,1.7004702526657876e-07,6.050539190504702e-08,-1.0954163336153175e-07,60.00000062398925,-6.5724980700447066e-06,1.7291431287871933e-06,-0.03751088409863197,-0.0373263214800155,-65.09351610299717
I3,18,N4,6.49540687420639e-05,6.490680089943754e-05,7.686245399227177e-08,1.1158158919107438e-07,3.471913519880261e-08,67.15000064161208,2.3313899508758117e-06,1.4133303238750963e-06,-0.037432920553454235,-0.03732549036330081,-65.09385952650072
I3,19,N4,6.490680089943754e-05,6.48595362850728e-05,7.686342018109986e-08,1.1157941401238945e-07,3.471599383128959e-08,67.15000006565354,2.3311789880503237e-06,1.4133212564511697e-06,-0.0377031047766956,-0.037014712203386445,-65.09465910663705
I3,20,N4,6.48595362850728e-05,6.481228453178824e-05,7.686755558384121e-08,1.1157099905113111e-07,3.47034434672899e-08,67.1499970429783,2.3303361262096812e-06,1.4132891597622924e-06,-0.033741674054440306,-0.04082047302604141,-65.09773037143403
I3,21,N4,6.481228453178824e-05,6.476502644650023e-05,7.686538560953691e-08,1.1157502470053968e-07,3.470963909100277e-08,67.15000079111537,2.330752292420165e-06,1.4133030773255744e-06,-0.03770152706565189,-0.037020779643187146,-65.0949550996479
I3,22,N4,6.476502644650023e-05,6.471777050363851e-05,7.686593226073659e-08,1.1157349830848018e-07,3.470756604774359e-08,67.15000067956068,2.3306130836918793e-06,1.4132957292691258e-06,-0.03742904795878294,-0.03735451037929052,-65.0944526924734
I3,23,N4,6.471777050363851e-05,6.46705157879468e-05,7.686633363567444e-08,1.1157270132031478e-07,3.4706367684640334e-08,67.15000066519171,2.3305326131099864e-06,1.4132927621699193e-06,-0.0373810592766095,-0.03740075140895525,-65.0944062307527
I3,24,N4,6.46705157879468e-05,6.462326474707514e-05,7.686653357705073e-08,1.1156943685659749e-07,3.4702903279546755e-08,67.15000065746833,2.3302999780376244e-06,1.4132697782523615e-06,-0.037387703000017904,-0.037622651153845714,-65.09443340139825
I3,1,N5,6.447143954360773e-05,6.442921134121181e-05,7.841947494285361e-08,1.0822858576210549e-07,2.980911081925188e-08,67.15000054436523,2.0016818077398075e-06,1.3998604552871932e-06,-0.039173295928930374,-0.0375790555258183,-65.09538310411274
I3,2,N5,6.442921134121181e-05,6.43869932768503e-05,7.843025850889045e-08,1.0822854400098206e-07,2.9798285492091614e-08,67.15000057528748,2.0009548879365325e-06,1.399941018824044e-06,-0.03751788056663728,-0.03757823232185268,-65.09538228157058
I3,3,N5,6.43869932768503e-05,6.434477479925997e-05,7.843012834109314e-08,1.0822881674366916e-07,2.9798688402576027e-08,67.15000056380549,2.0009819430336444e-06,1.3999420881357173e-06,-0.03751815419380381,-0.03757787786377596,-65.09535391322393
I3,4,N5,6.434477479925997e-05,6.430255536681907e-05,7.842982194601144e-08,1.082294420522885e-07,2.9799620106277065e-08,67.15000053183516,2.001044505984991e-06,1.3999444799872495e-06,-0.037518474560365535,-0.03757748609112693,-65.09529823517909
I3,5,N5,6.430255536681907e-05,6.426033454880565e-05,7.842937833169311e-08,1.0823035029944705e-07,2.980097196775394e-08,67.15000058565799,2.0011352850878544e-06,1.3999479647335511e-06,-0.03751886700072703,-0.037577021447389274,-65.09521527908053
I3,6,N5,6.426033454880565e-05,6.421811185363082e-05,7.842877616381784e-08,1.0823157976565086e-07,2.980280360183302e-08,67.15000062169881,2.001258280391455e-06,1.3999526694710152e-06,-0.03751934934856082,-0.03757645543412626,-65.09510505226362
I3,7,N5,6.421811185363082e-05,6.417588681451149e-05,7.842802406014646e-08,1.0823311478269769e-07,2.980509072255123e-08,67.15000067630051,2.001411862176513e-06,1.3999585413213313e-06,-0.03751982416511732,-0.03757591121119444,-65.09496754548123
I3,8,N5,6.417588681451149e-05,6.413365896805833e-05,7.842712323732838e-08,1.0823495323988353e-07,2.980783000255516e-08,67.1500007104516,2.001595805848599e-06,1.3999655735790894e-06,-0.037520381273116014,-0.03757529753005623,-65.09480274189636
I3,9,N5,6.413365896805833e-05,6.409142783681061e-05,7.842606917266286e-08,1.0823710434577187e-07,2.9811035173109006e-08,67.15000069597674,2.001811032622057e-06,1.3999738013882607e-06,-0.03752119297311294,-0.037574350251093444,-65.09461061241144
I3,10,N5,6.409142783681061e-05,6.419357817521864e-05,1.7689855520773436e-07,5.936739987335068e-08,-1.1753115533438367e-07,60.0001344223477,-7.051885118876848e-06,1.7719946631081377e-06,-0.03763439368601963,-0.03751099732366401,-65.09439110522382
I3,11,N5,6.419357817521864e-05,6.427686159036152e-05,1.5981312996352287e-07,6.205836733477804e-08,-9.775476262874483e-08,60.00000061429441,-5.865285817774894e-06,1.6640362297372567e-06,-0.037641228086375156,-0.03750946057351009,-65.09422623182533
I3,12,N5,6.427686159036152e-05,6.435360597175663e-05,1.5406768845669323e-07,6.314534460032316e-08,-9.092234385637007e-08,60.000000607993734,-5.455340686662419e-06,1.629097747927623e-06,-0.0376486650662793,-0.03750775719044952,-65.09411600530807
I3,13,N5,6.435360597175663e-05,6.443034923529447e-05,1.5406673942447222e-07,6.314555947140628e-08,-9.092117995306595e-08,60.00000060170475,-5.455270851891663e-06,1.6290922417190887e-06,-0.03764891593402667,-0.03750754254496813,-65.09406031836792
I3,14,N5,6.443034923529447e-05,6.45048392207433e-05,1.5211090434376681e-07,6.354112847184125e-08,-8.856977587192556e-08,60.000000598691784,-5.314186605341531e-06,1.6173902461170605e-06,-0.03764992401093845,-0.03750751395953864,-65.09405896975267
I3,15,N5,6.45048392207433e-05,6.458158354546012e-05,1.5406764016996986e-07,6.314535534740784e-08,-9.092228482256202e-08,60.000000597267054,-5.455337143658606e-06,1.6290974663803327e-06,-0.03764770767307079,-0.037508879472732536,-65.09411106263595
I3,16,N5,6.458158354546012e-05,6.466486685312946e-05,1.5981303668336265e-07,6.205838620766125e-08,-9.77546504757014e-08,60.0000006044909,-5.86527908763388e-06,1.6640356716826793e-06,-0.03763715395001879,-0.0375141810485977,-65.09421226528976
I3,17,N5,6.466486685312946e-05,6.476701704601175e-05,1.7689842586597584e-07,5.936742276965103e-08,-1.175310030963248e-07,60.000000647034796,-7.0518602618261366e-06,1.7719938647672015e-06,-0.03761405783135511,-0.03753358653354314,-65.09434151522551
I3,18,N5,6.476701704601175e-05,6.472478596459409e-05,7.842609093438285e-08,1.0823707677018123e-07,2.981098583579838e-08,67.15000071704264,2.0018077202496093e-06,1.3999737577842307e-06,-0.037428799449197164,-0.03767984786061823,-65.09439723436651
I3,19,N5,6.472478596459409e-05,6.468255662030493e-05,7.842660265015834e-08,1.0823589913004922e-07,2.9809296479890885e-08,67.15000154083931,2.001694304556009e-06,1.3999687633515568e-06,-0.037080529825144926,-0.0380779097664418,-65.09380957642318
I3,20,N5,6.468255662030493e-05,6.464032173069771e-05,7.842456780231742e-08,1.0823930682568917e-07,2.981473902337174e-08,67.15000557030203,2.002059891496514e-06,1.3999790597100494e-06,-0.0421661824401166,-0.033264374746394515,-65.09026460007912
I3,21,N5,6.464032173069771e-05,6.459809909722512e-05,7.842880573831009e-08,1.0823154792245702e-07,2.980274218414693e-08,67.15000094746728,2.0012541659025893e-06,1.3999526524557534e-06,-0.037078933692048094,-0.03807965986364057,-65.09410795634905
I3,22,N5,6.459809909722512e-05,6.455587805938763e-05,7.842931010698343e-08,1.0823049628338964e-07,2.9801186176406208e-08,67.1500007161243,2.0011496730870304e-06,1.399948547927798e-06,-0.03742665117996075,-0.03768231070073963,-65.09499325472164
I3,23,N5,6.455587805938763e-05,6.451365834518235e-05,7.842973345962428e-08,1.0822962826117926e-07,2.9799894801554982e-08,67.15000068547745,2.001062956351573e-06,1.3999452129060265e-06,-0.037499131453245016,-0.037599534978954574,-65.09523563925225
I3,24,N5,6.451365834518235e-05,6.447143954360773e-05,7.843002648869551e-08,1.0822903076049274e-07,2.979900427179723e-08,67.1500006729476,2.0010031569043525e-06,1.399942929368912e-06,-0.03751413629282014,-0.03758241075939466,-65.09532243127046
I3,1,N6,6.379511722892983e-05,6.37417059287388e-05,7.507834915148275e-08,1.157688183570219e-07,4.0690469205539145e-08,67.15000053649442,2.732365028982163e-06,1.4313537563137848e-06,-0.0383310467469236,-0.03837452473701333,-65.09473977876132
I3,2,N6,6.37417059287388e-05,6.368829483213717e-05,7.507843575246516e-08,1.157687036681342e-07,4.069026791566905e-08,67.1500005680538,2.732351513651438e-06,1.4313535456544953e-06,-0.03831965877557553,-0.03838041210486552,-65.0947383901652
I3,3,N6,6.368829483213717e-05,6.363488306278982e-05,7.507830674809598e-08,1.1576922033788524e-07,4.069091358978926e-08,67.15000055711782,2.732394870223982e-06,1.4313564531448592e-06,-0.038313723550854946,-0.03837283790240889,-65.09470932934379
I3,4,N6,6.363488306278982e-05,6.358146986208461e-05,7.50779610932192e-08,1.1577025726201093e-07,4.069229616879173e-08,67.15000052544337,2.732487709115862e-06,1.4313616376642261e-06,-0.038310681706819,-0.038362995397734856,-65.09465245833776
I3,5,N6,6.358146986208461e-05,6.35280546383366e-05,7.507743772620158e-08,1.1577169231031247e-07,4.069425458411089e-08,67.15000057860576,2.732619218868976e-06,1.4313684752738556e-06,-0.03830948574430038,-0.03835475363089194,-65.09456773390926
I3,6,N6,6.35280546383366e-05,6.347463675408785e-05,7.507672003731301e-08,1.1577355377463925e-07,4.069683373732623e-08,67.15000060998544,2.7327924102859326e-06,1.431377053589642e-06,-0.03830958881392339,-0.03834927248698411,-65.09445514841642
I3,7,N6,6.347463675408785e-05,6.342121565838847e-05,7.507581543037166e-08,1.1577576716989582e-07,4.069995173952416e-08,67.15000065548864,2.733001785987403e-06,1.4313868695020062e-06,-0.038310997208501986,-0.03835098567386504,-65.09431468936158
I3,8,N6,6.342121565838847e-05,6.336779070812425e-05,7.507472711890264e-08,1.1577842157727414e-07,4.07036944583715e-08,67.15000066937948,2.733253110125864e-06,1.4313986152213258e-06,-0.03831342795726525,-0.03835287207265703,-65.09414633839576
I3,9,N6,6.336779070812425e-05,6.33143612182992e-05,7.507345443565496e-08,1.1578155561350374e-07,4.0708101177848774e-08,67.15000065655319,2.7335490208195786e-06,1.4314125753686903e-06,-0.03831654978547983,-0.03835244453331312,-65.09395006309617
I3,10,N6,6.33143612182992e-05,6.340035338904399e-05,1.6252380133871736e-07,6.189778044053272e-08,-1.0062602089818464e-07,60.00013439204558,-6.037574777227865e-06,1.6831618633443755e-06,-0.03855743775253262,-0.038275083476049465,-65.0937258030159
I3,11,N6,6.340035338904399e-05,6.350747290684957e-05,1.8179760707738287e-07,5.9008287704039046e-08,-1.2278931937334382e-07,60.0000005805829,-7.367359233690008e-06,1.8060442108606643e-06,-0.038448089592043724,-0.03827750661883868,-65.09355728060292
I3,12,N6,6.350747290684957e-05,6.36237319066756e-05,1.9036823161280014e-07,5.796242240588167e-08,-1.3240580920691847e-07,60.000000571743044,-7.944348628117208e-06,1.8624799051401137e-06,-0.03843657728373673,-0.03827680615782337,-65.09344463602015
I3,13,N6,6.36237319066756e-05,6.37399885955859e-05,1.9036609720349395e-07,5.7962715475555286e-08,-1.3240338172793866e-07,60.00000056411275,-7.944202978366756e-06,1.8624660950928694e-06,-0.03843403941639178,-0.03827637883832645,-65.09338778787651
I3,14,N6,6.37399885955859e-05,6.38596749527669e-05,1.936129108187069e-07,5.7597066395205606e-08,-1.360158444235013e-07,60.00000056106272,-8.160950741723498e-06,1.8840748291043438e-06,-0.038437984605215164,-0.038277576018904295,-65.09338679711662
I3,15,N6,6.38596749527669e-05,6.39759336228337e-05,1.9036789050347027e-07,5.796243221600026e-08,-1.3240545828747e-07,60.000000559700716,-7.94432757135563e-06,1.862477420396029e-06,-0.03844283955013887,-0.0382787728779622,-65.09344211380863
I3,16,N6,6.39759336228337e-05,6.408305274300833e-05,1.8179720184028113e-07,5.9008304860020165e-08,-1.2278889698026095e-07,60.000000570512775,-7.367333888868292e-06,1.8060413002522596e-06,-0.03845663239563221,-0.038278553019335755,-65.09355594775452
I3,17,N6,6.408305274300833e-05,6.416904733968556e-05,1.6252640762371406e-07,6.18977931236048e-08,-1.0062861450010927e-07,60.00000062093061,-6.037716932489942e-06,1.6831815056048914e-06,-0.03845265252062179,-0.03827138560989397,-65.09373902712916
I3,18,N6,6.416904733968556e-05,6.411561789558094e-05,7.507344721975245e-08,1.1578150649736494e-07,4.070805927761249e-08,67.15000064726482,2.7335462068405733e-06,1.4314121528783804e-06,-0.03836185123686407,-0.03830711393354884,-65.09404299143675
I3,19,N6,6.411561789558094e-05,6.406219241857426e-05,7.507448480606936e-08,1.1577870231890093e-07,4.070421751283157e-08,67.15000028343842,2.733288217523779e-06,1.4313989034372773e-06,-0.03854122782392484,-0.03811436454548601,-65.09463212088829
I3,20,N6,6.406219241857426e-05,6.400877764686409e-05,7.507769057791392e-08,1.1577149072528255e-07,4.069380014736863e-08,67.14999834582143,2.7325886125809914e-06,1.4313688597739736e-06,-0.03596073164163233,-0.04057510717060226,-65.09668964767307
I3,21,N6,6.400877764686409e-05,6.395535981126132e-05,7.507668989844564e-08,1.1577348183745296e-07,4.0696791939007325e-08,67.15000078611797,2.7327896106968215e-06,1.4313762880192394e-06,-0.03853562565486504,-0.03810473513081384,-65.0949361198306
I3,22,N6,6.395535981126132e-05,6.39019441488954e-05,7.507734056381914e-08,1.1577201773310435e-07,4.0694677169285213e-08,67.15000067941862,2.7326475995662236e-06,1.431370187226926e-06,-0.03835529177520606,-0.03829667828482295,-65.0946517398414
I3,23,N6,6.39019441488954e-05,6.384853016244287e-05,7.507786639949558e-08,1.1577090976069956e-07,4.069304336120398e-08,67.15000066629192,2.732537888818293e-06,1.4313658212014638e-06,-0.038316333824116575,-0.03832530669325691,-65.09465247482989
I3,24,N6,6.384853016244287e-05,6.379511722892983e-05,7.507822419926463e-08,1.157702376762771e-07,4.0692013477012466e-08,67.15000065947105,2.7324687318165917e-06,1.4313634640665628e-06,-0.038307610608421236,-0.0383185333007541,-65.09469039700036
I3,1,N7,6.446847949499843e-05,6.443447203102218e-05,8.12082197677148e-08,1.029771827873881e-07,2.1768963019673292e-08,67.15000054350268,1.4617858786025514e-06,1.3813905191632716e-06,-0.0375269806320149,-0.03759031880065199,-65.09513209576144
I3,2,N7,6.443447203102218e-05,6.440046465027268e-05,8.12082532129928e-08,1.0297713418841959e-07,2.1768880975426786e-08,67.15000057484083,1.4617803700135503e-06,1.381390405510593e-06,-0.03752731342005098,-0.0375898280695058,-65.09513114211317
I3,3,N7,6.440046465027268e-05,6.43664569723163e-05,8.120814998979903e-08,1.0297732194063484e-07,2.1769171950835802e-08,67.15000056364632,1.4617999087687377e-06,1.381391039478254e-06,-0.037527439497330034,-0.037589651443954215,-65.09510275697345
I3,4,N7,6.43664569723163e-05,6.433244855803317e-05,8.120788772187705e-08,1.029777813705928e-07,2.1769893648715758e-08,67.15000053182558,1.4618483700890495e-06,1.381392518193524e-06,-0.03752764442525577,-0.03758939981736672,-65.09504708539825
I3,5,N7,6.433244855803317e-05,6.429843908054086e-05,8.120751003387263e-08,1.0297844564343509e-07,2.1770935609562462e-08,67.1500005853655,1.461918338926074e-06,1.3813946675798079e-06,-0.037527941500058115,-0.0375890496182931,-65.09496414242494
I3,6,N7,6.429843908054086e-05,6.426442815476013e-05,8.120699437455569e-08,1.029793494743276e-07,2.1772355099771914e-08,67.15000062099308,1.462013658470166e-06,1.3813975788666247e-06,-0.03752834714824128,-0.03758857492536829,-65.09485393282378
I3,7,N7,6.426442815476013e-05,6.423041541956232e-05,8.120634996716399e-08,1.0298047852598523e-07,2.1774128558821233e-08,67.15000067407367,1.4621327474022126e-06,1.381401213698619e-06,-0.037528751144456786,-0.03758810559562359,-65.09471644774958
I3,8,N7,6.423041541956232e-05,6.41964005177678e-05,8.12055782841626e-08,1.0298183039210573e-07,2.1776252107943136e-08,67.1500007049832,1.4622753444002736e-06,1.3814055650720124e-06,-0.03752923639765701,-0.037587575370394706,-65.09455167157849
I3,9,N7,6.41964005177678e-05,6.416238307549704e-05,8.120467339786015e-08,1.0298341551061948e-07,2.1778742112759332e-08,67.15000068919367,1.4624425478815604e-06,1.3814106668135973e-06,-0.03753007031210913,-0.0375865933860538,-65.0943595786212
I3,10,N7,6.416238307549704e-05,6.427854249354101e-05,1.897626872954181e-07,5.752511599959667e-08,-1.3223757129582144e-07,60.000134416919394,-7.934272052716249e-06,1.8546585247126106e-06,-0.03763771589712374,-0.03752183486144914,-65.09414012699489
I3,11,N7,6.427854249354101e-05,6.434184593758894e-05,1.423532268499318e-07,6.546306900146064e-08,-7.689015784847115e-08,60.00000062080271,-4.613409518641887e-06,1.5586222188854433e-06,-0.03765830748371335,-0.03751782357976963,-65.09397534967276
I3,12,N7,6.434184593758894e-05,6.438946515990202e-05,1.2965782077953092e-07,6.902110606862098e-08,-6.063671471090995e-08,60.00000061448062,-3.6382029199146828e-06,1.4900919513611393e-06,-0.03767491113143847,-0.0375139181515476,-65.09386516782655
I3,13,N7,6.438946515990202e-05,6.443708382615436e-05,1.2965740099568527e-07,6.902125877052293e-08,-6.063614222516235e-08,60.00000060622822,-3.6381685702690815e-06,1.4900899482465614e-06,-0.037675213617063746,-0.03751365452532613,-65.09380951660796
I3,14,N7,6.443708382615436e-05,6.4479485293935e-05,1.256263059701899e-07,7.03729303125707e-08,-5.525337565761921e-08,60.00000060282068,-3.31520257276503e-06,1.4699942721207046e-06,-0.03767771432199993,-0.03751290010703625,-65.0938082924963
I3,15,N7,6.4479485293935e-05,6.45271044882268e-05,1.2965779911261382e-07,6.9021113314239e-08,-6.063668579837482e-08,60.00000060122737,-3.6382011843589245e-06,1.4900918432013962e-06,-0.03767461646815278,-0.03751434809537695,-65.09386102423903
I3,16,N7,6.45271044882268e-05,6.459040787160778e-05,1.423531773257266e-07,6.546308239776351e-08,-7.68900949279631e-08,60.00000061104627,-4.613405742661192e-06,1.558621947926176e-06,-0.037656320001130346,-0.03752019383430189,-65.09396548033907
I3,17,N7,6.459040787160778e-05,6.470656715925687e-05,1.8976256612167233e-07,5.752513188937563e-08,-1.322374342322967e-07,60.00000064333042,-7.934246139010165e-06,1.8546577350828596e-06,-0.037627531860032586,-0.03753345602475221,-65.09411074344933
I3,18,N7,6.470656715925687e-05,6.467254981933017e-05,8.120471611584068e-08,1.0298335714162338e-07,2.1778641025782698e-08,67.15000070011526,1.462435760128867e-06,1.3814105494309804e-06,-0.0374818287954537,-0.03764167599076453,-65.09424442993067
I3,19,N7,6.467254981933017e-05,6.463853370891402e-05,8.120511378030485e-08,1.0298255471198687e-07,2.1777440931682024e-08,67.15000115117144,1.4623551836320159e-06,1.3814075136921878e-06,-0.03730211247258977,-0.03784698053437318,-65.09403204906711
I3,20,N7,6.463853370891402e-05,6.460451647225524e-05,8.120460635238552e-08,1.029831643195145e-07,2.1778557967128978e-08,67.15000328250042,1.4624302389808366e-06,1.38140828003925e-06,-0.039929855042820074,-0.03535082073555977,-65.0922749980768
I3,21,N7,6.460451647225524e-05,6.457050566959386e-05,8.120704879242105e-08,1.0297928190989967e-07,2.1772233117478615e-08,67.15000095006148,1.462005474523649e-06,1.3813974802674053e-06,-0.037300872518645625,-0.03784836089269198,-65.09433022670773
I3,22,N7,6.457050566959386e-05,6.453649603818689e-05,8.120745770532682e-08,1.0297854386271919e-07,2.1771086157392365e-08,67.15000071361294,1.461928451005026e-06,1.381395011760345e-06,-0.037480467658190644,-0.03764324677118597,-65.09484034403033
I3,23,N7,6.453649603818689e-05,6.450248741431048e-05,8.120781505920312e-08,1.0297791389043432e-07,2.1770098831231204e-08,67.15000068401996,1.4618621514083575e-06,1.3813929671222807e-06,-0.037518000422676744,-0.037600380236172674,-65.09500472518664
I3,24,N7,6.450248741431048e-05,6.446847949499843e-05,8.120806619897066e-08,1.0297747444073065e-07,2.1769408241759997e-08,67.15000067209077,1.461815778065202e-06,1.3813915547977599e-06,-0.037525776611381005,-0.037591504914830244,-65.09507546500194
I3,1,N8,61.66280742587119,23.17974167251024,5.332511737144912e-08,36.02014959186377,36.020149538538654,67.1500005392971,2418.7530609384326,270.15112233891665,-2.3309127636243406e-08,-0.0002612144092224453,-59.69462447370564
I3,2,N8,23.17974167251024,23.179741451327775,6.7176501025128e-08,2.658798523900981e-07,1.9870335136497012e-07,67.15000057181993,1.334293015778028e-05,2.4979226506141955e-06,-2.3309127649065113e-08,-2.3309127832752913e-08,-59.69462443750538
I3,3,N8,23.179741451327775,23.16531106913485,5.310062863129217e-08,0.013506884253824285,0.013506831153195653,67.15000056134818,0.9069837195191232,0.10130203015839688,-2.33091276360734e-08,-2.3321458271347204e-08,-59.69462440130513
I3,4,N8,23.16531106913485,23.165310813663822,6.56466656230007e-08,2.96633666217247e-07,2.309870005942463e-07,67.15000052988691,1.5510777212300627e-05,2.7171024888018576e-06,-2.330912764767654e-08,-2.3309127861160902e-08,-59.69462436507019
I3,5,N8,23.165310813663822,23.119180041484793,5.7849893910997316e-08,0.04317845344163211,0.0431783955917382,67.15000058278977,2.8994292891491478,0.32383883468644514,-2.3309127640486257e-08,-2.3348601655002986e-08,-59.694624328835246
I3,6,N8,23.119180041484793,23.11914235602111,5.3512707587072296e-08,3.532047627389599e-05,3.5266963566308914e-05,67.15000061716766,0.002368176625243273,0.00026530491736112294,-2.330912763647116e-08,-2.330916024498286e-08,-59.69462429248911
I3,7,N8,23.11914235602111,23.109630159099964,5.347948657104064e-08,0.008903463171357909,0.008903409691871337,67.15000066555548,0.5978639667348734,0.0667763748813336,-2.330912763644097e-08,-2.3317359209688106e-08,-59.69462425614288
I3,8,N8,23.109630159099964,23.048762882183162,5.284460814349057e-08,0.05697181749107429,0.05697176464646615,67.15000068907833,3.8256540352682102,0.42728902751761827,-2.3309127635866103e-08,-2.3363932833462455e-08,-59.694624219773395
I3,9,N8,23.048762882183162,7.696381194882298e-07,5.255666468548719e-08,21.573641383386846,21.57364133083018,67.15000066607799,1448.6700297349742,161.80231076957634,-2.3309127635587303e-08,-7.305788482734018e-08,-59.694624183248834
I3,10,N8,7.696381194882298e-07,6.823929776721698e-07,8.866001683755426e-08,1.5933613885114602e-07,7.067612201359176e-08,60.00013439779223,4.240576819530268e-06,1.8599711676652522e-06,-2.330912767437618e-08,-2.3309127712664463e-08,-59.47752019463411
I3,11,N8,6.823929776721698e-07,8.169588030709353e-07,2.417296861046562e-07,8.582479850430037e-08,-1.5590488760035584e-07,60.00000056158572,-9.354293343575309e-06,2.4566586345671747e-06,-2.3309127806184255e-08,-2.3309127663688177e-08,-59.258512833470625
I3,12,N8,8.169588030709353e-07,1.1795647774715101,1.2602179697068714,5.5348417552962395e-08,-1.2602179143584538,60.000000552067874,-75.61307555723305,9.451635187914668,-2.4934395138345432e-08,-2.3309127636391293e-08,-59.04460021424871
I3,13,N8,1.1795647774715101,33.02642873077689,34.0244273778202,6.77049256693834e-08,-34.02442731011528,60.00000054762305,-2041.4656572394774,255.18320584143845,-4.868249592396246e-07,-2.330912764712103e-08,-59.04459946148158
I3,14,N8,33.02642873077689,66.74518892130214,36.02431652109202,6.853099509230247e-08,-36.024316452561024,60.000000544703965,-2161.4590067762497,270.1823744221726,-0.1510480146474383,-2.330912764954459e-08,-59.04459944297791
I3,15,N8,66.74518892130214,100.33116612219669,35.882454354041876,6.972137733895433e-08,-35.882454284320495,60.00000054492376,-2152.9472766124313,269.1184081782244,-8.421803938608662e-06,-2.3309127648860376e-08,-59.04459946072793
I3,16,N8,100.33116612219669,100.33116613577965,1.3557089838739347e-07,1.0605947707910354e-07,-2.9511421308289934e-08,60.000000551242195,-1.7706852947653367e-06,1.8122278159987274e-06,-2.3309127708970936e-08,-2.3309127683441244e-08,-59.26078059731397
I3,17,N8,100.33116613577965,100.33116611981137,1.1183450413261392e-07,1.129240655943676e-07,1.0895614617536725e-09,60.000000623119064,6.537368838414687e-08,1.6856892729523613e-06,-2.330912770684957e-08,-2.330912767675902e-08,-59.4773795381619
I3,18,N8,100.33116611981137,100.17166874435678,5.5733416495080336e-08,0.14928959225331662,0.14928953651990012,67.15000067611612,10.024792478248356,1.1196723599004983,-2.330912763849793e-08,-2.3443369590010678e-08,-59.69461663770996
I3,19,N8,100.17166874435678,61.68491380239973,5.6027593925549636e-08,36.023602674757356,36.02360261872976,67.15000094890787,2418.9849500307837,270.1770204808871,-2.3309127638806555e-08,-0.003779009113997801,-59.69462439258926
I3,20,N8,61.68491380239973,61.684814281498575,4.813507184833595e-08,9.319373442394095e-05,9.314559935209262e-05,67.15000223608381,0.006254727204774386,0.0006993140212184195,-2.330912797671593e-08,-2.3309212150586763e-08,-59.69462440419145
I3,21,N8,61.684814281498575,61.68480679283806,5.7557296840284846e-08,7.059811958507259e-06,7.0022546616669745e-06,67.15000093693381,0.00047020140709158647,5.338026941510658e-05,-2.330912764020602e-08,-2.330913411519846e-08,-59.69462441579353
I3,22,N8,61.68480679283806,61.66280762243265,7.723622273325628e-08,0.020591291165809145,0.020591213929586412,67.1500007039349,1.3827000298666015,0.15443526301523908,-2.33091276583913e-08,-2.332813601719484e-08,-59.69462442739559
I3,23,N8,61.66280762243265,61.662807517627236,7.72845401685709e-08,1.6580654783139362e-07,8.852200766282271e-08,67.1500006780213,5.9442528745783515e-06,1.8231831599997341e-06,-2.3309127658425525e-08,-2.330912774020723e-08,-59.6946244389731
I3,24,N8,61.662807517627236,61.66280742587119,7.946526055695911e-08,1.5550285806016578e-07,7.603759750320667e-08,67.15000066786236,5.105924723122977e-06,1.7622608896284368e-06,-2.3309127660431408e-08,-2.3309127730692113e-08,-59.69462445055061
I3,1,N9,6.3397151782551e-05,6.332968338725029e-05,7.150763929630034e-08,1.2579797475839022e-07,5.429033546208988e-08,67.15000053751203,3.645596055461044e-06,1.4797921054101794e-06,-0.03862245963288388,-0.038665416318781495,-65.09514188795431
I3,2,N9,6.332968338725029e-05,6.326220925786819e-05,7.150660473666737e-08,1.2580243548501847e-07,5.42958307483511e-08,67.15000056937187,3.645965065666295e-06,1.479817801662644e-06,-0.038811649723267894,-0.03837306426741113,-65.09514071124664
I3,3,N9,6.326220925786819e-05,6.319473148509258e-05,7.150628668585842e-08,1.2580556705830845e-07,5.4299280372450034e-08,67.15000055871937,3.6461967073480797e-06,1.4798389030812514e-06,-0.03883272912390323,-0.03821093943521229,-65.09511132220045
I3,4,N9,6.319473148509258e-05,6.312724997439761e-05,7.150580305321578e-08,1.258086420421903e-07,5.430283898897452e-08,67.15000052721932,3.646435666739145e-06,1.4798583382155456e-06,-0.0388428024391743,-0.03809883242106258,-65.09505372329878
I3,5,N9,6.312724997439761e-05,6.30597644287185e-05,7.150514449109113e-08,1.2581184182370317e-07,5.4306697332612035e-08,67.15000058011995,3.646694757389297e-06,1.4798773973609572e-06,-0.03884922533516408,-0.03801926469173119,-65.09496790261933
I3,6,N9,6.30597644287185e-05,6.299227466126966e-05,7.150428373130547e-08,1.2581503929198271e-07,5.431075556067725e-08,67.15000060990491,3.6469672690238734e-06,1.4798949226746613e-06,-0.038852590376331916,-0.037984870963579366,-65.09485385941389
I3,7,N9,6.299227466126966e-05,6.292478073087083e-05,7.150322910147584e-08,1.258180118562008e-07,5.431478275472495e-08,67.15000065376194,3.647237697488718e-06,1.4799093071825748e-06,-0.03885301726468632,-0.038008537870795354,-65.09471158293363
I3,8,N9,6.292478073087083e-05,6.285728173000858e-05,7.150195360695796e-08,1.2582164035429802e-07,5.431968674734005e-08,67.15000066854556,3.64756700139907e-06,1.47992695470942e-06,-0.038855590093766657,-0.03803265796105013,-65.09454105640192
I3,9,N9,6.285728173000858e-05,6.278977637812392e-05,7.150042835683068e-08,1.2582624864574412e-07,5.432582028891344e-08,67.15000065853583,3.6479788681760364e-06,1.4799500775193111e-06,-0.03886526663761676,-0.038036413194606995,-65.09434223964224
I3,10,N9,6.278977637812392e-05,6.285918057302409e-05,1.4841950643771254e-07,6.506740948549846e-08,-8.335209695221408e-08,60.00013439555384,-5.001137019284079e-06,1.6011518694240825e-06,-0.039928443194191136,-0.03884825586142426,-65.09411503621078
I3,11,N9,6.285918057302409e-05,6.299038826464226e-05,2.049609961957939e-07,5.675510956854713e-08,-1.4820588662724678e-07,60.00000056894557,-8.89235328195589e-06,1.9628707932325577e-06,-0.038003641761440485,-0.0388477276816888,-65.0939441806382
I3,12,N9,6.299038826464226e-05,6.315632058675593e-05,2.38960273139508e-07,5.403948595802621e-08,-1.8492078718148183e-07,60.000000561277375,-1.1095247334680763e-05,2.1974981932315066e-06,-0.037919348950145614,-0.03884675276669,-65.093830039576
I3,13,N9,6.315632058675593e-05,6.332225405278833e-05,2.389619450522012e-07,5.4039880006114176e-08,-1.8492206504608703e-07,60.00000055634319,-1.1095324005645354e-05,2.197513687937365e-06,-0.03778883937632021,-0.038843661460153604,-65.09377243532221
I3,14,N9,6.332225405278833e-05,6.35030389082587e-05,2.537829620606247e-07,5.312361320921628e-08,-2.006593488514084e-07,60.000000554008686,-1.2039561042251525e-05,2.3017993145238073e-06,-0.03894304466979053,-0.038846857294875074,-65.09377135305863
I3,15,N9,6.35030389082587e-05,6.366896384156163e-05,2.389524194388699e-07,5.403952128915413e-08,-1.8491289814971576e-07,60.00000055179615,-1.109477399101717e-05,2.19743955546018e-06,-0.03806316434892856,-0.038845637692263284,-65.09382666734872
I3,16,N9,6.366896384156163e-05,6.380016370194124e-05,2.0495269656564792e-07,5.675516833507862e-08,-1.481975282305693e-07,60.00000055872763,-8.891851776636211e-06,1.962808986755449e-06,-0.03820848939791145,-0.03884431891933659,-65.09393851181083
I3,17,N9,6.380016370194124e-05,6.386959860511606e-05,1.4845247125404826e-07,6.506754688414916e-08,-8.338492436989911e-08,60.00000062226734,-5.003095514081662e-06,1.6014001360364808e-06,-0.03833178822074763,-0.038834429467537894,-65.09410697136214
I3,18,N9,6.386959860511606e-05,6.380209497644383e-05,7.150038805891297e-08,1.2582460041406558e-07,5.432421235515261e-08,67.15000066054655,3.647870895532169e-06,1.4799374135473392e-06,-0.038864429704912946,-0.03815429146282472,-65.09433202267417
I3,19,N9,6.380209497644383e-05,6.373459762157015e-05,7.15017093341514e-08,1.2581988570259313e-07,5.431817636844173e-08,67.15000068536041,3.6474655803683898e-06,1.479911962775584e-06,-0.038846392961314744,-0.03820313515633529,-65.09452860009046
I3,20,N9,6.373459762157015e-05,6.366710458433525e-05,7.150349580021145e-08,1.2581740950844224e-07,5.431391370823079e-08,67.15000075098236,3.6471793462964885e-06,1.4799067898149026e-06,-0.03882325384394176,-0.03803233396457021,-65.09469687723983
I3,21,N9,6.366710458433525e-05,6.359961507382511e-05,7.150422094069218e-08,1.2581474378674563e-07,5.431052284605345e-08,67.15000077458745,3.6469516511807387e-06,1.4798922354557835e-06,-0.03885403686619534,-0.03801750665906239,-65.09483690832438
I3,22,N9,6.359961507382511e-05,6.353212740215221e-05,7.150495788052838e-08,1.2581366826514088e-07,5.4308710384612496e-08,67.15000067660796,3.6468299390724347e-06,1.4798896960925194e-06,-0.03885950211454731,-0.03792753438268927,-65.09494872488348
I3,23,N9,6.353212740215221e-05,6.346464004785997e-05,7.150552237213874e-08,1.258138657456723e-07,5.430834337353356e-08,67.15000066498418,3.6468052936469676e-06,1.4798954108835827e-06,-0.03886732486485378,-0.03778879002967352,-65.09503234190713
I3,24,N9,6.346464004785997e-05,6.3397151782551e-05,7.150590980124186e-08,1.258150578824341e-07,5.430914808119223e-08,67.15000065908403,3.6468593294463503e-06,1.4799072576275696e-06,-0.038871834618478054,-0.037625918065387724,-65.0950877527117
I2,1,N2,5.12661858156896e-05,5.123224776163796e-05,8.114539414207443e-08,1.028571738186229e-07,2.1711779676548477e-08,67.15000054350268,1.4579460170806407e-06,1.38001925970523e-06,-0.047665948727819124,-0.047735397137090976,-65.0966653410235
I2,2,N2,5.123224776163796e-05,5.119830978805346e-05,8.114542617268905e-08,1.0285712656328343e-07,2.171170039059438e-08,67.15000057484083,1.4579406937091847e-06,1.3800191455197936e-06,-0.047665983054622496,-0.04773535660942305,-65.09666364952918
I2,3,N2,5.119830978805346e-05,5.116437130488024e-05,8.114524706332684e-08,1.0285744662132327e-07,2.1712199557996424e-08,67.15000056364632,1.457974212557461e-06,1.3800202026348757e-06,-0.04766598423053404,-0.04773535548635982,-65.09661879787564
I2,4,N2,5.116437130488024e-05,5.113043166869143e-05,8.114483607585515e-08,1.0285816577943872e-07,2.171332970358357e-08,67.15000053182558,1.4580501011433409e-06,1.3800225139147043e-06,-0.04766598596858852,-0.047735354831688365,-65.0965308747842
I2,5,N2,5.113043166869143e-05,5.1096490348300985e-05,8.11442368245755e-08,1.028592171905232e-07,2.1714980365947707e-08,67.1500005853655,1.458160944284589e-06,1.3800259051132402e-06,-0.04766598719816012,-0.04773535480305886,-65.09639988340739
I2,6,N2,5.1096490348300985e-05,5.10625467547531e-05,8.114342687915087e-08,1.0286063527594148e-07,2.1717208396790607e-08,67.15000062099308,1.4583105573307254e-06,1.3800304661631924e-06,-0.04766599177275669,-0.047735352012968156,-65.09622582966473
I2,7,N2,5.10625467547531e-05,5.1028600320761824e-05,8.114241467763661e-08,1.0286240714524759e-07,2.171999246761098e-08,67.15000067407367,1.4584975088409523e-06,1.3800361636716314e-06,-0.04766600006664138,-0.0477353463043827,-65.09600871185212
I2,8,N2,5.1028600320761824e-05,5.099465048411426e-05,8.114120221803952e-08,1.0286452980053387e-07,2.172332758249435e-08,67.1500007049832,1.4587214624790766e-06,1.3800429901393005e-06,-0.047666017809054585,-0.047735331920289885,-65.09574852178866
I2,9,N2,5.099465048411426e-05,5.0960696671760144e-05,8.113978533120244e-08,1.0286700973297989e-07,2.172722440177745e-08,67.15000068919367,1.4589831335536214e-06,1.3800509629813674e-06,-0.04766605666517053,-0.04773529557261663,-65.0954452336131
I2,10,N2,5.0960696671760144e-05,5.1076602671159116e-05,1.894450508338573e-07,5.748403581790115e-08,-1.3196101501595614e-07,60.000134416919394,-7.917678638750487e-06,1.8519681498881886e-06,-0.04787729916596432,-0.04762864753049055,-65.09509877651129
I2,11,N2,5.1076602671159116e-05,5.113978800886434e-05,1.4216873360093869e-07,6.541198274076183e-08,-7.675675086017686e-08,60.00000062080271,-4.60540509926141e-06,1.5568553725627538e-06,-0.047865199551112486,-0.04762958158034013,-65.09483862301165
I2,12,N2,5.113978800886434e-05,5.1187321856307105e-05,1.2950282470464993e-07,6.896522550601742e-08,-6.05375991986325e-08,60.00000061448062,-3.632255989117132e-06,1.488510376580005e-06,-0.047858420517268185,-0.04763082263067411,-65.0946646527874
I2,13,N2,5.1187321856307105e-05,5.1234854843431215e-05,1.2950217610652098e-07,6.896546253005398e-08,-6.0536713576467e-08,60.00000060622822,-3.632202851287084e-06,1.4885072897743123e-06,-0.04785834443585493,-0.04763088870121418,-65.09457680397743
I2,14,N2,5.1234854843431215e-05,5.127718103984196e-05,1.254799909369458e-07,7.031519829943375e-08,-5.516479263751206e-08,60.00000060282068,-3.309887591505201e-06,1.4684639192728468e-06,-0.04785866060544442,-0.04763085329046071,-65.09457499755239
I2,15,N2,5.127718103984196e-05,5.1324714849202644e-05,1.2950279585479647e-07,6.896523587560481e-08,-6.053755997919166e-08,60.00000060122737,-3.6322536351483375e-06,1.4885102379780096e-06,-0.0478581097479798,-0.047631175937906174,-65.09465886136533
I2,16,N2,5.1324714849202644e-05,5.1387900091681704e-05,1.4216865656240955e-07,6.541200437929903e-08,-7.675665218311052e-08,60.00000061104627,-4.605399177888498e-06,1.5568549570628145e-06,-0.047863557299545265,-0.04763144907219966,-65.09482654127844
I2,17,N2,5.1387900091681704e-05,5.150380582729345e-05,1.8944480366989116e-07,5.748406618338902e-08,-1.3196073748650213e-07,60.00000064333042,-7.917644334084484e-06,1.851966523899601e-06,-0.04786994266056033,-0.04763757530924825,-65.09506840330437
I2,18,N2,5.150380582729345e-05,5.1469852038873014e-05,8.113979970829098e-08,1.028669999267573e-07,2.172720021846632e-08,67.15000070011526,1.4589815098815577e-06,1.3800509972628622e-06,-0.047622821856934075,-0.04778475716944916,-65.09533532418033
I2,19,N2,5.1469852038873014e-05,5.14359009191979e-05,8.114071078089277e-08,1.0286530016820579e-07,2.1724589387313024e-08,67.15000115117144,1.4588062023667964e-06,1.3800450821182392e-06,-0.047445347720425905,-0.04798735641400637,-65.09524491863552
I2,20,N2,5.14359009191979e-05,5.140194988240767e-05,8.114063476884002e-08,1.0286515599409217e-07,2.1724521225252147e-08,67.15000328250042,1.4588016715864318e-06,1.3800434307219915e-06,-0.05008267556719455,-0.0454831431367182,-65.09351079688182
I2,21,N2,5.140194988240767e-05,5.13680062968951e-05,8.114344004203698e-08,1.0286063928683463e-07,2.1717199244797646e-08,67.15000095006148,1.4583099499208365e-06,1.3800305949665372e-06,-0.047445147542605724,-0.04798755241426127,-65.09571558997733
I2,22,N2,5.13680062968951e-05,5.133406468732028e-05,8.114413591044518e-08,1.0285939945663026e-07,2.1715263546185076e-08,67.15000071361294,1.458179962622621e-06,1.380026515253066e-06,-0.047622791372685144,-0.047784748114616235,-65.09627624925916
I2,23,N2,5.133406468732028e-05,5.130012469610002e-05,8.114471086810288e-08,1.0285838839486979e-07,2.1713677526766916e-08,67.15000068401996,1.4580734607749872e-06,1.3800232444722951e-06,-0.04765746045136225,-0.047745224098632355,-65.09647993953328
I2,24,N2,5.130012469610002e-05,5.12661858156896e-05,8.114510650369439e-08,1.028576952916076e-07,2.1712588787913202e-08,67.15000067209077,1.458000351701202e-06,1.380021013464765e-06,-0.04766414028451147,-0.047737704882297206,-65.09657923340059
I2,1,N3,5.129388753032446e-05,5.1226563429925844e-05,7.14675884033617e-08,1.256278263029328e-07,5.416023789957111e-08,67.15000053735443,3.6368600040594435e-06,1.4782156102972088e-06,-0.0476676517765595,-0.047746116744204946,-65.09641509955577
I2,2,N3,5.1226563429925844e-05,5.115923930143156e-05,7.146758242249773e-08,1.2562784736067726e-07,5.416026493817954e-08,67.15000056916398,3.636861821424828e-06,1.4782157233738124e-06,-0.04766758661214612,-0.047746181482212866,-65.0964132727678
I2,3,N3,5.115923930143156e-05,5.109191377064734e-05,7.146725803152404e-08,1.2562887570641324e-07,5.41616176748892e-08,67.15000055853625,3.6369526571200366e-06,1.4782210030345295e-06,-0.047667565059804295,-0.04774620813863181,-65.09636840684183
I2,4,N3,5.109191377064734e-05,5.1024585445856193e-05,7.146661077945981e-08,1.2563092384195462e-07,5.416431306249481e-08,67.15000052707353,3.637133650695102e-06,1.4782315096606081e-06,-0.047667561728109875,-0.047746215739991965,-65.09628048401522
I2,5,N3,5.1024585445856193e-05,5.095725295570976e-05,7.146564588952639e-08,1.2563397727829778e-07,5.416833138877139e-08,67.15000057989805,3.6374034841681085e-06,1.4782471737586813e-06,-0.047667565083639334,-0.04774622609692799,-65.09614948669659
I2,6,N3,5.095725295570976e-05,5.088991491855228e-05,7.146436089360771e-08,1.2563804350084074e-07,5.417368260723303e-08,67.15000060907131,3.6377628200713337e-06,1.4782680329583633e-06,-0.047667577295786044,-0.04774620908841948,-65.09597541645776
I2,7,N3,5.088991491855228e-05,5.0822569955656383e-05,7.14627564685203e-08,1.2564312036161003e-07,5.4180363893089734e-08,67.15000065178795,3.638211470735084e-06,1.4782940762259774e-06,-0.04766760143471254,-0.047746198162192485,-65.0957582693302
I2,8,N3,5.0822569955656383e-05,5.0755216691340426e-05,7.146083364472769e-08,1.2564920591254776e-07,5.4188372267820073e-08,67.15000066433294,3.6387492337832384e-06,1.4783252966795658e-06,-0.04766764957218894,-0.04774614563136824,-65.095498032796
I2,9,N3,5.0755216691340426e-05,5.068785374598559e-05,7.145859141011701e-08,1.2565630295216348e-07,5.419771154204647e-08,67.150000656776,3.6393763656441766e-06,1.4783617077171038e-06,-0.047667752921185594,-0.04774604973170355,-65.09519466755617
I2,10,N3,5.068785374598559e-05,5.0757173805837956e-05,1.482762824396671e-07,6.502068191844499e-08,-8.325560052122211e-08,60.00013439555384,-4.99534722045587e-06,1.5997272326858407e-06,-0.047870128544500797,-0.04763370892224359,-65.09484807174921
I2,11,N3,5.0757173805837956e-05,5.088809777288892e-05,2.0461639141769204e-07,5.6718768895776774e-08,-1.4789762252191526e-07,60.00000056894557,-8.873857435460613e-06,1.9600137023510158e-06,-0.047884894333548006,-0.047631382721353234,-65.0945876198528
I2,12,N3,5.088809777288892e-05,5.105362221590354e-05,2.3848677030925194e-07,5.400642685916802e-08,-1.8448034345008392e-07,60.00000056155342,-1.1068820710600603e-05,2.1936989787631497e-06,-0.047897579914301124,-0.04763369272984558,-65.09441351282017
I2,13,N3,5.105362221590354e-05,5.1219138799496824e-05,2.3847904158899666e-07,5.400701217663227e-08,-1.844720294123644e-07,60.000000556980496,-1.1068321867489185e-05,2.193645403242217e-06,-0.04789786647188306,-0.04763339858233809,-65.09432561486801
I2,14,N3,5.1219138799496824e-05,5.1399512334957025e-05,2.5330709152255026e-07,5.3091700463793486e-08,-2.0021539105875678e-07,60.00000055466009,-1.2012923574576895e-05,2.297990939897578e-06,-0.04789534536619675,-0.047633983391815314,-65.0943238859618
I2,15,N3,5.1399512334957025e-05,5.156503612666846e-05,2.3848612988963653e-07,5.400647540988698e-08,-1.8447965447974955e-07,60.00000055230277,-1.1068779370673597e-05,2.1936945397464262e-06,-0.04789761564337357,-0.04763365101175301,-65.09440833338863
I2,16,N3,5.156503612666846e-05,5.169595942257333e-05,2.0461575458791413e-07,5.671883916449402e-08,-1.478969154234201e-07,60.00000055872763,-8.873815008039299e-06,1.960009453143061e-06,-0.047884899511916094,-0.04763137485563568,-65.09457897303028
I2,17,N3,5.169595942257333e-05,5.1765278960174706e-05,1.4827585077895284e-07,6.502079256915194e-08,-8.32550582098009e-08,60.00000062226734,-4.995303544394958e-06,1.599724825110786e-06,-0.04787020769208167,-0.04763365224852428,-65.09483591420943
I2,18,N3,5.1765278960174706e-05,5.1697915473857525e-05,7.145846743497506e-08,1.256567006787926e-07,5.419823324381755e-08,67.15000065856728,3.6394113980155315e-06,1.4783637608532575e-06,-0.047667749491193886,-0.04774604589239583,-65.09517911818381
I2,19,N3,5.1697915473857525e-05,5.163056126366317e-05,7.146060813641594e-08,1.2564989368779216e-07,5.4189285551376214e-08,67.15000067980583,3.6388105616131048e-06,1.4783287636815608e-06,-0.0476676511425004,-0.04774615724496315,-65.09547904532504
I2,20,N3,5.163056126366317e-05,5.1563215858471736e-05,7.146266264495609e-08,1.256434521517791e-07,5.4180789506823014e-08,67.15000074307765,3.638240055643699e-06,1.478295860975514e-06,-0.047667607049417346,-0.04774618775545559,-65.0957358350064
I2,21,N3,5.1563215858471736e-05,5.1495877045673785e-05,7.14641838962601e-08,1.256386144336631e-07,5.417443053740298e-08,67.15000076643648,3.63781305210787e-06,1.478270987474424e-06,-0.0476675833849674,-0.047746213698657454,-65.09594954430135
I2,22,N3,5.1495877045673785e-05,5.14285436006686e-05,7.146542537898657e-08,1.2563467783767828e-07,5.4169252458691715e-08,67.15000067205166,3.637465339005685e-06,1.4782507741249863e-06,-0.04766757892070829,-0.04774621123042225,-65.09612018940238
I2,23,N3,5.14285436006686e-05,5.1361214212586564e-05,7.146636490238788e-08,1.2563170367030924e-07,5.416533876792136e-08,67.15000066231636,3.637202534140509e-06,1.4782355142952284e-06,-0.04766759554496466,-0.047746172387401004,-65.09624778594922
I2,24,N3,5.1361214212586564e-05,5.129388753032446e-05,7.146699192582486e-08,1.2562972035557947e-07,5.4162728429754606e-08,67.15000065729409,3.637027249658863e-06,1.4782253421105324e-06,-0.04766765413688912,-0.04774611510202492,-65.09633235546372
I2,1,N8,5.122533529181649e-05,5.114746577943022e-05,6.918155051297202e-08,1.334955432717717e-07,6.431399275879967e-08,67.1500005392971,4.3186846484377475e-06,1.5200782033855777e-06,-0.047797402576916316,-0.04787882272260475,-65.09661724036847
I2,2,N8,5.114746577943022e-05,5.106959639545652e-05,6.918158072106146e-08,1.3349544954278195e-07,6.431386882172049e-08,67.15000057181993,4.318676328154483e-06,1.5200777269788255e-06,-0.0477974170253494,-0.04787879565739669,-65.09661548539681
I2,3,N8,5.106959639545652e-05,5.099172536324898e-05,6.918125015143858e-08,1.3349670267893963e-07,6.431545252750105e-08,67.15000056134818,4.3187826733250576e-06,1.5200846462278367e-06,-0.047797413427265775,-0.0478788012789254,-65.0965704866604
I2,4,N8,5.099172536324898e-05,5.091385082559853e-05,6.918054073737993e-08,1.3349936225867543e-07,6.43188215212955e-08,67.15000052988691,4.319008899236695e-06,1.5200992724704152e-06,-0.04779741091473424,-0.04787880835719071,-65.09648228718478
I2,5,N8,5.091385082559853e-05,5.0835971097854816e-05,6.917949135553539e-08,1.335033008267403e-07,6.43238094712049e-08,67.15000058278977,4.319343843478667e-06,1.5201209413670678e-06,-0.047797410856132184,-0.04787881461240007,-65.096350880919
I2,6,N8,5.0835971097854816e-05,5.0758084421678135e-05,6.917808550586073e-08,1.335085729007151e-07,6.433048739485437e-08,67.15000061716766,4.319792268267168e-06,1.5201499380493189e-06,-0.04779741190505803,-0.04787882178343464,-65.09617627095906
I2,7,N8,5.0758084421678135e-05,5.068018906615038e-05,6.917632945911829e-08,1.335151583077959e-07,6.433882884867761e-08,67.15000066555548,4.3203524000097615e-06,1.5201861582518564e-06,-0.04779741263870789,-0.04787883234082515,-65.09595845305061
I2,8,N8,5.068018906615038e-05,5.060228330804021e-05,6.917422508215537e-08,1.335230514886955e-07,6.434882640654013e-08,67.15000068907833,4.321023737540551e-06,1.5202295742813816e-06,-0.0477974125300032,-0.04787884587799214,-65.09569741373066
I2,9,N8,5.060228330804021e-05,5.052436540425871e-05,6.917176802172094e-08,1.3353226721624007e-07,6.436049919451913e-08,67.15000066607799,4.321807563781071e-06,1.5202802642847075e-06,-0.0477974106355549,-0.04787887557509651,-65.0953931152261
I2,10,N8,5.052436540425871e-05,5.058330290192809e-05,1.3986418789642572e-07,6.736895774077126e-08,-7.249523015565446e-08,60.00013439779223,-4.349723552538148e-06,1.5542485922789775e-06,-0.048001994253692004,-0.047763663413224106,-65.09504544289811
I2,11,N8,5.058330290192809e-05,5.0728336369150327e-05,2.1852185004456393e-07,5.569479341662439e-08,-1.6282705662793953e-07,60.00000056158572,-9.769623489117722e-06,2.0566248259589125e-06,-0.048026250036166146,-0.047760413897848346,-65.09478414701667
I2,12,N8,5.0728336369150327e-05,5.0930964783114166e-05,2.7595880109060667e-07,5.21062063301204e-08,-2.2385259476048627e-07,60.000000552067874,-1.3431155809211001e-05,2.460487555655453e-06,-0.04869219881943562,-0.04776104519512303,-65.09460949761312
I2,13,N8,5.0930964783114166e-05,5.1133621414077754e-05,2.7598973313316423e-07,5.21068946571175e-08,-2.2388283847604675e-07,60.00000054762305,-1.3432970431166209e-05,2.460724708427113e-06,-0.048053917761804774,-0.047761094332851556,-65.09452131916538
I2,14,N8,5.1133621414077754e-05,5.136393995679281e-05,3.0418763390607566e-07,5.091941333327859e-08,-2.532682205727971e-07,60.000000544703965,-1.519609337232403e-05,2.6633028542951566e-06,-0.048050363220555205,-0.04776130132042424,-65.09451953938316
I2,15,N8,5.136393995679281e-05,5.156660788945782e-05,2.760010957507332e-07,5.2106271008390543e-08,-2.2389482474234264e-07,60.00000054492376,-1.3433689606546168e-05,2.4608052506934278e-06,-0.04805644287044757,-0.04776190775926273,-65.09460395011457
I2,16,N8,5.156660788945782e-05,5.1711640329975336e-05,2.185208600822269e-07,5.569488711019839e-08,-1.6282597297202852e-07,60.000000551242195,-9.769558468078258e-06,2.05661810394319e-06,-0.04802516680351812,-0.04776156790009059,-65.09477347545041
I2,17,N8,5.1711640329975336e-05,5.177057718508321e-05,1.398636782527111e-07,6.736911268151574e-08,-7.249456557119536e-08,60.000000623119064,-4.349673979444468e-06,1.5542459320067011e-06,-0.04799715157253962,-0.04776923502796588,-65.09502263404516
I2,18,N8,5.177057718508321e-05,5.169265887200591e-05,6.917168026748693e-08,1.3353257343598122e-07,6.43608931684943e-08,67.15000067611612,4.321834019779829e-06,1.520281902776011e-06,-0.0477710411376355,-0.04791224909055352,-65.0953225123828
I2,19,N8,5.169265887200591e-05,5.1614750713262385e-05,6.917370622457007e-08,1.3352484391245773e-07,6.435113768788766e-08,67.15000094890787,4.321178956804957e-06,1.5202391260277087e-06,-0.04766871838345912,-0.048025792835263606,-65.0953957761289
I2,20,N8,5.1614750713262385e-05,5.1536851757902005e-05,6.917554318164127e-08,1.335178388965794e-07,6.434229571493814e-08,67.15000223608381,4.320585301132862e-06,1.5202003655866553e-06,-0.04920669316807404,-0.04656423069237353,-65.09449178622188
I2,21,N8,5.1536851757902005e-05,5.1458964444208755e-05,6.917796821150459e-08,1.335090668551046e-07,6.43310986436e-08,67.15000093693381,4.319833334191721e-06,1.520152762999569e-06,-0.047668652696718924,-0.04802583603231881,-65.09586788042274
I2,22,N8,5.1458964444208755e-05,5.1381083567211834e-05,6.917926139164143e-08,1.3350417505729228e-07,6.432491366565085e-08,67.1500007039349,4.319417997929006e-06,1.5201257733670027e-06,-0.04777229066640443,-0.04790752887664243,-65.09626649989877
I2,23,N8,5.1381083567211834e-05,5.130320772952625e-05,6.918027941627075e-08,1.3350035014918452e-07,6.432007073291377e-08,67.1500006780213,4.319092793325538e-06,1.5201047217409147e-06,-0.047792541812000294,-0.04788440164154135,-65.09643885628319
I2,24,N8,5.130320772952625e-05,5.122533529181649e-05,6.918096758773647e-08,1.334977706760739e-07,6.431680308833742e-08,67.15000066786236,4.3188733703366296e-06,1.5200905369785776e-06,-0.04779649813816729,-0.04787989969209638,-65.09653227297234
I2,1,N9,5.129388408104504e-05,5.1226559858081926e-05,7.146755691174726e-08,1.256279134336291e-07,5.4160356521881825e-08,67.15000053751203,3.6368679695562076e-06,1.4782160275903226e-06,-0.04766765639626226,-0.04774612285848436,-65.09641510250492
I2,2,N9,5.1226559858081926e-05,5.1159235652123624e-05,7.146756248162051e-08,1.2562790239686912e-07,5.41603399152486e-08,67.15000056937187,3.6368668561463176e-06,1.4782159865886723e-06,-0.04766759134354884,-0.047746192751824595,-65.09641327432473
I2,3,N9,5.1159235652123624e-05,5.1091910080143044e-05,7.146724742210355e-08,1.2562890497133566e-07,5.41616575492321e-08,67.15000055871937,3.636955334692103e-06,1.478221142950794e-06,-0.04766757001400739,-0.04774621326151804,-65.09636840796425
I2,4,N9,5.1091910080143044e-05,5.102458170004116e-05,7.146659654811324e-08,1.2563096314477553e-07,5.416436659666229e-08,67.15000052721932,3.637137245522373e-06,1.4782316976966657e-06,-0.047667568479965235,-0.047746219231714924,-65.09628048494464
I2,5,N9,5.102458170004116e-05,5.0957249191390464e-05,7.146564114337905e-08,1.2563399044020838e-07,5.416834929682934e-08,67.15000058011995,3.63740468670623e-06,1.4782472368769058e-06,-0.04766756974087539,-0.047746221977198244,-65.09614948752629
I2,6,N9,5.0957249191390464e-05,5.0889911140042273e-05,7.146435719814852e-08,1.2563805354577206e-07,5.417369634762354e-08,67.15000060990491,3.637763742783724e-06,1.4782680805794043e-06,-0.04766758172075677,-0.047746218651771734,-65.09597541705837
I2,7,N9,5.0889911140042273e-05,5.082256616628811e-05,7.146275367999041e-08,1.2564312808192418e-07,5.418037440193376e-08,67.15000065376194,3.6382121765109187e-06,1.4782941132143595e-06,-0.04766760576810083,-0.047746195501339454,-65.09575826939276
I2,8,N9,5.082256616628811e-05,5.075521289414764e-05,7.146083155848564e-08,1.2564921140854036e-07,5.418837985005472e-08,67.15000066854556,3.638749743158575e-06,1.478325322252695e-06,-0.047667654192929176,-0.047746160868151886,-65.09549803205549
I2,9,N9,5.075521289414764e-05,5.068784994000846e-05,7.145858911272006e-08,1.256563091615704e-07,5.4197720048850346e-08,67.15000065853583,3.6393769369714414e-06,1.4783617370571787e-06,-0.04766775727334283,-0.04774605695892197,-65.09519466785063
I2,10,N9,5.068784994000846e-05,5.0757169999607147e-05,1.4827628218584786e-07,6.502068193352104e-08,-8.325560025232682e-08,60.00013439555384,-4.995347204322116e-06,1.5997272308952668e-06,-0.047870133568855514,-0.04763371389785929,-65.0948480722964
I2,11,N9,5.0757169999607147e-05,5.088809396579067e-05,2.0461639050944209e-07,5.671876891198018e-08,-1.478976215974619e-07,60.00000056894557,-8.873857379993412e-06,1.960013695660667e-06,-0.04788490964073953,-0.04763138776744137,-65.09458762052039
I2,12,N9,5.088809396579067e-05,5.105361841031688e-05,2.384867717771256e-07,5.400642673032597e-08,-1.8448034504679966e-07,60.000000561277375,-1.1068820806352622e-05,2.193698988805887e-06,-0.04789758524965996,-0.04763369765523556,-65.09441351351963
I2,13,N9,5.105361841031688e-05,5.121913499648768e-05,2.384790441206601e-07,5.400701198206085e-08,-1.8447203213859923e-07,60.00000055634319,-1.1068322030945712e-05,2.193645420770407e-06,-0.04789787033341064,-0.047633403575779304,-65.09432561565508
I2,14,N9,5.121913499648768e-05,5.1399508533698015e-05,2.533070932598529e-07,5.309170034770779e-08,-2.002153929121451e-07,60.000000554008686,-1.2012923685649773e-05,2.297990952056705e-06,-0.047895346295524305,-0.047633988471797006,-65.09432388671905
I2,15,N9,5.1399508533698015e-05,5.156503232869563e-05,2.384861331196554e-07,5.4006475163832176e-08,-1.844796579558232e-07,60.00000055179615,-1.1068779579144557e-05,2.1936945621261565e-06,-0.04789762105750166,-0.04763365597620846,-65.09440833412081
I2,16,N9,5.156503232869563e-05,5.169595562412063e-05,2.0461575409121215e-07,5.67188391784895e-08,-1.4789691491272265e-07,60.00000055872763,-8.873814977397452e-06,1.960009449522762e-06,-0.04788490480678349,-0.04763137983294504,-65.09457897373795
I2,17,N9,5.169595562412063e-05,5.1765275161428375e-05,1.4827585050502972e-07,6.502079260400666e-08,-8.325505790102306e-08,60.00000062226734,-4.995303525868287e-06,1.5997248233177727e-06,-0.047870213165451245,-0.04763365358487363,-65.09483591487702
I2,18,N9,5.1765275161428375e-05,5.1697911791497065e-05,7.145849724903365e-08,1.2565661786159557e-07,5.4198120612561924e-08,67.15000066054655,3.6394038349339148e-06,1.478363363329719e-06,-0.0476677559359147,-0.047746049490323926,-65.09517911889237
I2,19,N9,5.1697911791497065e-05,5.1630557089604094e-05,7.146048199346693e-08,1.256502434043715e-07,5.4189761410904554e-08,67.15000068536041,3.638842515881758e-06,1.4783304404837884e-06,-0.047667655504910963,-0.04774615910088804,-65.09547904586573
I2,20,N9,5.1630557089604094e-05,5.1563212193764215e-05,7.146279333907482e-08,1.2564308989931366e-07,5.418029656023884e-08,67.15000075098236,3.6382069547084852e-06,1.4782941242879134e-06,-0.047667611360927065,-0.04774619133847466,-65.09573583555647
I2,21,N9,5.1563212193764215e-05,5.149587356792235e-05,7.146423184123212e-08,1.2563848144716714e-07,5.417424960593502e-08,67.15000077458745,3.637800903001231e-06,1.4782703496629945e-06,-0.04766758764344812,-0.047746215701076934,-65.09594954486882
I2,22,N9,5.149587356792235e-05,5.142854015193351e-05,7.146543284557989e-08,1.2563465721983324e-07,5.416922437425335e-08,67.15000067660796,3.6374634533824407e-06,1.4782506754905983e-06,-0.047667583433142105,-0.04774620263183939,-65.09612019003558
I2,23,N9,5.142854015193351e-05,5.136121076368162e-05,7.146636482156904e-08,1.256317037584918e-07,5.416533893692276e-08,67.15000066498418,3.637202545633457e-06,1.4782355143504562e-06,-0.04766760019620384,-0.04774617766315623,-65.09624778667506
I2,24,N9,5.136121076368162e-05,5.129388408104504e-05,7.146699185077029e-08,1.256297206403274e-07,5.4162728789557116e-08,67.15000065908403,3.63702727391655e-06,1.4782253436832329e-06,-0.047667658904183896,-0.04774610632562893,-65.09633235643611
I1,1,N1,6.43555550770712e-05,6.43083081536212e-05,7.686335468383836e-08,1.1156279793428863e-07,3.469944325045027e-08,67.15000050302154,2.330067631722303e-06,1.4131961446359522e-06,-0.0379901510232405,-0.038052873982572705,-65.09455446775944
I1,2,N1,6.43083081536212e-05,6.426106129886812e-05,7.686337804111342e-08,1.1156275409718329e-07,3.4699376056069875e-08,67.15000053064384,2.330063120578102e-06,1.4131959910372252e-06,-0.03799003147196979,-0.03805300565175083,-65.09455298713206
I1,3,N1,6.426106129886812e-05,6.42138139503913e-05,7.686323169258507e-08,1.1156308800725273e-07,3.469985631466765e-08,67.15000051487891,2.330095369396157e-06,1.4131973977487835e-06,-0.03799031522334387,-0.03805266060537533,-65.0945244161622
I1,4,N1,6.42138139503913e-05,6.416656549273125e-05,7.686289812050583e-08,1.1156383396159079e-07,3.470093584108495e-08,67.15000047931846,2.3301678583616537e-06,1.4132004906157245e-06,-0.03799091404924291,-0.038051941810110006,-65.09446854047032
I1,5,N1,6.416656549273125e-05,6.411931541875619e-05,7.686241308249011e-08,1.1156492189256941e-07,3.47025088100793e-08,67.15000053649555,2.330273485214567e-06,1.4132050123129463e-06,-0.037991820505800675,-0.038050864298207185,-65.0943853015291
I1,6,N1,6.411931541875619e-05,6.407206315893452e-05,7.686175594782131e-08,1.115663921319424e-07,3.4704636184121095e-08,67.15000057766265,2.3304163398113037e-06,1.413211110598228e-06,-0.037993038594694856,-0.03804943371933743,-65.09427468869787
I1,7,N1,6.407206315893452e-05,6.402480816733596e-05,7.686093446697662e-08,1.1156822937903239e-07,3.4707294912055764e-08,67.15000063305227,2.3305948753160766e-06,1.4132187288450677e-06,-0.037994571121828837,-0.03804766117434845,-65.09413668923594
I1,8,N1,6.402480816733596e-05,6.397754990353052e-05,7.685995040350574e-08,1.1157043003059957e-07,3.471047962709383e-08,67.15000065253842,2.3308087296092725e-06,1.4132278532557896e-06,-0.03799640932056356,-0.038045572721203756,-65.09397128478544
I1,9,N1,6.397754990353052e-05,6.393028781835574e-05,7.685880084068456e-08,1.1157299970492214e-07,3.471419886423758e-08,67.15000064319025,2.331058476061388e-06,1.4132385040920502e-06,-0.03799851511886439,-0.0380432203360904,-65.09377844431447
I1,10,N1,6.393028781835574e-05,6.402479759688632e-05,1.700312369684611e-07,6.050253387849438e-08,-1.0952870308996673e-07,60.000134381013346,-6.5717369039761155e-06,1.7290032813521663e-06,-0.038142809076664896,-0.03796630023667085,-65.09355811249033
I1,11,N1,6.402479759688632e-05,6.41193026232902e-05,1.700270056174112e-07,6.050327479936192e-08,-1.0952373081804927e-07,60.000000593068854,-6.57142391403807e-06,1.7289771031257983e-06,-0.03814459629008659,-0.0379642360249492,-65.09339257827308
I1,12,N1,6.41193026232902e-05,6.421380447086269e-05,1.700241750746774e-07,6.050377035836848e-08,-1.0952040471630892e-07,60.00000058934073,-6.571224347523371e-06,1.7289595907478442e-06,-0.0381457700575535,-0.03796289410382071,-65.09328191914096
I1,13,N1,6.421380447086269e-05,6.43083047118953e-05,1.7002274450216392e-07,6.05040207608404e-08,-1.0951872374132352e-07,60.00000058578734,-6.571123488634093e-06,1.7289507394725324e-06,-0.03814638922696707,-0.0379621955562741,-65.09322608110342
I1,14,N1,6.43083047118953e-05,6.440280492227912e-05,1.700227172219859e-07,6.050402554805318e-08,-1.095186916739327e-07,60.000000583686166,-6.571121564360508e-06,1.728950570775293e-06,-0.03814649741521297,-0.037962072758612686,-65.09322518274462
I1,15,N1,6.440280492227912e-05,6.449730667565498e-05,1.7002409118882493e-07,6.05037850343574e-08,-1.0952030615446752e-07,60.00000058229794,-6.5712184330415005e-06,1.7289590716738676e-06,-0.03814641011995834,-0.037962165601190374,-65.09327992215114
I1,16,N1,6.449730667565498e-05,6.459181154556276e-05,1.7002686626310218e-07,6.050329919196105e-08,-1.0952356707114113e-07,60.0000005863644,-6.571414088489188e-06,1.7289762409129741e-06,-0.03814768038230909,-0.03796071943760777,-65.0933937255578
I1,17,N1,6.459181154556276e-05,6.468632110498933e-05,1.7003104186944654e-07,6.050256803438876e-08,-1.0952847383505778e-07,60.000000614209895,-6.571708497376939e-06,1.7290020742787647e-06,-0.03815778269360659,-0.037949235585302644,-65.09358317074458
I1,18,N1,6.468632110498933e-05,6.46390590088237e-05,7.685880293994878e-08,1.1157301183150322e-07,3.4714208891554444e-08,67.15000062175292,2.3310591486515416e-06,1.41323861078589e-06,-0.03807038960589517,-0.03796118411744821,-65.09392811789235
I1,19,N1,6.46390590088237e-05,6.459180018388754e-05,7.685977215033324e-08,1.1157079908206542e-07,3.471102693173218e-08,67.1500000436218,2.3308454599799735e-06,1.41322928424299e-06,-0.03834165780567819,-0.037651679688566024,-65.09472864222089
I1,20,N1,6.459180018388754e-05,6.454455426620315e-05,7.686393917491297e-08,1.1156236860796167e-07,3.4698429433048696e-08,67.14999701829016,2.3299994329685718e-06,1.4131973083715597e-06,-0.034370085245497006,-0.041462282111346296,-65.09780143152274
I1,21,N1,6.454455426620315e-05,6.449730199478824e-05,7.686176169311599e-08,1.1156640801665396e-07,3.4704646323537964e-08,67.15000076486385,2.3304170271699036e-06,1.4132112728232746e-06,-0.03833849372494312,-0.03765533114237205,-65.0950270764486
I1,22,N1,6.449730199478824e-05,6.445005162729758e-05,7.686232700934488e-08,1.1156512121482985e-07,3.4702794205484975e-08,67.15000065154938,2.3302926535089002e-06,1.4132058616813106e-06,-0.038063752308855066,-0.03796875409327368,-65.09452616786757
I1,23,N1,6.445005162729758e-05,6.440280281772577e-05,7.68627940377013e-08,1.1156407216447345e-07,3.470127812677214e-08,67.15000063518467,2.330190848254469e-06,1.4132014965163106e-06,-0.038005944482222755,-0.038034776631390696,-65.09448062572075
I1,24,N1,6.440280281772577e-05,6.43555550770712e-05,7.68631155854695e-08,1.1156335336465365e-07,3.470023777918415e-08,67.1500006263595,2.3301209886070395e-06,1.4131985171259236e-06,-0.03799362071119314,-0.03804887880727379,-65.0945083231529
I1,1,N2,6.434695280200949e-05,6.43129483719977e-05,8.120532645461465e-08,1.0297180817661216e-07,2.1766481721997513e-08,67.15000054350268,1.4616192594622742e-06,1.3813285097342012e-06,-0.03799043022362062,-0.03804613299678662,-65.09519013219686
I1,2,N2,6.43129483719977e-05,6.427894402984931e-05,8.120536112871906e-08,1.0297175631433028e-07,2.1766395185611218e-08,67.15000057484083,1.461613449226006e-06,1.3813283808228701e-06,-0.03799058152963656,-0.03804595451676634,-65.0951891730426
I1,3,N2,6.427894402984931e-05,6.424493938331452e-05,8.120525529109153e-08,1.0297194849607158e-07,2.176669320498005e-08,67.15000056364632,1.461633460983127e-06,1.3813290284037233e-06,-0.037991015599327334,-0.03804543953774867,-65.09516068248699
I1,4,N2,6.424493938331452e-05,6.421093398636173e-05,8.120498803774089e-08,1.029724167477247e-07,2.1767428709983814e-08,67.15000053182558,1.4616828494518885e-06,1.381330535890992e-06,-0.03799180508197791,-0.03804451026294059,-65.0951048049049
I1,5,N2,6.421093398636173e-05,6.417692750522332e-05,8.120460292249301e-08,1.0297309414753406e-07,2.1768491225041045e-08,67.1500005853655,1.46175419850403e-06,1.3813327280252032e-06,-0.037992972934669474,-0.03804315214144957,-65.09502155517154
I1,6,N2,6.417692750522332e-05,6.414291954843427e-05,8.120407747431696e-08,1.0297401501349455e-07,2.176993753917759e-08,67.15000062099308,1.461851319274756e-06,1.3813356936585865e-06,-0.03799452428116148,-0.03804137638270489,-65.09491093804026
I1,7,N2,6.414291954843427e-05,6.410890974664975e-05,8.120342019623234e-08,1.0297516609054961e-07,2.177174589431727e-08,67.15000067407367,1.4619727514791654e-06,1.3813393971508647e-06,-0.03799645294599989,-0.03803921098590058,-65.09477294472609
I1,8,N2,6.410890974664975e-05,6.407489773647366e-05,8.12026333165682e-08,1.0297654376291794e-07,2.177391044634974e-08,67.1500007049832,1.4621181018226262e-06,1.381343828096146e-06,-0.0379987324847979,-0.03803670391201609,-65.09460755967301
I1,9,N2,6.407489773647366e-05,6.404088314524597e-05,8.120171322503237e-08,1.0297815353871719e-07,2.1776440313684812e-08,67.15000068919367,1.46228798207212e-06,1.3813490007281217e-06,-0.03800129514457207,-0.03803392935842759,-65.09441475734386
I1,10,N2,6.404088314524597e-05,6.415702988907883e-05,1.8974704896796067e-07,5.7523278385088046e-08,-1.322237705828726e-07,60.000134416919394,-7.933444008084268e-06,1.8545274551478654e-06,-0.0381512906617341,-0.03795858452391297,-65.09419449659704
I1,11,N2,6.415702988907883e-05,6.422032808322196e-05,1.4234493300243487e-07,6.546071670573416e-08,-7.68842162967007e-08,60.00000062080271,-4.613053025531972e-06,1.5585423728112678e-06,-0.03813139035823269,-0.03796681700626034,-65.09402910693248
I1,12,N2,6.422032808322196e-05,6.42679443057682e-05,1.2965152572271845e-07,6.901839877628942e-08,-6.063312694642903e-08,60.00000061448062,-3.637987654043623e-06,1.490024433742559e-06,-0.038106460602413676,-0.03798768292002173,-65.09391851343891
I1,13,N2,6.42679443057682e-05,6.431555996322687e-05,1.296511001698882e-07,6.90185548731311e-08,-6.06325452967571e-08,60.00000060622822,-3.637952754562586e-06,1.4900224128226449e-06,-0.03810702800344973,-0.037986870580893096,-65.093862655768
I1,14,N2,6.431555996322687e-05,6.435795889519488e-05,1.2562039926551894e-07,7.037012899286443e-08,-5.5250270272654514e-08,60.00000060282068,-3.315016249665276e-06,1.4699289619378753e-06,-0.03810730104021897,-0.03798684287982846,-65.0938614278305
I1,15,N2,6.435795889519488e-05,6.44055750910356e-05,1.2965150544201878e-07,6.901840600481636e-08,-6.063309943720242e-08,60.00000060122737,-3.637986002686424e-06,1.4900243358512637e-06,-0.03810607712244382,-0.037988119697275446,-65.09391435954473
I1,16,N2,6.44055750910356e-05,6.446887322353804e-05,1.4234488309344859e-07,6.546073067636218e-08,-7.68841524170864e-08,60.00000061104627,-4.613049192004959e-06,1.5585421032735808e-06,-0.038129415147382495,-0.037969074741607954,-65.09401922487147
I1,17,N2,6.446887322353804e-05,6.458501981787577e-05,1.8974690997419406e-07,5.752329654063869e-08,-1.3222361343355538e-07,60.00000064333042,-7.933416891076795e-06,1.8545265488612455e-06,-0.0381416317775852,-0.03796961979772448,-65.09416511383904
I1,18,N2,6.458501981787577e-05,6.455100530940454e-05,8.12017489730834e-08,1.0297810739739021e-07,2.1776358424306806e-08,67.15000070011526,1.4622824834381628e-06,1.381348922778552e-06,-0.037954040810142954,-0.03808787923277323,-65.09429967883096
I1,19,N2,6.455100530940454e-05,6.451699209266414e-05,8.12021694567509e-08,1.0297726672138442e-07,2.1775097264633517e-08,67.15000115117144,1.4621978063870107e-06,1.381345771336015e-06,-0.037771406326239,-0.03829634341033041,-65.09408823443482
I1,20,N2,6.451699209266414e-05,6.448297777517655e-05,8.120167204778746e-08,1.0297786124276518e-07,2.1776189194977727e-08,67.15000328250042,1.4622711759231045e-06,1.3813464996791447e-06,-0.04040091016553435,-0.03579822526207879,-65.09233221914737
I1,21,N2,6.448297777517655e-05,6.444896993857175e-05,8.120413080183572e-08,1.0297394924106685e-07,2.1769818439231136e-08,67.15000095006148,1.4618433288770367e-06,1.3813356003217692e-06,-0.037767085957941926,-0.03830111900339703,-65.09438751284144
I1,22,N2,6.444896993857175e-05,6.441496329612791e-05,8.120454795969715e-08,1.0297319697672705e-07,2.17686490170299e-08,67.15000071361294,1.4617647970279474e-06,1.3813330870231815e-06,-0.037945836821443736,-0.03809696177974392,-65.09489779456688
I1,23,N2,6.441496329612791e-05,6.438095768760366e-05,8.120491456845019e-08,1.0297255041244553e-07,2.176763584399534e-08,67.15000068401996,1.4616967618137845e-06,1.3813309873567178e-06,-0.03798223172306983,-0.03805543455198724,-65.09506239749815
I1,24,N2,6.438095768760366e-05,6.434695280200949e-05,8.120517215628842e-08,1.0297209942158692e-07,2.17669272652985e-08,67.15000067209077,1.4616491804941453e-06,1.3813295368340653e-06,-0.03798920416313122,-0.03804750231830889,-65.09513331457106
I1,1,N3,6.4392266447728e-05,6.432478686279307e-05,7.151016669754153e-08,1.2581066250215962e-07,5.430049580461809e-08,67.15000053735443,3.6462783224587167e-06,1.4799062189977588e-06,-0.03801523399677423,-0.03800896257007816,-65.09493207997765
I1,2,N3,6.432478686279307e-05,6.425730726912153e-05,7.151016550770329e-08,1.258106696371991e-07,5.4300504129495805e-08,67.15000056916398,3.6462788832015344e-06,1.4799062635867679e-06,-0.03801505939024105,-0.038009072237231746,-65.09493091589565
I1,3,N3,6.425730726912153e-05,6.418982681343206e-05,7.150996798944766e-08,1.258113034410223e-07,5.430133545157463e-08,67.15000055853625,3.6463347059025006e-06,1.4799095357285245e-06,-0.038013789885946184,-0.03801014389502711,-65.09490240764005
I1,4,N3,6.418982681343206e-05,6.412234462857262e-05,7.150957076928116e-08,1.2581257394110782e-07,5.430300317182666e-08,67.15000052707353,3.6464466916098358e-06,1.4799160853279174e-06,-0.03801120739230996,-0.038012353108871695,-65.09484655769214
I1,5,N3,6.412234462857262e-05,6.405485987586957e-05,7.15089811825839e-08,1.258144609081915e-07,5.43054797256076e-08,67.15000057989805,3.646612995066192e-06,1.4799258156808154e-06,-0.038006922072517234,-0.038016083963981095,-65.09476335138719
I1,6,N3,6.405485987586957e-05,6.398737171878974e-05,7.15081999336436e-08,1.2581696295578154e-07,5.4308763022137935e-08,67.15000060907131,3.646833470014472e-06,1.4799387216706887e-06,-0.03800035971794168,-0.03802187832783808,-65.09465278664348
I1,7,N3,6.398737171878974e-05,6.3919879338033e-05,7.150723105919904e-08,1.2582006749035905e-07,5.431283643116001e-08,67.15000065178795,3.647107001752847e-06,1.4799547391216857e-06,-0.03799091594393393,-0.038030437259180774,-65.09451485115878
I1,8,N3,6.3919879338033e-05,6.385238192457055e-05,7.150607528881e-08,1.2582376553706508e-07,5.431769024825507e-08,67.15000066433294,3.6474329362553585e-06,1.4799738061940632e-06,-0.037978658696151496,-0.03804215495197191,-65.09434952431624
I1,9,N3,6.385238192457055e-05,6.378487863131084e-05,7.150471719129433e-08,1.2582807920352018e-07,5.4323362012225854e-08,67.150000656776,3.6478137947992466e-06,1.4799959729611088e-06,-0.037966236150508606,-0.03805574985400821,-65.0941567676307
I1,10,N3,6.378487863131084e-05,6.385431146664202e-05,1.4845541562816e-07,6.507206194018494e-08,-8.338335368797505e-08,60.00013439555384,-5.003012427630503e-06,1.601456081762587e-06,-0.038091281696530435,-0.03798329418244316,-65.09393651278997
I1,11,N3,6.385431146664202e-05,6.398550819971348e-05,2.0495343812006766e-07,5.675874516836099e-08,-1.4819469295170666e-07,60.00000056894557,-8.891681661417115e-06,1.962841374663215e-06,-0.03809595695648011,-0.037984694977559616,-65.09377095119184
I1,12,N3,6.398550819971348e-05,6.415142308177396e-05,2.389455069095161e-07,5.404287321277827e-08,-1.8490263369673782e-07,60.00000056155342,-1.1094158125636976e-05,2.197412850917208e-06,-0.038106819391000336,-0.03796469747164798,-65.09366030771045
I1,13,N3,6.415142308177396e-05,6.431733326749009e-05,2.38940900813801e-07,5.404323360907453e-08,-1.848976672047265e-07,60.000000556980496,-1.1093860135267983e-05,2.1973810081715666e-06,-0.03810072064328147,-0.03796805788529887,-65.09360445513772
I1,14,N3,6.431733326749009e-05,6.449815530898792e-05,2.5382647471939123e-07,5.3126928353785155e-08,-2.0069954636560609e-07,60.00000055466009,-1.2041972893256393e-05,2.302150523048823e-06,-0.038099567475416124,-0.03795385234115889,-65.0936033566545
I1,15,N3,6.449815530898792e-05,6.466407008495492e-05,2.3894545373214254e-07,5.404292592781238e-08,-1.8490252780433015e-07,60.00000055230277,-1.1094151770381989e-05,2.197412847449662e-06,-0.038099993116803815,-0.037958241498389694,-65.09365701743916
I1,16,N3,6.466407008495492e-05,6.479526605066826e-05,2.0495266662345654e-07,5.675878751045214e-08,-1.481938791130044e-07,60.00000055872763,-8.89163282958028e-06,1.962835906004315e-06,-0.03810545610936679,-0.03798533686464333,-65.09376545252387
I1,17,N3,6.479526605066826e-05,6.486469866474376e-05,1.4845523534838666e-07,6.50721110931222e-08,-8.338312425526446e-08,60.00000062226734,-5.002987507202463e-06,1.6014550983113166e-06,-0.038086809594824474,-0.03798777890208525,-65.0939287628185
I1,18,N3,6.486469866474376e-05,6.479719506080663e-05,7.150464223494869e-08,1.2582830432861887e-07,5.432366209367018e-08,67.15000065856728,3.647833945365739e-06,1.4799970992267568e-06,-0.03796637952997738,-0.03805673726429283,-65.09414688526104
I1,19,N3,6.479719506080663e-05,6.472969694006947e-05,7.150590094225632e-08,1.2582427480189304e-07,5.431837385963672e-08,67.15000067980583,3.6474788416005527e-06,1.4799763180811202e-06,-0.03797989765881086,-0.038041885092050864,-65.09433746460266
I1,20,N3,6.472969694006947e-05,6.466220439849586e-05,7.150719994908074e-08,1.2582019075947457e-07,5.431299081039383e-08,67.15000074307765,3.6471173732767155e-06,1.4799554303141649e-06,-0.03799159172581414,-0.03803033411938799,-65.09450060591726
I1,21,N3,6.466220439849586e-05,6.459471579155507e-05,7.150809753846586e-08,1.2581729431763834e-07,5.4309196779172476e-08,67.15000076643648,3.646862605345981e-06,1.4799404389207813e-06,-0.03800036458398823,-0.038022148005460235,-65.0946363645763
I1,22,N3,6.459471579155507e-05,6.452723045189247e-05,7.150884586308346e-08,1.258148917494579e-07,5.430604588637444e-08,67.15000067205166,3.646651017766512e-06,1.47992803209406e-06,-0.038006506154823566,-0.0380166155083102,-65.09474476257284
I1,23,N3,6.452723045189247e-05,6.445974761078608e-05,7.150941952458543e-08,1.2581305568339516e-07,5.430363615880973e-08,67.15000066231636,3.6464892040302598e-06,1.4799185640598543e-06,-0.03801059320130951,-0.03801301425318972,-65.09482581613521
I1,24,N3,6.445974761078608e-05,6.4392266447728e-05,7.150980536991986e-08,1.2581182306771357e-07,5.430201769779371e-08,67.15000065729409,3.6463805240992426e-06,1.4799122132822508e-06,-0.03801311321578631,-0.038010825065923425,-65.09487953108757
I1,1,N4,6.435552734861449e-05,6.430828042507191e-05,7.686335449639904e-08,1.1156279785672149e-07,3.4699443360322447e-08,67.15000053302859,2.3300676401414476e-06,1.413196142648404e-06,-0.03799016784827574,-0.0380528906866665,-65.09455453014783
I1,2,N4,6.430828042507191e-05,6.426103357014584e-05,7.68633778269406e-08,1.1156275407148509e-07,3.46993762445445e-08,67.15000056420287,2.330063134398651e-06,1.4131959892381927e-06,-0.03799004832831539,-0.038053022351881065,-65.09455304948314
I1,3,N4,6.426103357014584e-05,6.421378622139211e-05,7.686323144401579e-08,1.1156308804865259e-07,3.4699856604636794e-08,67.15000055288583,2.3300953901864196e-06,1.413197396195013e-06,-0.03799033209015273,-0.03805267732063151,-65.09452447848048
I1,4,N4,6.421378622139211e-05,6.416653776336713e-05,7.686289784284305e-08,1.1156383405990176e-07,3.470093621705871e-08,67.15000052097159,2.3301678850536943e-06,1.413200489270586e-06,-0.03799093095565872,-0.03805195849959294,-65.09446860271798
I1,5,N4,6.416653776336713e-05,6.41192876891125e-05,7.686241283304461e-08,1.115649219357236e-07,3.4702509102678984e-08,67.15000057450247,2.330273506181571e-06,1.4132050107657615e-06,-0.03799183742944983,-0.03805088097146517,-65.09438536371206
I1,6,N4,6.41192876891125e-05,6.40720354291929e-05,7.686175575845359e-08,1.1156639205769483e-07,3.470463629924124e-08,67.1500006076697,2.330416348583005e-06,1.4132111086211133e-06,-0.03799305547604717,-0.038049450423034085,-65.09427475085049
I1,7,N4,6.40720354291929e-05,6.402478043766802e-05,7.686093433441912e-08,1.115682291939227e-07,3.470729485950358e-08,67.15000065508401,2.330594872551859e-06,1.4132187264625637e-06,-0.03799458799839043,-0.038047677863643194,-65.09413675130591
I1,8,N4,6.402478043766802e-05,6.397752217403353e-05,7.685995030325495e-08,1.1157042978275414e-07,3.4710479479499186e-08,67.15000066979036,2.3308087202971147e-06,1.4132278506450682e-06,-0.03799642621855561,-0.03804558936261165,-65.09397134672734
I1,9,N4,6.397752217403353e-05,6.393026008909146e-05,7.685880076106142e-08,1.1157299941734387e-07,3.4714198656282444e-08,67.15000065725249,2.33105846258536e-06,1.4132385013380395e-06,-0.0379985320095142,-0.038043236957771294,-65.09377850616413
I1,10,N4,6.393026008909146e-05,6.402476986757841e-05,1.7003123678319142e-07,6.05025337570244e-08,-1.0952870302616701e-07,60.00013439340433,-6.5717369015052925e-06,1.7290032790516186e-06,-0.038142826100237746,-0.03796631691339521,-65.09355817412336
I1,11,N4,6.402476986757841e-05,6.411927489407656e-05,1.7002700555792034e-07,6.050327465900664e-08,-1.095237308989137e-07,60.00000059693709,-6.571423919313599e-06,1.7289771016269523e-06,-0.03814461322639249,-0.037964252710411525,-65.09339263976003
I1,12,N4,6.411927489407656e-05,6.421377674280434e-05,1.7002417598033686e-07,6.050377007047085e-08,-1.0952040590986601e-07,60.000000592343,-6.571224419465607e-06,1.7289595953810578e-06,-0.038145786922395834,-0.03796291075049286,-65.09328198056858
I1,13,N4,6.421377674280434e-05,6.430827698326993e-05,1.700227438424817e-07,6.050402071362664e-08,-1.0951872312885505e-07,60.00000058824572,-6.571123452155223e-06,1.7289507341708123e-06,-0.038146405883985796,-0.037962212272675634,-65.09322614252858
I1,14,N4,6.430827698326993e-05,6.440277719381717e-05,1.7002271722712243e-07,6.050402539960215e-08,-1.0951869182752028e-07,60.00000058597943,-6.5711215738269175e-06,1.7289505697004342e-06,-0.03814651398726783,-0.037962089384016816,-65.09322524413278
I1,15,N4,6.440277719381717e-05,6.449727894709565e-05,1.7002409095777763e-07,6.050378492307311e-08,-1.0952030603470452e-07,60.00000058459936,-6.571218426107772e-06,1.7289590691063805e-06,-0.038146426496319906,-0.037962182189962224,-65.09327998357605
I1,16,N4,6.449727894709565e-05,6.459178381716374e-05,1.7002686626760297e-07,6.050329904584498e-08,-1.0952356722175799e-07,60.000000589404245,-6.571414097859135e-06,1.7289762398508596e-06,-0.03814769646444856,-0.03796073599575044,-65.09339378705961
I1,17,N4,6.459178381716374e-05,6.468629337662445e-05,1.70031041761249e-07,6.050256790764125e-08,-1.0952847385360776e-07,60.00000062398925,-6.571708499561056e-06,1.7290020725166772e-06,-0.0381577983647629,-0.03794925203242211,-65.09358323235587
I1,18,N4,6.468629337662445e-05,6.463903128056858e-05,7.685880282556141e-08,1.1157301162855253e-07,3.4714208802991114e-08,67.15000064161208,2.331059143393909e-06,1.4132386084058545e-06,-0.038070405696243405,-0.03796120019048378,-65.09392817962097
I1,19,N4,6.463903128056858e-05,6.459177245570001e-05,7.685977202034296e-08,1.1157079890491614e-07,3.4711026884573183e-08,67.15000006565354,2.3308454575779914e-06,1.413229281939443e-06,-0.03834167411254037,-0.03765169591284331,-65.09472870405084
I1,20,N4,6.459177245570001e-05,6.45445265380296e-05,7.686393902595389e-08,1.115623684643766e-07,3.469842943842271e-08,67.1499970429783,2.329999434186076e-06,1.4131973061774787e-06,-0.034370101654300156,-0.04146229845686032,-65.097801493706
I1,21,N4,6.45445265380296e-05,6.449727426659814e-05,7.686176153311957e-08,1.1156640789198045e-07,3.470464635886088e-08,67.15000079111537,2.3304170304528872e-06,1.4132112706882502e-06,-0.0383385102689724,-0.03765534761016158,-65.0950271385004
I1,22,N4,6.449727426659814e-05,6.445002389905475e-05,7.686232683667121e-08,1.115651211128951e-07,3.4702794276223886e-08,67.15000067956068,2.3302926592310885e-06,1.4132058596217474e-06,-0.03806376896376278,-0.03796877060886236,-65.09452623002221
I1,23,N4,6.445002389905475e-05,6.440277508938773e-05,7.686279385042328e-08,1.1156407208952344e-07,3.470127823910016e-08,67.15000066519171,2.3301908568385783e-06,1.4132014945496005e-06,-0.03800596118845207,-0.038034793216282524,-65.09448068797579
I1,24,N4,6.440277508938773e-05,6.435552734861449e-05,7.686311539000968e-08,1.1156335330448221e-07,3.470023791447253e-08,67.15000065746833,2.330120998771138e-06,1.4131985152086891e-06,-0.037993637478400205,-0.03804889542493982,-65.094508385474
I1,1,N5,6.435262732697475e-05,6.431041280987711e-05,7.84273696437946e-08,1.0822269283883471e-07,2.9795323195040113e-08,67.15000054436523,2.0007559687664813e-06,1.3998754686197199e-06,-0.03798975641060605,-0.03805034768312733,-65.09543003721559
I1,2,N5,6.431041280987711e-05,6.426819837085817e-05,7.842739771266368e-08,1.0822264434820211e-07,2.979524663553843e-08,67.15000057528748,2.0007508287172378e-06,1.3998753154564934e-06,-0.03798999117194282,-0.03805007465151097,-65.09542927131642
I1,3,N5,6.426819837085817e-05,6.422598351517131e-05,7.842726635034833e-08,1.0822291926337453e-07,2.9795652913026203e-08,67.15000056380549,2.0007781099086623e-06,1.3998763921029215e-06,-0.03799037289448777,-0.03804961867585812,-65.09540080755919
I1,4,N5,6.422598351517131e-05,6.418376769440553e-05,7.842695669014588e-08,1.0822355128518751e-07,2.9796594595041633e-08,67.15000053183516,2.0008413429039224e-06,1.3998788098150003e-06,-0.037991034458031515,-0.03804883101587945,-65.09534492327225
I1,5,N5,6.418376769440553e-05,6.414155047105486e-05,7.842650768449256e-08,1.082244707325887e-07,2.9797963048096143e-08,67.15000058565799,2.000933236131071e-06,1.3998823381281093e-06,-0.03799201278541425,-0.038047677472365586,-65.09526166008051
I1,6,N5,6.414155047105486e-05,6.409933134716139e-05,7.842589805228193e-08,1.0822571554428642e-07,2.9799817492004487e-08,67.15000062169881,2.0010577631146124e-06,1.3998871019742626e-06,-0.03799331869866368,-0.038046157607505064,-65.09515102803839
I1,7,N5,6.409933134716139e-05,6.405710984762489e-05,7.842513577028577e-08,1.0822727131397476e-07,2.9802135543688986e-08,67.15000067630051,2.001213421913915e-06,1.399893053131954e-06,-0.037994953535714984,-0.038044285871701056,-65.09501301870307
I1,8,N5,6.405710984762489e-05,6.401488550290799e-05,7.842422273129616e-08,1.0822913449301798e-07,2.9804911761721816e-08,67.1500007104516,2.001399845974567e-06,1.399900179182356e-06,-0.03799690316638918,-0.038042094824739144,-65.09484761534782
I1,9,N5,6.401488550290799e-05,6.39726578347438e-05,7.842315583727989e-08,1.0823131053810629e-07,2.9808154700826406e-08,67.15000069597674,2.0016176089062757e-06,1.3999084978153964e-06,-0.03799912074560865,-0.038039643349310454,-65.09465478901947
I1,10,N5,6.39726578347438e-05,6.407479714952821e-05,1.7688456411135168e-07,5.9365460441479684e-08,-1.17519103669872e-07,60.0001344223477,-7.0511620173861345e-06,1.7718751841462353e-06,-0.038145164664870196,-0.03796329599004558,-65.09443448874292
I1,11,N5,6.407479714952821e-05,6.415807228021639e-05,1.5980187681382498e-07,6.205626274494718e-08,-9.77456140688778e-08,60.00000061429441,-5.864736904177253e-06,1.6639360466907911e-06,-0.03813967642960965,-0.037964940879233536,-65.09426901758897
I1,12,N5,6.415807228021639e-05,6.423480951783885e-05,1.540575433009521e-07,6.314314304116511e-08,-9.091440025978699e-08,60.000000607993734,-5.454864070862605e-06,1.6290051475658791e-06,-0.03813089950395733,-0.037970973794729426,-65.09415839040919
I1,13,N5,6.423480951783885e-05,6.431154562511802e-05,1.540565841561808e-07,6.314336073959458e-08,-9.091322341658621e-08,60.00000060170475,-5.454793459698091e-06,1.6289995867183152e-06,-0.03813145687028168,-0.03797029292571092,-65.09410250182479
I1,14,N5,6.431154562511802e-05,6.438602872679918e-05,1.5210101220292155e-07,6.35389052133719e-08,-8.856210698954965e-08,60.000000598691784,-5.313726472394385e-06,1.617299380622201e-06,-0.03813149311802704,-0.037970405707124205,-65.09410114994408
I1,15,N5,6.438602872679918e-05,6.446276590245159e-05,1.540574906388016e-07,6.314315490804198e-08,-9.091433573075961e-08,60.000000597267054,-5.454860198145714e-06,1.6290048416013268e-06,-0.038130131060139114,-0.03797185221109988,-65.09415343948592
I1,16,N5,6.446276590245159e-05,6.454604091905436e-05,1.598017780864246e-07,6.205628303420022e-08,-9.774549505222439e-08,60.0000006044909,-5.8647297622197255e-06,1.663935458404686e-06,-0.038135818014651754,-0.037969346530974904,-65.09425504553094
I1,17,N5,6.454604091905436e-05,6.464818004114247e-05,1.7688438957812804e-07,5.9365487897362595e-08,-1.1751890168076544e-07,60.000000647034796,-7.051134176884745e-06,1.7718740810661796e-06,-0.03812636977857309,-0.03798476071602964,-65.09438492619232
I1,18,N5,6.464818004114247e-05,6.460595240240467e-05,7.842317106677796e-08,1.082312963374993e-07,2.980812527072134e-08,67.15000071704264,2.001615633302635e-06,1.3999085055320794e-06,-0.037907702149491795,-0.038144019702763335,-65.09444157882895
I1,19,N5,6.460595240240467e-05,6.456372654713162e-05,7.842369804052148e-08,1.0823008869408306e-07,2.980639065356158e-08,67.15000154083931,2.0014991783135182e-06,1.399903400509534e-06,-0.03755747977794037,-0.03854419079081394,-65.09385507680648
I1,20,N5,6.456372654713162e-05,6.452149517082027e-05,7.842167172191652e-08,1.0823348113631457e-07,2.9811809414398056e-08,67.15000557030203,2.001863168237612e-06,1.3999136464367332e-06,-0.042647622172471256,-0.03372513958798505,-65.09031166957966
I1,21,N5,6.452149517082027e-05,6.447927609065772e-05,7.842592185743555e-08,1.0822569546777028e-07,2.9799773610334725e-08,67.15000094746728,2.0010548261682873e-06,1.3998871299390437e-06,-0.03755357582534229,-0.03854856973561203,-65.0941545431948
I1,22,N5,6.447927609065772e-05,6.443705862813152e-05,7.84264332651408e-08,1.0822462940237388e-07,2.9798196137233085e-08,67.1500007161243,2.000948891954414e-06,1.3998829700063601e-06,-0.03790069389670311,-0.03815193609855931,-65.0950397721803
I1,23,N5,6.443705862813152e-05,6.439484251262096e-05,7.842686392678115e-08,1.0822374589669301e-07,2.9796881969911862e-08,67.15000068547745,2.0008606447046723e-06,1.3998795736760562e-06,-0.03797229416428291,-0.03807021872295331,-65.09528230775791
I1,24,N5,6.439484251262096e-05,6.435262732697475e-05,7.842716239163307e-08,1.0822313702750625e-07,2.9795974635873188e-08,67.1500006729476,2.0007997168500143e-06,1.3998772456435448e-06,-0.03798661328639669,-0.03805390333671214,-65.09536925645982
I1,1,N6,6.435842857512376e-05,6.430501382284985e-05,7.508014351616352e-08,1.1577362154232632e-07,4.06934780261628e-08,67.15000053649442,2.732567071288656e-06,1.4314032379386738e-06,-0.03798995208018955,-0.03805783388325957,-65.09469291808031
I1,2,N6,6.430501382284985e-05,6.425159912917802e-05,7.50801621623095e-08,1.1577358302657588e-07,4.069342086426638e-08,67.1500005680538,2.73256323415154e-06,1.4314030889166404e-06,-0.03798988554418016,-0.03805790428892832,-65.09469154764186
I1,3,N6,6.425159912917802e-05,6.419818384048386e-05,7.507999889942248e-08,1.1577399693353318e-07,4.0693998034110705e-08,67.15000055711782,2.7326019906618852e-06,1.4314049687471675e-06,-0.0379901811856253,-0.038057540391966606,-65.09466299030042
I1,4,N6,6.419818384048386e-05,6.414476725040438e-05,7.507963760323723e-08,1.1577489850002988e-07,4.069526089679265e-08,67.15000052544337,2.7326867906026816e-06,1.4314090207745033e-06,-0.03799078704437068,-0.03805680340301139,-65.09460710749995
I1,5,N6,6.414476725040438e-05,6.409134875930813e-05,7.507911089881634e-08,1.1577621640810123e-07,4.069710550928489e-08,67.15000057860576,2.73281065849606e-06,1.4314149548018816e-06,-0.03799170602577422,-0.038055696169557444,-65.09452385613423
I1,6,N6,6.409134875930813e-05,6.403792770234323e-05,7.507839882636153e-08,1.1577799421731672e-07,4.069959539095519e-08,67.15000060998544,2.732977855328802e-06,1.4314229478275869e-06,-0.03799294836246442,-0.03805421724667849,-65.09441322855434
I1,7,N6,6.403792770234323e-05,6.398450343894266e-05,7.507750877187612e-08,1.1578021566793234e-07,4.070270689605622e-08,67.15000065548864,2.733186794750337e-06,1.4314329332985635e-06,-0.03799452347819725,-0.0380523712776342,-65.09427521216762
I1,8,N6,6.398450343894266e-05,6.393107533369272e-05,7.507644225593683e-08,1.1578287726861801e-07,4.070643501268118e-08,67.15000066937948,2.7334371383495936e-06,1.4314448964341613e-06,-0.03799642976266028,-0.0380501791253055,-65.0941097879358
I1,9,N6,6.393107533369272e-05,6.387764274323778e-05,7.50751968054091e-08,1.1578598428624397e-07,4.071078748083487e-08,67.15000065655319,2.7337294060668588e-06,1.431458858187398e-06,-0.037998636095707194,-0.03804769023925354,-65.09391692293693
I1,10,N6,6.387764274323778e-05,6.396364246248951e-05,1.625334971509028e-07,6.189920950030458e-08,-1.0063428765059822e-07,60.00013439204558,-6.038070783483666e-06,1.6832452998840554e-06,-0.03814117303716192,-0.03796971148227587,-65.09369655609402
I1,11,N6,6.396364246248951e-05,6.407076847526232e-05,1.818060718799482e-07,5.900962439438031e-08,-1.2279644748556787e-07,60.0000005805829,-7.36778692042759e-06,1.8061177220574639e-06,-0.0381506795327864,-0.03796319450992648,-65.09353096603746
I1,12,N6,6.407076847526232e-05,6.418703397263994e-05,1.9037667690719195e-07,5.7963739586233695e-08,-1.3241293732095827e-07,60.000000571743044,-7.944776314963672e-06,1.8625531237006922e-06,-0.03816534713322295,-0.03795447646137428,-65.09342028163074
I1,13,N6,6.418703397263994e-05,6.430329709614648e-05,1.9037447108549971e-07,5.7964029018002476e-08,-1.3241044206749724e-07,60.00000056411275,-7.944626598744254e-06,1.8625387507762666e-06,-0.03816609853829905,-0.037953678479726326,-65.0933644229039
I1,14,N6,6.430329709614648e-05,6.442299029178336e-05,1.9362170536284589e-07,5.7598370465448326e-08,-1.3602333489739757e-07,60.00000056106272,-8.161400170161477e-06,1.8841505687122064e-06,-0.03816587301312612,-0.037953606863179855,-65.09336345364673
I1,15,N6,6.442299029178336e-05,6.453925563523732e-05,1.9037653394595145e-07,5.796375841101071e-08,-1.3241277553494073e-07,60.000000559700716,-7.94476660620797e-06,1.8625521926772162e-06,-0.03816575796150494,-0.03795399962197725,-65.0934178291798
I1,16,N6,6.453925563523732e-05,6.464638142793075e-05,1.818058706789387e-07,5.900965411728509e-08,-1.227962165616536e-07,60.000000570512775,-7.367773063756026e-06,1.806116435971678e-06,-0.03815268783429754,-0.03796090720186245,-65.09352977628801
I1,17,N6,6.464638142793075e-05,6.473238089593295e-05,1.6253327824889663e-07,6.189925289068432e-08,-1.0063402535821231e-07,60.00000062093061,-6.0380415839794846e-06,1.683243983546857e-06,-0.03815092698042481,-0.03795860380200489,-65.09371008373974
I1,18,N6,6.473238089593295e-05,6.467894824114615e-05,7.507518391345178e-08,1.1578603320628916e-07,4.0710849292837377e-08,67.15000064726482,2.73373355636473e-06,1.4314591283980571e-06,-0.03804527599639269,-0.037994453019103425,-65.09401052750039
I1,19,N6,6.467894824114615e-05,6.462551940285831e-05,7.507622633705358e-08,1.1578337422638436e-07,4.070714788933078e-08,67.15000028343842,2.7334849923065314e-06,1.4314470042257845e-06,-0.03822037464629022,-0.0377946174260689,-65.09459678967926
I1,20,N6,6.462551940285831e-05,6.457210135312751e-05,7.50794181866392e-08,1.1577607250367182e-07,4.0696654317032626e-08,67.14999834582143,2.7327802700692074e-06,1.4314161801773327e-06,-0.03563961068872158,-0.04026580445540238,-65.09664814171067
I1,21,N6,6.457210135312751e-05,6.45186802118751e-05,7.50783839996799e-08,1.1577806012084198e-07,4.0699676121162084e-08,67.15000078611797,2.732983283530781e-06,1.431423330903914e-06,-0.038217057568237275,-0.037798483592661636,-65.09489549944594
I1,22,N6,6.45186802118751e-05,6.446526135557812e-05,7.507901157133959e-08,1.1577647121559231e-07,4.0697459644252725e-08,67.15000067941862,2.7328344427621824e-06,1.4314161209019893e-06,-0.03803842218360765,-0.03800236289758512,-65.09460869294222
I1,23,N6,6.446526135557812e-05,6.441184433809146e-05,7.507952063884244e-08,1.1577519608111633e-07,4.0695675442273894e-08,67.15000066629192,2.7327146330638914e-06,1.431410375399691e-06,-0.0380006031931292,-0.03804558836360492,-65.09460765310138
I1,24,N6,6.441184433809146e-05,6.435842857512376e-05,7.507986898622245e-08,1.1577432703710296e-07,4.0694458050880515e-08,67.15000065947105,2.7326328849534433e-06,1.4314064701749406e-06,-0.03799239717486334,-0.03805500000705552,-65.0946445075638
I1,1,N7,6.434694609721724e-05,6.431294166726946e-05,8.120532640816723e-08,1.0297180807600634e-07,2.1766481667839113e-08,67.15000054350268,1.4616192558255376e-06,1.3813285086313018e-06,-0.03799043817612652,-0.03804614108134747,-65.09519013370196
I1,2,N7,6.431294166726946e-05,6.427893732518505e-05,8.120536108226559e-08,1.0297175621373601e-07,2.176639513147042e-08,67.15000057484083,1.4616134455904513e-06,1.381328379720012e-06,-0.03799058948293702,-0.03804596260037163,-65.09518917454686
I1,3,N7,6.427893732518505e-05,6.42449326787141e-05,8.120525524458995e-08,1.0297194839556493e-07,2.1766693150974978e-08,67.15000056364632,1.461633457356686e-06,1.3813290273011617e-06,-0.03799102355793106,-0.03804544761537865,-65.0951606839841
I1,4,N7,6.42449326787141e-05,6.421092728182492e-05,8.120498799114818e-08,1.0297241664738219e-07,2.1767428656234014e-08,67.15000053182558,1.4616828458425895e-06,1.3813305347889778e-06,-0.0379918130418955,-0.038044518337833386,-65.09510480639355
I1,5,N7,6.421092728182492e-05,6.417692080074971e-05,8.120460287576531e-08,1.0297309404743202e-07,2.1768491171666706e-08,67.1500005853655,1.4617541949199432e-06,1.38133272692398e-06,-0.03799298090406466,-0.03804316020535842,-65.09502155664232
I1,6,N7,6.417692080074971e-05,6.414291284402336e-05,8.120407742740877e-08,1.0297401491370826e-07,2.1769937486299494e-08,67.15000062099308,1.4618513157239917e-06,1.3813356925583776e-06,-0.037994532261297335,-0.03804138443435984,-65.0949109394875
I1,7,N7,6.414291284402336e-05,6.410890304230091e-05,8.120342014909664e-08,1.029751659911507e-07,2.1771745842054067e-08,67.15000067407367,1.4619727479696912e-06,1.381339396051855e-06,-0.0379964609418273,-0.03803921902092494,-65.09477294614356
I1,8,N7,6.410890304230091e-05,6.40748910321862e-05,8.120263326918251e-08,1.0297654366397704e-07,2.1773910394794524e-08,67.1500007049832,1.4621180983606933e-06,1.3813438269986967e-06,-0.037998740490782515,-0.03803671193285581,-65.09460756105953
I1,9,N7,6.40748910321862e-05,6.4040876441019e-05,8.120171317734422e-08,1.0297815344029793e-07,2.1776440262953706e-08,67.15000068919367,1.4622879786655263e-06,1.381348999632316e-06,-0.03800130316781967,-0.03803393736017754,-65.09441475869201
I1,10,N7,6.4040876441019e-05,6.415702318466971e-05,1.897470487334296e-07,5.752327835009961e-08,-1.3222377038333e-07,60.000134416919394,-7.933443996111685e-06,1.854527453126469e-06,-0.038151298814539734,-0.037958592520209646,-65.09419449790221
I1,11,N7,6.415702318466971e-05,6.422032137869158e-05,1.4234493286626246e-07,6.54607166999245e-08,-7.688421616633797e-08,60.00000062080271,-4.6130530177102075e-06,1.558542371746402e-06,-0.03813139851044034,-0.03796681700680774,-65.09402910819941
I1,12,N7,6.422032137869158e-05,6.426793760113752e-05,1.2965152560843012e-07,6.901839877004259e-08,-6.063312683838752e-08,60.00000061448062,-3.637987647561133e-06,1.4900244328385453e-06,-0.0381064687420691,-0.03798768290880305,-65.0939185146818
I1,13,N7,6.426793760113752e-05,6.431555325853994e-05,1.296511000554582e-07,6.901855482551332e-08,-6.063254522994488e-08,60.00000060622822,-3.637952750553853e-06,1.4900224116072864e-06,-0.038107036146337224,-0.03798687854699328,-65.09386265699864
I1,14,N7,6.431555325853994e-05,6.43579521904596e-05,1.2562039915762034e-07,7.037012894359628e-08,-5.525027021402406e-08,60.00000060282068,-3.315016246147449e-06,1.4699289607591248e-06,-0.038107309184025946,-0.037986850846374993,-65.09386142906064
I1,15,N7,6.43579521904596e-05,6.440556838620001e-05,1.2965150532771504e-07,6.901840599856773e-08,-6.063309932914731e-08,60.00000060122737,-3.637985996203118e-06,1.4900243349471208e-06,-0.038106085262911184,-0.037988119686588176,-65.09391436078646
I1,16,N7,6.440556838620001e-05,6.446886651858115e-05,1.4234488295722578e-07,6.54607306705529e-08,-7.688415228667289e-08,60.00000061104627,-4.613049184180147e-06,1.55854210220834e-06,-0.03812942330161261,-0.03796907474275651,-65.09401922613634
I1,17,N7,6.446886651858115e-05,6.458501311273665e-05,1.8974690973958091e-07,5.7523296505659234e-08,-1.3222361323392168e-07,60.00000064333042,-7.933416879098773e-06,1.8545265468393012e-06,-0.03814163993728638,-0.037969627787519236,-65.09416511513942
I1,18,N7,6.458501311273665e-05,6.455099860432599e-05,8.12017489254025e-08,1.0297810729892572e-07,2.1776358373523223e-08,67.15000070011526,1.4622824800280452e-06,1.3813489216824616e-06,-0.03795404883304325,-0.038087887238005005,-65.09429968017962
I1,19,N7,6.455099860432599e-05,6.451698538764701e-05,8.120216940937578e-08,1.02977266622403e-07,2.1775097213027214e-08,67.15000115117144,1.4621978029216475e-06,1.381345770238341e-06,-0.03777141433107691,-0.03829635143451994,-65.09408823582838
I1,20,N7,6.451698538764701e-05,6.448297107013105e-05,8.120167200072112e-08,1.0297786122808013e-07,2.1776189227359015e-08,67.15000328250042,1.4622711780975081e-06,1.3813464992160093e-06,-0.040400918181594206,-0.03579822531518065,-65.09233222053625
I1,21,N7,6.448297107013105e-05,6.444896323358896e-05,8.1204130754929e-08,1.0297394914127316e-07,2.176981838634416e-08,67.15000095006148,1.4618433253256762e-06,1.3813355992215164e-06,-0.03776709393580102,-0.03830112705772315,-65.09438751429826
I1,22,N7,6.444896323358896e-05,6.441495659120831e-05,8.12045479129617e-08,1.029731968766355e-07,2.17686489636738e-08,67.15000071361294,1.4617647934450851e-06,1.381333085921979e-06,-0.037945844787033084,-0.03809696984741151,-65.09489779604354
I1,23,N7,6.441495659120831e-05,6.438095098274763e-05,8.12049145218403e-08,1.0297255031212995e-07,2.1767635790289654e-08,67.15000068401996,1.4616967582074475e-06,1.3813309862547767e-06,-0.03798223968431172,-0.038055442625765774,-65.0950623989841
I1,24,N7,6.438095098274763e-05,6.434694609721724e-05,8.120517210976154e-08,1.02972099321122e-07,2.176692721136046e-08,67.15000067209077,1.461649176872206e-06,1.3813295357316265e-06,-0.037989212122274706,-0.03804751039550213,-65.09513331606351
I1,1,N9,6.407370639798883e-05,6.400622936255665e-05,7.150885507997557e-08,1.2580712706466294e-07,5.429827198468737e-08,67.15000053751203,3.6461289929577315e-06,1.4798698660847888e-06,-0.03827586247451383,-0.03821254464035975,-65.09496565253146
I1,2,N9,6.400622936255665e-05,6.393875235892734e-05,7.150886355735147e-08,1.2580710472418693e-07,5.429824116683546e-08,67.15000056937187,3.646126925268892e-06,1.479869762111538e-06,-0.03827601869831469,-0.03821249773484512,-65.0949644758208
I1,3,N9,6.393875235892734e-05,6.38712744927821e-05,7.150866446822062e-08,1.258077376178922e-07,5.4299073149671584e-08,67.15000055871937,3.6461827923383907e-06,1.479873015645846e-06,-0.03827635017954877,-0.038212366552172514,-65.0949356844602
I1,4,N9,6.38712744927821e-05,6.380379481157895e-05,7.150824286401308e-08,1.2580906714632806e-07,5.430082428231497e-08,67.15000052721932,3.646300379185894e-06,1.4798798250775586e-06,-0.0382767911389084,-0.03821222424978939,-65.09487928020128
I1,5,N9,6.380379481157895e-05,6.373631248723531e-05,7.150763072870486e-08,1.2581100483655772e-07,5.4303374107852864e-08,67.15000058011995,3.6464716028447907e-06,1.4798897667394692e-06,-0.038277206933297586,-0.03821218830369133,-65.09479524852073
I1,6,N9,6.373631248723531e-05,6.366882660262695e-05,7.150680544416376e-08,1.2581361421583368e-07,5.4306808771669914e-08,67.15000060990491,3.646702242139624e-06,1.4799031474499808e-06,-0.03827734803433278,-0.03821246603968755,-65.0946835874795
I1,7,N9,6.366882660262695e-05,6.360133628428781e-05,7.150577863000891e-08,1.2581686460007208e-07,5.4311085970063166e-08,67.15000065376194,3.6469894583962624e-06,1.4799198242256074e-06,-0.03827673822920359,-0.03821343822811175,-65.09454428506622
I1,8,N9,6.360133628428781e-05,6.353384068080053e-05,7.150455685551223e-08,1.258207411069914e-07,5.431618425147916e-08,67.15000066854556,3.6473318087996694e-06,1.4799397347187773e-06,-0.038274376226321474,-0.038215895872752155,-65.09437732078547
I1,9,N9,6.353384068080053e-05,6.346633897836308e-05,7.150315133186863e-08,1.2582521835068403e-07,5.43220670188154e-08,67.15000065853583,3.647726836086482e-06,1.4799627726191447e-06,-0.03826795043759713,-0.0382217845223846,-65.09418265725598
I1,10,N9,6.346633897836308e-05,6.353576733128474e-05,1.4844964107176998e-07,6.507119840975522e-08,-8.337844266201476e-08,60.00013439555384,-5.002717765412865e-06,1.601406296111439e-06,-0.038383882055203725,-0.03815016435913346,-65.09396022030582
I1,11,N9,6.353576733128474e-05,6.366695575498901e-05,2.0494368010763562e-07,5.675797378038149e-08,-1.4818570632725414e-07,60.00000056894557,-8.89114246394485e-06,1.9627624041601283e-06,-0.03836237736715469,-0.03817849541676764,-65.09379301434782
I1,12,N9,6.366695575498901e-05,6.383286775985652e-05,2.3894052547787306e-07,5.404120205306739e-08,-1.8489932342480566e-07,60.000000561277375,-1.1093959509268146e-05,2.1973629564820534e-06,-0.038214066901750506,-0.038442846634887756,-65.09368125120822
I1,13,N9,6.383286775985652e-05,6.399877595602894e-05,2.389365351359876e-07,5.404127106910567e-08,-1.8489526406688195e-07,60.00000055634319,-1.1093715946878138e-05,2.1973335465381997e-06,-0.03819512882266835,-0.038532827155595195,-65.0936248377948
I1,14,N9,6.399877595602894e-05,6.417959483189398e-05,2.538215028411223e-07,5.312553554342221e-08,-2.0069596729770013e-07,60.000000554008686,-1.2041758149049317e-05,2.302102787884084e-06,-0.03819499327940198,-0.03836340579632817,-65.09362373500213
I1,15,N9,6.417959483189398e-05,6.434550649382641e-05,2.38940068722091e-07,5.4041122878394044e-08,-1.8489894584369697e-07,60.00000055179615,-1.1093936852648344e-05,2.197358937003638e-06,-0.03821500112854257,-0.03847517024459465,-65.09367792763449
I1,16,N9,6.434550649382641e-05,6.447669474667483e-05,2.04943524491105e-07,5.675799736643933e-08,-1.4818552712466565e-07,60.00000055872763,-8.891131710275287e-06,1.9627614139315827e-06,-0.03835576203601745,-0.03818432425603895,-65.09378745992804
I1,17,N9,6.447669474667483e-05,6.454612284136729e-05,1.4844943222641488e-07,6.507125714368872e-08,-8.337817508272617e-08,60.00000062226734,-5.002690556847086e-06,1.6014051702757771e-06,-0.0383806499802357,-0.03815275363233498,-65.09395239399528
I1,18,N9,6.454612284136729e-05,6.44786209677976e-05,7.150311825936279e-08,1.258253495557983e-07,5.4322231296435504e-08,67.15000066054655,3.6477378674380067e-06,1.4799635086137082e-06,-0.03826617404457597,-0.03822325151815802,-65.09417267703519
I1,19,N9,6.44786209677976e-05,6.441112419927275e-05,7.150427020451619e-08,1.2582158044834712e-07,5.4317310243830936e-08,67.15000068536041,3.6474074201001814e-06,1.4799438798964747e-06,-0.03827327807561987,-0.03821679929245423,-65.09436514229117
I1,20,N9,6.441112419927275e-05,6.434363425554627e-05,7.150588782721817e-08,1.2581660962985847e-07,5.4310721802640304e-08,67.15000075098236,3.6469650098336905e-06,1.4799187309280747e-06,-0.03827599375150482,-0.03821405624341346,-65.09452989856108
I1,21,N9,6.434363425554627e-05,6.427614812294897e-05,7.150675646548186e-08,1.258138034234519e-07,5.430704695797005e-08,67.15000077458745,3.646718245293246e-06,1.479904199167003e-06,-0.03827680630583369,-0.0382129135053288,-65.09466700194162
I1,22,N9,6.427614812294897e-05,6.420866524938654e-05,7.150750610037889e-08,1.2581140971895735e-07,5.430390361857846e-08,67.15000067660796,3.646507164729997e-06,1.4798918686450219e-06,-0.038276808873160345,-0.038212495654015154,-65.09477647441079
I1,23,N9,6.420866524938654e-05,6.414118495063705e-05,7.1508102339449e-08,1.2580952205670385e-07,5.430141971725485e-08,67.15000066498418,3.646340370123248e-06,1.4798821829711463e-06,-0.03827651326496247,-0.038212398430992556,-65.09485833182453
I1,24,N9,6.414118495063705e-05,6.407370639798883e-05,7.150850792348703e-08,1.2580824303647143e-07,5.4299735112984396e-08,67.15000065908403,3.6462272486249905e-06,1.4798756321996886e-06,-0.038276171694506804,-0.03821242044630254,-65.09491257995943
