{
  "converged": false,
  "stop_reason": "max iterations (60) reached without convergence",
  "iterations": 60,
  "update_rule": "seidel",
  "settlement_price_basis": "nodal",
  "damping": 0.7,
  "tol_rel": 0.02,
  "projection_event_count": 0,
  "investors": {
    "I1": {
      "wacc": 0.08,
      "total_power_mw": 122.969437333909,
      "total_energy_mwh": 382.01734551511373,
      "settled_spot_revenue_eur_per_day": 12414.014775103376,
      "settled_generation_rent_eur_per_day": 0.0,
      "owned_generation_shares": {},
      "settled_degradation_eur_per_day": 8939.20518756812,
      "capex_daily_eur_per_day": 2556.823589306815,
      "settled_profit_eur_per_day": 917.9859982284406,
      "capacity_proportional_profit_eur_per_day": 847.188379159993,
      "dispatch_attribution_band_eur_per_day": 70.7976190684476,
      "last_optimistic_mpec_profit_eur_per_day": 6612.91107200455,
      "optimistic_mpec_minus_settled_eur_per_day": 5694.9250737761095,
      "mpec_lambda_max_abs_diff_vs_joint_eur_per_mwh": 30.277768758416826,
      "throughput_mwh": 1191.8940250090827
    },
    "I2": {
      "wacc": 0.12,
      "total_power_mw": 84.45039882493298,
      "total_energy_mwh": 247.24069257463887,
      "settled_spot_revenue_eur_per_day": 8069.2257935726675,
      "settled_generation_rent_eur_per_day": 0.0,
      "owned_generation_shares": {},
      "settled_degradation_eur_per_day": 5850.600277920893,
      "capex_daily_eur_per_day": 2092.5208345813794,
      "settled_profit_eur_per_day": 126.10468107039515,
      "capacity_proportional_profit_eur_per_day": 437.0857085023158,
      "dispatch_attribution_band_eur_per_day": 310.98102743192067,
      "last_optimistic_mpec_profit_eur_per_day": 4703.171923336491,
      "optimistic_mpec_minus_settled_eur_per_day": 4577.0672422660955,
      "mpec_lambda_max_abs_diff_vs_joint_eur_per_mwh": 30.277769573825015,
      "throughput_mwh": 780.0800370561191
    },
    "I3": {
      "wacc": 0.08,
      "total_power_mw": 63.84725104968921,
      "total_energy_mwh": 239.94140205489333,
      "settled_spot_revenue_eur_per_day": 7701.061728179136,
      "settled_generation_rent_eur_per_day": 378098.80649230717,
      "owned_generation_shares": {
        "RES_Wind_N1": 0.8,
        "RES_PV_N6": 0.19999999999999996,
        "RES_PV_N8": 0.19999999999999996
      },
      "settled_degradation_eur_per_day": 5121.072297691535,
      "capex_daily_eur_per_day": 1577.6515301197871,
      "settled_profit_eur_per_day": 379101.144392675,
      "capacity_proportional_profit_eur_per_day": 378617.05147290486,
      "dispatch_attribution_band_eur_per_day": 484.09291977016255,
      "last_optimistic_mpec_profit_eur_per_day": 403786.53977519245,
      "optimistic_mpec_minus_settled_eur_per_day": 24685.395382517425,
      "mpec_lambda_max_abs_diff_vs_joint_eur_per_mwh": 24.722231752703358,
      "throughput_mwh": 682.8096396922047
    },
    "I4": {
      "wacc": 0.08,
      "total_power_mw": 55.33292685898333,
      "total_energy_mwh": 222.17661588957705,
      "settled_spot_revenue_eur_per_day": 7103.716025915196,
      "settled_generation_rent_eur_per_day": 291528.8552345067,
      "owned_generation_shares": {
        "RES_Wind_N1": 0.19999999999999996,
        "RES_PV_N6": 0.8,
        "RES_PV_N8": 0.8
      },
      "settled_degradation_eur_per_day": 4975.640021246478,
      "capex_daily_eur_per_day": 1452.850221680343,
      "settled_profit_eur_per_day": 292204.0810174951,
      "capacity_proportional_profit_eur_per_day": 292447.9905289018,
      "dispatch_attribution_band_eur_per_day": 243.90951140673133,
      "last_optimistic_mpec_profit_eur_per_day": 351276.29671736754,
      "optimistic_mpec_minus_settled_eur_per_day": 59072.21569987247,
      "mpec_lambda_max_abs_diff_vs_joint_eur_per_mwh": 24.72223176656587,
      "throughput_mwh": 663.4186694995303
    }
  },
  "node_shares": {
    "N1": {
      "I1": 76.87348934950096,
      "I2": 0.0008730228080799785,
      "I3": 1.0220565445912286e-06,
      "I4": 8.617694426682415e-07,
      "total_mw": 76.87436425613502,
      "limit_mw": 100.0
    },
    "N2": {
      "I1": 0.0034301666498776557,
      "I2": 0.007564192919508822,
      "I3": 9.9679830733807e-07,
      "I4": 8.601299588720775e-07,
      "total_mw": 0.010996216497652688,
      "limit_mw": 100.0
    },
    "N3": {
      "I1": 0.005214898387508732,
      "I2": 0.006207782471709099,
      "I3": 9.476511496195758e-07,
      "I4": 8.64302911763131e-07,
      "total_mw": 0.011424492813279213,
      "limit_mw": 100.0
    },
    "N4": {
      "I1": 0.005046137477269874,
      "I2": 4.4861536048665976e-05,
      "I3": 1.2032219111361332e-06,
      "I4": 7.909636521525928e-07,
      "total_mw": 0.005092993198881828,
      "limit_mw": 100.0
    },
    "N5": {
      "I1": 0.00542057197298735,
      "I2": 0.006087450942371687,
      "I3": 9.975415838754938e-07,
      "I4": 8.58687967302101e-07,
      "total_mw": 0.011509879144910215,
      "limit_mw": 100.0
    },
    "N6": {
      "I1": 0.005423445586088214,
      "I2": 64.75635762981936,
      "I3": 8.957428150243867e-07,
      "I4": 8.631482026969378e-07,
      "total_mw": 64.76178283429647,
      "limit_mw": 100.0
    },
    "N7": {
      "I1": 46.06650570744433,
      "I2": 0.0012241275762741744,
      "I3": 1.553265064757197e-06,
      "I4": 39.15563766658455,
      "total_mw": 85.22336905487022,
      "limit_mw": 100.0
    },
    "N8": {
      "I1": 0.004502170120041536,
      "I2": 19.672039483248906,
      "I3": 63.847242471157294,
      "I4": 16.177283241264654,
      "total_mw": 99.70106736579089,
      "limit_mw": 100.0
    },
    "N9": {
      "I1": 0.0004048867699425238,
      "I2": 2.7361071626184354e-07,
      "I3": 9.622545455308534e-07,
      "I4": 8.521319884058099e-07,
      "total_mw": 0.0004069747671927223,
      "limit_mw": 100.0
    }
  },
  "joint_lambda_min_eur_per_mwh": 30.277768761662983,
  "joint_lambda_max_eur_per_mwh": 75.00000013607323
}