node,x_power_mw,x_energy_mwh,energy_power_ratio_h
N1,1.3556589684238721e-07,2.917577152115271e-07,2.152146830487412
N2,1.333941493232736e-07,2.7128716247441306e-07,2.033726095564829
N3,6.474340806354754e-06,1.2944473341941354e-05,1.9993500078395587
N4,1.3556745203330408e-07,2.91761714374221e-07,2.152151641107377
N5,1.351568369368904e-07,2.908633296764866e-07,2.1520430358421394
N6,1.460570180030045e-07,3.266859479808814e-07,2.236701477598024
N7,1.3339415930171973e-07,2.712871823966347e-07,2.033726092782064
N8,3.7364426120083735e-08,1.4648400600375815e-07,3.9204136451334817
N9,12.03172609347766,24.063452182735684,1.9999999996492908
