{
  "model": "Single Investor Primal-Dual MPEC",
  "investor": "I1",
  "wacc": 0.08,
  "solver_status": "ok",
  "termination": "optimal",
  "profit_eur_per_day": 551.0672844969591,
  "spot_revenue_eur_per_day": 1082.91242268137,
  "degradation_cost_eur_per_day": 361.74175754224456,
  "capex_daily_eur_per_day": 170.10337618585777,
  "lower_level_primal_objective_eur_per_day": 433916.6929716696,
  "lower_level_dual_objective_eur_per_day": 433916.6825880192,
  "strong_duality_gap": 0.010383650427684188,
  "total_power_mw": 12.031733424318405,
  "total_energy_mwh": 24.063467017336084,
  "total_charge_mwh": 25.708830758929125,
  "total_discharge_mwh": 22.523403580036813,
  "total_storage_throughput_mwh": 48.23223433896594,
  "total_load_shed_mwh": 0.0,
  "equivalent_cycles_throughput_over_2e": 1.0021879703414704,
  "equivalent_cycles_discharge_over_e": 0.9359999356622318,
  "line_limits_mw": {
    "L14": 400.0,
    "L45": 400.0,
    "L46": 200.0,
    "L69": 200.0,
    "L57": 400.0,
    "L93": 400.0,
    "L72": 400.0,
    "L98": 200.0,
    "L78": 200.0
  },
  "existing_power_mw_per_node": 0.0,
  "existing_ratio_hours": 2.0,
  "storage_units": [
    "I1",
    "RIV"
  ],
  "demand_model": "quadratic",
  "load_shed_allowed": true,
  "quadratic_demand_alpha_eur_per_mwh": 4000,
  "quadratic_demand_beta_eur_per_mwh_per_share": 10000,
  "quadratic_demand_source": "fixed_default"
}