iteration,node,total_before_mw,scale
1,N1,132.0000012573698,0.7575757503594479
2,N5,100.5374802473973,0.9946539315877552
