{
  "converged": true,
  "stop_reason": "converged in 7 iterations",
  "iterations": 7,
  "update_rule": "jacobi",
  "damping": 0.7,
  "tol_rel": 0.01,
  "projection_event_count": 2,
  "investors": {
    "I1": {
      "wacc": 0.08,
      "total_power_mw": 100.00656244237166,
      "total_energy_mwh": 402.2211486504388,
      "settled_spot_revenue_eur_per_day": 18126.204276251126,
      "settled_degradation_eur_per_day": 10007.343436698242,
      "capex_daily_eur_per_day": 2629.840543435767,
      "settled_profit_eur_per_day": 5489.020296117118,
      "capacity_proportional_profit_eur_per_day": 5548.823186834141,
      "dispatch_attribution_band_eur_per_day": 59.80289071702282,
      "last_profit_belief_eur_per_day": 6458.658244367605,
      "belief_minus_settled_eur_per_day": 969.6379482504872,
      "mpec_lambda_max_abs_diff_vs_joint_eur_per_mwh": 24.16887317350378,
      "throughput_mwh": 1334.3124582264322
    },
    "I2": {
      "wacc": 0.12,
      "total_power_mw": 100.00656127428591,
      "total_energy_mwh": 388.9278240320129,
      "settled_spot_revenue_eur_per_day": 18074.615924698384,
      "settled_degradation_eur_per_day": 9836.149422025097,
      "capex_daily_eur_per_day": 3204.561693828603,
      "settled_profit_eur_per_day": 5033.904808844684,
      "capacity_proportional_profit_eur_per_day": 4974.101918127676,
      "dispatch_attribution_band_eur_per_day": 59.80289071700827,
      "last_profit_belief_eur_per_day": 5777.46552036936,
      "belief_minus_settled_eur_per_day": 743.5607115246758,
      "mpec_lambda_max_abs_diff_vs_joint_eur_per_mwh": 24.168873164030664,
      "throughput_mwh": 1311.4865896033461
    }
  },
  "node_shares": {
    "N1": {
      "I1": 50.000000671853684,
      "I2": 50.0000000534371,
      "total_mw": 100.00000072529079,
      "limit_mw": 100.0
    },
    "N2": {
      "I1": 0.0021870182855640947,
      "I2": 0.002187145043918912,
      "total_mw": 0.004374163329483007,
      "limit_mw": 100.0
    },
    "N3": {
      "I1": 0.002187019178270344,
      "I2": 0.0021871151127999984,
      "total_mw": 0.004374134291070342,
      "limit_mw": 100.0
    },
    "N4": {
      "I1": 0.002187060146404727,
      "I2": 0.002187113950508727,
      "total_mw": 0.0043741740969134545,
      "limit_mw": 100.0
    },
    "N5": {
      "I1": 50.00000067290773,
      "I2": 49.99999984674159,
      "total_mw": 100.00000051964932,
      "limit_mw": 100.0
    }
  },
  "joint_lambda_min_eur_per_mwh": 16.3280641809033,
  "joint_lambda_max_eur_per_mwh": 75.00000006158238
}