unit,hour,node,soc_start_mwh,soc_end_mwh,p_charge_mw,p_discharge_mw,net_injection_mw,lambda_eur_per_mwh,spot_revenue_eur,degradation_cost_eur,rho_charge_dual,sigma_discharge_dual,gamma_soc_transition_dual
I1,1,N1,6.437708049702572e-05,6.42846563207102e-05,1.6069809200653286e-07,2.2729598464587696e-07,6.65978926393441e-08,67.15000030300793,4.472048510911646e-06,2.9099555748930735e-06,-0.10104386034116213,-0.1013621324959865,-65.10434897923191
I1,2,N1,6.42846563207102e-05,6.419223198517715e-05,1.6069804369436182e-07,2.272960913474084e-07,6.659804765304658e-08,67.15000026107913,4.472058917289439e-06,2.9099560128132763e-06,-0.10104385982598281,-0.10136213360868614,-65.1043413039765
I1,3,N1,6.419223198517715e-05,6.409980347635721e-05,1.6069677624716684e-07,2.272988871385034e-07,6.660211089133656e-08,67.15000020616854,4.4723317600845105e-06,2.909967475392527e-06,-0.10104384679279921,-0.10136216213477449,-65.10414212336536
I1,4,N1,6.409980347635721e-05,6.400736677875464e-05,1.6069428930149676e-07,2.2730437303589232e-07,6.661008373439556e-08,67.15000016634829,4.472867133845136e-06,2.9099899675304178e-06,-0.10104382124599853,-0.1013622180795532,-65.10375141728595
I1,5,N1,6.400736677875464e-05,6.39149178708365e-05,1.6069058106530093e-07,2.2731255312036787e-07,6.662197205506694e-08,67.15000028401136,4.473665442419141e-06,2.910023506392516e-06,-0.10104378315970747,-0.10136230148894623,-65.10316914627582
I1,6,N1,6.39149178708365e-05,6.382245273448926e-05,1.606856530058138e-07,2.27323425476797e-07,6.66377724709832e-08,67.15000043656102,4.474726450517976e-06,2.910068088619581e-06,-0.10104373254919075,-0.10136241236037388,-65.10239525149967
I1,7,N1,6.382245273448926e-05,6.372996735123338e-05,1.60679505436557e-07,2.2733699072245336e-07,6.665748528589636e-08,67.15000059345631,4.476050176506245e-06,2.910123721192578e-06,-0.1010436694201726,-0.10136255071169256,-65.10142965473975
I1,8,N1,6.372996735123338e-05,6.363745770603034e-05,1.6067214004695602e-07,2.2735324711662308e-07,6.668110706966706e-08,67.15000061150795,4.4776363805041705e-06,2.9101904037268433e-06,-0.10104359378774005,-0.10136271655069874,-65.10027225837311
I1,9,N1,6.363745770603034e-05,6.354491977796176e-05,1.6066355552917337e-07,2.2737219901707352e-07,6.670864348790016e-08,67.15000058878576,4.4794854494895945e-06,2.910268159096852e-06,-0.10104350566310442,-0.10136290990770641,-65.0989229453513
I1,10,N1,6.354491977796176e-05,6.372989751307692e-05,3.437479057654332e-07,1.280170051816912e-07,-2.15730900583742e-07,60.000000664932514,-1.294385417847101e-05,3.538236832103433e-06,-0.10195430715581885,-0.10087989318686809,-65.09738157915555
I1,11,N1,6.372989751307692e-05,6.391483977201306e-05,3.4371627912627574e-07,1.280225029131795e-07,-2.1569377621309624e-07,60.00000058097996,-1.2941626698099535e-05,3.5380408652959145e-06,-0.1019539743508796,-0.10087994886103552,-65.09622392220282
I1,12,N1,6.391483977201306e-05,6.409975830485215e-05,3.4369512827764077e-07,1.2802618036613653e-07,-2.1566894791150424e-07,60.0000005600345,-1.2940136995472305e-05,3.53790981482833e-06,-0.10195375183321495,-0.1008799861138244,-65.0954497360878
I1,13,N1,6.409975830485215e-05,6.428466485912181e-05,3.4368445010595997e-07,1.2802803720363804e-07,-2.1565641290232193e-07,60.00000054491362,-1.2939384891653431e-05,3.537843654821985e-06,-0.10195363950703304,-0.1008800049274843,-65.09505886146376
I1,14,N1,6.428466485912181e-05,6.446957117993334e-05,3.4368424201385576e-07,1.280280734117768e-07,-2.1565616860207897e-07,60.00000052608126,-1.2939370229577408e-05,3.537842365692244e-06,-0.10195363731627254,-0.10088000529631366,-65.09505121790745
I1,15,N1,6.446957117993334e-05,6.465448901236155e-05,3.436945039603338e-07,1.2802628898881575e-07,-2.1566821497151802e-07,60.000000503169275,-1.29400930068087e-05,3.5379059471186216e-06,-0.10195374526021646,-0.10087998722002159,-65.09542680384862
I1,16,N1,6.465448901236155e-05,6.483943009991816e-05,3.4371523490532785e-07,1.2802268448663607e-07,-2.1569255041869178e-07,60.00000055197682,-1.2941553144178795e-05,3.5380343954397297e-06,-0.10195396337407028,-0.10087995070728957,-65.09618569656861
I1,17,N1,6.483943009991816e-05,6.502440619530967e-05,3.4374644399066e-07,1.280172593079944e-07,-2.1572918468266559e-07,60.000000613785055,-1.2943751213371285e-05,3.5382277747399083e-06,-0.10195429178651935,-0.100879895767203,-65.09732805226008
I1,18,N1,6.502440619530967e-05,6.493186682445735e-05,1.6066311770739045e-07,2.2737316588873733e-07,6.671004818134688e-08,67.15000053810589,4.479579771274512e-06,2.910272126970958e-06,-0.10104350115623095,-0.10136291978348756,-65.09885410617336
I1,19,N1,6.493186682445735e-05,6.483935643492783e-05,1.6067194427443664e-07,2.273537722906979e-07,6.668182801626126e-08,67.14997350890503,4.477682984817305e-06,2.910192874238509e-06,-0.10104358993566433,-0.10136272546069737,-65.10018810408899
I1,20,N1,6.483935643492783e-05,6.474687136035118e-05,1.6067966991270603e-07,2.2733684589558873e-07,6.66571759828827e-08,67.14993600917413,4.476025101802832e-06,2.9101238685622106e-06,-0.10104366740628501,-0.10136255692807389,-65.10133018304901
I1,21,N1,6.474687136035118e-05,6.465440380233104e-05,1.6068491728168946e-07,2.273250475976618e-07,6.664013031597234e-08,67.15000080979027,4.474884804682072e-06,2.9100747365951344e-06,-0.10104372495456815,-0.10136242892513475,-65.10228046142473
I1,22,N1,6.465440380233104e-05,6.456195215365823e-05,1.606897484267423e-07,2.2731438899543621e-07,6.662464056869392e-08,67.15000060300302,4.473844654362656e-06,2.9100310306663386e-06,-0.10104377460366129,-0.10136232019448199,-65.10303903031664
I1,23,N1,6.456195215365823e-05,6.446951239044333e-05,1.6069335783113016e-07,2.273064263915647e-07,6.661306856043453e-08,67.15000058383264,4.473067592724062e-06,2.9099983816702115e-06,-0.10104381169975905,-0.10136223896692487,-65.1036059664004
I1,24,N1,6.446951239044333e-05,6.437708049702572e-05,1.6069574791772574e-07,2.2730115420660373e-07,6.660540628887799e-08,67.15000056001719,4.47255306959833e-06,2.909976765932471e-06,-0.10104383627262221,-0.10136218518083724,-65.1039813269566
I1,1,N2,6.43570935258819e-05,6.428952086949075e-05,1.6889396208119517e-07,2.1121533098560045e-07,4.232136890440528e-08,67.15000041894488,2.8418799396611355e-06,2.8508196980009673e-06,-0.10108194980259061,-0.10127003794137406,-65.83094730272073
I1,2,N2,6.428952086949075e-05,6.422194809667783e-05,1.6889392054635743e-07,2.1121540356786045e-07,4.232148302150302e-08,67.15000038764144,2.8418876012994885e-06,2.850819930856634e-06,-0.10108194935977707,-0.10127003868137993,-65.83094141281929
I1,3,N2,6.422194809667783e-05,6.415437246600744e-05,1.688929001669977e-07,2.1121718457219162e-07,4.2324284405193934e-08,67.15000034682403,2.8420757124878514e-06,2.85082563554392e-06,-0.1010819390723794,-0.10127005610118012,-65.83079902473321
I1,4,N2,6.415437246600744e-05,6.408679123507098e-05,1.6889090062445665e-07,2.1122067463001796e-07,4.232977400556131e-08,67.1500003188871,2.8424443379718605e-06,2.85083681440856e-06,-0.1010819189349387,-0.10127009021066039,-65.83052012642472
I1,5,N2,6.408679123507098e-05,6.401920165686225e-05,1.6888792024718113e-07,2.1122587658023926e-07,4.233795633305814e-08,67.15000042485607,2.8429937857523918e-06,2.8508534762056527e-06,-0.10108188893149908,-0.10127014103467082,-65.83010469431012
I1,6,N2,6.401920165686225e-05,6.395160098765473e-05,1.6888396048660683e-07,2.1123278862470953e-07,4.23488281381027e-08,67.15000055466258,2.8437238329629067e-06,2.8508756183348727e-06,-0.10108184907603723,-0.10127020856380287,-65.82955269324627
I1,7,N2,6.395160098765473e-05,6.3883986483229e-05,1.688790213836831e-07,2.1124141126063187e-07,4.2362389876948775e-08,67.15000070109778,2.8446345099372877e-06,2.8509032448323623e-06,-0.10108179938296827,-0.10127029279381729,-65.82886407653125
I1,8,N2,6.3883986483229e-05,6.381635540307123e-05,1.688731046702684e-07,2.1125174253688483e-07,4.237863786661642e-08,67.15000073132678,2.8457255637359257e-06,2.8509363540536494e-06,-0.10108173987165053,-0.10127039371209373,-65.82803878589539
I1,9,N2,6.381635540307123e-05,6.374870500338485e-05,1.6886620941683054e-07,2.112637847116927e-07,4.239757529486215e-08,67.15000070754401,2.846997211048144e-06,2.850974955963924e-06,-0.1010816705790221,-0.1012705112964843,-65.82707675149898
I1,10,N2,6.374870500338485e-05,6.397445897499307e-05,3.809121993248149e-07,1.2240993675438396e-07,-2.5850226257043094e-07,60.000000738072444,-1.551013594501925e-05,3.7749160205939917e-06,-0.10215643131980867,-0.10084358647153215,-65.82597789191381
I1,11,N2,6.397445897499307e-05,6.413090657526153e-05,3.174814440059951e-07,1.317092693166018e-07,-1.8577217468939329e-07,61.289215738839474,-1.13858308928116e-05,3.3689303499194766e-06,-0.10179368785617245,-0.10089500235527923,-65.82535446074398
I1,12,N2,6.413090657526153e-05,6.42125845269567e-05,2.5569825026003853e-07,1.4756565147313608e-07,-1.0813259878690245e-07,63.05192779925653,-6.817968811457748e-06,3.0244792629988094e-06,-0.10147546576661788,-0.10097899078472965,-65.82504747477188
I1,13,N2,6.42125845269567e-05,6.429425897850329e-05,2.5569568535942775e-07,1.4756668051304615e-07,-1.081290048463816e-07,63.051928260653916,-6.817742256469952e-06,3.024467744043554e-06,-0.10147544284244414,-0.10097900039800356,-65.82489629163187
I1,14,N2,6.429425897850329e-05,6.43664721481693e-05,2.485740278810291e-07,1.5018318472306554e-07,-9.839084315796356e-08,63.31777951790165,-6.229889713656378e-06,2.99067909453071e-06,-0.10143782353149774,-0.10099361636940779,-65.82490089724998
I1,15,N2,6.43664721481693e-05,6.444814992212237e-05,2.5569811985699924e-07,1.4756570359417479e-07,-1.0813241626282446e-07,63.051927954016634,-6.817957319697344e-06,3.024478675883805e-06,-0.1014754646680048,-0.10097899124943475,-65.82504034459222
I1,16,N2,6.444814992212237e-05,6.460459697154532e-05,3.1748097089515165e-07,1.317093704174736e-07,-1.8577160047767805e-07,61.28921577449689,-1.1385795706450039e-05,3.3689275598446894e-06,-0.10179368337729437,-0.10089500331256324,-65.82533559394818
I1,17,N2,6.460459697154532e-05,6.4830349794542e-05,3.809111318735901e-07,1.2241007666502167e-07,-2.585010552085684e-07,60.00000067809391,-1.5510063487802098e-05,3.7749090640395877e-06,-0.10215642056195885,-0.10084358771539761,-65.82594728553761
I1,18,N2,6.4830349794542e-05,6.476269852993984e-05,1.6886590069056842e-07,2.112643237990398e-07,4.239842310847139e-08,67.15000075367732,2.8470541436885836e-06,2.850976683672062e-06,-0.10108166751924338,-0.10127051647995693,-65.827034398417
I1,19,N2,6.476269852993984e-05,6.46950657130021e-05,1.6887246426115076e-07,2.1125280710307714e-07,4.238034284192638e-08,67.15001875954513,2.8458408168713108e-06,2.8509395352317093e-06,-0.1010817347478341,-0.10127040211963081,-65.82798468401185
I1,20,N2,6.46950657130021e-05,6.462744837605206e-05,1.6887796213202526e-07,2.1124313449725547e-07,4.2365172365230215e-08,67.15004370128453,2.844823175737661e-06,2.8509082247196056e-06,-0.1010817913543071,-0.10127030546865287,-65.82879822146488
I1,21,N2,6.462744837605206e-05,6.455984611360147e-05,1.6888339086753848e-07,2.1123378085923342e-07,4.235038999169494e-08,67.1500013013103,2.843828743053314e-06,2.8508787879507893e-06,-0.10108184346549585,-0.10127021807841034,-65.82947507782791
I1,22,N2,6.455984611360147e-05,6.449225472188641e-05,1.688872724146009e-07,2.1122700645864329e-07,4.2339734044042387e-08,67.15000075585876,2.843113173060305e-06,2.8508570915493313e-06,-0.10108188248017216,-0.10127015196835998,-65.83001531341192
I1,23,N2,6.449225472188641e-05,6.442467144017063e-05,1.6889016796322773e-07,2.1122195227789128e-07,4.233178431466355e-08,67.15000071981974,2.8425793472009114e-06,2.850840901808393e-06,-0.10108191162081871,-0.10127010259868609,-65.83041897395393
I1,24,N2,6.442467144017063e-05,6.43570935258819e-05,1.6889208441076398e-07,2.1121860735819764e-07,4.232652294743366e-08,67.15000068813863,2.842226045046686e-06,2.850830188267212e-06,-0.1010819309230654,-0.10127006991067783,-65.83068609359698
I1,1,N3,6.440496213940584e-05,6.427258356911203e-05,1.5003401076799415e-07,2.553505384927976e-07,1.0531652772480344e-07,67.15000039780654,7.072004878616154e-06,3.040384119455938e-06,-0.10100277052308912,-0.10153713339073768,-64.02476122281453
I1,2,N3,6.427258356911203e-05,6.414020476703177e-05,1.5003395674502978e-07,2.5535070811562116e-07,1.0531675137059138e-07,67.15000036988111,7.0720198934898886e-06,3.040384986454882e-06,-0.10100277006834522,-0.10153713504652025,-64.02475138069558
I1,3,N3,6.414020476703177e-05,6.400781914875379e-05,1.5003236728558786e-07,2.5535569555762294e-07,1.0532332827203508e-07,67.15000033216842,7.072461528452239e-06,3.040410471324081e-06,-0.10100275349103366,-0.10153718914450621,-64.02445891072979
I1,4,N3,6.400781914875379e-05,6.387542012795072e-05,1.50029242127012e-07,2.553655023821731e-07,1.0533626025516108e-07,67.1500003062567,7.073329908394002e-06,3.0404605838188884e-06,-0.10100272082133259,-0.10153729566228942,-64.02388377195923
I1,5,N3,6.387542012795072e-05,6.374300111136954e-05,1.5002457993779843e-07,2.553801339051616e-07,1.0535555396736316e-07,67.15000040965332,7.074625492067689e-06,3.0405353538222002e-06,-0.10100267204817133,-0.1015374546554141,-64.02302588381824
I1,6,N3,6.374300111136954e-05,6.361055550755503e-05,1.5001838186311405e-07,2.5539958944714267e-07,1.0538120758402863e-07,67.15000052938561,7.0763481450548165e-06,3.0406347848269254e-06,-0.10100260719302717,-0.10153766614432902,-64.02188512607829
I1,7,N3,6.361055550755503e-05,6.347807672180647e-05,1.5001064797080457e-07,2.5542387210527376e-07,1.0541322413446919e-07,67.15000064914736,7.078498069058322e-06,3.0407589005705874e-06,-0.10100252626064443,-0.10153793019720467,-64.02046133879129
I1,8,N3,6.347807672180647e-05,6.334555815945652e-05,1.5000137939943034e-07,2.554529828458786e-07,1.0545160344644825e-07,67.15000065152486,7.0810752401333414e-06,3.0409077168398167e-06,-0.1010024292523587,-0.10153824689642771,-64.0187543222018
I1,9,N3,6.334555815945652e-05,6.321299321611495e-05,1.4999057499560133e-07,2.554869297590593e-07,1.0549635476345797e-07,67.15000062762245,7.084080288578083e-06,3.0410812856599545e-06,-0.10100231616457288,-0.10153861636890518,-64.01676383664596
I1,10,N3,6.321299321611495e-05,6.33480608268696e-05,3.0076653380727034e-07,1.3707707353607032e-07,-1.6368946027120002e-07,60.00000067324226,-9.821367726474663e-06,3.283827055075055e-06,-0.10173179174744669,-0.10094782597377028,-64.01448960240968
I1,11,N3,6.33480608268696e-05,6.355142318782958e-05,3.6165106412080475e-07,1.2649388081343603e-07,-2.3515718330736872e-07,58.6269340069619,-1.378654466702415e-05,3.6610870870068053e-06,-0.10207710502879122,-0.10088900061545716,-64.01248618888998
I1,12,N3,6.355142318782958e-05,6.390427818111164e-05,5.067947465027554e-07,1.1372857652006512e-07,-3.930661699826903e-07,56.74957387380925,-2.2306337650727944e-05,4.653924922671154e-06,-0.10290630871377246,-0.10082340487191468,-64.01090970134962
I1,13,N3,6.390427818111164e-05,6.425708788800618e-05,5.067497293359932e-07,1.137315252190631e-07,-3.930182041169301e-07,56.749573336117436,-2.2303615396962897e-05,4.653609409162923e-06,-0.10290576015223847,-0.10082343529200029,-64.01009812838258
I1,14,N3,6.425708788800618e-05,6.464092735127122e-05,5.379979371800553e-07,1.1206410315562679e-07,-4.2593383402442847e-07,56.466430888255026,-2.405096340190988e-05,4.875465302517616e-06,-0.10310193869117862,-0.10081456113974939,-64.01005098966964
I1,15,N3,6.464092735127122e-05,6.499377879707425e-05,5.067912206060837e-07,1.1372880793646683e-07,-3.930624126696169e-07,56.749573546510916,-2.2306124296163446e-05,4.653900214069129e-06,-0.10290625719775635,-0.1008234085028648,-64.0108430216703
I1,16,N3,6.499377879707425e-05,6.519713849248753e-05,3.61648642248796e-07,1.2649425397276486e-07,-2.3515438827603112e-07,58.62693388347596,-1.3786380773868109e-05,3.661071721661706e-06,-0.102077077076569,-0.10088900458772775,-64.01239994183243
I1,17,N3,6.519713849248753e-05,6.533220355838485e-05,3.0076442932416515e-07,1.3707761179330466e-07,-1.6368681753086048e-07,60.00000060822871,-9.82120915141065e-06,3.2838153083810236e-06,-0.1017317688952348,-0.10094783185791636,-64.01438376798536
I1,18,N3,6.533220355838485e-05,6.519963575074999e-05,1.4998990784750783e-07,2.554890262517962e-07,1.0549911840428836e-07,67.15000064558028,7.084265868956114e-06,3.04109200574478e-06,-0.10100230902580208,-0.1015386397180415,-64.016638397908
I1,19,N3,6.519963575074999e-05,6.506711385816224e-05,1.5000060345907482e-07,2.554554201502022e-07,1.0545481669112736e-07,67.15000070063168,7.081291014694188e-06,3.0409201770695776e-06,-0.10100242098730068,-0.1015382738857489,-64.01860927489615
I1,20,N3,6.506711385816224e-05,6.493463127351847e-05,1.5000976251116706e-07,2.554266521235572e-07,1.0541688961239015e-07,67.15000079329683,7.0787442210988825e-06,3.040773109760432e-06,-0.10100251686435398,-0.10153796083623311,-64.02029667591185
I1,21,N3,6.493463127351847e-05,6.48021813977358e-05,1.5001738573317526e-07,2.5540271530387167e-07,1.053853295706964e-07,67.15000087133399,7.076624972498083e-06,3.040650757777852e-06,-0.10100259665842168,-0.10153770045176941,-64.0217008378641
I1,22,N3,6.48021813977358e-05,6.466975764753106e-05,1.5002347608876344e-07,2.553835974990865e-07,1.0536012141032306e-07,67.1500006743092,7.074932223748493e-06,3.0405530519088746e-06,-0.1010026603808976,-0.1015374926049316,-64.02282195774575
I1,23,N3,6.466975764753106e-05,6.453735342409511e-05,1.5002802868136081e-07,2.553693089516809e-07,1.0534128027032011e-07,67.1500006629061,7.073667039983372e-06,3.0404800322478134e-06,-0.10100270799084163,-0.10153733731441696,-64.02366019276633
I1,24,N3,6.453735342409511e-05,6.440496213940584e-05,1.500310456301596e-07,2.553598414215569e-07,1.0532879579139731e-07,67.15000064942203,7.07282870579517e-06,3.0404316528878737e-06,-0.10100273947742068,-0.10153723452983554,-64.02421566039882
I1,1,N4,6.437708049949093e-05,6.428465632185188e-05,1.606980915108544e-07,2.2729598545043992e-07,6.659789393958552e-08,67.15000038849071,4.472048603915831e-06,2.9099555772097078e-06,-0.10104386033723803,-0.10136213250149863,-65.10434902762447
I1,2,N4,6.428465632185188e-05,6.419223198457976e-05,1.6069804306020286e-07,2.2729609241957434e-07,6.659804935937148e-08,67.1500003577666,4.472059038308353e-06,2.909956016098329e-06,-0.10104385982152156,-0.10136213361526647,-65.10434135237159
I1,3,N4,6.419223198457976e-05,6.409980347348697e-05,1.606967754351309e-07,2.2729888855446747e-07,6.660211311933658e-08,67.1500003172488,4.4723319170928916e-06,2.9099674799219877e-06,-0.10104384678324478,-0.10136216214697033,-65.10414217175965
I1,4,N4,6.409980347348697e-05,6.400736677316216e-05,1.6069428833974757e-07,2.273043747413201e-07,6.661008640157253e-08,67.15000028953855,4.4728673211517836e-06,2.9099899731080077e-06,-0.1010438212408348,-0.10136221808836908,-65.10375146567458
I1,5,N4,6.400736677316216e-05,6.391491786297064e-05,1.6069058025319763e-07,2.273125545367661e-07,6.662197428356846e-08,67.15000039509178,4.473665599463416e-06,2.910023510924728e-06,-0.10104378315441795,-0.10136230149721431,-65.10316919465319
I1,6,N4,6.391491786297064e-05,6.382245272529912e-05,1.6068565251001569e-07,2.2732342628197233e-07,6.663777377195665e-08,67.15000052204378,4.4747265435747245e-06,2.91006809093991e-06,-0.10104373254366611,-0.10136241236735892,-65.1023952998611
I1,7,N4,6.382245272529912e-05,6.372996734161875e-05,1.6067950524059083e-07,2.2733699094808682e-07,6.6657485707496e-08,67.15000065466913,4.476050208896954e-06,2.9101237214150824e-06,-0.10104366941836022,-0.10136255071378014,-65.10142970308246
I1,8,N4,6.372996734161875e-05,6.363745769650965e-05,1.6067214002370904e-07,2.2735324700832192e-07,6.668110698461288e-08,67.15000065873426,4.477636377941885e-06,2.9101904027402325e-06,-0.10104359378654784,-0.10136271655142023,-65.10027230669621
I1,9,N4,6.363745769650965e-05,6.35449197688727e-05,1.6066355561838944e-07,2.273721986912372e-07,6.670864307284777e-08,67.15000062690001,4.479485424161376e-06,2.9102681573222002e-06,-0.10104350566246185,-0.10136290990739309,-65.09892299365501
I1,10,N4,6.35449197688727e-05,6.372989750541283e-05,3.4374790701207665e-07,1.2801700494009327e-07,-2.1573090207198338e-07,60.00000068677034,-1.2943854272476588e-05,3.5382368396412744e-06,-0.10195430716112773,-0.10087989318673733,-65.09738162744071
I1,11,N4,6.372989750541283e-05,6.391483976664374e-05,3.4371628116452023e-07,1.280225025509874e-07,-2.1569377861353284e-07,60.00000058788838,-1.2941626843615836e-05,3.538040877866307e-06,-0.1019539743607907,-0.10087994885982342,-65.09622397047238
I1,12,N4,6.391483976664374e-05,6.409975830191487e-05,3.43695130440785e-07,1.280261799848707e-07,-2.156689504559143e-07,60.000000564578805,-1.2940137149116975e-05,3.5379098281924176e-06,-0.10195375184390336,-0.10087998611241425,-65.09544978434654
I1,13,N4,6.409975830191487e-05,6.428466485865424e-05,3.436844523033614e-07,1.2802803681712714e-07,-2.1565641548623424e-07,60.000000548806824,-1.2939385047527767e-05,3.5378436684036635e-06,-0.10195363951789474,-0.1008800049260579,-65.09505890971673
I1,14,N4,6.428466485865424e-05,6.446957118195457e-05,3.4368424422863956e-07,1.2802807302261788e-07,-2.1565617120602167e-07,60.00000052964645,-1.2939370386582827e-05,3.537842379384431e-06,-0.10195363732727458,-0.10088000529483299,-65.09505126615976
I1,15,N4,6.446957118195457e-05,6.465448901687519e-05,3.436945061784189e-07,1.2802628859918112e-07,-2.1566821757923775e-07,60.00000050667698,-1.2940093164028387e-05,3.537905960832e-06,-0.10195374527126336,-0.10087998721850806,-65.0954268521054
I1,16,N4,6.465448901687519e-05,6.483943010682268e-05,3.4371523703106127e-07,1.2802268411111968e-07,-2.1569255291994159e-07,60.0000005572347,-1.294155329538787e-05,3.538034408566357e-06,-0.10195396338460103,-0.10087995070586733,-65.09618574483507
I1,17,N4,6.483943010682268e-05,6.50244062038728e-05,3.437464454499569e-07,1.280172590340203e-07,-2.1572918641593659e-07,60.00000063161398,-1.2943751321213764e-05,3.538227783629829e-06,-0.10195429179298857,-0.10087989576681926,-65.09732810054116
I1,18,N4,6.50244062038728e-05,6.493186683283279e-05,1.6066311759035503e-07,2.273731659618976e-07,6.671004837154257e-08,67.15000059291098,4.479579787702204e-06,2.9102721266418945e-06,-0.10104350115435809,-0.10136291978530985,-65.0988541544725
I1,19,N4,6.493186683283279e-05,6.483935644287822e-05,1.6067194407832485e-07,2.2735377251672414e-07,6.668182843839929e-08,67.14997357011771,4.477683017245636e-06,2.9101928744628674e-06,-0.10104358993340093,-0.10136272546317408,-65.10018815240579
I1,20,N4,6.483935644287822e-05,6.474687136758195e-05,1.606796696184255e-07,2.2733684631133066e-07,6.665717669290515e-08,67.14993607833786,4.476025154091053e-06,2.910123869473171e-06,-0.10104366740348147,-0.10136255693158014,-65.10133023138258
I1,21,N4,6.474687136758195e-05,6.46544038086667e-05,1.6068491692889834e-07,2.2732504812641384e-07,6.66401311975155e-08,67.15000088369482,4.474884868802704e-06,2.9100747379148414e-06,-0.10104372495145297,-0.10136242892921736,-65.10228050977356
I1,22,N4,6.46544038086667e-05,6.45619521588991e-05,1.606897480073813e-07,2.27314389652754e-07,6.662464164537272e-08,67.15000068229912,4.473844731944713e-06,2.9100310324510146e-06,-0.10104377460015836,-0.10136232019924574,-65.10303907867888
I1,23,N4,6.45619521588991e-05,6.446951239436021e-05,1.6069335733535662e-07,2.2730642719646847e-07,6.661306986111185e-08,67.1500006693154,4.4730676857588145e-06,2.909998383988688e-06,-0.1010438116958223,-0.10136223897246738,-65.10360601477376
I1,24,N4,6.446951239436021e-05,6.437708049949093e-05,1.6069574737936581e-07,2.273011550937318e-07,6.660540771436599e-08,67.15000064894869,4.4725531712431686e-06,2.909976768548232e-06,-0.10104383626829472,-0.10136218518696882,-65.10398137533836
I1,1,N5,6.436972096200236e-05,6.428680228853388e-05,1.6367718888099006e-07,2.2100880883637193e-07,5.7331619955381876e-08,67.1500004209761,3.849818304139135e-06,2.8851449828802146e-06,-0.101057151562976,-0.1013253574135201,-65.37764987324047
I1,2,N5,6.428680228853388e-05,6.420388347237906e-05,1.636771427895613e-07,2.2100890201028537e-07,5.733175922072408e-08,67.15000038862641,3.8498276539522575e-06,2.8851453359988496e-06,-0.10105715107127375,-0.1013253583763362,-65.3776428574245
I1,3,N5,6.420388347237906e-05,6.412096101111958e-05,1.636759644722919e-07,2.2101128150918902e-07,5.7335317036897115e-08,67.15000034712574,3.8500665589302055e-06,2.8851543448611067e-06,-0.10105713902753856,-0.10132538228943432,-65.37746549538464
I1,4,N5,6.412096101111958e-05,6.403803140122931e-05,1.6367365362723234e-07,2.2101594810548704e-07,5.73422944782547e-08,67.15000031886298,3.850535092499138e-06,2.885172012995395e-06,-0.10105711543827037,-0.10132542915394686,-65.37711777044584
I1,5,N5,6.403803140122931e-05,6.395509113419656e-05,1.6367020866711436e-07,2.210229050750838e-07,5.7352696407969455e-08,67.15000042553969,3.8512335882009975e-06,2.8851983530664864e-06,-0.10105708027486286,-0.10132549901254558,-65.37659964990924
I1,6,N5,6.395509113419656e-05,6.387213670461211e-05,1.636656309531434e-07,2.21032150706567e-07,5.736651975342359e-08,67.150000557246,3.852161833409658e-06,2.885233362447828e-06,-0.10105703355336643,-0.10132559185859535,-65.3759110850341
I1,7,N5,6.387213670461211e-05,6.378916460612635e-05,1.636599205026891e-07,2.2104368589540162e-07,5.738376539271253e-08,67.1500007079365,3.853319886744708e-06,2.8852770479856804e-06,-0.10105697528415356,-0.10132570770022899,-65.3750520110327
I1,8,N5,6.378916460612635e-05,6.37061713357212e-05,1.6365307893081444e-07,2.210575089381882e-07,5.7404430007373766e-08,67.15000074550399,3.85470751779038e-06,2.8853294090175196e-06,-0.101056905468655,-0.10132584655134466,-65.374022347053
I1,9,N5,6.37061713357212e-05,6.362315338667674e-05,1.6364510545123077e-07,2.2107362261100054e-07,5.742851715976976e-08,67.15000072437041,3.856324968878059e-06,2.8853904604667347e-06,-0.10105682415143721,-0.1013260083973979,-65.37282199616658
I1,10,N5,6.362315338667674e-05,6.382265391217061e-05,3.56804932613006e-07,1.258628823802651e-07,-2.309420502327409e-07,60.00000074504958,-1.3856523186027732e-05,3.6200086124495335e-06,-0.10202447123827202,-0.1008653818557691,-65.37145084533813
I1,11,N5,6.382265391217061e-05,6.399838823559431e-05,3.3511171635721e-07,1.2910270752909652e-07,-2.060090088281135e-07,60.44546112803069,-1.2452309535143867e-05,3.481608179147299e-06,-0.1019000811942479,-0.100883289959111,-65.37049607715421
I1,12,N5,6.399838823559431e-05,6.414364289054368e-05,3.081617448066458e-07,1.3402091494552637e-07,-1.741408298611194e-07,61.05452828615365,-1.0632086222529985e-05,3.316369948141291e-06,-0.10175725088951644,-0.10090899892808443,-65.36990298908611
I1,13,N5,6.414364289054368e-05,6.428888957409787e-05,3.0815502308306564e-07,1.3402248729625141e-07,-1.7413253578681422e-07,61.054528433625435,-1.0631579857415348e-05,3.316331327844878e-06,-0.10175718334097571,-0.10090901460759819,-65.3696052981668
I1,14,N5,6.428888957409787e-05,6.442998314483227e-05,3.045704377049679e-07,1.3476935998417935e-07,-1.6980107772078858e-07,61.146387594621416,-1.0382722512299773e-05,3.2950484826686047e-06,-0.10173753442919617,-0.10091309888435014,-65.36960295929052
I1,15,N5,6.442998314483227e-05,6.457523735855826e-05,3.081613727453756e-07,1.3402100196920833e-07,-1.7414037077616725e-07,61.05452829938439,-1.0632058195618793e-05,3.316367810359379e-06,-0.10175724719896208,-0.10090899978160833,-65.36988668409535
I1,16,N5,6.457523735855826e-05,6.475097077169932e-05,3.351109137759011e-07,1.2910285641539006e-07,-2.0600805736051104e-07,60.44546111746825,-1.245225202106994e-05,3.481603276434684e-06,-0.10190007303460749,-0.10088329142233861,-65.37046580334149
I1,17,N5,6.475097077169932e-05,6.495046984382608e-05,3.568036154654638e-07,1.2586308878417322e-07,-2.309405266812906e-07,60.00000068123391,-1.3856431758201952e-05,3.6200002818722785e-06,-0.10202445757322186,-0.10086538385552456,-65.37140659697386
I1,18,N5,6.495046984382608e-05,6.48674506883873e-05,1.6364471562107487e-07,2.2107441026746703e-07,5.742969464639216e-08,67.15000080155325,3.856404041538192e-06,2.8853934441640642e-06,-0.10105682020179647,-0.10132601625475966,-65.37276376369088
I1,19,N5,6.48674506883873e-05,6.478445465183247e-05,1.636521461601815e-07,2.2105928085767756e-07,5.740713469749607e-08,67.15003546240725,3.854891130732051e-06,2.885335702633943e-06,-0.10105689837679414,-0.10132586008113174,-65.37395012788328
I1,20,N5,6.478445465183247e-05,6.470147778144603e-05,1.6365828690788586e-07,2.2104672120854674e-07,5.738843430066088e-08,67.15008350444839,3.853638155478928e-06,2.8852875608732443e-06,-0.10105696348349823,-0.10132572905984902,-65.37496579868785
I1,21,N5,6.470147778144603e-05,6.461852125905542e-05,1.6366495371007e-07,2.2103351624319942e-07,5.7368562533129434e-08,67.15000132610845,3.852299050176577e-06,2.8852385246495204e-06,-0.10105702678716577,-0.10132560535707101,-65.37581086813249
I1,22,N5,6.461852125905542e-05,6.453557862733031e-05,1.6366944395297133e-07,2.2102444846411502e-07,5.735500451114369e-08,67.15000076704348,3.851388596917081e-06,2.885204193128148e-06,-0.10105707254385178,-0.10132551439887047,-65.37648542186957
I1,23,N5,6.453557862733031e-05,6.445264636301171e-05,1.63672795132772e-07,2.2101768052685227e-07,5.7344885394080274e-08,67.15000072398492,3.850709095729322e-06,2.885178567447182e-06,-0.10105710673339086,-0.10132544645593852,-65.3769895234014
I1,24,N5,6.445264636301171e-05,6.436972096200236e-05,1.6367501377202035e-07,2.2101320021036863e-07,5.733818643834828e-08,67.15000069054814,3.850259258929865e-06,2.8851616048679174e-06,-0.10105712938407861,-0.10132540146463179,-65.37732322014648
I1,1,N6,6.438582533578163e-05,6.428155503810438e-05,1.5723725979697696e-07,2.3535193298500775e-07,7.811467318803079e-08,67.15000039699504,5.245400335587405e-06,2.944418945864885e-06,-0.10102929444491654,-0.10141062437545839,-64.77213013179835
I1,2,N6,6.428155503810438e-05,6.417728455921172e-05,1.572372089324032e-07,2.353520580403594e-07,7.811484910795619e-08,67.15000036769294,5.245412146321537e-06,2.9444195022957195e-06,-0.10102929388716211,-0.10141062570929454,-64.77212169192674
I1,3,N6,6.417728455921172e-05,6.407300919786534e-05,1.5723583770707148e-07,2.3535542669202432e-07,7.811958898495284e-08,67.15000032849588,5.2457304260015455e-06,2.9444344829932186e-06,-0.10102927969359954,-0.10141066072457598,-64.77189511283257
I1,4,N6,6.407300919786534e-05,6.39687242514491e-05,1.5723314583790967e-07,2.3536203998159834e-07,7.812889414368867e-08,67.15000030170155,5.246355265320303e-06,2.9444638936463104e-06,-0.10102925186763423,-0.10141072943091126,-64.77145036939119
I1,5,N6,6.39687242514491e-05,6.386442501176413e-05,1.572291318799874e-07,2.3537190186866544e-07,7.814276998867803e-08,67.1500004060568,5.2472870364701335e-06,2.944507753114896e-06,-0.10102921038128045,-0.10141083188138268,-64.77078741227587
I1,6,N6,6.386442501176413e-05,6.376010677338263e-05,1.5722379710790796e-07,2.3538501087613586e-07,7.81612137682279e-08,67.1500005295602,5.248525545927572e-06,2.944566059880329e-06,-0.10102915525184646,-0.10141096807863735,-64.76990616792929
I1,7,N6,6.376010677338263e-05,6.365576482943224e-05,1.5721714163108519e-07,2.3540136845199916e-07,7.818422682091398e-08,67.15000065691359,5.2500708823846546e-06,2.9446388256231328e-06,-0.10102908649480852,-0.10141113804205491,-64.76880653854428
I1,8,N6,6.365576482943224e-05,6.355139447547614e-05,1.572091668952689e-07,2.3542097358318545e-07,7.821180668791656e-08,67.15000065862728,5.2519228706060265e-06,2.9447260535884074e-06,-0.10102900412897119,-0.10141134178692388,-64.76748840202754
I1,9,N6,6.355139447547614e-05,6.34469910005741e-05,1.5719987172254117e-07,2.3544383132494283e-07,7.824395960240166e-08,67.15000062489048,5.254081936195177e-06,2.94482777285613e-06,-0.10102890819212122,-0.10141157933267508,-64.7659516119631
I1,10,N6,6.34469910005741e-05,6.36154582219776e-05,3.2918076447695685e-07,1.3070863180153308e-07,-1.9847213267542376e-07,60.00000067407965,-1.1908328094311451e-05,3.4491704720886746e-06,-0.10187721186854647,-0.10089894358764742,-64.76419599754932
I1,11,N6,6.36154582219776e-05,6.380898661599242e-05,3.5188207853734014e-07,1.2713990468037303e-07,-2.2474217385696712e-07,59.51785504067593,-1.3376172125145356e-05,3.592664874132849e-06,-0.10200693479360956,-0.10087924309114274,-64.76278686713312
I1,12,N6,6.380898661599242e-05,6.404362927915359e-05,3.903121526206156e-07,1.2232538294345207e-07,-2.6798676967716355e-07,58.85862927475315,-1.5773333926966827e-05,3.844781516730508e-06,-0.10221791623644437,-0.1008543833171623,-64.76178159040698
I1,13,N6,6.404362927915359e-05,6.427825319135437e-05,3.9029461739068807e-07,1.2232757129758286e-07,-2.6796704609310524e-07,58.858629063225585,-1.5772172967162353e-05,3.844666415162032e-06,-0.10221772283038456,-0.10085440545988342,-64.76127101472404
I1,14,N6,6.427825319135437e-05,6.451950313698909e-05,3.9660283181698127e-07,1.2165220542943682e-07,-2.749506263875444e-07,58.75920497655929,-1.6155880214339093e-05,3.8869127793481355e-06,-0.10225433724128094,-0.10085077607649466,-64.76125499031095
I1,15,N6,6.451950313698909e-05,6.475414461775143e-05,3.9031104705116766e-07,1.2232552108378203e-07,-2.6798552596738566e-07,58.85862909470264,-1.5773260675663156e-05,3.8447742610121225e-06,-0.10221790418702793,-0.1008543844918352,-64.76174876776751
I1,16,N6,6.475414461775143e-05,6.494767146967359e-05,3.518806908398273e-07,1.2714013232287225e-07,-2.2474055851695506e-07,59.517854966183215,-1.3376075966831143e-05,3.592656173720247e-06,-0.10200691971790306,-0.10087924544267042,-64.76273723776728
I1,17,N6,6.494767146967359e-05,6.511613681150583e-05,3.291791243338551e-07,1.3070895415741552e-07,-1.984701701764396e-07,60.00000061417343,-1.190821033248148e-05,3.44916058868453e-06,-0.10187719445300095,-0.1008989469364447,-64.76412955049337
I1,18,N6,6.511613681150583e-05,6.501173154972404e-05,1.5719937031871734e-07,2.3544506456650386e-07,7.824569424778652e-08,67.15000060987953,5.254198416459312e-06,2.9448332616391592e-06,-0.10102890297873968,-0.10141159222343847,-64.76586833441533
I1,19,N6,6.501173154972404e-05,6.4907359729158e-05,1.5720877457430985e-07,2.3542200261927488e-07,7.821322804496503e-08,67.14998310196987,5.252016941569917e-06,2.9447308289518854e-06,-0.10102899889309529,-0.10141135506928638,-64.76738829085728
I1,20,N6,6.4907359729158e-05,6.48030168761673e-05,1.5721693175775788e-07,2.354020354445303e-07,7.818510368677242e-08,67.14995881154901,5.250126492243457e-06,2.944642254017161e-06,-0.10102908197632196,-0.101411150533177,-64.76868959014627
I1,21,N6,6.48030168761673e-05,6.469869574447775e-05,1.5722298436645305e-07,2.3538700697294848e-07,7.816402260649543e-08,67.1500008888464,5.248714187501979e-06,2.9445749350455115e-06,-0.10102914682660871,-0.10141098883092087,-64.76977237876098
I1,22,N6,6.469869574447775e-05,6.459439325045123e-05,1.5722821774427e-07,2.353741470616955e-07,7.814592931742549e-08,67.15000068533314,5.247499207221117e-06,2.9445177360447414e-06,-0.10102920093565858,-0.10141085518358453,-64.77063677357258
I1,23,N6,6.459439325045123e-05,6.449010468193058e-05,1.5723212823848623e-07,2.3536453875654734e-07,7.81324105180611e-08,67.15000067267904,5.2465914188458385e-06,2.944475002462752e-06,-0.10102924138470463,-0.10141075531344641,-64.77128287052822
I1,24,N6,6.449010468193058e-05,6.438582533578163e-05,1.5723471822985708e-07,2.3535817569772024e-07,7.812345746786316e-08,67.15000065463303,5.245990220109207e-06,2.94444670445683e-06,-0.10102926820138805,-0.10141068915141847,-64.77171074131064
I1,1,N7,6.435709352588603e-05,6.428952086949487e-05,1.6889396208119316e-07,2.1121533098560506e-07,4.2321368904411896e-08,67.15000041894488,2.8418799396615798e-06,2.8508196980009863e-06,-0.10108194980267622,-0.10127003794117319,-65.83094730272036
I1,2,N7,6.428952086949487e-05,6.422194809668197e-05,1.6889392054635346e-07,2.112154035678684e-07,4.232148302151493e-08,67.15000038764144,2.8418876013002885e-06,2.850819930856664e-06,-0.10108194936029542,-0.10127003868064142,-65.83094141281893
I1,3,N7,6.422194809668197e-05,6.415437246601164e-05,1.688929001670296e-07,2.1121718457215065e-07,4.232428440512106e-08,67.15000034682403,2.842075712482958e-06,2.850825635543852e-06,-0.10108193906520443,-0.10127005610752139,-65.83079902473285
I1,4,N7,6.415437246601164e-05,6.408679123507516e-05,1.6889090062445197e-07,2.1122067463002667e-07,4.2329774005574704e-08,67.1500003188871,2.84244433797276e-06,2.85083681440859e-06,-0.10108191893558299,-0.10127009020981441,-65.83052012642435
I1,5,N7,6.408679123507516e-05,6.401920165686644e-05,1.688879202471793e-07,2.112258765802433e-07,4.233795633306401e-08,67.15000042485607,2.8429937857527865e-06,2.8508534762056692e-06,-0.10108188893155823,-0.10127014103450103,-65.83010469430974
I1,6,N7,6.401920165686644e-05,6.395160098765892e-05,1.6888396048660492e-07,2.112327886247135e-07,4.234882813810858e-08,67.15000055466258,2.8437238329633014e-06,2.850875618334888e-06,-0.10108184907607717,-0.10127020856365522,-65.8295526932459
I1,7,N7,6.395160098765892e-05,6.388398648323318e-05,1.6887902138367727e-07,2.1124141126064235e-07,4.236238987696508e-08,67.15000070109798,2.844634509938391e-06,2.850903244832397e-06,-0.1010817993837318,-0.1012702927928758,-65.82886407653088
I1,8,N7,6.388398648323318e-05,6.381635540307547e-05,1.688731046702993e-07,2.112517425368452e-07,4.2378637866545905e-08,67.15000073132677,2.84572556373119e-06,2.8509363540535838e-06,-0.10108173986468821,-0.10127039371821243,-65.82803878589503
I1,9,N7,6.381635540307547e-05,6.37487050033891e-05,1.6886620941682593e-07,2.112637847117011e-07,4.239757529487517e-08,67.15000070754401,2.8469972110490184e-06,2.8509749559639525e-06,-0.10108167057966456,-0.1012705112956517,-65.82707675149861
I1,10,N7,6.37487050033891e-05,6.39744589749973e-05,3.8091219932480667e-07,1.2240993675438539e-07,-2.585022625704213e-07,60.000000738072444,-1.5510135945018676e-05,3.77491602059394e-06,-0.10215643131984828,-0.10084358647138243,-65.82597789191344
I1,11,N7,6.39744589749973e-05,6.413090657526574e-05,3.1748144400599155e-07,1.3170926931660297e-07,-1.8577217468938857e-07,61.28921573883946,-1.1385830892811308e-05,3.368930349919459e-06,-0.10179368785607004,-0.10089500235528497,-65.82535446074361
I1,12,N7,6.413090657526574e-05,6.421258452696092e-05,2.556982502600364e-07,1.4756565147313756e-07,-1.0813259878689885e-07,63.05192779925653,-6.817968811457521e-06,3.0244792629988047e-06,-0.1014754657664935,-0.10097899078476706,-65.82504747477151
I1,13,N7,6.421258452696092e-05,6.429425897850751e-05,2.556956853594257e-07,1.4756668051304774e-07,-1.0812900484637794e-07,63.051928260653916,-6.817742256469722e-06,3.024467744043551e-06,-0.10147544284233098,-0.10097900039802735,-65.82489629163152
I1,14,N7,6.429425897850751e-05,6.436647214817353e-05,2.4857402788102687e-07,1.5018318472306713e-07,-9.839084315795974e-08,63.31777951790165,-6.229889713656137e-06,2.990679094530705e-06,-0.10143782353140057,-0.10099361636941342,-65.82490089724962
I1,15,N7,6.436647214817353e-05,6.444814992212657e-05,2.556981198569966e-07,1.475657035941764e-07,-1.081324162628202e-07,63.05192795401664,-6.817957319697076e-06,3.024478675883798e-06,-0.10147546466793268,-0.10097899124941466,-65.82504034459187
I1,16,N7,6.444814992212657e-05,6.460459697154953e-05,3.1748097089514736e-07,1.317093704174748e-07,-1.8577160047767257e-07,61.28921577449689,-1.1385795706449703e-05,3.368927559844666e-06,-0.10179368337721818,-0.10089500331254155,-65.82533559394783
I1,17,N7,6.460459697154953e-05,6.483034979454621e-05,3.809111318735844e-07,1.2241007666502278e-07,-2.585010552085616e-07,60.00000067809391,-1.5510063487801688e-05,3.774909064039554e-06,-0.10215642056185936,-0.10084358771538932,-65.82594728553725
I1,18,N7,6.483034979454621e-05,6.476269852994403e-05,1.6886590069056712e-07,2.1126432379904298e-07,4.239842310847586e-08,67.15000075367732,2.847054143688884e-06,2.850976683672076e-06,-0.10108166751917926,-0.10127051647992767,-65.82703439841664
I1,19,N7,6.476269852994403e-05,6.469506571300627e-05,1.688724642611495e-07,2.1125280710307997e-07,4.238034284193048e-08,67.15001875954513,2.845840816871586e-06,2.850939535231721e-06,-0.10108173474776705,-0.10127040211960536,-65.82798468401151
I1,20,N7,6.469506571300627e-05,6.462744837605622e-05,1.688779621320241e-07,2.112431344972586e-07,4.2365172365234503e-08,67.15004370128453,2.844823175737949e-06,2.85090822471962e-06,-0.10108179135423379,-0.10127030546863523,-65.82879822146452
I1,21,N7,6.462744837605622e-05,6.455984611360564e-05,1.688833908675373e-07,2.112337808592365e-07,4.23503899916992e-08,67.1500013013103,2.8438287430535998e-06,2.8508787879508033e-06,-0.10108184346540962,-0.10127021807840648,-65.82947507782754
I1,22,N7,6.455984611360564e-05,6.449225472189057e-05,1.6888727241459987e-07,2.1122700645864596e-07,4.233973404404609e-08,67.15000075585876,2.8431131730605537e-06,2.850857091549344e-06,-0.10108188248007215,-0.10127015196837265,-65.83001531341158
I1,23,N7,6.449225472189057e-05,6.442467144017477e-05,1.6889016796322667e-07,2.1122195227789396e-07,4.233178431466728e-08,67.15000071981974,2.842579347201162e-06,2.8508409018084048e-06,-0.10108191162070039,-0.10127010259872009,-65.83041897395357
I1,24,N7,6.442467144017477e-05,6.435709352588603e-05,1.6889208441076285e-07,2.1121860735820032e-07,4.232652294743747e-08,67.15000068813863,2.8422260450469417e-06,2.8508301882672238e-06,-0.1010819309229399,-0.10127006991072017,-65.83068609359663
I1,1,N8,6.16018229738057e-05,6.144728834124924e-05,1.45170633018874e-07,2.7182782697813837e-07,1.2665719395926437e-07,67.15000040905544,8.505030626174417e-06,3.127488449977593e-06,-0.10580326038034345,-0.10654064940349081,-63.47883153477367
I1,2,N8,6.144728834124924e-05,6.12927534172779e-05,1.451705742911422e-07,2.718280482913571e-07,1.2665747400021487e-07,67.1500003803756,8.505049427291842e-06,3.1274896693687446e-06,-0.10580325876938368,-0.10654064354989011,-63.478820262567595
I1,3,N8,6.12927534172779e-05,6.113820906219945e-05,1.4516867218409276e-07,2.71835209379228e-07,1.2666653719513523e-07,67.15000034119193,8.505658015870932e-06,3.1275291117249056e-06,-0.10580323085627075,-0.10654073255931198,-63.47844288080953
I1,4,N8,6.113820906219945e-05,6.09836461333163e-05,1.4516492641837592e-07,2.718493128100546e-07,1.2668438639167867e-07,67.15000031400115,8.506856585980265e-06,3.127606794213229e-06,-0.10580317580946262,-0.10654091139323155,-63.47769931725203
I1,5,N8,6.09836461333163e-05,6.082905547864449e-05,1.4515933565824252e-07,2.718703661056646e-07,1.267110304474221e-07,67.15000041844881,8.508645747566475e-06,3.1277227632293035e-06,-0.10580309809636215,-0.1065411777484252,-63.47658943443089
I1,6,N8,6.082905547864449e-05,6.0674427945542625e-05,1.4515190086782e-07,2.7189837072603647e-07,1.2674646985821648e-07,67.15000054356858,8.511025519874635e-06,3.1278770369539233e-06,-0.10580300427554326,-0.10654152945814842,-63.475113026688774
I1,7,N8,6.0674427945542625e-05,6.051975437432877e-05,1.451426219507021e-07,2.7193333317668927e-07,1.2679071122598717e-07,67.1500006772978,8.513996344700108e-06,3.128069663455435e-06,-0.10580290129875507,-0.10654196432290422,-63.473269818824626
I1,8,N8,6.051975437432877e-05,6.0365025601969725e-05,1.4513150000170375e-07,2.719752575535583e-07,1.2684375755185455e-07,67.15000068438577,8.517558406417096e-06,3.128300681664465e-06,-0.10580280152040968,-0.10654247737806671,-63.471059465405546
I1,9,N8,6.0365025601969725e-05,6.021023245037574e-05,1.451185338428887e-07,2.7202415691759387e-07,1.2690562307470518e-07,67.15000064459204,8.521712671268808e-06,3.128570180703619e-06,-0.10580272672580174,-0.10654306416879193,-63.468481549264865
I1,10,N8,6.021023245037574e-05,6.032328372619095e-05,2.828863577264457e-07,1.420196122956742e-07,-1.408667454307715e-07,60.00000067258836,-8.452004820591624e-06,3.1867947751659e-06,-0.10653652578044086,-0.10580919008449155,-63.46553559133776
I1,11,N8,6.032328372619095e-05,6.052711097833751e-05,3.625359668936827e-07,1.2683400244250678e-07,-2.3570196445117591e-07,58.09867023909908,-1.3693970707356724e-05,3.6702747700214206e-06,-0.1070327938997777,-0.10571593640327218,-63.46283079760027
I1,12,N8,6.052711097833751e-05,6.0971997043270824e-05,6.005107003365567e-07,1.0969166574447e-07,-4.908190345920867e-07,55.49902808067925,-2.72399793833581e-05,5.3265177456077e-06,-0.10851943889881502,-0.10562364575500234,-63.46059201511928
I1,13,N8,6.0971997043270824e-05,6.141679606331352e-05,6.00422145510068e-07,1.096955572328222e-07,-4.907265882772458e-07,55.49902733582868,-2.7234848337216807e-05,5.325882770571676e-06,-0.10851849363579653,-0.105623524639908,-63.459426674370214
I1,14,N8,6.141679606331352e-05,6.192264058618794e-05,6.631866830426562e-07,1.0754472685647396e-07,-5.556419561861823e-07,55.1069507020117,-3.061973388752129e-05,5.780485574243476e-06,-0.10902997217639168,-0.10560743994730097,-63.459331113938674
I1,15,N8,6.192264058618794e-05,6.236751839110844e-05,6.005022977227378e-07,1.0969203562012147e-07,-4.908102621026163e-07,55.49902765965282,-2.723949231207455e-05,5.326457500071445e-06,-0.10851932095613893,-0.1056234867910866,-63.46047421774982
I1,16,N8,6.236751839110844e-05,6.257134143674774e-05,3.6253214518233756e-07,1.268345915472793e-07,-2.3569755363505826e-07,58.09867008648586,-1.3693714408835056e-05,3.6702505254721267e-06,-0.10703256283662485,-0.10571608563422878,-63.462689404092046
I1,17,N8,6.257134143674774e-05,6.268438918936384e-05,2.8288357180022727e-07,1.4202046927122077e-07,-1.408631025290065e-07,60.00000060425949,-8.451786236858257e-06,3.1867803080358607e-06,-0.10653643115395331,-0.10580925892108879,-63.465371758988724
I1,18,N8,6.268438918936384e-05,6.252959156646863e-05,1.451176335207495e-07,2.720275532869044e-07,1.269099197661549e-07,67.15000068929011,8.522001199775053e-06,3.1285889010574046e-06,-0.10580265585820522,-0.10654314332497919,-63.468295312268516
I1,19,N8,6.252959156646863e-05,6.237485725395167e-05,1.4513037297345955e-07,2.7197945575643405e-07,1.268490827829745e-07,67.1500112172174,8.517917331770476e-06,3.128323715474202e-06,-0.10580279249231045,-0.1065425385927212,-63.470850819385674
I1,20,N8,6.237485725395167e-05,6.222017689983801e-05,1.4514122921818198e-07,2.719384618035237e-07,1.267972325853417e-07,67.15002583949996,8.514437444482783e-06,3.1280976826627923e-06,-0.1058029542072625,-0.10654196773983522,-63.47303877629484
I1,21,N8,6.222017689983801e-05,6.206554311629767e-05,1.4515064025524138e-07,2.719031167188081e-07,1.2675247646356673e-07,67.15000125291625,8.511428953338744e-06,3.1279031773053716e-06,-0.10580295737011444,-0.10654160737122056,-63.47485952151886
I1,22,N8,6.206554311629767e-05,6.191094564600953e-05,1.4515796121028395e-07,2.7187554137419665e-07,1.267175801639127e-07,67.15000072678916,8.509085600103702e-06,3.1277512693836044e-06,-0.10580305551446438,-0.10654125522661428,-63.4763134548865
I1,23,N8,6.191094564600953e-05,6.175637531394154e-05,1.4516343315062615e-07,2.718549339451581e-07,1.2669150079453196e-07,67.15000070401356,8.507334367545357e-06,3.127637753218382e-06,-0.10580313787216024,-0.106540991834879,-63.47740083879743
I1,24,N8,6.175637531394154e-05,6.16018229738057e-05,1.4516706141334589e-07,2.7184127220313786e-07,1.2667421078979198e-07,67.15000067705547,8.506173340299999e-06,3.127562502123628e-06,-0.10580320233678843,-0.1065408222619793,-63.478121875760486
I1,1,N9,6.440496220565749e-05,6.427258363538267e-05,1.50034010777231e-07,2.553505384831352e-07,1.0531652770590423e-07,67.15000039912432,7.0720048774858564e-06,3.0403841194527466e-06,-0.10100276991865242,-0.10153713300628603,-64.02476122547532
I1,2,N9,6.427258363538267e-05,6.41402048333322e-05,1.5003395675709732e-07,2.553507080982926e-07,1.0531675134119529e-07,67.15000037093607,7.072019891627045e-06,3.0403849864154244e-06,-0.10100276946888499,-0.10153713464777055,-64.02475138336051
I1,3,N9,6.41402048333322e-05,6.400781921510383e-05,1.500323673027842e-07,2.5535569552625514e-07,1.0532332822347095e-07,67.1500003327518,7.072461525252602e-06,3.040410471217795e-06,-0.10100275288913355,-0.10153718874331642,-64.02445891339828
I1,4,N9,6.400781921510383e-05,6.387542019435833e-05,1.5002924214627034e-07,2.553655023451777e-07,1.0533626019890737e-07,67.15000030664955,7.073329904657946e-06,3.04046058368586e-06,-0.1010027202215347,-0.10153729525561149,-64.02388377463045
I1,5,N9,6.387542019435833e-05,6.374300117783076e-05,1.500245799560441e-07,2.5538013387097783e-07,1.0535555391493373e-07,67.15000041013936,7.074625488598259e-06,3.0405353537026644e-06,-0.1010026714492039,-0.10153745424550739,-64.02302588649117
I1,6,N9,6.374300117783076e-05,6.361055557402779e-05,1.5001838187052008e-07,2.5539958944279925e-07,1.0538120757227917e-07,67.15000053087033,7.076348144422302e-06,3.0406347848498948e-06,-0.101002606593275,-0.10153766573290186,-64.02188512875175
I1,7,N9,6.361055557402779e-05,6.347807678814651e-05,1.5001064794098544e-07,2.5542387220338924e-07,1.054132242624038e-07,67.1500006540613,7.0784980781671265e-06,3.0407589010828102e-06,-0.10100252565804493,-0.101537929786059,-64.02046134146376
I1,8,N9,6.347807678814651e-05,6.334555822560387e-05,1.5000137935416908e-07,2.554529829865777e-07,1.0545160363240862e-07,67.15000065786278,7.0810752532889235e-06,3.0409077175556006e-06,-0.10100242864757425,-0.10153824648386917,-64.01875432487113
I1,9,N9,6.334555822560387e-05,6.321299328221249e-05,1.4999057498721783e-07,2.5548692979833215e-07,1.0549635481111432e-07,67.15000063056623,7.084080292088765e-06,3.041081285891625e-06,-0.10100231555907113,-0.10153861595242084,-64.01676383930943
I1,10,N9,6.321299328221249e-05,6.334806089306861e-05,3.007665338989619e-07,1.3707707352141197e-07,-1.6368946037754996e-07,60.00000067324226,-9.82136773285566e-06,3.2838270556528043e-06,-0.10173179118198564,-0.10094782526631071,-64.01448960506438
I1,11,N9,6.334806089306861e-05,6.355142325416421e-05,3.61651064249287e-07,1.264938807990606e-07,-2.3515718345022638e-07,58.6269340069619,-1.3786544675399455e-05,3.661087087862607e-06,-0.10207710444983213,-0.1008890001625428,-64.01248619155228
I1,12,N9,6.355142325416421e-05,6.39042782481198e-05,5.067947472077922e-07,1.1372857650730744e-07,-3.9306617070048475e-07,56.74957387380189,-2.2306337691459583e-05,4.653924927863248e-06,-0.10290630685331965,-0.10082340465305589,-64.01090970403682
I1,13,N9,6.39042782481198e-05,6.42570879562822e-05,5.067497306639867e-07,1.1373152519580273e-07,-3.9301820546818397e-07,56.74957333445234,-2.2303615472991565e-05,4.653609418948421e-06,-0.10290575766729722,-0.10082343496068255,-64.01009813108034
I1,14,N9,6.42570879562822e-05,6.464092742259825e-05,5.379979404107737e-07,1.1206410313028484e-07,-4.2593383728048887e-07,56.46643088628343,-2.405096358492822e-05,4.87546532655794e-06,-0.10310193433695097,-0.10081456116831103,-64.01005099237115
I1,15,N9,6.464092742259825e-05,6.499377886588319e-05,5.067912178957034e-07,1.137288079188632e-07,-3.930624099768402e-07,56.74957354569981,-2.2306124143030704e-05,4.653900193609249e-06,-0.10290626121633832,-0.10082340811560085,-64.01084302435828
I1,16,N9,6.499377886588319e-05,6.519713856143294e-05,3.6164864237807115e-07,1.2649425395829304e-07,-2.3515438841977811e-07,58.62693388347596,-1.3786380782295555e-05,3.6610717225227312e-06,-0.1020770764528408,-0.10088900417405576,-64.01239994449841
I1,17,N9,6.519713856143294e-05,6.533220362743104e-05,3.007644294152877e-07,1.3707761177879703e-07,-1.6368681763649065e-07,60.00000060822871,-9.821209157748461e-06,3.283815308955635e-06,-0.10173176837509759,-0.10094783109885719,-64.01438377063891
I1,18,N9,6.533220362743104e-05,6.519963581969657e-05,1.4998990782620593e-07,2.554890263263629e-07,1.0549911850015696e-07,67.15000064972526,7.084265875830982e-06,3.0410920061442662e-06,-0.10100230839134579,-0.10153863934775192,-64.01663840056491
I1,19,N9,6.519963581969657e-05,6.50671139266086e-05,1.5000060333438003e-07,2.5545542050918464e-07,1.0545481717480461e-07,67.15000071429131,7.081291048613589e-06,3.040920178826735e-06,-0.10100242037293097,-0.10153827350580685,-64.01860927755354
I1,20,N9,6.50671139266086e-05,6.493463134122653e-05,1.5000976232497522e-07,2.55426652651489e-07,1.054168903265138e-07,67.15000081261356,7.078744271088596e-06,3.040773112323482e-06,-0.10100251625837599,-0.10153796045932344,-64.02029667856799
I1,21,N9,6.493463134122653e-05,6.480218146464e-05,1.500173855300022e-07,2.5540271587829024e-07,1.0538533034828803e-07,67.15000089221084,7.076625026913475e-06,3.0406507605621936e-06,-0.101002596055702,-0.10153770007831024,-64.02170084051824
I1,22,N9,6.480218146464e-05,6.466975771411866e-05,1.50023476011309e-07,2.5538359772756633e-07,1.0536012171625733e-07,67.15000068361013,7.074932245271926e-06,3.0405530530415648e-06,-0.10100265977982086,-0.10153749223511507,-64.02282196039778
I1,23,N9,6.466975771411866e-05,6.453735349046629e-05,1.5002802862974535e-07,2.553693091090197e-07,1.0534128047927432e-07,67.15000066982746,7.073667054743753e-06,3.040480033040738e-06,-0.10100270738851111,-0.10153733695108737,-64.02366019541772
I1,24,N9,6.453735349046629e-05,6.440496220565749e-05,1.500310456035354e-07,2.5535984151010636e-07,1.0532879590657095e-07,67.15000065404307,7.072828714015808e-06,3.0404316533523133e-06,-0.1010027388712673,-0.10153723417645985,-64.02421566305155
I3,1,N8,31.072575396259673,31.072571360606958,5.31553366578135e-08,3.8239401194049405e-06,3.770784782747127e-06,67.15000040905544,0.0002532081997039296,2.9078215920470656e-05,-7.177395558285249e-08,-7.177396350613144e-08,-77.74485078868042
I3,2,N8,31.072571360606958,31.072561198471792,5.318387971033111e-08,9.5583526989355e-06,9.505168819225168e-06,67.1500003803756,0.0006382720898265044,7.208652433984373e-05,-7.177395558291248e-08,-7.177397555544322e-08,-77.74485071402415
I3,3,N8,31.072561198471792,31.07253740890592,5.3219146000476815e-08,2.2313658740079413e-05,2.2260439594078936e-05,67.15000034119193,0.0014947885263374829,0.0001677515841455992,-7.177395558298657e-08,-7.177400235727024e-08,-77.74485063936785
I3,4,N8,31.07253740890592,31.072513606947957,5.3820150752748045e-08,2.2325784268358485e-05,2.2271964117605735e-05,67.15000031400115,0.0014955623974906474,0.00016784703314333426,-7.177395558424942e-08,-7.177400238274849e-08,-77.74485056471147
I3,5,N8,31.072513606947957,31.072489804170647,5.319572365835114e-08,2.2326004124525255e-05,2.2272808400866904e-05,67.15000041844881,0.0014956190934382427,0.00016784399886137703,-7.177395558293735e-08,-7.177400238321046e-08,-77.74485049005499
I3,6,N8,31.072489804170647,31.072343550222076,5.32179086747187e-08,0.0001369403198577037,0.00013688710194902898,67.15000054356858,0.009191968970284823,0.001027451533247838,-7.177395558298398e-08,-7.177424321499268e-08,-77.74485041539845
I3,7,N8,31.072343550222076,31.072095234715082,5.3003223420647874e-08,0.00023246975046025073,0.00023241674723683008,67.1500006772978,0.01560678473436849,0.0017439206526275355,-7.177395558253287e-08,-7.177444394600211e-08,-77.74485034074137
I3,8,N8,31.072095234715082,31.07209112820174,5.048171486069132e-08,3.8879233143077315e-06,3.83744159944704e-06,67.15000068438577,0.00025768420602915917,2.9538037718763172e-05,-7.177395557723461e-08,-7.177396364058306e-08,-77.74485026608342
I3,9,N8,31.07209112820174,8.982955100370839e-07,1.8143710808742314e-08,29.08347647108786,29.083476452944147,67.15000064459204,1952.955462562177,218.1260736692368,-7.177395550928508e-08,-100.55159687720081,-77.74485019142546
I3,10,N8,8.982955100370839e-07,3.168428423329566e-07,5.6955783726361296e-08,5.941384312705934e-07,5.371826475442321e-07,60.00000067258836,3.223095921395672e-05,4.88320661247716e-06,-7.177395559080252e-08,-7.177395672289733e-08,-74.22828149641592
I3,11,N8,3.168428423329566e-07,8.726760982530832e-07,7.679909669372581e-07,1.5257388662862567e-07,-6.154170803086324e-07,58.09867023909908,-3.575491400836039e-05,6.904236401744128e-06,-7.177395710486765e-08,-7.177395579136654e-08,-64.29899720489719
I3,12,N8,8.726760982530832e-07,36.42651674999828,38.917217934998106,1.0280654296248063e-07,-38.91721783219156,55.49902808067925,-2159.867765290711,291.8791352835349,-10.843488790007534,-7.177395568546685e-08,-60.6994851850908
I3,13,N8,36.42651674999828,72.8530326232162,38.9172179344451,1.0616363287223113e-07,-38.917217828281466,55.49902733582868,-2159.867736086192,291.87913530456547,-10.823384057769207,-7.17739556924177e-08,-60.699485126848195
I3,14,N8,72.8530326232162,109.27592898025485,38.913350928848466,1.0517224544595121e-07,-38.91335082367622,55.1069507020117,-2144.3961054904116,291.85013275515536,-11.217708170053605,-7.177395568999698e-08,-60.69948512685036
I3,15,N8,109.27592898025485,145.7024448577629,38.91721793450837,1.0220348828665415e-07,-38.917217832304885,55.49902765965282,-2159.8677489118227,291.87913527533897,-10.825673686486043,-7.17739556842179e-08,-60.69948518509296
I3,16,N8,145.7024448577629,145.70244564809545,1.0058828458641503e-06,1.4149869169634566e-07,-8.643841541678047e-07,58.09867008648586,-5.021956980098142e-05,8.60536153170372e-06,-7.177395762095033e-08,-7.177395576809654e-08,-62.93617197399057
I3,17,N8,145.70244564809545,145.70244594572088,5.254587850390514e-07,1.8177492629384888e-07,-3.436838587452025e-07,60.00000060425949,-2.0621031732386383e-05,5.304252834996752e-06,-7.177395655876656e-08,-7.17739558555792e-08,-68.0899874007678
I3,18,N8,145.70244594572088,145.70178824164327,2.3804030029815033e-08,0.0006156318712603921,0.0006156080672303624,67.15000068929011,0.04133808213885139,0.004617417564678164,-7.177395552117872e-08,-7.179282673204896e-08,-77.74001485669457
I3,19,N8,145.70178824164327,104.12381677163405,4.927471051608981e-08,38.916981339097994,38.91698128982328,67.1500112172174,2613.275730151873,291.87736041279527,-7.177395557470016e-08,-0.013742225752384691,-77.74485106658047
I3,20,N8,104.12381677163405,63.089424309892415,1.5826982718278233e-08,38.408191358056136,38.40819134222915,67.15002583949996,2579.111041079146,288.0614353041234,-7.177395550441715e-08,-107.99964480104381,-77.74485111255639
I3,21,N8,63.089424309892415,61.98339152252731,2.8779829175800678e-08,1.0352467141876314,1.0352466854078022,67.15000125291625,69.51681622221132,7.764350572255954,-7.1773955531634e-08,-66.28196646550968,-77.74485110063543
I3,22,N8,61.98339152252731,31.072576247771263,3.279657216372653e-08,28.932523125904606,28.932523093108035,67.15000072678916,1942.8189467300488,216.9939236902588,-7.17739555400741e-08,-3.0899227193626156e-07,-77.74485108730543
I3,23,N8,31.072576247771263,31.072575819741495,3.9399971539737755e-08,4.351540188182047e-07,3.9575404727846695e-07,67.15000070401356,2.6574884553365274e-05,3.5591549276845685e-06,-7.177395555394934e-08,-7.177395638551918e-08,-77.74485101264918
I3,24,N8,31.072575819741495,31.072575396259673,4.341530667885641e-08,4.344149616987149e-07,3.909996550198585e-07,67.15000067705547,2.6255627099311954e-05,3.583727012831785e-06,-7.177395556238648e-08,-7.177395638396626e-08,-77.74485093799292
I4,1,N1,6.47032066624613e-05,6.457913703134349e-05,2.202029859633124e-07,3.090481299167852e-07,8.884514395347279e-08,67.15000030300793,5.965951443396481e-06,3.969383369100732e-06,-0.09142315400921877,-0.09245449377351511,-65.10454042963981
I4,2,N1,6.457913703134349e-05,6.445506780196679e-05,2.2020349276436265e-07,3.090481978934621e-07,8.884470512909946e-08,67.15000026107913,5.965921972614526e-06,3.969387679933686e-06,-0.0913853940382221,-0.09246069288661048,-65.10453259548511
I4,3,N1,6.445506780196679e-05,6.433098457982245e-05,2.20198451846387e-07,3.0905687879593086e-07,8.885842694954386e-08,67.15000020616854,5.9668433879816825e-06,3.969414979817384e-06,-0.09150383910896079,-0.09239974200904154,-65.10433517137086
I4,4,N1,6.433098457982245e-05,6.42068789447387e-05,2.2019120601507544e-07,3.090715092633613e-07,8.888030324828587e-08,67.15000016634829,5.968312377907483e-06,3.969470364588276e-06,-0.09157748112169009,-0.09235508656807781,-65.10394813157308
I4,5,N1,6.42068789447387e-05,6.408274306229027e-05,2.2018185723538446e-07,3.090916303682216e-07,8.890977313283712e-08,67.15000028401136,5.970291291121398e-06,3.969551157027046e-06,-0.09160003089970524,-0.09234132572772363,-65.1033714333175
I4,6,N1,6.408274306229027e-05,6.395856817280556e-05,2.2016993581843364e-07,3.0911769664848346e-07,8.894776083004982e-08,67.15000043656102,5.97284217856897e-06,3.969657243501878e-06,-0.09159983352535207,-0.09234424465192777,-65.10260501766383
I4,7,N1,6.395856817280556e-05,6.383434470358058e-05,2.2015511309743922e-07,3.091501811587839e-07,8.899506806134469e-08,67.15000059345631,5.9760188731339805e-06,3.969789706921674e-06,-0.0915966643503086,-0.09234918933847618,-65.10164880808314
I4,8,N1,6.383434470358058e-05,6.371006194047438e-05,2.2013703357390444e-07,3.091898408333721e-07,8.905280725946764e-08,67.15000061150795,5.979896061929752e-06,3.969951558054574e-06,-0.09161203041914855,-0.09233257117207973,-65.10050270920354
I4,9,N1,6.371006194047438e-05,6.35857037041319e-05,2.2011418941971785e-07,3.0924047011042715e-07,8.91262806907093e-08,67.15000058878576,5.984829800857414e-06,3.9701599464760875e-06,-0.09173654072903101,-0.09217616188000793,-65.09916660505198
I4,10,N1,6.35857037041319e-05,6.383425626845094e-05,4.663592387326919e-07,1.75930263414122e-07,-2.904289753185699e-07,60.000000664932514,-1.7425738712229865e-05,4.817171266101104e-06,-0.0912950264780392,-0.09127267708397103,-65.09764035069965
I4,11,N1,6.383425626845094e-05,6.40826673717147e-05,4.662250590081413e-07,1.7594511664192763e-07,-2.9027994236621367e-07,60.00000058097996,-1.7416796710619648e-05,4.816276317375516e-06,-0.09210740442552079,-0.09112769764383213,-65.09649411749172
I4,12,N1,6.40826673717147e-05,6.433108150778582e-05,4.6623902846693003e-07,1.7595451652119317e-07,-2.902845119457369e-07,60.0000005600345,-1.7417070879313553e-05,4.816451587410924e-06,-0.09119405685792284,-0.09108001538942571,-65.09572758588406
I4,13,N1,6.433108150778582e-05,6.457946391159633e-05,4.6621058121920554e-07,1.7595929539719512e-07,-2.9025128582201043e-07,60.00000054491362,-1.7415077307482503e-05,4.816274074623005e-06,-0.09123179208010768,-0.09105280350885078,-65.09534069238829
I4,14,N1,6.457946391159633e-05,6.482776425961174e-05,4.6611627833499247e-07,1.759534812417442e-07,-2.901627970932483e-07,60.00000052608126,-1.7409767978244108e-05,4.815523196825525e-06,-0.09255019947036724,-0.09159629897033121,-65.09533335382683
I4,15,N1,6.482776425961174e-05,6.507608495910389e-05,4.661343708706739e-07,1.7595028305766204e-07,-2.9018408781301184e-07,60.000000503169275,-1.7411045414792427e-05,4.8156349044625195e-06,-0.09264402699802717,-0.09149366001841618,-65.09570544330714
I4,16,N1,6.507608495910389e-05,6.532452458131801e-05,4.6625835442718773e-07,1.759475928878174e-07,-2.903107615393703e-07,60.00000055197682,-1.741864585260703e-05,4.816544604862539e-06,-0.09160498349860943,-0.09093910028580822,-65.09645702519013
I4,17,N1,6.532452458131801e-05,6.557307049101026e-05,4.6635615706261e-07,1.759337923059773e-07,-2.9042236475663275e-07,60.000000613785055,-1.742534206365487e-05,4.817174620264405e-06,-0.09128970525598624,-0.09100292994820085,-65.09758834924135
I4,18,N1,6.557307049101026e-05,6.544866913841864e-05,2.20107883290122e-07,3.092753021446991e-07,8.91674188545771e-08,67.15000053810589,5.987592224066365e-06,3.9703738907611574e-06,-0.09205343366181426,-0.09115881824815983,-65.09909967959968
I4,19,N1,6.544866913841864e-05,6.532433489502346e-05,2.2012905058101219e-07,3.092310325157137e-07,8.91019819347015e-08,67.14997350890503,5.983195726506141e-06,3.970200623225444e-06,-0.09204337594769874,-0.09110439722092716,-65.10042079659151
I4,20,N1,6.532433489502346e-05,6.520004920902193e-05,2.2014650403750182e-07,3.092008736986647e-07,8.905436966116286e-08,67.14993600917413,5.979995224084424e-06,3.970105333021249e-06,-0.09208843634749317,-0.09080276651966933,-65.10155183204328
I4,21,N1,6.520004920902193e-05,6.507581073498264e-05,2.2015947279390238e-07,3.0916804517760985e-07,8.900857238370747e-08,67.15000080979027,5.976925707644233e-06,3.969956384786342e-06,-0.09212384418013822,-0.09088945750025051,-65.1024928853209
I4,22,N1,6.507581073498264e-05,6.4951600461718e-05,2.2017030282051664e-07,3.0915113739555616e-07,8.898083457503953e-08,67.15000060300302,5.975063095369617e-06,3.969910801620546e-06,-0.09217539919610689,-0.0906160474195498,-65.10324404937974
I4,23,N1,6.4951600461718e-05,6.482740447919385e-05,2.2017811119763466e-07,3.0914460215040165e-07,8.896649095276699e-08,67.15000058383264,5.974099919419844e-06,3.969920350110272e-06,-0.09223095437459929,-0.09022110985008244,-65.10380538398354
I4,24,N1,6.482740447919385e-05,6.47032066624613e-05,2.2018354794276573e-07,3.0915108208013635e-07,8.896753413737062e-08,67.15000056001719,5.9741699671477856e-06,3.970009725171765e-06,-0.09225160979502436,-0.0896217228302181,-65.1041769234684
I4,1,N2,7.146067290336337e-05,7.136903672282328e-05,2.3111625445548748e-07,2.882514910489539e-07,5.713523659346643e-08,67.15000041894488,3.836631161187786e-06,3.895258091283311e-06,-0.08167701337618963,-0.08487553015792394,-65.83031582767168
I4,2,N2,7.136903672282328e-05,7.127739363803765e-05,2.3111569492718253e-07,2.882574632222708e-07,5.7141768295088255e-08,67.15000038764144,3.837069763165694e-06,3.8952986861209e-06,-0.08170301529804087,-0.08466700292772097,-65.83031094360855
I4,3,N2,7.127739363803765e-05,7.1185736032274e-05,2.311129124151388e-07,2.882686171100364e-07,5.7155704694897595e-08,67.15000034682403,3.838005590085345e-06,3.895361471438814e-06,-0.08174358564331315,-0.08439535360746206,-65.8301952792939
I4,4,N2,7.1185736032274e-05,7.109405626445475e-05,2.3110815602861208e-07,2.882851937428677e-07,5.717703771425565e-08,67.1500003188871,3.839438100745286e-06,3.895450123286099e-06,-0.08178504035189756,-0.0840520385431554,-65.8299688159528
I4,5,N2,7.109405626445475e-05,7.100234578866662e-05,2.3110147789674164e-07,2.8830808571710747e-07,5.720660782036583e-08,67.15000042485607,3.84142373944214e-06,3.895571727103868e-06,-0.08182438596497296,-0.08360532644398112,-65.82963152455181
I4,6,N2,7.100234578866662e-05,7.091059922291266e-05,2.310928818897151e-07,2.8833433499775276e-07,5.7241453108037654e-08,67.15000055466258,3.843763607954421e-06,3.895704126656009e-06,-0.0818614988694727,-0.08316111817288947,-65.82918336468741
I4,7,N2,7.091059922291266e-05,7.081881568793325e-05,2.310824154217386e-07,2.8835976856205515e-07,5.727735314031654e-08,67.15000070109778,3.846174303529281e-06,3.895816379878453e-06,-0.08189376321684814,-0.08286883857747944,-65.82862428846963
I4,8,N2,7.081881568793325e-05,7.072699329949997e-05,2.3107021642823173e-07,2.883854479054552e-07,5.731523147722347e-08,67.15000073132678,3.84871783561172e-06,3.895917482502651e-06,-0.08191372834126973,-0.08269041818931866,-65.82795424605206
I4,9,N2,7.072699329949997e-05,7.063512447478012e-05,2.3105595233321385e-07,2.8841641555308605e-07,5.7360463219872195e-08,67.15000070754401,3.85175514579947e-06,3.896042759147249e-06,-0.08193954303306927,-0.08244561839772155,-65.82717318439948
I4,10,N2,7.063512447478012e-05,7.093739791876305e-05,5.154557535484362e-07,1.686607802927572e-07,-3.4679497325567905e-07,60.000000738072444,-2.0807698651300555e-05,5.1308740038089505e-06,-0.08560221924399711,-0.08170241362070586,-65.82628104027128
I4,11,N2,7.093739791876305e-05,7.114970295742696e-05,4.330938911440035e-07,1.8071430946628028e-07,-2.523795816777232e-07,61.289215738839474,-1.5468146629524035e-05,4.603561504577129e-06,-0.08541084513859831,-0.08192196297000123,-65.82577495366013
I4,12,N2,7.114970295742696e-05,7.126255141038144e-05,3.5060964097717994e-07,2.0154155205615845e-07,-1.4906808892102148e-07,63.05192779925653,-9.3990303798214e-06,4.141133947750038e-06,-0.08526867074784489,-0.08204169713599312,-65.8255257990522
I4,13,N2,7.126255141038144e-05,7.137539253844264e-05,3.506057834311648e-07,2.0154502857561275e-07,-1.4906075485555206e-07,63.051928260653916,-9.398568021631188e-06,4.141131090050832e-06,-0.08523341008931062,-0.08194226767349916,-65.82540311999409
I4,14,N2,7.137539253844264e-05,7.147579997559789e-05,3.411880396563628e-07,2.049321156134626e-07,-1.362559240429002e-07,63.31777951790165,-8.627422556556308e-06,4.0959011645236904e-06,-0.08503529722280843,-0.08173137850138827,-65.82540690690378
I4,15,N2,7.147579997559789e-05,7.15886465981429e-05,3.506139829273723e-07,2.0154706928460845e-07,-1.4906691364276385e-07,63.051927954016634,-9.398956299331166e-06,4.141207891589855e-06,-0.08515588421960697,-0.0816562529990361,-65.82552015292195
I4,16,N2,7.15886465981429e-05,7.18009682245441e-05,4.3311308968687413e-07,1.8071560311077603e-07,-2.523974865760981e-07,61.28921577449689,-1.546924401570316e-05,4.603715195982376e-06,-0.08508401469717018,-0.08182623368224236,-65.82575987169456
I4,17,N2,7.18009682245441e-05,7.210327196619899e-05,5.154836766508052e-07,1.6865688499009443e-07,-3.468267916607108e-07,60.00000067809391,-2.0809607734823783e-05,5.131054212306747e-06,-0.08525556525443605,-0.08211895978952337,-65.82625654213882
I4,18,N2,7.210327196619899e-05,7.201133169989613e-05,2.3105032311768268e-07,2.8847835314158527e-07,5.742803002390259e-08,67.15000075367732,3.856292259387262e-06,3.89646507194451e-06,-0.08221471971867325,-0.08026890620416395,-65.8271393071663
I4,19,N2,7.201133169989613e-05,7.191948969139712e-05,2.310651959220271e-07,2.883994138415848e-07,5.733421791955768e-08,67.15001875954513,3.8499938088621465e-06,3.895984573227089e-06,-0.08212802051050737,-0.08225774336689283,-65.8279109025088
I4,20,N2,7.191948969139712e-05,7.182768300803818e-05,2.3107733053157128e-07,2.8837698059334996e-07,5.7299650061778683e-08,67.15004370128453,3.847674005716749e-06,3.895907333436909e-06,-0.08207783502260624,-0.08235494204936933,-65.82857145504947
I4,21,N2,7.182768300803818e-05,7.173590414548769e-05,2.3108708988246366e-07,2.883594904449199e-07,5.727240056245625e-08,67.1500013013103,3.845841772298101e-06,3.895849352455377e-06,-0.08211745968527863,-0.0823310243926657,-65.82912101339303
I4,22,N2,7.173590414548769e-05,7.164414458512415e-05,2.3109397673667918e-07,2.8834745714336996e-07,5.7253480406690784e-08,67.15000075585876,3.84457125258483e-06,3.895810754100368e-06,-0.08216524105200394,-0.08227639065920361,-65.82955961605077
I4,23,N2,7.164414458512415e-05,7.155240074385057e-05,2.3109989404422966e-07,2.883379282046441e-07,5.723803416041445e-08,67.15000071981974,3.843534035072898e-06,3.8957836668665535e-06,-0.08215826699342518,-0.08225524630239366,-65.82988729015774
I4,24,N2,7.155240074385057e-05,7.146067290336337e-05,2.3111101506306056e-07,2.883326945487004e-07,5.722167948563984e-08,67.15000068813863,3.8424358168371635e-06,3.895827822088207e-06,-0.08175874132763478,-0.08220295032206701,-65.83010405760717
I4,1,N3,103.66545305809298,80.871165546881,1.9849977885384087e-07,21.33545328439927,21.33545308589949,67.15000039780654,1432.6756832055335,160.0159011217429,-5.518161071587479e-08,-1.0577095445478098e-07,-62.619176817688825
I4,2,N3,80.871165546881,63.88245730800653,1.9842342687551222e-07,15.90143108542448,15.901430887001053,67.15000036988111,1067.7810899437598,119.26073462885931,-5.518161071577286e-08,-8.666345310288489e-08,-62.61917691795513
I4,3,N3,63.88245730800653,58.21574683445087,1.9861784728734924e-07,5.3040411772564005,5.304040978638553,67.15000033216842,356.16635347741374,39.78031031905686,-5.5181610716032425e-08,-6.312567441914876e-08,-62.619176948134935
I4,4,N3,58.21574683445087,56.94738386851181,1.9838391910571186e-07,1.1871879099223217,1.1871877115384026,67.1500003062567,79.71965519338792,8.903910812296806,-5.518161071572012e-08,-5.6806046986010435e-08,-62.61917696349166
I4,5,N3,56.94738386851181,56.81984283652996,1.9859859664843322e-07,0.11937857992645008,0.11937838132785343,67.15000040965332,8.016258355069107,0.8953408389378505,-5.518161071600673e-08,-5.534137590267505e-08,-62.61917697572981
I4,6,N3,56.81984283652996,40.89835250683023,1.9847072371930126e-07,14.90251512247836,14.902514924007635,67.15000052938561,1000.7038850362896,111.76886490711813,-5.518161071583602e-08,-8.381784438818887e-08,-62.61917698765704
I4,7,N3,40.89835250683023,33.88110033347518,1.9846682666933288e-07,6.5681482081363125,6.5681480096694855,67.15000064914736,441.0511431130019,49.261113049523544,-5.5181610715830805e-08,-6.531351953589003e-08,-62.6191769605482
I4,8,N3,33.88110033347518,5.832673122640236,1.9857424002655066e-07,26.25332804331161,26.253327844737367,67.15000065152486,1762.91098187881,196.89996181414386,-5.518161071597421e-08,-1.3100245237028484e-07,-62.619176912224994
I4,9,N3,5.832673122640236,1.9268413656277987e-06,1.9845750665381756e-07,5.459380413135571,5.459380214678065,67.15000062762245,366.5973848420616,40.945354586948085,-5.518161071581836e-08,-6.33877220731289e-08,-62.61917639913848
I4,10,N3,1.9268413656277987e-06,2.8041967067379684e-06,1.2258334376204087e-06,2.5274317208637083e-07,-9.73090265534038e-07,60.00000067324226,-5.838541658716777e-05,1.1089324572800845e-05,-5.5181611996676547e-08,-5.518161079331592e-08,-60.81598996141761
I4,11,N3,2.8041967067379684e-06,4.457036244198736e-06,2.0226826492020565e-06,2.2500637117204586e-07,-1.7976762780300107e-06,58.6269340069619,-0.00010539224851794633,1.6857667652805768e-05,-5.518161302796913e-08,-5.5181610753824415e-08,-59.5792813330424
I4,12,N3,4.457036244198736e-06,0.1728563283612391,0.18467103252707526,2.0135264525047436e-07,-0.18467083117443,56.74957387380925,-10.479990976071072,1.3850342540979037,-5.542908942344306e-08,-5.518161072048678e-08,-58.8099039165285
I4,13,N3,0.1728563283612391,38.931499498571235,41.40880704031096,2.0547171376230553e-07,-41.40880683483925,56.749573336117436,-2349.9321202348306,310.56605434337007,-4.191852804412374e-07,-5.5181610726017554e-08,-58.809885536508254
I4,14,N3,38.931499498571235,84.6305871355002,48.82381182079898,2.1278917918001727e-07,-48.8238116080098,56.466430888255026,-2756.9063838648685,366.1785902519112,-0.8096771248975992,-5.5181610735199074e-08,-58.8098855039257
I4,15,N3,84.6305871355002,103.66550190582679,20.3364476543474,2.1915746266412546e-07,-20.336447435189935,56.749573546510916,-1154.0847193980646,152.52335905128646,-1.0171318685741093e-07,-5.5181610744398136e-08,-58.80988563351038
I4,16,N3,103.66550190582679,103.66550345636331,1.9290811295637897e-06,2.387580743856537e-07,-1.6903230551781361e-06,58.62693388347596,-9.909845799764367e-05,1.6258794029620825e-05,-5.5181612935532054e-08,-5.5181610772045424e-08,-59.64165247591078
I4,17,N3,103.66550345636331,103.6655029242707,3.1008516014784125e-07,7.697030491606934e-07,4.596178890128522e-07,60.00000060822871,2.757707362032393e-05,8.098411569814009e-06,-5.518161086103337e-08,-5.5181611505172146e-08,-61.000252299380875
I4,18,N3,103.6655029242707,103.66546782028601,2.059723735791275e-07,3.303778122912973e-05,3.2831808855550604e-05,67.15000064558028,0.0022046559858457915,0.0002493281520203164,-5.5181610725841226e-08,-5.5181654820425505e-08,-62.0976796531819
I4,19,N3,103.66546782028601,103.66545812016776,2.1089957210765606e-07,9.264078961813367e-06,9.053179389705711e-06,67.15000070063168,0.0006079210023616828,7.106233900440767e-05,-5.51816107324214e-08,-5.5181622834042555e-08,-62.18095501945942
I4,20,N3,103.66545812016776,103.6654572151375,2.2242592072857315e-07,1.0419747944604422e-06,8.195488737318691e-07,67.15000079329683,5.5032707521240526e-05,9.483005363917615e-06,-5.518161074781015e-08,-5.5181611842107724e-08,-62.24735321636011
I4,21,N3,103.6654572151375,103.66545588179679,2.2054675924684898e-07,1.4412270397519611e-06,1.220680280505112e-06,67.15000087133399,8.196868189953849e-05,1.2463303492491076e-05,-5.518161074530286e-08,-5.518161237520955e-08,-62.3125189399447
I4,22,N3,103.66545588179679,103.66545482611548,2.2553870099913602e-07,1.1857112467421176e-06,9.601725457429817e-07,67.1500006743092,6.44755870940944e-05,1.0584374608059402e-05,-5.518161075196832e-08,-5.518161203396896e-08,-62.37595083685569
I4,23,N3,103.66545482611548,103.66545389159026,2.294682174713281e-07,1.075751785053488e-06,8.4628356758216e-07,67.1500006629061,5.6827942124148576e-05,9.789150018936122e-06,-5.518161075721548e-08,-5.518161188711705e-08,-62.43807378949013
I4,24,N3,103.66545389159026,103.66545305809298,2.3360821180654774e-07,9.848166727481982e-07,7.512084609416504e-07,67.15000064942203,5.0443648640083144e-05,9.138186634160595e-06,-5.51816107627436e-08,-5.5181611765679895e-08,-62.49908214702619
I4,1,N4,6.567869788980698e-05,6.555452466393616e-05,2.2023801001409434e-07,3.0917577903640607e-07,8.893776902231173e-08,67.15000038849071,5.97217122439973e-06,3.970603417878753e-06,-0.0887241490298875,-0.08913851954849829,-65.10389287389697
I4,2,N4,6.555452466393616e-05,6.543035087245376e-05,2.2023808396705545e-07,3.091763732387253e-07,8.893828927166987e-08,67.1500003577666,5.972206156411781e-06,3.970608429043355e-06,-0.08871284907367225,-0.08912776633724417,-65.1038855153054
I4,3,N4,6.543035087245376e-05,6.530616730896227e-05,2.2023544128055777e-07,3.091832045921587e-07,8.894776331160095e-08,67.1500003172488,5.972842334592574e-06,3.970639844045374e-06,-0.08869257910274782,-0.08911856687366927,-65.10369401034869
I4,4,N4,6.530616730896227e-05,6.518196444852053e-05,2.2022976535203497e-07,3.091962938793288e-07,8.896652852729385e-08,67.15000028953855,5.974102416367022e-06,3.970695444235229e-06,-0.08868234001293095,-0.08911033886805908,-65.10331834043706
I4,5,N4,6.518196444852053e-05,6.50577328202953e-05,2.2022116191072305e-07,3.092156830841552e-07,8.899452117343213e-08,67.15000039509178,5.975982131956972e-06,3.9707763374615866e-06,-0.08867564841192639,-0.08910197763288424,-65.10275846890693
I4,6,N4,6.50577328202953e-05,6.493346311596769e-05,2.20209711994669e-07,3.0924129109032903e-07,8.903157909566002e-08,67.15000052204378,5.9784705827519525e-06,3.970882523137486e-06,-0.08866773283597007,-0.08909603701616015,-65.10201434109504
I4,7,N4,6.493346311596769e-05,6.480914619983687e-05,2.2019545708724247e-07,3.092729926707531e-07,8.907753558351065e-08,67.15000065466913,5.981556572749053e-06,3.9710133731849665e-06,-0.08865609813190366,-0.0890965859516596,-65.10108588456919
I4,8,N4,6.480914619983687e-05,6.468477303167163e-05,2.201784087815696e-07,3.0931070862256825e-07,8.913229984099864e-08,67.15000065873426,5.985233993037558e-06,3.971168380531034e-06,-0.08864015998236353,-0.08910617437882593,-65.09997300937006
I4,9,N4,6.468477303167163e-05,6.456033378422983e-05,2.2015828609119772e-07,3.093549294168648e-07,8.91966433256671e-08,67.15000062690001,5.989554655235922e-06,3.971349116310469e-06,-0.08863669920059612,-0.08910982204117514,-65.09867560813596
I4,10,N4,6.456033378422983e-05,6.48089994355223e-05,4.6651974391930677e-07,1.7596503195896952e-07,-2.905547119603372e-07,60.00000068677034,-1.743328291716459e-05,4.818635819087073e-06,-0.08863625925664605,-0.0885322577025935,-65.09719355491823
I4,11,N4,6.48089994355223e-05,6.505752988793476e-05,4.663881465917617e-07,1.7597628621840363e-07,-2.904118603733581e-07,60.00000058788838,-1.7424711793131243e-05,4.81773324607624e-06,-0.08944209735750634,-0.08868389795545673,-65.09608046307714
I4,12,N4,6.505752988793476e-05,6.530605440789854e-05,4.66393253762647e-07,1.7598631336234163e-07,-2.9040694040030537e-07,60.000000564578805,-1.7424416587975926e-05,4.817846753437415e-06,-0.0886740079886805,-0.088555137776057,-65.09533603458371
I4,13,N4,6.530605440789854e-05,6.555454941210881e-05,4.6636739039220375e-07,1.7599128131223177e-07,-2.90376109079972e-07,60.000000548806824,-1.7422566704158708e-05,4.8176900377832656e-06,-0.08868554498480258,-0.0884988621351048,-65.09496019630457
I4,14,N4,6.555454941210881e-05,6.580299856555497e-05,4.6631626607330325e-07,1.7598940781615595e-07,-2.903268582571473e-07,60.00000052964645,-1.741961164919943e-05,4.817292554170944e-06,-0.08939660530814215,-0.08867920648772601,-65.09495287175517
I4,15,N4,6.580299856555497e-05,6.605147252334064e-05,4.663380906520933e-07,1.7598531138054174e-07,-2.9035277927155154e-07,60.00000050667698,-1.7421166903408162e-05,4.817425515244763e-06,-0.08942797430403569,-0.08867089829055232,-65.09531399186821
I4,16,N4,6.605147252334064e-05,6.630004468459015e-05,4.664349719918598e-07,1.7597827029263497e-07,-2.904567016992248e-07,60.0000005572347,-1.742740226380604e-05,4.818099317133711e-06,-0.08875033145492127,-0.08854044536472633,-65.09604362482546
I4,17,N4,6.630004468459015e-05,6.654870517838079e-05,4.6651519288893604e-07,1.7596587224119063e-07,-2.905493206477454e-07,60.00000063161398,-1.7432959422379737e-05,4.818607988475951e-06,-0.08865192668704283,-0.08850985883128187,-65.09714198020667
I4,18,N4,6.654870517838079e-05,6.64242680952985e-05,2.2015743757071097e-07,3.0935216019098417e-07,8.91947226202732e-08,67.15000059291098,5.989425676835876e-06,3.971321983212714e-06,-0.08862572695461084,-0.08926710051342357,-65.09860928481024
I4,19,N4,6.64242680952985e-05,6.629989802253184e-05,2.2017786330492414e-07,3.093073334395896e-07,8.912947013466544e-08,67.14997357011771,5.98504156386138e-06,3.9711389755838535e-06,-0.08862483256509837,-0.08927048504270235,-65.09989194300655
I4,20,N4,6.629989802253184e-05,6.617558647234903e-05,2.2019537289787395e-07,3.0926789638542663e-07,8.907252348755268e-08,67.14993607833786,5.98121425852541e-06,3.970974519624754e-06,-0.0886361845640461,-0.0892935101444908,-65.10099008175425
I4,21,N4,6.617558647234903e-05,6.605131708080349e-05,2.2020813223983265e-07,3.0923961430941665e-07,8.9031482069584e-08,67.15000088369482,5.978464099649224e-06,3.97085809911937e-06,-0.08865895085481183,-0.0892668196508911,-65.10190381149116
I4,22,N4,6.605131708080349e-05,6.592708509163237e-05,2.2021923352446202e-07,3.0921433147801197e-07,8.899509795354995e-08,67.15000068229912,5.9760208883021566e-06,3.970751737518555e-06,-0.08867411462074068,-0.08927824842740431,-65.10263321438397
I4,23,N4,6.592708509163237e-05,6.580288129310871e-05,2.2022739694460012e-07,3.091950969717131e-07,8.8967700027113e-08,67.1500006693154,5.97418111636809e-06,3.970668704372349e-06,-0.08869338021086579,-0.08929759042396437,-65.10317836154806
I4,24,N4,6.580288129310871e-05,6.567869788980698e-05,2.2023275837764824e-07,3.0918070417404953e-07,8.894794579640128e-08,67.15000064894869,5.9728546179509995e-06,3.970600969137733e-06,-0.08870878932020822,-0.08936225628276291,-65.10353930647149
I4,1,N5,6.683648071897347e-05,6.672469286001903e-05,2.2417537182852952e-07,3.010325825388474e-07,7.685721071031789e-08,67.1500004209761,5.160961731552895e-06,3.939059657755327e-06,-0.08668999237774853,-0.08722786459755548,-65.3770412433129
I4,2,N5,6.672469286001903e-05,6.661290450507592e-05,2.2417531053923274e-07,3.0103299308892125e-07,7.685768254968851e-08,67.15000038862641,5.160993413080509e-06,3.939062277211155e-06,-0.08668742907039072,-0.08722133960796492,-65.3770347220423
I4,3,N5,6.661290450507592e-05,6.650110706909043e-05,2.24172454609334e-07,3.0103899087582883e-07,7.686653626649484e-08,67.15000034712574,5.161587936977481e-06,3.939085841138722e-06,-0.08669755293397131,-0.0872016634447956,-65.37687003188758
I4,4,N5,6.650110706909043e-05,6.63892927420779e-05,2.2416703556650712e-07,3.010500532754051e-07,7.688301770889796e-08,67.15000031886298,5.162694663667646e-06,3.9391281663143416e-06,-0.08670688648904046,-0.08718610406818654,-65.37654715733206
I4,5,N5,6.63892927420779e-05,6.627745382643916e-05,2.2415911158998144e-07,3.0106612606539905e-07,7.690701447541761e-08,67.15000042553969,5.164306054751279e-06,3.939189282415354e-06,-0.08671192027551228,-0.08717663564390973,-65.37606606925063
I4,6,N5,6.627745382643916e-05,6.61655825737666e-05,2.2414866930816583e-07,3.010872450877184e-07,7.693857577955255e-08,67.150000557246,5.166425406470668e-06,3.939269357969132e-06,-0.08671353031600737,-0.08717206580359486,-65.37542672506635
I4,7,N5,6.61655825737666e-05,6.605367115256413e-05,2.241356867749167e-07,3.011134688862762e-07,7.69777821113595e-08,67.1500007079365,5.1690581232731715e-06,3.939368667458947e-06,-0.08671298377197494,-0.08717059042957147,-65.37462906867215
I4,8,N5,6.605367115256413e-05,6.594171158634185e-05,2.2412012307910242e-07,3.0114489733315514e-07,7.702477425405273e-08,67.15000074550399,5.172213648581917e-06,3.939487653091931e-06,-0.08671277344256352,-0.08716895187766772,-65.37367303030476
I4,9,N5,6.594171158634185e-05,6.582969469611434e-05,2.2410159087267157e-07,3.011823166101464e-07,7.708072573747483e-08,67.15000072437041,5.175970789106432e-06,3.939629306121135e-06,-0.0867353430922782,-0.08714153627787329,-65.37255852632843
I4,10,N5,6.582969469611434e-05,6.609744524915996e-05,4.837076440821297e-07,1.731598144990665e-07,-3.105478295830632e-07,60.00000074504958,-1.863287000635732e-05,4.9265059393589715e-06,-0.08732655258794185,-0.08673987571605338,-65.3712854575105
I4,11,N5,6.609744524915996e-05,6.633436252693824e-05,4.5556407998249677e-07,1.7736329621586948e-07,-2.782007837666273e-07,60.44546112803069,-1.6815974660953343e-05,4.746955321487747e-06,-0.08726472294946155,-0.08676461621741163,-65.37039898935429
I4,12,N5,6.633436252693824e-05,6.65309167806722e-05,4.1984236394984324e-07,1.8384743419202698e-07,-2.3599492975781626e-07,61.05452828615365,-1.4408559114287436e-05,4.527673486064027e-06,-0.0871954519493469,-0.08682053468618825,-65.36984833499939
I4,13,N5,6.65309167806722e-05,6.6727450180206e-05,4.1982533874549e-07,1.8385203800991693e-07,-2.3597330073557307e-07,61.054528433625435,-1.4407238599336492e-05,4.527580325665552e-06,-0.08722325714918486,-0.08673355006301084,-65.36957195095646
I4,14,N5,6.6727450180206e-05,6.691854195893228e-05,4.151201593040365e-07,1.8482320619783378e-07,-2.3029695310620274e-07,61.146387594621416,-1.4081826756492226e-05,4.4995752412640265e-06,-0.08732319356733578,-0.0867442547007058,-65.36956979462535
I4,15,N5,6.691854195893228e-05,6.711508303062942e-05,4.1983002639278676e-07,1.8384896369409924e-07,-2.3598106269868753e-07,61.05452829938439,-1.440771247065582e-05,4.527592425651645e-06,-0.0873934668646504,-0.08670762719667072,-65.36983323301526
I4,16,N5,6.711508303062942e-05,6.735199331780285e-05,4.555577258071701e-07,1.773642725544232e-07,-2.781934532527469e-07,60.44546111746825,-1.6815531561723133e-05,4.7469149877119495e-06,-0.08733121475115303,-0.08670672090831656,-65.37037092217115
I4,17,N5,6.735199331780285e-05,6.761973913251587e-05,4.83702920317049e-07,1.7316011110669074e-07,-3.105428092103583e-07,60.00000068123391,-1.863256876417379e-05,4.926472735678048e-06,-0.08734920453872878,-0.08675633973690444,-65.3712444131746
I4,18,N5,6.761973913251587e-05,6.750772183670765e-05,2.2410124851153776e-07,3.011823962924571e-07,7.708114778091933e-08,67.15000080155325,5.175999135273377e-06,3.939627336029961e-06,-0.08670375434297173,-0.08719767065358047,-65.37250449450745
I4,19,N5,6.750772183670765e-05,6.739575734631943e-05,2.2411832012930637e-07,3.0114792679537555e-07,7.702960666606917e-08,67.15003546240725,5.1725408192818265e-06,3.939496851935115e-06,-0.08671840431506532,-0.08717742578368165,-65.37360601209146
I4,20,N5,6.739575734631943e-05,6.728383745183363e-05,2.2413265159593569e-07,3.011187407713135e-07,7.698608917537783e-08,67.15008350444839,5.169622316807531e-06,3.939385442754369e-06,-0.0867305774984655,-0.08716660914802604,-65.37454905856978
I4,21,N5,6.728383745183363e-05,6.717196021428047e-05,2.241465756532803e-07,3.010910126932996e-07,7.694443704001932e-08,67.15000132610845,5.166819049273965e-06,3.939281912599349e-06,-0.08674622829972006,-0.08714947643090676,-65.3753337122647
I4,22,N5,6.717196021428047e-05,6.706011369051941e-05,2.2415648329538248e-07,3.0107094462949606e-07,7.691446133411358e-08,67.15000076704348,5.164806137582463e-06,3.939205709436589e-06,-0.08676382482060699,-0.08713301450269866,-65.37596004627775
I4,23,N5,6.706011369051941e-05,6.694828982774387e-05,2.241637684264237e-07,3.010561164212191e-07,7.689234799479542e-08,67.15000072398492,5.163321223519413e-06,3.939149136357321e-06,-0.08678354986470066,-0.08711557572825243,-65.37642811419728
I4,24,N5,6.694828982774387e-05,6.683648071897347e-05,2.2416844950905276e-07,3.0104640775019114e-07,7.687795824113838e-08,67.15000069054814,5.162354948980373e-06,3.93911142944433e-06,-0.0868048470470614,-0.08710052230837183,-65.37673795564875
I4,1,N6,6.694803478718338e-05,6.680838089306649e-05,2.157408887895076e-07,3.1972577459834284e-07,1.0398488580883525e-07,67.15000039699504,6.9825851233447706e-06,4.015999975408879e-06,-0.0864505234770303,-0.08700984219695117,-64.77127521937595
I4,2,N6,6.680838089306649e-05,6.66687263547099e-05,2.15741078460903e-07,3.1972654377704333e-07,1.0398546531614034e-07,67.15000036769294,6.982624034213545e-06,4.0160071667845974e-06,-0.0864314406819273,-0.08699555368762202,-64.77126739850272
I4,3,N6,6.66687263547099e-05,6.652906011372567e-05,2.157379335454747e-07,3.1973474218870207e-07,1.0399680864322736e-07,67.15000032849588,6.98338573455524e-06,4.016045068006326e-06,-0.08643432100623984,-0.08697645924055301,-64.77105754784228
I4,4,N6,6.652906011372567e-05,6.638937175364591e-05,2.1573173771536436e-07,3.1975001752013265e-07,1.0401827980476828e-07,67.15000030170155,6.984827520272667e-06,4.016113164266227e-06,-0.08644140318378425,-0.08696296000067467,-64.77064564478277
I4,5,N6,6.638937175364591e-05,6.624965095370237e-05,2.1572260138402225e-07,3.197723769292944e-07,1.0404977554527215e-07,67.1500004060568,6.986942470115144e-06,4.0162123373498745e-06,-0.08644565645950589,-0.08695506787113834,-64.77003164615277
I4,6,N6,6.624965095370237e-05,6.610988736655126e-05,2.157105241687847e-07,3.1980184495560453e-07,1.0409132078681983e-07,67.1500005295602,6.989732245957573e-06,4.016342768432919e-06,-0.08644720333726566,-0.08695210280084816,-64.76921548834784
I4,7,N6,6.610988736655126e-05,6.597007061378714e-05,2.1569550131508166e-07,3.19838446507373e-07,1.0414294519229135e-07,67.15000065691359,6.9931988380752805e-06,4.01650460866841e-06,-0.08644633860953473,-0.0869535194682615,-64.7681970872782
I4,8,N6,6.597007061378714e-05,6.583019024073991e-05,2.1567751913247189e-07,3.1988224097408974e-07,1.0420472184161786e-07,67.15000065862728,6.997347140296712e-06,4.016698200799212e-06,-0.08644402612191068,-0.08695769783818726,-64.76697633830543
I4,9,N6,6.583019024073991e-05,6.569023451390516e-05,2.1565621321314347e-07,3.199341060885016e-07,1.0427789287535813e-07,67.15000062489048,7.002260571742562e-06,4.016927394762339e-06,-0.08646294807876667,-0.08693933787541913,-64.76555311610966
I4,10,N6,6.569023451390516e-05,6.591739110141827e-05,4.475790759884762e-07,1.7950367224493066e-07,-2.6807540374354553e-07,60.00000067407965,-1.6084524405316907e-05,4.703120611750552e-06,-0.08692244657793927,-0.08646381153658672,-64.76392727283117
I4,11,N6,6.591739110141827e-05,6.617698336920116e-05,4.769601112933807e-07,1.748844830189134e-07,-3.0207562827446735e-07,59.51785504067593,-1.7978893454960857e-05,4.888834457342206e-06,-0.08700076175141129,-0.08650599527203284,-64.76262226565214
I4,12,N6,6.617698336920116e-05,6.649058003734625e-05,5.273953330858668e-07,1.6852246035138874e-07,-3.5887287273447807e-07,58.85862927475315,-2.1122765373044313e-05,5.219383450779417e-06,-0.08716766401774925,-0.08654838142261255,-64.76169124995533
I4,13,N6,6.649058003734625e-05,6.680413879672478e-05,5.27361526898681e-07,1.6852832549151207e-07,-3.5883320140716896e-07,58.858629063225585,-2.1120430297194273e-05,5.219173892926448e-06,-0.0871090902313124,-0.08645466529320901,-64.76121839309864
I4,14,N6,6.680413879672478e-05,6.712625911161561e-05,5.35500762128289e-07,1.6764546095972837e-07,-3.678553011685606e-07,58.75920497655929,-2.16148850430774e-05,5.273596673160131e-06,-0.08731785792619988,-0.08647735301119974,-64.76120357245762
I4,15,N6,6.712625911161561e-05,6.743983600201392e-05,5.273758024337677e-07,1.6852386159620638e-07,-3.5885194083756133e-07,58.85862909470264,-2.11215332856722e-05,5.219247480224805e-06,-0.08735606503833675,-0.08643932837195037,-64.76166089354417
I4,16,N6,6.743983600201392e-05,6.76994222529025e-05,4.769550334212023e-07,1.748856661284492e-07,-3.0206936729275305e-07,59.517854966183215,-1.7978520792256803e-05,4.8888052466223865e-06,-0.08702729932582122,-0.08644332617759944,-64.7625763409838
I4,17,N6,6.76994222529025e-05,6.792657402433978e-05,4.4757456373068494e-07,1.7950422692090832e-07,-2.680703368097766e-07,60.00000061417343,-1.6084220373228276e-05,4.70309092988695e-06,-0.086934951703558,-0.0864787063778592,-64.76386576680248
I4,18,N6,6.792657402433978e-05,6.778661673091733e-05,2.1565559307472068e-07,3.1993502911379746e-07,1.0427943603907678e-07,67.15000060987953,7.0023641936218985e-06,4.016929666413886e-06,-0.08643109164761814,-0.08699297651783666,-64.76547601690173
I4,19,N6,6.778661673091733e-05,6.764673310925682e-05,2.1567642370681964e-07,3.1988432197808957e-07,1.0420789827126993e-07,67.14998310196987,6.99755860800757e-06,4.016705592636819e-06,-0.08644537277622917,-0.08697599142119922,-64.76688364672188
I4,20,N6,6.764673310925682e-05,6.750691290962665e-05,2.156942478160916e-07,3.1984057458852823e-07,1.0414632677243664e-07,67.14995881154901,6.993421553143245e-06,4.016511168034648e-06,-0.08646703108345762,-0.08696299251595217,-64.76808880125273
I4,21,N6,6.750691290962665e-05,6.736714200167094e-05,2.1570803554659704e-07,3.198065169567679e-07,1.0409848141017084e-07,67.1500008888464,6.990213119220533e-06,4.0163591437752375e-06,-0.08648841741780396,-0.0869458042351876,-64.76909160512568
I4,22,N6,6.736714200167094e-05,6.722741232584787e-05,2.1571954649579474e-07,3.197780083771706e-07,1.0405846188137584e-07,67.15000068533314,6.9875257866491e-06,4.01623166154724e-06,-0.08650787111630642,-0.08693707557007106,-64.7698921570086
I4,23,N6,6.722741232584787e-05,6.708771328458431e-05,2.1572801462373413e-07,3.1975675332248273e-07,1.040287386987486e-07,67.15000067267904,6.985529873598921e-06,4.016135759596626e-06,-0.08653080800124816,-0.0869292107195196,-64.7704905383376
I4,24,N6,6.708771328458431e-05,6.694803478718338e-05,2.157335783485415e-07,3.19742398624123e-07,1.0400882027558148e-07,67.15000065463303,6.984192349592905e-06,4.016069827294984e-06,-0.08654878311262178,-0.08693221604524365,-64.77088680970577
I4,1,N7,7.142350001556549e-05,7.133186442463354e-05,2.3111553442156848e-07,2.882503083568955e-07,5.713477393532701e-08,67.15000041894488,3.83660009369353e-06,3.895243820838479e-06,-0.08171956495873273,-0.08491434975964593,-65.83031920813417
I4,2,N7,7.133186442463354e-05,7.124022195336735e-05,2.3111497497859763e-07,2.882562582240091e-07,5.7141283245411454e-08,67.15000038764144,3.8370371920797084e-06,3.89528424901955e-06,-0.08174555782660659,-0.0847066246917354,-65.83031431933223
I4,3,N7,7.124022195336735e-05,7.114856495879136e-05,2.3111218760747993e-07,2.882674100372885e-07,5.7155222429808574e-08,67.15000034682403,3.83797320598445e-06,3.895346982335763e-06,-0.08178627973234215,-0.08443517829379703,-65.83019853552818
I4,4,N7,7.114856495879136e-05,7.105688579297574e-05,2.3110742958436544e-07,2.8828399383256056e-07,5.717656424819512e-08,67.1500003188871,3.839406307499171e-06,3.895435675626945e-06,-0.08182759896120435,-0.08409186064270795,-65.8299718379236
I4,5,N7,7.105688579297574e-05,7.096517594467786e-05,2.3110074009945412e-07,2.883068520050032e-07,5.7206111905549075e-08,67.15000042485607,3.8413904387619845e-06,3.89555694078343e-06,-0.08186723111589948,-0.08364673730469734,-65.82963419744176
I4,6,N7,7.096517594467786e-05,7.087343007084422e-05,2.3109213542590455e-07,2.8833303338637967e-07,5.724089796047512e-08,67.15000055466258,3.843726329795289e-06,3.895688766092132e-06,-0.08190437287304393,-0.083205463534154,-65.82918557366547
I4,7,N7,7.087343007084422e-05,7.078164724315027e-05,2.3108166021964148e-07,2.8835844491332025e-07,5.727678469367877e-08,67.15000070109798,3.846136132337168e-06,3.8958007884972125e-06,-0.08193655957607868,-0.08291460370204308,-65.8286259187304
I4,8,N7,7.078164724315027e-05,7.068982555640653e-05,2.3106944878786775e-07,2.8838411859739355e-07,5.73146698095258e-08,67.15000073132677,3.84868011962541e-06,3.89590175538946e-06,-0.08195653939450707,-0.08273714371564789,-65.82795518275262
I4,9,N7,7.068982555640653e-05,7.059795744401395e-05,2.3105517183117192e-07,2.884150650200645e-07,5.735989318889257e-08,67.15000070754401,3.851716868218785e-06,3.896026776384274e-06,-0.08198228162586012,-0.08249398623357956,-65.8271733126293
I4,10,N7,7.059795744401395e-05,7.090022756295665e-05,5.154517068743475e-07,1.686603472554184e-07,-3.4679135961892904e-07,60.000000738072444,-2.080748183309289e-05,5.130840405973244e-06,-0.08564798145966401,-0.08174671139482201,-65.8262802450607
I4,11,N7,7.090022756295665e-05,7.111253040958841e-05,4.3309098647369005e-07,1.8071381643834009e-07,-2.5237717003534996e-07,61.28921573883946,-1.5467998821854333e-05,4.603536021840226e-06,-0.08545648923608394,-0.0819668324959559,-65.82577363324874
I4,12,N7,7.111253040958841e-05,7.122537781564056e-05,3.5060783616743435e-07,2.0154095077012852e-07,-1.4906688539730583e-07,63.05192779925653,-9.398954495330975e-06,4.141115902031722e-06,-0.0853111187549249,-0.08208650435698348,-65.82552421865137
I4,13,N7,7.122537781564056e-05,7.13382179421325e-05,3.50604035092443e-07,2.015444343318925e-07,-1.490596007605505e-07,63.051928260653916,-9.398495253715944e-06,4.141113520682516e-06,-0.08527434018108043,-0.08198672728935316,-65.8254014102717
I4,14,N7,7.13382179421325e-05,7.143862465723211e-05,3.4118654949457065e-07,2.049314859327622e-07,-1.3625506356180846e-07,63.31777951790165,-8.627368072804263e-06,4.095885265704996e-06,-0.08507188744419834,-0.08177695977079778,-65.82540519857085
I4,15,N7,7.143862465723211e-05,7.155147129818053e-05,3.506132442191833e-07,2.0154640487972575e-07,-1.4906683933945753e-07,63.05192795401664,-9.398951614364449e-06,4.141197368241818e-06,-0.0851722113673246,-0.08170556669919125,-65.82551855931027
I4,16,N7,7.155147129818053e-05,7.176379250709413e-05,4.3311185170482515e-07,1.8071490928806744e-07,-2.523969424167577e-07,61.28921577449689,-1.546921066460393e-05,4.6037007074466945e-06,-0.08510259326847959,-0.08188871941269729,-65.82575852474987
I4,17,N7,7.176379250709413e-05,7.20660974811986e-05,5.154838793424716e-07,1.6865590899464166e-07,-3.468279703478299e-07,60.00000067809391,-2.080967845605173e-05,5.131048412528349e-06,-0.08525224090602108,-0.0822174897618442,-65.82625570927335
I4,18,N7,7.20660974811986e-05,7.197415658558225e-05,2.3104871185194672e-07,2.884775305555391e-07,5.742881870359237e-08,67.15000075367732,3.8563452192290255e-06,3.896446818056144e-06,-0.08230296988526682,-0.08029842499620189,-65.82713939249994
I4,19,N7,7.197415658558225e-05,7.188231421563677e-05,2.3106407945240885e-07,2.8839877402090855e-07,5.7334694568499694e-08,67.15001875954513,3.850025815847545e-06,3.8959714010498805e-06,-0.08218990896251462,-0.08227985509518745,-65.82791178930131
I4,20,N7,7.188231421563677e-05,7.179050778378011e-05,2.3107643867784788e-07,2.883759638377573e-07,5.729952515990943e-08,67.15004370128453,3.8476656185507705e-06,3.895893018867039e-06,-0.08212806760149303,-0.08238978610518802,-65.82857302704623
I4,21,N7,7.179050778378011e-05,7.169872942123767e-05,2.310862924851918e-07,2.8835832384082364e-07,5.727203135563183e-08,67.1500013013103,3.845816980059362e-06,3.895834622445116e-06,-0.08216306241864513,-0.08237060511895103,-65.82912315515706
I4,22,N7,7.169872942123767e-05,7.160697044804661e-05,2.310932265623566e-07,2.8834625032521535e-07,5.725302376285875e-08,67.15000075585876,3.844540588951164e-06,3.89579607665679e-06,-0.08220869317981574,-0.08231691147008086,-65.82956221249832
I4,23,N7,7.160697044804661e-05,7.151522669882322e-05,2.3109920840551065e-07,2.883372413603377e-07,5.723803295482706e-08,67.15000071981974,3.8435339541177035e-06,3.895773373243862e-06,-0.08219850895753107,-0.08227678626243885,-65.82989022634551
I4,24,N7,7.151522669882322e-05,7.142350001556549e-05,2.3111037548499356e-07,2.8833105105012216e-07,5.7220675565128596e-08,67.15000068813863,3.842368403574142e-06,3.895810699013368e-06,-0.08179667246168372,-0.08225848036642032,-65.83010721801065
I4,1,N8,281.85545773093264,240.05986943908368,2.0147593818440808e-07,39.120670817682914,39.12067061620697,67.15000040905544,2626.953047880821,293.4050326436914,-4.210010934499605e-08,-1.3491832402029512e-07,-62.9394476994671
I4,2,N8,240.05986943908368,212.4246732302813,2.01433374222159e-07,25.866543827914015,25.86654362648064,67.1500003803756,1736.9384143571772,193.9990802201054,-4.210010934495974e-08,-8.037095335261501e-08,-62.939447759583835
I4,3,N8,212.4246732302813,190.6321874102247,2.0140677037014274e-07,20.397766904024632,20.39776670261786,67.15000034119193,1369.7100410403427,152.98325329073552,-4.210010934493706e-08,-6.822225059802063e-08,-62.93944778941969
I4,4,N8,190.6321874102247,168.16388932997396,2.0137542485138867e-07,21.03032717953893,21.030326978163504,67.15000031400115,1412.186463187226,157.72745535685766,-4.210010934491031e-08,-6.945729917146452e-08,-62.93944780701849
I4,5,N8,168.16388932997396,140.22563423044505,2.014064016361637e-07,26.150206949610382,26.15020674820398,67.15000041844881,1755.9863940844202,196.12655363262587,-4.2100109344936736e-08,-8.110413836771635e-08,-62.93944781570263
I4,6,N8,140.22563423044505,104.2969504073025,2.0142185001608103e-07,33.629248234926315,33.62924803350447,67.15000054356858,2258.204023729628,252.21936327261122,-4.2100109344949904e-08,-1.059269116860845e-07,-62.939447815230324
I4,7,N8,104.2969504073025,59.680478042223555,2.0145195716577343e-07,41.761018310205145,41.76101810875319,67.1500006772978,2804.2523942874222,313.20763883742825,-4.210010934497558e-08,-1.5472181999764235e-07,-62.93944780248303
I4,8,N8,59.680478042223555,8.304545011247875,1.8819802407639052e-07,48.087873481872776,48.087873293674754,67.15000068438577,3229.100724580916,360.65905252553097,-4.210010933367072e-08,-2.3491490616679928e-07,-62.939447763382276
I4,9,N8,8.304545011247875,3.1759225087547867e-06,2.0144306050825399e-07,7.773051334348003,7.773051132904943,67.15000064459204,521.9603885850138,58.297886518432975,-4.210010934496799e-08,-4.969699168323549e-08,-62.939447391743784
I4,10,N8,3.1759225087547867e-06,3.3904044295516015e-06,5.468526114973894e-07,2.78340307656598e-07,-2.6851230384079143e-07,60.00000067258836,-1.6110738411045735e-05,6.1889468936549054e-06,-4.2100109629319445e-08,-4.2100109413809904e-08,-61.80569450368609
I4,11,N8,3.3904044295516015e-06,18.714371852695052,19.993983627024708,1.9899782251647684e-07,-19.993983428026887,58.09867023909908,-1161.623849950946,149.95487869516896,-6.745229434927668e-08,-4.210010934328319e-08,-60.74658514050746
I4,12,N8,18.714371852695052,75.88777739729088,61.08269842251786,1.6743252514423935e-07,-61.08269825508533,55.49902808067925,-3390.0303857026383,458.12023942462787,-3.541545949188898,-4.210010931476345e-08,-60.74658498247704
I4,13,N8,75.88777739729088,133.0611829323643,61.0826984167116,1.7125865951475523e-07,-61.08269824545294,55.49902733582868,-3390.030339670567,458.12023940977696,-3.52101816274961,-4.2100109317975015e-08,-60.74658495587425
I4,14,N8,133.0611829323643,190.23458875772002,61.08269873264717,1.763442913577567e-07,-61.08269855630287,55.1069507020117,-3366.081258088024,458.12024181743595,-3.613099463467539,-4.210010932185176e-08,-60.746584953119836
I4,15,N8,190.23458875772002,247.40799415676756,61.08269828282037,1.81277291840812e-07,-61.08269810154307,55.49902765965282,-3390.0303514637617,458.12023848073244,-3.108568673266979,-4.210010932637926e-08,-60.7465849705347
I4,16,N8,247.40799415676756,283.4409248396598,38.4967210575249,2.124262284904786e-07,-38.49672084509867,58.09867008648586,-2236.6082837909307,288.7254095246335,-1.3090225390367577e-07,-4.21001093547901e-08,-60.7465850459913
I4,17,N8,283.4409248396598,283.4409244141341,3.625347179438767e-07,7.159072316046281e-07,3.533725136607514e-07,60.00000060425949,2.120235103317378e-05,8.088314621613787e-06,-4.210010947868442e-08,-4.2100109800371025e-08,-61.90483097409285
I4,18,N8,283.4409244141341,283.440847992229,2.1825770865368547e-07,7.17221178352922e-05,7.150386012663852e-05,67.15000068929011,0.00480148425679068,0.0005395528165795941,-4.2100109359308655e-08,-4.210017049548905e-08,-62.89955728331486
I4,19,N8,283.440847992229,281.8557416980774,2.1485041044784217e-07,1.483659679555495,1.4836594647050847,67.1500112172174,99.6277496974772,11.12744920804429,-4.2100109356403715e-08,-4.338864232267255e-08,-62.93943363747389
I4,20,N8,281.8557416980774,281.85555799639326,2.1718916334529662e-07,0.00017213505491148358,0.00017191786574813827,67.15002583949996,0.01154428912725917,0.0012926418305612168,-4.210010935839855e-08,-4.210025599644986e-08,-62.93943564662269
I4,21,N8,281.85555799639326,281.85546109234673,2.2510374742947732e-07,9.089940003199883e-05,9.067429628456935e-05,67.15000125291625,0.006088779109116132,0.0006834337783457123,-4.2100109365149245e-08,-4.210018670565194e-08,-62.93943765553587
I4,22,N8,281.85546109234673,281.8554598219619,2.3257180344171913e-07,1.392835443178425e-06,1.1602636397367057e-06,67.15000072678916,7.791170425158682e-05,1.2190554349651081e-05,-4.210010937151907e-08,-4.21001103611588e-08,-62.93943966432479
I4,23,N8,281.8554598219619,281.8554587238121,2.3557735974016963e-07,1.2342566412223516e-06,9.98679281482182e-07,67.15000070401356,6.706131445461228e-05,1.1023755007218909e-05,-4.2100109374082636e-08,-4.2100110225899976e-08,-62.939441673112064
I4,24,N8,281.8554587238121,281.85545773093264,2.3803702417385887e-07,1.1378783995102438e-06,8.99841375336385e-07,67.15000067705547,6.042434896308078e-05,1.031936567763077e-05,-4.210010937618059e-08,-4.2100110143694734e-08,-62.939443681897934
I4,1,N9,99.277285733152,88.63051655040135,1.98579349014229e-07,9.965376129029178,9.965375930449829,67.15000039912432,669.1749977071299,74.74032245706394,-5.8244376792360646e-08,-7.679129912711545e-08,-62.63811722199977
I4,2,N9,88.63051655040135,82.7695766336408,1.9860433633146135e-07,5.485839936084338,5.485839737480002,67.15000037093607,368.37414040667795,41.14380101016506,-5.8244376792397214e-08,-6.734285495136408e-08,-62.63811748500386
I4,3,N9,82.7695766336408,77.16490324246344,1.986969835819434e-07,5.2459744682196465,5.245974269522663,67.1500003327518,352.2671739440542,39.34481000187473,-5.82443767925328e-08,-6.689460207504583e-08,-62.638117639339825
I4,4,N9,77.16490324246344,77.1648534933375,1.9966487941741338e-07,4.6740107485340876e-05,4.654044260592346e-05,67.15000030664955,0.003125190735259366,0.0003520482927356872,-5.824437679394927e-08,-5.824444490347085e-08,-62.63811774201945
I4,5,N9,77.1648534933375,67.87221652213489,1.9860851972734945e-07,8.69790837904576,8.69790818043724,67.15000041013936,584.0645378837152,65.2343143324071,-5.824437679240333e-08,-7.389155776412261e-08,-62.638117844698726
I4,6,N9,67.87221652213489,41.28510384523448,1.985581748499768e-07,24.885537639534817,24.88553744097664,67.15000053087033,1671.063852372575,186.64153378569745,-5.824437679232965e-08,-1.3633636808690298e-07,-62.6381178991462
I4,7,N9,41.28510384523448,19.070666915521645,1.9856231324789028e-07,20.79271314017086,20.79271294160855,67.1500006540613,1396.230687628723,155.9453500404988,-5.824437679233571e-08,-1.1316083927357227e-07,-62.63811787694062
I4,8,N9,19.070666915521645,3.9532001884218366,1.9865500333784082e-07,14.149949030606274,14.14994883195127,67.15000065786278,950.1690733742524,106.12461921945959,-5.824437679247134e-08,-8.79731731868133e-08,-62.63811774974527
I4,9,N9,3.9532001884218366,1.9175842129774718e-06,1.986160538852881e-07,3.7001937555107465,3.7001935568946926,67.15000063056623,248.4679996786957,27.751454655951,-5.824437679241436e-08,-6.412612893150588e-08,-62.63811697810959
I4,10,N9,1.9175842129774718e-06,2.8416067733520785e-06,1.2720791843665319e-06,2.4957836859614893e-07,-1.0225008157703829e-06,60.00000067324226,-6.135004963461373e-05,1.1412431647220107e-05,-5.824437825602034e-08,-5.824437687239853e-08,-60.826190601740585
I4,11,N9,2.8416067733520785e-06,4.475513144066121e-06,2.007135145309746e-06,2.2910670927694358e-07,-1.7780284360328026e-06,58.6269340069619,-0.0001042403557817968,1.6771813909400173e-05,-5.824437930607858e-08,-5.824437683994222e-08,-59.60522478595671
I4,12,N9,4.475513144066121e-06,6.146734524718356,6.567019514904978,2.0287411364997286e-07,-6.567019312030864,56.74957387380189,-372.67554757877923,49.252647883343194,-6.943008077635957e-08,-5.8244376799539105e-08,-58.83872369810191
I4,13,N9,6.146734524718356,37.802918505306636,33.82070961429028,2.044106253457164e-07,-33.820709409879655,56.74957333445234,-1919.310828879168,253.6553236402568,-2.383947094564152e-07,-5.824437680180067e-08,-58.83872321453258
I4,14,N9,37.802918505306636,81.45105816610595,46.63262808699606,2.1399673090431867e-07,-46.63262787299933,56.46643088628343,-2633.178058836491,349.7447122574459,-0.7437484999498399,-5.8244376815197296e-08,-58.83872318211625
I4,15,N9,81.45105816610595,99.27742414760966,19.045263052923573,2.2092665611638532e-07,-19.04526283199692,56.74957354569981,-1080.8105437815923,142.8394745538767,-1.0535766888258536e-07,-5.824437682611624e-08,-58.83872332156765
I4,16,N9,99.27742414760966,99.27742569494892,1.932575763952201e-06,2.4481236285977245e-07,-1.6877634010924287e-06,58.62693388347596,-9.894839332679633e-05,1.6330410951089802e-05,-5.8244379228401786e-08,-5.824437686284677e-08,-59.69733328480417
I4,17,N9,99.27742569494892,99.2774252064083,3.181012919616117e-07,7.35961299058274e-07,4.1786000709666227e-07,60.00000060822871,2.507160067995419e-05,7.905469432649143e-06,-5.824437696281729e-08,-5.824437760599749e-08,-61.12604204288167
I4,18,N9,99.2774252064083,99.27741149360187,2.0719918202571163e-07,1.3016713194264509e-05,1.2809514012238798e-05,67.15000064972526,0.0008601588742445,9.917934282217665e-05,-5.824437680494159e-08,-5.824439569051057e-08,-62.2874879853618
I4,19,N9,99.27741149360187,99.27728999758212,2.1606413954604304e-07,0.00011390956741544008,0.00011369350327589405,67.15000071429131,0.007634518826186567,0.0008559422366623959,-5.824437681794816e-08,-5.824454336047221e-08,-62.47970895621972
I4,20,N9,99.27728999758212,99.27728926814737,2.3353724907698893e-07,8.873519761005155e-07,6.538147270235266e-07,67.15000081261356,4.390365945092852e-05,8.406669188831285e-06,-5.8244376843519146e-08,-5.824437780035097e-08,-62.50274177834476
I4,21,N9,99.27728926814737,99.2772881708947,2.3092996076117602e-07,1.2293453080584424e-06,9.984153472972663e-07,67.15000089221084,6.704359146180843e-05,1.0952064516147137e-05,-5.824437683970363e-08,-5.8244378300844024e-08,-62.52565342338581
I4,22,N9,99.2772881708947,99.27728728212641,2.3605662740888036e-07,1.0386953961302952e-06,8.026387687214149e-07,67.15000068361013,5.3897193868335e-05,9.560640176543817e-06,-5.8244376847206314e-08,-5.82443780218325e-08,-62.548385278141964
I4,23,N9,99.27728728212641,99.27728647479995,2.3915483350396393e-07,9.651801633304483e-07,7.260253298264843e-07,67.15000066982746,4.8752601384160125e-05,9.032512476258093e-06,-5.8244376851740455e-08,-5.824437791424432e-08,-62.57097351944231
I4,24,N9,99.27728647479995,99.277285733152,2.415870716145957e-07,9.058359511183292e-07,6.642488795037335e-07,67.15000065404307,4.460431269312308e-05,8.605672670496937e-06,-5.8244376855299985e-08,-5.8244377827395395e-08,-62.59343285219233
