node,x_power_mw,x_energy_mwh,energy_power_ratio_h
N1,1.4165497328151676e-07,3.609655977051121e-07,2.54820278697699
N2,2.0238834129703017e-07,4.671618713755023e-07,2.308244972915134
N3,37.785685215562935,75.57137049966167,2.0000000018138033
N4,1.3868223864579024e-07,3.563665616751492e-07,2.5696625981453094
N5,1.5761959016368655e-07,3.8559124642705005e-07,2.4463408769596278
N6,1.3094267249773274e-07,3.443292986770457e-07,2.6296186881553663
N7,2.0179580419255602e-07,4.6779658352728604e-07,2.3181680382259526
N8,11.14326156503499,41.72037194218493,3.744000057675567
N9,2.4017976736095847,4.803595414079907,2.0000000278377894
