{
  "model": "Single Investor Primal-Dual MPEC",
  "investor": "I4",
  "wacc": 0.08,
  "solver_status": "ok",
  "termination": "optimal",
  "profit_eur_per_day": 207792.3388446762,
  "spot_revenue_eur_per_day": 2113.5941953299825,
  "degradation_cost_eur_per_day": 1835.4372830392863,
  "capex_daily_eur_per_day": 842.572220355066,
  "lower_level_primal_objective_eur_per_day": 434624.63053339894,
  "lower_level_dual_objective_eur_per_day": 434624.620002801,
  "strong_duality_gap": 0.010530597937759012,
  "total_power_mw": 51.33074542729113,
  "total_energy_mwh": 122.09534023813767,
  "total_charge_mwh": 130.44373599680176,
  "total_discharge_mwh": 114.28123507510307,
  "total_storage_throughput_mwh": 244.72497107190483,
  "total_load_shed_mwh": 0.0,
  "equivalent_cycles_throughput_over_2e": 1.002188005678953,
  "equivalent_cycles_discharge_over_e": 0.9359999722528822,
  "line_limits_mw": {
    "L14": 400.0,
    "L45": 400.0,
    "L46": 200.0,
    "L69": 200.0,
    "L57": 400.0,
    "L93": 400.0,
    "L72": 400.0,
    "L98": 200.0,
    "L78": 200.0
  },
  "existing_power_mw_per_node": 0.0,
  "existing_ratio_hours": 2.0,
  "storage_units": [
    "I4",
    "RIV"
  ],
  "demand_model": "quadratic",
  "load_shed_allowed": true,
  "quadratic_demand_alpha_eur_per_mwh": 4000,
  "quadratic_demand_beta_eur_per_mwh_per_share": 10000,
  "quadratic_demand_source": "fixed_default"
}