unit,hour,node,soc_start_mwh,soc_end_mwh,p_charge_mw,p_discharge_mw,net_injection_mw,lambda_eur_per_mwh,spot_revenue_eur,degradation_cost_eur,rho_charge_dual,sigma_discharge_dual,gamma_soc_transition_dual
I1,1,N1,4.3332746165756545e-06,4.272264032159997e-06,1.3359409993096413e-07,1.741471635861739e-07,4.055306365520976e-08,67.15000059559056,2.723138248600357e-06,2.308059476378535e-06,-0.7716154903474658,-0.7811162712027013,-65.651118913899
I1,2,N1,4.272264032159997e-06,4.211235525663484e-06,1.335880018843376e-07,1.7415859617959675e-07,4.057059429525915e-08,67.15000056992338,2.724315430048782e-06,2.3080994854795076e-06,-0.7716089888225207,-0.7811252346760031,-65.6501905586173
I1,3,N1,4.211235525663484e-06,4.149812624916602e-06,1.334540275427267e-07,1.7441037481315459e-07,4.0956347270427896e-08,67.15000053501281,2.7502187411214036e-06,2.30898301766911e-06,-0.7715652412759009,-0.7812040474614554,-65.63084263903185
I1,4,N1,4.149812624916602e-06,4.087614493575868e-06,1.3319190328434087e-07,1.7490634463472538e-07,4.1714441350384506e-08,67.15000049923535,2.8011247575036433e-06,2.310736859392997e-06,-0.7714817426523063,-0.7813570876939828,-65.59289254348262
I1,5,N1,4.087614493575868e-06,4.024251598177256e-06,1.328010905604158e-07,1.7565417432871855e-07,4.285308376830275e-08,67.15000054418913,2.8775845983617115e-06,2.313414486668507e-06,-0.7713576170343144,-0.7815882339623893,-65.53599128796789
I1,6,N1,4.024251598177256e-06,3.959321047576451e-06,1.3228078196508008e-07,1.7666565931883255e-07,4.438487735375247e-08,67.15000060025956,2.9804445409469253e-06,2.317098309629345e-06,-0.7711925170503675,-0.7819023685225919,-65.45961203459198
I1,7,N1,3.959321047576451e-06,3.892401394274605e-06,1.3162988829550442e-07,1.779572141066657e-07,4.632732581116129e-08,67.15000064661778,3.110879958175553e-06,2.3219032680162763e-06,-0.7709861586328124,-0.782306142826194,-65.36303660830505
I1,8,N1,3.892401394274605e-06,3.823046661045754e-06,1.308470224179827e-07,1.7955058325450978e-07,4.870356083652707e-08,67.150000662867,3.270444142456776e-06,2.3279820425436938e-06,-0.7707385157305915,-0.7828081480502918,-65.2453376373491
I1,9,N1,3.823046661045754e-06,3.7507792772212296e-06,1.2993047459899774e-07,1.8147384033403817e-07,5.154336573504042e-08,67.15000061892307,3.4611370410093426e-06,2.335532361997769e-06,-0.770450223466587,-0.7834189566879478,-65.10535571528345
I1,10,N1,3.7507792772212296e-06,3.885299989828815e-06,2.633642736596302e-07,1.048209996954078e-07,-1.585432739642224e-07,60.00000074092278,-9.512596555321666e-06,2.761389550162785e-06,-0.8050921247088513,-0.7642110022643536,-64.9416731450851
I1,11,N1,3.885299989828815e-06,4.016423301908342e-06,2.6042545936961585e-07,1.0542628314544518e-07,-1.5499917622417068e-07,60.00000059262895,-9.29995066530724e-06,2.7438880688629576e-06,-0.8041122939863593,-0.7643971348159955,-64.82115744385273
I1,12,N1,4.016423301908342e-06,4.145330499832205e-06,2.5851821851431063e-07,1.0582963991077713e-07,-1.526885786035335e-07,60.00000058493958,-9.161314805525604e-06,2.732608938188158e-06,-0.8034813031071363,-0.76452236282689,-64.74171871561586
I1,13,N1,4.145330499832205e-06,4.273136882533624e-06,2.575737454871974e-07,1.0603255391782391e-07,-1.5154119156937348e-07,60.00000057811562,-9.092471581770738e-06,2.7270472455376597e-06,-0.8031705092117626,-0.7645855358216418,-64.70202940322378
I1,14,N1,4.273136882533624e-06,4.4009260705322895e-06,2.575590083837541e-07,1.0603573704222336e-07,-1.5152327134153073e-07,60.00000057004884,-9.09139636686751e-06,2.7269605906948307e-06,-0.8031659821939239,-0.7645864590288759,-64.7014411148893
I1,15,N1,4.4009260705322895e-06,4.529781183255259e-06,2.584734865899094e-07,1.0583920219877381e-07,-1.5263428439113556e-07,60.00000056956883,-9.158057150403865e-06,2.732345165915124e-06,-0.8034675237167389,-0.7645251294080443,-64.73994430873707
I1,16,N1,4.529781183255259e-06,4.660816009418658e-06,2.6034915714291e-07,1.0544225788733287e-07,-1.5490689925557713e-07,60.000000575026576,-9.294414044410212e-06,2.7434356127268215e-06,-0.8040885834032219,-0.7644017845141555,-64.81816766358402
I1,17,N1,4.660816009418658e-06,4.795209147586072e-06,2.632535978686007e-07,1.0484344675359022e-07,-1.5841015111501047e-07,60.00000062046894,-9.504609165189206e-06,2.7607278346664316e-06,-0.8050574811746947,-0.7642174194390893,-64.93741706484388
I1,18,N1,4.795209147586072e-06,4.7228187313589186e-06,1.298922291223731e-07,1.815554919538108e-07,5.1663262831437696e-08,67.1500005892557,3.4691881295739133e-06,2.335857908071379e-06,-0.7704391157369357,-0.7834433296611785,-65.09975721159579
I1,19,N1,4.7228187313589186e-06,4.6533128755233895e-06,1.3079893881835045e-07,1.7964990816505653e-07,4.885096934670608e-08,67.15000064315161,3.280342623049893e-06,2.3283663523755523e-06,-0.7707241808513147,-0.782837919469594,-65.23836601468905
I1,20,N1,4.6533128755233895e-06,4.5862135527386486e-06,1.3157160290335682e-07,1.7807432114373618e-07,4.650271824037936e-08,67.15000078004265,3.1226575661155774e-06,2.3223444303531977e-06,-0.770968490075918,-0.7823413126025918,-65.35464804650458
I1,21,N1,4.5862135527386486e-06,4.521074006502118e-06,1.3221190568586748e-07,1.7680093700115822e-07,4.458903131529074e-08,67.15000075867934,2.99415348665055e-06,2.3175963201526928e-06,-0.7711714475522846,-0.7819429938035929,-65.44974999828247
I1,22,N1,4.521074006502118e-06,4.457471695161118e-06,1.3272120717383784e-07,1.7580828213534705e-07,4.308707496150921e-08,67.15000066399178,2.8932971122748067e-06,2.3139711698188866e-06,-0.7713333019674277,-0.7816342177764443,-65.52458682553198
I1,23,N1,4.457471695161118e-06,4.395002318841148e-06,1.3310056929673633e-07,1.7508021259408525e-07,4.1979643297348916e-08,67.15000062847429,2.8189330738001063e-06,2.311355864181162e-06,-0.7714548079767453,-0.781407851528837,-65.57986524982446
I1,24,N1,4.395002318841148e-06,4.3332746165756545e-06,1.3335077442106168e-07,1.7460520938769633e-07,4.1254434966634654e-08,67.15000060878016,2.7702353331243986e-06,2.3096698785656853e-06,-0.7715386085529921,-0.7812564153751773,-65.6161043905922
I1,1,N2,3.1513532099263343e-06,3.2744324093005807e-06,2.459118889017504e-07,1.0024029160497294e-07,-1.4567159729677745e-07,67.1500006629255,-9.781847855048024e-06,2.5961413538004254e-06,-0.9676763637050673,-0.9108922485017055,-71.89932601575173
I1,2,N2,3.2744324093005807e-06,3.3975795266003557e-06,2.45970232983606e-07,1.0022783544341608e-07,-1.4574239754018993e-07,67.15000063941925,-9.786602088014248e-06,2.5964855132026657e-06,-0.9676650513513644,-0.9109173733228871,-71.90056203044462
I1,3,N2,3.3975795266003557e-06,3.522421738255096e-06,2.4742887495709686e-07,9.991913752557618e-08,-1.475097374315207e-07,67.15000060806088,-9.905278958221515e-06,2.6051100936200475e-06,-0.9682097411797695,-0.910803910511934,-71.95981598006809
I1,4,N2,3.522421738255096e-06,3.6506636317254235e-06,2.5036854159709686e-07,9.931246553082347e-08,-1.5105607606627338e-07,67.15000057527395,-1.0143415594748883e-05,2.6226075534594026e-06,-0.9693287431822891,-0.9105636535366055,-72.07841515894103
I1,5,N2,3.6506636317254235e-06,3.7841737846147044e-06,2.549602461603016e-07,9.840414871568861e-08,-1.56556097444613e-07,67.15000061760519,-1.0512742040095621e-05,2.6502329615699266e-06,-0.9710823170449678,-0.9102006381459479,-72.25921509472214
I1,6,N2,3.7841737846147044e-06,3.925099260990467e-06,2.614944238853619e-07,9.718797290055594e-08,-1.6430645098480593e-07,67.15000066867793,-1.1033178293497817e-05,2.6901179758943837e-06,-0.9736062605547704,-0.9097160676160213,-72.50683315036353
I1,7,N2,3.925099260990467e-06,4.076033714494648e-06,2.7043696234521486e-07,9.56540924828804e-08,-1.7478286986233445e-07,67.15000071735389,-1.173666983663693e-05,2.7456829112107145e-06,-0.9772275976147202,-0.9091098810813378,-72.8281444419512
I1,8,N2,4.076033714494648e-06,4.240287419580247e-06,2.825359309419052e-07,9.378713099435883e-08,-1.8874879994754635e-07,67.15000074368619,-1.2674482056847615e-05,2.82242296452198e-06,-0.9816192711889768,-0.9083795210195357,-73.23333410173205
I1,9,N2,4.240287419580247e-06,4.422360722041587e-06,2.9903503781294004e-07,9.156278938395127e-08,-2.0747224842898878e-07,67.15000069665092,-1.3931761626542329e-05,2.929483703976685e-06,-0.9627899254898203,-0.9075133653529164,-73.73636622532996
I1,10,N2,4.422360722041587e-06,6.30836097469287e-06,2.0871066822769757e-06,6.320957943452796e-08,-2.0238971028424476e-06,60.000000800113966,-0.0001214338277898952,1.6127371962836278e-05,-3.171137397117026,-0.8981644215515566,-74.32514328930269
I1,11,N2,6.30836097469287e-06,5.147990546054917e-06,6.702886612107365e-08,1.1448304426983318e-06,1.0778015765772581e-06,100.68356632500829,0.00010851690652051487,9.088944816145541e-06,-0.8988139918766183,-1.7220520964315642,-87.26689738992418
I1,12,N2,5.147990546054917e-06,4.405690940223182e-06,7.002726279118789e-08,7.561430358808131e-07,6.861157730896252e-07,100.68357257209982,6.908058723273165e-05,6.196277240040008e-06,-0.9000775017294229,-1.3313963188582785,-88.34780200207466
I1,13,N2,4.405690940223182e-06,3.787537913742414e-06,7.149246027053087e-08,6.412254912591696e-07,5.697330309886387e-07,100.68357308011193,5.7362757261698284e-05,5.345384636472753e-06,-0.900643206083568,-1.2546432596516623,-88.73223751103225
I1,14,N2,3.787537913742414e-06,2.042363695535008e-06,6.312681911037779e-08,1.688788221957458e-06,1.6256614028470803e-06,100.68357310075666,0.00016367739869063263,1.3139362808008768e-05,-0.9007534152789188,-1.2523270196190244,-88.73226668257048
I1,15,N2,2.042363695535008e-06,1.3419225088641751e-06,7.047180454650966e-08,7.173530167998783e-07,6.468812122533687e-07,100.68357280095844,6.51303116274843e-05,5.90868616009791e-06,-0.9000557081271456,-1.33140098161051,-88.34813901761135
I1,16,N2,1.3419225088641751e-06,2.2813777244726682e-07,6.728673267105584e-08,1.1014521506324075e-06,1.0341654179613517e-06,100.68356744880641,0.00010412346361253483,8.765541624775976e-06,-0.8988064889104267,-1.721776119523681,-87.26754082893235
I1,17,N2,2.2813777244726682e-07,2.118415229185372e-06,2.091604961750398e-06,6.314704106281053e-08,-2.0284579206875874e-06,60.000000675818335,-0.0001217074766121243,1.6160640021099064e-05,-3.2089718758456813,-0.8981282864428017,-74.36861787648019
I1,18,N2,2.118415229185372e-06,2.301579159296588e-06,3.000553178516463e-07,9.143582516445712e-08,-2.0861949268718918e-07,67.1500006857492,-1.4008799077005404e-05,2.936183572620776e-06,-0.9634426789445895,-0.9074389562977083,-73.78393708095925
I1,19,N2,2.301579159296588e-06,2.4669019939838317e-06,2.8351622041229476e-07,9.364525337107003e-08,-1.8987096704122473e-07,67.15000090892917,-1.2749835609397502e-05,2.828711053375236e-06,-0.9809800450004724,-0.908296987339759,-73.28097490933526
I1,20,N2,2.4669019939838317e-06,2.618917629895042e-06,2.7141091737286037e-07,9.549538385380058e-08,-1.7591553351905978e-07,67.15000105838286,-1.181272826199085e-05,2.7517972591999573e-06,-0.9773949781244154,-0.9090227793471123,-72.87558023919719
I1,21,N2,2.618917629895042e-06,2.760961731464206e-06,2.624870406875968e-07,9.701056732950311e-08,-1.654764733580937e-07,67.15000092199845,-1.1111745338565044e-05,2.696232060128249e-06,-0.9740230508990902,-0.9096245807352409,-72.55448279263415
I1,22,N2,2.760961731464206e-06,2.8956498460541564e-06,2.5599278773883423e-07,9.820618211064823e-08,-1.57786605628186e-07,67.1500007610178,-1.0595370688011105e-05,2.6564922738711185e-06,-0.971554859186889,-0.9101024425073788,-72.30773399573384
I1,23,N2,2.8956498460541564e-06,3.025150103666099e-06,2.5146135216274545e-07,9.909204365959419e-08,-1.5236930850315127e-07,67.15000070597684,-1.023159917355581e-05,2.629150468667547e-06,-0.9698228983824878,-0.910452288059018,-72.12850299626865
I1,24,N2,3.025150103666099e-06,3.1513532099263343e-06,2.486033698623533e-07,9.967431046334829e-08,-1.4892905939900503e-07,67.15000068048666,-1.0000586439987426e-05,2.612082602442762e-06,-0.9687369121365703,-0.91066145249614,-72.01223533753642
I1,1,N3,44.50212756661789,40.94632243987747,7.980141821778867e-08,3.328233668542736,3.3282335887413175,67.1500006391374,223.49088761117804,24.961753112581157,-5.05703949062997e-08,-5.5710366988388954e-08,-55.83240120067299
I1,2,N3,40.94632243987747,37.47867138592855,7.980141828371626e-08,3.245721456409892,3.245721376608474,67.15000062077178,217.95019245411123,24.342911521584828,-5.057039490629999e-08,-5.5612000608518424e-08,-55.832401196609915
I1,3,N3,37.47867138592855,34.10747434943402,7.980141837747268e-08,3.155440496072585,3.1554404162711664,67.15000059277911,211.88782582308798,23.665804319055024,-5.0570394906300255e-08,-5.5525238842220535e-08,-55.83240118241685
I1,4,N3,34.10747434943402,30.80242513010428,7.980141848127394e-08,3.0935261392063382,3.09352605940492,67.15000056171093,207.73027662670776,23.201446642558174,-5.0570394906300334e-08,-5.549463870343523e-08,-55.832401157672436
I1,5,N3,30.80242513010428,27.082744213376646,7.980141830099277e-08,3.481621407970771,3.4816213281693527,67.15000060121878,233.79087427978814,26.11216115829142,-5.057039490629878e-08,-5.606811626099269e-08,-55.83240112137207
I1,6,N3,27.082744213376646,22.71627019236239,7.980141819178085e-08,4.087019753583047,4.087019673781629,67.15000064244528,274.4433737201229,30.652648750383488,-5.0570394906296854e-08,-5.6979951135688946e-08,-55.832401070247464
I1,7,N3,22.71627019236239,17.460857466312888,7.980141834645162e-08,4.9190663814960365,4.919066301694619,67.15000066629277,330.3153054363319,36.892998459730904,-5.057039490629481e-08,-5.833693099999833e-08,-55.83240099769019
I1,8,N3,17.460857466312888,10.659438658180285,7.980141894015214e-08,6.36612807432582,6.366127994524401,67.15000067044365,427.4854991004436,47.74596115595429,-5.057039490629239e-08,-6.093437554524924e-08,-55.83240088833166
I1,9,N3,10.659438658180285,5.893721972763058e-07,7.980142011753916e-08,9.977234102318077,9.977234022516656,67.15000062239376,669.9712708217617,74.82925636589623,-5.0570394906289105e-08,-6.952370893392496e-08,-55.83240068516078
I1,10,N3,5.893721972763058e-07,9.065202050630503e-08,9.939248728484305e-08,5.538794459970227e-07,4.544869587121796e-07,60.00000073972275,2.726921785892512e-05,4.899539499613993e-06,-5.057039494137515e-08,-5.0570395791731634e-08,-52.41262674887296
I1,11,N3,9.065202050630503e-08,0.08072561501212173,0.0862453258224742,9.417071159438302e-08,-0.08624523165176261,16.6703492810968,-1.4377381354639878,0.6468406499488935,-5.1641696546134375e-08,-5.0570394941641904e-08,-25.823019148051618
I1,12,N3,0.08072561501212173,4.828480572255994,5.072387882322106,9.417060433643267e-08,-5.072387788151501,16.6703426014053,-84.55844223566997,38.04290982369533,-6.745416233928964e-08,-5.0570394941626465e-08,-25.82301545512101
I1,13,N3,4.828480572255994,35.90056201330935,33.196668313742485,9.417060078704234e-08,-33.19666821957188,16.67034204194208,-553.3998138731317,248.97501305934816,-2.0750666063682085e-07,-5.057039494162534e-08,-25.823015214210347
I1,14,N3,35.90056201330935,75.79688456790035,42.624276324085606,7.932892649559709e-08,-42.62427624475668,16.67034199585878,-710.5612623260531,319.682073025609,-2.3784062257305109e-07,-5.057039494162637e-08,-25.823015201429726
I1,15,N3,75.79688456790035,85.1670414992274,10.010851529846878,9.417060283594482e-08,-10.010851435676276,16.670342319469885,-166.8843203420801,75.0813871801311,-9.155437538204068e-08,-5.057039494162449e-08,-25.82301531617164
I1,16,N3,85.1670414992274,85.24855524906627,0.08708744706046334,9.417070978937673e-08,-0.08708735288975356,16.67034803543321,-1.451776482156782,0.6531565592337985,-5.185008756869898e-08,-5.0570394941627e-08,-25.823018413245745
I1,17,N3,85.24855524906627,85.2485547503461,9.93924878726498e-08,5.538794311462634e-07,4.544869432736136e-07,60.00000060663131,2.7269216872122826e-05,4.8995393926418485e-06,-5.057039494137326e-08,-5.057039579173458e-08,-52.41262541141979
I1,18,N3,85.2485547503461,75.43648674535363,7.980142018692671e-08,9.184095722586653,9.184095642785232,67.15000061547154,616.7120280655779,68.88071851791055,-5.057039490628957e-08,-6.78811687248184e-08,-55.832400697410385
I1,19,N3,75.43648674535363,68.42516846320048,7.9801418886919e-08,6.562593982009057,6.562593902207638,67.15000071449177,440.6781852221622,49.21945546357857,-5.057039490629199e-08,-6.1294060536782e-08,-55.83240091811058
I1,20,N3,68.42516846320048,61.43726237618726,7.980141791503633e-08,6.54068016735807,6.540680087556652,67.15000083218774,439.206673322503,49.05510185369616,-5.0570394906291295e-08,-6.116106937536867e-08,-55.83240103241967
I1,21,N3,61.43726237618726,56.20393529627163,7.980141784727821e-08,4.898394216714728,4.89839413691331,67.15000076775007,328.9271700544712,36.73795722387109,-5.0570394906294385e-08,-5.822625460622447e-08,-55.83240109914974
I1,22,N3,56.20393529627163,52.026898436899415,7.98014180351767e-08,3.909706570286099,3.909706490484681,67.15000068443045,262.53679351196854,29.32279987565638,-5.05703949062975e-08,-5.660876880995668e-08,-55.83240114282637
I1,23,N3,52.026898436899415,48.180125477434295,7.980141810597929e-08,3.6005795599730575,3.6005794801716395,67.15000066238396,241.77891447849169,27.004347298308566,-5.0570394906298614e-08,-5.612930128994958e-08,-55.83240117169047
I1,24,N3,48.180125477434295,44.50212756661789,7.980141816310817e-08,3.442606114437859,3.4426060346364404,67.1500006500594,231.17099746373538,25.81954645679458,-5.057039490629924e-08,-5.588718534897437e-08,-55.83240118851204
I1,1,N4,4.334612284777743e-06,4.273594361652774e-06,1.3359424682051723e-07,1.741541613074402e-07,4.055991448692297e-08,67.15000063864113,2.7235982837001073e-06,2.3081130609596806e-06,-0.7713648049295866,-0.7808620196742565,-65.65080592838844
I1,2,N4,4.273594361652774e-06,4.212558525888801e-06,1.335881522929541e-07,1.7416558814632572e-07,4.0577435853371635e-08,67.15000061654449,2.7247748425716995e-06,2.3081530532945985e-06,-0.7713583245365327,-0.7808709548878793,-65.64987825574242
I1,3,N4,4.212558525888801e-06,4.151128473587211e-06,1.3345424501612834e-07,1.7441725919593884e-07,4.09630141798105e-08,67.15000058579169,2.7506664261700683e-06,2.309036281590504e-06,-0.7713146271083701,-0.7809496805874352,-65.63054152112326
I1,4,N4,4.151128473587211e-06,4.088923540816418e-06,1.3319225169546408e-07,1.7491301601485146e-07,4.1720764319387376e-08,67.15000055318845,2.801549347126307e-06,2.3107895078273667e-06,-0.7712312259226136,-0.7811025514798504,-65.59261335162695
I1,5,N4,4.088923540816418e-06,4.02555437489955e-06,1.32801634447065e-07,1.7566052003072525e-07,4.285888558366026e-08,67.150000594968,2.877974192442452e-06,2.3134661585834268e-06,-0.7711072594568203,-0.781333426829347,-65.53574519621631
I1,6,N4,4.02555437489955e-06,3.960618278264098e-06,1.3228158676382496e-07,1.7667155548822228e-07,4.4389968724397326e-08,67.15000064331014,2.9807864283997972e-06,2.3171485668903545e-06,-0.7709423783450613,-0.7816471829108301,-65.45941087497235
I1,7,N4,3.960618278264098e-06,3.893694015105261e-06,1.3163102064760655e-07,1.7796252098195746e-07,4.633150033435091e-08,67.15000068070916,3.11116027898994e-06,2.32195156222173e-06,-0.7707362950818695,-0.7820504629969459,-65.36289311960188
I1,8,N4,3.893694015105261e-06,3.824335844535023e-06,1.3084855050688047e-07,1.7955513935861855e-07,4.8706588851738085e-08,67.15000069085373,3.270647475043341e-06,2.3280276739912427e-06,-0.7704889735275492,-0.7825518524658653,-65.24526574649342
I1,9,N4,3.824335844535023e-06,3.7520664652579633e-06,1.2993246858430162e-07,1.8147745500016031e-07,5.154498641585869e-08,67.15000064247397,3.461245870941223e-06,2.3355744268834646e-06,-0.7702010482506277,-0.78316190380831,-65.1053708551705
I1,10,N4,3.7520664652579633e-06,3.886596068655434e-06,2.633746803897584e-07,1.048217952107137e-07,-1.585528851790447e-07,60.00000075864008,-9.513173231027256e-06,2.7614735670035407e-06,-0.8048225772250838,-0.763965749570143,-64.94179261527668
I1,11,N4,3.886596068655434e-06,4.017729854878606e-06,2.604371944654873e-07,1.0542676041754644e-07,-1.5501043404794084e-07,60.00000059945611,-9.300626135798402e-06,2.7439796616227527e-06,-0.80384401415744,-0.7641515665976429,-64.82135216199214
I1,12,N4,4.017729854878606e-06,4.1466485252151125e-06,2.585307802940598e-07,1.058299070575346e-07,-1.5270087323652522e-07,60.00000059040771,-9.162052484347285e-06,2.7327051551369583e-06,-0.8032137761413608,-0.7642766255204361,-64.7419623145108
I1,13,N4,4.1466485252151125e-06,4.274466866004206e-06,2.5758670620718795e-07,1.0603271598270095e-07,-1.51553990224487e-07,60.00000058285027,-9.093239501802504e-06,2.7271456664241665e-06,-0.8029033442486994,-0.764339716980483,-64.70229717126877
I1,14,N4,4.274466866004206e-06,4.40226802266937e-06,2.575719780191669e-07,1.0603589701608659e-07,-1.515360810030803e-07,60.00000057426683,-9.092164947206962e-06,2.727059062764401e-06,-0.8028988242476685,-0.7643406372161818,-64.70170912955662
I1,15,N4,4.40226802266937e-06,4.531134622283103e-06,2.584860599245669e-07,1.0583946591721935e-07,-1.5264659400734755e-07,60.0000005740883,-9.158795728073476e-06,2.7324414438133964e-06,-0.8032000260428224,-0.7642793767978966,-64.74018866209934
I1,16,N4,4.531134622283103e-06,4.662179950321063e-06,2.603609148965544e-07,1.0544272905368043e-07,-1.5491818584287396e-07,60.000000580405825,-9.295091240487855e-06,2.7435273296267608e-06,-0.8038203478676563,-0.7641561952309187,-64.8183636747385
I1,17,N4,4.662179950321063e-06,4.796582023835845e-06,2.632640418793527e-07,1.0484423322449835e-07,-1.5841980865485436e-07,60.00000063493369,-9.505188619877336e-06,2.7608120632788828e-06,-0.8047879944632105,-0.7639721390688163,-64.93753842389562
I1,18,N4,4.796582023835845e-06,4.724189659879618e-06,1.298942382081982e-07,1.8155907518027778e-07,5.166483697207957e-08,67.15000062064797,3.4692938347408195e-06,2.33589985041357e-06,-0.7701899249573502,-0.783186277082511,-65.09977493893415
I1,19,N4,4.724189659879618e-06,4.654680425893789e-06,1.308004866450842e-07,1.796544261585474e-07,4.8853939513463206e-08,67.15000067724299,3.280542071415042e-06,2.3284118460272368e-06,-0.7704746380528419,-0.7825816070059672,-65.23829743084568
I1,20,N4,4.654680425893789e-06,4.58757656445981e-06,1.315727600116247e-07,1.780795830573489e-07,4.6506823045724216e-08,67.15000081727577,3.1229332055292807e-06,2.322392573017302e-06,-0.7707186383167408,-0.7820856025484022,-65.35450863309583
I1,21,N4,4.58757656445981e-06,4.5224315563473765e-06,1.3221274070417754e-07,1.7680678087320507e-07,4.459404016902754e-08,67.1500007976852,2.994489832922205e-06,2.3176464118303696e-06,-0.7709213415283104,-0.7816877565290138,-65.4495537447841
I1,22,N4,4.5224315563473765e-06,4.458823072660059e-06,1.3272178716581486e-07,1.758145675801512e-07,4.309278041433633e-08,67.15000070492924,2.8936802352000454e-06,2.3140226605947457e-06,-0.7710829899199023,-0.7813793452072482,-65.52434655296685
I1,23,N4,4.458823072660059e-06,4.396347008350487e-06,1.3310096011958928e-07,1.75086814950691e-07,4.198585483110173e-08,67.15000067152486,2.8193501801030265e-06,2.3114083130271025e-06,-0.7712043386240925,-0.7811532471777788,-65.57959288358786
I1,24,N4,4.396347008350487e-06,4.334612284777743e-06,1.3335104105845653e-07,1.7461201493123792e-07,4.1260973872781395e-08,67.15000065296358,2.7706744224991842e-06,2.3097229199227085e-06,-0.771288013582096,-0.7810020098479956,-65.61581119301898
I1,1,N5,4.224532463628146e-06,4.231445564445628e-06,1.6355180924117882e-07,1.368164235037963e-07,-2.6735385737382522e-08,67.15000066396057,-1.7952811700164783e-06,2.252761745587313e-06,-0.7901578505722405,-0.7804552381129175,-68.48308531514992
I1,2,N5,4.231445564445628e-06,4.2383570250881924e-06,1.6355090283647785e-07,1.368171646099867e-07,-2.6733738226491166e-08,67.15000063997867,-1.795170539017904e-06,2.252760505848484e-06,-0.7901545083868621,-0.7804592716355461,-68.4833347627181
I1,3,N5,4.2383570250881924e-06,4.245305898182603e-06,1.635715807254679e-07,1.3680026237089127e-07,-2.677131835457663e-08,67.15000060825703,-1.7976940437936634e-06,2.2527888232226935e-06,-0.7901728111721386,-0.7804468965175998,-68.4888563421745
I1,4,N5,4.245305898182603e-06,4.252331449499254e-06,1.63613975373294e-07,1.3676563333625642e-07,-2.6848342037037574e-08,67.15000057526804,-1.8028661832320662e-06,2.2528470653216284e-06,-0.7902106235147103,-0.7804205939033717,-68.49968472830004
I1,5,N5,4.252331449499254e-06,4.259473380021066e-06,1.6367835763781503e-07,1.367131074446432e-07,-2.696525019317183e-08,67.15000061802074,-1.8107165671365724e-06,2.2529359881184365e-06,-0.790267676977141,-0.7803809277339346,-68.51589834519994
I1,6,N5,4.259473380021066e-06,4.2667720566173725e-06,1.6376514259677092e-07,1.3664242507431716e-07,-2.7122717522453763e-08,67.15000067013892,-1.821290499808759e-06,2.2530567575331605e-06,-0.790344513808361,-0.7803277540049891,-68.53761707288587
I1,7,N5,4.2667720566173725e-06,4.274268741382905e-06,1.6387488994503362e-07,1.3655323864074613e-07,-2.7321651304287497e-08,67.15000072070967,-1.8346489047738837e-06,2.253210964393348e-06,-0.7904420433610218,-0.7802606801256733,-68.56500278618823
I1,8,N5,4.274268741382905e-06,4.28200582812768e-06,1.6400830982868397e-07,1.3644511101456188e-07,-2.7563198814122088e-08,67.150000750472,-1.8508688210537072e-06,2.253400656324344e-06,-0.7905619020303295,-0.7801787260661227,-68.59826151242027
I1,9,N5,4.28200582812768e-06,4.290027086773007e-06,1.6416626961580477e-07,1.3631751405330175e-07,-2.7848755562503024e-08,67.15000070029089,-1.8700439555243079e-06,2.2536283775182993e-06,-0.7907070318021208,-0.78007969667111,-68.63764830652133
I1,10,N5,4.290027086773007e-06,4.6119901244638465e-06,4.423962221521481e-07,8.622415736398299e-08,-3.5617206478816507e-07,60.00000080142479,-2.1370324172735026e-05,3.964652846370983e-06,-0.8848222872847107,-0.7681531559556983,-68.68347889997182
I1,11,N5,4.6119901244638465e-06,4.489502711798545e-06,1.131918270200078e-07,2.1381512513964266e-07,1.0062329811963486e-07,74.05733023670788,7.451892818352507e-06,2.4525521411973785e-06,-0.7729718794819427,-0.812729152303074,-68.85080909204837
I1,12,N5,4.489502711798545e-06,4.369021703252857e-06,1.136007973210293e-07,2.1229542812852926e-07,9.869463080749995e-08,74.05733238773671,7.309061078595983e-06,2.444221690871689e-06,-0.7731023887277061,-0.8117862743999384,-68.9602814115552
I1,13,N5,4.369021703252857e-06,4.24959888462554e-06,1.138192027451917e-07,2.1149630648341915e-07,9.767710373822745e-08,74.0573325569995,7.233705754746449e-06,2.439866319214581e-06,-0.7731745111275523,-0.8113229852393188,-69.01447164700859
I1,14,N5,4.24959888462554e-06,4.092939043052207e-06,1.0639884532408122e-07,2.3984921450568653e-07,1.3345036918160533e-07,74.05733255793406,9.88297837046122e-06,2.596860448723258e-06,-0.7732109553639315,-0.8112825422160137,-69.0146056515394
I1,15,N5,4.092939043052207e-06,3.972584207419928e-06,1.1362674033924759e-07,2.1220005885606645e-07,9.857331851681887e-08,74.05733245422843,7.300077020516606e-06,2.4437009939648553e-06,-0.7731005124961539,-0.8117854025893549,-68.96076456152186
I1,16,N5,3.972584207419928e-06,3.850213287743114e-06,1.1321539078569496e-07,2.1372673182328222e-07,1.0051134103758726e-07,74.05733061025579,7.4436016133007695e-06,2.452065919567329e-06,-0.7729719963325036,-0.8127230669976773,-68.85163877577959
I1,17,N5,3.850213287743114e-06,4.172457863422929e-06,4.4267990239832646e-07,8.62091689352568e-08,-3.5647073346306966e-07,60.00000067310514,-2.1388244247726464e-05,3.966668035001874e-06,-0.8848604911573297,-0.7681519353889377,-68.68467102022453
I1,18,N5,4.172457863422929e-06,4.180550709325695e-06,1.6420610455958696e-07,1.362854076152465e-07,-2.7920696944340448e-08,67.15000069639662,-1.87487481925634e-06,2.253686341311251e-06,-0.7907129027772517,-0.7800757337064798,-68.63922343900794
I1,19,N5,4.180550709325695e-06,4.188354194790565e-06,1.640451940164818e-07,1.3641527590194603e-07,-2.762991811453578e-08,67.15000096123086,-1.8553490279498074e-06,2.253453524388209e-06,-0.7905687565682507,-0.7801741188704643,-68.60023054759628
I1,20,N5,4.188354194790565e-06,4.195912469584702e-06,1.6390905298619995e-07,1.3652552047768592e-07,-2.738353250851403e-08,67.15000109940183,-1.8388042380522232e-06,2.253259300979144e-06,-0.7904501154203869,-0.7802552158817752,-68.5673797103848
I1,21,N5,4.195912469584702e-06,4.203268284051242e-06,1.63796798055094e-07,1.3661667724819381e-07,-2.7180120806900177e-08,67.1500009301907,-1.8251451374660424e-06,2.2531010647746583e-06,-0.7903541780394467,-0.7803210954838398,-68.54041910572313
I1,22,N5,4.203268284051242e-06,4.210463224833455e-06,1.6370769834830637e-07,1.366891951200063e-07,-2.7018503228300058e-08,67.15000076491303,-1.814292512447154e-06,2.252976701012345e-06,-0.7902792674407327,-0.7803727507603939,-68.51914643409435
I1,23,N5,4.210463224833455e-06,4.217537957605574e-06,1.6364117749296363e-07,1.3674343116217218e-07,-2.6897746330791445e-08,67.15000070864644,-1.806183685173638e-06,2.2528845649135187e-06,-0.7902249512109248,-0.7804100438438532,-68.50340483961422
I1,24,N5,4.217537957605574e-06,4.224532463628146e-06,1.6359680828562605e-07,1.3677965171467676e-07,-2.6817156570949286e-08,67.15000068221485,-1.800772082034307e-06,2.252823450002271e-06,-0.7901929775404779,-0.7804306373874405,-68.49308357436179
I1,1,N6,3.6902399410687467e-06,3.4875050457747785e-06,1.0335803242375821e-07,2.8031142076947953e-07,1.7695338834572133e-07,67.15000064276775,1.1882420141155118e-05,2.8775208989492827e-06,-0.8807948210617876,-0.9456905297943985,-62.2956481122462
I1,2,N6,3.4875050457747785e-06,3.2846073421969043e-06,1.0333964472571834e-07,2.8044769993451336e-07,1.77108055208795e-07,67.15000062213822,1.1892806017456275e-05,2.8784050849517377e-06,-0.8807895973400699,-0.9457600246031737,-62.2907386596024
I1,3,N6,3.2846073421969043e-06,3.0779919169109766e-06,1.0292524017772418e-07,2.835644292863718e-07,1.8063918910864762e-07,67.15000059253425,1.2129921655680596e-05,2.8986725209807195e-06,-0.8806233156535023,-0.9471709318324795,-62.19833349997134
I1,4,N6,3.0779919169109766e-06,2.863755597256502e-06,1.0210773149090546e-07,2.899813703248443e-07,1.8787363883393884e-07,67.1500005605938,1.261571495301979e-05,2.940668263618123e-06,-0.8802946968695482,-0.9501040074460679,-62.014273926858465
I1,5,N6,2.863755597256502e-06,2.6372075519997745e-06,1.0087161187203839e-07,3.0042218603494236e-07,1.9955057416290397e-07,67.15000060138439,1.3399821175045602e-05,3.0097034843023557e-06,-0.8797980530226754,-0.9549846304311226,-61.729537911648016
I1,6,N6,2.6372075519997745e-06,2.3921529201530576e-06,9.918900915110208e-08,3.162702295697708e-07,2.170812204186687e-07,67.15000064687698,1.4577004091538446e-05,3.1159442904065466e-06,-0.8791218047072406,-0.962678954262867,-61.327978787388965
I1,7,N6,2.3921529201530576e-06,2.1195054894874417e-06,9.701127776829932e-08,3.4018918751071253e-07,2.4317790974241323e-07,67.1500006792859,1.6329396804390373e-05,3.2790034895925886e-06,-0.8782434443497306,-0.9750325288549697,-60.78116060089165
I1,8,N6,2.1195054894874417e-06,1.8040945222567004e-06,9.42500702588191e-08,3.777967748814445e-07,2.835467046226254e-07,67.15000068604553,1.9040161409935247e-05,3.540351338551977e-06,-0.8771167215842091,-0.9966310735293888,-60.03537029933554
I1,9,N6,1.8040945222567004e-06,1.4154317811665396e-06,9.07276599700349e-08,4.4327446564949806e-07,3.5254680567946317e-07,67.15000063370141,2.367351822478536e-05,4.005015942146497e-06,-0.8756295727229328,-1.0430201258508973,-58.97069781148568
I1,10,N6,1.4154317811665396e-06,1.346151807943501e-06,1.3562665549130168e-07,1.8366802530607156e-07,4.8041369814769874e-08,60.000000747069656,2.882482224776442e-06,2.3947101059802994e-06,-0.8875384106039947,-0.9151702649396961,-57.199440946928526
I1,11,N6,1.346151807943501e-06,2.1277466322450104e-06,9.271431545474227e-07,8.069365358016628e-08,-8.464495009672564e-07,44.78500851868327,-3.790824811145378e-05,7.558776060956918e-06,-1.4230366923519293,-0.873113227740632,-55.17383936681478
I1,12,N6,2.1277466322450104e-06,2.7638314753411777e-06,7.743841577098698e-07,8.305944989497336e-08,-6.913247078148964e-07,44.78500616104789,-3.096098129877477e-05,6.430827057036324e-06,-1.2524508431046473,-0.8741026472389742,-54.444743914662396
I1,13,N6,2.7638314753411777e-06,3.343558592707507e-06,7.155043651318441e-07,8.422593041966429e-08,-6.312784347121798e-07,44.785005956710954,-2.827180845892814e-05,5.997977216636313e-06,-1.204936431859387,-0.8745319742045187,-54.14885837410001
I1,14,N6,3.343558592707507e-06,4.252858266839841e-06,1.0624707805857393e-06,7.972190600017896e-08,-9.827488745855602e-07,44.78500593145318,-4.401241417744325e-05,8.566445149394387e-06,-1.2051513996187473,-0.8745683233005499,-54.14837759651136
I1,15,N6,4.252858266839841e-06,4.879058294543677e-06,7.640427290080641e-07,8.325155278225954e-08,-6.807911762258046e-07,44.785006049326654,-3.0489236945600865e-05,6.3547071134274266e-06,-1.2521689639439049,-0.8740990540099104,-54.443236196776
I1,16,N6,4.879058294543677e-06,5.6497923153908115e-06,9.157138386475894e-07,8.084618767088018e-08,-8.348676509767093e-07,44.78500806536174,-3.738955448250153e-05,7.4742001973885214e-06,-1.422002058619098,-0.873115936186251,-55.1704933693779
I1,17,N6,5.6497923153908115e-06,5.579524267049761e-06,1.353078680211104e-07,1.84313575189046e-07,4.900570716793559e-08,60.000000619200534,2.9403424604204954e-06,2.3971608240761727e-06,-0.887507064162624,-0.915266598890513,-57.18680622246859
I1,18,N6,5.579524267049761e-06,5.187174413274517e-06,9.058029337498176e-08,4.465964958382762e-07,3.5601620246329443e-07,67.15000061750698,2.390648821525271e-05,4.028825919099435e-06,-0.8756031477429613,-1.0442256717833394,-58.949649124171316
I1,19,N6,5.187174413274517e-06,4.8688352161127525e-06,9.408334301443165e-08,3.8039152902498347e-07,2.863081860105518e-07,67.15000069471006,1.922559488950973e-05,3.5585615402956136e-06,-0.8770770675031532,-0.9976028399787247,-60.00699834778935
I1,20,N6,4.8688352161127525e-06,4.593537659947848e-06,9.682023332851282e-08,3.425023317085277e-07,2.456820983800149e-07,67.15000082937662,1.6497553109980988e-05,3.294919237777804e-06,-0.8781898490864464,-0.9759307903233635,-60.74571631039735
I1,21,N6,4.593537659947848e-06,4.345910622911404e-06,9.897022452407866e-08,3.1848632449075876e-07,2.195160999666801e-07,67.15000079355416,1.4740506286960482e-05,3.130924117611281e-06,-0.8790533371113374,-0.9635660981299343,-61.28533950021768
I1,22,N6,4.345910622911404e-06,4.11675326270718e-06,1.0062215409258474e-07,3.0264595586305073e-07,2.02023801770466e-07,67.1500007025002,1.3565898430808551e-05,3.0245108246672658e-06,-0.8797134727408519,-0.9558981952953263,-61.67933220971404
I1,23,N6,4.11675326270718e-06,3.8997859184947175e-06,1.0182477871728724e-07,2.922897155179654e-07,1.9046493680067818e-07,67.15000067235962,1.2789720634226474e-05,2.9558587067643946e-06,-0.8801919395737181,-0.9510754392964416,-61.955909585166076
I1,24,N6,3.8997859184947175e-06,3.6902399410687467e-06,1.0260587997616725e-07,2.8602763589430826e-07,1.8342175591814102e-07,67.15000065587988,1.2316771030205808e-05,2.9147513690285667e-06,-0.8804987675185628,-0.9482340221689346,-62.1309773342622
I1,1,N7,3.1676452307791042e-06,3.2905756527787067e-06,2.458993942462108e-07,1.0036860070990052e-07,-1.4553079353631026e-07,67.15000066292549,-9.772392882439307e-06,2.597009962170835e-06,-0.950243432307843,-0.897115329282712,-71.84686107011846
I1,2,N7,3.2905756527787067e-06,3.413573196043519e-06,2.4595702897872183e-07,1.0035626876427796e-07,-1.4560076021444387e-07,67.15000063941923,-9.777091141499832e-06,2.597349733072498e-06,-0.950249956219825,-0.8971340316800789,-71.84924970944618
I1,3,N7,3.413573196043519e-06,3.538248002702133e-06,2.47399680846234e-07,1.000502517581994e-07,-1.473494290880346e-07,67.15000060806086,-9.894514252858945e-06,2.6058744945332508e-06,-0.9508196040141369,-0.897023478896869,-71.90764915156159
I1,4,N7,3.538248002702133e-06,3.6662859561068306e-06,2.503063342323674e-07,9.944885380884321e-08,-1.5085748042352418e-07,67.15000057527394,-1.0130079897224026e-05,2.6231639103090797e-06,-0.9519857028290405,-0.8967939619617038,-72.02336951882772
I1,5,N7,3.6662859561068306e-06,3.7995332625399657e-06,2.548441757451856e-07,9.854848417223948e-08,-1.5629569157294609e-07,67.15000061760517,-1.0495255785652357e-05,2.650444949380688e-06,-0.9538362431604595,-0.8964483634006893,-72.19919821370371
I1,6,N7,3.7995332625399657e-06,3.940108000708726e-06,2.612967377979577e-07,9.734307187187987e-08,-1.6395366592607784e-07,67.15000066867792,-1.1009488776568323e-05,2.689798572523782e-06,-0.9565217832061453,-0.8959864858177358,-72.4396623677994
I1,7,N7,3.940108000708726e-06,4.090563312002935e-06,2.7011787141016633e-07,9.582301529958134e-08,-1.74294856110585e-07,67.15000071735388,-1.1703899712856873e-05,2.7445566503231075e-06,-0.9602293389251656,-0.8954061207080631,-72.75153053777552
I1,8,N7,4.090563312002935e-06,4.254148393559299e-06,2.820341493387789e-07,9.397335376235043e-08,-1.8806079557642845e-07,67.15000074368616,-1.2628282562815382e-05,2.82005627325847e-06,-0.9648357521850448,-0.8947019617129256,-73.14460078494957
I1,9,N7,4.254148393559299e-06,4.435263623811152e-06,2.9824856139028804e-07,9.177051612405184e-08,-2.064780452662362e-07,67.15000069665089,-1.3865000883470875e-05,2.925143081357549e-06,-0.9643247621727215,-0.8938624768694695,-73.63249585620477
I1,10,N7,4.435263623811152e-06,6.3419896894104465e-06,2.109395844053906e-06,6.333766399131153e-08,-2.046058180062594e-06,60.00000080011389,-0.00012276349244083522,1.6295501310339132e-05,-3.083087476106234,-0.8846269643446372,-74.22927006006151
I1,11,N7,6.3419896894104465e-06,5.17574654070359e-06,6.708613126020513e-08,1.150377478442159e-06,1.083291347181954e-06,100.68356632500836,0.00010906963620330192,9.130977072767731e-06,-0.88502459449215,-1.6797881490917366,-87.29792387147775
I1,12,N7,5.17574654070359e-06,4.431655444776147e-06,7.008147350033226e-08,7.578673643958324e-07,6.877858908955001e-07,100.68357257209989,6.924874066004347e-05,6.209616284221236e-06,-0.8861868528132378,-1.3010084679138851,-88.37571289974049
I1,13,N7,4.431655444776147e-06,3.812482418270275e-06,7.1548365645455e-08,6.422291897580171e-07,5.706808241125621e-07,100.683573080112,5.745818445995569e-05,5.3533316655260405e-06,-0.8866965206645226,-1.2272396738268923,-88.75921187023478
I1,14,N7,3.812482418270275e-06,2.0472041864356627e-06,6.31754689869072e-08,1.7076482006747508e-06,1.6444727316878437e-06,100.68357310075673,0.00016557139049309412,1.3281177522462434e-05,-0.8868034578051291,-1.225296647184396,-88.75927663958936
I1,15,N7,2.0472041864356627e-06,1.3455492457337043e-06,7.05296669761728e-08,7.185397836161901e-07,6.480101166400173e-07,100.68357280095852,6.52439737544828e-05,5.918020879442721e-06,-0.8861663564362934,-1.3010251028727209,-88.37597678442157
I1,16,N7,1.3455492457337043e-06,2.2682679740713025e-07,6.734522537161958e-08,1.1061250942008477e-06,1.038779868829228e-06,100.68356744880649,0.00010458806298772994,8.801027396793506e-06,-0.8850179678699173,-1.679656223621604,-87.29829232335632
I1,17,N7,2.2682679740713025e-07,2.1378961487827613e-06,2.1139654961407335e-06,6.327580241932113e-08,-2.0506896937214123e-06,60.00000067581826,-0.00012304138300917828,1.632930973920041e-05,-3.1030722624642726,-0.8846092997856189,-74.2523921168791
I1,18,N7,2.1378961487827613e-06,2.3200842850397475e-06,2.992511620250905e-07,9.164465050899484e-08,-2.0760651151609568e-07,67.15000068574918,-1.394077739067182e-05,2.93171859400564e-06,-0.9639404046910066,-0.8938228190338864,-73.65794856340133
I1,19,N7,2.3200842850397475e-06,2.484723671291799e-06,2.829999245095085e-07,9.383263633116178e-08,-1.891672881783467e-07,67.15000090892914,-1.2702583573115643e-05,2.8262442063050274e-06,-0.9652676586719952,-0.8946566653946342,-73.17232967279911
I1,20,N7,2.484723671291799e-06,2.6362468492900146e-06,2.7107904355721304e-07,9.566557113797067e-08,-1.7541347241924237e-07,67.15000105838284,-1.1779014858606734e-05,2.7505846102138778e-06,-0.9606424149662802,-0.895354109253055,-72.78195005186559
I1,21,N7,2.6362468492900146e-06,2.7779275547016333e-06,2.6227743536588986e-07,9.716707174903974e-08,-1.6511036361685012e-07,67.15000092199844,-1.1087161069102984e-05,2.695833803361972e-06,-0.9569123823937208,-0.8959261278190479,-72.4732179507172
I1,22,N7,2.7779275547016333e-06,2.912340218304688e-06,2.5586505497286316e-07,9.835209806904636e-08,-1.575129569038168e-07,67.15000076101778,-1.0576995175961459e-05,2.6566286478143213e-06,-0.9542287410007804,-0.8963770979403223,-72.2363352101707
I1,23,N7,2.912340218304688e-06,3.0416234885159014e-06,2.513872470750977e-07,9.923022069580922e-08,-1.521570263792885e-07,67.15000070597682,-1.0217344428788557e-05,2.629631008281802e-06,-0.9524034789395748,-0.8967060420196953,-72.06457384040228
I1,24,N7,3.0416234885159014e-06,3.1676452307791042e-06,2.4856157990877716e-07,9.98074551534019e-08,-1.4875412475537526e-07,67.15000068048664,-9.988839578548643e-06,2.6127677629663426e-06,-0.9512903356440373,-0.8969029812838255,-71.95351109049506
I1,1,N8,71.5781075536849,65.88826107055064,7.980142629765893e-08,5.325696378127371,5.325696298325945,67.15000065451146,357.6205099183165,39.942723434465975,-7.000679506754852e-08,-8.622365468261894e-08,-55.83240090605984
I1,2,N8,65.88826107055064,60.424223129729626,7.980142636513807e-08,5.114339582522181,5.114339502720754,67.15000063276527,343.4279008438751,38.35754746742706,-7.000679506754905e-08,-8.56660938091539e-08,-55.83240089938204
I1,3,N8,60.424223129729626,55.230839534860806,7.980142644941272e-08,4.861007114710925,4.861007034909498,67.15000060259618,326.41662532339706,36.45755395884264,-7.000679506754962e-08,-8.505998449789617e-08,-55.832400887116734
I1,4,N8,55.230839534860806,50.25949452382103,7.980142652107761e-08,4.653179000246937,4.6531789204455105,67.15000057042542,312.46096716220757,34.89884310036273,-7.000679506755005e-08,-8.463347401471973e-08,-55.83240086901016
I1,5,N8,50.25949452382103,44.43964274332779,7.980142624966084e-08,5.447381336455389,5.447381256653963,67.15000061160994,365.7916547159861,40.85536062192611,-7.000679506754771e-08,-8.7174885125438e-08,-55.83240084454325
I1,6,N8,44.43964274332779,37.16825537075351,7.980142591936515e-08,6.806018650643234,6.806018570841808,67.15000065902169,457.02415151734124,51.04514047833495,-7.000679506754476e-08,-9.172230238484642e-08,-55.832400811583604
I1,7,N8,37.16825537075351,27.660544251790665,7.980142557918937e-08,8.899217677262937,8.899217597461512,67.15000069730687,597.582467875026,66.74413317798272,-7.000679506754157e-08,-9.973387071946175e-08,-55.83240076556217
I1,8,N8,27.660544251790665,15.267713897341084,7.980142526347842e-08,11.599689281678518,11.599689201877093,67.15000070203816,778.9191380494711,86.99767021109959,-7.000679506753872e-08,-1.1318853185027121e-07,-55.8324006945985
I1,9,N8,15.267713897341084,5.688660538218759e-07,7.980142496595501e-08,14.29057974536634,14.290579665564916,67.15000062823715,959.6124335205571,107.17934868875824,-7.00067950675362e-08,-1.3817064957805859e-07,-55.83240055128589
I1,10,N8,5.688660538218759e-07,4.728697771207475e-08,9.873445357323998e-08,5.746988750764752e-07,4.759644215032353e-07,60.0000007345827,2.8557865639829346e-05,5.050749964872864e-06,-7.000679512731148e-08,-7.000679665989129e-08,-52.32989671509923
I1,11,N8,4.728697771207475e-08,4.6518221407997675,4.969895520419934,1.0632985183608412e-07,-4.969895414090082,1.0154112757421187e-05,-5.0464878427261164e-05,37.27421720062339,-7.998957081006592e-08,-7.000679518023326e-08,-8.01283075628463
I1,12,N8,4.6518221407997675,34.82614185103357,32.23752117930942,1.063294262029063e-07,-32.237521072979995,9.047021152890082e-07,-2.9165353506398978e-05,241.78140964229132,-7.984429668473617e-06,-7.000679518017894e-08,-8.01283000354295
I1,13,N8,34.82614185103357,65.00099484375615,32.238090925558105,1.063294189882961e-07,-32.23809081922869,1.2484713964707373e-07,-4.02483342646329e-06,241.7856827391564,-8.712520484467905e-06,-7.000679518017325e-08,-8.012829948312156
I1,14,N8,65.00099484375615,95.20512913763599,32.269374339824154,8.255105764854227e-08,-32.26937425727309,6.664965822671444e-08,-2.150742765437189e-06,242.0203081678141,-8.760803008793387e-06,-7.000679518017574e-08,-8.01282993772365
I1,15,N8,95.20512913763599,125.37969598746488,32.23778521733838,1.0632942292801061e-07,-32.237785111008954,5.155680123230933e-07,-1.6620770791381896e-05,241.7833899275085,-8.329630362018828e-06,-7.000679518017227e-08,-8.01282995664166
I1,16,N8,125.37969598746488,148.45547297558636,24.653608014659973,1.0632984889027643e-07,-24.653607908330123,8.438323382485113e-06,-0.00020803511607548199,184.90206090742367,-4.964823101879878e-07,-7.000679518018292e-08,-8.012830037168404
I1,17,N8,148.45547297558636,148.4554724540073,9.873445398860571e-08,5.74698864648705e-07,4.7596441066009933e-07,60.00000059812927,2.8557864924294205e-05,5.05074988977983e-06,-7.000679512725847e-08,-7.000679665981206e-08,-52.33014361429716
I1,18,N8,148.4554724540073,135.86324197732102,7.980142512047424e-08,11.786327796092067,11.786327716290641,67.15000062564772,791.4519135230056,88.39745906920119,-7.000679506753801e-08,-1.2117219003092104e-07,-55.83240059397448
I1,19,N8,135.86324197732102,122.07516390049395,7.980142513173786e-08,12.905641149823856,12.90564107002243,67.15000080711671,866.6138082683648,96.79230922218962,-7.000679506753708e-08,-1.202515718967489e-07,-55.83240076683673
I1,20,N8,122.07516390049395,103.14623645468738,7.980142488287998e-08,17.717476159188656,17.717476079387232,67.15000097541235,1189.7285360126978,132.88107179242562,-7.00067950675324e-08,-1.5553124041420776e-07,-55.832400842150115
I1,21,N8,103.14623645468738,90.9802439054557,7.980142534225345e-08,11.387369095994574,11.387369016193148,67.1500008789906,764.6618394467602,85.40526881846999,-7.000679506753785e-08,-1.097940685109185e-07,-55.83240087524059
I1,22,N8,90.9802439054557,83.69189705577774,7.980142591011802e-08,6.821892721212274,6.821892641410848,67.15000073739346,458.09009590115744,51.16419600760275,-7.000679506754483e-08,-9.111764117739103e-08,-55.832400893408085
I1,23,N8,83.69189705577774,77.44047962230592,7.98014261339884e-08,5.851326787643341,5.851326707841915,67.15000069125819,392.9165924763621,43.88495150583575,-7.00067950675471e-08,-8.79154952219627e-08,-55.83240090396858
I1,24,N8,77.44047962230592,71.5781075536849,7.980142623977229e-08,5.48718032614298,5.487180246341554,67.15000066987795,368.4641572175764,41.153853044583045,-7.000679506754806e-08,-8.674690943128717e-08,-55.83240090840482
I1,1,N9,0.005209430836523053,0.004794702639328968,7.981644013856403e-08,0.00038825551943760426,0.0003881757029974657,67.15000064165349,0.026065998705354115,0.002912515019083071,-0.0005414434380686681,-0.0005890556391565105,-55.838224013094916
I1,2,N9,0.004794702639328968,0.004379687208798372,7.981642721242918e-08,0.00038852436982925246,0.00038844455340204,67.15000062246537,0.02608405200274027,0.002914531396923487,-0.0005414429318695156,-0.000589093603517638,-55.838219299024644
I1,3,N9,0.004379687208798372,0.003958141053427187,7.981614005709196e-08,0.00039463712802846845,0.00039455731188841133,67.15000059390972,0.026494523727638244,0.002960377081263942,-0.0005414490340652138,-0.0005898922720410779,-55.83811946059288
I1,4,N9,0.003958141053427187,0.003522775970111256,7.981556083333647e-08,0.0004075716440772948,0.0004074918285164615,67.15000056254522,0.027363076514112968,0.003057385947285961,-0.0005414619978751439,-0.0005915876597196064,-55.837918249134056
I1,5,N9,0.003522775970111256,0.0030637328002298785,7.981464909907705e-08,0.00042973433230378684,0.00042965451765468774,67.15000060248148,0.028851301119371172,0.0032236061021466444,-0.0005414825372657916,-0.0005945171646851629,-55.83760160958766
I1,6,N9,0.0030637328002298785,0.0025654600869164305,7.981332830830111e-08,0.0004664531837990647,0.0004663733704707564,67.15000064521307,0.03131697212802149,0.0034989974784552973,-0.0005415121241617158,-0.000599442410300446,-55.837142640180694
I1,7,N9,0.0025654600869164305,0.001998241475216728,7.981144649702308e-08,0.0005309865430399519,0.0005309067315934548,67.15000067218443,0.03565038738336773,0.003982997658648367,-0.0005415538276111736,-0.000608317810461687,-55.836488146671805
I1,8,N9,0.001998241475216728,0.0012850387414284903,7.980864890423704e-08,0.0006676276788638609,0.0006675478702149566,67.15000067710719,0.0448258399369358,0.005007806156345739,-0.0005416151283205098,-0.0006280603130276933,-55.83551408556397
I1,9,N9,0.0012850387414284903,5.89222026574733e-07,7.980366984111917e-08,0.001202314665836126,0.001202234862166285,67.15000062430836,0.08073007174503131,0.009017958521294752,-0.0005417228922009198,-0.0007198880729253383,-55.83377800599023
I1,10,N9,5.89222026574733e-07,9.064546300721733e-08,9.939227608467335e-08,5.537448390078727e-07,4.5435256292319933e-07,60.00000073972275,2.7261154111486886e-05,4.8985283631940945e-06,-0.0005417725500529527,-0.0005418592631073864,-52.41314691338367
I1,11,N9,9.064546300721733e-08,0.00146162926022868,0.0015615803700441547,9.417245353418462e-08,-0.0015614861975906205,16.67034928107311,-0.026030520311410385,0.011712559068732668,-0.0010306064669566794,-0.0005417752216078046,-25.8229029254456
I1,12,N9,0.00146162926022868,0.0023185972531663966,0.0009156715932173632,9.417874165591825e-08,-0.0009155774144757073,16.67034260115142,-0.015262989177186456,0.006868243289692643,-0.0007922844274864266,-0.00054167122630151,-25.82202977282595
I1,13,N9,0.0023185972531663966,0.003009374579441935,0.0007381174660793949,9.418216838959151e-08,-0.0007380232839110053,16.670342041251487,-0.012303100577204113,0.0055365873618583835,-0.0007498147698484165,-0.0005416344291637876,-25.821727459534625
I1,14,N9,0.003009374579441935,0.007514441822254056,0.004813196588365481,7.933900849974145e-08,-0.004813117249356981,16.670341995208023,-0.0802363106098158,0.03609956945530486,-0.0007498121882763407,-0.0005416344039641979,-25.8217273850998
I1,15,N9,0.007514441822254056,0.008286279083707007,0.0008247199588209453,9.41803232321054e-08,-0.0008246257784977132,16.670342319005478,-0.013746794012633266,0.006186106043581331,-0.0007922911611631071,-0.0005416711991242896,-25.822029512326313
I1,16,N9,0.008286279083707007,0.009628996437866107,0.0014346345797706253,9.41733058098611e-08,-0.0014345404064648156,16.67034803540498,-0.0239142878466198,0.010760465648073264,-0.0010308879331175414,-0.0005417751952264896,-25.82290226515015
I1,17,N9,0.009628996437866107,0.00962849785981762,9.93922316177231e-08,5.537461899342191e-07,4.5435395831649603e-07,60.00000060663131,2.72612377746151e-05,4.898538161639566e-06,-0.0005417726597153172,-0.0005418591382188924,-52.41313784115375
I1,18,N9,0.00962849785981762,0.00833478547823475,7.980362298805996e-08,0.0012109847047964532,0.0012109049011734651,67.15000061717099,0.08131226486113356,0.00908298381314581,-0.0005417234177483297,-0.0007216149581199475,-55.833761548058796
I1,19,N9,0.00833478547823475,0.007615632534899825,7.980855874331765e-08,0.0006731970749205698,0.0006731172663618265,67.15000072600805,0.045199824924885196,0.005049576626094849,-0.0005416161211817795,-0.0006288983337679913,-55.83548251123606
I1,20,N9,0.007615632534899825,0.007043308179006165,7.981132532830305e-08,0.0005357655194993404,0.0005356857081740121,67.15000084674607,0.03597129575747468,0.004018839981185015,-0.0005415554380933548,-0.0006089893933594582,-55.836445929164235
I1,21,N9,0.007043308179006165,0.006540226425503406,7.981318093711279e-08,0.0004709544452871489,0.00047087463210621175,67.15000078114416,0.031619231913753085,0.0035327569385106452,-0.0005415144977914815,-0.0006000539922530481,-55.83709134450963
I1,22,N9,0.006540226425503406,0.006076416372513235,7.981447726803025e-08,0.00043419613474307583,0.0004341163202658078,67.15000069310514,0.029150911206737247,0.0032570696191525786,-0.0005414858430908539,-0.0005951108561034852,-55.837541894640985
I1,23,N9,0.006076416372513235,0.005636153037392682,7.9815364684103e-08,0.00041215640759457534,0.00041207659222989126,67.15000066756494,0.02767094344332508,0.0030917716721944456,-0.0005414664484180031,-0.0005921890084135589,-55.83785028675492
I1,24,N9,0.005636153037392682,0.005209430836523053,7.98159191154466e-08,0.00039948190642144586,0.0003994020905023304,67.15000065350829,0.02681985063824406,0.00299671291755421,-0.0005414549191796361,-0.0005905213221506958,-55.838043054263565
I2,1,N2,6.69001541799879e-05,6.749362998409347e-05,7.57805070064781e-07,1.0841663802065794e-07,-6.493884320441231e-07,67.1500006629255,-4.360643364225902e-05,6.496662810640793e-06,-0.03931341692157493,-0.0388995965193286,-76.4099589281564
I2,2,N2,6.749362998409347e-05,6.808710562666666e-05,7.578049026952235e-07,1.0841664258316471e-07,-6.493882601120588e-07,67.15000063941925,-4.3606422081756105e-05,6.496661589587912e-06,-0.03931348836933415,-0.038899515176898616,-76.40995983638942
I2,3,N2,6.808710562666666e-05,6.868071982445915e-05,7.579484826607254e-07,1.0841274473135341e-07,-6.49535737929372e-07,67.15000060806088,-4.36163251969146e-05,6.497709205440591e-06,-0.039313606126041116,-0.038899497986144255,-76.41069423365474
I2,4,N2,6.868071982445915e-05,6.927461153937379e-05,7.58236069701125e-07,1.084049425607872e-07,-6.498311271403378e-07,67.15000057527395,-4.363616056130461e-05,6.499807591964342e-06,-0.03931381820041207,-0.038899490470854545,-76.412162819776
I2,5,N2,6.927461153937379e-05,6.986892020965999e-05,7.586681688127398e-07,1.0839323263627484e-07,-6.50274936176465e-07,67.15000061760519,-4.36659623658628e-05,6.50296051086761e-06,-0.03931413406302853,-0.03889948236557475,-76.41436679938518
I2,6,N2,6.986892020965999e-05,7.046378603547363e-05,7.592455868532466e-07,1.0837760869822065e-07,-6.50867978155026e-07,67.15000066867793,-4.370578516833105e-05,6.507173966636005e-06,-0.03931455652968235,-0.0388994711969199,-76.41730796022058
I2,7,N2,7.046378603547363e-05,7.105935021978502e-05,7.599693861835529e-07,1.083580628424023e-07,-6.516113233411506e-07,67.15000071735389,-4.375570082979418e-05,6.5124558676946644e-06,-0.039315090834647765,-0.03889945201440269,-76.4209886985665
I2,8,N2,7.105935021978502e-05,7.16557552274193e-05,7.608409036441276e-07,1.0833458517331747e-07,-6.525063184708101e-07,67.15000074368619,-4.381579977057483e-05,6.518816166130838e-06,-0.03931576050667281,-0.038899399264878703,-76.42541206444545
I2,9,N2,7.16557552274193e-05,7.225314505550033e-05,7.618617625646066e-07,1.083071636519576e-07,-6.53554598912649e-07,67.15000069665092,-4.3886191772283796e-05,6.526266946624231e-06,-0.03931669079007174,-0.038899171697559375,-76.4305819602961
I2,10,N2,7.225314505550033e-05,0.00013436111850073667,6.644495138712757e-05,7.909298571570314e-08,-6.636585840141186e-05,60.000000800113966,-0.003981951557184961,0.0004989303327963246,-4.083769477671529,-0.03888117017444086,-76.4365041892636
I2,11,N2,0.00013436111850073667,0.00011595337777187343,9.098636911226362e-08,1.7309358116249776e-05,1.7218371747137512e-05,100.68356632500829,0.0017336070738115685,0.0001305025836402153,-0.03888927753616923,-0.06766532374219318,-87.24186013100118
I2,12,N2,0.00011595337777187343,0.00010557219409364164,9.140678543449207e-08,9.796869041916956e-06,9.705462256482464e-06,100.68357257209982,0.0009771806134463278,7.416206870513586e-05,-0.03888921801414549,-0.0535830564778245,-87.30185183378936
I2,13,N2,0.00010557219409364164,9.729431097818124e-05,9.16432609197595e-08,7.828386890389682e-06,7.736743629469922e-06,100.68357308011193,0.0007789629926198252,5.940022613482081e-05,-0.038889259112101046,-0.051166990566734225,-87.32288387813045
I2,14,N2,9.729431097818124e-05,2.644163997339984e-05,7.833405201178249e-08,6.638672821010671e-05,6.630839415809493e-05,100.68357310075666,0.006676166050410337,0.0004984879669658887,-0.03888925880723612,-0.051166986258051966,-87.32288394421501
I2,15,N2,2.644163997339984e-05,1.72186456553703e-05,9.152399663660566e-08,8.712906489032989e-06,8.621382492396382e-06,100.68357280095844,0.0008680315918180997,6.603322864252196e-05,-0.03888921811848367,-0.053583054006781004,-87.30185206632868
I2,16,N2,1.72186456553703e-05,6.250467371459433e-07,9.104839611523144e-08,1.5611375723100967e-05,1.5520327326985738e-05,100.68356744880641,0.0015626419232541218,0.00011776818089412147,-0.03888928204399106,-0.0676654944432825,-87.24186072951369
I2,17,N2,6.250467371459433e-07,6.273312609686184e-05,6.644506195004166e-05,7.909071348962059e-08,-6.636597123655205e-05,60.000000675818335,-0.003981958319044463,0.0004989311449764846,-4.08444870328713,-0.03888116842445356,-76.43722979201424
I2,18,N2,6.273312609686184e-05,6.33306594699168e-05,7.620105683269921e-07,1.0830317368955919e-07,-6.537073946374329e-07,67.1500006857492,-4.389645199818294e-05,6.527353065124134e-06,-0.03931679542157539,-0.03889916955479451,-76.43130770179066
I2,19,N2,6.33306594699168e-05,6.39272070789824e-05,7.609887174668185e-07,1.0833060933240985e-07,-6.526581081344087e-07,67.15000090892917,-4.3825992554445536e-05,6.519894950994213e-06,-0.03931586551500793,-0.03889939647535844,-76.42613813884584
I2,20,N2,6.39272070789824e-05,6.452291301827178e-05,7.601163108367153e-07,1.0835410028395862e-07,-6.517622105527566e-07,67.15000105838286,-4.376583312843156e-05,6.5135280834050544e-06,-0.03931519614706834,-0.03889944874603134,-76.42171529995325
I2,21,N2,6.452291301827178e-05,6.51179198870343e-05,7.593917638963099e-07,1.0837365762078983e-07,-6.5101810627552e-07,67.15000092199845,-4.371586643663886e-05,6.508240661378248e-06,-0.03931466095538431,-0.03889946873841747,-76.41803528187707
I2,22,N2,6.51179198870343e-05,6.571236897962323e-05,7.588136949849987e-07,1.08389292258329e-07,-6.504244027266697e-07,67.1500007610178,-4.3675999138080415e-05,6.504022404324958e-06,-0.039314235739488834,-0.03889948290330806,-76.41509502950285
I2,23,N2,6.571236897962323e-05,6.630640056561343e-05,7.583810188616059e-07,1.084010126137533e-07,-6.499800062478527e-07,67.15000070597684,-4.3646157878414134e-05,6.500865236065194e-06,-0.03931390733314203,-0.03889950532050972,-76.41289212650095
I2,24,N2,6.630640056561343e-05,6.69001541799879e-05,7.580929570538248e-07,1.0840882424853056e-07,-6.496841328052943e-07,67.15000068048666,-4.362628995997689e-05,6.498763359767664e-06,-0.03931362620578851,-0.03889959164096896,-76.41142468096587
I2,1,N3,0.009860612424160167,0.009076506586796387,1.053175551064695e-07,0.0007340153320612554,0.0007339100145061489,67.1500006391374,0.049282057943157244,0.005505904872122714,-0.000283286087019675,-0.00030810367903383795,-55.835403538120346
I2,2,N3,0.009076506586796387,0.008291852945348982,1.0531754395394202e-07,0.0007345280766737607,0.0007344227591298067,67.15000062077178,0.04931648873147544,0.00550975045663286,-0.00028328608885452774,-0.0003081225328136077,-55.835401206141675
I2,3,N3,0.008291852945348982,0.007494812280315164,1.0531729557495857e-07,0.0007461223305330374,0.0007460170132374624,67.15000059277911,0.0500950428811189,0.005596707358714592,-0.0002832860793631025,-0.00030854962095339247,-55.835349670303536
I2,4,N3,0.007494812280315164,0.006671561293961463,1.0531679443004379e-07,0.0007706551908493968,0.0007705498740549668,67.15000056171093,0.051742424475617305,0.005780703807328701,-0.0002832860581884631,-0.0003094572185153127,-55.83524571711131
I2,5,N3,0.006671561293961463,0.005803387199884046,1.0531600517238569e-07,0.0008127032189873301,0.0008125979029821578,67.15000060121878,0.05456594967380101,0.006096064012443768,-0.00028328602433833175,-0.0003110251418142029,-55.83508210751963
I2,6,N3,0.005803387199884046,0.004860771768755524,1.0531486128085777e-07,0.000882380309465005,0.0008822749946037242,67.15000064244528,0.059244766454453486,0.006618642182447144,-0.00028328597582136375,-0.00031365842924190317,-55.83484497442593
I2,7,N3,0.004860771768755524,0.0037872877327588305,1.0531323043475505e-07,0.001004873322192836,0.0010047680089624014,67.15000066629277,0.06747017247129491,0.00753733976567453,-0.0002832859083068225,-0.0003183968775426707,-55.83450687879899
I2,8,N3,0.0037872877327588305,0.0024365762127347363,1.0531080362160403e-07,0.001264358245116362,0.0012642529343127405,67.15000067044365,0.08489458538671087,0.009483476669399877,-0.00028328581083780226,-0.0003289200102215589,-55.83400379192103
I2,9,N3,0.0024365762127347363,7.662357454210283e-07,1.0530647914107443e-07,0.0022800103970471485,0.0022799050905680076,67.15000062239376,0.1530956282506404,0.01710086777644717,-0.0002832856426169016,-0.0003777523223686206,-55.83310724545026
I2,10,N3,7.662357454210283e-07,1.3255380687941657e-07,1.306689693624365e-07,7.076048558575018e-07,5.769358864950653e-07,60.00000073972275,3.461615361647652e-05,6.287053689149537e-06,-0.00028328638964493605,-0.000283304996534231,-52.41289213381093
I2,11,N3,1.3255380687941657e-07,0.002751576272739842,0.002939715921290897,1.2203885801687301e-07,-0.00293959388243288,16.6703492810968,-0.04900405676473152,0.022048784701116857,-0.0005384604666082021,-0.00028328641861410334,-25.822959426004427
I2,12,N3,0.002751576272739842,0.004386549248510331,0.0017469053041832803,1.2204405257777362e-07,-0.0017467832601307026,16.6703426014053,-0.029119475396778484,0.013102705111768935,-0.0004145521913936351,-0.0002832866460602246,-25.822502747803355
I2,13,N3,0.004386549248510331,0.005700159831888814,0.001403569418192335,1.2204695837223155e-07,-0.0014034473712339628,16.67034204194208,-0.023395947716334627,0.010527685988630305,-0.0003922547566365933,-0.00028328672548477745,-25.822344681314135
I2,14,N3,0.005700159831888814,0.014229661513427257,0.009112828559988358,9.907617157823717e-08,-0.00911272948381678,16.67034199585878,-0.15191231701097138,0.06834695727119952,-0.00039225173310748805,-0.00028328672554425954,-25.82234460701884
I2,15,N3,0.014229661513427257,0.01570019164880302,0.0015712185104145764,1.220453884518809e-07,-0.0015710964650261245,16.670342319469885,-0.02619071588889454,0.011785054168522711,-0.00041455894610699064,-0.0002832866461420273,-25.822502487415264
I2,16,N3,0.01570019164880302,0.018227896253754584,0.002700678407173565,1.2203957646858934e-07,-0.0027005563675970966,16.67034803543321,-0.04501921453714891,0.02025600335062525,-0.000538741728124192,-0.00028328641826288364,-25.82295876560345
I2,17,N3,0.018227896253754584,0.018227262570477614,1.3066892851910432e-07,7.076060728457334e-07,5.76937144326629e-07,60.00000060663131,3.461622900958588e-05,6.287062510236283e-06,-0.000283286389780478,-0.0002833049964236746,-52.41288683705657
I2,18,N3,0.018227262570477614,0.015773956297729867,1.053064386207557e-07,0.0022963869298415376,0.002296281623402917,67.15000061547154,0.15419531242480186,0.017223691772101188,-0.00028328564349490085,-0.00037865882985473287,-55.8330988329899
I2,19,N3,0.015773956297729867,0.01441200604317476,1.0531072558213642e-07,0.0012748777005690201,0.0012747723898434379,67.15000071449177,0.08560096688880123,0.009562372584709518,-0.0002832858117464529,-0.00032936164298081304,-55.83398764488056
I2,20,N3,0.01441200604317476,0.013328870379672503,1.0531312545481907e-07,0.0010139072454460713,0.0010138019323206165,67.15000083218774,0.06807680059900294,0.0076050941892864465,-0.00028328590800717903,-0.0003187527043602493,-55.83448524184526
I2,21,N3,0.013328870379672503,0.012377165244130788,1.0531473366137574e-07,0.0008908882726839481,0.0008907829579502867,67.15000076775007,0.05981607631026043,0.006682451905632071,-0.0002832859737255694,-0.00031398334526113825,-55.83481861747809
I2,22,N3,0.012377165244130788,0.011499977267080982,1.053158564010586e-07,0.0008211402133191473,0.0008210348974627463,67.15000068443045,0.0551324939265647,0.006159341468816613,-0.0002832860198859121,-0.0003113417306435763,-55.8350513414288
I2,23,N3,0.011499977267080982,0.01066745479020043,1.053166245705485e-07,0.0007793333058337172,0.0007792279892091466,67.15000066238396,0.05232515999154232,0.005845789668437158,-0.00028328605079486603,-0.00030977954484825927,-55.83521060252495
I2,24,N3,0.01066745479020043,0.009860612424160167,1.0531710434170618e-07,0.0007552967225075321,0.0007551914054031904,67.1500006500594,0.05071110336374351,0.005665515297089054,-0.00028328606846170175,-0.00030888842659255664,-55.83531007490445
I2,1,N7,0.0009753225925437013,0.0009828471798594442,8.144606804455945e-06,9.244371542139651e-08,-8.052163089034548e-06,67.15000066292549,-0.0005407027567666541,6.177787889908006e-05,-0.0026507560589664764,-0.0026278767168881265,-79.43201342479675
I2,2,N7,0.0009828471798594442,0.0009903717678098833,8.14460748242621e-06,9.244371531262425e-08,-8.052163767113586e-06,67.15000063941923,-0.0005407028021103856,6.177788398304125e-05,-0.0026507558693144922,-0.002627876946932003,-79.43201354213264
I2,3,N7,0.0009903717678098833,0.0009978972641365937,8.14557777040821e-06,9.244354054274544e-08,-8.053134229865464e-06,67.15000060806086,-0.0005407679684322616,6.178515983213217e-05,-0.0026507576039268214,-0.0026278784195388726,-79.43205631229787
I2,4,N7,0.0009978972641365937,0.0010054245774609209,8.147518608274208e-06,9.244319106430504e-08,-8.055075417209902e-06,67.15000057527394,-0.0005408983188995198,6.179971349503884e-05,-0.0026507600908275177,-0.0026278824544921317,-79.43214174907943
I2,5,N7,0.0010054245774609209,0.0010129546164654546,8.150430061673797e-06,9.244266706854543e-08,-8.057987394605251e-06,67.15000061760517,-0.0005410938585243973,6.182154546556756e-05,-0.0026507616172015414,-0.0026278909772197655,-79.43226987407063
I2,6,N7,0.0010129546164654546,0.0010204882947745695,8.15431740968759e-06,9.244196802616999e-08,-8.06187544166142e-06,67.15000066867792,-0.0005413549412983625,6.185069533285321e-05,-0.0026507594554689134,-0.002627907067687719,-79.4324407056201
I2,7,N7,0.0010204882947745695,0.0010280265305214694,8.159185469038434e-06,9.24410935842619e-08,-8.066744375454171e-06,67.15000071735388,-0.000541681890598458,6.188719921967022e-05,-0.0026507492065204687,-0.0026279356772483478,-79.43265424111614
I2,8,N7,0.0010280265305214694,0.001035570247353951,8.165040130908291e-06,9.244004332552777e-08,-8.072600087582764e-06,67.15000074368616,-0.0005420751018846636,6.193110130675364e-05,-0.002650724252923176,-0.0026279842409435536,-79.43291042846953
I2,9,N7,0.001035570247353951,0.001043120375969841,8.171888926731349e-06,9.243881668077207e-08,-8.079450110050577e-06,67.15000069665089,-0.0005425350805184524,6.19824580755909e-05,-0.002650676136994348,-0.002628062238613459,-79.43320912336235
I2,10,N7,0.001043120375969841,0.001962280375270867,0.0009820882168157725,6.979905367043713e-08,-0.0009820184177621021,60.00000080011389,-0.0589211058514527,0.007366185119020821,-6.852430859037276,-0.0026281163922101843,-79.43355003519659
I2,11,N7,0.001962280375270867,0.0016953144661327527,9.081553055463009e-08,0.00024995965407633217,0.00024986883854577756,100.68356632500836,0.0251576857782766,0.0018753785220516509,-0.0026278124184674584,-0.004558000552140003,-87.22136075027959
I2,12,N7,0.0016953144661327527,0.00154542145362844,9.084489929957284e-08,0.00014037944855693326,0.0001402886036576337,100.68357257209989,0.01412475780740192,0.001053527200921746,-0.002627335621743161,-0.0036133311333718687,-87.2254674199573
I2,13,N7,0.00154542145362844,0.0014259393216309077,9.086138743191712e-08,0.00011191487884777395,0.00011182401746034203,100.683573080112,0.011258841634080067,0.000840043051764044,-0.0026271915274735454,-0.0034523626547921325,-87.22690416505915
I2,14,N7,0.0014259393216309077,0.000377086431373775,7.763428041769265e-08,0.000981794320363213,0.0009817166860827953,100.68357310075673,0.09884274372744976,0.00736403965982723,-0.0026271915244440334,-0.0034523585969795023,-87.22690422695061
I2,15,N7,0.000377086431373775,0.0002439899140896875,9.085309688700686e-08,0.00012465793621267623,0.00012456708311578922,100.68357280095852,0.012541858981491615,0.0009356159198217242,-0.002627335607872294,-0.0036133305305242306,-87.22546763892456
I2,16,N7,0.0002439899140896875,3.40763393674243e-06,9.081983198414699e-08,0.00022526458111467857,0.00022517376128269442,100.68356744880649,0.022671297581807612,0.0016901655070999705,-0.00262781233749525,-0.004558183903290643,-87.22136131245435
I2,17,N7,3.40763393674243e-06,0.0009225676353062393,0.0009820882189041141,6.979894716978616e-08,-0.0009820184199569443,60.00000067581826,-0.05892110586108264,0.00736618513388463,-6.852470762661043,-0.002628116947635224,-79.43359253396527
I2,18,N7,0.0009225676353062393,0.0009301186792675531,8.172866660211672e-06,9.24386417551142e-08,-8.080428018456558e-06,67.15000068574918,-0.0005426007469805048,6.198978976475089e-05,-0.002650678554551804,-0.0026280629391341585,-79.43325161795086
I2,19,N7,0.0009301186792675531,0.0009376633054398183,8.16601144897186e-06,9.243986915819309e-08,-8.073571579813667e-06,67.15000090892914,-0.0005421403389227923,6.193838488597539e-05,-0.0026507264365089743,-0.002627985181910619,-79.43295292051468
I2,20,N7,0.0009376633054398183,0.0009452024454354075,8.160151348631542e-06,9.244092005928208e-08,-8.06771042857226e-06,67.15000105838284,-0.0005417467638173536,6.189444201518118e-05,-0.002650751067737251,-0.002627936958639674,-79.43269673085145
I2,21,N7,0.0009452024454354075,0.0009527370281513329,8.155283457981187e-06,9.244179429741617e-08,-8.062841663683771e-06,67.15000092199844,-0.0005414198251502926,6.185793939208952e-05,-0.0026507609535466777,-0.002627908758939795,-79.43248319133106
I2,22,N7,0.0009527370281513329,0.0009602679724588613,8.151397067093712e-06,9.244249304596897e-08,-8.058954574047743e-06,67.15000076101778,-0.0005411588057803137,6.18287967010476e-05,-0.002650762786299391,-0.0026278930417698264,-79.43231235176219
I2,23,N7,0.0009602679724588613,0.0009677961904818787,8.148484968061727e-06,9.244301703463457e-08,-8.056041951027093e-06,67.15000070597682,-0.0005409632226988482,6.180695988822271e-05,-0.0026507611679588076,-0.0026278846171563747,-79.43218421273254
I2,24,N7,0.0009677961904818787,0.0009753225925437013,8.146545237199775e-06,9.244336626378233e-08,-8.054101870935992e-06,67.15000068048664,-0.0005408329461140607,6.179241452597668e-05,-0.002650759201969302,-0.0026278799963270773,-79.43209875546468
I2,1,N8,61.315864337300994,56.41802276175049,1.0530453621913575e-07,4.5843798069721515,4.584379701667615,67.15000065451146,307.84109996750936,34.38284934207516,-7.000855559480147e-08,-8.293493917473364e-08,-55.83240100320702
I2,2,N8,56.41802276175049,51.656749152766665,1.0530453630753264e-07,4.456552190265744,4.456552084961207,67.15000063276527,299.25747532509644,33.424142216777106,-7.0008555594802e-08,-8.257755396502286e-08,-55.832400996366864
I2,3,N8,51.656749152766665,47.043365636928,1.053045364043547e-07,4.318127063081877,4.3181269577773405,67.15000060259618,289.9622278168352,32.385953762898104,-7.000855559480254e-08,-8.221396235083318e-08,-55.83240098266962
I2,4,N8,47.043365636928,42.53354590460008,1.053045364701942e-07,4.221191361715816,4.221191256411279,67.15000057042542,283.4529952758922,31.65893600265264,-7.000855559480286e-08,-8.199370206875027e-08,-55.83240096178566
I2,5,N8,42.53354590460008,37.41234877041563,1.0530453606970562e-07,4.793440609853523,4.793440504548987,67.15000061160994,321.87953281218034,35.95080536368544,-7.000855559480035e-08,-8.380411683256274e-08,-55.83240093303375
I2,6,N8,37.41234877041563,31.28883583018757,1.0530453557183062e-07,5.731608204310352,5.7316080990058165,67.15000065902169,384.8774876254946,42.98706232211166,-7.000855559479718e-08,-8.69449396263203e-08,-55.83240089392754
I2,7,N8,31.28883583018757,23.638625862677927,1.0530453503336617e-07,7.160596621845907,7.160596516541372,67.15000069730687,480.83406107888624,53.70447545362831,-7.000855559479367e-08,-9.234037853882982e-08,-55.832400839239014
I2,8,N8,23.638625862677927,13.712917532030188,1.0530453447492063e-07,9.290463089743163,9.290462984438628,67.15000070203816,623.8545959273134,69.67847396285774,-7.000855559479035e-08,-1.0169759185441238e-07,-55.8324007556842
I2,9,N8,13.712917532030188,7.361387720997901e-07,1.0530453382635142e-07,12.835290213211247,12.835290107906713,67.15000062823715,861.8897388095419,96.26467738886835,-7.000855559478707e-08,-1.2279906765604885e-07,-55.83240059127727
I2,10,N8,7.361387720997901e-07,6.947160390557588e-08,1.2970918220838828e-07,7.376381651258246e-07,6.079289829174363e-07,60.0000007345827,3.647573942162029e-05,6.505105105006597e-06,-7.000855565456095e-08,-7.000855718721369e-08,-52.32989673023865
I2,11,N8,6.947160390557588e-08,0.32499743022720634,0.3472195582327039,1.3642219514240617e-07,-0.34721942181050874,1.0154112757421187e-05,-3.5257051606304954e-06,2.604147709911743,-7.270328232351962e-08,-7.000855570750408e-08,-8.0128288956103
I2,12,N8,0.32499743022720634,30.491047712462603,32.228686354684804,1.3642160812221485e-07,-32.2286862182632,9.047021152890082e-07,-2.9157360594648422e-05,241.71514868329805,-4.512587299450375e-06,-7.000855570746591e-08,-8.012826293632422
I2,13,N8,30.491047712462603,60.65781246239712,32.22944967487616,1.3642159854735325e-07,-32.22944953845456,1.2484713964707373e-07,-4.0237545872757525e-06,241.72087358473317,-5.240044198052399e-06,-7.000855570746013e-08,-8.012826237868179
I2,14,N8,60.65781246239712,90.86128241067289,32.2686645895291,1.0064196302004519e-07,-32.26866448888714,6.664965822671444e-08,-2.1506954596168447e-06,242.01498517628298,-5.297851377187249e-06,-7.00085557074622e-08,-8.012826237465816
I2,15,N8,90.86128241067289,121.02768140520145,32.229058910553555,1.36421603512128e-07,-32.22905877413195,5.155680123230933e-07,-1.661627177122336e-05,241.71794285231368,-4.899624812935441e-06,-7.000855570745729e-08,-8.012826291515845
I2,16,N8,121.02768140520145,121.36678779214441,0.36229330415936967,1.3642219318735423e-07,-0.36229316773717646,8.438323382485113e-06,-3.0571469086312172e-06,2.7172008043617217,-7.422159973122408e-08,-7.000855570746618e-08,-8.01282797876171
I2,17,N8,121.36678779214441,121.36678712547726,1.2970918280110477e-07,7.376381499295852e-07,6.079289671284805e-07,60.00000059812927,3.6475738391328935e-05,6.505104995480175e-06,-7.000855565455578e-08,-7.000855718722155e-08,-52.32989443509454
I2,18,N8,121.36678712547726,109.36208568950404,1.0530453400342624e-07,11.23640063632781,11.236400531023275,67.15000062564772,754.5243026882413,84.27300556224259,-7.000855559478879e-08,-1.1128965437186539e-07,-55.83240063127061
I2,19,N8,109.36208568950404,98.54192328866579,1.0530453429397626e-07,10.127672099441497,10.127671994136962,67.15000080711671,680.0731825805103,75.95754153559524,-7.000855559478873e-08,-1.0593814691601169e-07,-55.83240082775289
I2,20,N8,98.54192328866579,86.21128040429525,1.053045341725888e-07,11.541481832027708,11.541481726723173,67.15000097541235,775.010509207165,86.56111452999183,-7.000855559478457e-08,-1.226067480147585e-07,-55.83240091682826
I2,21,N8,86.21128040429525,77.71608938270076,1.0530453484121729e-07,7.951498888469318,7.951498783164783,67.1500008789906,533.9431502788078,59.63624245330389,-7.000855559479032e-08,-9.705800923339053e-08,-55.83240095808531
I2,22,N8,77.71608938270076,71.70204236319887,1.0530453561329646e-07,5.62914810251066,5.6291479972061245,67.15000073739346,377.99729216328814,42.21861155861397,-7.00085555947975e-08,-8.629582619028889e-08,-55.83240098199049
I2,23,N8,71.70204236319887,66.36761033585044,1.0530453594732082e-07,4.993028469855007,4.993028364550471,67.15000069125819,335.2818581310359,37.44771431369657,-7.000855559479989e-08,-8.415512199979117e-08,-55.83240099647962
I2,24,N8,66.36761033585044,61.315864337300994,1.053045361141272e-07,4.728434346899172,4.728434241594636,67.15000066987795,317.51436249055365,35.4632583915278,-7.000855559480094e-08,-8.333350143725499e-08,-55.832401003352565
I2,1,N9,17.059171518323883,15.698951136807453,1.053045422105765e-07,1.2731663693562643,1.273166264051722,67.15000064165349,85.49311544800472,9.54874855995605,-1.521239002131555e-07,-1.661652131054216e-07,-55.832402278718256
I2,2,N9,15.698951136807453,14.349037346522676,1.0530454229314797e-07,1.2635193999634395,1.2635192946588973,67.15000062246537,84.84532142284196,9.476396289509863,-1.521239002131576e-07,-1.6606224297786325e-07,-55.83240227379836
I2,3,N9,14.349037346522676,12.996944087866053,1.0530454229231543e-07,1.2655593823594897,1.2655592770549475,67.15000059390972,84.98230620586769,9.49169615748024,-1.5212390021315674e-07,-1.6610896648388293e-07,-55.83240224112957
I2,4,N9,12.996944087866053,11.624068729714583,1.0530454216175293e-07,1.285011427486664,1.2850113221821218,67.15000056254522,86.28851100740646,9.637586495934046,-1.5212390021315177e-07,-1.663710629186658e-07,-55.832402179164866
I2,5,N9,11.624068729714583,10.145513783076689,1.0530454145684835e-07,1.3839275223099576,1.383927417005416,67.15000060248148,92.93072688570433,10.379457207108743,-1.5212390021313186e-07,-1.6754137500699367e-07,-55.832402084371765
I2,6,N9,10.145513783076689,8.500300823518531,1.0530454051962435e-07,1.5399194224033228,1.5399193170987824,67.15000064521307,103.4055831367593,11.549396457808975,-1.521239002131052e-07,-1.694297488898543e-07,-55.83240194847979
I2,7,N9,8.500300823518531,6.592881346461073,1.0530453934772722e-07,1.7853447227826655,1.7853446174781262,67.15000067218443,119.88589226373703,13.390086210654037,-1.5212390021307188e-07,-1.7252729179251668e-07,-55.83240175500557
I2,8,N9,6.592881346461073,4.171380821492032,1.053045376865302e-07,2.266524583627908,2.2665244783233707,67.15000067710719,152.19712025409436,16.99893516699334,-1.5212390021302754e-07,-1.7893384297808786e-07,-55.83240146548178
I2,9,N9,4.171380821492032,7.663676261832319e-07,1.0530453479671726e-07,3.904411823853325,3.9044117185487903,67.15000062430836,262.18124933810816,29.28308946868395,-1.5212390021295663e-07,-2.0486774124366352e-07,-55.83240094058694
I2,10,N9,7.663676261832319e-07,1.3256081045543873e-07,1.3066910250382898e-07,7.07721857548409e-07,5.770527550445801e-07,60.00000073972275,3.462316572953385e-05,6.287932200391785e-06,-1.52123900464294e-07,-1.521239065564773e-07,-52.41262684540706
I2,11,N9,1.3256081045543873e-07,0.08348712720790952,0.0891956463984823,1.2203744003340955e-07,-0.08919552436104228,16.67034928107311,-1.4869205454070402,0.6689682632694175,-1.5988349713238496e-07,-1.521239004661883e-07,-25.823019195005063
I2,12,N9,0.08348712720790952,3.953232534148512,4.134343522780244,1.2203727684889638e-07,-4.134343400742967,16.67034260115142,-68.92092092119474,31.007577336131412,-2.4977109831351464e-07,-1.521239004660811e-07,-25.823015485709313
I2,13,N9,3.953232534148512,11.614008975189678,8.184590354084264,1.220372754829448e-07,-8.184590232046988,16.670342041251487,-136.43991863570918,61.38442857091155,-3.7070141214990264e-07,-1.521239004660871e-07,-25.82301517583124
I2,14,N9,11.614008975189678,26.51949755760212,15.924667401981543,9.906837800535775e-08,-15.924667302913164,16.670341995208023,-265.4696500994694,119.4350062578744,-3.8745008744798396e-07,-1.5212390046609444e-07,-25.823015153677122
I2,15,N9,26.51949755760212,31.765558276073605,5.604765864159392,1.220372762754926e-07,-5.604765742122115,16.670342319005478,-93.43336353901044,42.03574489647501,-3.108188461189069e-07,-1.5212390046606535e-07,-25.823015360121246
I2,16,N9,31.765558276073605,31.84933729037066,0.08950763320398987,1.2203743993591264e-07,-0.08950751116654994,16.67034803540498,-1.492121362929285,0.6713081643107235,-1.6143071112531312e-07,-1.521239004660805e-07,-25.823018467445184
I2,17,N9,31.84933729037066,31.84933665656386,1.3066910310380444e-07,7.077218434756298e-07,5.770527403718254e-07,60.00000060663131,3.4623164772367785e-05,6.287932099345757e-06,-1.5212390046428062e-07,-1.521239065564982e-07,-52.41262551199196
I2,18,N9,31.84933665656386,27.756763507160347,1.0530453486518655e-07,3.8306485600985707,3.830648454794036,67.15000061717099,257.2280461035846,28.729864990523293,-1.5212390021295928e-07,-2.033308232740767e-07,-55.83240094934467
I2,19,N9,27.756763507160347,25.287628476863794,1.0530453755930306e-07,2.311110480614458,2.3111103753099203,67.15000072600805,155.19106337994586,17.333329394392464,-1.521239002130227e-07,-1.7959496628205186e-07,-55.832401488550005
I2,20,N9,25.287628476863794,23.21637372002903,1.0530453873664205e-07,1.9386945446542263,1.9386944393496877,67.15000084674607,130.1833332439134,14.540209874690737,-1.5212390021304395e-07,-1.7510512551018e-07,-55.83240178072868
I2,21,N9,23.21637372002903,21.46594400135304,1.0530453998616348e-07,1.6384023089376103,1.6384022036330703,67.15000078114416,110.01870925378898,12.288018106816127,-1.521239002130842e-07,-1.7083724603353766e-07,-55.83240196747041
I2,22,N9,21.46594400135304,19.91658754624872,1.0530454100992322e-07,1.4501977342345325,1.4501976289299914,67.15000069310514,97.38077178778835,10.876483796543052,-1.5212390021311982e-07,-1.6828885955752812e-07,-55.832402094708115
I2,23,N9,19.91658754624872,18.4619051307396,1.053045415757132e-07,1.3615828331734292,1.3615827278688877,67.15000066756494,91.4302810853407,10.211872038584781,-1.5212390021313692e-07,-1.6720992058796212e-07,-55.83240218065963
I2,24,N9,18.4619051307396,17.059171518323883,1.0530454191542987e-07,1.3129587534779974,1.3129586481734554,67.15000065350829,88.16517408287689,9.847191440869045,-1.5212390021314695e-07,-1.6663110863285153e-07,-55.83240223310956
I3,1,N2,0.0033488641996935746,0.003620635104761192,0.0002904574408792157,9.10349812270441e-08,-0.0002903664058979887,67.1500006629255,-0.019498104348541236,0.0021791135689533205,-0.003088806825527107,-0.0022891609694619306,-79.74811702814202
I3,2,N2,0.003620635104761192,0.0038924953414929964,0.0002905528806745448,9.103496647719794e-08,-0.0002904618457080676,67.15000063941925,-0.019504513125023635,0.002179829367307665,-0.003089166852849517,-0.0022891626421362994,-79.7481205649022
I3,3,N2,0.0038924953414929964,0.0041672391536083835,0.00029363362306683495,9.103449435942518e-08,-0.0002935425885724755,67.15000060806088,-0.019711385001133494,0.002202934931708958,-0.0031007443793323155,-0.002289171160005318,-79.74823307853089
I3,4,N2,0.0041672391536083835,0.004447951941849655,0.0003000107332268856,9.103354331185244e-08,-0.0002999196996835737,67.15000057527395,-0.020139608006287966,0.002250763250776481,-0.0031249971207428333,-0.0022891869791894707,-79.74845977645008
I3,5,N2,0.004447951941849655,0.004738374247624181,0.0003103841477094509,9.103206670292797e-08,-0.00031029311564274793,67.15000061760519,-0.02083618290704916,0.0023285638483211534,-0.0031653052022252172,-0.002289211007135483,-79.74881199719411
I3,6,N2,0.004738374247624181,0.005043486642027479,0.00032607868446198735,9.102998092236411e-08,-0.00032598765448106496,67.15000066867793,-0.02189007121638426,0.002446272858321823,-0.0032283939086822115,-0.0022892447350456487,-79.74930989295457
I3,7,N2,0.005043486642027479,0.005370579384358743,0.0003495619589225083,9.102714211037825e-08,-0.00034947093178039796,67.15000071735389,-0.023466973319748057,0.00262239739548464,-0.0033278446751279296,-0.0022892905238594266,-79.74998835498785
I3,8,N2,0.005370579384358743,0.005731509576814424,0.0003857130764524413,9.102328916060626e-08,-0.0003856220531632807,67.15000074368619,-0.025894521156696097,0.0028935307480620143,-0.0034940525603884254,-0.0022893522389676596,-79.75091103937996
I3,9,N2,0.005731509576814424,0.0061481169307523904,0.00044519721716756186,9.101788569591365e-08,-0.00044510619928186593,67.15000069665092,-0.02988888159186094,0.0033396617628994336,-0.00380841463738468,-0.002289437014710453,-79.75220981776324
I3,10,N2,0.0061481169307523904,0.007203177375421279,0.0011272800082162263,6.892986812325143e-08,-0.001127211078348103,60.000000800113966,-0.06763266560278351,0.008455117035632622,-7.15225460013336,-0.002289517901014065,-79.75423650022674
I3,11,N2,0.007203177375421279,0.00600742403604446,8.97449776318334e-08,0.0011193037508726265,0.0011192140058949947,100.68356632500829,0.11268645759440692,0.008395451218876937,-0.0022896543245335657,-3.1341146916106406,-84.28843118802818
I3,12,N2,0.00600742403604446,0.0048117214514305775,8.975087637188082e-08,0.0011192562495823796,0.0011191664987060077,100.68357257209982,0.11268168139272919,0.008395095003440637,-0.0022896425900813815,-3.132288938608537,-84.29014592843771
I3,13,N2,0.0048117214514305775,0.003616035458684248,8.975279825315183e-08,0.0011192407212781037,0.0011191509684798505,100.68357308011193,0.11268011832261907,0.008394978555572677,-0.002289645811602078,-3.1317168246195757,-84.29068190635189
I3,14,N2,0.003616035458684248,0.0024120235833162587,7.678807116206337e-08,0.0011270223890664304,0.0011269456009952684,100.68357310075666,0.11346490979838325,0.008453243828531944,-0.002289645815860912,-3.1317168460676332,-84.29068190560434
I3,15,N2,0.0024120235833162587,0.0012163210380158574,8.975088074197387e-08,0.00111925621278879,0.001119166461908048,100.68357280095844,0.11268167794391004,0.00839509472752149,-0.0022896425998796565,-3.1322891705198,-84.29014592559113
I3,16,N2,0.0012163210380158574,2.0567739898072784e-05,8.974498230785507e-08,0.0011193037122582664,0.0011192139672759585,100.68356744880641,0.11268645496387518,0.008395450929304306,-0.0022896543383494716,-3.1341158259226165,-84.28843117820576
I3,17,N2,2.0567739898072784e-05,0.0010756281875127208,0.0011272800111789083,6.892970648634737e-08,-0.001127211081472422,60.000000675818335,-0.06763266565013523,0.00845511705664046,-7.152313477759935,-0.002289526006678709,-79.7542992632955
I3,18,N2,0.0010756281875127208,0.0014952004278616427,0.00044836483055267165,9.101762128233312e-08,-0.0004482738129313893,67.1500006857492,-0.030101586845746202,0.0033634188613046547,-0.0038265008989557,-0.0022894447741054935,-79.75227254511202
I3,19,N2,0.0014952004278616427,0.0018587714573708827,0.0003885344832421202,9.102300983996594e-08,-0.0003884434602322802,67.15000090892917,-0.02608397870766521,0.0029146912968897013,-0.0035076110619820557,-0.002289360157520866,-79.7509775151193
I3,20,N2,0.0018587714573708827,0.0021883166968429102,0.00035218214783452764,9.102684342073174e-08,-0.0003520911209911069,67.15000105838286,-0.023642919147200035,0.002642048810084613,-0.0033392530100063832,-0.0022892984842727113,-79.7500596184501
I3,21,N2,0.0021883166968429102,0.0024957945150295463,0.0003286058462574356,9.102966006280936e-08,-0.0003285148165973728,67.15000092199845,-0.02205977023740374,0.002465226569381238,-0.0032387474828372326,-0.002289252471781966,-79.74938640854955
I3,22,N2,0.0024957945150295463,0.0027885627913954384,0.0003128905261530335,9.103172209282716e-08,-0.0003127994944309407,67.1500007610178,-0.02100448628908365,0.002347361684063447,-0.0031751768949780327,-0.002289218210466974,-79.74889411614416
I3,23,N2,0.0027885627913954384,0.003071654738088647,0.0003025525687578177,9.103317360548326e-08,-0.0003024615355842122,67.15000070597684,-0.02031029232801069,0.002269827014485674,-0.0031347551269583357,-0.002289193312181768,-79.74854788451633
I3,24,N2,0.003071654738088647,0.0033488641996935746,0.00029626786352119353,9.103409725142459e-08,-0.0002961768294239421,67.15000068048666,-0.019888274297362094,0.002222691732138337,-0.0031107021217018902,-0.0022891762507181272,-79.74832767042243
I3,1,N3,0.02886398834927288,0.02655978498968767,1.0530865424185519e-07,0.0021568266050625033,0.0021567212964082615,67.1500006391374,0.14482383643225602,0.01617698935287559,-0.0001256484640268796,-0.0001403973426108833,-55.833388732410256
I3,2,N3,0.02655978498968767,0.024253997780838907,1.0530865048968024e-07,0.0021583090879699037,0.002158203779319414,67.15000062077178,0.14492338512105066,0.01618810797465295,-0.00012564846397275625,-0.00014040867851748047,-55.83338793512017
I3,3,N3,0.024253997780838907,0.02191177232711332,1.0530856533950766e-07,0.0021924152851000083,0.002192309976534669,67.15000059277911,0.1472136162238586,0.016443904452490107,-0.00012564846246169628,-0.00014067009115586787,-55.83337024155748
I3,4,N3,0.02191177232711332,0.019492391296748242,1.0530839335480066e-07,0.0022646329046838998,0.002264527596290545,67.15000056171093,0.15206302936292,0.01698553659807941,-0.00012564845939921673,-0.00014122674492194031,-55.83333453958757
I3,5,N3,0.019492391296748242,0.01694058312190094,1.0530812194197185e-07,0.0023885847116814738,0.002388479403559532,67.15000060121878,0.16038639338502123,0.017915175148525617,-0.00012564845456639536,-0.00014219208224769465,-55.8332783212232
I3,6,N3,0.01694058312190094,0.01416926248651672,1.0530772813962083e-07,0.002594048374399022,0.0025939430666708824,67.15000064244528,0.17418327859341623,0.019456152615953713,-0.0001256484475593097,-0.0001438208726430312,-55.83319677278036
I3,7,N3,0.01416926248651672,0.011012028174844745,1.053071657493525e-07,0.0029552635749116544,0.002955158267745905,67.15000066629277,0.1984388796481381,0.022165266615580527,-0.0001256484375644889,-0.00014677432854472847,-55.83308034222456
I3,8,N3,0.011012028174844745,0.0070390135489188975,1.0530632639849347e-07,0.0037188339483179246,0.003718728641991526,67.15000067044365,0.24971263080292896,0.027892044409832423,-0.0001256484226654505,-0.00015342482811908295,-55.832906632527575
I3,9,N3,0.0070390135489188975,7.663257547567164e-07,1.0530482125451688e-07,0.006587891658014318,0.006587786353193063,67.15000062239376,0.44236985771711135,0.04940997722126679,-0.00012564839594745846,-0.0001848063666200295,-55.83259497358373
I3,10,N3,7.663257547567164e-07,1.3255978384737843e-07,1.3066859946642334e-07,7.07683186089276e-07,5.770145866228527e-07,60.00000073972275,3.4620875624201975e-05,6.2876383916677455e-06,-0.00012564853562546427,-0.00012565218586395037,-52.412682423937916
I3,11,N3,1.3255978384737843e-07,0.008813066712272203,0.009415667236733422,1.2203670410591243e-07,-0.009415545200029315,16.6703492810968,-0.15696042715644312,0.07061841955078146,-0.00029743784573752223,-0.0001256485232397429,-25.823108143967772
I3,12,N3,0.008813066712272203,0.01496629386099156,0.006574099926527278,1.2203802952463722e-07,-0.006573977888497754,16.6703426014053,-0.10959046365532056,0.049306664734176026,-0.00021971292895798833,-0.00012564854048141842,-25.822936828186574
I3,13,N3,0.01496629386099156,0.020018810044869998,0.00539812667436622,1.2203879532930613e-07,-0.005398004635570891,16.67034204194208,-0.08998658361895566,0.04048686534871161,-0.00020290798988318765,-0.00012564854633677003,-25.822879268550675
I3,14,N3,0.020018810044869998,0.039249228289948854,0.020545431718707804,9.906963922428187e-08,-0.02054533264906858,16.67034199585878,-0.3424977216786565,0.15409148091260272,-0.00020290628186539012,-0.00012564854634586857,-25.822879212664454
I3,15,N3,0.039249228289948854,0.0449475620603245,0.0060881027277697765,1.2203831659307532e-07,-0.0060879806894531836,16.670342319469885,-0.10148872212750686,0.04566168574564777,-0.000219747835291033,-0.0001256485404883717,-25.822936630791855
I3,16,N3,0.0449475620603245,0.05333865618083338,0.008964983442083832,1.2203687956171007e-07,-0.00896486140520427,16.67034803543321,-0.14944735971417802,0.06723829109222546,-0.00029794210146523605,-0.0001256485231471882,-25.823107639263096
I3,17,N3,0.05333865618083338,0.053338022414429614,1.3066858634348072e-07,7.07683579742608e-07,5.770149933991273e-07,60.00000060663131,3.4620899953983e-05,6.2876412456456654e-06,-0.0001256485355717526,-0.0001256521859306233,-52.41267963720649
I3,18,N3,0.053338022414429614,0.046251350122703386,1.0530480645798979e-07,0.0066332175221754655,0.006633112217369007,67.15000061547154,0.44541348947882065,0.049749921202364426,-0.00012564839569566538,-0.000185406654066433,-55.83259189571638
I3,19,N3,0.046251350122703386,0.0422449772012787,1.0530629900999964e-07,0.003750057312880848,0.0037499520065818383,67.15000071449177,0.25180927992128027,0.028126219643848933,-0.00012564842219771314,-0.00015371063935030546,-55.83290098736682
I3,20,N3,0.0422449772012787,0.039058915327082215,1.0530712898642729e-07,0.002982246173402384,0.0029821408662733975,67.15000083218774,0.2002507616519597,0.02236763610398528,-0.00012564843692492806,-0.00014700134087992686,-55.83307284806482
I3,21,N3,0.039058915327082215,0.036260565947354446,1.0530768378242008e-07,0.0026193472790657243,0.002619241971381942,67.15000076775007,0.1758821003892206,0.0196458944006213,-0.00012564844678308147,-0.00014402475969660112,-55.83318767668662
I3,22,N3,0.036260565947354446,0.0336820376877558,1.0530807046433845e-07,0.002413594710963636,0.0024134894028931715,67.15000068443045,0.16206581505614212,0.018102750142755752,-0.00012564845365938188,-0.00014238869677882636,-55.833267723801825
I3,23,N3,0.0336820376877558,0.031235176174281988,1.0530833461401346e-07,0.0022903546368222096,0.0022902493284875955,67.15000066238396,0.15379024392496646,0.01717844958867618,-0.0001256484583526495,-0.0001414261396462835,-55.83332245903001
I3,24,N3,0.031235176174281988,0.02886398834927288,1.0530849945494978e-07,0.0022195240645636596,0.0022194187560642046,67.1500006500594,0.14903397091246537,0.01664722029797336,-0.00012564846127301814,-0.00014087862237558972,-55.83335663057453
I3,1,N8,66.26774508145468,60.78371223104626,1.0530453556823029e-07,5.133054840239162,5.1330547349346265,67.15000065451146,344.6846288105033,38.49791209157773,-1.0083042581461049e-07,-1.3141285696666157e-07,-55.83240089910042
I3,2,N8,60.78371223104626,55.466670622084,1.053045356585566e-07,4.9767510382455535,4.976750932941018,67.15000063276527,334.1888282961045,37.32563357662567,-1.0083042581461155e-07,-1.3037881979813507e-07,-55.832400892869856
I3,3,N8,55.466670622084,50.33208721013061,1.0530453575856133e-07,4.8059701658452605,4.805970060540725,67.15000060259618,322.72089246136886,36.044777033623475,-1.0083042581461266e-07,-1.293233812170074e-07,-55.832400880032516
I3,4,N8,50.33208721013061,45.328967469743745,1.0530453582886564e-07,4.682920169258986,4.68292006395445,67.15000057042542,314.458084965798,35.121902059226414,-1.0083042581461333e-07,-1.2865297454067624e-07,-55.83240086027112
I3,5,N8,45.328967469743745,39.61577279609825,1.053045354341303e-07,5.347550306789064,5.347550201484529,67.15000061160994,359.08799930030096,40.106628090702,-1.0083042581460865e-07,-1.3350532469117945e-07,-55.83240083291104
I3,6,N8,39.61577279609825,32.75381238818023,1.0530453494297656e-07,6.422795034068148,6.422794928763613,67.15000065902169,431.2906836992378,48.17096354529512,-1.0083042581460268e-07,-1.4217277296122723e-07,-55.8324007954064
I3,7,N8,32.75381238818023,24.228569831591823,1.0530453441105034e-07,7.979627125223633,7.979627019919099,67.15000069730687,535.8319599518162,59.84720422896125,-1.0083042581459606e-07,-1.5736224387300429e-07,-55.832400742302
I3,8,N8,24.228569831591823,13.526095558493301,1.0530453385483713e-07,10.017516011877097,10.017515906572564,67.15000070203816,672.676200159026,75.13137087886223,-1.0083042581458979e-07,-1.8292871983217532e-07,-55.83240065946617
I3,9,N8,13.526095558493301,7.361413452979613e-07,1.0530453318423528e-07,12.660424845978312,12.660424740673779,67.15000062823715,850.1475292899935,94.95318713462134,-1.0083042581458318e-07,-2.3287362708736612e-07,-55.8324004906694
I3,10,N8,7.361413452979613e-07,6.947718612944971e-08,1.297092656968246e-07,7.37635421821652e-07,6.079261561248274e-07,60.0000007345827,3.6475569814061684e-05,6.505085156388574e-06,-1.0083042592831714e-07,-1.0083042887135333e-07,-52.329898890867
I3,11,N8,6.947718612944971e-08,21.802775311541623,23.2935634484967,1.364018490081619e-07,-23.29356331209485,1.0154112757421187e-05,-0.00023652546839314045,174.7017268867391,-0.00261726798143392,-1.008304260363051e-07,-8.015627549422085
I3,12,N8,21.802775311541623,43.605590730022485,23.29360637201777,1.3640119382832182e-07,-23.293606235616576,9.047021152890082e-07,-2.1073774834071548e-05,174.70204881314223,-0.002626428723960801,-1.0083042603613388e-07,-8.015627454691211
I3,13,N8,43.605590730022485,65.40840666395192,23.293606922710676,1.3640118507714545e-07,-23.293606786309493,1.2484713964707373e-07,-2.9081401793344055e-06,174.70205294333894,-0.00262718087015585,-1.0083042603612068e-07,-8.015627425087814
I3,14,N8,65.40840666395192,87.2123109051541,23.29476960332606,1.0063030671233244e-07,-23.294769502695754,6.664965822671444e-08,-1.5525884258247626e-06,174.71077277967274,-0.002627239067636743,-1.0083042603612452e-07,-8.015627425087814
I3,15,N8,87.2123109051541,109.0151265304272,23.29360659294963,1.364011902980629e-07,-23.29360645654844,5.155680123230933e-07,-1.200943838063905e-05,174.70205047013116,-0.0026268178580619644,-1.0083042603611686e-07,-8.01562745469121
I3,16,N8,109.0151265304272,130.81790198337075,23.293563673794903,1.3640184566735463e-07,-23.29356353739306,8.438323382485113e-06,-0.0001965586218589865,174.7017285764756,-0.002618983770800097,-1.008304260361356e-07,-8.01562754942208
I3,17,N8,130.81790198337075,130.8179013167066,1.2970926624972741e-07,7.376354079265067e-07,6.079261416767793e-07,60.00000059812927,3.647556886422518e-05,6.505085056321755e-06,-1.0083042592832422e-07,-1.008304288713491e-07,-52.32989658706819
I3,18,N8,130.8179013167066,118.5161336695342,1.053045333847279e-07,11.514454610010258,11.514454504705725,67.15000062564772,773.1956271949816,86.35841036486093,-1.0083042581458689e-07,-2.0624966993317474e-07,-55.832400535155976
I3,19,N8,118.5161336695342,106.98695404563345,1.0530453365903452e-07,10.791312220227985,10.791312114923452,67.15000080711671,724.6366172269582,80.93484244149388,-1.0083042581458616e-07,-1.9606722468742462e-07,-55.83240072620234
I3,20,N8,106.98695404563345,94.28187633700023,1.0530453352459808e-07,11.89195282753758,11.891952722233047,67.15000097541235,798.5446368975066,89.18964699631584,-1.0083042581457782e-07,-2.3557451716934522e-07,-55.83240081135204
I3,21,N8,94.28187633700023,84.75227803515342,1.0530453419220765e-07,8.919704102785492,8.919703997480957,67.1500008789906,598.9581312711822,66.8977815606752,-1.0083042581458892e-07,-1.7321383409901583e-07,-55.832400852982474
I3,22,N8,84.75227803515342,77.94570031467823,1.0530453496263512e-07,6.370956838621653,6.370956733317118,67.15000073739346,427.80974934014625,47.782177079446406,-1.0083042581460272e-07,-1.4113134102022303e-07,-55.83240087692362
I3,23,N8,77.94570031467823,71.93873905492849,1.0530453529536132e-07,5.6225158313826356,5.622515726078101,67.15000069125819,377.5519348927545,42.16886952515378,-1.0083042581460735e-07,-1.3492841545945335e-07,-55.83240089144448
I3,24,N8,71.93873905492849,66.26774508145468,1.0530453546177843e-07,5.308050451428371,5.308050346123835,67.15000066987795,356.43558429796144,39.8103791754968,-1.0083042581460938e-07,-1.3258631587449997e-07,-55.832400898493084
I3,1,N9,76.41964639895363,70.30313413375451,1.0530453625848032e-07,5.725055572483266,5.72505546717873,67.15000064165349,384.43747829455356,42.93791758340852,-3.5982656996960944e-08,-4.1097794627873154e-08,-55.832400921866956
I3,2,N9,70.30313413375451,64.39819803160877,1.053045363444803e-07,5.5270202838653,5.527020178560764,67.15000062246537,371.13940843073397,41.45265291877378,-3.598265699696112e-08,-4.092679376699176e-08,-55.832400917448716
I3,3,N9,64.39819803160877,58.74568106759212,1.053045364537966e-07,5.290755970576459,5.290755865271922,67.15000059390972,355.2742594952409,39.68067056910747,-3.5982656996961314e-08,-4.0730838700093255e-08,-55.83240090742377
I3,4,N9,58.74568106759212,53.29689156932887,1.0530453654678229e-07,5.100067062631289,5.100066957326752,67.15000056254522,342.46949905350965,38.25050375951869,-3.5982656996961466e-08,-4.058270851857022e-08,-55.832400891627245
I3,5,N9,53.29689156932887,47.03077635024008,1.0530453619379694e-07,5.865083937323986,5.86508383201945,67.15000060248148,393.8403828537105,43.98813031971391,-3.598265699696075e-08,-4.130929121110126e-08,-55.83240086964165
I3,6,N9,47.03077635024008,39.44860840124925,1.0530453576731466e-07,7.0969092925123,7.096909187207764,67.15000064521307,476.5574565000199,53.22682048362627,-3.5982656996959885e-08,-4.25242701651202e-08,-55.832400839493914
I3,7,N9,39.44860840124925,30.057652304097594,1.0530453532464573e-07,8.789934999190834,8.789934893886299,67.15000067218443,590.2441340329224,65.92451328371527,-3.5982656996959025e-08,-4.4348573894567836e-08,-55.8324007970591
I3,8,N9,30.057652304097594,17.755555902299594,1.0530453474893856e-07,11.514762324339813,11.514762219035278,67.15000067710719,773.2162908049472,86.36071822233261,-3.598265699695816e-08,-4.759832049784862e-08,-55.8324007324406
I3,9,N9,17.755555902299594,7.663676857766662e-07,1.0530453378676326e-07,16.619199699489148,16.619199594184614,67.15000062430836,1115.979263125002,124.6439985359526,-3.598265699695727e-08,-5.540808725364675e-08,-55.832400607211454
I3,10,N9,7.663676857766662e-07,1.3256081281269373e-07,1.306691023747064e-07,7.07721911008349e-07,5.770528086336425e-07,60.00000073972275,3.462316894487764e-05,6.287932600372916e-06,-3.598265701717906e-08,-3.59826575072609e-08,-52.41262671344841
I3,11,N9,1.3256081281269373e-07,0.08408151767432198,0.08983067894806587,1.2203744014209883e-07,-0.08983055691062573,16.67034928107311,-1.4975067598134468,0.6737310073912951,-3.661044258473218e-08,-3.598265701733269e-08,-25.82301920797676
I3,12,N9,0.08408151767432198,10.568430373427212,11.201227549289097,1.2203727584158178e-07,-11.20122742725182,16.67034260115142,-186.72829876570177,84.0092075349478,-5.606591227075931e-08,-3.598265701732349e-08,-25.823015577940943
I3,13,N9,10.568430373427212,59.18421845666565,51.93994467267108,1.2203727205951553e-07,-51.93994455063381,16.670342041251487,-865.8566412627019,389.54958596031264,-3.900818811799597e-07,-3.59826570173225e-08,-25.82301544271313
I3,14,N9,59.18421845666565,111.73742371549142,56.14658692806415,9.906837527628127e-08,-56.14658682899578,16.670341995208023,-935.982804303002,421.0994027034939,-4.255317667209677e-07,-3.598265701732301e-08,-25.82301543197576
I3,15,N9,111.73742371549142,148.8404075511356,39.63994013464304,1.2203727473407042e-07,-39.63994001260576,16.670342319005478,-660.8113695149804,297.2995519251024,-1.546070882817963e-07,-3.598265701732192e-08,-25.823015475219595
I3,16,N9,148.8404075511356,148.92488736026212,0.0902563456286304,1.220374397775587e-07,-0.09025622359119062,16.67034803540498,-1.5046026596264772,0.6769235074955263,-3.6739599593105617e-08,-3.598265701732389e-08,-25.823018491255603
I3,17,N9,148.92488736026212,148.92488672645527,1.3066910313960775e-07,7.077218920351845e-07,5.770527888955767e-07,60.00000060663131,3.4623167683792894e-05,6.287932463810942e-06,-3.598265701717804e-08,-3.5982657507262534e-08,-52.41262537030233
I3,18,N9,148.92488672645527,133.1224907462622,1.0530453389152942e-07,14.791042729717578,14.791042624413045,67.15000061717099,993.2185213579384,110.93282126266584,-3.598265699695761e-08,-5.2066784017607184e-08,-55.832400624823016
I3,19,N9,133.1224907462622,120.39276399092013,1.0530453468730435e-07,11.915024335257067,11.915024229952532,67.15000072600805,800.093885691716,89.36268330421201,-3.598265699695799e-08,-4.8040348357761e-08,-55.832400771551995
I3,20,N9,120.39276399092013,106.6102682731012,1.0530453479304175e-07,12.900416084135388,12.900415978830853,67.15000084674607,866.2629439018683,96.75312142079943,-3.598265699695704e-08,-5.1760025080076185e-08,-55.83240084238479
I3,21,N9,106.6102682731012,96.82722875046777,1.053045353144557e-07,9.15692508544178,9.156924980137244,67.15000078114416,614.8875195690944,68.67693893059736,-3.5982656996958436e-08,-4.515394663746466e-08,-55.83240087751773
I3,22,N9,96.82722875046777,89.44423952240048,1.0530453582980304e-07,6.910478009727863,6.9104779044233275,67.15000069310514,464.0385960717142,51.82858586274299,-3.5982656996960024e-08,-4.222798850417005e-08,-55.83240089895073
I3,23,N9,89.44423952240048,82.76130074670378,1.0530453604763267e-07,6.255230786308991,6.255230681004456,67.15000066756494,420.0387444052219,46.914231687101456,-3.5982656996960527e-08,-4.157824511110874e-08,-55.83240091244961
I3,24,N9,82.76130074670378,76.41964639895363,1.0530453616957255e-07,5.935788561751028,5.935788456446493,67.15000065350829,398.5881987294689,44.51841500291673,-3.5982656996960785e-08,-4.1280023239568394e-08,-55.83240091948292
I4,1,N2,0.0027047385464383906,0.002903841939880366,0.00021282122899732943,9.10511779554757e-08,-0.00021273017781937395,67.1500006629255,-0.014284831581595221,0.0015968421013146368,-0.0027688522924643774,-0.00225365135902479,-79.74425770070859
I4,2,N2,0.002903841939880366,0.0031029994445749606,0.00021287904014681355,9.105116232197736e-08,-0.00021278798898449156,67.15000063941925,-0.014288713596369344,0.0015972756848185166,-0.002769024743187906,-0.0022536538442862073,-79.74426146423725
I4,3,N2,0.0031029994445749606,0.003304026610271211,0.00021487654060543704,9.105062657066762e-08,-0.00021478548997886637,67.15000060806088,-0.014422845782683531,0.0016122569342400578,-0.0027749677038164584,-0.0022536666218420315,-79.74438880328726
I4,4,N2,0.003304026610271211,0.003508911488129893,0.0002189980267297666,9.104955011511144e-08,-0.00021890697717965148,67.15000057527395,-0.014699603643545079,0.001643168072099113,-0.002787313004881996,-0.002253690213886097,-79.7446446399246
I4,5,N2,0.003508911488129893,0.003720027558018008,0.00022565528127547875,9.104788904612835e-08,-0.00022556423338643261,67.15000061760519,-0.01514663841120859,0.0016930974687339366,-0.0028074959575621243,-0.002253725576927471,-79.74503953950908
I4,6,N2,0.003720027558018008,0.00394046867217933,0.00023561793276257655,9.104556656490147e-08,-0.00023552688719601165,67.15000066867793,-0.015815630632703814,0.0017678173374685608,-0.0028382713729544324,-0.002253774149518982,-79.74559177864394
I4,7,N2,0.00394046867217933,0.004174649556074497,0.0002502971703805682,9.10424558575536e-08,-0.00025020612792471064,67.15000071735389,-0.016801341669630657,0.0018779115962731928,-0.002884910776805059,-0.002253837911881665,-79.7463316606365
I4,8,N2,0.004174649556074497,0.0044295610599802025,0.0002724452639854916,9.103834089303594e-08,-0.0002723542256445986,67.15000074368619,-0.018288586454580872,0.002044022267447885,-0.002958362219805852,-0.0022539193703333582,-79.7473108753982
I4,9,N2,0.0044295610599802025,0.004717863120374096,0.00030811892914629335,9.103282066672853e-08,-0.0003080278963256266,67.15000069665092,-0.020684073452853745,0.0023115747147522004,-0.003085165412319761,-0.0022540211205104676,-79.74862554257952
I4,10,N2,0.004717863120374096,0.00578943186006759,0.0011449170863465346,6.893932674400409e-08,-0.0011448481470197906,60.000000800113966,-0.06869088973719643,0.008587395192549589,-7.148709897071682,-0.002254099685379808,-79.75048726194183
I4,11,N2,0.00578943186006759,0.004831571783212025,9.076767676829665e-08,0.0008966365531353547,0.0008965457854585864,100.68356632500829,0.09026742705362624,0.006725454906090922,-0.002255103756726149,-0.012445965479462447,-87.21074623445924
I4,12,N2,0.004831571783212025,0.003938197404362614,9.077535593780507e-08,0.0008362779465292851,0.0008361871711733474,100.68357257209982,0.08419031173269058,0.006272765414139172,-0.002255057775288642,-0.010396926049229302,-87.21278736785115
I4,13,N2,0.003938197404362614,0.003074033648607806,9.0778055766979e-08,0.0008089368056780453,0.0008088460276222784,100.68357308011193,0.0814375081326659,0.0060677068780035925,-0.0022550550346273146,-0.009760365114569182,-87.2134331989581
I4,14,N2,0.003074033648607806,0.0018512305852545375,7.756340375285053e-08,0.0011446116202864336,0.0011445340568826806,100.68357310075666,0.11523577838245296,0.0085851688776764,-0.0022550550279019027,-0.009760378020984112,-87.2134332050996
I4,15,N2,0.0018512305852545375,0.0009617027863565816,9.07757333737745e-08,0.0008326775480253927,0.0008325867722920189,100.68357280095844,0.0838278109011785,0.006245762428190749,-0.002255057743214748,-0.010397115967374368,-87.21278739062359
I4,16,N2,0.0009617027863565816,6.2880096858068e-06,9.076802833011385e-08,0.0008943477524703929,0.0008942569844420629,100.68356744880641,0.09003698340963867,0.0067082889037404225,-0.002255103621938139,-0.012446973115261049,-87.21074629684612
I4,17,N2,6.2880096858068e-06,0.0010778567529775615,0.0011449170899656101,6.893912942872301e-08,-0.0011448481508361814,60.000000675818335,-0.06869088982388026,0.008587395218212791,-7.1487819271089545,-0.002254106905653174,-79.75056407756168
I4,18,N2,0.0010778567529775615,0.0013683407122478343,0.000310450017321012,9.103249789401831e-08,-0.000310358984823118,67.1500006857492,-0.0208406060437008,0.002329057873641795,-0.0030938276278658448,-0.002254028612550215,-79.74870232563555
I4,19,N2,0.0013683407122478343,0.0016250895257618157,0.00027440820121753446,9.103800479037215e-08,-0.0002743171632127441,67.15000090892917,-0.018420397759070638,0.002058744294167436,-0.0029650515285277136,-0.00225392748936631,-79.74739096533595
I4,20,N2,0.0016250895257618157,0.0018609359392973755,0.00025207658198463204,9.10421011242353e-08,-0.0002519855398835078,67.15000105838286,-0.01692082926987472,0.0018912571806431722,-0.002890665371387529,-0.002253846540966625,-79.7464162911716
I4,21,N2,0.0018609359392973755,0.0020829621618113736,0.00023731142416208285,9.10451896021258e-08,-0.0002372203789724807,67.15000092199845,-0.0159293486667189,0.0017805185201376374,-0.0028435680577643414,-0.0022537829931340483,-79.7456816044469
I4,22,N2,0.0020829621618113736,0.0022956368553778013,0.00022732047705484705,9.104748766690971e-08,-0.00022722942956718016,67.1500007610178,-0.015258456368361786,0.0017055864340688547,-0.0028125894026287184,-0.002253734253709509,-79.74513505460907
I4,23,N2,0.0022956368553778013,0.0025020924792445234,0.0002206761736861835,9.1049122518891e-08,-0.0002205851245636646,67.15000070597684,-0.014812291270178066,0.001655754171065268,-0.0027923702122175363,-0.0022536982768612684,-79.744746334394
I4,24,N2,0.0025020924792445234,0.0027047385464383906,0.00021660613570153426,9.105017011162456e-08,-0.00021651508553142263,67.15000068048666,-0.014538988140770657,0.0016252288940373442,-0.002780132360496443,-0.002253673552966258,-79.74449724637412
I4,1,N3,0.0038588265853610046,0.0035477070441784896,1.05331459085755e-07,0.00029130017101681316,0.0002911948395577274,67.1500006391374,0.01955373366241491,0.0021855412685692415,-0.0012554644167970257,-0.0014626539189189455,-55.839339078040304
I4,2,N3,0.0035477070441784896,0.0032363719482815727,1.053314306565419e-07,0.0002915019302045866,0.00029139659877393004,67.15000062077178,0.019567281788560188,0.0021870544622643235,-0.0012554650453567827,-0.0014628208632661696,-55.839333122622236
I4,3,N3,0.0032363719482815727,0.0029200716577872984,1.0533078593722106e-07,0.00029614935178287697,0.00029604402099693973,67.15000059277911,0.019879356185433215,0.0022219101192661067,-0.0012554673978133325,-0.0014666730777367506,-55.83919922172996
I4,4,N3,0.0029200716577872984,0.0025932599681474855,1.0532948361992117e-07,0.0003059880202421463,0.0003058826907585264,67.15000056171093,0.020540022856252695,0.002295700122943247,-0.0012554716676814429,-0.0014748956460469385,-55.83892880106014
I4,5,N3,0.0025932599681474855,0.0022484335960500598,1.0532742999376075e-07,0.0003228497612232982,0.00032274443379330447,67.15000060121878,0.02167228892326041,0.0024221631648996896,-0.0012554782439523487,-0.0014892044545622696,-55.838502481440486
I4,6,N3,0.0022484335960500598,0.0018737615200905553,1.0532444575528865e-07,0.0003507853374237246,0.0003506800129779693,67.15000064244528,0.023548163096763358,0.002631679964021099,-0.0012554878134823986,-0.0015135330476568271,-55.837882939409965
I4,7,N3,0.0018737615200905553,0.0014467315024230421,1.0532017218163868e-07,0.00039979236711836007,0.0003996870469461784,67.15000066629277,0.02683898546874447,0.002999232654679063,-0.00125550161190397,-0.0015581933276075008,-55.83699565722143
I4,8,N3,0.0014467315024230421,0.0009101378312970283,1.0531375905355223e-07,0.0005023439411370008,0.0005022386273779472,67.15000067044365,0.03372532416515185,0.0037683694117204083,-0.0012555222347886649,-0.0016607521141000078,-55.83566409116076
I4,9,N3,0.0009101378312970283,7.661035067450068e-07,1.0530208371020756e-07,0.0008512641919460354,0.0008511588898623252,67.15000062239376,0.05715531998401112,0.006385271205223092,-0.001255558938932707,-0.002140465337629205,-55.833239721720155
I4,10,N3,7.661035067450068e-07,1.325705051911898e-07,1.3065994615876007e-07,7.074575456442778e-07,5.767975994855177e-07,60.00000073972275,3.460785639580137e-05,6.285881188522784e-06,-0.001255617022452979,-0.0012560231965918465,-52.41261622291544
I4,11,N3,1.325705051911898e-07,0.0012319106962934009,0.0013161415446677526,1.220169794751958e-07,-0.0013160195276882773,16.6703492810968,-0.021938505187307625,0.00987197671235421,-0.004175168867402188,-0.001255673563611413,-25.8255651681957
I4,12,N3,0.0012319106962934009,0.002199937120307728,0.0010343555517203507,1.2202856258230734e-07,-0.0010342335231577683,16.6703426014053,-0.01724102716089844,0.007758581852121998,-0.0031129802782903747,-0.0012556761928484087,-25.824093362297507
I4,13,N3,0.002199937120307728,0.0030528208505666114,0.0009113398586145605,1.220332504670245e-07,-0.0009112178253640935,16.67034204194208,-0.015190312823534084,0.0068359641889877065,-0.002823212772772983,-0.0012556784097971084,-25.823615602244967
I4,14,N3,0.0030528208505666114,0.004976770428006848,0.0020556147626842936,9.906664459734426e-08,-0.0020555156960396963,16.67034199585878,-0.03426614963083744,0.015417853719966682,-0.002823223578172074,-0.0012556784114003403,-25.823615571957845
I4,15,N3,0.004976770428006848,0.0059128770138835935,0.0010002531620133734,1.2202984663469673e-07,-0.0010001311321667387,16.670342319469885,-0.016672528337578513,0.007502813938950061,-0.003113104252331145,-0.0012556761962182325,-25.82409325404122
I4,16,N3,0.0059128770138835935,0.007124355995268134,0.0012944544257405784,1.220179976875246e-07,-0.001294332407742891,16.67034803543321,-0.021576971710614238,0.009709323328036994,-0.004175998489793806,-0.0012556735623896183,-25.825564887570213
I4,17,N3,0.007124355995268134,0.007123722458657768,1.306598357945702e-07,7.074608268035978e-07,5.768009910090276e-07,60.00000060663131,3.4608059810447195e-05,6.28590496948626e-06,-0.001255617164944966,-0.001256023035836543,-52.412602286544804
I4,18,N3,0.007123722458657768,0.006208617236447785,1.0530195475981812e-07,0.0008566307426099019,0.0008565254406551421,67.15000061547154,0.05751568386715982,0.006425520334234963,-0.0012555596644745841,-0.00215004116104241,-55.833212895749504
I4,19,N3,0.006208617236447785,0.005667450436478633,1.0531354239261983e-07,0.0005066243895443618,0.0005065190760019692,67.15000071449177,0.034012756315435946,0.003800472773150658,-0.001255523767995399,-0.0016653342731645475,-55.83561907253867
I4,20,N3,0.005667450436478633,0.005236482144922153,1.0531989017615161e-07,0.00040347859123136874,0.00040337327134119257,67.15000083218774,0.027086515506243372,0.0030268793334115866,-0.0012555034580216983,-0.0015616643679010546,-55.83693717213002
I4,21,N3,0.005236482144922153,0.004858112182393895,1.0532410726598547e-07,0.0003542465589555286,0.00035414123484826256,67.15000076775007,0.02378058419195279,0.002657639122970959,-0.0012554897216362124,-0.0015166049521751124,-55.83781271874283
I4,22,N3,0.004858112182393895,0.004509631760228333,1.0532703832629254e-07,0.0003262699517439357,0.0003261646247056094,67.15000068443045,0.021901954772218672,0.0024478145908669647,-0.0012554800260907175,-0.001492141195883003,-55.83842122244119
I4,23,N3,0.004509631760228333,0.004179076050253783,1.0532903900917077e-07,0.0003094924228859381,0.0003093870938469289,67.15000066238396,0.020775343556754325,0.0023219831394371043,-0.001255473159007175,-0.0014778464852469037,-55.83883660661269
I4,24,N3,0.004179076050253783,0.0038588265853610046,1.0533028691501508e-07,0.0002998457785826864,0.0002997404482957714,67.1500006500594,0.020127571297910145,0.002249633316522011,-0.0012554684402818035,-0.0014697510749028602,-55.83909571956002
I4,1,N7,0.005048610880333925,0.00536658063255927,0.00033981519331855847,9.104352269367924e-08,-0.0003397241497958648,67.15000066292549,-0.02281247688400412,0.002549296776309391,-0.0010788007084763921,-0.0009446015494616163,-79.74730483894692
I4,2,N7,0.00536658063255927,0.0056846031786223624,0.0003398715969847549,9.104351690086817e-08,-0.00033978055346785404,67.15000063941923,-0.02281626438262862,0.0025497198037624184,-0.001078826368247091,-0.0009446016584905092,-79.74730620882991
I4,3,N7,0.0056846031786223624,0.006004899451430738,0.00034230079194207233,9.104326864262509e-08,-0.00034220974867342973,67.15000060806086,-0.022979384831505162,0.002567938764080362,-0.001079923467350586,-0.000944601794226777,-79.74736507029844
I4,4,N7,0.006004899451430738,0.006329851919161378,0.00034727535859849776,9.104277083007252e-08,-0.0003471843158276677,67.15000057527394,-0.023313427007553972,0.002605248010269959,-0.0010821770928323914,-0.0009446019415628016,-79.74748311693051
I4,5,N7,0.006329851919161378,0.006662192818765439,0.00035516898152508836,9.104200880266326e-08,-0.0003550779395162857,67.15000061760517,-0.023843483857816556,0.0026644501765041824,-0.0010857730901025634,-0.0009446020629896297,-79.74766391704722
I4,6,N7,0.006662192818765439,0.007005283356267483,0.0003666536361987689,9.104095728459013e-08,-0.0003665625952414843,67.15000066867792,-0.024614678515577984,0.0027505850786704008,-0.0010910489142945399,-0.0009446020837340931,-79.74791341687715
I4,7,N7,0.007005283356267483,0.0073635520258814565,0.00038286958773454943,9.103957720802696e-08,-0.0003827785481573414,67.15000071735388,-0.02570357978335315,0.002872204704838181,-0.0010985883613269696,-0.0009446018627326178,-79.74824090628611
I4,8,N7,0.0073635520258814565,0.007743293705747502,0.0004058108359841773,9.103780777528231e-08,-0.000405719798176402,67.15000074368616,-0.027244084749273596,0.0030442640534396443,-0.0011094395577865186,-0.000944601126808145,-79.74866085747594
I4,9,N7,0.007743293705747502,0.008154306627787756,0.00043922028017528514,9.103555076870383e-08,-0.00043912924462451646,67.15000069665089,-0.02948752908245606,0.0032948348679454034,-0.0011256432513642451,-0.000944599313385536,-79.74919665391526
I4,10,N7,0.008154306627787756,0.01071195512570473,0.002732609141040457,6.894397869308432e-08,-0.002732540197061764,60.00000080011389,-0.1639524140100492,0.02049508563764363,-7.1468400192890105,-0.0009445875000524077,-79.74988908880503
I4,11,N7,0.01071195512570473,0.008861590378969489,9.079494092477259e-08,0.0017320209480287522,0.0017319301530878274,100.68356632500836,0.17437690443870013,0.012990838072272578,-0.0009446921688817723,-0.00310253329660596,-87.21818532366923
I4,12,N7,0.008861590378969489,0.007414063005466447,9.079877801351947e-08,0.0013549651700450686,0.0013548743712670551,100.68357257209989,0.13641359208554477,0.010162919766173116,-0.0009446955794058301,-0.0023089851863319685,-87.21915907161679
I4,13,N7,0.007414063005466447,0.006141800301526916,9.080036969095037e-08,0.0011909174407280856,0.0011908266403583946,100.683573080112,0.11989668107026867,0.008932561808233324,-0.0009446968386244042,-0.0020938695203957317,-87.21947549124651
I4,14,N7,0.006141800301526916,0.003222746124152617,7.758034640378068e-08,0.0027323026778535075,0.0027322250975071035,100.68357310075673,0.2750901853325787,0.020492851936499336,-0.0009446968403357966,-0.002093867074404461,-87.21947551440746
I4,15,N7,0.003222746124152617,0.0018246018736209671,9.079921948292186e-08,0.001308742567330616,0.001308651768111133,100.68357280095852,0.13175973556572035,0.009816250249125743,-0.0009446955840686675,-0.0023090789478236156,-87.219159156003
I4,16,N7,0.0018246018736209671,6.191033798401059e-06,9.079528905010371e-08,0.0017021120914634776,0.0017020212961744276,100.68356744880649,0.171365575972683,0.012766521650643957,-0.0009446921781208539,-0.0031032761189818295,-87.21818554707912
I4,17,N7,6.191033798401059e-06,0.002563839533669358,0.0027326091430058094,6.894387160291873e-08,-0.0027325401991342064,60.00000067581826,-0.16395241379475295,0.020495085651580595,-7.146878972217041,-0.0009445882207794112,-79.74993057171268
I4,18,N7,0.002563839533669358,0.0029774842270550864,0.00044203200149851786,9.103537580343921e-08,-0.0004419409661227144,67.15000068574918,-0.029676336178200927,0.0033159227765574097,-0.001127026169775386,-0.000944599994728409,-79.74923813342144
I4,19,N7,0.0029774842270550864,0.003359524012732423,0.00040826607703233213,9.103762973087903e-08,-0.00040817503940260123,67.15000090892914,-0.027408954266886863,0.003062678359965473,-0.0011106114706957108,-0.0009446017392848554,-79.74870321629963
I4,20,N7,0.003359524012732423,0.003719904931390898,0.00038512626385496827,9.10393939498673e-08,-0.0003850352244610184,67.15000105838284,-0.02585511573007206,0.002889129774366886,-0.0010996431979132838,-0.0009446023877019164,-79.74828462800308
I4,21,N7,0.003719904931390898,0.004065015992684345,0.00036881231524549046,9.104076664652355e-08,-0.0003687212744788439,67.15000092199844,-0.02475963392121481,0.0027667751700910276,-0.0010920445444760729,-0.0009446025031363011,-79.7479588233205
I4,22,N7,0.004065015992684345,0.004399341728141522,0.0003572895324228605,9.104180962086689e-08,-0.00035719849061323963,67.15000076101778,-0.023985878916513444,0.002680354306743611,-0.0010867422605706873,-0.0009446023595825459,-79.74771126717543
I4,23,N7,0.004399341728141522,0.004726282638614092,0.00034939976299937594,9.104256237574367e-08,-0.0003493087204370002,67.15000070597682,-0.023456080823948424,0.0026211810417131375,-0.0010831417326453035,-0.0009446020971973124,-79.74753265383836
I4,24,N7,0.004726282638614092,0.005048610880333925,0.00034447169864876097,9.10430496207087e-08,-0.0003443806555991403,67.15000068048664,-0.023125161257828705,0.0025842205627378623,-0.0010809051234955108,-0.0009446017875516056,-79.74741704948487
I4,1,N8,35.85244879705182,32.85717282389763,1.0530453632910148e-07,2.8035784031292033,2.803578297824667,67.15000065451146,188.26028453390052,21.026838813253047,-2.0219107830925232e-07,-2.649550780699402e-07,-55.83240116449455
I4,2,N8,32.85717282389763,29.91133751879743,1.0530453641853334e-07,2.7573019378306687,2.7573018325261325,67.15000063276527,185.15281979885464,20.679765323514037,-2.0219107830925613e-07,-2.637739100489656e-07,-55.83240115812438
I4,3,N8,29.91133751879743,27.001146124706736,1.0530453648560941e-07,2.7239392371257756,2.723939131821239,67.15000060259618,182.91251434323152,20.42954506822734,-2.0219107830925846e-07,-2.6306564483858614e-07,-55.832401138511194
I4,4,N8,27.001146124706736,24.091391556025233,1.0530453648876027e-07,2.72353036854277,2.723530263238233,67.15000057042542,182.88505873001824,20.4264785538548,-2.021910783092574e-07,-2.6335279748956706e-07,-55.832401104880255
I4,5,N8,24.091391556025233,20.880832766036775,1.0530453598774046e-07,3.005083119686081,3.005083014381545,67.15000061160994,201.79132625365938,22.53812418742963,-2.021910783092346e-07,-2.714254314052163e-07,-55.83240105553073
I4,6,N8,20.880832766036775,17.197490386076137,1.0530453534055838e-07,3.4476085599000372,3.447608454595502,67.15000065902169,231.50690999813668,25.857064989034296,-2.0219107830920454e-07,-2.8524028378647443e-07,-55.83240098572179
I4,7,N8,17.197490386076137,12.810297129657894,1.0530453458142699e-07,4.106412980264357,4.1064128749598225,67.15000069730687,275.74562741698196,30.798098141766694,-2.0219107830916812e-07,-3.0918986356228954e-07,-55.83240088555684
I4,8,N8,12.810297129657894,7.34848368022532,1.0530453367479959e-07,5.11225748092577,5.112257375621236,67.15000070203816,343.2880863619657,38.34193189672728,-2.0219107830912648e-07,-3.5460805653643863e-07,-55.832400730106436
I4,9,N8,7.34848368022532,1.0761597052700388e-06,1.0530453232875152e-07,6.878179809662296,6.8781797043577635,67.15000062823715,461.8697714687518,51.58634936225121,-2.021910783090663e-07,-4.783906058084838e-07,-55.83240042125057
I4,10,N8,1.0761597052700388e-06,6.175775449991703e-07,1.3781924115037153e-07,5.499757879084089e-07,4.121565467580374e-07,60.0000007345827,2.4729393108245313e-05,5.158462717940854e-06,-2.0219107886129982e-07,-2.0219108632699377e-07,-53.34189021134285
I4,11,N8,6.175775449991703e-07,11.388490898403054,12.1671905195685,4.257920774160331e-08,-12.167190476989292,1.0154112757421187e-05,-0.00012354702404437055,91.2539292161078,-38.110759892647266,-2.021910770503732e-07,-48.729455031590746
I4,12,N8,11.388490898403054,22.776981179228905,12.167190519568766,4.257912332281293e-08,-12.167190476989644,9.047021152890082e-07,-1.1007682961656807e-05,91.25392921610917,-38.110768972305046,-2.021910770497725e-07,-48.72945485023086
I4,13,N8,22.776981179228905,34.16547146005475,12.16719051956877,4.257912221478714e-08,-12.167190476989648,1.2484713964707373e-07,-1.5190389285932722e-06,91.2539292161092,-38.11076969911226,-2.021910770497322e-07,-48.729454793555895
I4,14,N8,34.16547146005475,45.55396176174545,12.167190535616117,3.71086524797495e-08,-12.167190498507464,6.664965822671444e-08,-8.109390883048498e-07,91.25392929543577,-38.11076975730974,-2.0219107704974633e-07,-48.729454793555895
I4,15,N8,45.55396176174545,56.9424520425713,12.167190519568768,4.2579122855695526e-08,-12.167190476989646,5.155680123230933e-07,-6.273014209778021e-06,91.25392921610919,-38.11076936143915,-2.0219107704971025e-07,-48.72945485023086
I4,16,N8,56.9424520425713,68.33094232339681,12.1671905195685,4.257920729365265e-08,-12.167190476989292,8.438323382485113e-06,-0.00010267068790112894,91.2539292161078,-38.11076160843664,-2.021910770497522e-07,-48.729455031590746
I4,17,N8,68.33094232339681,68.33094186481468,1.37819242239597e-07,5.499757724103169e-07,4.121565301707198e-07,60.00000059812927,2.4729392056766073e-05,5.158462609874354e-06,-2.0219107886132592e-07,-2.0219108632696923e-07,-53.341890131142385
I4,18,N8,68.33094186481468,61.29917512205105,1.0530453252428913e-07,6.581733763483642,6.58173365817911,67.15000062564772,441.96341926457393,49.36300401591131,-2.021910783090793e-07,-4.4871087737808396e-07,-55.83240046497735
I4,19,N8,61.29917512205105,55.58477871775154,1.0530453345870987e-07,5.348675126681215,5.348675021376682,67.15000080711671,359.1635320024492,40.11506423989311,-2.0219107830911208e-07,-3.684614032954084e-07,-55.832400792455665
I4,20,N8,55.58477871775154,50.12106462700559,1.0530453367083026e-07,5.114036481195098,5.114036375890564,67.15000097541235,343.40754762934563,38.355274398747234,-2.0219107830909996e-07,-3.687025470566859e-07,-55.832400949387605
I4,21,N8,50.12106462700559,45.73234850286138,1.0530453456492114e-07,4.10783838445586,4.107838279151325,67.1500008789906,275.8413440557627,30.80878867320296,-2.021910783091526e-07,-3.1314145823423315e-07,-55.83240103788614
I4,22,N8,45.73234850286138,42.183673802075695,1.053045354905915e-07,3.3215596121922806,3.3215595068877453,67.15000073739346,223.04272333680834,24.911697881226118,-2.021910783092115e-07,-2.805363489158466e-07,-55.8324010939486
I4,23,N8,42.183673802075695,38.945191776931864,1.053045359285333e-07,3.031219267791503,3.031219162486967,67.15000069125819,203.5463688563549,22.73414529822029,-2.02191078309234e-07,-2.714061632610897e-07,-55.832401130268984
I4,24,N8,38.945191776931864,35.85244879705182,1.0530453616052864e-07,2.8948075214246085,2.8948074161200723,67.15000066987795,194.38631993163054,21.711057200468584,-2.0219107830924493e-07,-2.674443476100357e-07,-55.832401150932945
I4,1,N9,48.6209957495263,44.66941289720305,1.0530453672270372e-07,3.6986816420314494,3.698681536726913,67.15000064165349,248.3664675644841,27.740113105019894,-9.674502932934202e-08,-1.157948445098857e-07,-55.83240108177827
I4,2,N9,44.66941289720305,40.80540799250149,1.0530453680854389e-07,3.616708683057543,3.6167085777530064,67.15000062246537,242.8619832473902,27.125315912715596,-9.674502932934296e-08,-1.1535526977812506e-07,-55.83240107745357
I4,3,N9,40.80540799250149,37.028550350020254,1.0530453689922943e-07,3.5351388456193185,3.5351387403147814,67.15000059390972,237.38456851169084,26.513542131928915,-9.674502932934382e-08,-1.1495523997762009e-07,-55.83240106368907
I4,4,N9,37.028550350020254,33.301083233345835,1.0530453695396327e-07,3.488909313464135,3.488909208159598,67.15000056254522,234.28025529058618,26.166820640765042,-9.674502932934417e-08,-1.1478307970909603e-07,-55.83240104008287
I4,5,N9,33.301083233345835,29.136448554707627,1.0530453654054599e-07,3.8980981514622486,3.898098046157712,67.15000060248148,261.7572861480223,29.23573692575089,-9.674502932933944e-08,-1.1718700542498332e-07,-55.832401005681945
I4,6,N9,29.136448554707627,24.289968258623603,1.0530453602555292e-07,4.536305649391528,4.536305544086992,67.15000064521307,304.61292021232515,34.02229316022048,-9.674502932933355e-08,-1.2114731531941226e-07,-55.832400957298475
I4,7,N9,24.289968258623603,18.483452360862053,1.0530453545455327e-07,5.434898972561691,5.434898867257155,67.15000067218443,364.9534625895724,40.761743083996706,-9.674502932932721e-08,-1.2733200039284236e-07,-55.83240088838137
I4,8,N9,18.483452360862053,11.047570976175157,1.0530453468283314e-07,6.959985068323817,6.9599849630192825,67.15000067710719,467.36299497940064,52.19988880221264,-9.674502932931997e-08,-1.393686793770323e-07,-55.832400783255736
I4,9,N9,11.047570976175157,7.663677905243902e-07,1.0530453335284292e-07,10.340525808636576,10.340525703332043,67.15000062430836,694.3663074344233,77.55394435455831,-9.674502932931022e-08,-1.7680330446621325e-07,-55.832400581796705
I4,10,N9,7.663677905243902e-07,1.325610318574263e-07,1.3066910502327395e-07,7.077218063467484e-07,5.770527013234745e-07,60.00000073972275,3.462316250626748e-05,6.287931835275168e-06,-9.67450294382849e-08,-9.674503207933412e-08,-52.4126266946124
I4,11,N9,1.325610318574263e-07,1.0301605803044434,1.1005989082532837,1.220372357765387e-07,-1.1005987862160478,16.67034928107311,-18.34736618454663,8.254492727178896,-1.0488460463419283e-07,-9.674502943912329e-08,-25.82302131872218
I4,12,N9,1.0301605803044434,23.622790959670745,24.137425758277317,1.220368679519569e-07,-24.137425636240447,16.67034260115142,-402.3791548659436,181.0306941023564,-3.9078336634220315e-06,-9.674502943908704e-08,-25.823019737446824
I4,13,N9,23.622790959670745,46.21616361279261,24.138218785793946,1.2203686308152917e-07,-24.138218663757083,16.670342041251487,-402.392361391351,181.03664180873105,-4.400148025805402e-06,-9.674502943908169e-08,-25.823019665605447
I4,14,N9,46.21616361279261,68.85455709249769,24.186317933276758,9.90680961367535e-08,-24.186317834208662,16.670341995208023,-403.1941899010574,181.3973852425864,-4.444860815661799e-06,-9.674502943908408e-08,-25.82301966421288
I4,15,N9,68.85455709249769,91.44756534139363,24.13782946503974,1.220368654622282e-07,-24.137829343002874,16.670342319005478,-402.385877985593,181.03372190307454,-4.183131448583687e-06,-9.67450294390767e-08,-25.823019730345614
I4,16,N9,91.44756534139363,92.58772198107232,1.2181162073294425,1.220372347195144e-07,-1.2181160852922077,16.67034803540498,-20.30641908934616,9.13587247025008,-1.1128361819517211e-07,-9.674502943907437e-08,-25.823020652993623
I4,17,N9,92.58772198107232,92.58772134726559,1.3066910572717588e-07,7.077217891859206e-07,5.770526834587447e-07,60.00000060663131,3.462316135758291e-05,6.287931711848224e-06,-9.674502943827965e-08,-9.67450320793426e-08,-52.41262537210149
I4,18,N9,92.58772134726559,82.17247562404614,1.0530453346082955e-07,9.748670089190274,9.74866998388574,67.15000061717099,654.6231954345237,73.11502645871104,-9.674502932931203e-08,-1.6801225754817907e-07,-55.8324005997775
I4,19,N9,82.17247562404614,74.5353307459051,1.0530453460596248e-07,7.148367698196893,7.148367592892358,67.15000072600805,480.0128890524942,53.612758526260706,-9.674502932931868e-08,-1.4105116001466673e-07,-55.83240081795031
I4,20,N9,74.5353307459051,67.31339355387628,1.053045349012978e-07,6.759733303995854,6.759733198691319,67.15000084674607,453.9160900158996,50.698000569752914,-9.674502932931606e-08,-1.416151482939943e-07,-55.83240092740755
I4,21,N9,67.31339355387628,61.63776066907254,1.0530453555284646e-07,5.312392472433189,5.312392367128653,67.15000078114416,356.7271516024333,39.84294433303293,-9.674502932932539e-08,-1.2737446129706657e-07,-55.83240098984456
I4,22,N9,61.63776066907254,56.98971279653581,1.0530453615803321e-07,4.350572900951263,4.350572795646727,67.15000069310514,292.14096624308206,32.62929754691849,-9.674502932933518e-08,-1.1974461825900913e-07,-55.83240103009373
I4,23,N9,56.98971279653581,52.71048872013992,1.0530453643699384e-07,4.005353827763442,4.0053537224589055,67.15000066756494,268.95950513694925,30.04015449800984,-9.67450293293387e-08,-1.1757859738094001e-07,-55.83240105642694
I4,24,N9,52.71048872013992,48.6209957495263,1.0530453659719097e-07,3.8277655127512342,3.8277654074466976,67.15000065350829,257.0344496115222,28.70824213541828,-9.674502932934062e-08,-1.1652454513704977e-07,-55.8324010715371
