{
  "model": "Single Investor Primal-Dual MPEC",
  "investor": "I1",
  "wacc": 0.08,
  "solver_status": "ok",
  "termination": "optimal",
  "profit_eur_per_day": 13110.070940286481,
  "spot_revenue_eur_per_day": 27288.712801720674,
  "degradation_cost_eur_per_day": 11355.786069493719,
  "capex_daily_eur_per_day": 2822.855791940475,
  "lower_level_primal_objective_eur_per_day": 434874.39110579947,
  "lower_level_dual_objective_eur_per_day": 434874.38014312263,
  "strong_duality_gap": 0.010962676838971674,
  "total_power_mw": 126.55384844809775,
  "total_energy_mwh": 424.99886437045615,
  "total_charge_mwh": 807.0508167103113,
  "total_discharge_mwh": 707.0539925555178,
  "total_storage_throughput_mwh": 1514.104809265829,
  "total_load_shed_mwh": 0.0,
  "equivalent_cycles_throughput_over_2e": 1.7813045353764037,
  "equivalent_cycles_discharge_over_e": 1.6636608984893766,
  "line_limits_mw": {
    "L12": 350.0,
    "L23": 400.0,
    "L34": 300.0,
    "L45": 320.0,
    "L56": 240.0,
    "L67": 300.0,
    "L78": 250.0,
    "L89": 220.0,
    "L29": 250.0,
    "L37": 300.0,
    "L16": 280.0,
    "L59": 300.0
  },
  "existing_power_mw_per_node": 0.0,
  "existing_ratio_hours": 2.0,
  "storage_units": [
    "I1",
    "RIV"
  ],
  "demand_model": "quadratic",
  "load_shed_allowed": true,
  "quadratic_demand_alpha_eur_per_mwh": 4000,
  "quadratic_demand_beta_eur_per_mwh_per_share": 10000,
  "quadratic_demand_source": "fixed_default"
}