node,x_power_mw,x_energy_mwh,energy_power_ratio_h
N1,4.5804090945653805e-06,9.616019099587242e-06,2.099379968264532
N2,3.8229591323828835e-06,8.373762224275854e-06,2.1903875857172492
N3,0.0001232009445763397,0.0003796667981080437,3.0816873962584643
N4,4.553068193393783e-06,9.556346105228297e-06,2.0988805129459642
N5,4.567006254059317e-06,9.588637730861833e-06,2.099545566056344
N6,4.04680551871167e-06,8.539151053512017e-06,2.110096720494371
N7,3.825018713648328e-06,8.377673079727754e-06,2.190230612424135
N8,22.70289228826853,115.13389630720793,5.071331654368202
N9,14.986395181015697,52.306064421528134,3.490236563879474
