node,x_power_mw,x_energy_mwh,energy_power_ratio_h
N1,0.0,0.0,0.0
N2,0.0,0.0,0.0
N3,7.617652902369426e-06,1.5237392841652962e-05,2.0002739737476696
N4,0.0,0.0,0.0
N5,0.0,0.0,0.0
N6,0.0,0.0,0.0
N7,0.0,0.0,0.0
N8,0.0,0.0,0.0
N9,22.934649947137128,45.86929989638895,2.0000000000922054
