{
  "model": "Single Investor Primal-Dual MPEC",
  "investor": "I2",
  "wacc": 0.12,
  "solver_status": "ok",
  "termination": "optimal",
  "profit_eur_per_day": 237.55974036461845,
  "spot_revenue_eur_per_day": 1334.5995982385575,
  "degradation_cost_eur_per_day": 689.5450633023273,
  "capex_daily_eur_per_day": 407.49479457161175,
  "lower_level_primal_objective_eur_per_day": 434111.562733485,
  "lower_level_dual_objective_eur_per_day": 434111.5522853357,
  "strong_duality_gap": 0.010448149289004505,
  "total_power_mw": 22.93465756479003,
  "total_energy_mwh": 45.8693151337818,
  "total_charge_mwh": 49.005670241978834,
  "total_discharge_mwh": 42.933671531664814,
  "total_storage_throughput_mwh": 91.93934177364365,
  "total_load_shed_mwh": 0.0,
  "equivalent_cycles_throughput_over_2e": 1.002187862468566,
  "equivalent_cycles_discharge_over_e": 0.9359998379405725,
  "line_limits_mw": {
    "L14": 400.0,
    "L45": 400.0,
    "L46": 200.0,
    "L69": 200.0,
    "L57": 400.0,
    "L93": 400.0,
    "L72": 400.0,
    "L98": 200.0,
    "L78": 200.0
  },
  "existing_power_mw_per_node": 0.0,
  "existing_ratio_hours": 2.0,
  "storage_units": [
    "I2",
    "RIV"
  ],
  "demand_model": "quadratic",
  "load_shed_allowed": true,
  "quadratic_demand_alpha_eur_per_mwh": 4000,
  "quadratic_demand_beta_eur_per_mwh_per_share": 10000,
  "quadratic_demand_source": "fixed_default"
}