node,x_power_mw,x_energy_mwh,energy_power_ratio_h
N1,4.490482773660922e-09,3.344311082584838e-08,7.447553528544876
N2,2.754359441395729e-09,2.4448634139463226e-08,8.87634118191715
N3,1.6808511003743867e-08,7.951599919164064e-08,4.7306985832314075
N4,4.4899542022501284e-09,3.344449328900364e-08,7.448738179165173
N5,4.126846570680377e-09,3.1034553969410196e-08,7.520161808267481
N6,4.3838547686387555e-09,3.440885712076895e-08,7.848995675432321
N7,2.7467768092293005e-09,2.44125534908047e-08,8.887709190196073
N8,8.240284128996578,30.851623873408826,3.7440000114614542
N9,1.666810228139094e-08,8.040100134142736e-08,4.823644586774035
