{
  "model": "Single Investor Primal-Dual MPEC",
  "investor": "I1",
  "wacc": 0.08,
  "solver_status": "ok",
  "termination": "optimal",
  "profit_eur_per_day": 1271.4209481176508,
  "spot_revenue_eur_per_day": 1938.1270696507313,
  "degradation_cost_eur_per_day": 463.7869045872381,
  "capex_daily_eur_per_day": 202.91921694584246,
  "lower_level_primal_objective_eur_per_day": 434781.216046332,
  "lower_level_dual_objective_eur_per_day": 434781.21604633436,
  "strong_duality_gap": 2.3865140974521637e-09,
  "total_power_mw": 8.240284185465466,
  "total_energy_mwh": 30.85162421451803,
  "total_charge_mwh": 32.96113522173976,
  "total_discharge_mwh": 28.87711872322532,
  "total_storage_throughput_mwh": 61.838253944965075,
  "total_load_shed_mwh": -2.155003160314359e-06,
  "equivalent_cycles_throughput_over_2e": 1.0021879806876663,
  "equivalent_cycles_discharge_over_e": 0.9359999500329854,
  "line_limits_mw": {
    "L14": 400.0,
    "L45": 400.0,
    "L46": 200.0,
    "L69": 200.0,
    "L57": 400.0,
    "L93": 400.0,
    "L72": 400.0,
    "L98": 200.0,
    "L78": 200.0
  },
  "existing_power_mw_per_node": 0.0,
  "existing_ratio_hours": 2.0,
  "storage_units": [
    "I1",
    "RIV"
  ],
  "demand_model": "quadratic",
  "load_shed_allowed": true,
  "quadratic_demand_alpha_eur_per_mwh": 4000,
  "quadratic_demand_beta_eur_per_mwh_per_share": 10000,
  "quadratic_demand_source": "fixed_default"
}