fleet,case,gamma,generator,hour,p_gen_mw
with_penalty,hard_min_norm,,G_IEEE1,1,27.680709973433974
with_penalty,hard_min_norm,,G_IEEE1,2,7.769341279450906
with_penalty,hard_min_norm,,G_IEEE1,3,1.3228195099802007
with_penalty,hard_min_norm,,G_IEEE1,4,0.06874889889050359
with_penalty,hard_min_norm,,G_IEEE1,5,2.693271790709021
with_penalty,hard_min_norm,,G_IEEE1,6,34.35705227894714
with_penalty,hard_min_norm,,G_IEEE1,7,107.73891063166678
with_penalty,hard_min_norm,,G_IEEE1,8,122.9599414296575
with_penalty,hard_min_norm,,G_IEEE1,9,17.646262997866668
with_penalty,hard_min_norm,,G_IEEE1,10,-8.834500498675585e-09
with_penalty,hard_min_norm,,G_IEEE1,11,20.624364850341905
with_penalty,hard_min_norm,,G_IEEE1,12,0.005171547878170668
with_penalty,hard_min_norm,,G_IEEE1,13,0.14382909972226646
with_penalty,hard_min_norm,,G_IEEE1,14,0.0045348751624700884
with_penalty,hard_min_norm,,G_IEEE1,15,0.005153545758434025
with_penalty,hard_min_norm,,G_IEEE1,16,1.1812792155648524
with_penalty,hard_min_norm,,G_IEEE1,17,-8.834499724424685e-09
with_penalty,hard_min_norm,,G_IEEE1,18,12.07655912933296
with_penalty,hard_min_norm,,G_IEEE1,19,193.0176867300195
with_penalty,hard_min_norm,,G_IEEE1,20,232.6027011301292
with_penalty,hard_min_norm,,G_IEEE1,21,213.42402156699927
with_penalty,hard_min_norm,,G_IEEE1,22,154.59572069828184
with_penalty,hard_min_norm,,G_IEEE1,23,93.09334927601442
with_penalty,hard_min_norm,,G_IEEE1,24,52.39709317581594
with_penalty,hard_min_norm,,G_IEEE2,1,300.0000029988345
with_penalty,hard_min_norm,,G_IEEE2,2,300.0000029988345
with_penalty,hard_min_norm,,G_IEEE2,3,300.00000299883453
with_penalty,hard_min_norm,,G_IEEE2,4,300.00000299883527
with_penalty,hard_min_norm,,G_IEEE2,5,300.00000299883453
with_penalty,hard_min_norm,,G_IEEE2,6,300.0000029988345
with_penalty,hard_min_norm,,G_IEEE2,7,300.0000029988345
with_penalty,hard_min_norm,,G_IEEE2,8,300.0000029988345
with_penalty,hard_min_norm,,G_IEEE2,9,300.0000029988345
with_penalty,hard_min_norm,,G_IEEE2,10,234.05249625788144
with_penalty,hard_min_norm,,G_IEEE2,11,69.43563010709335
with_penalty,hard_min_norm,,G_IEEE2,12,56.9948241858465
with_penalty,hard_min_norm,,G_IEEE2,13,42.98116660775202
with_penalty,hard_min_norm,,G_IEEE2,14,32.24546077981351
with_penalty,hard_min_norm,,G_IEEE2,15,24.36984203046618
with_penalty,hard_min_norm,,G_IEEE2,16,26.56871628190101
with_penalty,hard_min_norm,,G_IEEE2,17,191.2724958949752
with_penalty,hard_min_norm,,G_IEEE2,18,300.0000029988345
with_penalty,hard_min_norm,,G_IEEE2,19,300.0000029988345
with_penalty,hard_min_norm,,G_IEEE2,20,300.0000029988345
with_penalty,hard_min_norm,,G_IEEE2,21,300.0000029988345
with_penalty,hard_min_norm,,G_IEEE2,22,300.0000029988345
with_penalty,hard_min_norm,,G_IEEE2,23,300.0000029988345
with_penalty,hard_min_norm,,G_IEEE2,24,300.0000029988345
with_penalty,hard_min_norm,,G_IEEE3,1,-8.728541866085472e-09
with_penalty,hard_min_norm,,G_IEEE3,2,-8.728535708782485e-09
with_penalty,hard_min_norm,,G_IEEE3,3,-8.728494262647118e-09
with_penalty,hard_min_norm,,G_IEEE3,4,-8.727552302531542e-09
with_penalty,hard_min_norm,,G_IEEE3,5,-8.728519695116239e-09
with_penalty,hard_min_norm,,G_IEEE3,6,-8.728542336852567e-09
with_penalty,hard_min_norm,,G_IEEE3,7,-8.728543911195648e-09
with_penalty,hard_min_norm,,G_IEEE3,8,-8.728543908154112e-09
with_penalty,hard_min_norm,,G_IEEE3,9,-8.728539434160071e-09
with_penalty,hard_min_norm,,G_IEEE3,10,-9.391912485533322e-09
with_penalty,hard_min_norm,,G_IEEE3,11,-9.555000140829056e-09
with_penalty,hard_min_norm,,G_IEEE3,12,-9.714856074925469e-09
with_penalty,hard_min_norm,,G_IEEE3,13,-9.714457054594794e-09
with_penalty,hard_min_norm,,G_IEEE3,14,-9.714769227984755e-09
with_penalty,hard_min_norm,,G_IEEE3,15,-9.714855473695335e-09
with_penalty,hard_min_norm,,G_IEEE3,16,-9.715495637798783e-09
with_penalty,hard_min_norm,,G_IEEE3,17,-9.391912355428505e-09
with_penalty,hard_min_norm,,G_IEEE3,18,-8.728537865906945e-09
with_penalty,hard_min_norm,,G_IEEE3,19,-8.728545166602661e-09
with_penalty,hard_min_norm,,G_IEEE3,20,-8.728548350508242e-09
with_penalty,hard_min_norm,,G_IEEE3,21,-8.728546167171553e-09
with_penalty,hard_min_norm,,G_IEEE3,22,-8.728544579886285e-09
with_penalty,hard_min_norm,,G_IEEE3,23,-8.728543821177486e-09
with_penalty,hard_min_norm,,G_IEEE3,24,-8.728543084206147e-09
with_penalty,hard_min_norm,,RES_Wind_N1,1,94.50000094484848
with_penalty,hard_min_norm,,RES_Wind_N1,2,98.43750098422349
with_penalty,hard_min_norm,,RES_Wind_N1,3,102.37500102359849
with_penalty,hard_min_norm,,RES_Wind_N1,4,105.00000104984849
with_penalty,hard_min_norm,,RES_Wind_N1,5,102.37500102359849
with_penalty,hard_min_norm,,RES_Wind_N1,6,94.50000094484848
with_penalty,hard_min_norm,,RES_Wind_N1,7,81.37500081359849
with_penalty,hard_min_norm,,RES_Wind_N1,8,68.25000068234849
with_penalty,hard_min_norm,,RES_Wind_N1,9,55.12500055109848
with_penalty,hard_min_norm,,RES_Wind_N1,10,45.93750045920085
with_penalty,hard_min_norm,,RES_Wind_N1,11,39.375000393598484
with_penalty,hard_min_norm,,RES_Wind_N1,12,36.750000367348754
with_penalty,hard_min_norm,,RES_Wind_N1,13,39.37500039359849
with_penalty,hard_min_norm,,RES_Wind_N1,14,44.62500044609877
with_penalty,hard_min_norm,,RES_Wind_N1,15,52.50000052484875
with_penalty,hard_min_norm,,RES_Wind_N1,16,60.37500060359849
with_penalty,hard_min_norm,,RES_Wind_N1,17,68.25000068232585
with_penalty,hard_min_norm,,RES_Wind_N1,18,76.12500076109849
with_penalty,hard_min_norm,,RES_Wind_N1,19,81.37500081359849
with_penalty,hard_min_norm,,RES_Wind_N1,20,86.62500086609849
with_penalty,hard_min_norm,,RES_Wind_N1,21,89.25000089234848
with_penalty,hard_min_norm,,RES_Wind_N1,22,91.87500091859849
with_penalty,hard_min_norm,,RES_Wind_N1,23,94.50000094484848
with_penalty,hard_min_norm,,RES_Wind_N1,24,95.81250095797348
with_penalty,hard_min_norm,,RES_PV_N6,7,4.795875047807234
with_penalty,hard_min_norm,,RES_PV_N6,8,23.979375239642234
with_penalty,hard_min_norm,,RES_PV_N6,9,67.14225067127099
with_penalty,hard_min_norm,,RES_PV_N6,10,115.10100115083584
with_penalty,hard_min_norm,,RES_PV_N6,11,163.05975163037755
with_penalty,hard_min_norm,,RES_PV_N6,12,203.82468953794177
with_penalty,hard_min_norm,,RES_PV_N6,13,227.80406477773678
with_penalty,hard_min_norm,,RES_PV_N6,14,234.9978773496737
with_penalty,hard_min_norm,,RES_PV_N6,15,215.81437715783866
with_penalty,hard_min_norm,,RES_PV_N6,16,172.65150172620986
with_penalty,hard_min_norm,,RES_PV_N6,17,119.89687619879459
with_penalty,hard_min_norm,,RES_PV_N6,18,67.14225067127099
with_penalty,hard_min_norm,,RES_PV_N6,19,19.183500191683482
with_penalty,hard_min_norm,,RES_PV_N6,20,2.397937523827859
with_penalty,hard_min_norm,,RES_PV_N8,7,8.906625088914733
with_penalty,hard_min_norm,,RES_PV_N8,8,44.533125445179735
with_penalty,hard_min_norm,,RES_PV_N8,9,124.69275124677598
with_penalty,hard_min_norm,,RES_PV_N8,10,213.75900213741582
with_penalty,hard_min_norm,,RES_PV_N8,11,302.82525302807034
with_penalty,hard_min_norm,,RES_PV_N8,12,378.5315662850796
with_penalty,hard_min_norm,,RES_PV_N8,13,423.0646917304108
with_penalty,hard_min_norm,,RES_PV_N8,14,436.42462936401023
with_penalty,hard_min_norm,,RES_PV_N8,15,400.7981290077452
with_penalty,hard_min_norm,,RES_PV_N8,16,320.63850320614813
with_penalty,hard_min_norm,,RES_PV_N8,17,222.6656272264821
with_penalty,hard_min_norm,,RES_PV_N8,18,124.69275124677598
with_penalty,hard_min_norm,,RES_PV_N8,19,35.62650035611348
with_penalty,hard_min_norm,,RES_PV_N8,20,4.4533125443816095
with_penalty,gamma_1e-02,0.01,G_IEEE1,1,21.635357741134218
with_penalty,gamma_1e-02,0.01,G_IEEE1,2,4.6694702577256555
with_penalty,gamma_1e-02,0.01,G_IEEE1,3,0.4906234547351785
with_penalty,gamma_1e-02,0.01,G_IEEE1,4,-8.834498834134321e-09
with_penalty,gamma_1e-02,0.01,G_IEEE1,5,1.4626419484330448
with_penalty,gamma_1e-02,0.01,G_IEEE1,6,27.657873868569492
with_penalty,gamma_1e-02,0.01,G_IEEE1,7,99.80340759763006
with_penalty,gamma_1e-02,0.01,G_IEEE1,8,114.13846043392023
with_penalty,gamma_1e-02,0.01,G_IEEE1,9,13.058191774011197
with_penalty,gamma_1e-02,0.01,G_IEEE1,10,-8.834498834460025e-09
with_penalty,gamma_1e-02,0.01,G_IEEE1,11,20.427734294286697
with_penalty,gamma_1e-02,0.01,G_IEEE1,12,-9.685355554010551e-09
with_penalty,gamma_1e-02,0.01,G_IEEE1,13,-9.685355552649933e-09
with_penalty,gamma_1e-02,0.01,G_IEEE1,14,-9.685355553828745e-09
with_penalty,gamma_1e-02,0.01,G_IEEE1,15,-9.685355554071855e-09
with_penalty,gamma_1e-02,0.01,G_IEEE1,16,-9.673854094162516e-09
with_penalty,gamma_1e-02,0.01,G_IEEE1,17,-8.834498834478124e-09
with_penalty,gamma_1e-02,0.01,G_IEEE1,18,8.84447920338078
with_penalty,gamma_1e-02,0.01,G_IEEE1,19,185.00083330685152
with_penalty,gamma_1e-02,0.01,G_IEEE1,20,227.1653639760063
with_penalty,gamma_1e-02,0.01,G_IEEE1,21,206.84440800081236
with_penalty,gamma_1e-02,0.01,G_IEEE1,22,147.92584161580092
with_penalty,gamma_1e-02,0.01,G_IEEE1,23,86.52173612231253
with_penalty,gamma_1e-02,0.01,G_IEEE1,24,45.97118532901838
with_penalty,gamma_1e-02,0.01,G_IEEE2,1,300.0000029988345
with_penalty,gamma_1e-02,0.01,G_IEEE2,2,300.0000029988345
with_penalty,gamma_1e-02,0.01,G_IEEE2,3,300.0000029988345
with_penalty,gamma_1e-02,0.01,G_IEEE2,4,296.2019989611484
with_penalty,gamma_1e-02,0.01,G_IEEE2,5,300.0000029988345
with_penalty,gamma_1e-02,0.01,G_IEEE2,6,300.0000029988345
with_penalty,gamma_1e-02,0.01,G_IEEE2,7,300.0000029988345
with_penalty,gamma_1e-02,0.01,G_IEEE2,8,300.0000029988345
with_penalty,gamma_1e-02,0.01,G_IEEE2,9,300.0000029988345
with_penalty,gamma_1e-02,0.01,G_IEEE2,10,229.35449624588952
with_penalty,gamma_1e-02,0.01,G_IEEE2,11,64.9683142937098
with_penalty,gamma_1e-02,0.01,G_IEEE2,12,55.15848147177149
with_penalty,gamma_1e-02,0.01,G_IEEE2,13,41.10040285566749
with_penalty,gamma_1e-02,0.01,G_IEEE2,14,30.269720921410904
with_penalty,gamma_1e-02,0.01,G_IEEE2,15,22.59234586026593
with_penalty,gamma_1e-02,0.01,G_IEEE2,16,25.672847630969567
with_penalty,gamma_1e-02,0.01,G_IEEE2,17,186.5744958750172
with_penalty,gamma_1e-02,0.01,G_IEEE2,18,300.0000029988345
with_penalty,gamma_1e-02,0.01,G_IEEE2,19,300.0000029988345
with_penalty,gamma_1e-02,0.01,G_IEEE2,20,300.0000029988345
with_penalty,gamma_1e-02,0.01,G_IEEE2,21,300.0000029988345
with_penalty,gamma_1e-02,0.01,G_IEEE2,22,300.0000029988345
with_penalty,gamma_1e-02,0.01,G_IEEE2,23,300.0000029988345
with_penalty,gamma_1e-02,0.01,G_IEEE2,24,300.0000029988345
with_penalty,gamma_1e-02,0.01,G_IEEE3,1,-8.728544183163485e-09
with_penalty,gamma_1e-02,0.01,G_IEEE3,2,-8.728544183435707e-09
with_penalty,gamma_1e-02,0.01,G_IEEE3,3,-8.728544186383353e-09
with_penalty,gamma_1e-02,0.01,G_IEEE3,4,-9.391912435291185e-09
with_penalty,gamma_1e-02,0.01,G_IEEE3,5,-8.728544184194317e-09
with_penalty,gamma_1e-02,0.01,G_IEEE3,6,-8.72854418314714e-09
with_penalty,gamma_1e-02,0.01,G_IEEE3,7,-8.728544183098955e-09
with_penalty,gamma_1e-02,0.01,G_IEEE3,8,-8.728544183099312e-09
with_penalty,gamma_1e-02,0.01,G_IEEE3,9,-8.728544183239448e-09
with_penalty,gamma_1e-02,0.01,G_IEEE3,10,-9.391912435390032e-09
with_penalty,gamma_1e-02,0.01,G_IEEE3,11,-9.555000331042017e-09
with_penalty,gamma_1e-02,0.01,G_IEEE3,12,-9.84461886642201e-09
with_penalty,gamma_1e-02,0.01,G_IEEE3,13,-9.844618866569139e-09
with_penalty,gamma_1e-02,0.01,G_IEEE3,14,-9.844618866561559e-09
with_penalty,gamma_1e-02,0.01,G_IEEE3,15,-9.844618866426584e-09
with_penalty,gamma_1e-02,0.01,G_IEEE3,16,-9.842726132142632e-09
with_penalty,gamma_1e-02,0.01,G_IEEE3,17,-9.391912435392985e-09
with_penalty,gamma_1e-02,0.01,G_IEEE3,18,-8.728544183294037e-09
with_penalty,gamma_1e-02,0.01,G_IEEE3,19,-8.728544183070847e-09
with_penalty,gamma_1e-02,0.01,G_IEEE3,20,-8.728544183011347e-09
with_penalty,gamma_1e-02,0.01,G_IEEE3,21,-8.728544183049455e-09
with_penalty,gamma_1e-02,0.01,G_IEEE3,22,-8.728544183082365e-09
with_penalty,gamma_1e-02,0.01,G_IEEE3,23,-8.72854418310091e-09
with_penalty,gamma_1e-02,0.01,G_IEEE3,24,-8.728544183121745e-09
with_penalty,gamma_1e-02,0.01,RES_Wind_N1,1,94.50000094484848
with_penalty,gamma_1e-02,0.01,RES_Wind_N1,2,98.43750098422349
with_penalty,gamma_1e-02,0.01,RES_Wind_N1,3,102.37500102359849
with_penalty,gamma_1e-02,0.01,RES_Wind_N1,4,105.00000104982584
with_penalty,gamma_1e-02,0.01,RES_Wind_N1,5,102.37500102359849
with_penalty,gamma_1e-02,0.01,RES_Wind_N1,6,94.50000094484848
with_penalty,gamma_1e-02,0.01,RES_Wind_N1,7,81.37500081359849
with_penalty,gamma_1e-02,0.01,RES_Wind_N1,8,68.25000068234849
with_penalty,gamma_1e-02,0.01,RES_Wind_N1,9,55.12500055109848
with_penalty,gamma_1e-02,0.01,RES_Wind_N1,10,45.93750045920085
with_penalty,gamma_1e-02,0.01,RES_Wind_N1,11,39.375000393598484
with_penalty,gamma_1e-02,0.01,RES_Wind_N1,12,36.750000367207754
with_penalty,gamma_1e-02,0.01,RES_Wind_N1,13,39.37500039345775
with_penalty,gamma_1e-02,0.01,RES_Wind_N1,14,44.62500044595775
with_penalty,gamma_1e-02,0.01,RES_Wind_N1,15,52.50000052470775
with_penalty,gamma_1e-02,0.01,RES_Wind_N1,16,60.37500060346703
with_penalty,gamma_1e-02,0.01,RES_Wind_N1,17,68.25000068232585
with_penalty,gamma_1e-02,0.01,RES_Wind_N1,18,76.12500076109849
with_penalty,gamma_1e-02,0.01,RES_Wind_N1,19,81.37500081359849
with_penalty,gamma_1e-02,0.01,RES_Wind_N1,20,86.62500086609849
with_penalty,gamma_1e-02,0.01,RES_Wind_N1,21,89.25000089234848
with_penalty,gamma_1e-02,0.01,RES_Wind_N1,22,91.87500091859849
with_penalty,gamma_1e-02,0.01,RES_Wind_N1,23,94.50000094484848
with_penalty,gamma_1e-02,0.01,RES_Wind_N1,24,95.81250095797348
with_penalty,gamma_1e-02,0.01,RES_PV_N6,7,4.795875047807234
with_penalty,gamma_1e-02,0.01,RES_PV_N6,8,23.979375239642234
with_penalty,gamma_1e-02,0.01,RES_PV_N6,9,67.14225067127099
with_penalty,gamma_1e-02,0.01,RES_PV_N6,10,115.10100115083584
with_penalty,gamma_1e-02,0.01,RES_PV_N6,11,163.05975163037755
with_penalty,gamma_1e-02,0.01,RES_PV_N6,12,203.82468953785533
with_penalty,gamma_1e-02,0.01,RES_PV_N6,13,227.80406477764907
with_penalty,gamma_1e-02,0.01,RES_PV_N6,14,234.9978773495872
with_penalty,gamma_1e-02,0.01,RES_PV_N6,15,215.81437715775223
with_penalty,gamma_1e-02,0.01,RES_PV_N6,16,172.65150172612346
with_penalty,gamma_1e-02,0.01,RES_PV_N6,17,119.89687619879459
with_penalty,gamma_1e-02,0.01,RES_PV_N6,18,67.14225067127099
with_penalty,gamma_1e-02,0.01,RES_PV_N6,19,19.183500191683482
with_penalty,gamma_1e-02,0.01,RES_PV_N6,20,2.3979375238278595
with_penalty,gamma_1e-02,0.01,RES_PV_N8,7,8.906625088914735
with_penalty,gamma_1e-02,0.01,RES_PV_N8,8,44.533125445179735
with_penalty,gamma_1e-02,0.01,RES_PV_N8,9,124.69275124677598
with_penalty,gamma_1e-02,0.01,RES_PV_N8,10,213.75900213741582
with_penalty,gamma_1e-02,0.01,RES_PV_N8,11,302.82525302807034
with_penalty,gamma_1e-02,0.01,RES_PV_N8,12,378.35477235194224
with_penalty,gamma_1e-02,0.01,RES_PV_N8,13,422.87225737583054
with_penalty,gamma_1e-02,0.01,RES_PV_N8,14,434.7677125386286
with_penalty,gamma_1e-02,0.01,RES_PV_N8,15,400.6067941691286
with_penalty,gamma_1e-02,0.01,RES_PV_N8,16,320.63850319827975
with_penalty,gamma_1e-02,0.01,RES_PV_N8,17,222.6656272264821
with_penalty,gamma_1e-02,0.01,RES_PV_N8,18,124.69275124677598
with_penalty,gamma_1e-02,0.01,RES_PV_N8,19,35.62650035611348
with_penalty,gamma_1e-02,0.01,RES_PV_N8,20,4.4533125443816095
with_penalty,gamma_3e-03,0.003,G_IEEE1,1,25.81597862231198
with_penalty,gamma_3e-03,0.003,G_IEEE1,2,6.6915515899953855
with_penalty,gamma_3e-03,0.003,G_IEEE1,3,1.0333520873868105
with_penalty,gamma_3e-03,0.003,G_IEEE1,4,-8.834607882665337e-09
with_penalty,gamma_3e-03,0.003,G_IEEE1,5,2.2616668028303795
with_penalty,gamma_3e-03,0.003,G_IEEE1,6,32.28261097679383
with_penalty,gamma_3e-03,0.003,G_IEEE1,7,105.32681020199973
with_penalty,gamma_3e-03,0.003,G_IEEE1,8,120.27816586904902
with_penalty,gamma_3e-03,0.003,G_IEEE1,9,16.072201894353356
with_penalty,gamma_3e-03,0.003,G_IEEE1,10,-8.834500473284317e-09
with_penalty,gamma_3e-03,0.003,G_IEEE1,11,20.565375695190717
with_penalty,gamma_3e-03,0.003,G_IEEE1,12,-9.684306477841336e-09
with_penalty,gamma_3e-03,0.003,G_IEEE1,13,-9.684681116223672e-09
with_penalty,gamma_3e-03,0.003,G_IEEE1,14,-9.68423983100117e-09
with_penalty,gamma_3e-03,0.003,G_IEEE1,15,-9.684303941758782e-09
with_penalty,gamma_3e-03,0.003,G_IEEE1,16,0.34544947498382805
with_penalty,gamma_3e-03,0.003,G_IEEE1,17,-8.834499710629007e-09
with_penalty,gamma_3e-03,0.003,G_IEEE1,18,10.947884515463558
with_penalty,gamma_3e-03,0.003,G_IEEE1,19,190.58915519568845
with_penalty,gamma_3e-03,0.003,G_IEEE1,20,231.03065109929975
with_penalty,gamma_3e-03,0.003,G_IEEE1,21,211.43664516129624
with_penalty,gamma_3e-03,0.003,G_IEEE1,22,152.574865303175
with_penalty,gamma_3e-03,0.003,G_IEEE1,23,91.10263509856806
with_penalty,gamma_3e-03,0.003,G_IEEE1,24,50.44570020763649
with_penalty,gamma_3e-03,0.003,G_IEEE2,1,300.0000029988345
with_penalty,gamma_3e-03,0.003,G_IEEE2,2,300.0000029988345
with_penalty,gamma_3e-03,0.003,G_IEEE2,3,300.00000299883453
with_penalty,gamma_3e-03,0.003,G_IEEE2,4,299.49059896088545
with_penalty,gamma_3e-03,0.003,G_IEEE2,5,300.00000299883453
with_penalty,gamma_3e-03,0.003,G_IEEE2,6,300.0000029988345
with_penalty,gamma_3e-03,0.003,G_IEEE2,7,300.0000029988345
with_penalty,gamma_3e-03,0.003,G_IEEE2,8,300.0000029988345
with_penalty,gamma_3e-03,0.003,G_IEEE2,9,300.0000029988345
with_penalty,gamma_3e-03,0.003,G_IEEE2,10,232.6430962464635
with_penalty,gamma_3e-03,0.003,G_IEEE2,11,68.09543533234822
with_penalty,gamma_3e-03,0.003,G_IEEE2,12,56.383106865445235
with_penalty,gamma_3e-03,0.003,G_IEEE2,13,42.508106835864524
with_penalty,gamma_3e-03,0.003,G_IEEE2,14,31.63310678766817
with_penalty,gamma_3e-03,0.003,G_IEEE2,15,23.75810670794814
with_penalty,gamma_3e-03,0.003,G_IEEE2,16,26.55943138821054
with_penalty,gamma_3e-03,0.003,G_IEEE2,17,189.86309587718617
with_penalty,gamma_3e-03,0.003,G_IEEE2,18,300.0000029988345
with_penalty,gamma_3e-03,0.003,G_IEEE2,19,300.0000029988345
with_penalty,gamma_3e-03,0.003,G_IEEE2,20,300.0000029988345
with_penalty,gamma_3e-03,0.003,G_IEEE2,21,300.0000029988345
with_penalty,gamma_3e-03,0.003,G_IEEE2,22,300.0000029988345
with_penalty,gamma_3e-03,0.003,G_IEEE2,23,300.0000029988345
with_penalty,gamma_3e-03,0.003,G_IEEE2,24,300.0000029988345
with_penalty,gamma_3e-03,0.003,G_IEEE3,1,-8.728541685415832e-09
with_penalty,gamma_3e-03,0.003,G_IEEE3,2,-8.728534343727745e-09
with_penalty,gamma_3e-03,0.003,G_IEEE3,3,-8.72848041839488e-09
with_penalty,gamma_3e-03,0.003,G_IEEE3,4,-9.391942131760009e-09
with_penalty,gamma_3e-03,0.003,G_IEEE3,5,-8.728515056298534e-09
with_penalty,gamma_3e-03,0.003,G_IEEE3,6,-8.72854220318235e-09
with_penalty,gamma_3e-03,0.003,G_IEEE3,7,-8.728543878828878e-09
with_penalty,gamma_3e-03,0.003,G_IEEE3,8,-8.728543871969129e-09
with_penalty,gamma_3e-03,0.003,G_IEEE3,9,-8.728539052992863e-09
with_penalty,gamma_3e-03,0.003,G_IEEE3,10,-9.391912478332933e-09
with_penalty,gamma_3e-03,0.003,G_IEEE3,11,-9.555000129096128e-09
with_penalty,gamma_3e-03,0.003,G_IEEE3,12,-9.844753751302723e-09
with_penalty,gamma_3e-03,0.003,G_IEEE3,13,-9.844716534244566e-09
with_penalty,gamma_3e-03,0.003,G_IEEE3,14,-9.844733594201763e-09
with_penalty,gamma_3e-03,0.003,G_IEEE3,15,-9.844753565123386e-09
with_penalty,gamma_3e-03,0.003,G_IEEE3,16,-9.764840679157737e-09
with_penalty,gamma_3e-03,0.003,G_IEEE3,17,-9.391912351345833e-09
with_penalty,gamma_3e-03,0.003,G_IEEE3,18,-8.728537294133818e-09
with_penalty,gamma_3e-03,0.003,G_IEEE3,19,-8.72854509643117e-09
with_penalty,gamma_3e-03,0.003,G_IEEE3,20,-8.728548015389662e-09
with_penalty,gamma_3e-03,0.003,G_IEEE3,21,-8.728546052649152e-09
with_penalty,gamma_3e-03,0.003,G_IEEE3,22,-8.728544548976411e-09
with_penalty,gamma_3e-03,0.003,G_IEEE3,23,-8.72854379225417e-09
with_penalty,gamma_3e-03,0.003,G_IEEE3,24,-8.728543025064295e-09
with_penalty,gamma_3e-03,0.003,RES_Wind_N1,1,94.50000094484848
with_penalty,gamma_3e-03,0.003,RES_Wind_N1,2,98.43750098422349
with_penalty,gamma_3e-03,0.003,RES_Wind_N1,3,102.37500102359849
with_penalty,gamma_3e-03,0.003,RES_Wind_N1,4,105.00000104982584
with_penalty,gamma_3e-03,0.003,RES_Wind_N1,5,102.37500102359849
with_penalty,gamma_3e-03,0.003,RES_Wind_N1,6,94.50000094484848
with_penalty,gamma_3e-03,0.003,RES_Wind_N1,7,81.37500081359849
with_penalty,gamma_3e-03,0.003,RES_Wind_N1,8,68.25000068234849
with_penalty,gamma_3e-03,0.003,RES_Wind_N1,9,55.12500055109848
with_penalty,gamma_3e-03,0.003,RES_Wind_N1,10,45.93750045920085
with_penalty,gamma_3e-03,0.003,RES_Wind_N1,11,39.375000393598484
with_penalty,gamma_3e-03,0.003,RES_Wind_N1,12,36.75000036720866
with_penalty,gamma_3e-03,0.003,RES_Wind_N1,13,39.37500039345835
with_penalty,gamma_3e-03,0.003,RES_Wind_N1,14,44.62500044595872
with_penalty,gamma_3e-03,0.003,RES_Wind_N1,15,52.50000052470866
with_penalty,gamma_3e-03,0.003,RES_Wind_N1,16,60.375000603598494
with_penalty,gamma_3e-03,0.003,RES_Wind_N1,17,68.25000068232585
with_penalty,gamma_3e-03,0.003,RES_Wind_N1,18,76.12500076109849
with_penalty,gamma_3e-03,0.003,RES_Wind_N1,19,81.37500081359849
with_penalty,gamma_3e-03,0.003,RES_Wind_N1,20,86.62500086609849
with_penalty,gamma_3e-03,0.003,RES_Wind_N1,21,89.25000089234848
with_penalty,gamma_3e-03,0.003,RES_Wind_N1,22,91.87500091859849
with_penalty,gamma_3e-03,0.003,RES_Wind_N1,23,94.50000094484848
with_penalty,gamma_3e-03,0.003,RES_Wind_N1,24,95.81250095797348
with_penalty,gamma_3e-03,0.003,RES_PV_N6,7,4.795875047807234
with_penalty,gamma_3e-03,0.003,RES_PV_N6,8,23.979375239642234
with_penalty,gamma_3e-03,0.003,RES_PV_N6,9,67.14225067127099
with_penalty,gamma_3e-03,0.003,RES_PV_N6,10,115.10100115083584
with_penalty,gamma_3e-03,0.003,RES_PV_N6,11,163.05975163037755
with_penalty,gamma_3e-03,0.003,RES_PV_N6,12,203.82468953785337
with_penalty,gamma_3e-03,0.003,RES_PV_N6,13,227.80406477764774
with_penalty,gamma_3e-03,0.003,RES_PV_N6,14,234.9978773495853
with_penalty,gamma_3e-03,0.003,RES_PV_N6,15,215.81437715775027
with_penalty,gamma_3e-03,0.003,RES_PV_N6,16,172.65150172612147
with_penalty,gamma_3e-03,0.003,RES_PV_N6,17,119.89687619879459
with_penalty,gamma_3e-03,0.003,RES_PV_N6,18,67.14225067127099
with_penalty,gamma_3e-03,0.003,RES_PV_N6,19,19.183500191683482
with_penalty,gamma_3e-03,0.003,RES_PV_N6,20,2.397937523827859
with_penalty,gamma_3e-03,0.003,RES_PV_N8,7,8.906625088914733
with_penalty,gamma_3e-03,0.003,RES_PV_N8,8,44.533125445179735
with_penalty,gamma_3e-03,0.003,RES_PV_N8,9,124.69275124677598
with_penalty,gamma_3e-03,0.003,RES_PV_N8,10,213.75900213741582
with_penalty,gamma_3e-03,0.003,RES_PV_N8,11,302.82525302807034
with_penalty,gamma_3e-03,0.003,RES_PV_N8,12,378.49868725885153
with_penalty,gamma_3e-03,0.003,RES_PV_N8,13,423.03131334040427
with_penalty,gamma_3e-03,0.003,RES_PV_N8,14,436.11434270744166
with_penalty,gamma_3e-03,0.003,RES_PV_N8,15,400.76477780029677
with_penalty,gamma_3e-03,0.003,RES_PV_N8,16,320.6385032060981
with_penalty,gamma_3e-03,0.003,RES_PV_N8,17,222.6656272264821
with_penalty,gamma_3e-03,0.003,RES_PV_N8,18,124.69275124677598
with_penalty,gamma_3e-03,0.003,RES_PV_N8,19,35.62650035611348
with_penalty,gamma_3e-03,0.003,RES_PV_N8,20,4.4533125443816095
with_penalty,gamma_1e-03,0.001,G_IEEE1,1,27.03978717455065
with_penalty,gamma_1e-03,0.001,G_IEEE1,2,7.388166683551882
with_penalty,gamma_1e-03,0.001,G_IEEE1,3,1.221064103480536
with_penalty,gamma_1e-03,0.001,G_IEEE1,4,0.025517558805815545
with_penalty,gamma_1e-03,0.001,G_IEEE1,5,2.540172079401857
with_penalty,gamma_1e-03,0.001,G_IEEE1,6,33.6336288435008
with_penalty,gamma_1e-03,0.001,G_IEEE1,7,106.8938528960926
with_penalty,gamma_1e-03,0.001,G_IEEE1,8,122.00584198218498
with_penalty,gamma_1e-03,0.001,G_IEEE1,9,17.040377199081078
with_penalty,gamma_1e-03,0.001,G_IEEE1,10,-8.834498834458237e-09
with_penalty,gamma_1e-03,0.001,G_IEEE1,11,20.604701811470335
with_penalty,gamma_1e-03,0.001,G_IEEE1,12,-8.834509712661783e-09
with_penalty,gamma_1e-03,0.001,G_IEEE1,13,-8.832212396993446e-09
with_penalty,gamma_1e-03,0.001,G_IEEE1,14,-8.836761199426405e-09
with_penalty,gamma_1e-03,0.001,G_IEEE1,15,-8.834509713503356e-09
with_penalty,gamma_1e-03,0.001,G_IEEE1,16,0.8174895576431718
with_penalty,gamma_1e-03,0.001,G_IEEE1,17,-8.834498834477125e-09
with_penalty,gamma_1e-03,0.001,G_IEEE1,18,11.645360087993064
with_penalty,gamma_1e-03,0.001,G_IEEE1,19,192.16524476273077
with_penalty,gamma_1e-03,0.001,G_IEEE1,20,232.06397569753273
with_penalty,gamma_1e-03,0.001,G_IEEE1,21,212.74088019527812
with_penalty,gamma_1e-03,0.001,G_IEEE1,22,153.9036130036339
with_penalty,gamma_1e-03,0.001,G_IEEE1,23,92.41266758199507
with_penalty,gamma_1e-03,0.001,G_IEEE1,24,51.72972073847066
with_penalty,gamma_1e-03,0.001,G_IEEE2,1,300.0000029988345
with_penalty,gamma_1e-03,0.001,G_IEEE2,2,300.0000029988345
with_penalty,gamma_1e-03,0.001,G_IEEE2,3,300.0000029988345
with_penalty,gamma_1e-03,0.001,G_IEEE2,4,300.0000029988345
with_penalty,gamma_1e-03,0.001,G_IEEE2,5,300.0000029988345
with_penalty,gamma_1e-03,0.001,G_IEEE2,6,300.0000029988345
with_penalty,gamma_1e-03,0.001,G_IEEE2,7,300.0000029988345
with_penalty,gamma_1e-03,0.001,G_IEEE2,8,300.0000029988345
with_penalty,gamma_1e-03,0.001,G_IEEE2,9,300.0000029988345
with_penalty,gamma_1e-03,0.001,G_IEEE2,10,233.58269624466107
with_penalty,gamma_1e-03,0.001,G_IEEE2,11,68.9888984839524
with_penalty,gamma_1e-03,0.001,G_IEEE2,12,56.73899593529336
with_penalty,gamma_1e-03,0.001,G_IEEE2,13,42.863955033110926
with_penalty,gamma_1e-03,0.001,G_IEEE2,14,31.98903604743621
with_penalty,gamma_1e-03,0.001,G_IEEE2,15,24.11399577780879
with_penalty,gamma_1e-03,0.001,G_IEEE2,16,26.650801061359935
with_penalty,gamma_1e-03,0.001,G_IEEE2,17,190.80269587586375
with_penalty,gamma_1e-03,0.001,G_IEEE2,18,300.0000029988345
with_penalty,gamma_1e-03,0.001,G_IEEE2,19,300.0000029988345
with_penalty,gamma_1e-03,0.001,G_IEEE2,20,300.0000029988345
with_penalty,gamma_1e-03,0.001,G_IEEE2,21,300.0000029988345
with_penalty,gamma_1e-03,0.001,G_IEEE2,22,300.0000029988345
with_penalty,gamma_1e-03,0.001,G_IEEE2,23,300.0000029988345
with_penalty,gamma_1e-03,0.001,G_IEEE2,24,300.0000029988345
with_penalty,gamma_1e-03,0.001,G_IEEE3,1,-8.728544183147906e-09
with_penalty,gamma_1e-03,0.001,G_IEEE3,2,-8.728544183308078e-09
with_penalty,gamma_1e-03,0.001,G_IEEE3,3,-8.728544184412812e-09
with_penalty,gamma_1e-03,0.001,G_IEEE3,4,-8.72854424644076e-09
with_penalty,gamma_1e-03,0.001,G_IEEE3,5,-8.728544183725521e-09
with_penalty,gamma_1e-03,0.001,G_IEEE3,6,-8.72854418313601e-09
with_penalty,gamma_1e-03,0.001,G_IEEE3,7,-8.728544183096583e-09
with_penalty,gamma_1e-03,0.001,G_IEEE3,8,-8.728544183096697e-09
with_penalty,gamma_1e-03,0.001,G_IEEE3,9,-8.728544183209456e-09
with_penalty,gamma_1e-03,0.001,G_IEEE3,10,-9.391912435389529e-09
with_penalty,gamma_1e-03,0.001,G_IEEE3,11,-9.555000331041098e-09
with_penalty,gamma_1e-03,0.001,G_IEEE3,12,-9.810184791533744e-09
with_penalty,gamma_1e-03,0.001,G_IEEE3,13,-9.81020979560591e-09
with_penalty,gamma_1e-03,0.001,G_IEEE3,14,-9.810226250931367e-09
with_penalty,gamma_1e-03,0.001,G_IEEE3,15,-9.810184791540564e-09
with_penalty,gamma_1e-03,0.001,G_IEEE3,16,-9.786112241886464e-09
with_penalty,gamma_1e-03,0.001,G_IEEE3,17,-9.391912435392692e-09
with_penalty,gamma_1e-03,0.001,G_IEEE3,18,-8.728544183249593e-09
with_penalty,gamma_1e-03,0.001,G_IEEE3,19,-8.728544183066139e-09
with_penalty,gamma_1e-03,0.001,G_IEEE3,20,-8.728544182990407e-09
with_penalty,gamma_1e-03,0.001,G_IEEE3,21,-8.728544183041975e-09
with_penalty,gamma_1e-03,0.001,G_IEEE3,22,-8.72854418308017e-09
with_penalty,gamma_1e-03,0.001,G_IEEE3,23,-8.728544183098755e-09
with_penalty,gamma_1e-03,0.001,G_IEEE3,24,-8.72854418311707e-09
with_penalty,gamma_1e-03,0.001,RES_Wind_N1,1,94.50000094484848
with_penalty,gamma_1e-03,0.001,RES_Wind_N1,2,98.43750098422349
with_penalty,gamma_1e-03,0.001,RES_Wind_N1,3,102.37500102359849
with_penalty,gamma_1e-03,0.001,RES_Wind_N1,4,105.00000104984848
with_penalty,gamma_1e-03,0.001,RES_Wind_N1,5,102.37500102359849
with_penalty,gamma_1e-03,0.001,RES_Wind_N1,6,94.50000094484848
with_penalty,gamma_1e-03,0.001,RES_Wind_N1,7,81.37500081359849
with_penalty,gamma_1e-03,0.001,RES_Wind_N1,8,68.25000068234849
with_penalty,gamma_1e-03,0.001,RES_Wind_N1,9,55.12500055109848
with_penalty,gamma_1e-03,0.001,RES_Wind_N1,10,45.93750045920085
with_penalty,gamma_1e-03,0.001,RES_Wind_N1,11,39.375000393598484
with_penalty,gamma_1e-03,0.001,RES_Wind_N1,12,36.750000367325846
with_penalty,gamma_1e-03,0.001,RES_Wind_N1,13,39.375000393575895
with_penalty,gamma_1e-03,0.001,RES_Wind_N1,14,44.625000446075795
with_penalty,gamma_1e-03,0.001,RES_Wind_N1,15,52.50000052482584
with_penalty,gamma_1e-03,0.001,RES_Wind_N1,16,60.37500060359849
with_penalty,gamma_1e-03,0.001,RES_Wind_N1,17,68.25000068232585
with_penalty,gamma_1e-03,0.001,RES_Wind_N1,18,76.12500076109849
with_penalty,gamma_1e-03,0.001,RES_Wind_N1,19,81.37500081359849
with_penalty,gamma_1e-03,0.001,RES_Wind_N1,20,86.62500086609849
with_penalty,gamma_1e-03,0.001,RES_Wind_N1,21,89.25000089234848
with_penalty,gamma_1e-03,0.001,RES_Wind_N1,22,91.87500091859849
with_penalty,gamma_1e-03,0.001,RES_Wind_N1,23,94.50000094484848
with_penalty,gamma_1e-03,0.001,RES_Wind_N1,24,95.81250095797348
with_penalty,gamma_1e-03,0.001,RES_PV_N6,7,4.795875047807234
with_penalty,gamma_1e-03,0.001,RES_PV_N6,8,23.979375239642234
with_penalty,gamma_1e-03,0.001,RES_PV_N6,9,67.14225067127099
with_penalty,gamma_1e-03,0.001,RES_PV_N6,10,115.10100115083584
with_penalty,gamma_1e-03,0.001,RES_PV_N6,11,163.05975163037755
with_penalty,gamma_1e-03,0.001,RES_PV_N6,12,203.8246895377748
with_penalty,gamma_1e-03,0.001,RES_PV_N6,13,227.8040647775681
with_penalty,gamma_1e-03,0.001,RES_PV_N6,14,234.99787734950667
with_penalty,gamma_1e-03,0.001,RES_PV_N6,15,215.8143771576717
with_penalty,gamma_1e-03,0.001,RES_PV_N6,16,172.6515017260429
with_penalty,gamma_1e-03,0.001,RES_PV_N6,17,119.89687619879459
with_penalty,gamma_1e-03,0.001,RES_PV_N6,18,67.14225067127099
with_penalty,gamma_1e-03,0.001,RES_PV_N6,19,19.183500191683482
with_penalty,gamma_1e-03,0.001,RES_PV_N6,20,2.3979375238278595
with_penalty,gamma_1e-03,0.001,RES_PV_N8,7,8.906625088914735
with_penalty,gamma_1e-03,0.001,RES_PV_N8,8,44.533125445179735
with_penalty,gamma_1e-03,0.001,RES_PV_N8,9,124.69275124677598
with_penalty,gamma_1e-03,0.001,RES_PV_N8,10,213.75900213741582
with_penalty,gamma_1e-03,0.001,RES_PV_N8,11,302.82525302807034
with_penalty,gamma_1e-03,0.001,RES_PV_N8,12,378.53156628484356
with_penalty,gamma_1e-03,0.001,RES_PV_N8,13,423.0646917301748
with_penalty,gamma_1e-03,0.001,RES_PV_N8,14,436.42462936377376
with_penalty,gamma_1e-03,0.001,RES_PV_N8,15,400.7981290075092
with_penalty,gamma_1e-03,0.001,RES_PV_N8,16,320.6385032060585
with_penalty,gamma_1e-03,0.001,RES_PV_N8,17,222.6656272264821
with_penalty,gamma_1e-03,0.001,RES_PV_N8,18,124.69275124677598
with_penalty,gamma_1e-03,0.001,RES_PV_N8,19,35.62650035611348
with_penalty,gamma_1e-03,0.001,RES_PV_N8,20,4.4533125443816095
with_penalty,gamma_3e-04,0.0003,G_IEEE1,1,27.486730346072772
with_penalty,gamma_3e-04,0.0003,G_IEEE1,2,7.652817925183938
with_penalty,gamma_3e-04,0.0003,G_IEEE1,3,1.2917847486555494
with_penalty,gamma_3e-04,0.0003,G_IEEE1,4,0.05522759017469841
with_penalty,gamma_3e-04,0.0003,G_IEEE1,5,2.6464481839376663
with_penalty,gamma_3e-04,0.0003,G_IEEE1,6,34.13707793990145
with_penalty,gamma_3e-04,0.0003,G_IEEE1,7,107.48073488528841
with_penalty,gamma_3e-04,0.0003,G_IEEE1,8,122.66435849238626
with_penalty,gamma_3e-04,0.0003,G_IEEE1,9,17.444173215180733
with_penalty,gamma_3e-04,0.0003,G_IEEE1,10,-8.834500496116196e-09
with_penalty,gamma_3e-04,0.0003,G_IEEE1,11,20.61846593310837
with_penalty,gamma_3e-04,0.0003,G_IEEE1,12,0.004105690948743424
with_penalty,gamma_3e-04,0.0003,G_IEEE1,13,0.10656312662559496
with_penalty,gamma_3e-04,0.0003,G_IEEE1,14,0.0033856757423885004
with_penalty,gamma_3e-04,0.0003,G_IEEE1,15,0.004095262159840189
with_penalty,gamma_3e-04,0.0003,G_IEEE1,16,1.0783396149812219
with_penalty,gamma_3e-04,0.0003,G_IEEE1,17,-8.834499723056012e-09
with_penalty,gamma_3e-04,0.0003,G_IEEE1,18,11.934005257459509
with_penalty,gamma_3e-04,0.0003,G_IEEE1,19,192.75426436445505
with_penalty,gamma_3e-04,0.0003,G_IEEE1,20,232.43799378874436
with_penalty,gamma_3e-04,0.0003,G_IEEE1,21,213.21611927104559
with_penalty,gamma_3e-04,0.0003,G_IEEE1,22,154.38557351755284
with_penalty,gamma_3e-04,0.0003,G_IEEE1,23,92.88711133249471
with_penalty,gamma_3e-04,0.0003,G_IEEE1,24,52.19510148917319
with_penalty,gamma_3e-04,0.0003,G_IEEE2,1,300.0000029988345
with_penalty,gamma_3e-04,0.0003,G_IEEE2,2,300.0000029988345
with_penalty,gamma_3e-04,0.0003,G_IEEE2,3,300.00000299883453
with_penalty,gamma_3e-04,0.0003,G_IEEE2,4,300.0000029988355
with_penalty,gamma_3e-04,0.0003,G_IEEE2,5,300.00000299883453
with_penalty,gamma_3e-04,0.0003,G_IEEE2,6,300.0000029988345
with_penalty,gamma_3e-04,0.0003,G_IEEE2,7,300.0000029988345
with_penalty,gamma_3e-04,0.0003,G_IEEE2,8,300.0000029988345
with_penalty,gamma_3e-04,0.0003,G_IEEE2,9,300.0000029988345
with_penalty,gamma_3e-04,0.0003,G_IEEE2,10,233.9115562579555
with_penalty,gamma_3e-04,0.0003,G_IEEE2,11,69.30161063415397
with_penalty,gamma_3e-04,0.0003,G_IEEE2,12,56.91137858118114
with_penalty,gamma_3e-04,0.0003,G_IEEE2,13,42.93392111750295
with_penalty,gamma_3e-04,0.0003,G_IEEE2,14,32.16209851801701
with_penalty,gamma_3e-04,0.0003,G_IEEE2,15,24.286388852474655
with_penalty,gamma_3e-04,0.0003,G_IEEE2,16,26.587144419073887
with_penalty,gamma_3e-04,0.0003,G_IEEE2,17,191.1315558953506
with_penalty,gamma_3e-04,0.0003,G_IEEE2,18,300.0000029988345
with_penalty,gamma_3e-04,0.0003,G_IEEE2,19,300.0000029988345
with_penalty,gamma_3e-04,0.0003,G_IEEE2,20,300.0000029988345
with_penalty,gamma_3e-04,0.0003,G_IEEE2,21,300.0000029988345
with_penalty,gamma_3e-04,0.0003,G_IEEE2,22,300.0000029988345
with_penalty,gamma_3e-04,0.0003,G_IEEE2,23,300.0000029988345
with_penalty,gamma_3e-04,0.0003,G_IEEE2,24,300.0000029988345
with_penalty,gamma_3e-04,0.0003,G_IEEE3,1,-8.728541848291586e-09
with_penalty,gamma_3e-04,0.0003,G_IEEE3,2,-8.72853557901439e-09
with_penalty,gamma_3e-04,0.0003,G_IEEE3,3,-8.728493060423663e-09
with_penalty,gamma_3e-04,0.0003,G_IEEE3,4,-8.727298786773056e-09
with_penalty,gamma_3e-04,0.0003,G_IEEE3,5,-8.728519261007989e-09
with_penalty,gamma_3e-04,0.0003,G_IEEE3,6,-8.728542323310628e-09
with_penalty,gamma_3e-04,0.0003,G_IEEE3,7,-8.728543907717043e-09
with_penalty,gamma_3e-04,0.0003,G_IEEE3,8,-8.728543904122553e-09
with_penalty,gamma_3e-04,0.0003,G_IEEE3,9,-8.728539388969329e-09
with_penalty,gamma_3e-04,0.0003,G_IEEE3,10,-9.391912484817817e-09
with_penalty,gamma_3e-04,0.0003,G_IEEE3,11,-9.555000139686237e-09
with_penalty,gamma_3e-04,0.0003,G_IEEE3,12,-9.715000444365996e-09
with_penalty,gamma_3e-04,0.0003,G_IEEE3,13,-9.714441346529916e-09
with_penalty,gamma_3e-04,0.0003,G_IEEE3,14,-9.714864086975918e-09
with_penalty,gamma_3e-04,0.0003,G_IEEE3,15,-9.714999841877912e-09
with_penalty,gamma_3e-04,0.0003,G_IEEE3,16,-9.71587668555937e-09
with_penalty,gamma_3e-04,0.0003,G_IEEE3,17,-9.391912355035217e-09
with_penalty,gamma_3e-04,0.0003,G_IEEE3,18,-8.728537798766773e-09
with_penalty,gamma_3e-04,0.0003,G_IEEE3,19,-8.728545158667974e-09
with_penalty,gamma_3e-04,0.0003,G_IEEE3,20,-8.728548312581865e-09
with_penalty,gamma_3e-04,0.0003,G_IEEE3,21,-8.728546154637742e-09
with_penalty,gamma_3e-04,0.0003,G_IEEE3,22,-8.728544576629337e-09
with_penalty,gamma_3e-04,0.0003,G_IEEE3,23,-8.728543818188678e-09
with_penalty,gamma_3e-04,0.0003,G_IEEE3,24,-8.728543078221383e-09
with_penalty,gamma_3e-04,0.0003,RES_Wind_N1,1,94.50000094484848
with_penalty,gamma_3e-04,0.0003,RES_Wind_N1,2,98.43750098422349
with_penalty,gamma_3e-04,0.0003,RES_Wind_N1,3,102.37500102359849
with_penalty,gamma_3e-04,0.0003,RES_Wind_N1,4,105.00000104984849
with_penalty,gamma_3e-04,0.0003,RES_Wind_N1,5,102.37500102359849
with_penalty,gamma_3e-04,0.0003,RES_Wind_N1,6,94.50000094484848
with_penalty,gamma_3e-04,0.0003,RES_Wind_N1,7,81.37500081359849
with_penalty,gamma_3e-04,0.0003,RES_Wind_N1,8,68.25000068234849
with_penalty,gamma_3e-04,0.0003,RES_Wind_N1,9,55.12500055109848
with_penalty,gamma_3e-04,0.0003,RES_Wind_N1,10,45.93750045920085
with_penalty,gamma_3e-04,0.0003,RES_Wind_N1,11,39.375000393598484
with_penalty,gamma_3e-04,0.0003,RES_Wind_N1,12,36.750000367348854
with_penalty,gamma_3e-04,0.0003,RES_Wind_N1,13,39.3750003935985
with_penalty,gamma_3e-04,0.0003,RES_Wind_N1,14,44.62500044609889
with_penalty,gamma_3e-04,0.0003,RES_Wind_N1,15,52.50000052484885
with_penalty,gamma_3e-04,0.0003,RES_Wind_N1,16,60.37500060359849
with_penalty,gamma_3e-04,0.0003,RES_Wind_N1,17,68.25000068232585
with_penalty,gamma_3e-04,0.0003,RES_Wind_N1,18,76.12500076109849
with_penalty,gamma_3e-04,0.0003,RES_Wind_N1,19,81.37500081359849
with_penalty,gamma_3e-04,0.0003,RES_Wind_N1,20,86.62500086609849
with_penalty,gamma_3e-04,0.0003,RES_Wind_N1,21,89.25000089234848
with_penalty,gamma_3e-04,0.0003,RES_Wind_N1,22,91.87500091859849
with_penalty,gamma_3e-04,0.0003,RES_Wind_N1,23,94.50000094484848
with_penalty,gamma_3e-04,0.0003,RES_Wind_N1,24,95.81250095797348
with_penalty,gamma_3e-04,0.0003,RES_PV_N6,7,4.795875047807234
with_penalty,gamma_3e-04,0.0003,RES_PV_N6,8,23.979375239642234
with_penalty,gamma_3e-04,0.0003,RES_PV_N6,9,67.14225067127099
with_penalty,gamma_3e-04,0.0003,RES_PV_N6,10,115.10100115083584
with_penalty,gamma_3e-04,0.0003,RES_PV_N6,11,163.05975163037755
with_penalty,gamma_3e-04,0.0003,RES_PV_N6,12,203.82468953794128
with_penalty,gamma_3e-04,0.0003,RES_PV_N6,13,227.80406477773678
with_penalty,gamma_3e-04,0.0003,RES_PV_N6,14,234.99787734967322
with_penalty,gamma_3e-04,0.0003,RES_PV_N6,15,215.81437715783818
with_penalty,gamma_3e-04,0.0003,RES_PV_N6,16,172.65150172620937
with_penalty,gamma_3e-04,0.0003,RES_PV_N6,17,119.89687619879459
with_penalty,gamma_3e-04,0.0003,RES_PV_N6,18,67.14225067127099
with_penalty,gamma_3e-04,0.0003,RES_PV_N6,19,19.183500191683482
with_penalty,gamma_3e-04,0.0003,RES_PV_N6,20,2.397937523827859
with_penalty,gamma_3e-04,0.0003,RES_PV_N8,7,8.906625088914733
with_penalty,gamma_3e-04,0.0003,RES_PV_N8,8,44.533125445179735
with_penalty,gamma_3e-04,0.0003,RES_PV_N8,9,124.69275124677598
with_penalty,gamma_3e-04,0.0003,RES_PV_N8,10,213.75900213741582
with_penalty,gamma_3e-04,0.0003,RES_PV_N8,11,302.82525302807034
with_penalty,gamma_3e-04,0.0003,RES_PV_N8,12,378.5315662850796
with_penalty,gamma_3e-04,0.0003,RES_PV_N8,13,423.0646917304108
with_penalty,gamma_3e-04,0.0003,RES_PV_N8,14,436.4246293640103
with_penalty,gamma_3e-04,0.0003,RES_PV_N8,15,400.7981290077452
with_penalty,gamma_3e-04,0.0003,RES_PV_N8,16,320.63850320614785
with_penalty,gamma_3e-04,0.0003,RES_PV_N8,17,222.6656272264821
with_penalty,gamma_3e-04,0.0003,RES_PV_N8,18,124.69275124677598
with_penalty,gamma_3e-04,0.0003,RES_PV_N8,19,35.62650035611348
with_penalty,gamma_3e-04,0.0003,RES_PV_N8,20,4.4533125443816095
with_penalty,gamma_1e-04,0.0001,G_IEEE1,1,27.61605839263654
with_penalty,gamma_1e-04,0.0001,G_IEEE1,2,7.73032373972693
with_penalty,gamma_1e-04,0.0001,G_IEEE1,3,1.3124264822330736
with_penalty,gamma_1e-04,0.0001,G_IEEE1,4,0.06419170990698124
with_penalty,gamma_1e-04,0.0001,G_IEEE1,5,2.6775865981803624
with_penalty,gamma_1e-04,0.0001,G_IEEE1,6,34.28375198222769
with_penalty,gamma_1e-04,0.0001,G_IEEE1,7,107.65288897966117
with_penalty,gamma_1e-04,0.0001,G_IEEE1,8,122.86142484683735
with_penalty,gamma_1e-04,0.0001,G_IEEE1,9,17.57655949874086
with_penalty,gamma_1e-04,0.0001,G_IEEE1,10,-8.834500497708274e-09
with_penalty,gamma_1e-04,0.0001,G_IEEE1,11,20.62239854426069
with_penalty,gamma_1e-04,0.0001,G_IEEE1,12,0.0048051847156229625
with_penalty,gamma_1e-04,0.0001,G_IEEE1,13,0.13134139010035922
with_penalty,gamma_1e-04,0.0001,G_IEEE1,14,0.004204075279344171
with_penalty,gamma_1e-04,0.0001,G_IEEE1,15,0.004791338657418659
with_penalty,gamma_1e-04,0.0001,G_IEEE1,16,1.1469999939889959
with_penalty,gamma_1e-04,0.0001,G_IEEE1,17,-8.834499723894204e-09
with_penalty,gamma_1e-04,0.0001,G_IEEE1,18,12.029662940167142
with_penalty,gamma_1e-04,0.0001,G_IEEE1,19,192.93140755013778
with_penalty,gamma_1e-04,0.0001,G_IEEE1,20,232.54811702133256
with_penalty,gamma_1e-04,0.0001,G_IEEE1,21,213.35486288444207
with_penalty,gamma_1e-04,0.0001,G_IEEE1,22,154.52564684968286
with_penalty,gamma_1e-04,0.0001,G_IEEE1,23,93.0246092722845
with_penalty,gamma_1e-04,0.0001,G_IEEE1,24,52.32978236303444
with_penalty,gamma_1e-04,0.0001,G_IEEE2,1,300.0000029988345
with_penalty,gamma_1e-04,0.0001,G_IEEE2,2,300.0000029988345
with_penalty,gamma_1e-04,0.0001,G_IEEE2,3,300.00000299883453
with_penalty,gamma_1e-04,0.0001,G_IEEE2,4,300.0000029988353
with_penalty,gamma_1e-04,0.0001,G_IEEE2,5,300.00000299883453
with_penalty,gamma_1e-04,0.0001,G_IEEE2,6,300.0000029988345
with_penalty,gamma_1e-04,0.0001,G_IEEE2,7,300.0000029988345
with_penalty,gamma_1e-04,0.0001,G_IEEE2,8,300.0000029988345
with_penalty,gamma_1e-04,0.0001,G_IEEE2,9,300.0000029988345
with_penalty,gamma_1e-04,0.0001,G_IEEE2,10,234.00551625827183
with_penalty,gamma_1e-04,0.0001,G_IEEE2,11,69.3909569500976
with_penalty,gamma_1e-04,0.0001,G_IEEE2,12,56.96702006171722
with_penalty,gamma_1e-04,0.0001,G_IEEE2,13,42.96548382958843
with_penalty,gamma_1e-04,0.0001,G_IEEE2,14,32.21762109247418
with_penalty,gamma_1e-04,0.0001,G_IEEE2,15,24.342033750277018
with_penalty,gamma_1e-04,0.0001,G_IEEE2,16,26.574825015676726
with_penalty,gamma_1e-04,0.0001,G_IEEE2,17,191.22551589671298
with_penalty,gamma_1e-04,0.0001,G_IEEE2,18,300.0000029988345
with_penalty,gamma_1e-04,0.0001,G_IEEE2,19,300.0000029988345
with_penalty,gamma_1e-04,0.0001,G_IEEE2,20,300.0000029988345
with_penalty,gamma_1e-04,0.0001,G_IEEE2,21,300.0000029988345
with_penalty,gamma_1e-04,0.0001,G_IEEE2,22,300.0000029988345
with_penalty,gamma_1e-04,0.0001,G_IEEE2,23,300.0000029988345
with_penalty,gamma_1e-04,0.0001,G_IEEE2,24,300.0000029988345
with_penalty,gamma_1e-04,0.0001,G_IEEE3,1,-8.728541860768964e-09
with_penalty,gamma_1e-04,0.0001,G_IEEE3,2,-8.72853567172797e-09
with_penalty,gamma_1e-04,0.0001,G_IEEE3,3,-8.728493983724622e-09
with_penalty,gamma_1e-04,0.0001,G_IEEE3,4,-8.727517271499886e-09
with_penalty,gamma_1e-04,0.0001,G_IEEE3,5,-8.728519584636302e-09
with_penalty,gamma_1e-04,0.0001,G_IEEE3,6,-8.728542332747157e-09
with_penalty,gamma_1e-04,0.0001,G_IEEE3,7,-8.728543910110546e-09
with_penalty,gamma_1e-04,0.0001,G_IEEE3,8,-8.728543906898332e-09
with_penalty,gamma_1e-04,0.0001,G_IEEE3,9,-8.728539421636848e-09
with_penalty,gamma_1e-04,0.0001,G_IEEE3,10,-9.391912485184053e-09
with_penalty,gamma_1e-04,0.0001,G_IEEE3,11,-9.555000140500646e-09
with_penalty,gamma_1e-04,0.0001,G_IEEE3,12,-9.714631693592058e-09
with_penalty,gamma_1e-04,0.0001,G_IEEE3,13,-9.71435630550082e-09
with_penalty,gamma_1e-04,0.0001,G_IEEE3,14,-9.71451745643615e-09
with_penalty,gamma_1e-04,0.0001,G_IEEE3,15,-9.714631067024066e-09
with_penalty,gamma_1e-04,0.0001,G_IEEE3,16,-9.715115904176051e-09
with_penalty,gamma_1e-04,0.0001,G_IEEE3,17,-9.391912355223338e-09
with_penalty,gamma_1e-04,0.0001,G_IEEE3,18,-8.728537844579979e-09
with_penalty,gamma_1e-04,0.0001,G_IEEE3,19,-8.72854516398623e-09
with_penalty,gamma_1e-04,0.0001,G_IEEE3,20,-8.728548338359725e-09
with_penalty,gamma_1e-04,0.0001,G_IEEE3,21,-8.728546163256779e-09
with_penalty,gamma_1e-04,0.0001,G_IEEE3,22,-8.728544578869104e-09
with_penalty,gamma_1e-04,0.0001,G_IEEE3,23,-8.728543820252632e-09
with_penalty,gamma_1e-04,0.0001,G_IEEE3,24,-8.728543082390268e-09
with_penalty,gamma_1e-04,0.0001,RES_Wind_N1,1,94.50000094484848
with_penalty,gamma_1e-04,0.0001,RES_Wind_N1,2,98.43750098422349
with_penalty,gamma_1e-04,0.0001,RES_Wind_N1,3,102.37500102359849
with_penalty,gamma_1e-04,0.0001,RES_Wind_N1,4,105.00000104984849
with_penalty,gamma_1e-04,0.0001,RES_Wind_N1,5,102.37500102359849
with_penalty,gamma_1e-04,0.0001,RES_Wind_N1,6,94.50000094484848
with_penalty,gamma_1e-04,0.0001,RES_Wind_N1,7,81.37500081359849
with_penalty,gamma_1e-04,0.0001,RES_Wind_N1,8,68.25000068234849
with_penalty,gamma_1e-04,0.0001,RES_Wind_N1,9,55.12500055109848
with_penalty,gamma_1e-04,0.0001,RES_Wind_N1,10,45.93750045920085
with_penalty,gamma_1e-04,0.0001,RES_Wind_N1,11,39.375000393598484
with_penalty,gamma_1e-04,0.0001,RES_Wind_N1,12,36.75000036734868
with_penalty,gamma_1e-04,0.0001,RES_Wind_N1,13,39.37500039359849
with_penalty,gamma_1e-04,0.0001,RES_Wind_N1,14,44.6250004460987
with_penalty,gamma_1e-04,0.0001,RES_Wind_N1,15,52.50000052484868
with_penalty,gamma_1e-04,0.0001,RES_Wind_N1,16,60.37500060359849
with_penalty,gamma_1e-04,0.0001,RES_Wind_N1,17,68.25000068232585
with_penalty,gamma_1e-04,0.0001,RES_Wind_N1,18,76.12500076109849
with_penalty,gamma_1e-04,0.0001,RES_Wind_N1,19,81.37500081359849
with_penalty,gamma_1e-04,0.0001,RES_Wind_N1,20,86.62500086609849
with_penalty,gamma_1e-04,0.0001,RES_Wind_N1,21,89.25000089234848
with_penalty,gamma_1e-04,0.0001,RES_Wind_N1,22,91.87500091859849
with_penalty,gamma_1e-04,0.0001,RES_Wind_N1,23,94.50000094484848
with_penalty,gamma_1e-04,0.0001,RES_Wind_N1,24,95.81250095797348
with_penalty,gamma_1e-04,0.0001,RES_PV_N6,7,4.795875047807234
with_penalty,gamma_1e-04,0.0001,RES_PV_N6,8,23.979375239642234
with_penalty,gamma_1e-04,0.0001,RES_PV_N6,9,67.14225067127099
with_penalty,gamma_1e-04,0.0001,RES_PV_N6,10,115.10100115083584
with_penalty,gamma_1e-04,0.0001,RES_PV_N6,11,163.05975163037755
with_penalty,gamma_1e-04,0.0001,RES_PV_N6,12,203.8246895379423
with_penalty,gamma_1e-04,0.0001,RES_PV_N6,13,227.8040647777369
with_penalty,gamma_1e-04,0.0001,RES_PV_N6,14,234.99787734967424
with_penalty,gamma_1e-04,0.0001,RES_PV_N6,15,215.8143771578392
with_penalty,gamma_1e-04,0.0001,RES_PV_N6,16,172.65150172621043
with_penalty,gamma_1e-04,0.0001,RES_PV_N6,17,119.89687619879459
with_penalty,gamma_1e-04,0.0001,RES_PV_N6,18,67.14225067127099
with_penalty,gamma_1e-04,0.0001,RES_PV_N6,19,19.183500191683482
with_penalty,gamma_1e-04,0.0001,RES_PV_N6,20,2.397937523827859
with_penalty,gamma_1e-04,0.0001,RES_PV_N8,7,8.906625088914733
with_penalty,gamma_1e-04,0.0001,RES_PV_N8,8,44.533125445179735
with_penalty,gamma_1e-04,0.0001,RES_PV_N8,9,124.69275124677598
with_penalty,gamma_1e-04,0.0001,RES_PV_N8,10,213.75900213741582
with_penalty,gamma_1e-04,0.0001,RES_PV_N8,11,302.82525302807034
with_penalty,gamma_1e-04,0.0001,RES_PV_N8,12,378.53156628507963
with_penalty,gamma_1e-04,0.0001,RES_PV_N8,13,423.06469173041086
with_penalty,gamma_1e-04,0.0001,RES_PV_N8,14,436.42462936401034
with_penalty,gamma_1e-04,0.0001,RES_PV_N8,15,400.7981290077453
with_penalty,gamma_1e-04,0.0001,RES_PV_N8,16,320.63850320614847
with_penalty,gamma_1e-04,0.0001,RES_PV_N8,17,222.6656272264821
with_penalty,gamma_1e-04,0.0001,RES_PV_N8,18,124.69275124677598
with_penalty,gamma_1e-04,0.0001,RES_PV_N8,19,35.62650035611348
with_penalty,gamma_1e-04,0.0001,RES_PV_N8,20,4.4533125443816095
with_penalty,gamma_3e-05,3e-05,G_IEEE1,1,27.66130398266375
with_penalty,gamma_3e-05,3e-05,G_IEEE1,2,7.757708908467842
with_penalty,gamma_3e-05,3e-05,G_IEEE1,3,1.3196969879529037
with_penalty,gamma_3e-05,3e-05,G_IEEE1,4,0.06737847054038792
with_penalty,gamma_3e-05,3e-05,G_IEEE1,5,2.6885597087065207
with_penalty,gamma_3e-05,3e-05,G_IEEE1,6,34.3348824711602
with_penalty,gamma_3e-05,3e-05,G_IEEE1,7,107.71280079277543
with_penalty,gamma_3e-05,3e-05,G_IEEE1,8,122.92975788143485
with_penalty,gamma_3e-05,3e-05,G_IEEE1,9,17.62796594682841
with_penalty,gamma_3e-05,3e-05,G_IEEE1,10,-8.83450049841851e-09
with_penalty,gamma_3e-05,3e-05,G_IEEE1,11,20.62377495862862
with_penalty,gamma_3e-05,3e-05,G_IEEE1,12,0.005083257782351927
with_penalty,gamma_3e-05,3e-05,G_IEEE1,13,0.14009656532943812
with_penalty,gamma_3e-05,3e-05,G_IEEE1,14,0.004351038919292116
with_penalty,gamma_3e-05,3e-05,G_IEEE1,15,0.005065561986794198
with_penalty,gamma_3e-05,3e-05,G_IEEE1,16,1.1710239685577493
with_penalty,gamma_3e-05,3e-05,G_IEEE1,17,-8.834499724285825e-09
with_penalty,gamma_3e-05,3e-05,G_IEEE1,18,12.062313748949286
with_penalty,gamma_3e-05,3e-05,G_IEEE1,19,192.9899023621415
with_penalty,gamma_3e-05,3e-05,G_IEEE1,20,232.58659172277012
with_penalty,gamma_3e-05,3e-05,G_IEEE1,21,213.4031375328894
with_penalty,gamma_3e-05,3e-05,G_IEEE1,22,154.57492609812138
with_penalty,gamma_3e-05,3e-05,G_IEEE1,23,93.07284528909153
with_penalty,gamma_3e-05,3e-05,G_IEEE1,24,52.376951777663024
with_penalty,gamma_3e-05,3e-05,G_IEEE2,1,300.0000029988345
with_penalty,gamma_3e-05,3e-05,G_IEEE2,2,300.0000029988345
with_penalty,gamma_3e-05,3e-05,G_IEEE2,3,300.00000299883453
with_penalty,gamma_3e-05,3e-05,G_IEEE2,4,300.0000029988353
with_penalty,gamma_3e-05,3e-05,G_IEEE2,5,300.00000299883453
with_penalty,gamma_3e-05,3e-05,G_IEEE2,6,300.0000029988345
with_penalty,gamma_3e-05,3e-05,G_IEEE2,7,300.0000029988345
with_penalty,gamma_3e-05,3e-05,G_IEEE2,8,300.0000029988345
with_penalty,gamma_3e-05,3e-05,G_IEEE2,9,300.0000029988345
with_penalty,gamma_3e-05,3e-05,G_IEEE2,10,234.03840225787815
with_penalty,gamma_3e-05,3e-05,G_IEEE2,11,69.42222815977772
with_penalty,gamma_3e-05,3e-05,G_IEEE2,12,56.986461329747236
with_penalty,gamma_3e-05,3e-05,G_IEEE2,13,42.9764479958086
with_penalty,gamma_3e-05,3e-05,G_IEEE2,14,32.23719346987877
with_penalty,gamma_3e-05,3e-05,G_IEEE2,15,24.361478868043225
with_penalty,gamma_3e-05,3e-05,G_IEEE2,16,26.57052038256707
with_penalty,gamma_3e-05,3e-05,G_IEEE2,17,191.25840189494613
with_penalty,gamma_3e-05,3e-05,G_IEEE2,18,300.0000029988345
with_penalty,gamma_3e-05,3e-05,G_IEEE2,19,300.0000029988345
with_penalty,gamma_3e-05,3e-05,G_IEEE2,20,300.0000029988345
with_penalty,gamma_3e-05,3e-05,G_IEEE2,21,300.0000029988345
with_penalty,gamma_3e-05,3e-05,G_IEEE2,22,300.0000029988345
with_penalty,gamma_3e-05,3e-05,G_IEEE2,23,300.0000029988345
with_penalty,gamma_3e-05,3e-05,G_IEEE2,24,300.0000029988345
with_penalty,gamma_3e-05,3e-05,G_IEEE3,1,-8.728541864318297e-09
with_penalty,gamma_3e-05,3e-05,G_IEEE3,2,-8.728535695927384e-09
with_penalty,gamma_3e-05,3e-05,G_IEEE3,3,-8.728494144246047e-09
with_penalty,gamma_3e-05,3e-05,G_IEEE3,4,-8.727531393208513e-09
with_penalty,gamma_3e-05,3e-05,G_IEEE3,5,-8.728519652126458e-09
with_penalty,gamma_3e-05,3e-05,G_IEEE3,6,-8.728542335508273e-09
with_penalty,gamma_3e-05,3e-05,G_IEEE3,7,-8.72854391084937e-09
with_penalty,gamma_3e-05,3e-05,G_IEEE3,8,-8.728543907753624e-09
with_penalty,gamma_3e-05,3e-05,G_IEEE3,9,-8.728539429712672e-09
with_penalty,gamma_3e-05,3e-05,G_IEEE3,10,-9.391912485461244e-09
with_penalty,gamma_3e-05,3e-05,G_IEEE3,11,-9.555000140713158e-09
with_penalty,gamma_3e-05,3e-05,G_IEEE3,12,-9.714865644733936e-09
with_penalty,gamma_3e-05,3e-05,G_IEEE3,13,-9.714453917897417e-09
with_penalty,gamma_3e-05,3e-05,G_IEEE3,14,-9.714775954204687e-09
with_penalty,gamma_3e-05,3e-05,G_IEEE3,15,-9.714865043667901e-09
with_penalty,gamma_3e-05,3e-05,G_IEEE3,16,-9.715524411201852e-09
with_penalty,gamma_3e-05,3e-05,G_IEEE3,17,-9.391912355387662e-09
with_penalty,gamma_3e-05,3e-05,G_IEEE3,18,-8.728537859270601e-09
with_penalty,gamma_3e-05,3e-05,G_IEEE3,19,-8.72854516581042e-09
with_penalty,gamma_3e-05,3e-05,G_IEEE3,20,-8.728548346705858e-09
with_penalty,gamma_3e-05,3e-05,G_IEEE3,21,-8.728546165915403e-09
with_penalty,gamma_3e-05,3e-05,G_IEEE3,22,-8.728544579561077e-09
with_penalty,gamma_3e-05,3e-05,G_IEEE3,23,-8.728543820879225e-09
with_penalty,gamma_3e-05,3e-05,G_IEEE3,24,-8.728543083610472e-09
with_penalty,gamma_3e-05,3e-05,RES_Wind_N1,1,94.50000094484848
with_penalty,gamma_3e-05,3e-05,RES_Wind_N1,2,98.43750098422349
with_penalty,gamma_3e-05,3e-05,RES_Wind_N1,3,102.37500102359849
with_penalty,gamma_3e-05,3e-05,RES_Wind_N1,4,105.00000104984849
with_penalty,gamma_3e-05,3e-05,RES_Wind_N1,5,102.37500102359849
with_penalty,gamma_3e-05,3e-05,RES_Wind_N1,6,94.50000094484848
with_penalty,gamma_3e-05,3e-05,RES_Wind_N1,7,81.37500081359849
with_penalty,gamma_3e-05,3e-05,RES_Wind_N1,8,68.25000068234849
with_penalty,gamma_3e-05,3e-05,RES_Wind_N1,9,55.12500055109848
with_penalty,gamma_3e-05,3e-05,RES_Wind_N1,10,45.93750045920085
with_penalty,gamma_3e-05,3e-05,RES_Wind_N1,11,39.375000393598484
with_penalty,gamma_3e-05,3e-05,RES_Wind_N1,12,36.75000036734876
with_penalty,gamma_3e-05,3e-05,RES_Wind_N1,13,39.37500039359849
with_penalty,gamma_3e-05,3e-05,RES_Wind_N1,14,44.62500044609878
with_penalty,gamma_3e-05,3e-05,RES_Wind_N1,15,52.50000052484876
with_penalty,gamma_3e-05,3e-05,RES_Wind_N1,16,60.37500060359849
with_penalty,gamma_3e-05,3e-05,RES_Wind_N1,17,68.25000068232585
with_penalty,gamma_3e-05,3e-05,RES_Wind_N1,18,76.12500076109849
with_penalty,gamma_3e-05,3e-05,RES_Wind_N1,19,81.37500081359849
with_penalty,gamma_3e-05,3e-05,RES_Wind_N1,20,86.62500086609849
with_penalty,gamma_3e-05,3e-05,RES_Wind_N1,21,89.25000089234848
with_penalty,gamma_3e-05,3e-05,RES_Wind_N1,22,91.87500091859849
with_penalty,gamma_3e-05,3e-05,RES_Wind_N1,23,94.50000094484848
with_penalty,gamma_3e-05,3e-05,RES_Wind_N1,24,95.81250095797348
with_penalty,gamma_3e-05,3e-05,RES_PV_N6,7,4.795875047807234
with_penalty,gamma_3e-05,3e-05,RES_PV_N6,8,23.979375239642234
with_penalty,gamma_3e-05,3e-05,RES_PV_N6,9,67.14225067127099
with_penalty,gamma_3e-05,3e-05,RES_PV_N6,10,115.10100115083584
with_penalty,gamma_3e-05,3e-05,RES_PV_N6,11,163.05975163037755
with_penalty,gamma_3e-05,3e-05,RES_PV_N6,12,203.8246895379417
with_penalty,gamma_3e-05,3e-05,RES_PV_N6,13,227.80406477773678
with_penalty,gamma_3e-05,3e-05,RES_PV_N6,14,234.99787734967367
with_penalty,gamma_3e-05,3e-05,RES_PV_N6,15,215.8143771578386
with_penalty,gamma_3e-05,3e-05,RES_PV_N6,16,172.65150172620983
with_penalty,gamma_3e-05,3e-05,RES_PV_N6,17,119.89687619879459
with_penalty,gamma_3e-05,3e-05,RES_PV_N6,18,67.14225067127099
with_penalty,gamma_3e-05,3e-05,RES_PV_N6,19,19.183500191683482
with_penalty,gamma_3e-05,3e-05,RES_PV_N6,20,2.397937523827859
with_penalty,gamma_3e-05,3e-05,RES_PV_N8,7,8.906625088914733
with_penalty,gamma_3e-05,3e-05,RES_PV_N8,8,44.533125445179735
with_penalty,gamma_3e-05,3e-05,RES_PV_N8,9,124.69275124677598
with_penalty,gamma_3e-05,3e-05,RES_PV_N8,10,213.75900213741582
with_penalty,gamma_3e-05,3e-05,RES_PV_N8,11,302.82525302807034
with_penalty,gamma_3e-05,3e-05,RES_PV_N8,12,378.5315662850796
with_penalty,gamma_3e-05,3e-05,RES_PV_N8,13,423.0646917304108
with_penalty,gamma_3e-05,3e-05,RES_PV_N8,14,436.42462936401023
with_penalty,gamma_3e-05,3e-05,RES_PV_N8,15,400.7981290077452
with_penalty,gamma_3e-05,3e-05,RES_PV_N8,16,320.63850320614813
with_penalty,gamma_3e-05,3e-05,RES_PV_N8,17,222.6656272264821
with_penalty,gamma_3e-05,3e-05,RES_PV_N8,18,124.69275124677598
with_penalty,gamma_3e-05,3e-05,RES_PV_N8,19,35.62650035611348
with_penalty,gamma_3e-05,3e-05,RES_PV_N8,20,4.4533125443816095
with_penalty,gamma_1e-05,1e-05,G_IEEE1,1,27.674235598335276
with_penalty,gamma_1e-05,1e-05,G_IEEE1,2,7.765600606448155
with_penalty,gamma_1e-05,1e-05,G_IEEE1,3,1.321776230521015
with_penalty,gamma_1e-05,1e-05,G_IEEE1,4,0.06829209177307538
with_penalty,gamma_1e-05,1e-05,G_IEEE1,5,2.6917074114512087
with_penalty,gamma_1e-05,1e-05,G_IEEE1,6,34.34942093018085
with_penalty,gamma_1e-05,1e-05,G_IEEE1,7,107.7297889656473
with_penalty,gamma_1e-05,1e-05,G_IEEE1,8,122.9490188464799
with_penalty,gamma_1e-05,1e-05,G_IEEE1,9,17.642855427463466
with_penalty,gamma_1e-05,1e-05,G_IEEE1,10,-8.83450049858969e-09
with_penalty,gamma_1e-05,1e-05,G_IEEE1,11,20.62416821977144
with_penalty,gamma_1e-05,1e-05,G_IEEE1,12,0.005154194474880778
with_penalty,gamma_1e-05,1e-05,G_IEEE1,13,0.14258516130120005
with_penalty,gamma_1e-05,1e-05,G_IEEE1,14,0.00442335166214314
with_penalty,gamma_1e-05,1e-05,G_IEEE1,15,0.005136173784204839
with_penalty,gamma_1e-05,1e-05,G_IEEE1,16,1.177886772355764
with_penalty,gamma_1e-05,1e-05,G_IEEE1,17,-8.834499724378178e-09
with_penalty,gamma_1e-05,1e-05,G_IEEE1,18,12.071918296790221
with_penalty,gamma_1e-05,1e-05,G_IEEE1,19,193.0060124802355
with_penalty,gamma_1e-05,1e-05,G_IEEE1,20,232.59778569484322
with_penalty,gamma_1e-05,1e-05,G_IEEE1,21,213.4170438747783
with_penalty,gamma_1e-05,1e-05,G_IEEE1,22,154.58910854537666
with_penalty,gamma_1e-05,1e-05,G_IEEE1,23,93.0866803007378
with_penalty,gamma_1e-05,1e-05,G_IEEE1,24,52.39045625778989
with_penalty,gamma_1e-05,1e-05,G_IEEE2,1,300.0000029988345
with_penalty,gamma_1e-05,1e-05,G_IEEE2,2,300.0000029988345
with_penalty,gamma_1e-05,1e-05,G_IEEE2,3,300.00000299883453
with_penalty,gamma_1e-05,1e-05,G_IEEE2,4,300.00000299883527
with_penalty,gamma_1e-05,1e-05,G_IEEE2,5,300.00000299883453
with_penalty,gamma_1e-05,1e-05,G_IEEE2,6,300.0000029988345
with_penalty,gamma_1e-05,1e-05,G_IEEE2,7,300.0000029988345
with_penalty,gamma_1e-05,1e-05,G_IEEE2,8,300.0000029988345
with_penalty,gamma_1e-05,1e-05,G_IEEE2,9,300.0000029988345
with_penalty,gamma_1e-05,1e-05,G_IEEE2,10,234.04779825787966
with_penalty,gamma_1e-05,1e-05,G_IEEE2,11,69.43116279131996
with_penalty,gamma_1e-05,1e-05,G_IEEE2,12,56.99202449051738
with_penalty,gamma_1e-05,1e-05,G_IEEE2,13,42.97959349739437
with_penalty,gamma_1e-05,1e-05,G_IEEE2,14,32.24275525458695
with_penalty,gamma_1e-05,1e-05,G_IEEE2,15,24.367042353708246
with_penalty,gamma_1e-05,1e-05,G_IEEE2,16,26.56929167632972
with_penalty,gamma_1e-05,1e-05,G_IEEE2,17,191.2677978949633
with_penalty,gamma_1e-05,1e-05,G_IEEE2,18,300.0000029988345
with_penalty,gamma_1e-05,1e-05,G_IEEE2,19,300.0000029988345
with_penalty,gamma_1e-05,1e-05,G_IEEE2,20,300.0000029988345
with_penalty,gamma_1e-05,1e-05,G_IEEE2,21,300.0000029988345
with_penalty,gamma_1e-05,1e-05,G_IEEE2,22,300.0000029988345
with_penalty,gamma_1e-05,1e-05,G_IEEE2,23,300.0000029988345
with_penalty,gamma_1e-05,1e-05,G_IEEE2,24,300.0000029988345
with_penalty,gamma_1e-05,1e-05,G_IEEE3,1,-8.728541865496837e-09
with_penalty,gamma_1e-05,1e-05,G_IEEE3,2,-8.728535704500734e-09
with_penalty,gamma_1e-05,1e-05,G_IEEE3,3,-8.728494223223982e-09
with_penalty,gamma_1e-05,1e-05,G_IEEE3,4,-8.727545422225583e-09
with_penalty,gamma_1e-05,1e-05,G_IEEE3,5,-8.728519680796988e-09
with_penalty,gamma_1e-05,1e-05,G_IEEE3,6,-8.728542336404857e-09
with_penalty,gamma_1e-05,1e-05,G_IEEE3,7,-8.72854391108024e-09
with_penalty,gamma_1e-05,1e-05,G_IEEE3,8,-8.728543908020598e-09
with_penalty,gamma_1e-05,1e-05,G_IEEE3,9,-8.728539432682158e-09
with_penalty,gamma_1e-05,1e-05,G_IEEE3,10,-9.391912485509208e-09
with_penalty,gamma_1e-05,1e-05,G_IEEE3,11,-9.555000140790106e-09
with_penalty,gamma_1e-05,1e-05,G_IEEE3,12,-9.71485931481208e-09
with_penalty,gamma_1e-05,1e-05,G_IEEE3,13,-9.714456049245241e-09
with_penalty,gamma_1e-05,1e-05,G_IEEE3,14,-9.71477149104302e-09
with_penalty,gamma_1e-05,1e-05,G_IEEE3,15,-9.714858713650886e-09
with_penalty,gamma_1e-05,1e-05,G_IEEE3,16,-9.715505295838708e-09
with_penalty,gamma_1e-05,1e-05,G_IEEE3,17,-9.391912355414741e-09
with_penalty,gamma_1e-05,1e-05,G_IEEE3,18,-8.72853786369746e-09
with_penalty,gamma_1e-05,1e-05,G_IEEE3,19,-8.728545166338651e-09
with_penalty,gamma_1e-05,1e-05,G_IEEE3,20,-8.728548349240763e-09
with_penalty,gamma_1e-05,1e-05,G_IEEE3,21,-8.728546166753066e-09
with_penalty,gamma_1e-05,1e-05,G_IEEE3,22,-8.728544579778023e-09
with_penalty,gamma_1e-05,1e-05,G_IEEE3,23,-8.728543821078066e-09
with_penalty,gamma_1e-05,1e-05,G_IEEE3,24,-8.728543084007571e-09
with_penalty,gamma_1e-05,1e-05,RES_Wind_N1,1,94.50000094484848
with_penalty,gamma_1e-05,1e-05,RES_Wind_N1,2,98.43750098422349
with_penalty,gamma_1e-05,1e-05,RES_Wind_N1,3,102.37500102359849
with_penalty,gamma_1e-05,1e-05,RES_Wind_N1,4,105.00000104984849
with_penalty,gamma_1e-05,1e-05,RES_Wind_N1,5,102.37500102359849
with_penalty,gamma_1e-05,1e-05,RES_Wind_N1,6,94.50000094484848
with_penalty,gamma_1e-05,1e-05,RES_Wind_N1,7,81.37500081359849
with_penalty,gamma_1e-05,1e-05,RES_Wind_N1,8,68.25000068234849
with_penalty,gamma_1e-05,1e-05,RES_Wind_N1,9,55.12500055109848
with_penalty,gamma_1e-05,1e-05,RES_Wind_N1,10,45.93750045920085
with_penalty,gamma_1e-05,1e-05,RES_Wind_N1,11,39.375000393598484
with_penalty,gamma_1e-05,1e-05,RES_Wind_N1,12,36.75000036734876
with_penalty,gamma_1e-05,1e-05,RES_Wind_N1,13,39.37500039359849
with_penalty,gamma_1e-05,1e-05,RES_Wind_N1,14,44.625000446098774
with_penalty,gamma_1e-05,1e-05,RES_Wind_N1,15,52.50000052484876
with_penalty,gamma_1e-05,1e-05,RES_Wind_N1,16,60.37500060359849
with_penalty,gamma_1e-05,1e-05,RES_Wind_N1,17,68.25000068232585
with_penalty,gamma_1e-05,1e-05,RES_Wind_N1,18,76.12500076109849
with_penalty,gamma_1e-05,1e-05,RES_Wind_N1,19,81.37500081359849
with_penalty,gamma_1e-05,1e-05,RES_Wind_N1,20,86.62500086609849
with_penalty,gamma_1e-05,1e-05,RES_Wind_N1,21,89.25000089234848
with_penalty,gamma_1e-05,1e-05,RES_Wind_N1,22,91.87500091859849
with_penalty,gamma_1e-05,1e-05,RES_Wind_N1,23,94.50000094484848
with_penalty,gamma_1e-05,1e-05,RES_Wind_N1,24,95.81250095797348
with_penalty,gamma_1e-05,1e-05,RES_PV_N6,7,4.795875047807234
with_penalty,gamma_1e-05,1e-05,RES_PV_N6,8,23.979375239642234
with_penalty,gamma_1e-05,1e-05,RES_PV_N6,9,67.14225067127099
with_penalty,gamma_1e-05,1e-05,RES_PV_N6,10,115.10100115083584
with_penalty,gamma_1e-05,1e-05,RES_PV_N6,11,163.05975163037755
with_penalty,gamma_1e-05,1e-05,RES_PV_N6,12,203.82468953794174
with_penalty,gamma_1e-05,1e-05,RES_PV_N6,13,227.80406477773678
with_penalty,gamma_1e-05,1e-05,RES_PV_N6,14,234.99787734967367
with_penalty,gamma_1e-05,1e-05,RES_PV_N6,15,215.81437715783863
with_penalty,gamma_1e-05,1e-05,RES_PV_N6,16,172.65150172620986
with_penalty,gamma_1e-05,1e-05,RES_PV_N6,17,119.89687619879459
with_penalty,gamma_1e-05,1e-05,RES_PV_N6,18,67.14225067127099
with_penalty,gamma_1e-05,1e-05,RES_PV_N6,19,19.183500191683482
with_penalty,gamma_1e-05,1e-05,RES_PV_N6,20,2.397937523827859
with_penalty,gamma_1e-05,1e-05,RES_PV_N8,7,8.906625088914733
with_penalty,gamma_1e-05,1e-05,RES_PV_N8,8,44.533125445179735
with_penalty,gamma_1e-05,1e-05,RES_PV_N8,9,124.69275124677598
with_penalty,gamma_1e-05,1e-05,RES_PV_N8,10,213.75900213741582
with_penalty,gamma_1e-05,1e-05,RES_PV_N8,11,302.82525302807034
with_penalty,gamma_1e-05,1e-05,RES_PV_N8,12,378.5315662850796
with_penalty,gamma_1e-05,1e-05,RES_PV_N8,13,423.0646917304108
with_penalty,gamma_1e-05,1e-05,RES_PV_N8,14,436.42462936401023
with_penalty,gamma_1e-05,1e-05,RES_PV_N8,15,400.7981290077452
with_penalty,gamma_1e-05,1e-05,RES_PV_N8,16,320.63850320614813
with_penalty,gamma_1e-05,1e-05,RES_PV_N8,17,222.6656272264821
with_penalty,gamma_1e-05,1e-05,RES_PV_N8,18,124.69275124677598
with_penalty,gamma_1e-05,1e-05,RES_PV_N8,19,35.62650035611348
with_penalty,gamma_1e-05,1e-05,RES_PV_N8,20,4.4533125443816095
no_penalty,hard_min_norm,,G_IEEE1,1,27.68992011154449
no_penalty,hard_min_norm,,G_IEEE1,2,7.771360499915057
no_penalty,hard_min_norm,,G_IEEE1,3,1.303659927375797
no_penalty,hard_min_norm,,G_IEEE1,4,0.06967093066888819
no_penalty,hard_min_norm,,G_IEEE1,5,2.6739416823132878
no_penalty,hard_min_norm,,G_IEEE1,6,34.366099173208745
no_penalty,hard_min_norm,,G_IEEE1,7,107.73000138777418
no_penalty,hard_min_norm,,G_IEEE1,8,122.95945571297075
no_penalty,hard_min_norm,,G_IEEE1,9,17.701612753355533
no_penalty,hard_min_norm,,G_IEEE1,10,-8.834498834534097e-09
no_penalty,hard_min_norm,,G_IEEE1,11,20.624364849987295
no_penalty,hard_min_norm,,G_IEEE1,12,0.004878242378388607
no_penalty,hard_min_norm,,G_IEEE1,13,0.1387476914463091
no_penalty,hard_min_norm,,G_IEEE1,14,0.004461795320892127
no_penalty,hard_min_norm,,G_IEEE1,15,0.0048602399289299335
no_penalty,hard_min_norm,,G_IEEE1,16,1.1849671598705525
no_penalty,hard_min_norm,,G_IEEE1,17,-8.834498834517691e-09
no_penalty,hard_min_norm,,G_IEEE1,18,12.103006429364429
no_penalty,hard_min_norm,,G_IEEE1,19,193.02936157652258
no_penalty,hard_min_norm,,G_IEEE1,20,232.54387181656793
no_penalty,hard_min_norm,,G_IEEE1,21,213.4061584215836
no_penalty,hard_min_norm,,G_IEEE1,22,154.59564965869154
no_penalty,hard_min_norm,,G_IEEE1,23,93.09701727536284
no_penalty,hard_min_norm,,G_IEEE1,24,52.40340308620841
no_penalty,hard_min_norm,,G_IEEE2,1,300.0000029988345
no_penalty,hard_min_norm,,G_IEEE2,2,300.0000029988345
no_penalty,hard_min_norm,,G_IEEE2,3,300.0000029988345
no_penalty,hard_min_norm,,G_IEEE2,4,300.0000029988345
no_penalty,hard_min_norm,,G_IEEE2,5,300.0000029988345
no_penalty,hard_min_norm,,G_IEEE2,6,300.0000029988345
no_penalty,hard_min_norm,,G_IEEE2,7,300.0000029988345
no_penalty,hard_min_norm,,G_IEEE2,8,300.0000029988345
no_penalty,hard_min_norm,,G_IEEE2,9,300.0000029988345
no_penalty,hard_min_norm,,G_IEEE2,10,234.0524962563642
no_penalty,hard_min_norm,,G_IEEE2,11,69.43563010771958
no_penalty,hard_min_norm,,G_IEEE2,12,56.995117491344686
no_penalty,hard_min_norm,,G_IEEE2,13,42.986248016026835
no_penalty,hard_min_norm,,G_IEEE2,14,32.24553385965216
no_penalty,hard_min_norm,,G_IEEE2,15,24.370135336294247
no_penalty,hard_min_norm,,G_IEEE2,16,26.565028337602566
no_penalty,hard_min_norm,,G_IEEE2,17,191.27249589325353
no_penalty,hard_min_norm,,G_IEEE2,18,300.0000029988345
no_penalty,hard_min_norm,,G_IEEE2,19,300.0000029988345
no_penalty,hard_min_norm,,G_IEEE2,20,300.0000029988345
no_penalty,hard_min_norm,,G_IEEE2,21,300.0000029988345
no_penalty,hard_min_norm,,G_IEEE2,22,300.0000029988345
no_penalty,hard_min_norm,,G_IEEE2,23,300.0000029988345
no_penalty,hard_min_norm,,G_IEEE2,24,300.0000029988345
no_penalty,hard_min_norm,,G_IEEE3,1,-8.728544183040525e-09
no_penalty,hard_min_norm,,G_IEEE3,2,-8.728544182910189e-09
no_penalty,hard_min_norm,,G_IEEE3,3,-8.72854418201854e-09
no_penalty,hard_min_norm,,G_IEEE3,4,-8.728544163008035e-09
no_penalty,hard_min_norm,,G_IEEE3,5,-8.728544182567589e-09
no_penalty,hard_min_norm,,G_IEEE3,6,-8.728544183050476e-09
no_penalty,hard_min_norm,,G_IEEE3,7,-8.728544183083801e-09
no_penalty,hard_min_norm,,G_IEEE3,8,-8.728544183083712e-09
no_penalty,hard_min_norm,,G_IEEE3,9,-8.728544182989163e-09
no_penalty,hard_min_norm,,G_IEEE3,10,-9.391912435391757e-09
no_penalty,hard_min_norm,,G_IEEE3,11,-9.55500033103231e-09
no_penalty,hard_min_norm,,G_IEEE3,12,-9.714580622557872e-09
no_penalty,hard_min_norm,,G_IEEE3,13,-9.714580616553346e-09
no_penalty,hard_min_norm,,G_IEEE3,14,-9.714580620653059e-09
no_penalty,hard_min_norm,,G_IEEE3,15,-9.714580622541982e-09
no_penalty,hard_min_norm,,G_IEEE3,16,-9.714580633045427e-09
no_penalty,hard_min_norm,,G_IEEE3,17,-9.391912435389001e-09
no_penalty,hard_min_norm,,G_IEEE3,18,-8.728544182955909e-09
no_penalty,hard_min_norm,,G_IEEE3,19,-8.728544183110401e-09
no_penalty,hard_min_norm,,G_IEEE3,20,-8.728544183177583e-09
no_penalty,hard_min_norm,,G_IEEE3,21,-8.728544183131609e-09
no_penalty,hard_min_norm,,G_IEEE3,22,-8.728544183097999e-09
no_penalty,hard_min_norm,,G_IEEE3,23,-8.728544183081923e-09
no_penalty,hard_min_norm,,G_IEEE3,24,-8.728544183066311e-09
no_penalty,hard_min_norm,,RES_Wind_N1,1,94.50000094484848
no_penalty,hard_min_norm,,RES_Wind_N1,2,98.43750098422349
no_penalty,hard_min_norm,,RES_Wind_N1,3,102.37500102359849
no_penalty,hard_min_norm,,RES_Wind_N1,4,105.00000104984848
no_penalty,hard_min_norm,,RES_Wind_N1,5,102.37500102359849
no_penalty,hard_min_norm,,RES_Wind_N1,6,94.50000094484848
no_penalty,hard_min_norm,,RES_Wind_N1,7,81.37500081359849
no_penalty,hard_min_norm,,RES_Wind_N1,8,68.25000068234849
no_penalty,hard_min_norm,,RES_Wind_N1,9,55.12500055109848
no_penalty,hard_min_norm,,RES_Wind_N1,10,45.93750045920085
no_penalty,hard_min_norm,,RES_Wind_N1,11,39.375000393598484
no_penalty,hard_min_norm,,RES_Wind_N1,12,36.750000367348484
no_penalty,hard_min_norm,,RES_Wind_N1,13,39.375000393598484
no_penalty,hard_min_norm,,RES_Wind_N1,14,44.62500044609848
no_penalty,hard_min_norm,,RES_Wind_N1,15,52.50000052484848
no_penalty,hard_min_norm,,RES_Wind_N1,16,60.37500060359849
no_penalty,hard_min_norm,,RES_Wind_N1,17,68.25000068232585
no_penalty,hard_min_norm,,RES_Wind_N1,18,76.12500076109849
no_penalty,hard_min_norm,,RES_Wind_N1,19,81.37500081359849
no_penalty,hard_min_norm,,RES_Wind_N1,20,86.62500086609849
no_penalty,hard_min_norm,,RES_Wind_N1,21,89.25000089234848
no_penalty,hard_min_norm,,RES_Wind_N1,22,91.87500091859849
no_penalty,hard_min_norm,,RES_Wind_N1,23,94.50000094484848
no_penalty,hard_min_norm,,RES_Wind_N1,24,95.81250095797348
no_penalty,hard_min_norm,,RES_PV_N6,7,4.795875047807234
no_penalty,hard_min_norm,,RES_PV_N6,8,23.979375239642234
no_penalty,hard_min_norm,,RES_PV_N6,9,67.14225067127099
no_penalty,hard_min_norm,,RES_PV_N6,10,115.10100115083584
no_penalty,hard_min_norm,,RES_PV_N6,11,163.05975163037755
no_penalty,hard_min_norm,,RES_PV_N6,12,203.82468953794293
no_penalty,hard_min_norm,,RES_PV_N6,13,227.80406477773667
no_penalty,hard_min_norm,,RES_PV_N6,14,234.9978773496748
no_penalty,hard_min_norm,,RES_PV_N6,15,215.81437715783983
no_penalty,hard_min_norm,,RES_PV_N6,16,172.65150172621105
no_penalty,hard_min_norm,,RES_PV_N6,17,119.89687619879459
no_penalty,hard_min_norm,,RES_PV_N6,18,67.14225067127099
no_penalty,hard_min_norm,,RES_PV_N6,19,19.183500191683482
no_penalty,hard_min_norm,,RES_PV_N6,20,2.3979375238278595
no_penalty,hard_min_norm,,RES_PV_N8,7,8.906625088914735
no_penalty,hard_min_norm,,RES_PV_N8,8,44.533125445179735
no_penalty,hard_min_norm,,RES_PV_N8,9,124.69275124677598
no_penalty,hard_min_norm,,RES_PV_N8,10,213.75900213741582
no_penalty,hard_min_norm,,RES_PV_N8,11,302.82525302807034
no_penalty,hard_min_norm,,RES_PV_N8,12,378.53156628507946
no_penalty,hard_min_norm,,RES_PV_N8,13,423.0646917304107
no_penalty,hard_min_norm,,RES_PV_N8,14,436.42462936401006
no_penalty,hard_min_norm,,RES_PV_N8,15,400.7981290077451
no_penalty,hard_min_norm,,RES_PV_N8,16,320.6385032061488
no_penalty,hard_min_norm,,RES_PV_N8,17,222.6656272264821
no_penalty,hard_min_norm,,RES_PV_N8,18,124.69275124677598
no_penalty,hard_min_norm,,RES_PV_N8,19,35.62650035611348
no_penalty,hard_min_norm,,RES_PV_N8,20,4.4533125443816095
no_penalty,gamma_1e-02,0.01,G_IEEE1,1,21.647172489505106
no_penalty,gamma_1e-02,0.01,G_IEEE1,2,4.66122834715412
no_penalty,gamma_1e-02,0.01,G_IEEE1,3,0.47993078842265524
no_penalty,gamma_1e-02,0.01,G_IEEE1,4,-8.834499058301829e-09
no_penalty,gamma_1e-02,0.01,G_IEEE1,5,1.441332769807995
no_penalty,gamma_1e-02,0.01,G_IEEE1,6,27.67149698941212
no_penalty,gamma_1e-02,0.01,G_IEEE1,7,99.79494693108235
no_penalty,gamma_1e-02,0.01,G_IEEE1,8,114.14645189786155
no_penalty,gamma_1e-02,0.01,G_IEEE1,9,13.1016571712054
no_penalty,gamma_1e-02,0.01,G_IEEE1,10,-8.83449885832324e-09
no_penalty,gamma_1e-02,0.01,G_IEEE1,11,20.427734296958352
no_penalty,gamma_1e-02,0.01,G_IEEE1,12,-9.685355812490448e-09
no_penalty,gamma_1e-02,0.01,G_IEEE1,13,-9.685356555275692e-09
no_penalty,gamma_1e-02,0.01,G_IEEE1,14,-9.685355905480862e-09
no_penalty,gamma_1e-02,0.01,G_IEEE1,15,-9.685355767083057e-09
no_penalty,gamma_1e-02,0.01,G_IEEE1,16,-9.673891896413429e-09
no_penalty,gamma_1e-02,0.01,G_IEEE1,17,-8.834498847214204e-09
no_penalty,gamma_1e-02,0.01,G_IEEE1,18,8.854976144279616
no_penalty,gamma_1e-02,0.01,G_IEEE1,19,185.0161485150086
no_penalty,gamma_1e-02,0.01,G_IEEE1,20,227.1140383310649
no_penalty,gamma_1e-02,0.01,G_IEEE1,21,206.82660534146612
no_penalty,gamma_1e-02,0.01,G_IEEE1,22,147.92502887768103
no_penalty,gamma_1e-02,0.01,G_IEEE1,23,86.52556744497231
no_penalty,gamma_1e-02,0.01,G_IEEE1,24,45.978854083552015
no_penalty,gamma_1e-02,0.01,G_IEEE2,1,300.0000029988345
no_penalty,gamma_1e-02,0.01,G_IEEE2,2,300.0000029988345
no_penalty,gamma_1e-02,0.01,G_IEEE2,3,300.0000029988345
no_penalty,gamma_1e-02,0.01,G_IEEE2,4,296.20199896009825
no_penalty,gamma_1e-02,0.01,G_IEEE2,5,300.0000029988345
no_penalty,gamma_1e-02,0.01,G_IEEE2,6,300.0000029988345
no_penalty,gamma_1e-02,0.01,G_IEEE2,7,300.0000029988345
no_penalty,gamma_1e-02,0.01,G_IEEE2,8,300.0000029988345
no_penalty,gamma_1e-02,0.01,G_IEEE2,9,300.0000029988345
no_penalty,gamma_1e-02,0.01,G_IEEE2,10,229.3544962428869
no_penalty,gamma_1e-02,0.01,G_IEEE2,11,64.96831428734477
no_penalty,gamma_1e-02,0.01,G_IEEE2,12,55.15080653081471
no_penalty,gamma_1e-02,0.01,G_IEEE2,13,41.1028166297724
no_penalty,gamma_1e-02,0.01,G_IEEE2,14,30.272693977768743
no_penalty,gamma_1e-02,0.01,G_IEEE2,15,22.59546360673044
no_penalty,gamma_1e-02,0.01,G_IEEE2,16,25.672847616300928
no_penalty,gamma_1e-02,0.01,G_IEEE2,17,186.5744958705686
no_penalty,gamma_1e-02,0.01,G_IEEE2,18,300.0000029988345
no_penalty,gamma_1e-02,0.01,G_IEEE2,19,300.0000029988345
no_penalty,gamma_1e-02,0.01,G_IEEE2,20,300.0000029988345
no_penalty,gamma_1e-02,0.01,G_IEEE2,21,300.0000029988345
no_penalty,gamma_1e-02,0.01,G_IEEE2,22,300.0000029988345
no_penalty,gamma_1e-02,0.01,G_IEEE2,23,300.0000029988345
no_penalty,gamma_1e-02,0.01,G_IEEE2,24,300.0000029988345
no_penalty,gamma_1e-02,0.01,G_IEEE3,1,-8.728544137750783e-09
no_penalty,gamma_1e-02,0.01,G_IEEE3,2,-8.728543970250216e-09
no_penalty,gamma_1e-02,0.01,G_IEEE3,3,-8.728542115848052e-09
no_penalty,gamma_1e-02,0.01,G_IEEE3,4,-9.39191249648874e-09
no_penalty,gamma_1e-02,0.01,G_IEEE3,5,-8.728543494892904e-09
no_penalty,gamma_1e-02,0.01,G_IEEE3,6,-8.728544147766339e-09
no_penalty,gamma_1e-02,0.01,G_IEEE3,7,-8.728544177312264e-09
no_penalty,gamma_1e-02,0.01,G_IEEE3,8,-8.728544177073943e-09
no_penalty,gamma_1e-02,0.01,G_IEEE3,9,-8.728544091271928e-09
no_penalty,gamma_1e-02,0.01,G_IEEE3,10,-9.39191243579959e-09
no_penalty,gamma_1e-02,0.01,G_IEEE3,11,-9.555000327551613e-09
no_penalty,gamma_1e-02,0.01,G_IEEE3,12,-9.8446189228963e-09
no_penalty,gamma_1e-02,0.01,G_IEEE3,13,-9.84461884024416e-09
no_penalty,gamma_1e-02,0.01,G_IEEE3,14,-9.844618840295577e-09
no_penalty,gamma_1e-02,0.01,G_IEEE3,15,-9.844618919524823e-09
no_penalty,gamma_1e-02,0.01,G_IEEE3,16,-9.842732249165551e-09
no_penalty,gamma_1e-02,0.01,G_IEEE3,17,-9.391912433986834e-09
no_penalty,gamma_1e-02,0.01,G_IEEE3,18,-8.728544057662256e-09
no_penalty,gamma_1e-02,0.01,G_IEEE3,19,-8.728544194563189e-09
no_penalty,gamma_1e-02,0.01,G_IEEE3,20,-8.728544230979597e-09
no_penalty,gamma_1e-02,0.01,G_IEEE3,21,-8.72854420770006e-09
no_penalty,gamma_1e-02,0.01,G_IEEE3,22,-8.72854418751831e-09
no_penalty,gamma_1e-02,0.01,G_IEEE3,23,-8.728544176136463e-09
no_penalty,gamma_1e-02,0.01,G_IEEE3,24,-8.728544163350236e-09
no_penalty,gamma_1e-02,0.01,RES_Wind_N1,1,94.50000094484848
no_penalty,gamma_1e-02,0.01,RES_Wind_N1,2,98.43750098422349
no_penalty,gamma_1e-02,0.01,RES_Wind_N1,3,102.37500102359849
no_penalty,gamma_1e-02,0.01,RES_Wind_N1,4,105.00000104982584
no_penalty,gamma_1e-02,0.01,RES_Wind_N1,5,102.37500102359849
no_penalty,gamma_1e-02,0.01,RES_Wind_N1,6,94.50000094484848
no_penalty,gamma_1e-02,0.01,RES_Wind_N1,7,81.37500081359849
no_penalty,gamma_1e-02,0.01,RES_Wind_N1,8,68.25000068234849
no_penalty,gamma_1e-02,0.01,RES_Wind_N1,9,55.12500055109848
no_penalty,gamma_1e-02,0.01,RES_Wind_N1,10,45.93750045920085
no_penalty,gamma_1e-02,0.01,RES_Wind_N1,11,39.375000393598484
no_penalty,gamma_1e-02,0.01,RES_Wind_N1,12,36.750000367207754
no_penalty,gamma_1e-02,0.01,RES_Wind_N1,13,39.37500039345775
no_penalty,gamma_1e-02,0.01,RES_Wind_N1,14,44.62500044595775
no_penalty,gamma_1e-02,0.01,RES_Wind_N1,15,52.50000052470775
no_penalty,gamma_1e-02,0.01,RES_Wind_N1,16,60.375000603467
no_penalty,gamma_1e-02,0.01,RES_Wind_N1,17,68.25000068232585
no_penalty,gamma_1e-02,0.01,RES_Wind_N1,18,76.12500076109849
no_penalty,gamma_1e-02,0.01,RES_Wind_N1,19,81.37500081359849
no_penalty,gamma_1e-02,0.01,RES_Wind_N1,20,86.62500086609849
no_penalty,gamma_1e-02,0.01,RES_Wind_N1,21,89.25000089234848
no_penalty,gamma_1e-02,0.01,RES_Wind_N1,22,91.87500091859849
no_penalty,gamma_1e-02,0.01,RES_Wind_N1,23,94.50000094484848
no_penalty,gamma_1e-02,0.01,RES_Wind_N1,24,95.81250095797348
no_penalty,gamma_1e-02,0.01,RES_PV_N6,7,4.795875047807234
no_penalty,gamma_1e-02,0.01,RES_PV_N6,8,23.979375239642234
no_penalty,gamma_1e-02,0.01,RES_PV_N6,9,67.14225067127099
no_penalty,gamma_1e-02,0.01,RES_PV_N6,10,115.10100115083584
no_penalty,gamma_1e-02,0.01,RES_PV_N6,11,163.05975163037755
no_penalty,gamma_1e-02,0.01,RES_PV_N6,12,203.82468953785533
no_penalty,gamma_1e-02,0.01,RES_PV_N6,13,227.80406477764907
no_penalty,gamma_1e-02,0.01,RES_PV_N6,14,234.9978773495872
no_penalty,gamma_1e-02,0.01,RES_PV_N6,15,215.81437715775223
no_penalty,gamma_1e-02,0.01,RES_PV_N6,16,172.65150172612346
no_penalty,gamma_1e-02,0.01,RES_PV_N6,17,119.89687619879459
no_penalty,gamma_1e-02,0.01,RES_PV_N6,18,67.14225067127099
no_penalty,gamma_1e-02,0.01,RES_PV_N6,19,19.183500191683482
no_penalty,gamma_1e-02,0.01,RES_PV_N6,20,2.3979375238278595
no_penalty,gamma_1e-02,0.01,RES_PV_N8,7,8.906625088914735
no_penalty,gamma_1e-02,0.01,RES_PV_N8,8,44.533125445179735
no_penalty,gamma_1e-02,0.01,RES_PV_N8,9,124.69275124677598
no_penalty,gamma_1e-02,0.01,RES_PV_N8,10,213.75900213741582
no_penalty,gamma_1e-02,0.01,RES_PV_N8,11,302.82525302807034
no_penalty,gamma_1e-02,0.01,RES_PV_N8,12,378.3513674747523
no_penalty,gamma_1e-02,0.01,RES_PV_N8,13,422.8640268509876
no_penalty,gamma_1e-02,0.01,RES_PV_N8,14,434.79109711815454
no_penalty,gamma_1e-02,0.01,RES_PV_N8,15,400.5992815262125
no_penalty,gamma_1e-02,0.01,RES_PV_N8,16,320.6385031982539
no_penalty,gamma_1e-02,0.01,RES_PV_N8,17,222.6656272264821
no_penalty,gamma_1e-02,0.01,RES_PV_N8,18,124.69275124677598
no_penalty,gamma_1e-02,0.01,RES_PV_N8,19,35.62650035611348
no_penalty,gamma_1e-02,0.01,RES_PV_N8,20,4.4533125443816095
no_penalty,gamma_3e-03,0.003,G_IEEE1,1,25.826046585757194
no_penalty,gamma_3e-03,0.003,G_IEEE1,2,6.691090181719736
no_penalty,gamma_3e-03,0.003,G_IEEE1,3,1.0157669839109094
no_penalty,gamma_3e-03,0.003,G_IEEE1,4,-8.834498831824694e-09
no_penalty,gamma_3e-03,0.003,G_IEEE1,5,2.2412336213104567
no_penalty,gamma_3e-03,0.003,G_IEEE1,6,32.29299170893289
no_penalty,gamma_3e-03,0.003,G_IEEE1,7,105.3180505576275
no_penalty,gamma_3e-03,0.003,G_IEEE1,8,120.28021280579304
no_penalty,gamma_3e-03,0.003,G_IEEE1,9,16.125441597197316
no_penalty,gamma_3e-03,0.003,G_IEEE1,10,-8.834498834458649e-09
no_penalty,gamma_3e-03,0.003,G_IEEE1,11,20.565375699343075
no_penalty,gamma_3e-03,0.003,G_IEEE1,12,-9.68315816844298e-09
no_penalty,gamma_3e-03,0.003,G_IEEE1,13,-9.683158160713727e-09
no_penalty,gamma_3e-03,0.003,G_IEEE1,14,-9.683158169911005e-09
no_penalty,gamma_3e-03,0.003,G_IEEE1,15,-9.68315816851805e-09
no_penalty,gamma_3e-03,0.003,G_IEEE1,16,0.3451790247011525
no_penalty,gamma_3e-03,0.003,G_IEEE1,17,-8.83449883447735e-09
no_penalty,gamma_3e-03,0.003,G_IEEE1,18,10.967940674641058
no_penalty,gamma_3e-03,0.003,G_IEEE1,19,190.6008739014669
no_penalty,gamma_3e-03,0.003,G_IEEE1,20,230.97375825449814
no_penalty,gamma_3e-03,0.003,G_IEEE1,21,211.4186685172613
no_penalty,gamma_3e-03,0.003,G_IEEE1,22,152.57451610399337
no_penalty,gamma_3e-03,0.003,G_IEEE1,23,91.10638730211483
no_penalty,gamma_3e-03,0.003,G_IEEE1,24,50.45245733084067
no_penalty,gamma_3e-03,0.003,G_IEEE2,1,300.0000029988345
no_penalty,gamma_3e-03,0.003,G_IEEE2,2,300.0000029988345
no_penalty,gamma_3e-03,0.003,G_IEEE2,3,300.0000029988345
no_penalty,gamma_3e-03,0.003,G_IEEE2,4,299.49059895988205
no_penalty,gamma_3e-03,0.003,G_IEEE2,5,300.0000029988345
no_penalty,gamma_3e-03,0.003,G_IEEE2,6,300.0000029988345
no_penalty,gamma_3e-03,0.003,G_IEEE2,7,300.0000029988345
no_penalty,gamma_3e-03,0.003,G_IEEE2,8,300.0000029988345
no_penalty,gamma_3e-03,0.003,G_IEEE2,9,300.0000029988345
no_penalty,gamma_3e-03,0.003,G_IEEE2,10,232.64309624100696
no_penalty,gamma_3e-03,0.003,G_IEEE2,11,68.09543532202287
no_penalty,gamma_3e-03,0.003,G_IEEE2,12,56.383369512181915
no_penalty,gamma_3e-03,0.003,G_IEEE2,13,42.50836948035841
no_penalty,gamma_3e-03,0.003,G_IEEE2,14,31.633369434491524
no_penalty,gamma_3e-03,0.003,G_IEEE2,15,23.758369354737678
no_penalty,gamma_3e-03,0.003,G_IEEE2,16,26.55970183848937
no_penalty,gamma_3e-03,0.003,G_IEEE2,17,189.86309587017638
no_penalty,gamma_3e-03,0.003,G_IEEE2,18,300.0000029988345
no_penalty,gamma_3e-03,0.003,G_IEEE2,19,300.0000029988345
no_penalty,gamma_3e-03,0.003,G_IEEE2,20,300.0000029988345
no_penalty,gamma_3e-03,0.003,G_IEEE2,21,300.0000029988345
no_penalty,gamma_3e-03,0.003,G_IEEE2,22,300.0000029988345
no_penalty,gamma_3e-03,0.003,G_IEEE2,23,300.0000029988345
no_penalty,gamma_3e-03,0.003,G_IEEE2,24,300.0000029988345
no_penalty,gamma_3e-03,0.003,G_IEEE3,1,-8.728544183150915e-09
no_penalty,gamma_3e-03,0.003,G_IEEE3,2,-8.728544183330977e-09
no_penalty,gamma_3e-03,0.003,G_IEEE3,3,-8.728544184680404e-09
no_penalty,gamma_3e-03,0.003,G_IEEE3,4,-9.391912434662465e-09
no_penalty,gamma_3e-03,0.003,G_IEEE3,5,-8.72854418381044e-09
no_penalty,gamma_3e-03,0.003,G_IEEE3,6,-8.728544183138244e-09
no_penalty,gamma_3e-03,0.003,G_IEEE3,7,-8.728544183097193e-09
no_penalty,gamma_3e-03,0.003,G_IEEE3,8,-8.72854418309739e-09
no_penalty,gamma_3e-03,0.003,G_IEEE3,9,-8.728544183215276e-09
no_penalty,gamma_3e-03,0.003,G_IEEE3,10,-9.391912435389643e-09
no_penalty,gamma_3e-03,0.003,G_IEEE3,11,-9.555000331041291e-09
no_penalty,gamma_3e-03,0.003,G_IEEE3,12,-9.844836615108316e-09
no_penalty,gamma_3e-03,0.003,G_IEEE3,13,-9.844836615881452e-09
no_penalty,gamma_3e-03,0.003,G_IEEE3,14,-9.84483661556706e-09
no_penalty,gamma_3e-03,0.003,G_IEEE3,15,-9.844836615113787e-09
no_penalty,gamma_3e-03,0.003,G_IEEE3,16,-9.76546417432845e-09
no_penalty,gamma_3e-03,0.003,G_IEEE3,17,-9.391912435392758e-09
no_penalty,gamma_3e-03,0.003,G_IEEE3,18,-8.72854418325844e-09
no_penalty,gamma_3e-03,0.003,G_IEEE3,19,-8.728544183067338e-09
no_penalty,gamma_3e-03,0.003,G_IEEE3,20,-8.728544182996039e-09
no_penalty,gamma_3e-03,0.003,G_IEEE3,21,-8.728544183043888e-09
no_penalty,gamma_3e-03,0.003,G_IEEE3,22,-8.728544183080726e-09
no_penalty,gamma_3e-03,0.003,G_IEEE3,23,-8.72854418309928e-09
no_penalty,gamma_3e-03,0.003,G_IEEE3,24,-8.728544183118088e-09
no_penalty,gamma_3e-03,0.003,RES_Wind_N1,1,94.50000094484848
no_penalty,gamma_3e-03,0.003,RES_Wind_N1,2,98.43750098422349
no_penalty,gamma_3e-03,0.003,RES_Wind_N1,3,102.37500102359849
no_penalty,gamma_3e-03,0.003,RES_Wind_N1,4,105.00000104982584
no_penalty,gamma_3e-03,0.003,RES_Wind_N1,5,102.37500102359849
no_penalty,gamma_3e-03,0.003,RES_Wind_N1,6,94.50000094484848
no_penalty,gamma_3e-03,0.003,RES_Wind_N1,7,81.37500081359849
no_penalty,gamma_3e-03,0.003,RES_Wind_N1,8,68.25000068234849
no_penalty,gamma_3e-03,0.003,RES_Wind_N1,9,55.12500055109848
no_penalty,gamma_3e-03,0.003,RES_Wind_N1,10,45.93750045920085
no_penalty,gamma_3e-03,0.003,RES_Wind_N1,11,39.375000393598484
no_penalty,gamma_3e-03,0.003,RES_Wind_N1,12,36.75000036720963
no_penalty,gamma_3e-03,0.003,RES_Wind_N1,13,39.37500039345963
no_penalty,gamma_3e-03,0.003,RES_Wind_N1,14,44.62500044595963
no_penalty,gamma_3e-03,0.003,RES_Wind_N1,15,52.50000052470963
no_penalty,gamma_3e-03,0.003,RES_Wind_N1,16,60.37500060359849
no_penalty,gamma_3e-03,0.003,RES_Wind_N1,17,68.25000068232585
no_penalty,gamma_3e-03,0.003,RES_Wind_N1,18,76.12500076109849
no_penalty,gamma_3e-03,0.003,RES_Wind_N1,19,81.37500081359849
no_penalty,gamma_3e-03,0.003,RES_Wind_N1,20,86.62500086609849
no_penalty,gamma_3e-03,0.003,RES_Wind_N1,21,89.25000089234848
no_penalty,gamma_3e-03,0.003,RES_Wind_N1,22,91.87500091859849
no_penalty,gamma_3e-03,0.003,RES_Wind_N1,23,94.50000094484848
no_penalty,gamma_3e-03,0.003,RES_Wind_N1,24,95.81250095797348
no_penalty,gamma_3e-03,0.003,RES_PV_N6,7,4.795875047807234
no_penalty,gamma_3e-03,0.003,RES_PV_N6,8,23.979375239642234
no_penalty,gamma_3e-03,0.003,RES_PV_N6,9,67.14225067127099
no_penalty,gamma_3e-03,0.003,RES_PV_N6,10,115.10100115083584
no_penalty,gamma_3e-03,0.003,RES_PV_N6,11,163.05975163037755
no_penalty,gamma_3e-03,0.003,RES_PV_N6,12,203.82468953785158
no_penalty,gamma_3e-03,0.003,RES_PV_N6,13,227.80406477764532
no_penalty,gamma_3e-03,0.003,RES_PV_N6,14,234.99787734958346
no_penalty,gamma_3e-03,0.003,RES_PV_N6,15,215.81437715774848
no_penalty,gamma_3e-03,0.003,RES_PV_N6,16,172.6515017261197
no_penalty,gamma_3e-03,0.003,RES_PV_N6,17,119.89687619879459
no_penalty,gamma_3e-03,0.003,RES_PV_N6,18,67.14225067127099
no_penalty,gamma_3e-03,0.003,RES_PV_N6,19,19.183500191683482
no_penalty,gamma_3e-03,0.003,RES_PV_N6,20,2.3979375238278595
no_penalty,gamma_3e-03,0.003,RES_PV_N8,7,8.906625088914735
no_penalty,gamma_3e-03,0.003,RES_PV_N8,8,44.533125445179735
no_penalty,gamma_3e-03,0.003,RES_PV_N8,9,124.69275124677598
no_penalty,gamma_3e-03,0.003,RES_PV_N8,10,213.75900213741582
no_penalty,gamma_3e-03,0.003,RES_PV_N8,11,302.82525302807034
no_penalty,gamma_3e-03,0.003,RES_PV_N8,12,378.4963356229077
no_penalty,gamma_3e-03,0.003,RES_PV_N8,13,423.02874968509565
no_penalty,gamma_3e-03,0.003,RES_PV_N8,14,436.1256669132195
no_penalty,gamma_3e-03,0.003,RES_PV_N8,15,400.7622393600905
no_penalty,gamma_3e-03,0.003,RES_PV_N8,16,320.6385032060972
no_penalty,gamma_3e-03,0.003,RES_PV_N8,17,222.6656272264821
no_penalty,gamma_3e-03,0.003,RES_PV_N8,18,124.69275124677598
no_penalty,gamma_3e-03,0.003,RES_PV_N8,19,35.62650035611348
no_penalty,gamma_3e-03,0.003,RES_PV_N8,20,4.4533125443816095
no_penalty,gamma_1e-03,0.001,G_IEEE1,1,27.04919249541953
no_penalty,gamma_1e-03,0.001,G_IEEE1,2,7.38933712497413
no_penalty,gamma_1e-03,0.001,G_IEEE1,3,1.202347950042528
no_penalty,gamma_1e-03,0.001,G_IEEE1,4,0.026355098123294687
no_penalty,gamma_1e-03,0.001,G_IEEE1,5,2.5203648662015716
no_penalty,gamma_1e-03,0.001,G_IEEE1,6,33.643033732002024
no_penalty,gamma_1e-03,0.001,G_IEEE1,7,106.88517926120777
no_penalty,gamma_1e-03,0.001,G_IEEE1,8,122.00653798514676
no_penalty,gamma_1e-03,0.001,G_IEEE1,9,17.095518786924604
no_penalty,gamma_1e-03,0.001,G_IEEE1,10,-8.834498834458238e-09
no_penalty,gamma_1e-03,0.001,G_IEEE1,11,20.604701813576785
no_penalty,gamma_1e-03,0.001,G_IEEE1,12,-8.823518024991089e-09
no_penalty,gamma_1e-03,0.001,G_IEEE1,13,-8.824140621707228e-09
no_penalty,gamma_1e-03,0.001,G_IEEE1,14,-8.821675487912685e-09
no_penalty,gamma_1e-03,0.001,G_IEEE1,15,-8.823518028007032e-09
no_penalty,gamma_1e-03,0.001,G_IEEE1,16,0.8169604381442117
no_penalty,gamma_1e-03,0.001,G_IEEE1,17,-8.834498834477125e-09
no_penalty,gamma_1e-03,0.001,G_IEEE1,18,11.667752026444598
no_penalty,gamma_1e-03,0.001,G_IEEE1,19,192.17586859711128
no_penalty,gamma_1e-03,0.001,G_IEEE1,20,232.00554046425657
no_penalty,gamma_1e-03,0.001,G_IEEE1,21,212.72282800466766
no_penalty,gamma_1e-03,0.001,G_IEEE1,22,153.9032657640059
no_penalty,gamma_1e-03,0.001,G_IEEE1,23,92.41626095732039
no_penalty,gamma_1e-03,0.001,G_IEEE1,24,51.73604896325418
no_penalty,gamma_1e-03,0.001,G_IEEE2,1,300.0000029988345
no_penalty,gamma_1e-03,0.001,G_IEEE2,2,300.0000029988345
no_penalty,gamma_1e-03,0.001,G_IEEE2,3,300.0000029988345
no_penalty,gamma_1e-03,0.001,G_IEEE2,4,300.0000029988345
no_penalty,gamma_1e-03,0.001,G_IEEE2,5,300.0000029988345
no_penalty,gamma_1e-03,0.001,G_IEEE2,6,300.0000029988345
no_penalty,gamma_1e-03,0.001,G_IEEE2,7,300.0000029988345
no_penalty,gamma_1e-03,0.001,G_IEEE2,8,300.0000029988345
no_penalty,gamma_1e-03,0.001,G_IEEE2,9,300.0000029988345
no_penalty,gamma_1e-03,0.001,G_IEEE2,10,233.5826962421369
no_penalty,gamma_1e-03,0.001,G_IEEE2,11,68.98889847884217
no_penalty,gamma_1e-03,0.001,G_IEEE2,12,56.738790533424286
no_penalty,gamma_1e-03,0.001,G_IEEE2,13,42.86378926329835
no_penalty,gamma_1e-03,0.001,G_IEEE2,14,31.988823296255546
no_penalty,gamma_1e-03,0.001,G_IEEE2,15,24.113790375942855
no_penalty,gamma_1e-03,0.001,G_IEEE2,16,26.65133018086387
no_penalty,gamma_1e-03,0.001,G_IEEE2,17,190.80269587194493
no_penalty,gamma_1e-03,0.001,G_IEEE2,18,300.0000029988345
no_penalty,gamma_1e-03,0.001,G_IEEE2,19,300.0000029988345
no_penalty,gamma_1e-03,0.001,G_IEEE2,20,300.0000029988345
no_penalty,gamma_1e-03,0.001,G_IEEE2,21,300.0000029988345
no_penalty,gamma_1e-03,0.001,G_IEEE2,22,300.0000029988345
no_penalty,gamma_1e-03,0.001,G_IEEE2,23,300.0000029988345
no_penalty,gamma_1e-03,0.001,G_IEEE2,24,300.0000029988345
no_penalty,gamma_1e-03,0.001,G_IEEE3,1,-8.728544183147939e-09
no_penalty,gamma_1e-03,0.001,G_IEEE3,2,-8.728544183308086e-09
no_penalty,gamma_1e-03,0.001,G_IEEE3,3,-8.72854418443344e-09
no_penalty,gamma_1e-03,0.001,G_IEEE3,4,-8.728544244427108e-09
no_penalty,gamma_1e-03,0.001,G_IEEE3,5,-8.728544183730549e-09
no_penalty,gamma_1e-03,0.001,G_IEEE3,6,-8.728544183136066e-09
no_penalty,gamma_1e-03,0.001,G_IEEE3,7,-8.728544183096679e-09
no_penalty,gamma_1e-03,0.001,G_IEEE3,8,-8.72854418309682e-09
no_penalty,gamma_1e-03,0.001,G_IEEE3,9,-8.72854418320932e-09
no_penalty,gamma_1e-03,0.001,G_IEEE3,10,-9.39191243538953e-09
no_penalty,gamma_1e-03,0.001,G_IEEE3,11,-9.5550003310411e-09
no_penalty,gamma_1e-03,0.001,G_IEEE3,12,-9.809139203309465e-09
no_penalty,gamma_1e-03,0.001,G_IEEE3,13,-9.809130988831524e-09
no_penalty,gamma_1e-03,0.001,G_IEEE3,14,-9.80911045566089e-09
no_penalty,gamma_1e-03,0.001,G_IEEE3,15,-9.809139203320207e-09
no_penalty,gamma_1e-03,0.001,G_IEEE3,16,-9.785039980590085e-09
no_penalty,gamma_1e-03,0.001,G_IEEE3,17,-9.391912435392694e-09
no_penalty,gamma_1e-03,0.001,G_IEEE3,18,-8.728544183249469e-09
no_penalty,gamma_1e-03,0.001,G_IEEE3,19,-8.728544183066238e-09
no_penalty,gamma_1e-03,0.001,G_IEEE3,20,-8.728544182990828e-09
no_penalty,gamma_1e-03,0.001,G_IEEE3,21,-8.728544183042075e-09
no_penalty,gamma_1e-03,0.001,G_IEEE3,22,-8.728544183080231e-09
no_penalty,gamma_1e-03,0.001,G_IEEE3,23,-8.728544183098814e-09
no_penalty,gamma_1e-03,0.001,G_IEEE3,24,-8.728544183117122e-09
no_penalty,gamma_1e-03,0.001,RES_Wind_N1,1,94.50000094484848
no_penalty,gamma_1e-03,0.001,RES_Wind_N1,2,98.43750098422349
no_penalty,gamma_1e-03,0.001,RES_Wind_N1,3,102.37500102359849
no_penalty,gamma_1e-03,0.001,RES_Wind_N1,4,105.00000104984848
no_penalty,gamma_1e-03,0.001,RES_Wind_N1,5,102.37500102359849
no_penalty,gamma_1e-03,0.001,RES_Wind_N1,6,94.50000094484848
no_penalty,gamma_1e-03,0.001,RES_Wind_N1,7,81.37500081359849
no_penalty,gamma_1e-03,0.001,RES_Wind_N1,8,68.25000068234849
no_penalty,gamma_1e-03,0.001,RES_Wind_N1,9,55.12500055109848
no_penalty,gamma_1e-03,0.001,RES_Wind_N1,10,45.93750045920085
no_penalty,gamma_1e-03,0.001,RES_Wind_N1,11,39.375000393598484
no_penalty,gamma_1e-03,0.001,RES_Wind_N1,12,36.75000036732609
no_penalty,gamma_1e-03,0.001,RES_Wind_N1,13,39.37500039357607
no_penalty,gamma_1e-03,0.001,RES_Wind_N1,14,44.62500044607612
no_penalty,gamma_1e-03,0.001,RES_Wind_N1,15,52.500000524826085
no_penalty,gamma_1e-03,0.001,RES_Wind_N1,16,60.37500060359849
no_penalty,gamma_1e-03,0.001,RES_Wind_N1,17,68.25000068232585
no_penalty,gamma_1e-03,0.001,RES_Wind_N1,18,76.12500076109849
no_penalty,gamma_1e-03,0.001,RES_Wind_N1,19,81.37500081359849
no_penalty,gamma_1e-03,0.001,RES_Wind_N1,20,86.62500086609849
no_penalty,gamma_1e-03,0.001,RES_Wind_N1,21,89.25000089234848
no_penalty,gamma_1e-03,0.001,RES_Wind_N1,22,91.87500091859849
no_penalty,gamma_1e-03,0.001,RES_Wind_N1,23,94.50000094484848
no_penalty,gamma_1e-03,0.001,RES_Wind_N1,24,95.81250095797348
no_penalty,gamma_1e-03,0.001,RES_PV_N6,7,4.795875047807234
no_penalty,gamma_1e-03,0.001,RES_PV_N6,8,23.979375239642234
no_penalty,gamma_1e-03,0.001,RES_PV_N6,9,67.14225067127099
no_penalty,gamma_1e-03,0.001,RES_PV_N6,10,115.10100115083584
no_penalty,gamma_1e-03,0.001,RES_PV_N6,11,163.05975163037755
no_penalty,gamma_1e-03,0.001,RES_PV_N6,12,203.82468953777993
no_penalty,gamma_1e-03,0.001,RES_PV_N6,13,227.80406477757379
no_penalty,gamma_1e-03,0.001,RES_PV_N6,14,234.9978773495118
no_penalty,gamma_1e-03,0.001,RES_PV_N6,15,215.81437715767683
no_penalty,gamma_1e-03,0.001,RES_PV_N6,16,172.65150172604805
no_penalty,gamma_1e-03,0.001,RES_PV_N6,17,119.89687619879459
no_penalty,gamma_1e-03,0.001,RES_PV_N6,18,67.14225067127099
no_penalty,gamma_1e-03,0.001,RES_PV_N6,19,19.183500191683482
no_penalty,gamma_1e-03,0.001,RES_PV_N6,20,2.3979375238278595
no_penalty,gamma_1e-03,0.001,RES_PV_N8,7,8.906625088914735
no_penalty,gamma_1e-03,0.001,RES_PV_N8,8,44.533125445179735
no_penalty,gamma_1e-03,0.001,RES_PV_N8,9,124.69275124677598
no_penalty,gamma_1e-03,0.001,RES_PV_N8,10,213.75900213741582
no_penalty,gamma_1e-03,0.001,RES_PV_N8,11,302.82525302807034
no_penalty,gamma_1e-03,0.001,RES_PV_N8,12,378.5315662848506
no_penalty,gamma_1e-03,0.001,RES_PV_N8,13,423.06469173018183
no_penalty,gamma_1e-03,0.001,RES_PV_N8,14,436.42462936378143
no_penalty,gamma_1e-03,0.001,RES_PV_N8,15,400.79812900751625
no_penalty,gamma_1e-03,0.001,RES_PV_N8,16,320.63850320606093
no_penalty,gamma_1e-03,0.001,RES_PV_N8,17,222.6656272264821
no_penalty,gamma_1e-03,0.001,RES_PV_N8,18,124.69275124677598
no_penalty,gamma_1e-03,0.001,RES_PV_N8,19,35.62650035611348
no_penalty,gamma_1e-03,0.001,RES_PV_N8,20,4.4533125443816095
no_penalty,gamma_3e-04,0.0003,G_IEEE1,1,27.49602823510113
no_penalty,gamma_3e-04,0.0003,G_IEEE1,2,7.654601966875084
no_penalty,gamma_3e-04,0.0003,G_IEEE1,3,1.272731108684713
no_penalty,gamma_3e-04,0.0003,G_IEEE1,4,0.05627787248779647
no_penalty,gamma_3e-04,0.0003,G_IEEE1,5,2.6269454453834533
no_penalty,gamma_3e-04,0.0003,G_IEEE1,6,34.14640778366132
no_penalty,gamma_3e-04,0.0003,G_IEEE1,7,107.47221193996792
no_penalty,gamma_3e-04,0.0003,G_IEEE1,8,122.66498474158864
no_penalty,gamma_3e-04,0.0003,G_IEEE1,9,17.50154708571185
no_penalty,gamma_3e-04,0.0003,G_IEEE1,10,-8.834498834552645e-09
no_penalty,gamma_3e-04,0.0003,G_IEEE1,11,20.61846593279139
no_penalty,gamma_3e-04,0.0003,G_IEEE1,12,0.003806099734233463
no_penalty,gamma_3e-04,0.0003,G_IEEE1,13,0.10234191023078791
no_penalty,gamma_3e-04,0.0003,G_IEEE1,14,0.0032433749551938874
no_penalty,gamma_3e-04,0.0003,G_IEEE1,15,0.003795219586078238
no_penalty,gamma_3e-04,0.0003,G_IEEE1,16,1.081249611190393
no_penalty,gamma_3e-04,0.0003,G_IEEE1,17,-8.834498834527607e-09
no_penalty,gamma_3e-04,0.0003,G_IEEE1,18,11.958318056747663
no_penalty,gamma_3e-04,0.0003,G_IEEE1,19,192.76456894213436
no_penalty,gamma_3e-04,0.0003,G_IEEE1,20,232.37905343257088
no_penalty,gamma_3e-04,0.0003,G_IEEE1,21,213.19812325241887
no_penalty,gamma_3e-04,0.0003,G_IEEE1,22,154.38546816302093
no_penalty,gamma_3e-04,0.0003,G_IEEE1,23,92.89079091722535
no_penalty,gamma_3e-04,0.0003,G_IEEE1,24,52.2014633503416
no_penalty,gamma_3e-04,0.0003,G_IEEE2,1,300.0000029988345
no_penalty,gamma_3e-04,0.0003,G_IEEE2,2,300.0000029988345
no_penalty,gamma_3e-04,0.0003,G_IEEE2,3,300.0000029988345
no_penalty,gamma_3e-04,0.0003,G_IEEE2,4,300.0000029988345
no_penalty,gamma_3e-04,0.0003,G_IEEE2,5,300.0000029988345
no_penalty,gamma_3e-04,0.0003,G_IEEE2,6,300.0000029988345
no_penalty,gamma_3e-04,0.0003,G_IEEE2,7,300.0000029988345
no_penalty,gamma_3e-04,0.0003,G_IEEE2,8,300.0000029988345
no_penalty,gamma_3e-04,0.0003,G_IEEE2,9,300.0000029988345
no_penalty,gamma_3e-04,0.0003,G_IEEE2,10,233.9115562563322
no_penalty,gamma_3e-04,0.0003,G_IEEE2,11,69.3016106346723
no_penalty,gamma_3e-04,0.0003,G_IEEE2,12,56.911678172477366
no_penalty,gamma_3e-04,0.0003,G_IEEE2,13,42.93814233389848
no_penalty,gamma_3e-04,0.0003,G_IEEE2,14,32.16224081883564
no_penalty,gamma_3e-04,0.0003,G_IEEE2,15,24.286688895131128
no_penalty,gamma_3e-04,0.0003,G_IEEE2,16,26.58423442287494
no_penalty,gamma_3e-04,0.0003,G_IEEE2,17,191.13155589337853
no_penalty,gamma_3e-04,0.0003,G_IEEE2,18,300.0000029988345
no_penalty,gamma_3e-04,0.0003,G_IEEE2,19,300.0000029988345
no_penalty,gamma_3e-04,0.0003,G_IEEE2,20,300.0000029988345
no_penalty,gamma_3e-04,0.0003,G_IEEE2,21,300.0000029988345
no_penalty,gamma_3e-04,0.0003,G_IEEE2,22,300.0000029988345
no_penalty,gamma_3e-04,0.0003,G_IEEE2,23,300.0000029988345
no_penalty,gamma_3e-04,0.0003,G_IEEE2,24,300.0000029988345
no_penalty,gamma_3e-04,0.0003,G_IEEE3,1,-8.728544183014002e-09
no_penalty,gamma_3e-04,0.0003,G_IEEE3,2,-8.728544182811189e-09
no_penalty,gamma_3e-04,0.0003,G_IEEE3,3,-8.728544181412969e-09
no_penalty,gamma_3e-04,0.0003,G_IEEE3,4,-8.728544145095473e-09
no_penalty,gamma_3e-04,0.0003,G_IEEE3,5,-8.728544182277541e-09
no_penalty,gamma_3e-04,0.0003,G_IEEE3,6,-8.72854418302935e-09
no_penalty,gamma_3e-04,0.0003,G_IEEE3,7,-8.728544183080605e-09
no_penalty,gamma_3e-04,0.0003,G_IEEE3,8,-8.72854418308045e-09
no_penalty,gamma_3e-04,0.0003,G_IEEE3,9,-8.728544182934637e-09
no_penalty,gamma_3e-04,0.0003,G_IEEE3,10,-9.391912435392293e-09
no_penalty,gamma_3e-04,0.0003,G_IEEE3,11,-9.555000331030142e-09
no_penalty,gamma_3e-04,0.0003,G_IEEE3,12,-9.714580620084792e-09
no_penalty,gamma_3e-04,0.0003,G_IEEE3,13,-9.714580608493742e-09
no_penalty,gamma_3e-04,0.0003,G_IEEE3,14,-9.714580615355786e-09
no_penalty,gamma_3e-04,0.0003,G_IEEE3,15,-9.714580620060437e-09
no_penalty,gamma_3e-04,0.0003,G_IEEE3,16,-9.71458064033567e-09
no_penalty,gamma_3e-04,0.0003,G_IEEE3,17,-9.391912435388091e-09
no_penalty,gamma_3e-04,0.0003,G_IEEE3,18,-8.728544182883089e-09
no_penalty,gamma_3e-04,0.0003,G_IEEE3,19,-8.72854418312111e-09
no_penalty,gamma_3e-04,0.0003,G_IEEE3,20,-8.728544183222822e-09
no_penalty,gamma_3e-04,0.0003,G_IEEE3,21,-8.728544183153372e-09
no_penalty,gamma_3e-04,0.0003,G_IEEE3,22,-8.72854418310231e-09
no_penalty,gamma_3e-04,0.0003,G_IEEE3,23,-8.728544183077751e-09
no_penalty,gamma_3e-04,0.0003,G_IEEE3,24,-8.728544183053798e-09
no_penalty,gamma_3e-04,0.0003,RES_Wind_N1,1,94.50000094484848
no_penalty,gamma_3e-04,0.0003,RES_Wind_N1,2,98.43750098422349
no_penalty,gamma_3e-04,0.0003,RES_Wind_N1,3,102.37500102359849
no_penalty,gamma_3e-04,0.0003,RES_Wind_N1,4,105.00000104984848
no_penalty,gamma_3e-04,0.0003,RES_Wind_N1,5,102.37500102359849
no_penalty,gamma_3e-04,0.0003,RES_Wind_N1,6,94.50000094484848
no_penalty,gamma_3e-04,0.0003,RES_Wind_N1,7,81.37500081359849
no_penalty,gamma_3e-04,0.0003,RES_Wind_N1,8,68.25000068234849
no_penalty,gamma_3e-04,0.0003,RES_Wind_N1,9,55.12500055109848
no_penalty,gamma_3e-04,0.0003,RES_Wind_N1,10,45.93750045920085
no_penalty,gamma_3e-04,0.0003,RES_Wind_N1,11,39.375000393598484
no_penalty,gamma_3e-04,0.0003,RES_Wind_N1,12,36.750000367348484
no_penalty,gamma_3e-04,0.0003,RES_Wind_N1,13,39.375000393598484
no_penalty,gamma_3e-04,0.0003,RES_Wind_N1,14,44.62500044609848
no_penalty,gamma_3e-04,0.0003,RES_Wind_N1,15,52.50000052484848
no_penalty,gamma_3e-04,0.0003,RES_Wind_N1,16,60.37500060359849
no_penalty,gamma_3e-04,0.0003,RES_Wind_N1,17,68.25000068232585
no_penalty,gamma_3e-04,0.0003,RES_Wind_N1,18,76.12500076109849
no_penalty,gamma_3e-04,0.0003,RES_Wind_N1,19,81.37500081359849
no_penalty,gamma_3e-04,0.0003,RES_Wind_N1,20,86.62500086609849
no_penalty,gamma_3e-04,0.0003,RES_Wind_N1,21,89.25000089234848
no_penalty,gamma_3e-04,0.0003,RES_Wind_N1,22,91.87500091859849
no_penalty,gamma_3e-04,0.0003,RES_Wind_N1,23,94.50000094484848
no_penalty,gamma_3e-04,0.0003,RES_Wind_N1,24,95.81250095797348
no_penalty,gamma_3e-04,0.0003,RES_PV_N6,7,4.795875047807234
no_penalty,gamma_3e-04,0.0003,RES_PV_N6,8,23.979375239642234
no_penalty,gamma_3e-04,0.0003,RES_PV_N6,9,67.14225067127099
no_penalty,gamma_3e-04,0.0003,RES_PV_N6,10,115.10100115083584
no_penalty,gamma_3e-04,0.0003,RES_PV_N6,11,163.05975163037755
no_penalty,gamma_3e-04,0.0003,RES_PV_N6,12,203.82468953794293
no_penalty,gamma_3e-04,0.0003,RES_PV_N6,13,227.80406477773667
no_penalty,gamma_3e-04,0.0003,RES_PV_N6,14,234.9978773496748
no_penalty,gamma_3e-04,0.0003,RES_PV_N6,15,215.81437715783983
no_penalty,gamma_3e-04,0.0003,RES_PV_N6,16,172.65150172621105
no_penalty,gamma_3e-04,0.0003,RES_PV_N6,17,119.89687619879459
no_penalty,gamma_3e-04,0.0003,RES_PV_N6,18,67.14225067127099
no_penalty,gamma_3e-04,0.0003,RES_PV_N6,19,19.183500191683482
no_penalty,gamma_3e-04,0.0003,RES_PV_N6,20,2.3979375238278595
no_penalty,gamma_3e-04,0.0003,RES_PV_N8,7,8.906625088914735
no_penalty,gamma_3e-04,0.0003,RES_PV_N8,8,44.533125445179735
no_penalty,gamma_3e-04,0.0003,RES_PV_N8,9,124.69275124677598
no_penalty,gamma_3e-04,0.0003,RES_PV_N8,10,213.75900213741582
no_penalty,gamma_3e-04,0.0003,RES_PV_N8,11,302.82525302807034
no_penalty,gamma_3e-04,0.0003,RES_PV_N8,12,378.53156628507946
no_penalty,gamma_3e-04,0.0003,RES_PV_N8,13,423.0646917304107
no_penalty,gamma_3e-04,0.0003,RES_PV_N8,14,436.42462936401006
no_penalty,gamma_3e-04,0.0003,RES_PV_N8,15,400.7981290077451
no_penalty,gamma_3e-04,0.0003,RES_PV_N8,16,320.6385032061488
no_penalty,gamma_3e-04,0.0003,RES_PV_N8,17,222.6656272264821
no_penalty,gamma_3e-04,0.0003,RES_PV_N8,18,124.69275124677598
no_penalty,gamma_3e-04,0.0003,RES_PV_N8,19,35.62650035611348
no_penalty,gamma_3e-04,0.0003,RES_PV_N8,20,4.4533125443816095
no_penalty,gamma_1e-04,0.0001,G_IEEE1,1,27.62492901515585
no_penalty,gamma_1e-04,0.0001,G_IEEE1,2,7.731576930821407
no_penalty,gamma_1e-04,0.0001,G_IEEE1,3,1.2933080227291613
no_penalty,gamma_1e-04,0.0001,G_IEEE1,4,0.0651720116341344
no_penalty,gamma_1e-04,0.0001,G_IEEE1,5,2.6581213937061805
no_penalty,gamma_1e-04,0.0001,G_IEEE1,6,34.29346508851476
no_penalty,gamma_1e-04,0.0001,G_IEEE1,7,107.64623262824345
no_penalty,gamma_1e-04,0.0001,G_IEEE1,8,122.86545091390012
no_penalty,gamma_1e-04,0.0001,G_IEEE1,9,17.62537518415898
no_penalty,gamma_1e-04,0.0001,G_IEEE1,10,-8.834498834534845e-09
no_penalty,gamma_1e-04,0.0001,G_IEEE1,11,20.622398544258512
no_penalty,gamma_1e-04,0.0001,G_IEEE1,12,0.004523056678397141
no_penalty,gamma_1e-04,0.0001,G_IEEE1,13,0.1265993464677704
no_penalty,gamma_1e-04,0.0001,G_IEEE1,14,0.004044349584499349
no_penalty,gamma_1e-04,0.0001,G_IEEE1,15,0.0045075048879742695
no_penalty,gamma_1e-04,0.0001,G_IEEE1,16,1.1504145666694408
no_penalty,gamma_1e-04,0.0001,G_IEEE1,17,-8.834498834518093e-09
no_penalty,gamma_1e-04,0.0001,G_IEEE1,18,12.05185505415713
no_penalty,gamma_1e-04,0.0001,G_IEEE1,19,192.9505452280196
no_penalty,gamma_1e-04,0.0001,G_IEEE1,20,232.48737385356966
no_penalty,gamma_1e-04,0.0001,G_IEEE1,21,213.33936160484532
no_penalty,gamma_1e-04,0.0001,G_IEEE1,22,154.52410395626185
no_penalty,gamma_1e-04,0.0001,G_IEEE1,23,93.02710216545796
no_penalty,gamma_1e-04,0.0001,G_IEEE1,24,52.33532800864504
no_penalty,gamma_1e-04,0.0001,G_IEEE2,1,300.0000029988345
no_penalty,gamma_1e-04,0.0001,G_IEEE2,2,300.0000029988345
no_penalty,gamma_1e-04,0.0001,G_IEEE2,3,300.0000029988345
no_penalty,gamma_1e-04,0.0001,G_IEEE2,4,300.0000029988345
no_penalty,gamma_1e-04,0.0001,G_IEEE2,5,300.0000029988345
no_penalty,gamma_1e-04,0.0001,G_IEEE2,6,300.0000029988345
no_penalty,gamma_1e-04,0.0001,G_IEEE2,7,300.0000029988345
no_penalty,gamma_1e-04,0.0001,G_IEEE2,8,300.0000029988345
no_penalty,gamma_1e-04,0.0001,G_IEEE2,9,300.0000029988345
no_penalty,gamma_1e-04,0.0001,G_IEEE2,10,234.00551625636427
no_penalty,gamma_1e-04,0.0001,G_IEEE2,11,69.39095695003179
no_penalty,gamma_1e-04,0.0001,G_IEEE2,12,56.96730218977442
no_penalty,gamma_1e-04,0.0001,G_IEEE2,13,42.97022587321952
no_penalty,gamma_1e-04,0.0001,G_IEEE2,14,32.21778081817774
no_penalty,gamma_1e-04,0.0001,G_IEEE2,15,24.342317584066738
no_penalty,gamma_1e-04,0.0001,G_IEEE2,16,26.571410443000964
no_penalty,gamma_1e-04,0.0001,G_IEEE2,17,191.22551589325147
no_penalty,gamma_1e-04,0.0001,G_IEEE2,18,300.0000029988345
no_penalty,gamma_1e-04,0.0001,G_IEEE2,19,300.0000029988345
no_penalty,gamma_1e-04,0.0001,G_IEEE2,20,300.0000029988345
no_penalty,gamma_1e-04,0.0001,G_IEEE2,21,300.0000029988345
no_penalty,gamma_1e-04,0.0001,G_IEEE2,22,300.0000029988345
no_penalty,gamma_1e-04,0.0001,G_IEEE2,23,300.0000029988345
no_penalty,gamma_1e-04,0.0001,G_IEEE2,24,300.0000029988345
no_penalty,gamma_1e-04,0.0001,G_IEEE3,1,-8.728544183039328e-09
no_penalty,gamma_1e-04,0.0001,G_IEEE3,2,-8.728544182905357e-09
no_penalty,gamma_1e-04,0.0001,G_IEEE3,3,-8.728544181986493e-09
no_penalty,gamma_1e-04,0.0001,G_IEEE3,4,-8.728544161152712e-09
no_penalty,gamma_1e-04,0.0001,G_IEEE3,5,-8.728544182553084e-09
no_penalty,gamma_1e-04,0.0001,G_IEEE3,6,-8.728544183049526e-09
no_penalty,gamma_1e-04,0.0001,G_IEEE3,7,-8.728544183083649e-09
no_penalty,gamma_1e-04,0.0001,G_IEEE3,8,-8.728544183083556e-09
no_penalty,gamma_1e-04,0.0001,G_IEEE3,9,-8.728544182986657e-09
no_penalty,gamma_1e-04,0.0001,G_IEEE3,10,-9.391912435391775e-09
no_penalty,gamma_1e-04,0.0001,G_IEEE3,11,-9.555000331032214e-09
no_penalty,gamma_1e-04,0.0001,G_IEEE3,12,-9.714580622338145e-09
no_penalty,gamma_1e-04,0.0001,G_IEEE3,13,-9.714580615694348e-09
no_penalty,gamma_1e-04,0.0001,G_IEEE3,14,-9.71458062013425e-09
no_penalty,gamma_1e-04,0.0001,G_IEEE3,15,-9.714580622321897e-09
no_penalty,gamma_1e-04,0.0001,G_IEEE3,16,-9.71458063394104e-09
no_penalty,gamma_1e-04,0.0001,G_IEEE3,17,-9.391912435388961e-09
no_penalty,gamma_1e-04,0.0001,G_IEEE3,18,-8.728544182952521e-09
no_penalty,gamma_1e-04,0.0001,G_IEEE3,19,-8.728544183110794e-09
no_penalty,gamma_1e-04,0.0001,G_IEEE3,20,-8.728544183179223e-09
no_penalty,gamma_1e-04,0.0001,G_IEEE3,21,-8.72854418313243e-09
no_penalty,gamma_1e-04,0.0001,G_IEEE3,22,-8.728544183098158e-09
no_penalty,gamma_1e-04,0.0001,G_IEEE3,23,-8.728544183081733e-09
no_penalty,gamma_1e-04,0.0001,G_IEEE3,24,-8.728544183065762e-09
no_penalty,gamma_1e-04,0.0001,RES_Wind_N1,1,94.50000094484848
no_penalty,gamma_1e-04,0.0001,RES_Wind_N1,2,98.43750098422349
no_penalty,gamma_1e-04,0.0001,RES_Wind_N1,3,102.37500102359849
no_penalty,gamma_1e-04,0.0001,RES_Wind_N1,4,105.00000104984848
no_penalty,gamma_1e-04,0.0001,RES_Wind_N1,5,102.37500102359849
no_penalty,gamma_1e-04,0.0001,RES_Wind_N1,6,94.50000094484848
no_penalty,gamma_1e-04,0.0001,RES_Wind_N1,7,81.37500081359849
no_penalty,gamma_1e-04,0.0001,RES_Wind_N1,8,68.25000068234849
no_penalty,gamma_1e-04,0.0001,RES_Wind_N1,9,55.12500055109848
no_penalty,gamma_1e-04,0.0001,RES_Wind_N1,10,45.93750045920085
no_penalty,gamma_1e-04,0.0001,RES_Wind_N1,11,39.375000393598484
no_penalty,gamma_1e-04,0.0001,RES_Wind_N1,12,36.750000367348484
no_penalty,gamma_1e-04,0.0001,RES_Wind_N1,13,39.375000393598484
no_penalty,gamma_1e-04,0.0001,RES_Wind_N1,14,44.62500044609848
no_penalty,gamma_1e-04,0.0001,RES_Wind_N1,15,52.50000052484848
no_penalty,gamma_1e-04,0.0001,RES_Wind_N1,16,60.37500060359849
no_penalty,gamma_1e-04,0.0001,RES_Wind_N1,17,68.25000068232585
no_penalty,gamma_1e-04,0.0001,RES_Wind_N1,18,76.12500076109849
no_penalty,gamma_1e-04,0.0001,RES_Wind_N1,19,81.37500081359849
no_penalty,gamma_1e-04,0.0001,RES_Wind_N1,20,86.62500086609849
no_penalty,gamma_1e-04,0.0001,RES_Wind_N1,21,89.25000089234848
no_penalty,gamma_1e-04,0.0001,RES_Wind_N1,22,91.87500091859849
no_penalty,gamma_1e-04,0.0001,RES_Wind_N1,23,94.50000094484848
no_penalty,gamma_1e-04,0.0001,RES_Wind_N1,24,95.81250095797348
no_penalty,gamma_1e-04,0.0001,RES_PV_N6,7,4.795875047807234
no_penalty,gamma_1e-04,0.0001,RES_PV_N6,8,23.979375239642234
no_penalty,gamma_1e-04,0.0001,RES_PV_N6,9,67.14225067127099
no_penalty,gamma_1e-04,0.0001,RES_PV_N6,10,115.10100115083584
no_penalty,gamma_1e-04,0.0001,RES_PV_N6,11,163.05975163037755
no_penalty,gamma_1e-04,0.0001,RES_PV_N6,12,203.82468953794293
no_penalty,gamma_1e-04,0.0001,RES_PV_N6,13,227.80406477773667
no_penalty,gamma_1e-04,0.0001,RES_PV_N6,14,234.9978773496748
no_penalty,gamma_1e-04,0.0001,RES_PV_N6,15,215.81437715783983
no_penalty,gamma_1e-04,0.0001,RES_PV_N6,16,172.65150172621105
no_penalty,gamma_1e-04,0.0001,RES_PV_N6,17,119.89687619879459
no_penalty,gamma_1e-04,0.0001,RES_PV_N6,18,67.14225067127099
no_penalty,gamma_1e-04,0.0001,RES_PV_N6,19,19.183500191683482
no_penalty,gamma_1e-04,0.0001,RES_PV_N6,20,2.3979375238278595
no_penalty,gamma_1e-04,0.0001,RES_PV_N8,7,8.906625088914735
no_penalty,gamma_1e-04,0.0001,RES_PV_N8,8,44.533125445179735
no_penalty,gamma_1e-04,0.0001,RES_PV_N8,9,124.69275124677598
no_penalty,gamma_1e-04,0.0001,RES_PV_N8,10,213.75900213741582
no_penalty,gamma_1e-04,0.0001,RES_PV_N8,11,302.82525302807034
no_penalty,gamma_1e-04,0.0001,RES_PV_N8,12,378.53156628507946
no_penalty,gamma_1e-04,0.0001,RES_PV_N8,13,423.0646917304107
no_penalty,gamma_1e-04,0.0001,RES_PV_N8,14,436.42462936401006
no_penalty,gamma_1e-04,0.0001,RES_PV_N8,15,400.7981290077451
no_penalty,gamma_1e-04,0.0001,RES_PV_N8,16,320.6385032061488
no_penalty,gamma_1e-04,0.0001,RES_PV_N8,17,222.6656272264821
no_penalty,gamma_1e-04,0.0001,RES_PV_N8,18,124.69275124677598
no_penalty,gamma_1e-04,0.0001,RES_PV_N8,19,35.62650035611348
no_penalty,gamma_1e-04,0.0001,RES_PV_N8,20,4.4533125443816095
no_penalty,gamma_3e-05,3e-05,G_IEEE1,1,27.670519473405985
no_penalty,gamma_3e-05,3e-05,G_IEEE1,2,7.759599552011567
no_penalty,gamma_3e-05,3e-05,G_IEEE1,3,1.3005477934077894
no_penalty,gamma_3e-05,3e-05,G_IEEE1,4,0.0683169044776134
no_penalty,gamma_3e-05,3e-05,G_IEEE1,5,2.669209614438586
no_penalty,gamma_3e-05,3e-05,G_IEEE1,6,34.34417193568859
no_penalty,gamma_3e-05,3e-05,G_IEEE1,7,107.70435795818082
no_penalty,gamma_3e-05,3e-05,G_IEEE1,8,122.93021176701109
no_penalty,gamma_3e-05,3e-05,G_IEEE1,9,17.68106378449339
no_penalty,gamma_3e-05,3e-05,G_IEEE1,10,-8.834498834533108e-09
no_penalty,gamma_3e-05,3e-05,G_IEEE1,11,20.623774958265518
no_penalty,gamma_3e-05,3e-05,G_IEEE1,12,0.004770011923323596
no_penalty,gamma_3e-05,3e-05,G_IEEE1,13,0.13509031205306626
no_penalty,gamma_3e-05,3e-05,G_IEEE1,14,0.004338349947052219
no_penalty,gamma_3e-05,3e-05,G_IEEE1,15,0.004752798122348579
no_penalty,gamma_3e-05,3e-05,G_IEEE1,16,1.174615765491526
no_penalty,gamma_3e-05,3e-05,G_IEEE1,17,-8.83449883451716e-09
no_penalty,gamma_3e-05,3e-05,G_IEEE1,18,12.088437158761598
no_penalty,gamma_3e-05,3e-05,G_IEEE1,19,193.00341836259662
no_penalty,gamma_3e-05,3e-05,G_IEEE1,20,232.52739751669873
no_penalty,gamma_3e-05,3e-05,G_IEEE1,21,213.38533560504834
no_penalty,gamma_3e-05,3e-05,G_IEEE1,22,154.57454992473038
no_penalty,gamma_3e-05,3e-05,G_IEEE1,23,93.07637732612764
no_penalty,gamma_3e-05,3e-05,G_IEEE1,24,52.38320895124467
no_penalty,gamma_3e-05,3e-05,G_IEEE2,1,300.0000029988345
no_penalty,gamma_3e-05,3e-05,G_IEEE2,2,300.0000029988345
no_penalty,gamma_3e-05,3e-05,G_IEEE2,3,300.0000029988345
no_penalty,gamma_3e-05,3e-05,G_IEEE2,4,300.0000029988345
no_penalty,gamma_3e-05,3e-05,G_IEEE2,5,300.0000029988345
no_penalty,gamma_3e-05,3e-05,G_IEEE2,6,300.0000029988345
no_penalty,gamma_3e-05,3e-05,G_IEEE2,7,300.0000029988345
no_penalty,gamma_3e-05,3e-05,G_IEEE2,8,300.0000029988345
no_penalty,gamma_3e-05,3e-05,G_IEEE2,9,300.0000029988345
no_penalty,gamma_3e-05,3e-05,G_IEEE2,10,234.0384022563639
no_penalty,gamma_3e-05,3e-05,G_IEEE2,11,69.42222816042039
no_penalty,gamma_3e-05,3e-05,G_IEEE2,12,56.98677457561024
no_penalty,gamma_3e-05,3e-05,G_IEEE2,13,42.98145424908394
no_penalty,gamma_3e-05,3e-05,G_IEEE2,14,32.23720615885105
no_penalty,gamma_3e-05,3e-05,G_IEEE2,15,24.361791631911807
no_penalty,gamma_3e-05,3e-05,G_IEEE2,16,26.566928585640714
no_penalty,gamma_3e-05,3e-05,G_IEEE2,17,191.25840189325598
no_penalty,gamma_3e-05,3e-05,G_IEEE2,18,300.0000029988345
no_penalty,gamma_3e-05,3e-05,G_IEEE2,19,300.0000029988345
no_penalty,gamma_3e-05,3e-05,G_IEEE2,20,300.0000029988345
no_penalty,gamma_3e-05,3e-05,G_IEEE2,21,300.0000029988345
no_penalty,gamma_3e-05,3e-05,G_IEEE2,22,300.0000029988345
no_penalty,gamma_3e-05,3e-05,G_IEEE2,23,300.0000029988345
no_penalty,gamma_3e-05,3e-05,G_IEEE2,24,300.0000029988345
no_penalty,gamma_3e-05,3e-05,G_IEEE3,1,-8.728544183041858e-09
no_penalty,gamma_3e-05,3e-05,G_IEEE3,2,-8.728544182914932e-09
no_penalty,gamma_3e-05,3e-05,G_IEEE3,3,-8.72854418204595e-09
no_penalty,gamma_3e-05,3e-05,G_IEEE3,4,-8.728544163180452e-09
no_penalty,gamma_3e-05,3e-05,G_IEEE3,5,-8.728544182581266e-09
no_penalty,gamma_3e-05,3e-05,G_IEEE3,6,-8.72854418305154e-09
no_penalty,gamma_3e-05,3e-05,G_IEEE3,7,-8.728544183083958e-09
no_penalty,gamma_3e-05,3e-05,G_IEEE3,8,-8.72854418308387e-09
no_penalty,gamma_3e-05,3e-05,G_IEEE3,9,-8.728544182991875e-09
no_penalty,gamma_3e-05,3e-05,G_IEEE3,10,-9.391912435391726e-09
no_penalty,gamma_3e-05,3e-05,G_IEEE3,11,-9.555000331032419e-09
no_penalty,gamma_3e-05,3e-05,G_IEEE3,12,-9.714580622443619e-09
no_penalty,gamma_3e-05,3e-05,G_IEEE3,13,-9.714580616465639e-09
no_penalty,gamma_3e-05,3e-05,G_IEEE3,14,-9.714580620527094e-09
no_penalty,gamma_3e-05,3e-05,G_IEEE3,15,-9.714580622428168e-09
no_penalty,gamma_3e-05,3e-05,G_IEEE3,16,-9.714580632882911e-09
no_penalty,gamma_3e-05,3e-05,G_IEEE3,17,-9.391912435389047e-09
no_penalty,gamma_3e-05,3e-05,G_IEEE3,18,-8.728544182959506e-09
no_penalty,gamma_3e-05,3e-05,G_IEEE3,19,-8.728544183109803e-09
no_penalty,gamma_3e-05,3e-05,G_IEEE3,20,-8.72854418317505e-09
no_penalty,gamma_3e-05,3e-05,G_IEEE3,21,-8.728544183130408e-09
no_penalty,gamma_3e-05,3e-05,G_IEEE3,22,-8.728544183097759e-09
no_penalty,gamma_3e-05,3e-05,G_IEEE3,23,-8.728544183082135e-09
no_penalty,gamma_3e-05,3e-05,G_IEEE3,24,-8.728544183066953e-09
no_penalty,gamma_3e-05,3e-05,RES_Wind_N1,1,94.50000094484848
no_penalty,gamma_3e-05,3e-05,RES_Wind_N1,2,98.43750098422349
no_penalty,gamma_3e-05,3e-05,RES_Wind_N1,3,102.37500102359849
no_penalty,gamma_3e-05,3e-05,RES_Wind_N1,4,105.00000104984848
no_penalty,gamma_3e-05,3e-05,RES_Wind_N1,5,102.37500102359849
no_penalty,gamma_3e-05,3e-05,RES_Wind_N1,6,94.50000094484848
no_penalty,gamma_3e-05,3e-05,RES_Wind_N1,7,81.37500081359849
no_penalty,gamma_3e-05,3e-05,RES_Wind_N1,8,68.25000068234849
no_penalty,gamma_3e-05,3e-05,RES_Wind_N1,9,55.12500055109848
no_penalty,gamma_3e-05,3e-05,RES_Wind_N1,10,45.93750045920085
no_penalty,gamma_3e-05,3e-05,RES_Wind_N1,11,39.375000393598484
no_penalty,gamma_3e-05,3e-05,RES_Wind_N1,12,36.750000367348484
no_penalty,gamma_3e-05,3e-05,RES_Wind_N1,13,39.375000393598484
no_penalty,gamma_3e-05,3e-05,RES_Wind_N1,14,44.62500044609848
no_penalty,gamma_3e-05,3e-05,RES_Wind_N1,15,52.50000052484848
no_penalty,gamma_3e-05,3e-05,RES_Wind_N1,16,60.37500060359849
no_penalty,gamma_3e-05,3e-05,RES_Wind_N1,17,68.25000068232585
no_penalty,gamma_3e-05,3e-05,RES_Wind_N1,18,76.12500076109849
no_penalty,gamma_3e-05,3e-05,RES_Wind_N1,19,81.37500081359849
no_penalty,gamma_3e-05,3e-05,RES_Wind_N1,20,86.62500086609849
no_penalty,gamma_3e-05,3e-05,RES_Wind_N1,21,89.25000089234848
no_penalty,gamma_3e-05,3e-05,RES_Wind_N1,22,91.87500091859849
no_penalty,gamma_3e-05,3e-05,RES_Wind_N1,23,94.50000094484848
no_penalty,gamma_3e-05,3e-05,RES_Wind_N1,24,95.81250095797348
no_penalty,gamma_3e-05,3e-05,RES_PV_N6,7,4.795875047807234
no_penalty,gamma_3e-05,3e-05,RES_PV_N6,8,23.979375239642234
no_penalty,gamma_3e-05,3e-05,RES_PV_N6,9,67.14225067127099
no_penalty,gamma_3e-05,3e-05,RES_PV_N6,10,115.10100115083584
no_penalty,gamma_3e-05,3e-05,RES_PV_N6,11,163.05975163037755
no_penalty,gamma_3e-05,3e-05,RES_PV_N6,12,203.82468953794293
no_penalty,gamma_3e-05,3e-05,RES_PV_N6,13,227.80406477773667
no_penalty,gamma_3e-05,3e-05,RES_PV_N6,14,234.9978773496748
no_penalty,gamma_3e-05,3e-05,RES_PV_N6,15,215.81437715783983
no_penalty,gamma_3e-05,3e-05,RES_PV_N6,16,172.65150172621105
no_penalty,gamma_3e-05,3e-05,RES_PV_N6,17,119.89687619879459
no_penalty,gamma_3e-05,3e-05,RES_PV_N6,18,67.14225067127099
no_penalty,gamma_3e-05,3e-05,RES_PV_N6,19,19.183500191683482
no_penalty,gamma_3e-05,3e-05,RES_PV_N6,20,2.3979375238278595
no_penalty,gamma_3e-05,3e-05,RES_PV_N8,7,8.906625088914735
no_penalty,gamma_3e-05,3e-05,RES_PV_N8,8,44.533125445179735
no_penalty,gamma_3e-05,3e-05,RES_PV_N8,9,124.69275124677598
no_penalty,gamma_3e-05,3e-05,RES_PV_N8,10,213.75900213741582
no_penalty,gamma_3e-05,3e-05,RES_PV_N8,11,302.82525302807034
no_penalty,gamma_3e-05,3e-05,RES_PV_N8,12,378.53156628507946
no_penalty,gamma_3e-05,3e-05,RES_PV_N8,13,423.0646917304107
no_penalty,gamma_3e-05,3e-05,RES_PV_N8,14,436.42462936401006
no_penalty,gamma_3e-05,3e-05,RES_PV_N8,15,400.7981290077451
no_penalty,gamma_3e-05,3e-05,RES_PV_N8,16,320.6385032061488
no_penalty,gamma_3e-05,3e-05,RES_PV_N8,17,222.6656272264821
no_penalty,gamma_3e-05,3e-05,RES_PV_N8,18,124.69275124677598
no_penalty,gamma_3e-05,3e-05,RES_PV_N8,19,35.62650035611348
no_penalty,gamma_3e-05,3e-05,RES_PV_N8,20,4.4533125443816095
no_penalty,gamma_1e-05,1e-05,G_IEEE1,1,27.683452828887496
no_penalty,gamma_1e-05,1e-05,G_IEEE1,2,7.767423783106163
no_penalty,gamma_1e-05,1e-05,G_IEEE1,3,1.3026223848411058
no_penalty,gamma_1e-05,1e-05,G_IEEE1,4,0.06921923869044676
no_penalty,gamma_1e-05,1e-05,G_IEEE1,5,2.672359692573149
no_penalty,gamma_1e-05,1e-05,G_IEEE1,6,34.35880301313733
no_penalty,gamma_1e-05,1e-05,G_IEEE1,7,107.72138785778411
no_penalty,gamma_1e-05,1e-05,G_IEEE1,8,122.94963734311874
no_penalty,gamma_1e-05,1e-05,G_IEEE1,9,17.69486554572308
no_penalty,gamma_1e-05,1e-05,G_IEEE1,10,-8.834498834533838e-09
no_penalty,gamma_1e-05,1e-05,G_IEEE1,11,20.6241682194136
no_penalty,gamma_1e-05,1e-05,G_IEEE1,12,0.004842476559842527
no_penalty,gamma_1e-05,1e-05,G_IEEE1,13,0.13752536691145187
no_penalty,gamma_1e-05,1e-05,G_IEEE1,14,0.0044210145049438975
no_penalty,gamma_1e-05,1e-05,G_IEEE1,15,0.0048247305948663985
no_penalty,gamma_1e-05,1e-05,G_IEEE1,16,1.1815189099014722
no_penalty,gamma_1e-05,1e-05,G_IEEE1,17,-8.834498834517552e-09
no_penalty,gamma_1e-05,1e-05,G_IEEE1,18,12.098138654731406
no_penalty,gamma_1e-05,1e-05,G_IEEE1,19,193.02082480235566
no_penalty,gamma_1e-05,1e-05,G_IEEE1,20,232.53836804937347
no_penalty,gamma_1e-05,1e-05,G_IEEE1,21,213.3992100342001
no_penalty,gamma_1e-05,1e-05,G_IEEE1,22,154.58859863242247
no_penalty,gamma_1e-05,1e-05,G_IEEE1,23,93.09013518806539
no_penalty,gamma_1e-05,1e-05,G_IEEE1,24,52.39665445604929
no_penalty,gamma_1e-05,1e-05,G_IEEE2,1,300.0000029988345
no_penalty,gamma_1e-05,1e-05,G_IEEE2,2,300.0000029988345
no_penalty,gamma_1e-05,1e-05,G_IEEE2,3,300.0000029988345
no_penalty,gamma_1e-05,1e-05,G_IEEE2,4,300.0000029988345
no_penalty,gamma_1e-05,1e-05,G_IEEE2,5,300.0000029988345
no_penalty,gamma_1e-05,1e-05,G_IEEE2,6,300.0000029988345
no_penalty,gamma_1e-05,1e-05,G_IEEE2,7,300.0000029988345
no_penalty,gamma_1e-05,1e-05,G_IEEE2,8,300.0000029988345
no_penalty,gamma_1e-05,1e-05,G_IEEE2,9,300.0000029988345
no_penalty,gamma_1e-05,1e-05,G_IEEE2,10,234.04779825636402
no_penalty,gamma_1e-05,1e-05,G_IEEE2,11,69.43116279195276
no_penalty,gamma_1e-05,1e-05,G_IEEE2,12,56.992336208432626
no_penalty,gamma_1e-05,1e-05,G_IEEE2,13,42.98465329178298
no_penalty,gamma_1e-05,1e-05,G_IEEE2,14,32.24275759174215
no_penalty,gamma_1e-05,1e-05,G_IEEE2,15,24.367353796897813
no_penalty,gamma_1e-05,1e-05,G_IEEE2,16,26.56565953879129
no_penalty,gamma_1e-05,1e-05,G_IEEE2,17,191.2677978932543
no_penalty,gamma_1e-05,1e-05,G_IEEE2,18,300.0000029988345
no_penalty,gamma_1e-05,1e-05,G_IEEE2,19,300.0000029988345
no_penalty,gamma_1e-05,1e-05,G_IEEE2,20,300.0000029988345
no_penalty,gamma_1e-05,1e-05,G_IEEE2,21,300.0000029988345
no_penalty,gamma_1e-05,1e-05,G_IEEE2,22,300.0000029988345
no_penalty,gamma_1e-05,1e-05,G_IEEE2,23,300.0000029988345
no_penalty,gamma_1e-05,1e-05,G_IEEE2,24,300.0000029988345
no_penalty,gamma_1e-05,1e-05,G_IEEE3,1,-8.728544183040872e-09
no_penalty,gamma_1e-05,1e-05,G_IEEE3,2,-8.728544182911415e-09
no_penalty,gamma_1e-05,1e-05,G_IEEE3,3,-8.728544182025569e-09
no_penalty,gamma_1e-05,1e-05,G_IEEE3,4,-8.72854416302526e-09
no_penalty,gamma_1e-05,1e-05,G_IEEE3,5,-8.728544182571123e-09
no_penalty,gamma_1e-05,1e-05,G_IEEE3,6,-8.728544183050753e-09
no_penalty,gamma_1e-05,1e-05,G_IEEE3,7,-8.728544183083837e-09
no_penalty,gamma_1e-05,1e-05,G_IEEE3,8,-8.728544183083748e-09
no_penalty,gamma_1e-05,1e-05,G_IEEE3,9,-8.728544182989873e-09
no_penalty,gamma_1e-05,1e-05,G_IEEE3,10,-9.391912435391749e-09
no_penalty,gamma_1e-05,1e-05,G_IEEE3,11,-9.555000331032338e-09
no_penalty,gamma_1e-05,1e-05,G_IEEE3,12,-9.714580622524896e-09
no_penalty,gamma_1e-05,1e-05,G_IEEE3,13,-9.714580616517495e-09
no_penalty,gamma_1e-05,1e-05,G_IEEE3,14,-9.714580620612686e-09
no_penalty,gamma_1e-05,1e-05,G_IEEE3,15,-9.714580622509121e-09
no_penalty,gamma_1e-05,1e-05,G_IEEE3,16,-9.71458063301692e-09
no_penalty,gamma_1e-05,1e-05,G_IEEE3,17,-9.391912435389013e-09
no_penalty,gamma_1e-05,1e-05,G_IEEE3,18,-8.728544182956845e-09
no_penalty,gamma_1e-05,1e-05,G_IEEE3,19,-8.728544183110236e-09
no_penalty,gamma_1e-05,1e-05,G_IEEE3,20,-8.72854418317691e-09
no_penalty,gamma_1e-05,1e-05,G_IEEE3,21,-8.728544183131293e-09
no_penalty,gamma_1e-05,1e-05,G_IEEE3,22,-8.728544183097936e-09
no_penalty,gamma_1e-05,1e-05,G_IEEE3,23,-8.72854418308198e-09
no_penalty,gamma_1e-05,1e-05,G_IEEE3,24,-8.728544183066478e-09
no_penalty,gamma_1e-05,1e-05,RES_Wind_N1,1,94.50000094484848
no_penalty,gamma_1e-05,1e-05,RES_Wind_N1,2,98.43750098422349
no_penalty,gamma_1e-05,1e-05,RES_Wind_N1,3,102.37500102359849
no_penalty,gamma_1e-05,1e-05,RES_Wind_N1,4,105.00000104984848
no_penalty,gamma_1e-05,1e-05,RES_Wind_N1,5,102.37500102359849
no_penalty,gamma_1e-05,1e-05,RES_Wind_N1,6,94.50000094484848
no_penalty,gamma_1e-05,1e-05,RES_Wind_N1,7,81.37500081359849
no_penalty,gamma_1e-05,1e-05,RES_Wind_N1,8,68.25000068234849
no_penalty,gamma_1e-05,1e-05,RES_Wind_N1,9,55.12500055109848
no_penalty,gamma_1e-05,1e-05,RES_Wind_N1,10,45.93750045920085
no_penalty,gamma_1e-05,1e-05,RES_Wind_N1,11,39.375000393598484
no_penalty,gamma_1e-05,1e-05,RES_Wind_N1,12,36.750000367348484
no_penalty,gamma_1e-05,1e-05,RES_Wind_N1,13,39.375000393598484
no_penalty,gamma_1e-05,1e-05,RES_Wind_N1,14,44.62500044609848
no_penalty,gamma_1e-05,1e-05,RES_Wind_N1,15,52.50000052484848
no_penalty,gamma_1e-05,1e-05,RES_Wind_N1,16,60.37500060359849
no_penalty,gamma_1e-05,1e-05,RES_Wind_N1,17,68.25000068232585
no_penalty,gamma_1e-05,1e-05,RES_Wind_N1,18,76.12500076109849
no_penalty,gamma_1e-05,1e-05,RES_Wind_N1,19,81.37500081359849
no_penalty,gamma_1e-05,1e-05,RES_Wind_N1,20,86.62500086609849
no_penalty,gamma_1e-05,1e-05,RES_Wind_N1,21,89.25000089234848
no_penalty,gamma_1e-05,1e-05,RES_Wind_N1,22,91.87500091859849
no_penalty,gamma_1e-05,1e-05,RES_Wind_N1,23,94.50000094484848
no_penalty,gamma_1e-05,1e-05,RES_Wind_N1,24,95.81250095797348
no_penalty,gamma_1e-05,1e-05,RES_PV_N6,7,4.795875047807234
no_penalty,gamma_1e-05,1e-05,RES_PV_N6,8,23.979375239642234
no_penalty,gamma_1e-05,1e-05,RES_PV_N6,9,67.14225067127099
no_penalty,gamma_1e-05,1e-05,RES_PV_N6,10,115.10100115083584
no_penalty,gamma_1e-05,1e-05,RES_PV_N6,11,163.05975163037755
no_penalty,gamma_1e-05,1e-05,RES_PV_N6,12,203.82468953794293
no_penalty,gamma_1e-05,1e-05,RES_PV_N6,13,227.80406477773667
no_penalty,gamma_1e-05,1e-05,RES_PV_N6,14,234.9978773496748
no_penalty,gamma_1e-05,1e-05,RES_PV_N6,15,215.81437715783983
no_penalty,gamma_1e-05,1e-05,RES_PV_N6,16,172.65150172621105
no_penalty,gamma_1e-05,1e-05,RES_PV_N6,17,119.89687619879459
no_penalty,gamma_1e-05,1e-05,RES_PV_N6,18,67.14225067127099
no_penalty,gamma_1e-05,1e-05,RES_PV_N6,19,19.183500191683482
no_penalty,gamma_1e-05,1e-05,RES_PV_N6,20,2.3979375238278595
no_penalty,gamma_1e-05,1e-05,RES_PV_N8,7,8.906625088914735
no_penalty,gamma_1e-05,1e-05,RES_PV_N8,8,44.533125445179735
no_penalty,gamma_1e-05,1e-05,RES_PV_N8,9,124.69275124677598
no_penalty,gamma_1e-05,1e-05,RES_PV_N8,10,213.75900213741582
no_penalty,gamma_1e-05,1e-05,RES_PV_N8,11,302.82525302807034
no_penalty,gamma_1e-05,1e-05,RES_PV_N8,12,378.53156628507946
no_penalty,gamma_1e-05,1e-05,RES_PV_N8,13,423.0646917304107
no_penalty,gamma_1e-05,1e-05,RES_PV_N8,14,436.42462936401006
no_penalty,gamma_1e-05,1e-05,RES_PV_N8,15,400.7981290077451
no_penalty,gamma_1e-05,1e-05,RES_PV_N8,16,320.6385032061488
no_penalty,gamma_1e-05,1e-05,RES_PV_N8,17,222.6656272264821
no_penalty,gamma_1e-05,1e-05,RES_PV_N8,18,124.69275124677598
no_penalty,gamma_1e-05,1e-05,RES_PV_N8,19,35.62650035611348
no_penalty,gamma_1e-05,1e-05,RES_PV_N8,20,4.4533125443816095
