{
  "model": "Single Investor Primal-Dual MPEC",
  "investor": "I2",
  "wacc": 0.12,
  "solver_status": "ok",
  "termination": "optimal",
  "profit_eur_per_day": 11633.43389155488,
  "spot_revenue_eur_per_day": 25703.070632252955,
  "degradation_cost_eur_per_day": 9406.283943878947,
  "capex_daily_eur_per_day": 4663.352796819128,
  "lower_level_primal_objective_eur_per_day": 417458.5861537725,
  "lower_level_dual_objective_eur_per_day": 417458.57520461443,
  "strong_duality_gap": 0.01094915805151686,
  "total_power_mw": 150.72819060859743,
  "total_energy_mwh": 564.1525880561796,
  "total_charge_mwh": 668.5005416892715,
  "total_discharge_mwh": 585.6706508279213,
  "total_storage_throughput_mwh": 1254.1711925171928,
  "total_load_shed_mwh": 0.0,
  "equivalent_cycles_throughput_over_2e": 1.1115531675911585,
  "equivalent_cycles_discharge_over_e": 1.0381422743195834,
  "line_limits_mw": {
    "L12": 350.0,
    "L23": 400.0,
    "L34": 300.0,
    "L45": 320.0,
    "L56": 240.0,
    "L67": 300.0,
    "L78": 250.0,
    "L89": 220.0,
    "L29": 250.0,
    "L37": 300.0,
    "L16": 280.0,
    "L59": 300.0
  },
  "existing_power_mw_per_node": 0.0,
  "existing_ratio_hours": 2.0,
  "storage_units": [
    "I2",
    "RIV"
  ],
  "demand_model": "quadratic",
  "load_shed_allowed": true,
  "quadratic_demand_alpha_eur_per_mwh": 4000,
  "quadratic_demand_beta_eur_per_mwh_per_share": 10000,
  "quadratic_demand_source": "fixed_default"
}