unit,hour,node,soc_start_mwh,soc_end_mwh,p_charge_mw,p_discharge_mw,net_injection_mw,lambda_eur_per_mwh,spot_revenue_eur,degradation_cost_eur,rho_charge_dual,sigma_discharge_dual,gamma_soc_transition_dual
I2,1,N1,5.127912657048943e-05,5.119792133971101e-05,1.2293560643355467e-07,1.8371148906261016e-07,6.077588262905549e-08,67.150000153276,4.08110052785656e-06,2.299853216221236e-06,-0.09427267861531505,-0.09365827573220774,-65.05357091903143
I2,2,N1,5.119792133971101e-05,5.111671780852461e-05,1.2293608805800557e-07,1.8371032019373286e-07,6.07742321357273e-08,67.15000015590726,4.080989697389233e-06,2.2998480618880384e-06,-0.09428325415915283,-0.09364646878016344,-65.0534736714476
I2,3,N1,5.111671780852461e-05,5.103551284888302e-05,1.229356829050451e-07,1.8371130227490656e-07,6.077561936986147e-08,67.1500002274648,4.081082854510512e-06,2.2998523888496374e-06,-0.09427469564339204,-0.0936560681182514,-65.0536003775847
I2,4,N1,5.103551284888302e-05,5.095430335551202e-05,1.2293439778106485e-07,1.837144199536555e-07,6.078002217259066e-08,67.15000020357945,4.081378501263026e-06,2.2998661330104025e-06,-0.09424665523393504,-0.0936875011606317,-65.05394181741268
I2,5,N1,5.095430335551202e-05,5.087308622350892e-05,1.2293223246648503e-07,1.837196726898582e-07,6.078744022337318e-08,67.15000024371248,4.081876625814167e-06,2.299889288672574e-06,-0.09419866834279558,-0.09374138215214714,-65.05446908183713
I2,6,N1,5.087308622350892e-05,5.079185836089531e-05,1.2292919062836573e-07,1.837270515990867e-07,6.079786097072097e-08,67.15000033883337,4.082576384784257e-06,2.2999218167058933e-06,-0.09413030120278788,-0.09381837621660193,-65.05513328515202
I2,7,N1,5.079185836089531e-05,5.071061668320728e-05,1.2292527435071234e-07,1.8373655147355676e-07,6.081127712284442e-08,67.15000061375801,4.083477296122411e-06,2.2999636936820186e-06,-0.09404137866863226,-0.09391895656292795,-65.05586550146198
I2,8,N1,5.071061668320728e-05,5.062935809224956e-05,1.2292047951599763e-07,1.8374818155847668e-07,6.082770204247904e-08,67.1500006398919,4.084580231075622e-06,2.3000149580585573e-06,-0.09393233969701449,-0.0940429950024694,-65.05657721685806
I2,9,N1,5.062935809224956e-05,5.0548079445610814e-05,1.2291479328007526e-07,1.8376197198736458e-07,6.084717870728932e-08,67.15000052522626,4.085888082153014e-06,2.3000757395057985e-06,-0.0938048767525579,-0.09418905133522236,-65.05716174847208
I2,10,N1,5.0548079445610814e-05,5.068359659667792e-05,2.603881820725038e-07,1.0128099136217799e-07,-1.591071907103258e-07,60.000000645390415,-9.546431545305804e-06,2.7125188007601133e-06,-0.09433118466899325,-0.09399657000249899,-65.05749730257627
I2,11,N1,5.068359659667792e-05,5.0819089614453054e-05,2.603670587892835e-07,1.0128507409953245e-07,-1.5908198468975102e-07,60.000000583332344,-9.544919174182728e-06,2.7123909966661194e-06,-0.09421724615046044,-0.0941268381009717,-65.05791802563412
I2,12,N1,5.0819089614453054e-05,5.095456548397997e-05,2.603520489927936e-07,1.0128797483719937e-07,-1.5906407415559424e-07,60.000000574352185,-9.543844540694453e-06,2.712300178724947e-06,-0.09413581452514388,-0.09422052135664392,-65.05831625834206
I2,13,N1,5.095456548397997e-05,5.109003114669403e-05,2.603431149358136e-07,1.0128970132244149e-07,-1.5905341361337208e-07,60.00000055667234,-9.543204905342961e-06,2.712246121936913e-06,-0.09408764461516439,-0.09427615765466234,-65.05861308282562
I2,14,N1,5.109003114669403e-05,5.122549353111381e-05,2.6034024549452754e-07,1.0129025589986118e-07,-1.5904998959466636e-07,60.00000055182205,-9.542999463447273e-06,2.7122287604579155e-06,-0.09407275917907931,-0.09429337402193055,-65.05876092336821
I2,15,N1,5.122549353111381e-05,5.1360959573661845e-05,2.603434476712907e-07,1.0128963730606463e-07,-1.5905381036522604e-07,60.000000525815096,-9.543228705546456e-06,2.712248137330165e-06,-0.09409088464317165,-0.09427237996259619,-65.05874459235407
I2,16,N1,5.1360959573661845e-05,5.1496436228119216e-05,2.6035273652683723e-07,1.0128784248811251e-07,-1.5906489403872472e-07,60.00000056189311,-9.54389373170095e-06,2.712304342612123e-06,-0.09414154981690152,-0.09421384309337481,-65.05858129043051
I2,17,N1,5.1496436228119216e-05,5.163193049316375e-05,2.603681512292242e-07,1.0128486373763268e-07,-1.5908328749159154e-07,60.000000607582,-9.544997346151635e-06,2.7123976122514268e-06,-0.09422388530895474,-0.09411911063045686,-65.05831970727651
I2,18,N1,5.163193049316375e-05,5.155062989128828e-05,1.2290856641584595e-07,1.8377706675810533e-07,6.086850034225939e-08,67.15000057027537,4.087319832694524e-06,2.3001422488046345e-06,-0.09366764708118394,-0.09434784092611863,-65.05803802259241
I2,19,N1,5.155062989128828e-05,5.168531086277887e-05,2.5963961048179544e-07,1.0140783486946439e-07,-1.5823177561233106e-07,60.0196831907728,-9.497021042965561e-06,2.7078558401344485e-06,-0.09443447147597198,-0.0938756778608897,-65.05737468342267
I2,20,N1,5.168531086277887e-05,5.1604045759914076e-05,1.2291863343390277e-07,1.837526593583569e-07,6.083402592445413e-08,67.15000041987783,4.085004866369953e-06,2.3000346959419474e-06,-0.09389316629149647,-0.09408778644836874,-65.05689387735772
I2,21,N1,5.1604045759914076e-05,5.1522797897937065e-05,1.2292352087891482e-07,1.8374080375841464e-07,6.081728287949982e-08,67.15000079224244,4.083880593540445e-06,2.299982434779971e-06,-0.09400164770624649,-0.09396409371225213,-65.05624954908915
I2,22,N1,5.1522797897937065e-05,5.1441564155013894e-05,1.2292752348757688e-07,1.837310949934619e-07,6.080357150588503e-08,67.15000063521126,4.0829598652432925e-06,2.299939638607791e-06,-0.09409143710774533,-0.09386230469304319,-65.05554669494093
I2,23,N1,5.1441564155013894e-05,5.1360341415837526e-05,1.2293064281263222e-07,1.8372352831465389e-07,6.079288550202167e-08,67.1500006040879,4.082242298185002e-06,2.299906283454646e-06,-0.09416157973407516,-0.09378312340623153,-65.05487400427917
I2,24,N1,5.1360341415837526e-05,5.127912657048943e-05,1.22932880599183e-07,1.8371810020724236e-07,6.078521960805935e-08,67.15000058648344,4.08172753233071e-06,2.29988235604819e-06,-0.09421203307036675,-0.09372632515933212,-65.05430193306658
I2,1,N2,5.113963135694464e-05,5.1088819668369775e-05,1.3273764791751561e-07,1.6385066289602464e-07,3.1113014978509024e-08,67.15000023962108,2.0892389632622154e-06,2.224412331101552e-06,-0.09485241801713015,-0.09323967140409815,-66.09093227695067
I2,2,N2,5.1088819668369775e-05,5.1038006959848294e-05,1.327372810104486e-07,1.6385129612023515e-07,3.111401510978656e-08,67.15000024819453,2.089306122344496e-06,2.224414328480128e-06,-0.09482396859990463,-0.09327024096919435,-66.09142941890158
I2,3,N2,5.1038006959848294e-05,5.098719187581922e-05,1.3273642315470112e-07,1.638527680313545e-07,3.1116344876653374e-08,67.15000033118996,2.089462568772695e-06,2.224418933895417e-06,-0.09476556809151825,-0.09333340893360816,-66.09256109076101
I2,4,N2,5.098719187581922e-05,5.093637307150622e-05,1.3273507810203313e-07,1.63855071821853e-07,3.111999371981985e-08,67.15000031617828,2.089707588125369e-06,2.224426124429146e-06,-0.09467735889541061,-0.09342936036982903,-66.0942698362439
I2,5,N2,5.093637307150622e-05,5.088554918485784e-05,1.3273323835046694e-07,1.6385821708877112e-07,3.112497873830418e-08,67.15000034898027,2.0900423331391294e-06,2.2244359157942854e-06,-0.09455987430326077,-0.09355804039689228,-66.09646900543325
I2,6,N2,5.088554918485784e-05,5.083471882927244e-05,1.3273089339147585e-07,1.6386221760462957e-07,3.1131324213153724e-08,67.15000042581995,2.0904684341696118e-06,2.2244483324707905e-06,-0.09441453810299717,-0.09371864763099996,-66.0990433744124
I2,7,N2,5.083471882927244e-05,5.07838805619844e-05,1.3272802035460054e-07,1.63867105902189e-07,3.113908554758847e-08,67.15000070015608,2.090989616322786e-06,2.2244634469259216e-06,-0.0942442831876843,-0.09390892594939014,-66.10185070604795
I2,8,N2,5.07838805619844e-05,5.073303282706603e-05,1.327245746682704e-07,1.6387294885217039e-07,3.1148374183899974e-08,67.15000073577019,2.0916133493669284e-06,2.224481426403306e-06,-0.09405461467170068,-0.09412386363243368,-66.10472480864118
I2,9,N2,5.073303282706603e-05,5.068217384341855e-05,1.3272046950547686e-07,1.6387988114591032e-07,3.115941164043346e-08,67.15000060936744,2.092354510642638e-06,2.2245026298854037e-06,-0.09385620992855638,-0.09435254407310412,-66.10748082465525
I2,10,N2,5.068217384341855e-05,5.086615266061045e-05,3.043336886808192e-07,9.442135442689707e-08,-2.0991233425392214e-07,60.00000069945572,-1.259474020205971e-05,2.9906628233078723e-06,-0.09433051057553571,-0.09438187622121692,-66.10992401054523
I2,11,N2,5.086615266061045e-05,5.100347542600477e-05,2.6114680230478085e-07,1.0025556050292289e-07,-1.6089124180185796e-07,61.003723045774166,-9.814964755371226e-06,2.710517721057778e-06,-0.09337393655384522,-0.09525650210731143,-66.11231936486602
I2,12,N2,5.100347542600477e-05,5.1091802627331374e-05,2.189864217586651e-07,1.0917886771537716e-07,-1.0980755404328793e-07,62.37534655392117,-6.8492842376885125e-06,2.461239671055317e-06,-0.09288050427406938,-0.0956402741596827,-66.11400754121667
I2,13,N2,5.1091802627331374e-05,5.117943035110212e-05,2.1841615406001341e-07,1.0933396945794953e-07,-1.0908218460206389e-07,62.395691011665065,-6.806258285307787e-06,2.458125926384722e-06,-0.09285587243148809,-0.09566874616969079,-66.11466672072162
I2,14,N2,5.117943035110212e-05,5.126600278797092e-05,2.175576879965534e-07,1.095696193138331e-07,-1.079880686827203e-07,62.42659715445675,-6.7413276611439876e-06,2.4534548048278987e-06,-0.09288750707354683,-0.09562480396861717,-66.11426837861666
I2,15,N2,5.126600278797092e-05,5.1353836908398155e-05,2.185842228877613e-07,1.0928802661517935e-07,-1.0929619627258194e-07,62.389819847116925,-6.818969995421519e-06,2.4590418712720547e-06,-0.09298379749879095,-0.09550846261540138,-66.1128452371364
I2,16,N2,5.1353836908398155e-05,5.149116805025917e-05,2.6115419685737565e-07,1.0025419846804929e-07,-1.6089999838932637e-07,61.00372306572998,-9.815498943018865e-06,2.710562964940687e-06,-0.09354744073738075,-0.09504422463839553,-66.11049515587084
I2,17,N2,5.149116805025917e-05,5.167516204987329e-05,3.043479066866938e-07,9.441960001777045e-08,-2.0992830666892338e-07,60.00000065511939,-1.2595698537663508e-05,2.9907563002834817e-06,-0.09457134783333977,-0.09409969741243361,-66.10760443588842
I2,18,N2,5.167516204987329e-05,5.1624314582253346e-05,1.3272467229938085e-07,1.638727841950639e-07,3.114811189568304e-08,67.15000072962046,2.091595736521416e-06,2.2244809237083355e-06,-0.09410870407143568,-0.09406217099523663,-66.10488801231882
I2,19,N2,5.1624314582253346e-05,5.139372113722216e-05,9.501409480306678e-08,2.990769329497783e-07,2.0406283814671152e-07,71.85274453873865,1.4662474979205635e-05,2.955682708146338e-06,-0.09417204292017206,-0.09427629442719947,-66.10210302870965
I2,20,N2,5.139372113722216e-05,5.1342894855046234e-05,1.3273237619522266e-07,1.6385970397179515e-07,3.112732777657249e-08,67.15000099474075,2.0902000911604644e-06,2.2244406012526335e-06,-0.09450326571650042,-0.09361933700445269,-66.0991233394261
I2,21,N2,5.1342894855046234e-05,5.1292074023156145e-05,1.327343453888549e-07,1.6385632770691938e-07,3.112198231806449e-08,67.15000117084517,2.0898411490970534e-06,2.224430048218307e-06,-0.0946365588317104,-0.09347352206038573,-66.09645704916966
I2,22,N2,5.1292074023156145e-05,5.124125737387818e-05,1.3273585679149266e-07,1.6385373691577962e-07,3.111788012428696e-08,67.1500007616557,2.0895656740469803e-06,2.2244219528045422e-06,-0.09473718791063662,-0.09336407957493624,-66.09423662361422
I2,23,N2,5.124125737387818e-05,5.1190443593346554e-05,1.3273689262915642e-07,1.638519592624276e-07,3.1115066633271185e-08,67.15000070461005,2.0893767463481487e-06,2.2244163891868803e-06,-0.09480596678664031,-0.09328965323375578,-66.09256248235562
I2,24,N2,5.1190443593346554e-05,5.113963135694464e-05,1.3273744919641587e-07,1.638510015633725e-07,3.111355236695663e-08,67.1500006811913,2.0892750626354187e-06,2.2244133806984126e-06,-0.09484366552586779,-0.09324909555195418,-66.09150349975303
I2,1,N3,4.945518874418722e-05,4.935819997666648e-05,1.1870194591931065e-07,1.9477578641153092e-07,7.607384049222027e-08,67.1500002222825,5.108358405962474e-06,2.351082992481312e-06,-0.10145060176957377,-0.09422194263210854,-61.24433208935372
I2,2,N3,4.935819997666648e-05,4.92612117881384e-05,1.1870208657557678e-07,1.9477536770279777e-07,7.6073281127221e-08,67.15000023813197,5.10832084580837e-06,2.351080907087809e-06,-0.101423288902428,-0.09425148113809344,-61.24629611023925
I2,3,N3,4.92612117881384e-05,4.9164221838636516e-05,1.1870168418530338e-07,1.9477666344176839e-07,7.607497925646501e-08,67.1500003210847,5.108434881498137e-06,2.3510876072030383e-06,-0.10128717190689696,-0.09438219154829822,-61.25156670140583
I2,4,N3,4.9164221838636516e-05,4.906722846412597e-05,1.1870091415935311e-07,1.947791946332258e-07,7.60782804738727e-08,67.15000030726806,5.108656557196977e-06,2.3511008159443417e-06,-0.10101494282662464,-0.09464094921532452,-61.260016167962185
I2,5,N3,4.906722846412597e-05,4.897023103159174e-05,1.1870004154897931e-07,1.9478222845293494e-07,7.608218690395563e-08,67.15000033567712,5.10891887613967e-06,2.351117025014357e-06,-0.10056446655313614,-0.09507118879266134,-61.27138472698873
I2,6,N3,4.897023103159174e-05,4.8873230323814204e-05,1.1869942442811602e-07,1.947847534235519e-07,7.608532899543588e-08,67.15000040850047,5.109129873124412e-06,2.3511313338875096e-06,-0.09988015051978484,-0.09573563895830231,-61.285222518375754
I2,7,N3,4.8873230323814204e-05,4.877622874321894e-05,1.186994566676134e-07,1.9478559862583522e-07,7.608614195822182e-08,67.15000064931739,5.10918448189865e-06,2.3511379147008646e-06,-0.09890314597345995,-0.09671512822150594,-61.300820731159085
I2,8,N3,4.877622874321894e-05,4.867922986918885e-05,1.1870039756132316e-07,1.9478388959404755e-07,7.60834920327244e-08,67.15000066875635,5.109006540878761e-06,2.3511321536652803e-06,-0.09760292845658382,-0.09808831819761106,-61.317163883069554
I2,9,N3,4.867922986918885e-05,4.858223539965271e-05,1.1870183488234304e-07,1.9478102621891015e-07,7.60791913365671e-08,67.15000055193984,5.108717740241618e-06,2.3511214582593987e-06,-0.09606145373800334,-0.09980578451677556,-61.332965816534376
I2,10,N3,4.858223539965271e-05,4.869819106302786e-05,2.435362118931084e-07,1.0482660017555985e-07,-1.3870961171754855e-07,60.00000065153301,-8.322576793426804e-06,2.6127210905150118e-06,-0.09497428351463912,-0.10076932549248221,-61.34682340943528
I2,11,N3,4.869819106302786e-05,4.8858919541402914e-05,2.837218567098111e-07,9.812572801699133e-08,-1.8559612869281975e-07,58.930995341529325,-1.0937364595402438e-05,2.863856885451018e-06,-0.0943236296960859,-0.10193558563156661,-61.35789075987412
I2,12,N3,4.8858919541402914e-05,4.9112526251642205e-05,3.630276580491614e-07,8.067119832226205e-08,-2.8235645972689934e-07,57.47016050625419,-1.62270710604826e-05,3.3277414227856756e-06,-0.09256327890033206,-4.914308404992568,-61.36546487259924
I2,13,N3,4.9112526251642205e-05,4.936175364628236e-05,3.646470863575792e-07,8.618901238634394e-08,-2.7845807397123526e-07,57.448492741058764,-1.5996996641225712e-05,3.3812707405794233e-06,-0.09210910976340621,-2.050392923204939,-61.36923164499623
I2,14,N3,4.936175364628236e-05,4.9613189707876104e-05,3.67136345516787e-07,8.630253011013006e-08,-2.8083381540665695e-07,57.41557646033506,-1.6124235401128535e-05,3.4007915672018777e-06,-0.09208310276050445,-1.9143794375466774,-61.368102820899864
I2,15,N3,4.9613189707876104e-05,4.985765618601508e-05,3.6413537597195917e-07,9.019692280945547e-08,-2.7393845316250367e-07,57.45474568410289,-1.5739064159548178e-05,3.40749224086061e-06,-0.09296050668005569,-0.10413348389956763,-61.36196894120264
I2,16,N3,4.985765618601508e-05,5.001837385051665e-05,2.837135919154965e-07,9.812860904931928e-08,-1.8558498286617723e-07,58.93099525706674,-1.0936707745069504e-05,2.8638165072361183e-06,-0.09454221072657712,-0.10120685003696163,-61.351267218095735
I2,17,N3,5.001837385051665e-05,5.013432780721902e-05,2.4353569166425627e-07,1.0482774185087622e-07,-1.3870794981338004e-07,60.00000060347474,-8.322477072509546e-06,2.612725751363494e-06,-0.0949092504919053,-0.10061252944116984,-61.337374799293535
I2,18,N3,5.013432780721902e-05,5.003727597839986e-05,1.1868838499229395e-07,1.9482293111294518e-07,7.613454612065123e-08,67.15000064971885,5.11243482146778e-06,2.3513348707892936e-06,-0.09809877524170342,-0.09719569742397215,-61.321727628490706
I2,19,N3,5.003727597839986e-05,4.9940237952120525e-05,1.186909035819677e-07,1.9481221846200336e-07,7.612131488003565e-08,67.15000069063406,5.111546346766367e-06,2.351273415329783e-06,-0.09900548389294686,-0.09648325152846648,-61.30499559964556
I2,20,N3,4.9940237952120525e-05,4.984321036522334e-05,1.1869306253733241e-07,1.948043386524711e-07,7.611127611513869e-08,67.15000070759545,5.110872244987556e-06,2.351230508923526e-06,-0.09980018002969004,-0.09574675153744927,-61.28906050042361
I2,21,N3,4.984321036522334e-05,4.974619280752643e-05,1.1869528085334917e-07,1.9479689477880175e-07,7.610161392545258e-08,67.15000082933403,5.1102234382077995e-06,2.351191317241132e-06,-0.10040558357336142,-0.09517896915549257,-61.27488392105167
I2,22,N3,4.974619280752643e-05,4.9649184494795904e-05,1.1869739230805144e-07,1.947900913272909e-07,7.609269901923947e-08,67.15000068107429,5.109624790966711e-06,2.3511561272650673e-06,-0.1008398316633056,-0.09477480769837147,-61.26311572102131
I2,23,N3,4.9649184494795904e-05,4.9552183868133774e-05,1.1869917858416279e-07,1.9478446211662269e-07,7.60852835324599e-08,67.15000066253936,5.109126839614176e-06,2.3511273052558913e-06,-0.10113280133688793,-0.094504495880192,-61.25417680557082
I2,24,N3,4.9552183868133774e-05,4.945518874418722e-05,1.1870047180677446e-07,1.9478044456201141e-07,7.607997275523695e-08,67.15000065257186,5.1087702201618105e-06,2.351106872765894e-06,-0.10130965293725756,-0.09434243892758254,-61.2483261492361
I2,1,N4,5.127913817273502e-05,5.119793299289372e-05,1.2293562178413452e-07,1.8371145483404965e-07,6.077583304991514e-08,67.1500002164652,4.081097202457655e-06,2.2998530746363814e-06,-0.09427081665544446,-0.09366028490251585,-65.05359839685082
I2,2,N4,5.119793299289372e-05,5.111672951353613e-05,1.229361036604314e-07,1.8371028535119804e-07,6.077418169076665e-08,67.15000022737911,4.08098631435376e-06,2.299847917587221e-06,-0.0942813466554297,-0.09364852709531019,-65.05350198642962
I2,3,N4,5.111672951353613e-05,5.1035524604393395e-05,1.2293569812059552e-07,1.8371126833826178e-07,6.077557021766625e-08,67.15000030957577,4.081079558930933e-06,2.2998522484414297e-06,-0.09427282677672114,-0.09365808371584489,-65.05362777230049
I2,4,N4,5.1035524604393395e-05,5.0954315158036225e-05,1.229344119911815e-07,1.8371438839813236e-07,6.077997640695085e-08,67.15000029464218,4.081375433635095e-06,2.299866002919854e-06,-0.09424491157715525,-0.09368937963442851,-65.05396657611819
I2,5,N4,5.0954315158036225e-05,5.087309806781861e-05,1.2293224518447625e-07,1.8371964472082968e-07,6.078739953635343e-08,67.15000032582344,4.0818738986720925e-06,2.2998891742897946e-06,-0.09419713947606453,-0.09374302505024783,-65.05448961692548
I2,6,N4,5.087309806781861e-05,5.0791870239725003e-05,1.2292920128007892e-07,1.8372702862028533e-07,6.079782734020641e-08,67.15000040202257,4.0825741303369595e-06,2.299921724252732e-06,-0.094129078292824,-0.09381968158493162,-65.05514822529898
I2,7,N4,5.0791870239725003e-05,5.071062858691089e-05,1.2292528225935674e-07,1.837365351203074e-07,6.081125286095067e-08,67.15000065900666,4.083475669687858e-06,2.2999636303474813e-06,-0.09404055269340196,-0.09391982009495885,-65.0558737797116
I2,8,N4,5.071062858691089e-05,5.062937000869116e-05,1.2292048397658714e-07,1.8374817354361701e-07,6.082768956702988e-08,67.1500006748018,4.084579395472691e-06,2.300014931401531e-06,-0.09393199699148704,-0.09404331366776236,-65.0565781555631
I2,9,N4,5.062937000869116e-05,5.0548091360560465e-05,1.2291479370966112e-07,1.8376197376019268e-07,6.084718005053156e-08,67.15000055340047,4.085888174066052e-06,2.3000757560239036e-06,-0.09380509230469486,-0.09418873068257547,-65.05715513542786
I2,10,N4,5.0548091360560465e-05,5.068360848314195e-05,2.603881566637759e-07,1.0128099576424212e-07,-1.5910716089953376e-07,60.00000066153302,-9.546429759226668e-06,2.712518643210135e-06,-0.09433229721970798,-0.0939954116151584,-65.05748344980547
I2,11,N4,5.068360848314195e-05,5.0819101456138896e-05,2.6036701917605446e-07,1.0128508130691531e-07,-1.5908193786913914e-07,60.000000588439086,-9.544916365758379e-06,2.7123907536222735e-06,-0.09421884093657922,-0.0941251136807017,-65.0578978767222
I2,12,N4,5.0819101456138896e-05,5.0954577268967586e-05,2.6035199898726944e-07,1.0128798409710124e-07,-1.590640148901682e-07,60.0000005782311,-9.543840985385853e-06,2.71229987313278e-06,-0.09413775039717284,-0.09421839186136159,-65.0582912123591
I2,13,N4,5.0954577268967586e-05,5.109004286799208e-05,2.6034305883842226e-07,1.0128971178917952e-07,-1.5905334704924274e-07,60.00000055955023,-9.543200911952902e-06,2.7122457797070135e-06,-0.09408977958839712,-0.09427378979352785,-65.05858487230077
I2,14,N4,5.109004286799208e-05,5.1225505186617635e-05,2.603401875623872e-07,1.0129026672913879e-07,-1.5904992083324842e-07,60.00000055470771,-9.542995338221123e-06,2.712228407186445e-06,-0.09407495317095114,-0.09429093533560992,-65.05873148067391
I2,15,N4,5.1225505186617635e-05,5.136097116613878e-05,2.603433921499618e-07,1.0128964765721681e-07,-1.5905374449274502e-07,60.00000052840802,-9.543224753609976e-06,2.7122477985538397e-06,-0.0940930001528414,-0.09427003563273603,-65.0587159119886
I2,16,N4,5.136097116613878e-05,5.149644776499879e-05,2.603526874758484e-07,1.0128785155386894e-07,-1.590648359219795e-07,60.00000056577976,-9.543890245314434e-06,2.7123040427228803e-06,-0.09414345225607337,-0.09421175418716198,-65.05855529225293
I2,17,N4,5.149644776499879e-05,5.163194198605978e-05,2.603681122896952e-07,1.0128487079146363e-07,-1.5908324149823158e-07,60.00000062076123,-9.544994588646603e-06,2.712397373108691e-06,-0.09422544402060046,-0.09411743074528127,-65.0582981046959
I2,18,N4,5.163194198605978e-05,5.1550641366907025e-05,1.2290856239015254e-07,1.8377707940274512e-07,6.086851701259258e-08,67.15000061078752,4.087320954573322e-06,2.3001423134467327e-06,-0.09366845058719668,-0.09434683259543081,-65.05802220057345
I2,19,N4,5.1550641366907025e-05,5.168532232494441e-05,2.59639598184087e-07,1.0140783668768947e-07,-1.582317614963975e-07,60.019683236021336,-9.497020202891456e-06,2.707855761538323e-06,-0.0944351124145239,-0.09387506536963343,-65.05736551628064
I2,20,N4,5.168532232494441e-05,5.160405723005287e-05,1.2291863653021477e-07,1.8375265460805547e-07,6.08340180778407e-08,67.15000047100395,4.085004342580066e-06,2.3000346835370266e-06,-0.09389298982576987,-0.09408791499343391,-65.05689187779637
I2,21,N4,5.160405723005287e-05,5.152280938812739e-05,1.229235274090716e-07,1.8374079071122973e-07,6.081726330215813e-08,67.15000084687298,4.083879282244416e-06,2.2999823859022603e-06,-0.09400099858322507,-0.09396475785425693,-65.05625465588537
I2,22,N4,5.152280938812739e-05,5.144157567533885e-05,1.2292753289013697e-07,1.837310750249879e-07,6.080354213485093e-08,67.15000069382727,4.082957896542395e-06,2.2999395593634367e-06,-0.09409039134660982,-0.09386341308757402,-65.05555839572021
I2,23,N4,5.144157567533885e-05,5.136035297421923e-05,1.229306544757302e-07,1.837235029115331e-07,6.079284843580291e-08,67.1500006672771,4.082239813029841e-06,2.299906180404475e-06,-0.09416022015035097,-0.09378458010630605,-65.05489140011696
I2,24,N4,5.136035297421923e-05,5.127913817273502e-05,1.2293289392145426e-07,1.837180708222299e-07,6.078517690077565e-08,67.15000065222196,4.081724668532512e-06,2.2998822355776314e-06,-0.09421044440751301,-0.09372803467995273,-65.0543238141307
I2,1,N5,5.049968798078917e-05,5.046058457572384e-05,1.3719883025371543e-07,1.5680013353111026e-07,1.9601303277394825e-08,67.15000024101852,1.3162275198013395e-06,2.2049922283861926e-06,-0.09544925065308403,-0.09439526250439766,-68.45970579440858
I2,2,N5,5.046058457572384e-05,5.0421475292119454e-05,1.3719648302015746e-07,1.5680357944173333e-07,1.960709642157587e-08,67.15000024910482,1.316616529593042e-06,2.205000468464181e-06,-0.09538875719815781,-0.09446254651921028,-68.46078871437177
I2,3,N5,5.0421475292119454e-05,5.0382358980336105e-05,1.3719367649709335e-07,1.5680769903361255e-07,1.96140225365192e-08,67.15000033145363,1.317081619828403e-06,2.2050103164802946e-06,-0.09531036626974419,-0.0945500468681741,-68.4621650430421
I2,4,N5,5.0382358980336105e-05,5.034323450644121e-05,1.3719041699639826e-07,1.568124831345005e-07,1.9622066138102227e-08,67.15000031618474,1.3176217473777624e-06,2.205021750981741e-06,-0.09521388115980345,-0.0946582466445229,-68.46375519642753
I2,5,N5,5.034323450644121e-05,5.030410073188025e-05,1.371867019956172e-07,1.5681793386060661e-07,1.9631231864989427e-08,67.15000034927488,1.318237226590736e-06,2.2050347689216785e-06,-0.09509908095404046,-0.0947877211668602,-68.46546114091241
I2,6,N5,5.030410073188025e-05,5.026495651348743e-05,1.3718252911209277e-07,1.5682405344066908e-07,1.9641524328576315e-08,67.15000042777662,1.3189283670660843e-06,2.205049369145714e-06,-0.09496626304768799,-0.09493857332452786,-68.46716685177735
I2,7,N5,5.026495651348743e-05,5.022580068114117e-05,1.371778868466904e-07,1.568308570309417e-07,1.9652970184251313e-08,67.15000070399509,1.3196969617080701e-06,2.205065579082241e-06,-0.09481676815866989,-0.09510981855546109,-68.46873938020579
I2,8,N5,5.022580068114117e-05,5.018663199963562e-05,1.371727484453689e-07,1.5683838211119147e-07,1.966563366582256e-08,67.15000074735484,1.3205473153571914e-06,2.2050834791742027e-06,-0.0946535178226779,-0.09529867406227123,-68.47003103400196
I2,9,N5,5.018663199963562e-05,5.0147449118668836e-05,1.3716706723405797e-07,1.5684669552039794e-07,1.9679628286339966e-08,67.15000061993804,1.321487051627879e-06,2.205103220658419e-06,-0.0944817405566664,-0.09549963496323197,-68.47088314234209
I2,10,N5,5.0147449118668836e-05,5.0355089619680866e-05,3.2667101672374786e-07,9.184366212034577e-08,-2.348273546034021e-07,60.00000070461329,-1.4089641441666603e-05,3.1388600913307023e-06,-0.09639526218087918,-0.09552471455506485,-68.47113185228375
I2,11,N5,5.0355089619680866e-05,5.0543211025655446e-05,3.079293361725694e-07,9.369402371124078e-08,-2.1423531246132864e-07,60.34681527381367,-1.292841882623155e-05,3.0121751991285763e-06,-0.0957225187539554,-0.0959471752056268,-68.47146475763572
I2,12,N5,5.0543211025655446e-05,5.070791881952688e-05,2.8586673294713875e-07,9.6280206204392e-08,-1.8958652674274677e-07,60.82075021767942,-1.1530794787658001e-05,2.8661020436364803e-06,-0.09524815787411427,-0.09613284640179581,-68.47150492166817
I2,13,N5,5.070791881952688e-05,5.0872278734591374e-05,2.8554277626760287e-07,9.632200361657539e-08,-1.8922077265102748e-07,60.827779793304906,-1.150987949113571e-05,2.8639858491313365e-06,-0.0952250664157693,-0.0961544169576754,-68.47102218040799
I2,14,N5,5.0872278734591374e-05,5.1036117636410484e-05,2.8505772329724296e-07,9.638471904713026e-08,-1.8867300425011268e-07,60.8384587413837,-1.1478574784683392e-05,2.8608183175827994e-06,-0.0952617823070367,-0.09610211351188032,-68.46999944253879
I2,15,N5,5.1036117636410484e-05,5.120061671429764e-05,2.856717253169007e-07,9.630471896086163e-08,-1.8936700635603908e-07,60.82575111797664,-1.1518390398568733e-05,2.8648233320832176e-06,-0.09537884907520779,-0.09597131537701631,-68.46848082400173
I2,16,N5,5.120061671429764e-05,5.138881749901835e-05,3.0800386134108125e-07,9.36850164068869e-08,-2.1431884493419435e-07,60.34681526379371,-1.2933459742793477e-05,3.012666583109761e-06,-0.09596067261790545,-0.09566458631616771,-68.46658054642688
I2,17,N5,5.138881749901835e-05,5.159657900933793e-05,3.267865335721505e-07,9.18316012573016e-08,-2.349549323148489e-07,60.00000065744046,-1.4097296093359813e-05,3.1396360112208904e-06,-0.09676759148257529,-0.09510734265701624,-68.46463381249269
I2,18,N5,5.159657900933793e-05,5.155746585882585e-05,1.3719495060791442e-07,1.5680585632709764e-07,1.9610905719183226e-08,67.15000076500827,1.3168723340456587e-06,2.2050060520125903e-06,-0.09500724868349686,-0.09489017185058984,-68.463132389953
I2,19,N5,5.155746585882585e-05,5.069512900949367e-05,7.314488861439769e-08,8.712292353104417e-07,7.98084346696044e-07,76.23435185253186,6.084144289402424e-05,7.082805929436295e-06,-1.8639513182347176,-0.09482060654477899,-68.46152211441604
I2,20,N5,5.069512900949367e-05,5.0656044705339336e-05,1.372064598773657e-07,1.5678893936117692e-07,1.958247948381123e-08,67.15000116437797,1.3149635201393318e-06,2.2049654942890695e-06,-0.09543344982507596,-0.09441360484732449,-68.46016758791983
I2,21,N5,5.0656044705339336e-05,5.061695923802474e-05,1.3720599293701944e-07,1.5678961899460783e-07,1.9583626057588385e-08,67.15000118413897,1.315040512956795e-06,2.2049670894872045e-06,-0.0955060614536441,-0.09433310678910813,-68.4591046154919
I2,22,N5,5.061695923802474e-05,5.057787190746398e-05,1.3720524804108273e-07,1.5679071039267587e-07,1.958546235159314e-08,67.15000076740101,1.315163811939383e-06,2.2049696882531894e-06,-0.09554170291923617,-0.09429349325166554,-68.45842202020786
I2,23,N5,5.057787190746398e-05,5.0538781822609395e-05,1.3720414796209517e-07,1.5679232463688826e-07,1.9588176674793092e-08,67.15000070768896,1.3153460775746925e-06,2.204973544492376e-06,-0.09554794163171067,-0.09428634722855633,-68.45816780146264
I2,24,N5,5.0538781822609395e-05,5.049968798078917e-05,1.372026480252412e-07,1.5679452706805267e-07,1.9591879042811473e-08,67.1500006829724,1.315594691105503e-06,2.2049788131997043e-06,-0.09553013189325738,-0.09430580985947568,-68.4583569059022
I2,1,N6,5.125769395066785e-05,5.1172660336655646e-05,1.2186655907406719e-07,1.8635826765398106e-07,6.449170857991387e-08,67.15000022249608,4.330618245490368e-06,2.3116862004603617e-06,-0.09465405627282811,-0.093286476323691,-64.81068184231756
I2,2,N6,5.1172660336655646e-05,5.108762760167391e-05,1.2186679948559544e-07,1.8635765550503252e-07,6.449085601943708e-08,67.15000023535198,4.3305609968832504e-06,2.3116834124297098e-06,-0.09466378285127187,-0.0932759064544465,-64.81057869268069
I2,3,N6,5.108762760167391e-05,5.1002592833332904e-05,1.2186624262017054e-07,1.8635907086174252e-07,6.449282824157198e-08,67.15000031802292,4.330693436931756e-06,2.3116898511143477e-06,-0.09463721906806251,-0.093304993973606,-64.81103482219518
I2,4,N6,5.1002592833332904e-05,5.091755316469103e-05,1.2186490119514236e-07,1.8636248232625164e-07,6.449758113110928e-08,67.1500003037255,4.331012592543548e-06,2.3117053764104546e-06,-0.094573218069093,-0.09337517472359229,-64.8120222691902
I2,5,N6,5.091755316469103e-05,5.0832505760086206e-05,1.2186278312662168e-07,1.863678675562153e-07,6.450508442959361e-08,67.15000033337438,4.331516440951554e-06,2.311729880121277e-06,-0.09447021688852104,-0.09348858954547004,-64.81347545494212
I2,6,N6,5.0832505760086206e-05,5.07474478306344e-05,1.2185990052367334e-07,1.863751933760811e-07,6.451529285240776e-08,67.1500004076883,4.332201941341311e-06,2.311763204248158e-06,-0.09432663863975618,-0.09364773963508098,-64.81529004411983
I2,7,N6,5.07474478306344e-05,5.066237662137534e-05,1.218562613630949e-07,1.863844350216381e-07,6.452817365854318e-08,67.15000065942239,4.333066903722497e-06,2.3118052228854977e-06,-0.09414155607004422,-0.09385484933158848,-64.8173222375995
I2,8,N6,5.066237662137534e-05,5.0577289362336535e-05,1.2185185925208094e-07,1.8639560094363356e-07,6.454374169155262e-08,67.15000067496462,4.334112298152501e-06,2.311855951467859e-06,-0.09391576176411975,-0.09411072505447052,-64.81938936979755
I2,9,N6,5.0577289362336535e-05,5.049218318092631e-05,1.2184666306090155e-07,1.8640875992097322e-07,6.456209686007167e-08,67.15000055114314,4.335344839736769e-06,2.3119156723640606e-06,-0.09365364855946377,-0.09441257019509544,-64.8212730744061
I2,10,N6,5.049218318092631e-05,5.0622672862408996e-05,2.560071986169433e-07,1.0214854081170994e-07,-1.5385865780523338e-07,60.00000065215199,-9.231519568653233e-06,2.686168045714899e-06,-0.0939792785529759,-0.09439662092645318,-64.82272676869408
I2,11,N6,5.0622672862408996e-05,5.076884409796502e-05,2.701020284836689e-07,9.981903026598925e-08,-1.7028299821767967e-07,59.62462467785335,-1.0153059857748721e-05,2.774407940622436e-06,-0.09405892234545131,-0.09440290066319908,-64.82394210923023
I2,12,N6,5.076884409796502e-05,5.093825465156579e-05,2.9153257969066114e-07,9.684224876634894e-08,-1.946903309243122e-07,59.11165975181357,-1.150846859856593e-05,2.9128112134275757e-06,-0.09404361641280326,-0.09448968796487237,-64.82489531665391
I2,13,N6,5.093825465156579e-05,5.110805055981912e-05,2.918929178116192e-07,9.67972475979707e-08,-1.9509567021364848e-07,59.10405117671292,-1.1530944476662587e-05,2.915176240571924e-06,-0.09395483022627386,-0.0945963208235502,-64.82552374123217
I2,14,N6,5.110805055981912e-05,5.127844796083875e-05,2.9245542556519077e-07,9.672706116158487e-08,-1.957283644036059e-07,59.09249280132212,-1.1566076964534635e-05,2.9188686504508177e-06,-0.09394562110017562,-0.09460958570136045,-64.82574191148383
I2,15,N6,5.127844796083875e-05,5.144813362344886e-05,2.917897984439263e-07,9.681009505447085e-08,-1.9497970338945548e-07,59.10624683528614,-1.1524518476408034e-05,2.9144992012379787e-06,-0.09400832403789905,-0.09453293627806299,-64.82553822291969
I2,16,N6,5.144813362344886e-05,5.159429494018739e-05,2.700931944898631e-07,9.982057485251962e-08,-1.7027261963734346e-07,59.62462462518236,-1.015244102982306e-05,2.7743532700678704e-06,-0.09399151757539534,-0.09448203433405855,-64.82497044165358
I2,17,N6,5.159429494018739e-05,5.1724772066729574e-05,2.559963006173783e-07,1.0215074454219862e-07,-1.538455560751797e-07,60.00000060786912,-9.230733458028745e-06,2.6861028386968272e-06,-0.09387616145174289,-0.09451744343799702,-64.82407024551951
I2,18,N6,5.1724772066729574e-05,5.16396535767304e-05,1.2184327863646732e-07,1.8641731567952792e-07,6.45740370430606e-08,67.1500006233295,4.336146627692421e-06,2.3119544573699644e-06,-0.09351301031799575,-0.09457699119182508,-64.82282859887077
I2,19,N6,5.16396535767304e-05,5.1682993286648195e-05,1.857319557944811e-07,1.2215305506066687e-07,-6.357890073381423e-08,62.523458834554184,-3.975172782776841e-06,2.3091375814136095e-06,-0.09403502759809967,-0.09403908591522499,-64.8210216243468
I2,20,N6,5.1682993286648195e-05,5.1597908945537287e-05,1.2185265888672772e-07,1.8639357031983665e-07,6.454091143310893e-08,67.15000055979205,4.3339222388627536e-06,2.311846719049233e-06,-0.09398020399596048,-0.09403760270066401,-64.81913868709704
I2,21,N6,5.1597908945537287e-05,5.1512839680261714e-05,1.2185679242079174e-07,1.863830807106191e-07,6.452628828982735e-08,67.15000084778669,4.3329403133664346e-06,2.311799048485581e-06,-0.09418204795092233,-0.09380968304539121,-64.81713655967751
I2,22,N6,5.1512839680261714e-05,5.142778265443337e-05,1.218601464795927e-07,1.86374563065515e-07,6.45144165859223e-08,67.15000069421426,4.33214311853151e-06,2.311760321588308e-06,-0.09434598717658507,-0.09362652785657682,-64.81521127129857
I2,23,N6,5.142778265443337e-05,5.1342735030259704e-05,1.2186272187258158e-07,1.863680194082375e-07,6.45052975356559e-08,67.15000066976349,4.331530772722587e-06,2.311730559606143e-06,-0.0944711653153234,-0.09348774304377781,-64.81352501182018
I2,24,N6,5.1342735030259704e-05,5.125769395066785e-05,1.2186451442987472e-07,1.8636346413192882e-07,6.44989497020541e-08,67.15000065642383,4.3311045148315805e-06,2.3117098392135265e-06,-0.09455829227621756,-0.09339160170940101,-64.81220352932384
I2,1,N7,5.114197398445948e-05,5.109116384120069e-05,1.3273839466531466e-07,1.6384987070294103e-07,3.111147603762637e-08,67.15000023962108,2.089135623381576e-06,2.2244119902619173e-06,-0.09476500708019091,-0.09330003307603475,-66.09169421101181
I2,2,N7,5.109116384120069e-05,5.104035245310005e-05,1.3273794259266142e-07,1.6385063981584947e-07,3.1112697223188055e-08,67.15000024819453,2.089217626259079e-06,2.224414368063832e-06,-0.09474704273510834,-0.09331969658580672,-66.09211456228381
I2,3,N7,5.104035245310005e-05,5.0989538348970236e-05,1.3273695677112279e-07,1.6385231834486265e-07,3.111536157373987e-08,67.15000033118996,2.0893965399817274e-06,2.224419563369891e-06,-0.09470430963300229,-0.09336638912322179,-66.0931169534722
I2,4,N7,5.0989538348970236e-05,5.093872010552892e-05,1.3273545467433268e-07,1.6385487675943368e-07,3.1119422085101e-08,67.15000031617828,2.0896692028538176e-06,2.2244274857532477e-06,-0.0946352769426774,-0.09344201539862101,-66.0946568058093
I2,5,N7,5.093872010552892e-05,5.08878963284328e-05,1.3273344605175449e-07,1.638582965141315e-07,3.1124850462377016e-08,67.15000034898027,2.0900337194105754e-06,2.2244380692441447e-06,-0.09453836523546624,-0.09354867849034716,-66.0966634643359
I2,6,N7,5.08878963284328e-05,5.083706565404356e-05,1.3273094108447234e-07,1.6386255778866602e-07,3.113161670419368e-08,67.15000042581995,2.090488074943069e-06,2.2244512415485378e-06,-0.09441245398014476,-0.0936882155433239,-66.09903897476745
I2,7,N7,5.083706565404356e-05,5.078622672508756e-05,1.3272794033556332e-07,1.6386765511903326e-07,3.113971478346995e-08,67.15000070015608,2.091031869512668e-06,2.2244669659094745e-06,-0.0942575812048745,-0.0938614669506728,-66.10165754592002
I2,8,N7,5.078622672508756e-05,5.073537813500848e-05,1.3272442327464127e-07,1.6387361664724e-07,3.1149193372598724e-08,67.15000073577019,2.0916683578886525e-06,2.2244852994141095e-06,-0.09407626398180526,-0.09406676019186959,-66.1043664295002
I2,9,N7,5.073537813500848e-05,5.0684518297734996e-05,1.3272032083177784e-07,1.638805498874255e-07,3.116022905564766e-08,67.15000060936744,2.0924094000747696e-06,2.2245065303940247e-06,-0.09387695984769154,-0.09429582296445321,-66.10698928752348
I2,10,N7,5.0684518297734996e-05,5.0868495998971124e-05,3.043328028943578e-07,9.442162292751815e-08,-2.0991117996683966e-07,60.00000069945572,-1.2594670944833954e-05,2.99065819366407e-06,-0.09435637866935116,-0.09431879483184429,-66.10933397793879
I2,11,N7,5.0868495998971124e-05,5.1005817878153255e-05,2.611461819460731e-07,1.0025584650375275e-07,-1.6089033544232037e-07,61.003723045774166,-9.814909464065016e-06,2.7105152133736937e-06,-0.09339702803510348,-0.0951952212731543,-66.1116693971726
I2,12,N7,5.1005817878153255e-05,5.109414423793375e-05,2.189859409385767e-07,1.0917923415798212e-07,-1.0980670678059457e-07,62.37534655392117,-6.849231389384392e-06,2.4612388132241913e-06,-0.09290563393087051,-0.09557247656261557,-66.1133358553209
I2,13,N7,5.109414423793375e-05,5.118177115041394e-05,2.1841570183711918e-07,1.0933433263522896e-07,-1.0908136920189022e-07,62.395691011665065,-6.8062074078505e-06,2.458125258542611e-06,-0.09288006767181965,-0.09560140581395843,-66.11401308535075
I2,14,N7,5.118177115041394e-05,5.1268342949867856e-05,2.1755737249444007e-07,1.0956993952402597e-07,-1.079874329704141e-07,62.42659715445675,-6.741287975787942e-06,2.4534548401384954e-06,-0.09290553549692651,-0.09556541487556285,-66.11367100159488
I2,15,N7,5.1268342949867856e-05,5.1356176729735556e-05,2.1858413231257964e-07,1.092882660263563e-07,-1.0929586628622334e-07,62.389819847116925,-6.8189494076320545e-06,2.4590429875420196e-06,-0.09299103934937768,-0.09546365149176847,-66.11233705253167
I2,16,N7,5.1356176729735556e-05,5.1493507960770095e-05,2.6115442507032734e-07,1.0025431493808438e-07,-1.6090011013224296e-07,61.00372306572998,-9.815505759752804e-06,2.710565550063088e-06,-0.09354220488975572,-0.09501856042443041,-66.11010084644178
I2,17,N7,5.1493507960770095e-05,5.167750237062724e-05,3.043484417965812e-07,9.441968483792516e-08,-2.0992875695865602e-07,60.00000065511939,-1.2595725555047762e-05,2.9907609497587974e-06,-0.09456046218600557,-0.09407915367458407,-66.10733935050375
I2,18,N7,5.167750237062724e-05,5.162665396330917e-05,1.3272448570417028e-07,1.6387350027719658e-07,3.114901457302629e-08,67.15000072962046,2.091656351305674e-06,2.2244848948602514e-06,-0.09413605044359118,-0.0939992558628723,-66.10476373380024
I2,19,N7,5.162665396330917e-05,5.139605896757719e-05,9.50138647740323e-08,2.9907818287820013e-07,2.0406431810416783e-07,71.85274453873865,1.4662581318210672e-05,2.9556903573917434e-06,-0.09423004096490685,-0.09423741747541478,-66.10214783532444
I2,20,N7,5.139605896757719e-05,5.134523275265482e-05,1.327325682196897e-07,1.6385980925433915e-07,3.1127241034649456e-08,67.15000099474075,2.0901942664402463e-06,2.2244428310552163e-06,-0.09448375159242138,-0.09360778897609212,-66.09936172661774
I2,21,N7,5.134523275265482e-05,5.129441254124279e-05,1.327347460219712e-07,1.6385609793252072e-07,3.112135191054952e-08,67.15000117084517,2.089798817231685e-06,2.2244313296586895e-06,-0.0945914625450335,-0.0934891682668311,-66.09688402537954
I2,22,N7,5.129441254124279e-05,5.1243596975767184e-05,1.3273643104891987e-07,1.6385322558140405e-07,3.1116794532484186e-08,67.1500007616557,2.0894927765565973e-06,2.224422424727429e-06,-0.09467084900563014,-0.09340225823084289,-66.09482690402838
I2,23,N7,5.1243596975767184e-05,5.119278461568535e-05,1.3273759293383438e-07,1.6385124325555438e-07,3.111365032172e-08,67.15000070461005,2.0892816410264887e-06,2.2244162714204156e-06,-0.09472420955316964,-0.09334409563931058,-66.09327329751572
I2,24,N7,5.119278461568535e-05,5.114197398445948e-05,1.327382190099678e-07,1.6385017354916237e-07,3.111195453919456e-08,67.1500006811913,2.0891677685001075e-06,2.2244129441934765e-06,-0.09475337999313878,-0.09331243547162711,-66.09227922125332
I2,1,N8,4.749887165366089e-05,4.73947762482436e-05,1.169274004032993e-07,1.9987292725431027e-07,8.294552685101097e-08,67.15000023257245,5.569792147336231e-06,2.376002457432072e-06,-0.10749167665455629,-0.10106194761239014,-62.99945996360614
I2,2,N8,4.73947762482436e-05,4.729068046979288e-05,1.1692720712462124e-07,1.9987310708292683e-07,8.294589995830559e-08,67.15000024226327,5.569817202294966e-06,2.3760023565566106e-06,-0.10757825449433152,-0.1011777897960399,-62.99932915543326
I2,3,N8,4.729068046979288e-05,4.7186583730743794e-05,1.1692714847165343e-07,1.9987395481736676e-07,8.294680634571333e-08,67.15000032692167,5.569878073231759e-06,2.3760082746676516e-06,-0.10724301523949178,-0.10145459514380101,-63.00167776493427
I2,4,N8,4.7186583730743794e-05,4.708248326037078e-05,1.1692464120894016e-07,1.9987525073372592e-07,8.295060952478576e-08,67.15000031249826,5.570133455511285e-06,2.3759991895699957e-06,-0.10705676370121271,-0.10192138603643806,-63.006242187193834
I2,5,N8,4.708248326037078e-05,4.697835865701938e-05,1.1690085733055574e-07,1.9987700224077856e-07,8.297614491022282e-08,67.15000034470053,5.571848159323383e-06,2.375833946785007e-06,-0.11045770392571237,-0.10263103042184082,-63.01266541961066
I2,6,N8,4.697835865701938e-05,4.687420318451614e-05,1.1686796495372636e-07,1.9987707888712998e-07,8.300911393340362e-08,67.1500004174973,5.574062035284134e-06,2.3755878288064224e-06,-0.11372531065588541,-0.10366037666813302,-63.021232698438396
I2,7,N8,4.687420318451614e-05,4.676989732762448e-05,1.167281833835033e-07,1.9989537660014745e-07,8.316719321664415e-08,67.15000068452548,5.584677081427718e-06,2.3746766998773806e-06,-0.11208309928691505,-0.10575519289893628,-63.032097333383575
I2,8,N8,4.676989732762448e-05,4.6665270159930534e-05,1.163879407696834e-07,1.9989803831809445e-07,8.351009754841105e-08,67.15000070291292,5.607703109076129e-06,2.3721448431583336e-06,-0.2673669827673803,-0.10653285530345352,-63.04944624709051
I2,9,N8,4.6665270159930534e-05,4.656004465642706e-05,1.157642001928239e-07,1.9991162401138186e-07,8.414742381855795e-08,67.15000056062844,5.650499556591606e-06,2.367568681531543e-06,-0.46517157431429434,-0.10741289319096989,-63.069879580717334
I2,10,N8,4.656004465642706e-05,4.666790761224632e-05,2.36714518020772e-07,1.0642491573310254e-07,-1.3028960228766946e-07,60.00000065104963,-7.817376222085164e-06,2.573545753154059e-06,-0.10035291283126349,-0.10808886393563535,-63.09087363666797
I2,11,N8,4.666790761224632e-05,4.683786814497612e-05,2.9243327348396063e-07,9.711656253111762e-08,-1.9531671095284301e-07,58.51971394534382,-1.1429878053705775e-05,2.9216237701130867e-06,-0.10095333132830694,-0.10672608723800496,-63.107910099423506
I2,12,N8,4.683786814497612e-05,4.7143092107357134e-05,4.238586730524226e-07,8.565125923789891e-08,-3.382074138145237e-07,56.49684800386153,-1.9107652852058243e-05,3.821324492177411e-06,-0.09969726762943242,-0.6898854317449606,-63.12141010424678
I2,13,N8,4.7143092107357134e-05,4.745110397909913e-05,4.268796026914661e-07,8.568840044907592e-08,-3.411912022423902e-07,56.46684396185452,-1.9265990378178596e-05,3.844260023554065e-06,-0.09941187164400249,-0.5948777529179585,-63.12873872746975
I2,14,N8,4.745110397909913e-05,4.776378121298577e-05,4.315814274819463e-07,8.544087137332648e-08,-3.461405561086198e-07,56.42126369044466,-1.9529687590161595e-05,3.877667241414546e-06,-0.09950813009004039,-0.6078299916628758,-63.12934458954985
I2,15,N8,4.776378121298577e-05,4.807114704042533e-05,4.260129057597939e-07,8.553378820110657e-08,-3.4047911755868733e-07,56.475502641321285,-1.9228729303000386e-05,3.836600204706753e-06,-0.09996186800726767,-0.6964557133898709,-63.12336985594054
I2,16,N8,4.807114704042533e-05,4.824111866667779e-05,2.924423670694019e-07,9.711414584773439e-08,-1.953282212216675e-07,58.51971384197359,-1.1430551611153695e-05,2.9216738468785224e-06,-0.10095649099692637,-0.10698539914708488,-63.11145352978788
I2,17,N8,4.824111866667779e-05,4.834898425877889e-05,2.367168388398297e-07,1.0642448143358386e-07,-1.3029235740624585e-07,60.00000060054072,-7.817541522620617e-06,2.5735599020506016e-06,-0.10066866445533086,-0.1076635261569859,-63.096224963785026
I2,18,N8,4.834898425877889e-05,4.8243990523850684e-05,1.1601784228763466e-07,1.9991690344962914e-07,8.389906116199448e-08,67.15000068202566,5.633822014249243e-06,2.369510593029478e-06,-0.3866286161093461,-0.10646727278767952,-63.07765680412772
I2,19,N8,4.8243990523850684e-05,4.801951917504085e-05,9.503034288539297e-08,2.9336088576652507e-07,1.983305428811321e-07,69.89326792236525,1.3861969770779117e-05,2.9129342148893853e-06,-0.9526561149452988,-0.10549688806027241,-63.061168342356595
I2,20,N8,4.801951917504085e-05,4.7915348623514556e-05,1.1687203776222504e-07,1.99894761023941e-07,8.302272326171596e-08,67.1500008692822,5.574975939194402e-06,2.375750990896245e-06,-0.11370376056025591,-0.10339221089883335,-63.04523762233658
I2,21,N8,4.7915348623514556e-05,4.781120687894663e-05,1.1689779087589656e-07,1.9989035991078817e-07,8.299256903489161e-08,67.15000113741209,5.572951105089723e-06,2.3759111309001355e-06,-0.11036885787597102,-0.10247226016715621,-63.031788380612305
I2,22,N8,4.781120687894663e-05,4.7707086005987314e-05,1.1691465090463156e-07,1.9988559508886398e-07,8.297094418423242e-08,67.15000074258722,5.57149896358437e-06,2.3760018449512164e-06,-0.10837571548571932,-0.10182595056314003,-63.02075625410696
I2,23,N8,4.7707086005987314e-05,4.7602976885060775e-05,1.1692202347153739e-07,1.9988105426256105e-07,8.295903079102366e-08,67.15000069292606,5.570698975101713e-06,2.3760230830057384e-06,-0.10774749622311923,-0.10140150762784729,-63.0120525103357
I2,24,N8,4.7602976885060775e-05,4.749887165366089e-05,1.1692174810639625e-07,1.998771724193089e-07,8.295542431291264e-08,67.15000067299853,5.5704567984409624e-06,2.3759919039427885e-06,-0.10822472787082374,-0.10116699845931935,-63.00577606420305
I2,1,N9,4.895970356262849e-05,4.886286891265856e-05,1.1872733197964554e-07,1.9465377300989267e-07,7.592644103024714e-08,67.15000022382397,5.098460532175252e-06,2.3503582874215365e-06,-0.10481564725175706,-0.09371464606856705,-61.32897044277631
I2,2,N9,4.886286891265856e-05,4.87660342494075e-05,1.1872731789690811e-07,1.9465377310320698e-07,7.592645520629887e-08,67.15000023829228,5.098461485195657e-06,2.3503581825008634e-06,-0.1048124826286313,-0.09372146189247237,-61.33021654232373
I2,3,N9,4.87660342494075e-05,4.866919738587542e-05,1.187268104045047e-07,1.9465538795417422e-07,7.592857754966952e-08,67.15000032128313,5.098604006854879e-06,2.3503664876900918e-06,-0.10468506400474195,-0.09383672218938074,-61.336526218133045
I2,4,N9,4.866919738587542e-05,4.857235693782836e-05,1.1872602301399313e-07,1.9465805323051224e-07,7.59320302165191e-08,67.15000030745892,5.0988358523852384e-06,2.3503805718337903e-06,-0.10439928474738579,-0.09409084193188207,-61.34784420577445
I2,5,N9,4.857235693782836e-05,4.847551302376865e-05,1.187253544450456e-07,1.946607116877765e-07,7.593535724273089e-08,67.1500003358842,5.099059264354867e-06,2.3503954959961656e-06,-0.10388898457904773,-0.09454421179118816,-61.36400099152665
I2,6,N9,4.847551302376865e-05,4.837866827831508e-05,1.1872546351152542e-07,1.9466158542513508e-07,7.593612191360966e-08,67.15000040876527,5.099110617538937e-06,2.3504028670249535e-06,-0.10304678319764823,-0.09530112017183963,-61.38459553774678
I2,7,N9,4.837866827831508e-05,4.828182913274203e-05,1.1872731588519523e-07,1.9465796679413066e-07,7.593065090893543e-08,67.15000065551232,5.098743258308491e-06,2.3503896200949444e-06,-0.10171875582018812,-0.09653186186218395,-61.40880201827499
I2,8,N9,4.828182913274203e-05,4.8185006992474715e-05,1.1873208962649292e-07,1.946462320836199e-07,7.591414245712697e-08,67.15000067517151,5.0976347172511425e-06,2.350337412825846e-06,-0.09973030914628989,-0.09850076242982363,-61.435126043546326
I2,9,N9,4.8185006992474715e-05,4.808821766592502e-05,1.1874064052491542e-07,1.9462300985182865e-07,7.588236932691323e-08,67.15000055356913,5.0955011423083605e-06,2.3502273778255806e-06,-0.0970098699612041,-0.10155833600285205,-61.46130300023464
I2,10,N9,4.808821766592502e-05,4.820440565759951e-05,2.4371807882536625e-07,1.0476847377926431e-07,-1.3894960504610195e-07,60.00000065153301,-8.33697639329637e-06,2.613649144534729e-06,-0.09467544805354829,-0.10443942037816899,-61.484863486840254
I2,11,N9,4.820440565759951e-05,4.836541090689278e-05,2.8395883666132317e-07,9.807428762513926e-08,-1.858845490361839e-07,58.930995341529325,-1.0954361493313633e-05,2.865248432148468e-06,-0.09423696074556244,-0.10562633896174262,-61.503778976836045
I2,12,N9,4.836541090689278e-05,4.861399346155842e-05,3.634901772327337e-07,8.577901914585668e-08,-2.7771115808687703e-07,57.47016050576257,-1.5960104829494026e-05,3.369518972839428e-06,-0.09113085469032063,-2.2882947421573667,-61.516578477968224
I2,13,N9,4.861399346155842e-05,4.886364000938236e-05,3.6511738647410406e-07,8.620871305720432e-08,-2.789086734168997e-07,57.44849273941042,-1.6022882899749357e-05,3.384945746484813e-06,-0.09064587602810471,-2.0244353191509963,-61.52330229677912
I2,14,N9,4.886364000938236e-05,4.9115494795473284e-05,3.6760350726105365e-07,8.631988251627699e-08,-2.8128362474477665e-07,57.41557645816894,-1.6150061462964624e-05,3.40442542332998e-06,-0.09076063358715698,-1.889626412652161,-61.522897143984906
I2,15,N9,4.9115494795473284e-05,4.936040896368521e-05,3.645605894994685e-07,9.015041277176634e-08,-2.7441017672770214e-07,57.454745683064836,-1.5766166916735002e-05,3.410332517034261e-06,-0.09217019980683626,-0.10866945123874781,-61.515380248301966
I2,16,N9,4.936040896368521e-05,4.952139166757051e-05,2.839390442951926e-07,9.80780501141977e-08,-1.8586099418099488e-07,58.93099525706674,-1.0952973366553919e-05,2.865128208070427e-06,-0.09476153121098356,-0.10471638643901153,-61.50146133361736
I2,17,N9,4.952139166757051e-05,4.9637556318015274e-05,2.436988688524691e-07,1.0477349138987061e-07,-1.3892537746259852e-07,60.00000060347474,-8.335522731593866e-06,2.613542701817548e-06,-0.09535709079091408,-0.1034039046328253,-61.48189389201406
I2,18,N9,4.9637556318015274e-05,4.9540753057963816e-05,1.1873731567675561e-07,1.946331387233093e-07,7.589582304655369e-08,67.15000065278132,5.0964045671194555e-06,2.350278408000487e-06,-0.0974530602702724,-0.10099994888251823,-61.45830923177258
I2,19,N9,4.9540753057963816e-05,4.944392308656629e-05,1.1873018183586741e-07,1.9465189061375535e-07,7.592170877788794e-08,67.1500007007578,5.098142797637904e-06,2.350365543372171e-06,-0.09994498860596895,-0.09826572327335345,-61.432591950539965
I2,20,N9,4.944392308656629e-05,4.934707940263537e-05,1.1872623099370028e-07,1.9466126422799568e-07,7.59350332342954e-08,67.15000071940797,5.0990375363112046e-06,2.3504062141627195e-06,-0.1017857788306117,-0.09645549264667738,-61.40708385883247
I2,21,N9,4.934707940263537e-05,4.925023169809155e-05,1.1872478871523897e-07,1.9466376394728262e-07,7.593897523204365e-08,67.15000084493028,5.099302250994871e-06,2.350414144968912e-06,-0.10303118351070431,-0.09530326072854664,-61.38383082705268
I2,22,N9,4.925023169809155e-05,4.9153385442661175e-05,1.1872484598256057e-07,1.9466245774876467e-07,7.593761176620411e-08,67.15000068982766,5.099210682484471e-06,2.350404777984939e-06,-0.10383037811213787,-0.0945850989665519,-61.364187798672276
I2,23,N9,4.9153385442661175e-05,4.905654276865263e-05,1.1872555184115119e-07,1.946597239378307e-07,7.59341720966795e-08,67.15000066765563,5.098979706989907e-06,2.350389568342364e-06,-0.10431841480566106,-0.09415118599598747,-61.34891580958471
I2,24,N9,4.905654276865263e-05,4.895970356262849e-05,1.1872631847388107e-07,1.946571495482807e-07,7.593083107439963e-08,67.15000065598777,5.098755356455631e-06,2.3503760101662133e-06,-0.10459131774696025,-0.09390777657281295,-61.3383934622925
I3,1,N3,6.358699139885331e-05,6.346664709879273e-05,1.523681051713901e-07,2.4613135232493923e-07,9.376324715354914e-08,67.1500002222825,6.296202067202753e-06,2.98874593122247e-06,-0.07678375226480327,-0.07691651194398554,-64.43227673316575
I3,2,N3,6.346664709879273e-05,6.334630205642515e-05,1.523679677500613e-07,2.461319267300118e-07,9.37639589799505e-08,67.15000023813197,6.296249867831872e-06,2.988749208600548e-06,-0.07679147850154856,-0.07690100343161645,-64.43224051331485
I3,3,N3,6.334630205642515e-05,6.322595074452096e-05,1.5236640418342907e-07,2.461364251818087e-07,9.377002099837962e-08,67.1500003210847,6.296656940149311e-06,2.9887712202392833e-06,-0.07679775074186708,-0.07689173977990468,-64.43188377468871
I3,4,N3,6.322595074452096e-05,6.31055873972491e-05,1.5236337968145947e-07,2.461450405318686e-07,9.378166085040911e-08,67.15000030726806,6.2974385549210805e-06,2.9888131515999602e-06,-0.07680593963064702,-0.07688153070682724,-64.43121168659063
I3,5,N3,6.31055873972491e-05,6.298520618059248e-05,1.523588823292371e-07,2.461578261637127e-07,9.379894383447561e-08,67.15000033567712,6.298599109971197e-06,2.9888753136971234e-06,-0.07681674228234577,-0.07686888172885367,-64.43023366344573
I3,6,N3,6.298520618059248e-05,6.286480132468423e-05,1.5235293245784085e-07,2.4617473984470215e-07,9.38218073868613e-08,67.15000040850047,6.300134404353989e-06,2.9889575422690723e-06,-0.07682830993740396,-0.07685544245001895,-64.42896324292923
I3,7,N3,6.286480132468423e-05,6.274436696674086e-05,1.5234550337659228e-07,2.4619584516121486e-07,9.385034178462258e-08,67.15000064931739,6.302050511776066e-06,2.9890601140335538e-06,-0.07684271347145352,-0.0768393557421157,-64.42741789512655
I3,8,N3,6.274436696674086e-05,6.26238975399212e-05,1.5233665857336798e-07,2.4622092073269704e-07,9.388426215932906e-08,67.15000066875635,6.304328266784643e-06,2.9891818447954875e-06,-0.07685428101811449,-0.07682874228445458,-64.4256187523321
I3,9,N3,6.26238975399212e-05,6.250338663870693e-05,1.5232623625971832e-07,2.462506098187508e-07,9.392437355903247e-08,67.15000055193984,6.307021736329634e-06,2.989326345588518e-06,-0.07687713473900298,-0.07680098569458496,-64.42359026189605
I3,10,N3,6.250338663870693e-05,6.265063067899925e-05,3.1034109065113323e-07,1.3406816644146868e-07,-1.7627292420966455e-07,60.00000065153301,-1.0576375567427501e-05,3.3330694281945143e-06,-0.07729917821376003,-0.07645881003439814,-64.42135978816302
I3,11,N3,6.265063067899925e-05,6.285354597291293e-05,3.6039749825939436e-07,1.2581409153186292e-07,-2.3458340672753144e-07,58.930995341529325,-1.3824233649060235e-05,3.6465869234344297e-06,-0.07773811774798361,-0.07611405431190613,-64.41927144699997
I3,12,N3,6.285354597291293e-05,6.315794450899827e-05,4.5782109523568105e-07,1.1617820047572996e-07,-3.416428947599511e-07,57.47016050625419,-1.9634271997675697e-05,4.304994717835582e-06,-0.07813053212978988,-0.07601045531490412,-64.41771571818605
I3,13,N3,6.315794450899827e-05,6.346436068445405e-05,4.598138624947714e-07,1.1603554544960354e-07,-3.4377831704516783e-07,57.448492741058764,-1.974954615130272e-05,4.318870559582812e-06,-0.07813738426121059,-0.07582675881833667,-64.41692133421499
I3,14,N3,6.346436068445405e-05,6.377392294190965e-05,4.629207389574453e-07,1.1581273473922562e-07,-3.4710800421821967e-07,57.41557646033506,-1.9929406156185495e-05,4.340501052725032e-06,-0.07815234741667236,-0.07597263327729865,-64.41690547449315
I3,15,N3,6.377392294190965e-05,6.40797769582024e-05,4.5925746801932434e-07,1.1607427145184464e-07,-3.431831965674797e-07,57.45474568410289,-1.9717503281842038e-05,4.314988046033768e-06,-0.07813458860948515,-0.07598682829651096,-64.41767232565144
I3,16,N3,6.40797769582024e-05,6.428268986838607e-05,3.6039550733986147e-07,1.2581457846651205e-07,-2.3458092887334942e-07,58.93099525706674,-1.3824087606833665e-05,3.6465756435478014e-06,-0.07774315479136452,-0.07608544480437485,-64.41920265847311
I3,17,N3,6.428268986838607e-05,6.442993163280996e-05,3.1033942000410014e-07,1.3406883300714394e-07,-1.762705869969562e-07,60.00000060347474,-1.0576235326192218e-05,3.3330618975843304e-06,-0.07729824244974175,-0.07642800409633492,-64.42126605232758
I3,18,N3,6.442993163280996e-05,6.430941871900242e-05,1.523257139172396e-07,2.4625203598389287e-07,9.392632206665328e-08,67.15000064971885,6.30715258780147e-06,2.9893331242584935e-06,-0.07687434301377648,-0.07680631248906639,-64.42347225445535
I3,19,N3,6.430941871900242e-05,6.418894660536113e-05,1.5233598031525796e-07,2.462228413785328e-07,9.388686106327484e-08,67.15000069063406,6.304502785240369e-06,2.989191162703431e-06,-0.07685541736912666,-0.0768277274275935,-64.42547738733501
I3,20,N3,6.418894660536113e-05,6.406850992333402e-05,1.5234485112455542e-07,2.4619744906818534e-07,9.385259794362992e-08,67.15000070759545,6.30220201832442e-06,2.9890672514455556e-06,-0.07683144255130732,-0.07686126617415003,-64.42725431305735
I3,21,N3,6.406850992333402e-05,6.394810156791759e-05,1.5235204737395186e-07,2.461772399659103e-07,9.382519259195844e-08,67.15000082933403,6.3003617603624344e-06,2.988969655048966e-06,-0.0768274829168582,-0.07685689019509089,-64.42877882473552
I3,22,N3,6.394810156791759e-05,6.382771630695881e-05,1.5235786915150184e-07,2.4616072398957176e-07,9.380285483806992e-08,67.15000068107429,6.2988617662631074e-06,2.988889448558052e-06,-0.07681740857799293,-0.07686739661938971,-64.43003003638879
I3,23,N3,6.382771630695881e-05,6.370734820623874e-05,1.5236220218379216e-07,2.4614845815840097e-07,9.37862559746088e-08,67.15000066253936,6.297747150832067e-06,2.9888299525664485e-06,-0.07681119789234987,-0.07687284223497347,-64.4309907331253
I3,24,N3,6.370734820623874e-05,6.358699139885331e-05,1.5236505667298757e-07,2.461403884037353e-07,9.37753317307477e-08,67.15000065257186,6.297013586914851e-06,2.988790838075421e-06,-0.07680819096456773,-0.07687483353802728,-64.4316476337266
I3,1,N8,60.39036729162606,60.39036661254023,1.0164628343541279e-07,7.24676246691102e-07,6.230299632556891e-07,67.15000023257245,4.183646217751913e-05,6.197418975948861e-06,-5.536401725619168e-08,-5.536401838771947e-08,-13.693357825126995
I3,2,N8,60.39036661254023,21.939512134658266,1.1273059269577872e-07,35.98999989006033,35.98999977732974,67.15000024226327,2416.7284937667473,269.9250000209319,-5.536401727632265e-08,-0.05028552740023535,-13.693357889098289
I3,3,N8,21.939512134658266,21.93951143144479,1.0519367560685717e-07,7.503675746210503e-07,6.451738990141932e-07,67.15000032692167,4.3323427529724396e-05,6.416709376709306e-06,-5.536401726263435e-08,-5.536401843437925e-08,-13.693357820245605
I3,4,N8,21.93951143144479,21.93951125695195,1.2967275928566207e-07,2.769310823228757e-07,1.4725832303721364e-07,67.15000031249826,9.888396437966867e-06,3.0495288120640337e-06,-5.5364017307092484e-08,-5.536401757453852e-08,-13.693357751392917
I3,5,N8,21.93951125695195,21.939511027808013,1.2345563289044673e-07,3.2263770914298433e-07,1.991820762525376e-07,67.15000034470053,1.3375076489016067e-05,3.345700065250733e-06,-5.536401729580115e-08,-5.5364017657549474e-08,-13.693357682540228
I3,6,N8,21.939511027808013,21.93951076824761,1.2225443243771927e-07,3.500551567495924e-07,2.2780072431187313e-07,67.1500004174973,1.5296818732648468e-05,3.5423219189048375e-06,-5.5364017293619565e-08,-5.5364017707344185e-08,-13.693357613687537
I3,7,N8,21.93951076824761,21.939510561129843,1.2817256029396872e-07,3.0615369958121383e-07,1.779811392872451e-07,67.15000068452548,1.1951433624971135e-05,3.2574469490638696e-06,-5.5364017304367897e-08,-5.536401762761171e-08,-13.693357544834845
I3,8,N8,21.939510561129843,1.9752204088706767e-06,1.7371274683135416e-08,20.535380051630135,20.53538003425886,67.15000070291292,1378.9507837350664,154.01535051751057,-5.536401710313405e-08,-35.48888897828489,-13.69335747598215
I3,9,N8,1.9752204088706767e-06,7.958071866499932e-07,1.0194226500046924e-07,1.193241986596411e-06,1.0912997215959419e-06,67.15000056062844,7.328077691698116e-05,9.713881886976602e-06,-5.5364017238579165e-08,-5.536401926094622e-08,-12.507094685797217
I3,10,N8,7.958071866499932e-07,8.405368954643398e-07,2.212142187211284e-07,1.519378847144773e-07,-6.92763340066511e-08,60.00000065104963,-4.1565800855013976e-06,2.7986407757670425e-06,-5.536401735307502e-08,-5.5364017485912574e-08,-9.637409246977773
I3,11,N8,8.405368954643398e-07,3.314385862610076e-06,2.7319038921604363e-06,7.788743905778038e-08,-2.654016453102656e-06,58.51971394534382,-0.00015531228364180344,2.1073434984136624e-05,-5.5364022248851417e-08,-5.5364017512144384e-08,-6.785828785322421
I3,12,N8,3.314385862610076e-06,5.396415224101794e-06,2.2357310214479917e-06,9.935522610252007e-09,-2.2257954988377396e-06,56.49684800386153,-0.00012575042998551493,1.6842499080436828e-05,-5.5364021390128766e-08,-5.5364017379808535e-08,-5.915980744443687
I3,13,N8,5.396415224101794e-06,33.68627957259802,35.98960927950286,1.0242824636958916e-07,-35.98960917707461,56.46684396185452,-2032.2196456499996,269.92207036448326,-0.014269988340101979,-5.5364017307574896e-08,-5.3654640972087915
I3,14,N8,33.68627957259802,49.559693100183445,16.95877530476841,1.4758642324185658e-07,-16.958775157181986,56.42126369044466,-956.8355250103269,127.19081589266123,-1.1361061797711975e-07,-5.536401738998368e-08,-5.365464074841391
I3,15,N8,49.559693100183445,83.2462716276583,35.9899344371142,9.890153766413852e-08,-35.98993433821266,56.475502641321285,-2032.5496317787088,269.924509020118,-0.02365848337085128,-5.536401730114461e-08,-5.365464097207875
I3,16,N8,83.2462716276583,83.24627334091736,1.929248648379588e-06,8.659655016630519e-08,-1.842652098213283e-06,58.51971384197359,-0.00010783147349775353,1.51188389890942e-05,-5.536402055397752e-08,-5.536401752001691e-08,-6.33816163408465
I3,17,N8,83.24627334091736,83.24627414327273,9.471478728068435e-07,7.878782809714986e-08,-8.683600447096936e-07,60.00000060054072,-5.210160320406718e-05,7.694517756779949e-06,-5.5364018682486194e-08,-5.5364017412433995e-08,-7.907986346823929
I3,18,N8,83.24627414327273,83.24627421881343,2.6906769477127285e-07,1.6502304444076626e-07,-1.040446503305066e-07,67.15000068202566,-6.986598340654639e-06,3.2556805440902935e-06,-5.536401752622615e-08,-5.53640174126953e-08,-10.67987879284749
I3,19,N8,83.24627421881343,60.3912160369122,1.3034473261392345e-07,21.39233457245404,21.392334442109306,69.89326792236525,1495.1801626471877,160.4425102709908,-5.5364017308312946e-08,-1.5115227448002063e-07,-13.693357377323604
I3,20,N8,60.3912160369122,60.39036257488863,5.822894286269671e-09,0.0007988455554827757,0.0007988397325884894,67.1500008692822,0.05364208873773422,0.005991385337827965,-5.5364017082160245e-08,-5.5365965543107884e-08,-13.693357441299272
I3,21,N8,60.39036257488863,60.3903630122679,6.141193294359113e-07,1.286404905926257e-07,-4.854788388432856e-07,67.15000113741209,-3.259990458051613e-05,5.570698650214027e-06,-5.53640181869291e-08,-5.5364017305217696e-08,-13.693357505270546
I3,22,N8,60.3903630122679,60.390364451747196,1.615544933818141e-06,6.801983109898788e-08,-1.547525102719153e-06,67.15000074258722,-0.0001039163117967635,1.2626735736878467e-05,-5.5364020005685495e-08,-5.5364017195120347e-08,-13.693357569241822
I3,23,N8,60.390364451747196,60.390365833992256,1.555605326777002e-06,6.907823352561065e-08,-1.4865270932513913e-06,67.15000069292606,-9.982029534188428e-05,1.2185126702269595e-05,-5.536401989682518e-08,-5.536401719704261e-08,-13.693357633213108
I3,24,N8,60.390365833992256,60.39036729162606,1.6355332271362143e-06,6.853887517451645e-08,-1.5669943519616978e-06,67.15000067299853,-0.00010522367178881291,1.2780540767330481e-05,-5.536402004198755e-08,-5.536401719606305e-08,-13.693357697184398
I1,1,N1,6.457268724161814e-05,6.44706476946083e-05,1.5731042308995884e-07,2.3332804842862511e-07,7.601762533866627e-08,67.150000153276,5.104583553143117e-06,2.92978853638938e-06,-0.07430211021259578,-0.07450035273419932,-64.85905239321757
I1,2,N1,6.44706476946083e-05,6.436861059910058e-05,1.5731111984605e-07,2.33326364247879e-07,7.601524440182901e-08,67.15000015590726,5.104423673434147e-06,2.9297811307044674e-06,-0.07430254739209276,-0.07449993906920913,-64.85911547431786
I1,3,N1,6.436861059910058e-05,6.426657144539746e-05,1.5731053461698844e-07,2.3332777800193396e-07,7.601724338494552e-08,67.1500002274648,5.104557910590339e-06,2.929787344641918e-06,-0.07430222706698582,-0.07450024121158894,-64.85906252108869
I1,4,N1,6.426657144539746e-05,6.416452570605747e-05,1.5730866136305554e-07,2.3333230100776228e-07,7.602363964470675e-08,67.15000020357945,5.104987417618909e-06,2.929807217781134e-06,-0.07430217412009438,-0.07450029912349578,-64.85889354131855
I1,5,N1,6.416452570605747e-05,6.40624688674356e-05,1.5730550504369496e-07,2.3333992469682186e-07,7.60344196531269e-08,67.15000024371248,5.105711298238009e-06,2.9298407230538763e-06,-0.07430153234459642,-0.0745009149367848,-64.85860854123445
I1,6,N1,6.40624688674356e-05,6.396039634975905e-05,1.573010442935166e-07,2.3335069224661786e-07,7.604964795310126e-08,67.15000033883337,5.106733885818908e-06,2.9298880240510086e-06,-0.0743021753795553,-0.07450033366499259,-64.8582075252561
I1,7,N1,6.396039634975905e-05,6.385830361772033e-05,1.5729529404172822e-07,2.3336457511702014e-07,7.606928107529192e-08,67.15000061375801,5.1080522708939824e-06,2.9299490186906125e-06,-0.07430301988157649,-0.07449957164172911,-64.85769049288679
I1,8,N1,6.385830361772033e-05,6.375618617380524e-05,1.5728826736393182e-07,2.3338154938899278e-07,7.609328202506096e-08,67.1500006398919,5.109663936674319e-06,2.930023625646935e-06,-0.0743028073032684,-0.07449980743481038,-64.8570574340826
I1,9,N1,6.375618617380524e-05,6.365403948087916e-05,1.5727995195752162e-07,2.3340164136899027e-07,7.612168941146866e-08,67.15000052522626,5.11157148396123e-06,2.9301119499488393e-06,-0.07430267712130545,-0.07449997546023218,-64.85630832381456
I1,10,N1,6.365403948087916e-05,6.382434163597953e-05,3.3023282735869394e-07,1.2991284194369403e-07,-2.003199854149999e-07,60.000000645390415,-1.2019199254184593e-05,3.45109251976791e-06,-0.07477062532279438,-0.07422795092357372,-64.85544311742035
I1,11,N1,6.382434163597953e-05,6.39946085714432e-05,3.302019947510399e-07,1.299187951994307e-07,-2.002831995516092e-07,60.000000583332344,-1.201699208992822e-05,3.450905924628529e-06,-0.07477049522596955,-0.07422798251714278,-64.85477155185303
I1,12,N1,6.39946085714432e-05,6.41648504403745e-05,3.3018005141734984e-07,1.299230330068343e-07,-2.0025701841051555e-07,60.000000574352185,-1.201542121964899e-05,3.450773133181381e-06,-0.07477040996208123,-0.0742279972412159,-64.85429355143125
I1,13,N1,6.41648504403745e-05,6.433507739406616e-05,3.3016699493427903e-07,1.2992555493855106e-07,-2.0024143999572797e-07,60.00000055667234,-1.201448651121255e-05,3.4506941240462257e-06,-0.07477036219577243,-0.07422800243655832,-64.8540090673781
I1,14,N1,6.433507739406616e-05,6.450529957933693e-05,3.301628208170882e-07,1.299263612531142e-07,-2.00236459563974e-07,60.00000055182205,-1.2014187684333334e-05,3.450668865526518e-06,-0.07477035055618149,-0.07422799979729831,-64.85391807535225
I1,15,N1,6.450529957933693e-05,6.467552714391774e-05,3.301675297300505e-07,1.299254516787502e-07,-2.0024207805130028e-07,60.000000525815096,-1.2014524788368323e-05,3.4506973605660048e-06,-0.0747703726837998,-0.07422799174822137,-64.85402057274337
I1,16,N1,6.467552714391774e-05,6.484577023200949e-05,3.3018111868363213e-07,1.299228269003645e-07,-2.0025829178326763e-07,60.00000056189311,-1.2015497619519812e-05,3.4507795918799747e-06,-0.07477043143763627,-0.0742279755034034,-64.85431657734952
I1,17,N1,6.484577023200949e-05,6.501603899392589e-05,3.3020359364712374e-07,1.2991848642612187e-07,-2.0028510722100187e-07,60.000000607582,-1.201710655494974e-05,3.4509156005493416e-06,-0.07477053101299518,-0.07422794694079668,-64.85480612766675
I1,18,N1,6.501603899392589e-05,6.491386030850211e-05,1.572708575872302e-07,2.3342361880540107e-07,7.615276121817087e-08,67.15000057027537,5.113657959228218e-06,2.9302085729447345e-06,-0.07430308006733277,-0.07449964580896035,-64.85548928379933
I1,19,N1,6.491386030850211e-05,6.508311559766633e-05,3.292953042084808e-07,1.3007134817812483e-07,-1.9922395603035595e-07,60.0196831907728,-1.1957358724954415e-05,3.445249892899542e-06,-0.07476586736041096,-0.07423020257975517,-64.85605635283231
I1,20,N1,6.508311559766633e-05,6.498098888744871e-05,1.5728563939367872e-07,2.333879202939342e-07,7.610228090025548e-08,67.15000041987783,5.110268194405816e-06,2.930051697657097e-06,-0.07429861376387326,-0.07450375704942364,-64.85681588572422
I1,21,N1,6.498098888744871e-05,6.487888712093881e-05,1.5729272437847948e-07,2.3337078011035167e-07,7.607805573187219e-08,67.15000079224244,5.108641502667482e-06,2.9299762836662337e-06,-0.07430316480851479,-0.07449944666687222,-64.85745938106707
I1,22,N1,6.487888712093881e-05,6.47768059483543e-05,1.572985810389849e-07,2.333566351930448e-07,7.60580541540599e-08,67.15000063521126,5.107298384758055e-06,2.929914121740223e-06,-0.07430316567740826,-0.0744994162976709,-64.85798686532094
I1,23,N1,6.47768059483543e-05,6.467474083239236e-05,1.5730314780375474e-07,2.333456071186431e-07,7.604245931488835e-08,67.1500006040879,5.106251188931082e-06,2.929865661917984e-06,-0.07430315671632128,-0.07449940351481746,-64.85839834764954
I1,24,N1,6.467474083239236e-05,6.457268724161814e-05,1.5730642604882978e-07,2.33337691600352e-07,7.603126555152222e-08,67.15000058648344,5.105499526375795e-06,2.9298308823688633e-06,-0.07430314147559851,-0.07449940453619705,-64.85869382148702
I1,1,N2,6.443022542143688e-05,6.436605492606168e-05,1.6954492645800868e-07,2.0860121556133762e-07,3.905628910332893e-08,67.15000023962108,2.622629822647248e-06,2.8360960651450974e-06,-0.07443814059971822,-0.07430850292539022,-65.89581543527346
I1,2,N2,6.436605492606168e-05,6.430188233311409e-05,1.6954416126663554e-07,2.0860250850800107e-07,3.9058347241365525e-08,67.15000024819453,2.622768026951763e-06,2.836100023309775e-06,-0.07443809444756695,-0.07430864653340098,-65.89578331733689
I1,3,N2,6.430188233311409e-05,6.423770510059444e-05,1.69542470621988e-07,2.0860536998042904e-07,3.906289935844104e-08,67.15000033118996,2.6230737048565555e-06,2.836108804518128e-06,-0.07443478249082426,-0.07431234532867172,-65.89583615340587
I1,4,N2,6.423770510059444e-05,6.417352066864505e-05,1.6953984694882745e-07,2.0860981005710242e-07,3.906996310827497e-08,67.15000031617828,2.623548035073738e-06,2.836122427544474e-06,-0.07442927376742692,-0.07431859977879092,-65.8959693596579
I1,5,N2,6.417352066864505e-05,6.410932649206586e-05,1.695362966894199e-07,2.086158206625335e-07,3.907952397311361e-08,67.15000034898027,2.6241900484325616e-06,2.8361408801396506e-06,-0.07442078442452126,-0.07432812550735161,-65.89617456669983
I1,6,N2,6.410932649206586e-05,6.404511996539329e-05,1.6953179506989405e-07,2.0862343649907496e-07,3.909164142918091e-08,67.15000042581995,2.625003738615499e-06,2.8361642367672678e-06,-0.07441131172224681,-0.07433904551366102,-65.89643974085688
I1,7,N2,6.404511996539329e-05,6.39808985225143e-05,1.6952635855482424e-07,2.086326351591959e-07,3.910627660437167e-08,67.15000070015608,2.625986501364055e-06,2.836192452855151e-06,-0.07439993253606927,-0.07435218875595692,-65.89674936603487
I1,8,N2,6.39808985225143e-05,6.391665963520684e-05,1.6952000319180824e-07,2.0864339523610729e-07,3.912339204429905e-08,67.15000073577019,2.6271358045605068e-06,2.8362254882093664e-06,-0.07438560048646188,-0.07436848946674653,-65.89708469269551
I1,9,N2,6.391665963520684e-05,6.385240073754362e-05,1.6951271371665807e-07,2.0865573864908488e-07,3.9143024932426815e-08,67.15000060936744,2.6284541480649454e-06,2.836263392743072e-06,-0.07436971808626686,-0.07438659543886014,-65.89742404994902
I1,10,N2,6.385240073754362e-05,6.408308035190378e-05,3.849816663484953e-07,1.2136477892015105e-07,-2.6361688742834425e-07,60.00000069945572,-1.5817013430088995e-05,3.797598339514848e-06,-0.07495181672259717,-0.07418072782979218,-65.89774319106745
I1,11,N2,6.408308035190378e-05,6.425597735926284e-05,3.3149076261498803e-07,1.2858613227585437e-07,-2.0290463033913366e-07,61.003723045774166,-1.2377937873913695e-05,3.450576711681318e-06,-0.07446623605252774,-0.07450143539877115,-65.89835238772046
I1,12,N2,6.425597735926284e-05,6.436832629077526e-05,2.793001440647488e-07,1.3953513911893741e-07,-1.3976500494581138e-07,62.37534655392117,-8.717890619605491e-06,3.1412646238776464e-06,-0.07424073630625094,-0.07461391937612091,-65.89889160604258
I1,13,N2,6.436832629077526e-05,6.447979026128799e-05,2.785763386582503e-07,1.397293395932267e-07,-1.3884699906502362e-07,62.395691011665065,-8.663454451558162e-06,3.137292586886078e-06,-0.07423041986560165,-0.07462434247871906,-65.89920616568638
I1,14,N2,6.447979026128799e-05,6.4589921758411e-05,2.774887886494314e-07,1.4002373647346347e-07,-1.3746505217596794e-07,62.42659715445675,-8.58147543500553e-06,3.131343938421712e-06,-0.07422756201201851,-0.0746253063879353,-65.89928164959252
I1,15,N2,6.4589921758411e-05,6.470165121601897e-05,2.787930714372751e-07,1.3967072239286214e-07,-1.3912234904441294e-07,62.389819847116925,-8.679818293588644e-06,3.1384784537260294e-06,-0.07423923665652103,-0.07461459333617898,-65.89911649432746
I1,16,N2,6.470165121601897e-05,6.487456640746264e-05,3.3150675770272095e-07,1.2858312520505054e-07,-2.029236324976704e-07,61.00372306572998,-1.237909708037985e-05,3.450674121808286e-06,-0.07446597603174773,-0.07450178088003322,-65.89872573721316
I1,17,N2,6.487456640746264e-05,6.510527805915575e-05,3.8501158249821673e-07,1.213610013956147e-07,-2.6365058110260205e-07,60.00000065511939,-1.5819035038878732e-05,3.7977943792037355e-06,-0.07495151668121659,-0.07418118742044803,-65.89826457830668
I1,18,N2,6.510527805915575e-05,6.504104094027224e-05,1.695206468092586e-07,2.0864230386196517e-07,3.912165705270657e-08,67.15000072962046,2.6270192996332073e-06,2.8362221300341783e-06,-0.0743696343861893,-0.0743867645043782,-65.89809285862013
I1,19,N2,6.504104094027224e-05,6.475113896934152e-05,1.2211547239868374e-07,3.783331216977428e-07,2.56217649299059e-07,71.85274453873865,1.8409941301401418e-05,3.753364455723199e-06,-0.0742596091637196,-0.07480354302705461,-65.89790012405626
I1,20,N2,6.475113896934152e-05,6.468693987857689e-05,1.6953449840329769e-07,2.0861884486884123e-07,3.908434646554354e-08,67.15000099474075,2.624513904040041e-06,2.836150074541042e-06,-0.0744018062355805,-0.07435059818701216,-65.89745770845806
I1,21,N2,6.468693987857689e-05,6.462275157988027e-05,1.695384352092175e-07,2.0861219251308827e-07,3.907375730387078e-08,67.15000117084517,2.623802848704243e-06,2.836129707917293e-06,-0.07441137409347542,-0.07433916904631865,-65.89703977814051
I1,22,N2,6.462275157988027e-05,6.45585714503894e-05,1.695414128806643e-07,2.0860715486256307e-07,3.906574198189878e-08,67.1500007616557,2.6232646038391483e-06,2.8361142580742053e-06,-0.07442132915238563,-0.07432783595184513,-65.89666484955809
I1,23,N2,6.45585714503894e-05,6.449439691788338e-05,1.6954345281924447e-07,2.0860370326676108e-07,3.906025044751661e-08,67.15000070461005,2.6228958450729854e-06,2.8361036706450417e-06,-0.07442900746171806,-0.07431909996022883,-65.89634819966116
I1,24,N2,6.449439691788338e-05,6.443022542143688e-05,1.6954455939562147e-07,2.0860183098218703e-07,3.905727158656556e-08,67.1500006811913,2.622695813643351e-06,2.836097927833564e-06,-0.07443429748634102,-0.07431308448506964,-65.8961016200947
I1,1,N3,6.451637786381255e-05,6.439597046199813e-05,1.5239108986282628e-07,2.4621055236276793e-07,9.381946249994165e-08,67.1500002222825,6.299976927725506e-06,2.9895123166919566e-06,-0.07419003212743328,-0.07469337794091892,-64.43098301115764
I1,2,N3,6.439597046199813e-05,6.427556282979356e-05,1.5239103146149694e-07,2.462107168427592e-07,9.381968538126229e-08,67.15000023813197,6.2999918956932285e-06,2.9895131122819214e-06,-0.07419080756163886,-0.07469253651573221,-64.43094834062416
I1,3,N3,6.427556282979356e-05,6.415514929966332e-05,1.5238954692498496e-07,2.462149367046966e-07,9.382538977971166e-08,67.1500003210847,6.300374953833535e-06,2.9895336272226117e-06,-0.07419350923119815,-0.07468933327013479,-64.43060527832753
I1,4,N3,6.415514929966332e-05,6.403472417117942e-05,1.5238662667521948e-07,2.4622323434457737e-07,9.383660766935789e-08,67.15000030726806,6.301128233830374e-06,2.989573957648476e-06,-0.07419926436008226,-0.07468271587157671,-64.42995869521322
I1,5,N3,6.403472417117942e-05,6.391428177666649e-05,1.5238228081322363e-07,2.4623558795544056e-07,9.385330714221693e-08,67.15000033567712,6.302249606104274e-06,2.9896340157649813e-06,-0.07420681277517083,-0.07467389075940364,-64.42901746172178
I1,6,N3,6.391428177666649e-05,6.379381636665364e-05,1.5237648600678153e-07,2.462520536566254e-07,9.387556764984387e-08,67.15000040850047,6.30374440603523e-06,2.9897140474755524e-06,-0.07421820277166964,-0.07466095792358163,-64.42779432745165
I1,7,N3,6.379381636665364e-05,6.367332222051051e-05,1.523692515011716e-07,2.462726125531387e-07,9.390336105196712e-08,67.15000064931739,6.305610755612677e-06,2.989813980407327e-06,-0.07423231776755577,-0.07464501294168446,-64.42630573394442
I1,8,N3,6.367332222051051e-05,6.355279369477224e-05,1.5236060064668194e-07,2.462972128751937e-07,9.393661222851175e-08,67.15000066875635,6.30784357396527e-06,2.989933601414067e-06,-0.0742470883879685,-0.07462805363195173,-64.42457155435098
I1,9,N3,6.355279369477224e-05,6.343222509125496e-05,1.5235051862544403e-07,2.463258928578423e-07,9.397537423239826e-08,67.15000055193984,6.310446431574296e-06,2.990073086124647e-06,-0.07426355477460216,-0.07460916524647712,-64.42261476323657
I1,10,N3,6.343222509125496e-05,6.357953330263264e-05,3.1043631007065745e-07,1.3409152365815103e-07,-1.7634478641250642e-07,60.00000065153301,-1.0580687299644833e-05,3.3339587529660636e-06,-0.07469839427654813,-0.07428416609109659,-64.42046106866295
I1,11,N3,6.357953330263264e-05,6.378254238183327e-05,3.605212862148453e-07,1.2583475863589237e-07,-2.3468652757895294e-07,58.930995341529325,-1.383031066347497e-05,3.6476703363805327e-06,-0.0751994026996028,-0.07394173053180567,-64.41844388204136
I1,12,N3,6.378254238183327e-05,6.408710201726716e-05,4.5801345943406067e-07,1.1619594099021325e-07,-3.418175184438474e-07,57.47016050625419,-1.9644307648817412e-05,4.306570503182054e-06,-0.07565580436572551,-0.07383784448611388,-64.41694132007726
I1,13,N3,6.408710201726716e-05,6.439368248949206e-05,4.6000815437286324e-07,1.1605198201095267e-07,-3.4395617236191055e-07,57.448492741058764,-1.9759763671175574e-05,4.32045102287862e-06,-0.07566840552011227,-0.07382938406937732,-64.41617422574122
I1,14,N3,6.439368248949206e-05,6.470341035357341e-05,4.6311749891728793e-07,1.1583010755129154e-07,-3.472873913659964e-07,57.41557646033506,-1.9939705772684673e-05,4.342107048514346e-06,-0.07568469342813426,-0.07382879969718084,-64.41615892810485
I1,15,N3,6.470341035357341e-05,6.500942679773644e-05,4.594510155970885e-07,1.1609180522394709e-07,-3.433592103731414e-07,57.45474568410289,-1.972761611028322e-05,4.316571156157767e-06,-0.07566037138781365,-0.07383961878856095,-64.41689946800545
I1,16,N3,6.500942679773644e-05,6.521243403881354e-05,3.6051961526328403e-07,1.2583501520552748e-07,-2.3468460005775655e-07,58.93099525706674,-1.3830197052910256e-05,3.6476597285160864e-06,-0.0751996988955839,-0.07394138081059325,-64.41837755995554
I1,17,N3,6.521243403881354e-05,6.535974025981952e-05,3.1043462711405167e-07,1.3409191221451817e-07,-1.763427148995335e-07,60.00000060347474,-1.0580563000390384e-05,3.333949044964274e-06,-0.07469880650811617,-0.07428368916984557,-64.4203707176971
I1,18,N3,6.535974025981952e-05,6.523916947699017e-05,1.5234996973470828e-07,2.463274518129594e-07,9.39774820782511e-08,67.15000064971885,6.310587982613503e-06,2.9900806616075073e-06,-0.07426448251458184,-0.07460818890887154,-64.42250104169358
I1,19,N3,6.523916947699017e-05,6.511863834171854e-05,1.52359943745378e-07,2.4629907988979924e-07,9.393913614442123e-08,67.15000069063406,6.308013056975453e-06,2.9899426772638292e-06,-0.07424794048233944,-0.07462712037391313,-64.42443534727809
I1,20,N3,6.511863834171854e-05,6.499814115557348e-05,1.5236848655631448e-07,2.462747878298133e-07,9.390630127349881e-08,67.15000070759545,6.3058081969631175e-06,2.989824557895958e-06,-0.07423298617450794,-0.07464422260727804,-64.4261481435954
I1,21,N3,6.499814115557348e-05,6.487767220214522e-05,1.523755918453344e-07,2.4625458692217174e-07,9.387899507683735e-08,67.15000082933403,6.303974597266673e-06,2.989726340756296e-06,-0.07422034207435182,-0.07465875339195274,-64.427616682392
I1,22,N3,6.487767220214522e-05,6.475722580090628e-05,1.523812689262901e-07,2.462384517408881e-07,9.385718281459798e-08,67.15000068107429,6.302509889923968e-06,2.989647905003836e-06,-0.07420978619220679,-0.07467086788960313,-64.42882132446202
I1,23,N3,6.475722580090628e-05,6.463679625230816e-05,1.5238551171184448e-07,2.462263947565427e-07,9.384088304469825e-08,67.15000066253936,6.301415358624765e-06,2.989589298512904e-06,-0.07420163865769977,-0.07468022451009915,-64.42974586716275
I1,24,N3,6.463679625230816e-05,6.451637786381255e-05,1.5238832161410323e-07,2.462184106447234e-07,9.383008903062018e-08,67.15000065257186,6.300690539637021e-06,2.9895504919412e-06,-0.07419601625607011,-0.0746866847858302,-64.43037779952333
I1,1,N4,6.457193384114127e-05,6.446989432052979e-05,1.573104093426636e-07,2.3332801167581926e-07,7.601760233315566e-08,67.1500002164652,5.104582013126568e-06,2.9297881576386214e-06,-0.07430341085027099,-0.07450164096626985,-64.85905290365132
I1,2,N4,6.446989432052979e-05,6.436785725112175e-05,1.5731110600859523e-07,2.333263276956389e-07,7.601522168704369e-08,67.15000022737911,5.104422153569257e-06,2.9297807527817563e-06,-0.07430384867882839,-0.07450122607722509,-64.85911598622516
I1,3,N4,6.436785725112175e-05,6.426581812302744e-05,1.573105206339886e-07,2.3332774178162869e-07,7.601722114764009e-08,67.15000030957577,5.104556423597122e-06,2.9297869681171295e-06,-0.0743035288151827,-0.07450152695267319,-64.85906303176104
I1,4,N4,6.426581812302744e-05,6.416377240874982e-05,1.5730864722211116e-07,2.3333226516055123e-07,7.602361793844006e-08,67.15000029464218,5.104985966966015e-06,2.9298068428699676e-06,-0.0743034765742874,-0.07450158309605598,-64.85889404804719
I1,5,N4,6.416377240874982e-05,6.406171559521749e-05,1.57305490930618e-07,2.333398888486207e-07,7.60343979180027e-08,67.15000032582344,5.1057098449676706e-06,2.9298403483442902e-06,-0.07430283530677952,-0.07450219692217425,-64.85860904131194
I1,6,N4,6.406171559521749e-05,6.395964310288735e-05,1.5730103028797232e-07,2.3335065625218466e-07,7.604962596421234e-08,67.15000040202257,5.106732414070525e-06,2.9298876490511774e-06,-0.07430347963818895,-0.07450161228398239,-64.8582080159786
I1,7,N4,6.395964310288735e-05,6.38575503962488e-05,1.5729528009345692e-07,2.333645391224469e-07,7.606925902898997e-08,67.15000065900666,5.108050793926825e-06,2.9299486441192783e-06,-0.07430432619172697,-0.07450084489354322,-64.85769097155553
I1,8,N4,6.38575503962488e-05,6.375543297723061e-05,1.572882533300003e-07,2.3338151379041888e-07,7.609326046041858e-08,67.1500006748018,5.109662491264977e-06,2.930023253403144e-06,-0.07430411758981822,-0.07450107000948042,-64.85705789800406
I1,9,N4,6.375543297723061e-05,6.365328630752498e-05,1.5727993761712936e-07,2.3340160707107813e-07,7.612166945394877e-08,67.15000055340047,5.111570145958428e-06,2.930111585161556e-06,-0.07430400386659933,-0.07450119784297594,-64.85630877029934
I1,10,N4,6.365328630752498e-05,6.382358842248884e-05,3.3023277100675647e-07,1.2991283014177015e-07,-2.0031994086498632e-07,60.00000066153302,-1.2019196584417435e-05,3.4510920086139495e-06,-0.07477188511263515,-0.07422923913019167,-64.85544354377899
I1,11,N4,6.382358842248884e-05,6.399385531660644e-05,3.302019371526129e-07,1.2991878343758243e-07,-2.0028315371503048e-07,60.000000588439086,-1.2016989340756264e-05,3.450905404426465e-06,-0.07477177711883909,-0.07422927130508433,-64.85477196258576
I1,12,N4,6.399385531660644e-05,6.416409714336718e-05,3.301799930391954e-07,1.2992302133361013e-07,-2.0025697170558524e-07,60.0000005782311,-1.2015418418129925e-05,3.4507726077960415e-06,-0.07477169877260884,-0.07422928584618459,-64.85429395103803
I1,13,N4,6.416409714336718e-05,6.43343240544765e-05,3.3016693616912135e-07,1.2992554331169677e-07,-2.0024139285742458e-07,60.00000055955023,-1.2014483683490592e-05,3.450693596106136e-06,-0.07477165383482327,-0.07422929142195674,-64.85400946035966
I1,14,N4,6.43343240544765e-05,6.450454619695254e-05,3.301627618501107e-07,1.299263496482754e-07,-2.0023641220183528e-07,60.00000055470771,-1.2014184843182798e-05,3.4506683362378957e-06,-0.07477164434716234,-0.07422928838146428,-64.85391846621037
I1,15,N4,6.450454619695254e-05,6.467477371884908e-05,3.301674708536165e-07,1.2992544004981255e-07,-2.0024203080380394e-07,60.00000052840802,-1.2014521954037732e-05,3.4506968317757177e-06,-0.07477166712136311,-0.07422928041299552,-64.85402096598042
I1,16,N4,6.467477371884908e-05,6.484501676445734e-05,3.301810599792741e-07,1.2992281523425653e-07,-2.0025824474501757e-07,60.00000056577976,-1.2015494798003115e-05,3.4507790641014796e-06,-0.07477172738023488,-0.07422926268412348,-64.85431697746803
I1,17,N4,6.484501676445734e-05,6.501528548370148e-05,3.302035347656063e-07,1.2991847478149582e-07,-2.0028505998411046e-07,60.00000062076123,-1.2017103723375827e-05,3.4509150716032658e-06,-0.07477183168454543,-0.07422922884612032,-64.85480653916858
I1,18,N4,6.501528548370148e-05,6.491310682294282e-05,1.572708432980152e-07,2.3342358320012695e-07,7.615273990211175e-08,67.15000061078752,5.113656530939947e-06,2.930208198736066e-06,-0.0743043725911734,-0.07450095244481768,-64.85548971118425
I1,19,N4,6.491310682294282e-05,6.508236206931324e-05,3.292952452017388e-07,1.3007133653755572e-07,-1.992239086641831e-07,60.019683236021336,-1.1957355891066316e-05,3.445249363044709e-06,-0.07476717192640928,-0.07423148220981621,-64.85605679342494
I1,20,N4,6.508236206931324e-05,6.49802353840946e-05,1.5728562522412385e-07,2.333878844809932e-07,7.610225925686935e-08,67.15000047100395,5.110266744943241e-06,2.930051322788378e-06,-0.07429991405182887,-0.07450505025590667,-64.85681634398783
I1,21,N4,6.49802353840946e-05,6.487813364293767e-05,1.5729271032232178e-07,2.3337074406543846e-07,7.607803374311668e-08,67.15000084687298,5.1086400302787164e-06,2.929975907908202e-06,-0.07430446584995118,-0.07450073693463234,-64.85745985431629
I1,22,N4,6.487813364293767e-05,6.477605249602161e-05,1.572985670733358e-07,2.3335659893210485e-07,7.605803185876905e-08,67.15000069382727,5.107296892087478e-06,2.929913745040805e-06,-0.07430446642498263,-0.07450070630663046,-64.8579873508662
I1,23,N4,6.477605249602161e-05,6.467398740591187e-05,1.5730313388875506e-07,2.3334557073011122e-07,7.604243684135617e-08,67.1500006672771,5.106249684638443e-06,2.929865284641497e-06,-0.07430445744534381,-0.07450069316506698,-64.85839884279693
I1,24,N4,6.467398740591187e-05,6.457193384114127e-05,1.573064121777759e-07,2.3333765510858794e-07,7.603124293081205e-08,67.15000065222196,5.105498012393276e-06,2.9298305046477286e-06,-0.07430444228678205,-0.0745006936590908,-64.8586943235383
I1,1,N5,6.423429795198598e-05,6.41847483604285e-05,1.7512818687626193e-07,1.9980752170735694e-07,2.4679334831095016e-08,67.15000024101852,1.657217339856207e-06,2.8120178143771414e-06,-0.07438868929894438,-0.0743733210299395,-66.2589979687869
I1,2,N5,6.41847483604285e-05,6.413518994079182e-05,1.75124658240163e-07,1.9981269336550701e-07,2.4688035125344025e-08,67.15000024910482,1.6578015648167598e-06,2.812030137042525e-06,-0.07438897227206774,-0.07437309181125223,-66.25874901257795
I1,3,N5,6.413518994079182e-05,6.408562079261903e-05,1.7512037138139211e-07,1.9981897957547792e-07,2.4698608194085803e-08,67.15000033145363,1.6585115484193049e-06,2.8120451321765252e-06,-0.07438763396995132,-0.07437455462411169,-66.25849866481154
I1,4,N5,6.408562079261903e-05,6.403603899862933e-05,1.7511531859696437e-07,1.9982638933588804e-07,2.4711070738923675e-08,67.15000031618474,1.6593484079319883e-06,2.8120628094963933e-06,-0.07438571123503157,-0.07437674094372067,-66.25824537528034
I1,5,N5,6.403603899862933e-05,6.398644265490566e-05,1.7510950636492908e-07,1.9983491581364505e-07,2.4725409448715975e-08,67.15000034927488,1.660311253117242e-06,2.812083166339306e-06,-0.07438237146807755,-0.07438042247993121,-66.25798628366154
I1,6,N5,6.398644265490566e-05,6.393682979867693e-05,1.75102908362509e-07,1.9984459103484794e-07,2.474168267233895e-08,67.15000042777662,1.6614040020314736e-06,2.8121062454801773e-06,-0.07437952807144248,-0.07438380777678427,-66.25771725827275
I1,7,N5,6.393682979867693e-05,6.388719850587708e-05,1.7509554222975586e-07,1.9985539422598557e-07,2.4759851996229708e-08,67.15000070399509,1.6626240789776391e-06,2.8121320234180607e-06,-0.07437615251630907,-0.07438784592726547,-66.25743295450175
I1,8,N5,6.388719850587708e-05,6.38375468880894e-05,1.7508742442707498e-07,1.9986730644012737e-07,2.477988201305239e-08,67.15000074735484,1.6639690956958328e-06,2.8121604815040177e-06,-0.07437105739276804,-0.07439362944987477,-66.25712689598248
I1,9,N5,6.38375468880894e-05,6.378787302261648e-05,1.750785397817311e-07,1.9988034647125641e-07,2.4801806689525315e-08,67.15000061993804,1.6654413345772083e-06,2.8121916468974063e-06,-0.07436547035925445,-0.07439999664898919,-66.2567915776954
I1,10,N5,6.378787302261648e-05,6.404817940773436e-05,4.1296044619884537e-07,1.1814621860268848e-07,-2.948142275961569e-07,60.00000070461329,-1.7688853863499438e-05,3.983299986011504e-06,-0.07500325487886844,-0.07419169972901161,-66.25641858211225
I1,11,N5,6.404817940773436e-05,6.428433235459133e-05,3.8977290542828244e-07,1.2043932509597794e-07,-2.6933358033230453e-07,60.34681527381367,-1.6253423819348437e-05,3.826591728931953e-06,-0.07481853587384418,-0.07430165890123289,-66.25635034849722
I1,12,N5,6.428433235459133e-05,6.449163396321896e-05,3.625814513584606e-07,1.2362185353387236e-07,-2.3895959782458825e-07,60.82075021767942,-1.4533702011406412e-05,3.646524786692497e-06,-0.07470992660412981,-0.07433783104309823,-66.25645757862027
I1,13,N5,6.449163396321896e-05,6.469849618170462e-05,3.621721097958306e-07,1.2367450020111361e-07,-2.38497609594717e-07,60.827779793304906,-1.4507280077657049e-05,3.6438495749770815e-06,-0.07470576174156666,-0.07434137284472334,-66.2566769457869
I1,14,N5,6.469849618170462e-05,6.490470370887019e-05,3.615622902456185e-07,1.2375303080805592e-07,-2.3780925943756258e-07,60.8384587413837,-1.4467948818611162e-05,3.639864907902558e-06,-0.07470409015368223,-0.0743416470798837,-66.25700328381303
I1,15,N5,6.490470370887019e-05,6.511174737049586e-05,3.62340206314e-07,1.2365193810923714e-07,-2.3868826820476285e-07,60.82575111797664,-1.4518393196603761e-05,3.6449410831742784e-06,-0.07470912435315898,-0.07433806583827898,-66.25743580804662
I1,16,N5,6.511174737049586e-05,6.534801002373019e-05,3.898758379959858e-07,1.2042681873759348e-07,-2.6944901925839233e-07,60.34681526379371,-1.6260390188196596e-05,3.827269925501844e-06,-0.07481869779779488,-0.07430184089514026,-66.25798002348915
I1,17,N5,6.534801002373019e-05,6.560848545611228e-05,4.1312176444529864e-07,1.1812932063384689e-07,-2.949924438114518e-07,60.00000065744046,-1.7699546822627073e-05,3.984383138093591e-06,-0.07500361844060782,-0.07419192161440578,-66.25869959678958
I1,18,N5,6.560848545611228e-05,6.555891100984487e-05,1.7511825240397202e-07,1.9982208216440844e-07,2.4703829760436424e-08,67.15000076500827,1.65886218731194e-06,2.8120525092628535e-06,-0.0743657575078896,-0.07439971242334936,-66.25972389873385
I1,19,N5,6.555891100984487e-05,6.44819467131052e-05,9.795638163705156e-08,1.0938577758750154e-06,9.959013942379638e-07,76.23435185253186,7.592189729876397e-05,8.938606181340502e-06,-0.07417393649754182,-0.07681340270180474,-66.26071021018123
I1,20,N5,6.44819467131052e-05,6.443241912117153e-05,1.7513696792044484e-07,1.9979462309715148e-07,2.4657655176706638e-08,67.15000116437797,1.6557615738266812e-06,2.811986932631972e-06,-0.0743811756331885,-0.07438318905675638,-66.26050335623347
I1,21,N5,6.443241912117153e-05,6.438289245824254e-05,1.7513734786442333e-07,1.9979408641616292e-07,2.465673855173959e-08,67.15000118413897,1.6557000229463185e-06,2.8119857571043966e-06,-0.07438018598103986,-0.07438322886934001,-66.26027428927625
I1,22,N5,6.438289245824254e-05,6.433336465908077e-05,1.7513689420426787e-07,1.9979475248019843e-07,2.465785827593056e-08,67.15000076740101,1.6557752021512025e-06,2.811987350133497e-06,-0.07438358554222545,-0.07437934961159212,-66.26002935978758
I1,23,N5,6.433336465908077e-05,6.428383379601978e-05,1.7513566967983333e-07,1.9979654748889648e-07,2.466087780906315e-08,67.15000070768896,1.6559779623308214e-06,2.8119916287654735e-06,-0.07438620989180304,-0.07437635595163786,-66.25977380501253
I1,24,N5,6.428383379601978e-05,6.423429795198598e-05,1.751336789267628e-07,1.9979946558866386e-07,2.4665786661901067e-08,67.1500006829724,1.6563075911927083e-06,2.8119985838657e-06,-0.07438802122309783,-0.07437429130531326,-66.25951167145023
I1,1,N8,6.450563662242163e-05,6.437573405378358e-05,1.5007451914207384e-07,2.530684901675033e-07,1.0299397102542947e-07,67.15000023257245,6.916045178311149e-06,3.0235725698218287e-06,-0.07409303434331643,-0.07473818805497998,-64.23684395943
I1,2,N8,6.437573405378358e-05,6.424582962239826e-05,1.5007407760294355e-07,2.530698468682841e-07,1.0299576926534055e-07,67.15000024226327,6.9161659311197105e-06,3.0235794335342076e-06,-0.07409453855426316,-0.07473660336468405,-64.23676100280458
I1,3,N8,6.424582962239826e-05,6.41159170134384e-05,1.500721443458125e-07,2.5307580735922844e-07,1.0300366301341595e-07,67.15000032692167,6.91669600502501e-06,3.023609637787807e-06,-0.07409864274629566,-0.07473180846215785,-64.23629045632589
I1,4,N8,6.41159170134384e-05,6.398598987701467e-05,1.5006870983932396e-07,2.5308639610801417e-07,1.0301768626869021e-07,67.15000031249826,6.917637665135396e-06,3.023663294605036e-06,-0.07410653399507793,-0.07472269331117008,-64.23543901622521
I1,5,N8,6.398598987701467e-05,6.385604188384271e-05,1.50063780410443e-07,2.5310159937141705e-07,1.0303781896097405e-07,67.15000034470053,6.918989578746598e-06,3.0237403483639504e-06,-0.07411721835245991,-0.0747102257426228,-64.23421888912284
I1,6,N8,6.385604188384271e-05,6.37260666161673e-05,1.5005733254129396e-07,2.531214793542744e-07,1.0306414681298043e-07,67.1500004174973,6.920757501520638e-06,3.023841089216763e-06,-0.07413274200403785,-0.07469250655192788,-64.2326476340816
I1,7,N8,6.37260666161673e-05,6.359605771661464e-05,1.5004938372529458e-07,2.53145994865478e-07,1.030966111401834e-07,67.15000068452548,6.922937508635572e-06,3.023965339430794e-06,-0.07415133568387064,-0.07467126846965318,-64.2307479150136
I1,8,N8,6.359605771661464e-05,6.346600886706121e-05,1.5003994599389139e-07,2.531751197074842e-07,1.031351737135928e-07,67.15000070291292,6.925526987362803e-06,3.024112992760317e-06,-0.07417162505441509,-0.07464787075263583,-64.22854715243673
I1,9,N8,6.346600886706121e-05,6.333591367668371e-05,1.500290027147189e-07,2.532089073556875e-07,1.031799046409686e-07,67.15000056062844,6.92853065448663e-06,3.0242843255280477e-06,-0.0741945500292757,-0.07462130685287756,-64.22607707665473
I1,10,N8,6.333591367668371e-05,6.347257113631595e-05,3.015128168746934e-07,1.362427905968796e-07,-1.652700262778138e-07,60.00000065104963,-9.916201684267817e-06,3.2831670560367973e-06,-0.07461846865526436,-0.07425766063223029,-64.22337322507899
I1,11,N8,6.347257113631595e-05,6.368639956037058e-05,3.7082051149493134e-07,1.2473096192354106e-07,-2.460895495713903e-07,58.51971394534382,-1.4401090045856266e-05,3.716636050638543e-06,-0.07531305610339149,-0.07378658074620419,-64.22077878231224
I1,12,N8,6.368639956037058e-05,6.406410498143507e-05,5.313003901189043e-07,1.1193787246523775e-07,-4.1936251765366654e-07,56.49684800386153,-2.3692660418395897e-05,4.824286969381065e-06,-0.07613149922973078,-0.07363892335770332,-64.21881872474293
I1,13,N8,6.406410498143507e-05,6.44454904229887e-05,5.350186609293599e-07,1.1175093547136431e-07,-4.2326772545799554e-07,56.46684396185452,-2.3900592607525712e-05,4.850771973005432e-06,-0.07613025988643073,-0.07366472080206747,-64.21783933231976
I1,14,N8,6.44454904229887e-05,6.483262368655714e-05,5.408324334798592e-07,1.1146439694190813e-07,-4.2936803653795106e-07,56.42126369044466,-2.4225487209756215e-05,4.892226228163256e-06,-0.076192935318351,-0.07362644450224573,-64.2178641610308
I1,15,N8,6.483262368655714e-05,6.521298653328593e-05,5.339847906743054e-07,1.11802314632459e-07,-4.221824760418464e-07,56.475502641321285,-2.384296754082086e-05,4.843403289800734e-06,-0.0761416331598963,-0.07363996561092055,-64.2189011276364
I1,16,N8,6.521298653328593e-05,6.542682745758277e-05,3.708319904145043e-07,1.2472931833234864e-07,-2.4610267208215565e-07,58.51971384197359,-1.4401857945992812e-05,3.7167098156013973e-06,-0.07531373537159222,-0.07378630893140534,-64.22092282175993
I1,17,N8,6.542682745758277e-05,6.556349808071137e-05,3.015237507827343e-07,1.3624004871737428e-07,-1.6528370206536004e-07,60.00000060054072,-9.917022223181196e-06,3.2832284962508147e-06,-0.0746179073153118,-0.07425737092728277,-64.22357965516481
I1,18,N8,6.556349808071137e-05,6.54334186366129e-05,1.5003271807540614e-07,2.5319742385116047e-07,1.0316470577575433e-07,67.15000068202566,6.92751006320288e-06,3.0242260644492496e-06,-0.0741953718917787,-0.07462076193381448,-64.2263468420501
I1,19,N8,6.54334186366129e-05,6.51553672079632e-05,1.248734683307972e-07,3.696572833268696e-07,2.4478381499607243e-07,69.89326792236525,1.710874076457918e-05,3.7089806374325013e-06,-0.07408889255529871,-0.07494573484604038,-64.22888142138046
I1,20,N8,6.51553672079632e-05,6.502537390969911e-05,1.500530675915319e-07,2.5313461947985784e-07,1.0308155188832594e-07,67.1500008692822,6.921926298908045e-06,3.0239076530354234e-06,-0.07415323207517642,-0.07466936480037127,-64.23098355936337
I1,21,N8,6.502537390969911e-05,6.489541057154231e-05,1.5006014972827148e-07,2.5311278145110534e-07,1.0305263172283386e-07,67.15000113741209,6.919984337401603e-06,3.023796983845326e-06,-0.07413456317627218,-0.07469059981260762,-64.23278654502612
I1,22,N8,6.489541057154231e-05,6.47654708203008e-05,1.5006572562758717e-07,2.530955891214811e-07,1.0302986349389392e-07,67.15000074258722,6.918455410123637e-06,3.023709860618012e-06,-0.07412008266965688,-0.07470726778282719,-64.2342632715415
I1,23,N8,6.47654708203008e-05,6.463554828804709e-05,1.5006979647470844e-07,2.5308303860177667e-07,1.0301324212706823e-07,67.15000069292606,6.9173392802131914e-06,3.023646263073638e-06,-0.07410891494586569,-0.0747201328384618,-64.23539139497603
I1,24,N8,6.463554828804709e-05,6.450563662242163e-05,1.5007236573851524e-07,2.530751183594772e-07,1.0300275262096196e-07,67.15000067299853,6.916634907818296e-06,3.023606130734943e-06,-0.07410122059760889,-0.07472900583931379,-64.23615367703869
I1,1,N9,6.451634117087286e-05,6.439593377563237e-05,1.5239109078190944e-07,2.4621054701476485e-07,9.38194562328554e-08,67.15000022382397,6.299976507035283e-06,2.9895122834750573e-06,-0.0741899659126351,-0.07469355798701113,-64.43098291542019
I1,2,N9,6.439593377563237e-05,6.427552615159203e-05,1.5239103282331577e-07,2.4621071039414075e-07,9.381967757082497e-08,67.15000023829228,6.299991371237402e-06,2.989513074130924e-06,-0.07419074083646914,-0.07469271701964306,-64.43094824491448
I1,3,N9,6.427552615159203e-05,6.415511261305374e-05,1.5238954353454305e-07,2.4621494160426786e-07,9.382539806972481e-08,67.15000032128313,6.300375510526539e-06,2.989533638541082e-06,-0.07419371221135485,-0.07468925966438032,-64.43060518218667
I1,4,N9,6.415511261305374e-05,6.4034687480374e-05,1.523866244792506e-07,2.4622323634801045e-07,9.383661186875986e-08,67.15000030745892,6.301128515838128e-06,2.9895739562044578e-06,-0.07419942441432774,-0.07468268276867894,-64.42995859815856
I1,5,N9,6.4034687480374e-05,6.391424506619653e-05,1.5238227411293526e-07,2.462356004913584e-07,9.385332637842314e-08,67.1500003358842,6.3022508978349634e-06,2.9896340595322024e-06,-0.07420736252952972,-0.07467349048185314,-64.42901736329581
I1,6,N9,6.391424506619653e-05,6.37937796415346e-05,1.5237648082910174e-07,2.462520628320248e-07,9.387558200292304e-08,67.15000040876527,6.303745369869359e-06,2.989714077458449e-06,-0.07421850876391742,-0.07466078757811852,-64.42779422717784
I1,7,N9,6.37937796415346e-05,6.367328551380139e-05,1.5236925582927234e-07,2.462725991132863e-07,9.390334328401398e-08,67.15000065551232,6.305609563076337e-06,2.98981391206919e-06,-0.07423203285908013,-0.07464539809135975,-64.42630563141459
I1,8,N9,6.367328551380139e-05,6.355275699676518e-05,1.523606022116926e-07,2.4629720610114855e-07,9.393660388945595e-08,67.15000067517151,6.307843014600286e-06,2.989933562346309e-06,-0.07424692487198853,-0.07462832455465435,-64.42457144927792
I1,9,N9,6.355275699676518e-05,6.343218839471445e-05,1.5235051808865937e-07,2.4632589101488547e-07,9.39753729262261e-08,67.15000055356913,6.310446344017948e-06,2.9900730682765864e-06,-0.07426356296633123,-0.07460927497573158,-64.42261465537504
I1,10,N9,6.343218839471445e-05,6.35794966030774e-05,3.1043630653195296e-07,1.3409152337970176e-07,-1.763447831522512e-07,60.00000065153301,-1.0580687104029518e-05,3.3339587243374104e-06,-0.07469844749935024,-0.0742842295683103,-64.42046095781211
I1,11,N9,6.35794966030774e-05,6.378250567795846e-05,3.6052128130894695e-07,1.2583475838097987e-07,-2.3468652292796708e-07,58.930995341529325,-1.3830310389387744e-05,3.647670297674451e-06,-0.07519945843344204,-0.07394179551472586,-64.41844376841166
I1,12,N9,6.378250567795846e-05,6.408706530271077e-05,4.580134480373914e-07,1.1619594100359997e-07,-3.418175070337914e-07,57.47016050576257,-1.964430699291162e-05,4.306570417807435e-06,-0.07565586576515912,-0.07383790789117572,-64.41694120435557
I1,13,N9,6.408706530271077e-05,6.439364581092411e-05,4.6000819366957776e-07,1.1605198275344454e-07,-3.4395621091613324e-07,57.44849273941042,-1.97597658854906e-05,4.320451323172667e-06,-0.07566795256142068,-0.07382930744611511,-64.416174108912
I1,14,N9,6.439364581092411e-05,6.470337367504109e-05,4.6311749812454874e-07,1.1583010682343392e-07,-3.472873913011148e-07,57.41557645816894,-1.9939705768207192e-05,4.34210703710987e-06,-0.07568474696279485,-0.07382886690346081,-64.41615881117787
I1,15,N9,6.470337367504109e-05,6.500939010873176e-05,4.5945100443134003e-07,1.160918052438067e-07,-3.4335919918753334e-07,57.454745683064836,-1.972761546726053e-05,4.3165710725636e-06,-0.07566042314859321,-0.073839687480091,-64.41689935201424
I1,16,N9,6.500939010873176e-05,6.521239734549074e-05,3.605196103588328e-07,1.2583501495053078e-07,-2.3468459540830204e-07,58.93099525706674,-1.3830196778913274e-05,3.647659689820227e-06,-0.0751997546003712,-0.07394144580965091,-64.41837744590137
I1,17,N9,6.521239734549074e-05,6.535970356348035e-05,3.1043462357376063e-07,1.340919119361982e-07,-1.7634271163756243e-07,60.00000060347474,-1.0580562804672117e-05,3.3339490163246913e-06,-0.0746988597541933,-0.07428375264826059,-64.42037060628877
I1,18,N9,6.535970356348035e-05,6.523913278052654e-05,1.523499687294336e-07,2.463274510487564e-07,9.397748231932281e-08,67.15000065278132,6.310587999089272e-06,2.990080648336425e-06,-0.07426454074702342,-0.07460825168367992,-64.4225009331703
I1,19,N9,6.523913278052654e-05,6.511860164474677e-05,1.5235994262942669e-07,2.462990793877342e-07,9.393913675830754e-08,67.1500007007578,6.308013099148934e-06,2.9899426651287067e-06,-0.07424800403964067,-0.07462717815716942,-64.424435241466
I1,20,N9,6.511860164474677e-05,6.499810446366228e-05,1.5236848706699636e-07,2.462747835405261e-07,9.390629647352975e-08,67.15000071940797,6.305807875754461e-06,2.9898245295564186e-06,-0.07423290263701394,-0.0746444184430986,-64.42614804025592
I1,21,N9,6.499810446366228e-05,6.48776355095046e-05,1.5237559066525728e-07,2.462545865710598e-07,9.387899590580253e-08,67.15000084493028,6.3039746543958455e-06,2.9897263292723783e-06,-0.0742204074209673,-0.07465880946039348,-64.42761658124672
I1,22,N9,6.48776355095046e-05,6.475718910793866e-05,1.5238126785896985e-07,2.4623845111189454e-07,9.385718325292469e-08,67.15000068982766,6.302509920179174e-06,2.989647892281483e-06,-0.074209848902449,-0.07467092641861892,-64.42882122516309
I1,23,N9,6.475718910793866e-05,6.463675955928089e-05,1.5238551071965134e-07,2.462263939431075e-07,9.384088322345616e-08,67.15000066765563,6.301415371108476e-06,2.989589284970691e-06,-0.07420169870917308,-0.07468028555840504,-64.42974576932029
I1,24,N9,6.463675955928089e-05,6.451634117087286e-05,1.5238832066352617e-07,2.46218409729958e-07,9.383008906643183e-08,67.15000065598777,6.300690542362288e-06,2.989550477951131e-06,-0.07419607456546205,-0.07468674746620989,-64.43037770271408
I4,1,N1,6.809156317286547e-05,6.798929767571386e-05,1.574259941549492e-07,2.3364078910908103e-07,7.621479495413184e-08,67.150000153276,5.117823492851851e-06,2.9330008744802267e-06,-0.06336267484590043,-0.06347564632164673,-64.85518395175217
I4,2,N1,6.798929767571386e-05,6.78870344335868e-05,1.5742663824397154e-07,2.3363924268993374e-07,7.62126044459622e-08,67.15000015590726,5.117676400428461e-06,2.93299410700429e-06,-0.06336177922843572,-0.06347625936430956,-64.85524076319265
I4,3,N1,6.78870344335868e-05,6.778476934247291e-05,1.5742611298456265e-07,2.336405131639275e-07,7.621440017936486e-08,67.1500002274648,5.1177969893804435e-06,2.9329996961136763e-06,-0.06336122956793744,-0.06347682365791155,-64.85519308824793
I4,4,N1,6.778476934247291e-05,6.768249830361475e-05,1.5742442202399744e-07,2.3364459880876556e-07,7.622017678476812e-08,67.15000020357945,5.118184886614041e-06,2.9330176562457224e-06,-0.0633612357329785,-0.0634768968547338,-64.85504093265527
I4,5,N1,6.768249830361475e-05,6.758021718323883e-05,1.5742155436904745e-07,2.3365152276837738e-07,7.622996839932993e-08,67.15000024371248,5.118842396593199e-06,2.9330480785306863e-06,-0.06336228289505594,-0.06347601761440516,-64.85478429729035
I4,6,N1,6.758021718323883e-05,6.747792185113281e-05,1.5741751166214295e-07,2.3366128314838234e-07,7.624377148623939e-08,67.15000033883337,5.119769281134909e-06,2.9330909610789397e-06,-0.06336431081121537,-0.06347421468857214,-64.85442317776834
I4,7,N1,6.747792185113281e-05,6.737560818265915e-05,1.5741229552751244e-07,2.336738761538156e-07,7.626158062630316e-08,67.15000061375801,5.120965185862413e-06,2.9331462876099605e-06,-0.06336735821369026,-0.06347150758468814,-64.85395756233513
I4,8,N1,6.737560818265915e-05,6.727327204790596e-05,1.574059020833704e-07,2.3368930332062644e-07,7.628340123725604e-08,67.1500006398919,5.1224304418948734e-06,2.933214040529976e-06,-0.06337159647292817,-0.06346804708566335,-64.85338742854749
I4,9,N1,6.727327204790596e-05,6.717090934526712e-05,1.5739833350245495e-07,2.3370754005812768e-07,7.630920655567273e-08,67.15000052522626,5.124163260293023e-06,2.93329405170437e-06,-0.06337695168016319,-0.06346476910910177,-64.85271273970832
I4,10,N1,6.717090934526712e-05,6.734158014217718e-05,3.3073996940528743e-07,1.3001209832826484e-07,-2.007278710770226e-07,60.000000645390415,-1.2043672394169199e-05,3.455640508001642e-06,-0.06357754322813679,-0.06331286782122714,-64.85193344282108
I4,11,N1,6.734158014217718e-05,6.751221868000183e-05,3.3071181003539897e-07,1.300176225209079e-07,-2.0069418751449107e-07,60.000000583332344,-1.2041651367940875e-05,3.4554707441723013e-06,-0.06358338926275534,-0.06329460352464474,-64.8513285809763
I4,12,N1,6.751221868000183e-05,6.768283379104693e-05,3.306911897459088e-07,1.3002148463341516e-07,-2.0066970511249362e-07,60.000000574352185,-1.20401824220047e-05,3.4553450578449294e-06,-0.06359930097022143,-0.0632900411420201,-64.85089807735349
I4,13,N1,6.768283379104693e-05,6.785343534810483e-05,3.306793513552959e-07,1.3002379959876713e-07,-2.0065555175652875e-07,60.00000055667234,-1.2039333217091121e-05,3.4552736321554727e-06,-0.06360002831416811,-0.06328532669062897,-64.85064187928975
I4,14,N1,6.785343534810483e-05,6.802403261016026e-05,3.3067558994051863e-07,1.3002452436064542e-07,-2.006510655798732e-07,60.00000055182205,-1.2039064045516074e-05,3.45525085725873e-06,-0.06359979300760767,-0.06328566067041419,-64.8505599591106
I4,15,N1,6.802403261016026e-05,6.819463485364806e-05,3.30679950088189e-07,1.3002368164787177e-07,-2.0065626844031725e-07,60.000000525815096,-1.203937621192713e-05,3.455277238020456e-06,-0.0635977060049059,-0.06328828201257959,-64.85065231175867
I4,16,N1,6.819463485364806e-05,6.836525191988999e-05,3.3069300859880635e-07,1.300212480589286e-07,-2.0067176053987775e-07,60.00000056189311,-1.2040305745148744e-05,3.4553569249330123e-06,-0.06358200204681527,-0.0632960821551627,-64.85091895378284
I4,17,N1,6.836525191988999e-05,6.853587885906959e-05,3.306986558283327e-07,1.3001695450447142e-07,-2.0068170132386127e-07,60.000000607582,-1.2040902201362267e-05,3.455367077496031e-06,-0.06387962046479652,-0.06334132147881195,-64.85135992414497
I4,18,N1,6.853587885906959e-05,6.843348734822666e-05,1.573901422926892e-07,2.337273282510398e-07,7.633718595835059e-08,67.15000057027537,5.126042080636459e-06,2.9333810290779675e-06,-0.06337606317897498,-0.06346701473814229,-64.85197525939103
I4,19,N1,6.843348734822666e-05,6.86030984907593e-05,3.2979116920034923e-07,1.3017269476120396e-07,-1.9961847443914527e-07,60.0196831907728,-1.1981037594862877e-05,3.449728979711649e-06,-0.06368915484190367,-0.06315628744343191,-64.85248597229241
I4,20,N1,6.86030984907593e-05,6.850075495958878e-05,1.5740376294453261e-07,2.3369435227624993e-07,7.629058933171732e-08,67.15000041987783,5.122913105657545e-06,2.933235864155869e-06,-0.06334834639814668,-0.06349956407867807,-64.85317004622033
I4,21,N1,6.850075495958878e-05,6.839843319392056e-05,1.5740998893465712e-07,2.3367943433116068e-07,7.626944539650357e-08,67.15000079224244,5.121493318799106e-06,2.9331706744936333e-06,-0.0633664566422736,-0.06347327899056264,-64.85374957031627
I4,22,N1,6.839843319392056e-05,6.829613003499172e-05,1.574152802100256e-07,2.3366665408827628e-07,7.625137387825068e-08,67.15000063521126,5.120279804360264e-06,2.9331145072372642e-06,-0.06336593003167416,-0.0634733092839225,-64.85422457849208
I4,23,N1,6.829613003499172e-05,6.819384139342565e-05,1.5741940389633778e-07,2.336566785818062e-07,7.623727468546841e-08,67.1500006040879,5.1193330411832185e-06,2.9330706185860797e-06,-0.06336569058491286,-0.06347379439320017,-64.85459509143533
I4,24,N1,6.819384139342565e-05,6.809156317286547e-05,1.5742236117581908e-07,2.3364951538102307e-07,7.622715420520399e-08,67.15000058648344,5.118653449585411e-06,2.933039074176316e-06,-0.06336575645697368,-0.06347427206476661,-64.85486111511806
I4,1,N2,5.251646907420291e-05,5.245242081688524e-05,1.694596930785162e-07,2.084121281166543e-07,3.895243503813809e-08,67.15000023962108,2.615656022144797e-06,2.834038658963779e-06,-0.08214262289835116,-0.08195109239167732,-65.89599423637799
I4,2,N2,5.245242081688524e-05,5.238836941349474e-05,1.694585457100381e-07,2.084140676358867e-07,3.89555219258486e-08,67.15000024819453,2.615863306989281e-06,2.834044600094436e-06,-0.08214235374801165,-0.0819514201944897,-65.89595693716416
I4,3,N2,5.238836941349474e-05,5.2324311022482714e-05,1.694559977652255e-07,2.084183758053807e-07,3.896237804015521e-08,67.15000033118996,2.6163236983003706e-06,2.8340578017795467e-06,-0.08213768730907457,-0.0819566848144439,-65.89610767193277
I4,4,N2,5.2324311022482714e-05,5.226024180854471e-05,1.694520515996761e-07,2.0842504884425e-07,3.897299724457391e-08,67.15000031617828,2.6170367772955535e-06,2.8340782533294457e-06,-0.08212892077464828,-0.0819666337250851,-65.89643669714081
I4,5,N2,5.226024180854471e-05,5.2196157927272035e-05,1.6944670386612378e-07,2.0843409234151716e-07,3.8987388475393385e-08,67.15000034898027,2.6180031497284954e-06,2.834105971557307e-06,-0.08211591360982513,-0.08198141899653508,-65.8969261954821
I4,6,N2,5.2196157927272035e-05,5.213205554050173e-05,1.6943995746117886e-07,2.0844550298891597e-07,3.900554552773712e-08,67.15000042581995,2.619222398796887e-06,2.834140953375711e-06,-0.08209855658345176,-0.08200115631642407,-65.89755030957677
I4,7,N2,5.213205554050173e-05,5.206793081342974e-05,1.6943181423329134e-07,2.0845927926191369e-07,3.9027465028622344e-08,67.15000070015608,2.6206943039973075e-06,2.8341832012140374e-06,-0.08207694564870319,-0.08202575229950146,-65.89827525160406
I4,8,N2,5.206793081342974e-05,5.200377990462188e-05,1.69422272177353e-07,2.084754256096477e-07,3.90531534322947e-08,67.15000073577019,2.622419281712735e-06,2.834232733402505e-06,-0.08205137552700709,-0.08205490145081588,-65.89905956191613
I4,9,N2,5.200377990462188e-05,5.193959897218187e-05,1.6941133190151256e-07,2.0849394299744264e-07,3.908261109593008e-08,67.15000060936744,2.6243973589073753e-06,2.834289561742164e-06,-0.08202222562338267,-0.08208818559003715,-65.89985459288154
I4,10,N2,5.193959897218187e-05,5.216985988329462e-05,3.844706503118606e-07,1.2130898605408376e-07,-2.6316166425777683e-07,60.00000069945572,-1.5789700039536542e-05,3.793347272744583e-06,-0.08260005712076196,-0.08188614140027065,-65.90060526091304
I4,11,N2,5.216985988329462e-05,5.234245381576789e-05,3.310980592945967e-07,1.285257645607776e-07,-2.0257229473381908e-07,61.003723045774166,-1.2357664164688836e-05,3.447178678915307e-06,-0.0820729184130148,-0.08227837715093332,-65.90175739511183
I4,12,N2,5.234245381576789e-05,5.245461048092413e-05,2.7901554433618415e-07,1.3946576374451282e-07,-1.3954978059167133e-07,62.37534655392117,-8.704465925929162e-06,3.1386098106052276e-06,-0.08180380993020846,-0.08242921382849841,-65.90274564935862
I4,13,N2,5.245461048092413e-05,5.256588254497963e-05,2.782922425044453e-07,1.3966006853322482e-07,-1.3863217397122048e-07,62.395691011665065,-8.65005029138367e-06,3.1346423327825257e-06,-0.08178591005594775,-0.08244833697363606,-65.90331313863264
I4,14,N2,5.256588254497963e-05,5.2675825893490546e-05,2.77207986548978e-07,1.399538339773963e-07,-1.372541525715817e-07,62.42659715445675,-8.568309690362476e-06,3.1287136539478075e-06,-0.08178276672311399,-0.08244951378244529,-65.90342833409683
I4,15,N2,5.2675825893490546e-05,5.278736858159006e-05,2.785129743651969e-07,1.3960014672830186e-07,-1.3891282763689503e-07,62.389819847116925,-8.666746290719487e-06,3.1358484082012406e-06,-0.08180066270411947,-0.0824316582738093,-65.90308890467041
I4,16,N2,5.278736858159006e-05,5.295998988605622e-05,3.3112213069120743e-07,1.2852123322971985e-07,-2.0260089746148758e-07,61.00372306572998,-1.2359409041608944e-05,3.447325229406955e-06,-0.08207046159972618,-0.08228125575232416,-65.9023273456031
I4,17,N2,5.295998988605622e-05,5.319029892926713e-05,3.8451558668976067e-07,1.2130330299113387e-07,-2.632122836986268e-07,60.00000065511939,-1.579273719435308e-05,3.793641672606709e-06,-0.0825977799062773,-0.0818888335320969,-65.90140132587143
I4,18,N2,5.319029892926713e-05,5.312615070044583e-05,1.6942324861612207e-07,2.0847377259633553e-07,3.905052398021346e-08,67.15000072962046,2.622242713763395e-06,2.834227659093432e-06,-0.08202108212625252,-0.0820894784527029,-65.9008758617779
I4,19,N2,5.312615070044583e-05,5.2836802863710214e-05,1.2206575011877913e-07,3.7777089060059186e-07,2.557051404818127e-07,71.85274453873865,1.837311613628197e-05,3.7487748053952823e-06,-0.08184623727991695,-0.0825938432145346,-65.90030485811273
I4,20,N2,5.2836802863710214e-05,5.277271079539943e-05,1.694436265861959e-07,2.0843905941655993e-07,3.899543283036402e-08,67.15000099474075,2.61854335334929e-06,2.8341201450206687e-06,-0.08210940132013136,-0.0820004971968841,-65.89936348112519
I4,21,N2,5.277271079539943e-05,5.270863571014787e-05,1.6944991061261498e-07,2.0842866868352817e-07,3.897875807091319e-08,67.15000117084517,2.6174236500999115e-06,2.834089344721074e-06,-0.08209974336124012,-0.08199971456626098,-65.8984795616571
I4,22,N2,5.270863571014787e-05,5.26445730062937e-05,1.694544248253893e-07,2.0842103457932792e-07,3.896660975393862e-08,67.1500007616557,2.616607874656119e-06,2.834065945535379e-06,-0.08211367572311278,-0.08198394445290151,-65.89769410694959
I4,23,N2,5.26445730062937e-05,5.258051875720827e-05,1.6945750743010736e-07,2.0841582157344558e-07,3.895831414333822e-08,67.15000070461005,2.6160508221755814e-06,2.834049967526647e-06,-0.08212535494144561,-0.08197071695755072,-65.89704039446103
I4,24,N2,5.258051875720827e-05,5.251646907420291e-05,1.6945917235557384e-07,2.084130063570505e-07,3.895383400147667e-08,67.1500006811913,2.6157499797341712e-06,2.834041340344683e-06,-0.08213404119738785,-0.0819608690391088,-65.89654370903705
I4,1,N3,166.63604855643686,117.3000762298871,2.1633052426693042e-07,46.178470287176886,46.17847007084636,67.1500002222825,3100.884275521999,346.33852877630557,-1.942470496119608e-08,-5.989768589620983e-08,-50.05652329032478
I4,2,N3,117.3000762298871,117.30007795680795,1.916837045922333e-06,6.293533808310117e-08,-1.8539017078392319e-06,67.15000023813197,-0.0001244895001228777,1.4848292880040755e-05,-1.942470558706183e-08,-1.9424704904739477e-08,-50.05652331780734
I4,3,N3,117.30007795680795,117.30007970412633,1.9329012726430586e-06,5.7917083380746496e-08,-1.874984189262312e-06,67.1500003210847,-0.000125905188910993,1.4931137670178539e-05,-1.9424705592974245e-08,-1.9424704902892525e-08,-50.0565233452899
I4,4,N3,117.30007970412633,117.30008145462902,1.9318552203397575e-06,5.402010559686575e-08,-1.8778351147428917e-06,67.15000030726806,-0.0001260966285319839,1.4894064944524674e-05,-1.942470559258924e-08,-1.942470490145825e-08,-50.05652337277245
I4,5,N3,117.30008145462902,117.30008320613143,1.9379324133648686e-06,5.840858617728463e-08,-1.879523827187584e-06,67.15000033567712,-0.0001262100256265594,1.4972557496566149e-05,-1.9424705594825948e-08,-1.9424704903073416e-08,-50.05652340025502
I4,6,N3,117.30008320613143,117.30008494644116,1.934426882846027e-06,6.581374361512522e-08,-1.868613139230902e-06,67.15000040850047,-0.00012547737306268443,1.5001804698458642e-05,-1.9424705593535745e-08,-1.942470490579886e-08,-50.05652342773759
I4,7,N3,117.30008494644116,36.975894097186725,2.2876591965584922e-07,75.18344283532306,75.18344260655715,67.15000064931739,5048.568219848229,563.8758229806673,-1.9424704965772886e-08,-4.839845313305182e-07,-50.05652345522015
I4,8,N3,36.975894097186725,36.97589487707205,9.48116039115307e-07,1.0066799998546535e-07,-8.474480391298417e-07,67.15000066875635,-5.6906136394305125e-05,7.865880293255794e-06,-1.9424705230527338e-08,-1.9424704918626857e-08,-50.05652340950842
I4,9,N3,36.97589487707205,1.2165273779344413e-06,2.1349052330303928e-07,34.60943665330801,34.609436439817486,67.15000055193984,2324.023676036071,259.570776500989,-1.942470496015082e-08,-4.1752836102639393e-08,-50.0565233637967
I4,10,N3,1.2165273779344413e-06,2.5492964546836186e-06,1.4779217272835773e-06,4.732945774900286e-08,-1.4305922695345745e-06,60.00000065153301,-8.583553710415256e-05,1.143938388774435e-05,-1.9424705397541605e-08,-1.942470494714856e-08,-48.181316634975865
I4,11,N3,2.5492964546836186e-06,4.668255282702782e-06,2.312338386840689e-06,4.248494833164389e-08,-2.269853438509045e-06,58.930995341529325,-0.00013376472241073085,1.7661175013792496e-05,-1.942470569176509e-08,-1.9424704961726944e-08,-47.15134189905746
I4,12,N3,4.668255282702782e-06,15.6821214667209,16.75439833781638,4.280376338871209e-08,-16.754398295012617,57.47016050625419,-962.8779592000866,125.65798785465107,-2.7187762173935842e-08,-1.9424704904595495e-08,-46.489085184304145
I4,13,N3,15.6821214667209,67.15819578126734,54.995805934738655,3.7785331865048485e-08,-54.99580589695332,57.448492741058764,-3159.4261558597996,412.46854479392994,-14.598205586085115,-1.9424704902746095e-08,-46.48908504928858
I4,14,N3,67.15819578126734,133.87793745509484,71.28177533830647,4.0086431548048674e-08,-71.28177529822004,57.41557646033506,-4092.684219863376,534.6133153379468,-2.626883284772325e-07,-1.9424704903594074e-08,-46.4890850378603
I4,15,N3,133.87793745509484,166.64265398296726,35.00503907066468,3.9564437221585645e-08,-35.00503903110024,57.45474568410289,-2011.2056151939596,262.53779332671843,-4.2372361857082996e-08,-1.9424704903401705e-08,-46.48908509203193
I4,16,N3,166.64265398296726,166.6426559020619,2.0992161765464688e-06,4.284233288787385e-08,-2.056373843658595e-06,58.93099525706674,-0.00012118415722740075,1.606543882075757e-05,-1.9424705598154334e-08,-1.9424704970044368e-08,-47.050599236089276
I4,17,N3,166.6426559020619,166.6426570677515,1.295254526444984e-06,4.368187250222494e-08,-1.2515726539427591e-06,60.00000060347474,-7.509435999185803e-05,1.0042022992104067e-05,-1.94247053035569e-08,-1.9424704972773134e-08,-47.790972823307456
I4,18,N3,166.6426570677515,166.64265803431653,1.1006910792692991e-06,5.960616434992453e-08,-1.0410849149193746e-06,67.15000064971885,-6.99088527132485e-05,8.702229327144177e-06,-1.942470527411756e-08,-1.942470493114671e-08,-48.704260789156216
I4,19,N3,166.64265803431653,166.63603815001994,2.0855311130620978e-07,0.006196394414138707,0.0061961858610274,67.15000069063406,0.4160738848472869,0.0464745222543751,-1.9424704958333624e-08,-1.942698561275265e-08,-50.05403423591149
I4,20,N3,166.63603815001994,166.6360402631276,2.3200430481802746e-06,5.4711694835649065e-08,-2.2653313533446254e-06,67.15000070759545,-0.00015211700198002975,1.781066057261943e-05,-1.942470573546042e-08,-1.9424704901712794e-08,-50.05438949511275
I4,21,N3,166.6360402631276,166.63604234092085,2.282985011387525e-06,5.529953636615016e-08,-2.227685475021375e-06,67.15000082933403,-0.00014958908149518071,1.7537134108152563e-05,-1.9424705721821333e-08,-1.942470490192914e-08,-50.05474486765658
I4,22,N3,166.63604234092085,166.63604441711027,2.278625864568309e-06,5.2981717243434116e-08,-2.225644147324875e-06,67.15000068107429,-0.00014945200600869436,1.7487056863588074e-05,-1.942470572021697e-08,-1.9424704901076073e-08,-50.055100351718124
I4,23,N3,166.63604441711027,166.63604648887153,2.272855563882958e-06,5.2071123747460664e-08,-2.220784440135497e-06,67.15000066253936,-0.00014912567662645572,1.743695015722814e-05,-1.9424705718093233e-08,-1.9424704900740936e-08,-50.05545594728119
I4,24,N3,166.63604648887153,166.63604855643686,2.267696620168782e-06,5.1478802268200876e-08,-2.216217817900581e-06,67.15000065257186,-0.0001488190279182654,1.739381566827737e-05,-1.94247057161945e-08,-1.942470490052293e-08,-50.05581165417755
I4,1,N4,5.2677080717254235e-05,5.257523996775695e-05,1.5724198828478106e-07,2.33082018497794e-07,7.584003021301293e-08,67.1500002164652,5.092658045220546e-06,2.927430050869313e-06,-0.0819246533302104,-0.08216887942722609,-64.8626521178731
I4,2,N4,5.257523996775695e-05,5.2473402956394425e-05,1.572430522994449e-07,2.3307945178266113e-07,7.583639948321624e-08,67.15000022737911,5.092414242541583e-06,2.927418780615795e-06,-0.08192367171119792,-0.08217004407649936,-64.86274751897066
I4,3,N4,5.2473402956394425e-05,5.237156289763303e-05,1.572421843831114e-07,2.3308154376997678e-07,7.583935938686538e-08,67.15000030957577,5.092613006306039e-06,2.927427961148161e-06,-0.08192245987740193,-0.08217142998199559,-64.86266755223379
I4,4,N4,5.237156289763303e-05,5.2269713005359266e-05,1.5723938447723338e-07,2.3308829495120898e-07,7.58489104739756e-08,67.15000029464218,5.09325436067575e-06,2.9274575957133177e-06,-0.08192154351816952,-0.08217251208008035,-64.862412260482
I4,5,N4,5.2269713005359266e-05,5.216784647602288e-05,1.5723464769652513e-07,2.330997173671921e-07,7.586506967066699e-08,67.15000032582344,5.094339453103906e-06,2.927507737977879e-06,-0.08192090538771195,-0.08217328995416005,-64.86198175329251
I4,6,N4,5.216784647602288e-05,5.206595650887572e-05,1.5722797572605925e-07,2.3311580987143766e-07,7.588783414537841e-08,67.15000040202257,5.095868093370783e-06,2.927578391981227e-06,-0.081920460746069,-0.08217383863833608,-64.86137620091608
I4,7,N4,5.206595650887572e-05,5.196403630524927e-05,1.572193702470084e-07,2.3313657199028447e-07,7.591720174327606e-08,67.15000065900666,5.09784014709093e-06,2.9276695667796962e-06,-0.08192021374035531,-0.08217415322787969,-64.86059581825951
I4,8,N4,5.196403630524927e-05,5.186207905326273e-05,1.5720882841118614e-07,2.3316201359513215e-07,7.595318518394602e-08,67.1500006748018,5.100256436355321e-06,2.927781315047387e-06,-0.08192021880158824,-0.08217418325421798,-64.85964084047033
I4,9,N4,5.186207905326273e-05,5.1760077940812705e-05,1.5719635174950658e-07,2.3319213623555944e-07,7.599578448605286e-08,67.15000055340047,5.103116970294553e-06,2.927913659887995e-06,-0.08192043080282684,-0.08217397592831763,-64.85851149237907
I4,10,N4,5.1760077940812705e-05,5.193010693684324e-05,3.2986645331486944e-07,1.2984753999875726e-07,-2.0001891331611218e-07,60.00000066153302,-1.2001134931285846e-05,3.4478549498522003e-06,-0.08240628777257124,-0.08188974636250858,-64.85720795619274
I4,11,N4,5.193010693684324e-05,5.210008311746857e-05,3.298202268634167e-07,1.2985647640882546e-07,-1.9996375045459122e-07,60.000000588439086,-1.199782514494196e-05,3.4475752745418158e-06,-0.08240685352778375,-0.08188900017499216,-64.8561958069652
I4,12,N4,5.210008311746857e-05,5.2270021693507246e-05,3.2978731556770074e-07,1.2986284084740583e-07,-1.999244747202949e-07,60.0000005782311,-1.1995468598820243e-05,3.4473761731132992e-06,-0.08240763218953795,-0.08188804498729509,-64.85547510910503
I4,13,N4,5.2270021693507246e-05,5.2439937871468344e-05,3.297677136624582e-07,1.2986663229723362e-07,-1.9990108136522458e-07,60.00000055955023,-1.199406499376817e-05,3.4472575946976885e-06,-0.08240853858074956,-0.0818869799706001,-64.8550459415477
I4,14,N4,5.2439937871468344e-05,5.2609846856495184e-05,3.297614187142869e-07,1.298678499047896e-07,-1.9989356880949732e-07,60.00000055470771,-1.1993614239452343e-05,3.447219514643074e-06,-0.08240943576163608,-0.08188595988866768,-64.85490837542149
I4,15,N4,5.2609846856495184e-05,5.277976386497871e-05,3.297684402159013e-07,1.2986649145881365e-07,-1.9990194875708767e-07,60.00000052840802,-1.1994117031055054e-05,3.4472619875603626e-06,-0.08241011252309839,-0.08188522527794857,-64.85506245803215
I4,16,N4,5.277976386497871e-05,5.294970412933156e-05,3.2978879252768745e-07,1.2986255454406745e-07,-1.9992623798362e-07,60.00000056577976,-1.1995574392131419e-05,3.447385103038162e-06,-0.08241024909421517,-0.08188514200204013,-64.85550820687114
I4,17,N4,5.294970412933156e-05,5.3119682919245206e-05,3.2982250955212495e-07,1.298560339694043e-07,-1.9996647558272064e-07,60.00000062076123,-1.1997988659094673e-05,3.4475890764114696e-06,-0.08240936934574199,-0.0818862599194641,-64.85624561400257
I4,18,N4,5.3119682919245206e-05,5.301763383823484e-05,1.5718271035589687e-07,2.3322508363766666e-07,7.604237328176979e-08,67.15000061078752,5.106245412316574e-06,2.9280584549517265e-06,-0.08192128848616455,-0.08217306820070759,-64.8572746583221
I4,19,N4,5.301763383823484e-05,5.318662771103129e-05,3.289391642146483e-07,1.3000402107431425e-07,-1.9893514314033403e-07,60.019683236021336,-1.1940024275795411e-05,3.442073889667219e-06,-0.08252054698942465,-0.08178936818690169,-64.85812992101093
I4,20,N4,5.318662771103129e-05,5.308465809729966e-05,1.5720524373085056e-07,2.3317044366442766e-07,7.59651999335771e-08,67.15000047100395,5.101063211319611e-06,2.9278176554645865e-06,-0.08188382667049078,-0.082224636343145,-64.85927469096376
I4,21,N4,5.308465809729966e-05,5.2982724485850525e-05,1.572155522740117e-07,2.331457768014414e-07,7.593022452742969e-08,67.15000084687298,5.09871464132016e-06,2.927709968065898e-06,-0.08191760093750453,-0.08217744423417134,-64.86024528065651
I4,22,N4,5.2982724485850525e-05,5.2880821515008617e-05,1.572242738816554e-07,2.3312473815864717e-07,7.590046427699176e-08,67.15000069382727,5.0967162288618084e-06,2.9276175903022694e-06,-0.081922741639915,-0.08217131665083897,-64.86104147491905
I4,23,N4,5.2880821515008617e-05,5.2778942499000586e-05,1.5723109301998477e-07,2.331082906539506e-07,7.587719763396582e-08,67.1500006672771,5.095153871751921e-06,2.927545377554515e-06,-0.08192520729928798,-0.08216837140221812,-64.86166304105409
I4,24,N4,5.2778942499000586e-05,5.2677080717254235e-05,1.5723599946947253e-07,2.3309645790579822e-07,7.586045843632569e-08,67.15000065222196,5.094029833477127e-06,2.9274934303145305e-06,-0.08192599554038008,-0.08216740817747863,-64.86210974505423
I4,1,N5,6.764057233457331e-05,6.759100643823536e-05,1.753053636144056e-07,1.999780068134502e-07,2.467264319904459e-08,67.15000024101852,1.6567679967624081e-06,2.8146252782089183e-06,-0.06363265442491212,-0.06365564539344802,-66.26512663576862
I4,2,N5,6.759100643823536e-05,6.754143250818025e-05,1.7530215271202115e-07,1.99982713313962e-07,2.468056060194084e-08,67.15000024910482,1.6572996505683741e-06,2.8146364951948735e-06,-0.06363326760280812,-0.06365493028304461,-66.26490101604104
I4,3,N5,6.754143250818025e-05,6.749184880308332e-05,1.7529824586699624e-07,1.999884399818209e-07,2.4690194114824667e-08,67.15000033145363,1.6579465429941307e-06,2.8146501438661285e-06,-0.06363332600156572,-0.06365483562228011,-66.2646709934041
I4,4,N5,6.749184880308332e-05,6.74422535972367e-05,1.7529364974678965e-07,1.999951780410037e-07,2.470152829421405e-08,67.15000031618474,1.6587076327667199e-06,2.81466620840845e-06,-0.06363287695491077,-0.06365534044856906,-66.26443531051571
I4,5,N5,6.74422535972367e-05,6.739264514497433e-05,1.7528835588860105e-07,2.0000293875814908e-07,2.4714582869548022e-08,67.15000034927488,1.6595842483223325e-06,2.814684709850626e-06,-0.06363211013165633,-0.06365625085280703,-66.26419165380412
I4,6,N5,6.739264514497433e-05,6.734302171198352e-05,1.7528236935370384e-07,2.0001171594070415e-07,2.472934658700031e-08,67.15000042777662,1.6605756338957071e-06,2.8147056397080596e-06,-0.06363077297216944,-0.06365782092888594,-66.26393668890755
I4,7,N5,6.734302171198352e-05,6.729338157102165e-05,1.7527569343359226e-07,2.0002150585471442e-07,2.4745812421122158e-08,67.15000070399509,1.6616813214992834e-06,2.8147289946623e-06,-0.06362881112910175,-0.06366009847216614,-66.26366611313625
I4,8,N5,6.729338157102165e-05,6.72437229865313e-05,1.7526832527656975e-07,2.0003231378447183e-07,2.4763988507902083e-08,67.15000074735484,1.6629018468131115e-06,2.8147547929578118e-06,-0.06362634442837045,-0.06366289885026528,-66.26337472518038
I4,9,N5,6.72437229865313e-05,6.71940442180371e-05,1.752602626055256e-07,2.0004414233821771e-07,2.4783879732692105e-08,67.15000061993804,1.6642375394147448e-06,2.8147830370780747e-06,-0.06362368334540557,-0.06366595236175365,-66.2630565092347
I4,10,N5,6.71940442180371e-05,6.745520015882735e-05,4.139364182438318e-07,1.1820607969806493e-07,-2.9573033854576686e-07,60.00000070461329,-1.774382052112154e-05,3.991068734564226e-06,-0.06399073079338241,-0.06355193236521167,-66.26270472308502
I4,11,N5,6.745520015882735e-05,6.769210231155844e-05,3.906438636578015e-07,1.205011114188401e-07,-2.701427522389614e-07,60.34681527381367,-1.6302254766924216e-05,3.833587313074812e-06,-0.06388500632051912,-0.0636239759042175,-66.26263025610409
I4,12,N5,6.769210231155844e-05,6.790004186851228e-05,3.6333692471502136e-07,1.2368660108635278e-07,-2.396503236286686e-07,60.82075021767942,-1.457571247300529e-05,3.652676443510306e-06,-0.06381598867649248,-0.06364730792130677,-66.26271749754052
I4,13,N5,6.790004186851228e-05,6.810753928425808e-05,3.62924807102161e-07,1.237393906648993e-07,-2.391854164372617e-07,60.827779793304906,-1.4549117840815687e-05,3.6499814832529525e-06,-0.06382434389032766,-0.06364597189970617,-66.26291072441533
I4,14,N5,6.810753928425808e-05,6.831437783563925e-05,3.623108858995419e-07,1.2381823380027355e-07,-2.3849265209926834e-07,60.8384587413837,-1.4509525374864513e-05,3.6459683977486153e-06,-0.06382220721533008,-0.06364739853306241,-66.26320568416531
I4,15,N5,6.831437783563925e-05,6.85220525236712e-05,3.6308916561378087e-07,1.2371745763966307e-07,-2.393717079741178e-07,60.82575111797664,-1.4559963933918673e-05,3.6510496744008294e-06,-0.06382417953734124,-0.06364629126855578,-66.26360167749114
I4,16,N5,6.85220525236712e-05,6.875905473361202e-05,3.9073777173582745e-07,1.2048973036205504e-07,-2.702480413737724e-07,60.34681526379371,-1.6308608628185123e-05,3.834206265734119e-06,-0.06388308987429805,-0.06362784022462578,-66.26410328515915
I4,17,N5,6.875905473361202e-05,6.902036394662536e-05,4.1408264826447967e-07,1.1819072843343492e-07,-2.9589191983104473e-07,60.00000065744046,-1.7753515384394004e-05,3.992050325234359e-06,-0.06400098202417445,-0.06355359628641778,-66.26476655637411
I4,18,N5,6.902036394662536e-05,6.897077566538659e-05,1.7529641482940037e-07,1.9999111908586946e-07,2.469470425646909e-08,67.15000076500827,1.6582494097135525e-06,2.8146565043645237e-06,-0.06361957173524035,-0.06367076353437834,-66.26570717300534
I4,19,N5,6.897077566538659e-05,6.788831233639856e-05,9.801649870251927e-08,1.0990575383800742e-06,1.001041039677555e-06,76.23435185253186,7.631371483760302e-05,8.978055278119451e-06,-0.06340159352641274,-0.06524765517151236,-66.26661402000039
I4,20,N5,6.788831233639856e-05,6.783876557429239e-05,1.753128333405778e-07,1.9996664136971575e-07,2.4653808029137955e-08,67.15000116437797,1.6555032378629646e-06,2.814596060327202e-06,-0.06366798685061043,-0.06363759536674535,-66.26644114518962
I4,21,N5,6.783876557429239e-05,6.77892204553437e-05,1.753136688624403e-07,1.9996583537168424e-07,2.4652166509243932e-08,67.15000118413897,1.6553930102873211e-06,2.814596281755934e-06,-0.06363119891108628,-0.06365720098639445,-66.26624713943768
I4,22,N5,6.77892204553437e-05,6.77396742472322e-05,1.753132332921891e-07,1.9996647322672526e-07,2.4653239934536158e-08,67.15000076740101,1.6554650805230242e-06,2.8145977988918575e-06,-0.06363409835781503,-0.0636539721868465,-66.26603709984012
I4,23,N5,6.77396742472322e-05,6.769012563187652e-05,1.7531227022931374e-07,1.9996788267173575e-07,2.4655612442422012e-08,67.15000070768896,1.6556243929571428e-06,2.814601146757871e-06,-0.06362483298159687,-0.06366463132860482,-66.26581523316243
I4,24,N5,6.769012563187652e-05,6.764057233457331e-05,1.75310398573972e-07,1.9997062522486485e-07,2.4660226650892843e-08,67.1500006829724,1.6559342364497086e-06,2.814607678491277e-06,-0.06362984686895108,-0.06365892715087211,-66.26558479521123
I4,1,N6,5.26564597975679e-05,5.255000709910391e-05,1.5594887320876284e-07,2.3626590978500189e-07,8.031703657623904e-08,67.15000022249608,5.3932890239646776e-06,2.941610872453236e-06,-0.08185641252007855,-0.08223690062675702,-64.74821558282508
I4,2,N6,5.255000709910391e-05,5.244355660457034e-05,1.5594948120389773e-07,2.362643795682271e-07,8.031489836432937e-08,67.15000023535198,5.393145444066988e-06,2.9416039557909365e-06,-0.08185456819471616,-0.08223908940557609,-64.74824943885581
I4,3,N6,5.244355660457034e-05,5.2337101097780515e-05,1.5594809658117802e-07,2.362678579776599e-07,8.031976139648188e-08,67.15000031802292,5.393472003317284e-06,2.9416196591912844e-06,-0.08185441422348692,-0.08223930671538725,-64.74798777161767
I4,4,N6,5.2337101097780515e-05,5.2230633356972364e-05,1.5594471807897512e-07,2.3627634912654803e-07,8.033163104757291e-08,67.1500003037255,5.3942690492432865e-06,2.9416580040414236e-06,-0.08185660039593622,-0.08223687510539426,-64.74743431150063
I4,5,N6,5.2230633356972364e-05,5.2124146143662186e-05,1.559393413007236e-07,2.3628986481452823e-07,8.035052351380462e-08,67.15000033337438,5.395537680738786e-06,2.9417190458643887e-06,-0.08186105360238212,-0.08223185226444003,-64.74659587112582
I4,6,N6,5.2124146143662186e-05,5.201763222658446e-05,1.559319692753545e-07,2.3630840093901222e-07,8.037643166365773e-08,67.1500004076883,5.397277418983147e-06,2.9418027766077502e-06,-0.08186755546619012,-0.08222446571472854,-64.74548232574509
I4,7,N6,5.201763222658446e-05,5.191108438227526e-05,1.559226054161077e-07,2.3633195318804318e-07,8.040934777193549e-08,67.15000065942239,5.399487755909192e-06,2.9419091895311315e-06,-0.08187592984831592,-0.08221491927897313,-64.74410655486088
I4,8,N6,5.191108438227526e-05,5.1804495377839675e-05,1.5591124815519163e-07,2.3636052901547844e-07,8.044928086028681e-08,67.15000067496462,5.4021692640686775e-06,2.9420383287800255e-06,-0.08188599545078014,-0.08220343710159835,-64.74248431988798
I4,9,N6,5.1804495377839675e-05,5.169785798621775e-05,1.558979009538688e-07,2.3639412599220086e-07,8.049622503833206e-08,67.15000055114314,5.4053215556889394e-06,2.9421902020955222e-06,-0.08189744836866411,-0.08219036725915511,-64.74063405191622
I4,10,N6,5.169785798621775e-05,5.1861775148244065e-05,3.2453972689305466e-07,1.3090149291546664e-07,-1.9363823397758802e-07,60.00000065215199,-1.1618294164936841e-05,3.4158091485639098e-06,-0.08238487076819563,-0.08188535207261508,-64.73857653799341
I4,11,N6,5.1861775148244065e-05,5.2045052911181466e-05,3.4194376122429384e-07,1.2802757532415404e-07,-2.139161859001398e-07,59.62462467785335,-1.275467229681374e-05,3.524785024113359e-06,-0.0825759273212327,-0.08173838195388307,-64.73679777962354
I4,12,N6,5.2045052911181466e-05,5.225680719431726e-05,3.681928826523841e-07,1.2437030270511764e-07,-2.4382257994726644e-07,59.11165975181357,-1.4412757385652176e-05,3.6942238901812627e-06,-0.08270364007405545,-0.08168422531189234,-64.73550541386827
I4,13,N6,5.225680719431726e-05,5.2469029520744724e-05,3.6863048308190607e-07,1.2431559417002217e-07,-2.443148889118839e-07,59.10405117671292,-1.4439999697480918e-05,3.6970955793894622e-06,-0.08271091915455041,-0.08167735796406017,-64.73480830263419
I4,14,N6,5.2469029520744724e-05,5.268200164365672e-05,3.6933122870212816e-07,1.2422770509538582e-07,-2.4510352360674237e-07,59.09249280132212,-1.448377820431011e-05,3.701692003481355e-06,-0.08271248958823049,-0.08167760846113811,-64.73471843607678
I4,15,N6,5.268200164365672e-05,5.289409289635888e-05,3.6850784758059633e-07,1.2433083870474772e-07,-2.4417700887584864e-07,59.10624683528614,-1.4432386558117765e-05,3.6962901471400802e-06,-0.08270338742546032,-0.081685360929171,-64.73523718499624
I4,16,N6,5.289409289635888e-05,5.307734748043085e-05,3.419231335172947e-07,1.2803119889061017e-07,-2.1389193462668452e-07,59.62462462518236,-1.275322631247011e-05,3.5246574930592866e-06,-0.08257334225705212,-0.08174109657342694,-64.73635193526046
I4,17,N6,5.307734748043085e-05,5.324123463536218e-05,3.2451368884670755e-07,1.30906767728118e-07,-1.9360692111858956e-07,60.00000060786912,-1.1616415384803042e-05,3.4156534243111916e-06,-0.08238056062379472,-0.08189003946587559,-64.73795331977786
I4,18,N6,5.324123463536218e-05,5.313456739713898e-05,1.5588966723238578e-07,2.3641484888054035e-07,8.052518164815457e-08,67.1500006233295,5.407265997867301e-06,2.942283870846946e-06,-0.08189213037759273,-0.08219686159101484,-64.73983386343994
I4,19,N6,5.313456739713898e-05,5.318905242274612e-05,2.3623727295024686e-07,1.5596854591433858e-07,-8.026872703590827e-08,62.523458834554184,-5.018678450531677e-06,2.941543641484391e-06,-0.08217931036166495,-0.08192098082915575,-64.74150782829442
I4,20,N6,5.318905242274612e-05,5.308247334621558e-05,1.5591394964762398e-07,2.36353603263066e-07,8.043965361544203e-08,67.15000055979205,5.401522785306411e-06,2.942006646830175e-06,-0.08184888270663518,-0.08225086046391951,-64.74322929565734
I4,21,N6,5.308247334621558e-05,5.29759310081841e-05,1.5592412263691473e-07,2.3632812854317791e-07,8.040400590626318e-08,67.15000084778669,5.399129064771019e-06,2.9418918838506947e-06,-0.08187074769043244,-0.0822211375725101,-64.74470520297345
I4,22,N6,5.29759310081841e-05,5.286941935059389e-05,1.559325930303705e-07,2.363068325279768e-07,8.037423949760631e-08,67.15000069421426,5.397130238061207e-06,2.9417956916876045e-06,-0.08187005542506516,-0.0822215949518868,-64.74591996934902
I4,23,N6,5.286941935059389e-05,5.2762931313330424e-05,1.5593911474427294e-07,2.3629043754959754e-07,8.03513228053246e-08,67.15000066976349,5.395591380193929e-06,2.9417216422040287e-06,-0.08186734980447567,-0.08222450642354262,-64.74686090146699
I4,24,N6,5.2762931313330424e-05,5.26564597975679e-05,1.5594367669977293e-07,2.3627897013568466e-07,8.033529343591173e-08,67.15000065642383,5.394515006955474e-06,2.941669851265932e-06,-0.08186373195227306,-0.08222856160744595,-64.74751830838255
I4,1,N7,6.752075238054142e-05,6.745645332323884e-05,1.6967359367716236e-07,2.0883427436139951e-07,3.916068068423715e-08,67.15000023962108,2.6296397173302494e-06,2.838809010289214e-06,-0.06404103811818575,-0.06398309901360147,-65.89319804785923
I4,2,N7,6.745645332323884e-05,6.739215235087322e-05,1.6967289617827352e-07,2.088354557844241e-07,3.9162559606150574e-08,67.15000024819453,2.6297658872729443e-06,2.8388126397202317e-06,-0.06404096550624092,-0.06398316502879633,-65.8931673472764
I4,3,N7,6.739215235087322e-05,6.73278471144742e-05,1.6967134284474589e-07,2.0883808605037657e-07,3.9166743205630685e-08,67.15000033118996,2.6300468192297326e-06,2.8388207167134186e-06,-0.06403925524220838,-0.06398508239170464,-65.89320581506453
I4,4,N7,6.73278471144742e-05,6.72635352804742e-05,1.6966893970610668e-07,2.0884215602477306e-07,3.9173216318666387e-08,67.15000031617828,2.630481488184168e-06,2.838833217981598e-06,-0.06403597099471632,-0.06398880209789687,-65.89330968681507
I4,5,N7,6.72635352804742e-05,6.719921449360489e-05,1.6966567814188615e-07,2.0884767846706825e-07,3.91820003251821e-08,67.15000034898027,2.6310713355097232e-06,2.838850174567158e-06,-0.06403141403665684,-0.06399403252932473,-65.89347208783329
I4,6,N7,6.719921449360489e-05,6.713488241185729e-05,1.6966156372258912e-07,2.0885464584685058e-07,3.919308212426146e-08,67.15000042581995,2.6318154813333533e-06,2.838871571770798e-06,-0.0640253314656869,-0.06400099767476056,-65.893683144414
I4,7,N7,6.713488241185729e-05,6.707053669926905e-05,1.696565991440053e-07,2.0886305486626247e-07,3.9206455722257156e-08,67.15000070015608,2.6327135292002065e-06,2.8388974050770083e-06,-0.06401776472490858,-0.06400963123670156,-65.89393014728773
I4,8,N7,6.707053669926905e-05,6.700617501060849e-05,1.6965078102065184e-07,2.0887291123535085e-07,3.9222130214699003e-08,67.15000073577019,2.6337660727755123e-06,2.8389276919200203e-06,-0.06400902336251874,-0.06401960156338721,-65.8941977673104
I4,9,N7,6.700617501060849e-05,6.694179499716983e-05,1.6964410839567053e-07,2.0888421736759464e-07,3.924010897192411e-08,67.15000060936744,2.634973341376349e-06,2.838962443224489e-06,-0.06399937013193702,-0.06403061057524781,-65.89446831346825
I4,10,N7,6.694179499716983e-05,6.717300278756876e-05,3.856387269748935e-07,1.2144605433440252e-07,-2.64192672640491e-07,60.00000069945572,-1.5851560543220535e-05,3.80313585981972e-06,-0.0643309504055644,-0.06391513501997086,-65.89472199896164
I4,11,N7,6.717300278756876e-05,6.734625944024618e-05,3.319781241200805e-07,1.2867647972304363e-07,-2.0330164439703686e-07,61.003723045774166,-1.2402157209547302e-05,3.454909528823431e-06,-0.06403197567984463,-0.06413556788739797,-65.89524441307408
I4,12,N7,6.734625944024618e-05,6.745882224146796e-05,2.7964862778521907e-07,1.3964026226452635e-07,-1.4000836552069272e-07,62.37534655392117,-8.733070319801276e-06,3.1446666753730906e-06,-0.06388278459636326,-0.06421154497507958,-65.8957107336445
I4,13,N7,6.745882224146796e-05,6.757049803665435e-05,2.789229362887736e-07,1.3983472449639647e-07,-1.3908821179237715e-07,62.395691011665065,-8.678505086362194e-06,3.1406824558887754e-06,-0.06388384445644105,-0.06421461675585963,-65.89598422947192
I4,14,N7,6.757049803665435e-05,6.768083819393353e-05,2.7783254850796447e-07,1.401295972043176e-07,-1.3770295130364687e-07,62.42659715445675,-8.596326668012538e-06,3.1347160928421152e-06,-0.06388179290572059,-0.064215681315062,-65.89605284102777
I4,15,N7,6.768083819393353e-05,6.779277914623671e-05,2.791394740967625e-07,1.3977624534251372e-07,-1.3936322875424878e-07,62.389819847116925,-8.694846735290127e-06,3.1418678957945716e-06,-0.06388856615505992,-0.06420950001842207,-65.89591514268015
I4,16,N7,6.779277914623671e-05,6.796605247662223e-05,3.3199278666303144e-07,1.2867371518349865e-07,-2.033190714795328e-07,61.00372306572998,-1.2403220330518776e-05,3.454998763848976e-06,-0.06403146075360505,-0.06413771203984821,-65.89558376070423
I4,17,N7,6.796605247662223e-05,6.81972879879147e-05,3.856644073657325e-07,1.2144260606573601e-07,-2.6422180129999645e-07,60.00000065511939,-1.5853308251096613e-05,3.803302600736014e-06,-0.0643567278716176,-0.06391477205336615,-65.89519590638078
I4,18,N7,6.81972879879147e-05,6.8132927997788e-05,1.696513992440101e-07,2.088718630306522e-07,3.922046378664208e-08,67.15000072962046,2.6336541718890684e-06,2.8389244670599674e-06,-0.06399668170063116,-0.06403370908053702,-65.89507623257239
I4,19,N7,6.8132927997788e-05,6.784230407003211e-05,1.221859188139264e-07,3.7907059110872763e-07,2.5688467229480126e-07,71.85274453873865,1.845786873431595e-05,3.759423824419905e-06,-0.06387166116318602,-0.06432697234752291,-65.89493899208446
I4,20,N7,6.784230407003211e-05,6.777797828044702e-05,1.6966379641990436e-07,2.088507124399328e-07,3.918691602002844e-08,67.15000099474075,2.6314014497257323e-06,2.838858816448779e-06,-0.0640375368299087,-0.06399451848330495,-65.89457299370395
I4,21,N7,6.777797828044702e-05,6.771366287904149e-05,1.696676389695107e-07,2.088443555462146e-07,3.91767165767039e-08,67.15000117084517,2.6307165639955366e-06,2.8388399588679396e-06,-0.06402526444366088,-0.06400104279595137,-65.89422654923285
I4,22,N7,6.771366287904149e-05,6.764935502256067e-05,1.696703874840458e-07,2.088397014592614e-07,3.91693139752156e-08,67.1500007616557,2.6302194632692593e-06,2.838825667074804e-06,-0.06402984557925646,-0.06399586177141081,-65.89391479612294
I4,23,N7,6.764935502256067e-05,6.758505231326467e-05,1.696722624118961e-07,2.088365263110636e-07,3.91642638991675e-08,67.15000070461005,2.6298803484246315e-06,2.8388159154221977e-06,-0.06403412332632567,-0.06399101059186585,-65.89365024945027
I4,24,N7,6.758505231326467e-05,6.752075238054142e-05,1.6967327389034754e-07,2.0883481359120416e-07,3.916153970085662e-08,67.1500006811913,2.6296974175890223e-06,2.8388106561116376e-06,-0.06403759431131138,-0.06398706320947149,-65.89344259091303
I4,1,N8,211.54534326541634,181.11503906343972,8.112959804311115e-08,28.48276480412741,28.48276472299781,67.15000023257245,1912.6176577736094,213.62073663942758,-2.67518125180394e-08,-5.6230999416554715e-08,-67.0006063716899
I4,2,N8,181.11503906343972,164.62951893708794,8.113950957536773e-08,15.430446909351312,15.430446828211803,67.15000024226327,1036.1545082526532,115.72835242868116,-2.6751812518045086e-08,-3.857483612230356e-08,-67.00060637954032
I4,3,N8,164.62951893708794,138.42159632411594,8.119792916726858e-08,24.530615636878956,24.530615555681027,67.15000032692167,1647.2308425835708,183.97961788557663,-2.6751812518078636e-08,-5.0915776115401257e-08,-67.00060638340763
I4,4,N8,138.42159632411594,112.29555717727877,8.117521821378597e-08,24.453972712556883,24.453972631381664,67.15000031249826,1642.0842698391027,183.40479595299078,-2.6751812518065593e-08,-4.940780935073159e-08,-67.00060638132067
I4,5,N8,112.29555717727877,106.08106246842047,8.119797832115389e-08,5.816767118628592,5.816767037430614,67.15000034470053,390.5959085685084,43.625753998699274,-2.675181251807866e-08,-3.026050830631536e-08,-67.00060637309713
I4,6,N8,106.08106246842047,64.31215070907696,8.119816219429922e-08,39.095701477882905,39.095701396684746,67.1500004174973,2625.2763651097302,293.217761693108,-2.6751812518078765e-08,-8.157722357925447e-08,-67.00060636327716
I4,7,N8,64.31215070907696,61.202640114293104,8.119388025266848e-08,2.9105019878513265,2.9105019066574465,67.15000068452548,195.44020502436024,21.82876551783905,-2.6751812518076307e-08,-2.899820558588556e-08,-67.00060633712734
I4,8,N8,61.202640114293104,59.73589397118184,8.122899174002708e-08,1.3728744611165433,1.3728743798875516,67.15000070291292,92.18851557446023,10.296559067591513,-2.6751812518096477e-08,-2.7764609167948335e-08,-67.00060630844375
I4,9,N8,59.73589397118184,2.9791019344527404e-06,8.154018335432241e-08,55.91279404002382,55.91279395848363,67.15000056062844,3754.5441456584786,419.34595591173,-2.6751812518275138e-08,-2.5423344728717295e-07,-67.00060627847465
I4,10,N8,2.9791019344527404e-06,2.508585411983028e-06,1.3336544796209547e-07,5.572444005294502e-07,4.238789525673547e-07,60.00000065104963,2.5432737430007517e-05,5.179573863686592e-06,-2.6751812512261935e-08,-2.6751812833701754e-08,-66.19502922194805
I4,11,N8,2.508585411983028e-06,18.714368629298715,19.993980964480468,5.8069828124882813e-08,-19.993980906410638,58.51971394534382,-1170.0420432718165,149.95485766912722,-4.344638163970049e-08,-2.6751812518327002e-08,-65.16772995180641
I4,12,N8,18.714368629298715,78.62697542147606,64.0091954229297,1.1576901376993558e-07,-64.00919530716068,56.49684800386153,-3616.317778118144,480.0689665402403,-2.553531372900535,-2.675181253552741e-08,-65.16772983463649
I4,13,N8,78.62697542147606,138.53958198830668,64.0091951938408,1.2598971015944743e-07,-64.00919506785108,56.46684396185452,-3614.397230020255,480.06896489872884,-2.1113400658259125,-2.6751812541282948e-08,-65.16772981561988
I4,14,N8,138.53958198830668,198.45218856410372,64.00919520819812,1.3017548421151699e-07,-64.00919507802264,56.42126369044466,-3611.479674110228,480.068965037802,-2.1341382634206525,-2.675181254363758e-08,-65.16772981373308
I4,15,N8,198.45218856410372,258.3647951674351,64.0091952278367,1.2160865386121477e-07,-64.00919510622805,56.475502641321285,-3614.9514672906316,480.0689651208401,-2.1662088966717357,-2.675181253881693e-08,-65.1677298263977
I4,16,N8,258.3647951674351,294.3977245597161,38.496719580697075,1.2659540424651172e-07,-38.49671945410167,58.51971384197359,-2252.8170063087678,288.72539780469356,-8.220798136946923e-08,-2.675181255772269e-08,-65.16772988257877
I4,17,N8,294.3977245597161,294.39772442770044,1.8079549214354157e-07,2.8196087079923403e-07,1.0116537865569245e-07,60.00000060054072,6.069922780095477e-06,3.470672722070817e-06,-2.675181253376149e-08,-2.6751812680923748e-08,-66.14485569069952
I4,18,N8,294.39772442770044,294.3915533166283,8.855647826644864e-08,0.005776237547497762,0.005776148991019495,67.15000068202566,0.3878684086864409,0.04332244577982021,-2.6751812522303653e-08,-2.6755129214904182e-08,-67.00022511941322
I4,19,N8,294.3915533166283,274.41873006311005,8.071999900170129e-08,18.694562636011526,18.694562555291526,69.89326792236525,1306.6240693684078,140.20922037548644,-2.675181251780422e-08,-4.19138084667139e-08,-67.00060615817894
I4,20,N8,274.41873006311005,211.5466797890581,8.952965219616545e-08,58.84823913494923,58.84823904541958,67.1500008692822,3951.6593030556514,441.3617941835916,-2.6751812522862423e-08,-4.227732244687718e-07,-67.00060626735265
I4,21,N8,211.5466797890581,211.54601210438378,8.957656291713373e-08,0.0006250313328146045,0.0006249417562516874,67.15000113741209,0.04196483964311712,0.004688406820331412,-2.675181252288936e-08,-2.6752171343835547e-08,-67.00060628474255
I4,22,N8,211.54601210438378,211.54579673374323,9.175248866810098e-08,0.00020166730354045624,0.00020157555105178814,67.15000074258722,0.013535798402815002,0.0015131929202184327,-2.6751812524138694e-08,-2.6751928261839345e-08,-67.00060630213217
I4,23,N8,211.54579673374323,211.54556591388098,9.400408202671443e-08,0.00021612974765337876,0.00021603574357135203,67.15000069292606,0.014506800330513084,0.0016216781380155411,-2.675181252543147e-08,-2.6751936565701654e-08,-67.00060631952172
I4,24,N8,211.54556591388098,211.54534326541634,9.504799168319144e-08,0.0002084822340722856,0.0002083871860806024,67.15000067299853,0.013993199685556722,0.001564329615479766,-2.675181252603085e-08,-2.6751932174769028e-08,-67.00060633691116
I4,1,N9,107.57132452154326,105.68005019103519,1.0214846614299014e-07,1.770232862847423,1.770232760698957,67.15000022382397,118.87113027715547,13.27674723746917,-3.603801398265487e-08,-3.786464316746917e-08,-63.53481367647725
I4,2,N9,105.68005019103519,104.96002285607393,1.0227740456062025e-07,0.6739456751285701,0.6739455728511655,67.15000023829228,45.255445377551794,5.05459333054481,-3.6038013982771025e-08,-3.6712391099657165e-08,-63.534814761119605
I4,3,N9,104.96002285607393,95.42625343899022,1.025716960855916e-07,8.923608264253017,8.92360816168132,67.15000032128313,599.2202909239054,66.92706275118536,-3.603801398303618e-08,-4.477818438243423e-08,-63.53481554613498
I4,4,N9,95.42625343899022,95.42603431580054,1.0253843360656288e-07,0.00020518913904199113,0.00020508660060838455,67.15000030745892,0.013771565293908728,0.0015396875810669828,-3.603801398300622e-08,-3.6038198762738655e-08,-63.534815724010556
I4,5,N9,95.42603431580054,59.351981592216625,1.0240288674203889e-07,33.7653134389893,33.765313336586416,67.1500003358842,2267.340801893013,253.23985156044142,-3.60380139828841e-08,-1.311879705285926e-07,-63.53481590188226
I4,6,N9,59.351981592216625,7.308013871813935,1.0229944279068119e-07,48.71315387592105,48.713153773621606,67.15000040876527,3271.088295810936,365.34865483665374,-3.6038013982790884e-08,-8.013304356713722e-07,-63.53481591073327
I4,7,N9,7.308013871813935,6.694385312081498,1.0220836110904094e-07,0.574356421453897,0.5743563192455359,67.15000065551232,38.56802721383537,4.307673927466936,-3.6038013982708834e-08,-3.661228350280638e-08,-63.53481562892882
I4,8,N9,6.694385312081498,2.7444541616425164,1.0224409161943596e-07,3.697135646386526,3.6971355441424345,67.15000067517151,248.26265428536507,27.72851811472963,-3.603801398274102e-08,-3.9827493927384635e-08,-63.53481531775953
I4,9,N9,2.7444541616425164,2.430363152595596e-06,1.0248881344938403e-07,2.5688069102675244,2.568806807778711,67.15000055356913,172.4953785643526,19.266052595672534,-3.6038013982961515e-08,-3.860173364554204e-08,-63.53481452331271
I4,10,N9,2.430363152595596e-06,2.4800102447445367e-06,2.6511798349369916e-07,1.8579912661548774e-07,-7.931885687821141e-08,60.00000065153301,-4.759131464371538e-06,3.381878325818902e-06,-3.603801405738337e-08,-3.603801414071526e-08,-62.5963709726534
I4,11,N9,2.4800102447445367e-06,3.3326238327103656e-06,1.0373091606314855e-06,1.1073608805658599e-07,-9.265730725748995e-07,58.930995341529325,-5.4603873423497914e-05,8.610339365160536e-06,-3.603801477581085e-08,-3.6038014080751727e-08,-61.586598966770254
I4,12,N9,3.3326238327103656e-06,37.28539503202996,39.83482031528121,1.0829247126558456e-07,-39.834820206988745,57.47016050576257,-2289.3135110138373,298.7611531768026,-2.000724564217211e-07,-3.603801400610542e-08,-60.69487540602563
I4,13,N9,37.28539503202996,56.22558799427074,20.235249020943005,1.1359471633855217e-07,-20.23524890734829,57.44849273941042,-1162.4845499339608,151.76436850903292,-6.62228968325232e-08,-3.6038014010897436e-08,-60.694875376513984
I4,14,N9,56.22558799427074,103.51555513344066,50.523469299863486,1.1747016163713198e-07,-50.52346918239332,57.41557645816894,-2900.834107773646,378.92602063000237,-3.820109428790638e-06,-3.603801401440037e-08,-60.694875380552524
I4,15,N9,103.51555513344066,107.61313782846362,4.377759416815538,1.1149292357804774e-07,-4.3777593053226145,57.454745683064836,-251.5230475489814,32.83319646231346,-4.032451461998825e-08,-3.603801400899782e-08,-60.694875935285715
I4,16,N9,107.61313782846362,107.61313860473909,9.57684499473753e-07,1.1242970965697044e-07,-8.452547898167826e-07,58.93099525706674,-4.9811706009705764e-05,8.025856568480427e-06,-3.6038014698280634e-08,-3.6038014086913435e-08,-61.557731170741526
I4,17,N9,107.61313860473909,107.61313913524587,7.016506503350526e-07,1.1815897248136017e-07,-5.834916778536924e-07,60.00000060347474,-3.500950102334403e-05,6.148572171123096e-06,-3.6038014443769964e-08,-3.603801409475482e-08,-62.496871967171614
I4,18,N9,107.61313913524587,107.57280107295172,1.1656774111366977e-07,0.03775652843186517,0.03775641186412406,67.15000065278132,2.535343081322611,0.28317483749704714,-3.603801399564625e-08,-3.607205990352913e-08,-63.534361621510875
I4,19,N9,107.57280107295172,107.57138055370926,1.1977938773870707e-07,0.0013297109491826344,0.0013295911697948958,67.1500007007578,0.08928204798344863,0.009973730464277797,-3.603801399853987e-08,-3.6039211966216975e-08,-63.534419909446555
I4,20,N9,107.57138055370926,107.57138066012787,3.4569588000234534e-07,2.032549583828575e-07,-1.4244092161948785e-07,67.15000071940797,-9.564907989221744e-06,4.117131287889022e-06,-3.60380142020846e-08,-3.6038014073749126e-08,-63.53447621409928
I4,21,N9,107.57138066012787,107.57133275526509,1.2388921117563543e-07,4.4947490410202744e-05,4.4823601199027106e-05,67.15000084493028,0.0030099048583874877,0.00033803534716033784,-3.603801400224271e-08,-3.6038054387171374e-08,-63.53453251889375
I4,22,N9,107.57133275526509,107.57132488024047,1.2994659610194246e-07,7.484868740391704e-06,7.354922144289762e-06,67.15000068982766,0.0004938830270626863,5.711111502370235e-05,-3.603801400770025e-08,-3.6038020634290995e-08,-63.534588759152385
I4,23,N9,107.57132488024047,107.57132461949415,1.7080456907015704e-07,3.9369975382184816e-07,2.2289518475169112e-07,67.15000066765563,1.4967411804893284e-05,4.2337824216900385e-06,-3.6038014044512196e-08,-3.603801424533482e-08,-63.534644988814726
I4,24,N9,107.57132461949415,107.57132452154326,2.0592096903578593e-07,2.7208857350586645e-07,6.616760447008053e-08,67.15000065598777,4.443154683571047e-06,3.5850715690623927e-06,-3.6038014076151127e-08,-3.6038014135766384e-08,-63.53470121812458
