node,x_power_mw,x_energy_mwh,energy_power_ratio_h
N1,0.0,0.0,0.0
N2,0.0,1.6782614893677728e-09,0.0
N3,9.555005082481248,19.110010170083143,2.0000000005359126
N4,0.0,0.0,0.0
N5,0.0,0.0,0.0
N6,0.0,0.0,0.0
N7,0.0,1.6776393339268842e-09,0.0
N8,5.092182866696725e-10,1.1785502994612408e-08,0.0
N9,30.24345909876619,60.48691820265012,2.000000000169218
