{
  "model": "Single Investor Primal-Dual MPEC",
  "investor": "I1",
  "wacc": 0.08,
  "solver_status": "ok",
  "termination": "optimal",
  "profit_eur_per_day": 554.9340955668999,
  "spot_revenue_eur_per_day": 2279.499175416528,
  "degradation_cost_eur_per_day": 1161.8986005211561,
  "capex_daily_eur_per_day": 562.6664792983489,
  "lower_level_primal_objective_eur_per_day": 433795.06565324456,
  "lower_level_dual_objective_eur_per_day": 433795.05516130745,
  "strong_duality_gap": 0.010491937107872218,
  "total_power_mw": 39.79846418175666,
  "total_energy_mwh": 79.59692838787467,
  "total_charge_mwh": 82.5756323479652,
  "total_discharge_mwh": 72.34418105485561,
  "total_storage_throughput_mwh": 154.9198134028208,
  "total_load_shed_mwh": 0.0,
  "equivalent_cycles_throughput_over_2e": 0.9731519578739196,
  "equivalent_cycles_discharge_over_e": 0.9088815676695898,
  "line_limits_mw": {
    "L14": 400.0,
    "L45": 400.0,
    "L46": 200.0,
    "L69": 200.0,
    "L57": 400.0,
    "L93": 400.0,
    "L72": 400.0,
    "L98": 200.0,
    "L78": 200.0
  },
  "existing_power_mw_per_node": 0.0,
  "existing_ratio_hours": 2.0,
  "storage_units": [
    "I1",
    "RIV"
  ],
  "demand_model": "quadratic",
  "load_shed_allowed": true,
  "quadratic_demand_alpha_eur_per_mwh": 4000,
  "quadratic_demand_beta_eur_per_mwh_per_share": 10000,
  "quadratic_demand_source": "fixed_default"
}