{
  "model": "Single Investor Primal-Dual MPEC",
  "investor": "I3",
  "wacc": 0.08,
  "solver_status": "ok",
  "termination": "optimal",
  "profit_eur_per_day": 138759.1726492121,
  "spot_revenue_eur_per_day": 4982.315416146375,
  "degradation_cost_eur_per_day": 4097.735506344387,
  "capex_daily_eur_per_day": 1835.6072105476367,
  "lower_level_primal_objective_eur_per_day": 433859.7163071053,
  "lower_level_dual_objective_eur_per_day": 433859.70580166107,
  "strong_duality_gap": 0.010505444253794849,
  "total_power_mw": 93.05059761598379,
  "total_energy_mwh": 272.58595251253155,
  "total_charge_mwh": 291.22429472424267,
  "total_discharge_mwh": 255.14043945500896,
  "total_storage_throughput_mwh": 546.3647341792516,
  "total_load_shed_mwh": 0.0,
  "equivalent_cycles_throughput_over_2e": 1.002187987207693,
  "equivalent_cycles_discharge_over_e": 0.9359999556223626,
  "line_limits_mw": {
    "L14": 400.0,
    "L45": 400.0,
    "L46": 200.0,
    "L69": 200.0,
    "L57": 400.0,
    "L93": 400.0,
    "L72": 400.0,
    "L98": 200.0,
    "L78": 200.0
  },
  "existing_power_mw_per_node": 0.0,
  "existing_ratio_hours": 2.0,
  "storage_units": [
    "I3",
    "RIV"
  ],
  "demand_model": "quadratic",
  "load_shed_allowed": true,
  "quadratic_demand_alpha_eur_per_mwh": 4000,
  "quadratic_demand_beta_eur_per_mwh_per_share": 10000,
  "quadratic_demand_source": "fixed_default"
}