node,x_power_mw,x_energy_mwh,energy_power_ratio_h
N1,4.954956813089926e-07,9.910734489075183e-07,2.0001656649949324
N2,11.430439609536549,22.860879216225765,1.999999999750899
N3,4.921575908586338e-07,9.84951608632568e-07,2.0012931364406876
N4,4.2993886983841775e-07,8.597335639899622e-07,1.9996646600319543
N5,4.1623793393033207e-07,8.308064135684496e-07,1.9959891827338976
N6,0.12731563400639845,0.25463126295652844,1.9999999602855651
N7,39.42563118092755,78.85126304241055,2.0000000172617516
N8,33.9202456372088,158.74674964548922,4.680000001867676
N9,4.0753130536944154e-07,8.160217118683797e-07,2.002353441605246
