{
  "model": "Single Investor Primal-Dual MPEC",
  "investor": "I2",
  "wacc": 0.12,
  "solver_status": "ok",
  "termination": "optimal",
  "profit_eur_per_day": 7101.087336223525,
  "spot_revenue_eur_per_day": 16383.066433534426,
  "degradation_cost_eur_per_day": 7086.437832624369,
  "capex_daily_eur_per_day": 2195.541264686533,
  "lower_level_primal_objective_eur_per_day": 434874.48410195095,
  "lower_level_dual_objective_eur_per_day": 434874.47315207,
  "strong_duality_gap": 0.010949880932457745,
  "total_power_mw": 84.90363430304069,
  "total_energy_mwh": 260.71352764966883,
  "total_charge_mwh": 503.6300794154174,
  "total_discharge_mwh": 441.2282982678317,
  "total_storage_throughput_mwh": 944.858377683249,
  "total_load_shed_mwh": 0.0,
  "equivalent_cycles_throughput_over_2e": 1.812062431514664,
  "equivalent_cycles_discharge_over_e": 1.692387434766054,
  "line_limits_mw": {
    "L12": 350.0,
    "L23": 400.0,
    "L34": 300.0,
    "L45": 320.0,
    "L56": 240.0,
    "L67": 300.0,
    "L78": 250.0,
    "L89": 220.0,
    "L29": 250.0,
    "L37": 300.0,
    "L16": 280.0,
    "L59": 300.0
  },
  "existing_power_mw_per_node": 0.0,
  "existing_ratio_hours": 2.0,
  "storage_units": [
    "I2",
    "RIV"
  ],
  "demand_model": "quadratic",
  "load_shed_allowed": true,
  "quadratic_demand_alpha_eur_per_mwh": 4000,
  "quadratic_demand_beta_eur_per_mwh_per_share": 10000,
  "quadratic_demand_source": "fixed_default"
}