{
  "model": "Single Investor Primal-Dual MPEC",
  "investor": "I1",
  "wacc": 0.08,
  "solver_status": "ok",
  "termination": "optimal",
  "profit_eur_per_day": 3971505.7090550237,
  "spot_revenue_eur_per_day": 3989897.725099206,
  "degradation_cost_eur_per_day": 15007.268775672861,
  "capex_daily_eur_per_day": 3384.747268509452,
  "lower_level_primal_objective_eur_per_day": 2751537.064218647,
  "lower_level_dual_objective_eur_per_day": 2751537.0642187176,
  "strong_duality_gap": 7.078051567077637e-08,
  "total_power_mw": 181.49710436599707,
  "total_energy_mwh": 499.1501249432056,
  "total_charge_mwh": 1066.5601174405333,
  "total_discharge_mwh": 934.4090526491816,
  "total_storage_throughput_mwh": 2000.969170089715,
  "total_load_shed_mwh": 200.68055274267564,
  "equivalent_cycles_throughput_over_2e": 2.004376108607996,
  "equivalent_cycles_discharge_over_e": 1.8720000375748693,
  "line_limits_mw": {
    "L12": 400.0,
    "L14": 400.0,
    "L15": 400.0,
    "L23": 400.0,
    "L34": 240.0,
    "L45": 240.0
  }
}