{
  "model": "Single Investor Primal-Dual MPEC",
  "investor": "I4",
  "wacc": 0.08,
  "solver_status": "ok",
  "termination": "optimal",
  "profit_eur_per_day": 207917.90332259226,
  "spot_revenue_eur_per_day": 1865.5524554439207,
  "degradation_cost_eur_per_day": 1589.7548011738807,
  "capex_daily_eur_per_day": 727.0439017155924,
  "lower_level_primal_objective_eur_per_day": 434624.3470936914,
  "lower_level_dual_objective_eur_per_day": 434624.3470936897,
  "strong_duality_gap": 1.6880221664905548e-09,
  "total_power_mw": 43.15921051980005,
  "total_energy_mwh": 105.75226676415585,
  "total_charge_mwh": 112.98318786628407,
  "total_discharge_mwh": 98.98411895690002,
  "total_storage_throughput_mwh": 211.9673068231841,
  "total_load_shed_mwh": -2.159393915833499e-06,
  "equivalent_cycles_throughput_over_2e": 1.0021880065034656,
  "equivalent_cycles_discharge_over_e": 0.935999974143818,
  "line_limits_mw": {
    "L14": 400.0,
    "L45": 400.0,
    "L46": 200.0,
    "L69": 200.0,
    "L57": 400.0,
    "L93": 400.0,
    "L72": 400.0,
    "L98": 200.0,
    "L78": 200.0
  },
  "existing_power_mw_per_node": 0.0,
  "existing_ratio_hours": 2.0,
  "storage_units": [
    "I4",
    "RIV"
  ],
  "demand_model": "quadratic",
  "load_shed_allowed": true,
  "quadratic_demand_alpha_eur_per_mwh": 4000,
  "quadratic_demand_beta_eur_per_mwh_per_share": 10000,
  "quadratic_demand_source": "fixed_default"
}