unit,hour,node,soc_start_mwh,soc_end_mwh,p_charge_mw,p_discharge_mw,net_injection_mw,lambda_eur_per_mwh,spot_revenue_eur,degradation_cost_eur,rho_charge_dual,sigma_discharge_dual,gamma_soc_transition_dual
I1,1,N1,6.432591789994071e-05,6.422061983004233e-05,1.8485797670935867e-07,2.605123273880433e-07,7.565435067868462e-08,67.15000045345026,5.080189682379157e-06,3.340277280730515e-06,-0.12162703105975786,-0.12271571639265165,-65.66125864728745
I1,2,N1,6.422061983004233e-05,6.411532133311953e-05,1.8485786987259063e-07,2.605126334836397e-07,7.565476361104905e-08,67.15000045412987,5.080217410839031e-06,3.3402787751717277e-06,-0.1216321658962679,-0.12270544968283574,-65.66112704759715
I1,3,N1,6.411532133311953e-05,6.401001629741502e-05,1.8485587478210402e-07,2.6051700589252724e-07,7.566113111042322e-08,67.15000039341459,5.080644983831112e-06,3.3402966050597343e-06,-0.12164707518389564,-0.12268922918766464,-65.66040990331
I1,4,N1,6.401001629741502e-05,6.390469870552786e-05,1.848520488817399e-07,2.6052540662346424e-07,7.567335774172435e-08,67.14999835280463,5.0814658477079856e-06,3.340330916289031e-06,-0.12166795176754408,-0.12266660357730619,-65.65912254480558
I1,5,N1,6.390469870552786e-05,6.37993622954658e-05,1.8484632195182332e-07,2.605380030947937e-07,7.56916811429704e-08,67.14999852967674,5.082696277459223e-06,3.3403824378496278e-06,-0.12169553078195672,-0.12263492157231101,-65.65728844438999
I1,6,N1,6.37993622954658e-05,6.369400073604452e-05,1.8483867564986032e-07,2.6055484400045463e-07,7.571616835059431e-08,67.15000036921376,5.084340732697859e-06,3.340451397377362e-06,-0.1217342782153691,-0.12258886053027365,-65.65494122711523
I1,7,N1,6.369400073604452e-05,6.358860766314586e-05,1.848291010092279e-07,2.605759523109234e-07,7.574685130169549e-08,67.15000057377179,5.086401108370259e-06,3.340537899901135e-06,-0.12179146615520697,-0.12252070571960526,-65.652128752615
I1,8,N1,6.358860766314586e-05,6.348317649489924e-05,1.8481753059070198e-07,2.606014727592426e-07,7.578394216854064e-08,67.15000061892206,5.088891763521858e-06,3.3406425251245844e-06,-0.12187524039049083,-0.12242149233870879,-65.64891853731757
I1,9,N1,6.348317649489924e-05,6.337770047968398e-05,1.848039126849904e-07,2.606315189291584e-07,7.582760624416798e-08,67.1500004952653,5.091823796850662e-06,3.3407657371061154e-06,-0.121993279389004,-0.12228306370486268,-65.64540282383717
I1,10,N1,6.337770047968398e-05,6.358849592977434e-05,3.9353359950138737e-07,1.4746867110418696e-07,-2.4606492839720043e-07,60.00000068005116,-1.4763895871168766e-05,4.0575170295418075e-06,-0.1235845825541429,-0.12147780183422557,-65.64170081296756
I1,11,N1,6.358849592977434e-05,6.379923458657379e-05,3.934829436849231e-07,1.4747745026629425e-07,-2.4600549341862886e-07,60.00000057916004,-1.4760329747594282e-05,4.057202954634131e-06,-0.12371235543089514,-0.12135084582785244,-65.63880281308805
I1,12,N1,6.379923458657379e-05,6.400993546574472e-05,3.9344925590318325e-07,1.4748329639576785e-07,-2.4596595950741543e-07,60.000000554707114,-1.4757957706883993e-05,4.056994142242133e-06,-0.12378873699059655,-0.12127178179084719,-65.63681871029745
I1,13,N1,6.400993546574472e-05,6.422061733756496e-05,3.934323041850355e-07,1.4748623594355482e-07,-2.459460682414807e-07,60.00000053581688,-1.4756764226270898e-05,4.0568890509644274e-06,-0.12382558665087064,-0.12123480843618026,-65.63582037359681
I1,14,N1,6.422061733756496e-05,6.443129893824848e-05,3.934320666648936e-07,1.474862816370689e-07,-2.459457850278247e-07,60.00000051318122,-1.4756747227884242e-05,4.0568876122647186e-06,-0.12382274389681332,-0.12123641672251873,-65.63584263005237
I1,15,N1,6.443129893824848e-05,6.464199896717524e-05,3.934485039089557e-07,1.4748343340518428e-07,-2.4596507050377145e-07,60.00000048574817,-1.4757904349703369e-05,4.0569895298560495e-06,-0.12378234673611999,-0.121276838685515,-65.63688373565087
I1,16,N1,6.464199896717524e-05,6.485273622578964e-05,3.934817077626611e-07,1.4747767618095618e-07,-2.460040315817049e-07,60.000000544305124,-1.476024202880355e-05,4.0571953795771295e-06,-0.12370061815758195,-0.12135986863012453,-65.63890556032247
I1,17,N1,6.485273622578964e-05,6.50635296516335e-05,3.9353179676834005e-07,1.4746898643168855e-07,-2.460628103366515e-07,60.000000618584004,-1.4763768772409609e-05,4.057505874000215e-06,-0.12357305742601316,-0.12149149136648664,-65.6418324161332
I1,18,N1,6.50635296516335e-05,6.495805186605266e-05,1.848033725800835e-07,2.606327028075986e-07,7.582933022751513e-08,67.15000051840458,5.091939564087913e-06,3.3407705654076157e-06,-0.1219774313660466,-0.12230158261476647,-65.64555105257207
I1,19,N1,6.495805186605266e-05,6.485264276078997e-05,1.8482495071050883e-07,2.605873225435552e-07,7.576237183304635e-08,67.14942748603575,5.087399893573223e-06,3.34059204940548e-06,-0.12185589524211124,-0.12244467612589661,-65.64906726481473
I1,20,N1,6.485264276078997e-05,6.474725342933529e-05,1.8483041890570105e-07,2.605736049231852e-07,7.574318601748414e-08,67.14985223103507,5.086143748581862e-06,3.3405301787166467e-06,-0.12176807605787208,-0.12254867476948939,-65.65225831396683
I1,21,N1,6.474725342933529e-05,6.46418889241091e-05,1.8483778452464547e-07,2.605568205626081e-07,7.57190360379626e-08,67.15000059742708,5.084533315185792e-06,3.3404595381544014e-06,-0.12170566144181887,-0.12262085786742664,-65.65502857220788
I1,22,N1,6.46418889241091e-05,6.453654905102362e-05,1.8484528419586722e-07,2.6054033531088483e-07,7.569505111501761e-08,67.15000061192428,5.082922728693073e-06,3.3403921463006403e-06,-0.12166325341464995,-0.12266872596646998,-65.65730774686207
I1,23,N1,6.453654905102362e-05,6.443122747581941e-05,1.8485085220546755e-07,2.60528086604939e-07,7.567723439947143e-08,67.15000056786569,5.081726332899011e-06,3.340342041078049e-06,-0.12163758759330606,-0.12269833904764298,-65.65904713400617
I1,24,N1,6.443122747581941e-05,6.432591789994071e-05,1.8485447754630597e-07,2.605200313828697e-07,7.566555383656373e-08,67.15000053953737,5.080941980949649e-06,3.3403088169688175e-06,-0.12162808566272436,-0.12271410823588923,-65.66021580557083
I1,1,N2,6.438441022252492e-05,6.432744560200043e-05,2.017949082963065e-07,2.3011059678968183e-07,2.8315688493375337e-08,67.15000059720506,1.9013984992404266e-06,3.2392912881449127e-06,-0.12092295704894299,-0.12144997896027498,-66.90310974140705
I1,2,N2,6.432744560200043e-05,6.427048071755323e-05,2.0179482139998e-07,2.301107676918146e-07,2.8315946291834604e-08,67.15000060880621,1.9014158107356175e-06,3.2392919181884595e-06,-0.12092563384761046,-0.12144299375972904,-66.90306620261381
I1,3,N2,6.427048071755323e-05,6.421351261006316e-05,2.017933315199019e-07,2.3011247918195338e-07,2.8319147662051468e-08,67.15000056348244,1.9016307814640983e-06,3.2392935802639144e-06,-0.12096743529272994,-0.12144992826329624,-66.90295523452033
I1,4,N2,6.421351261006316e-05,6.415653851751063e-05,2.017905860283741e-07,2.3011567588629126e-07,2.832508985791715e-08,67.14999853562271,1.9020297424805185e-06,3.23929696435999e-06,-0.12103118053524772,-0.12147228695019495,-66.90277660722329
I1,5,N2,6.415653851751063e-05,6.409955555081757e-05,2.0178657262027597e-07,2.3012046595101994e-07,2.8333893330743976e-08,67.14999869833315,1.9026209002781682e-06,3.2393027892847194e-06,-0.12110656871733855,-0.12150942900228502,-66.9025267066014
I1,6,N2,6.409955555081757e-05,6.404256084784612e-05,2.0178134265136688e-07,2.3012686915277246e-07,2.8345526501405582e-08,67.15000051555593,1.9034021191830892e-06,3.239311588531045e-06,-0.12118677136040279,-0.12155810185642688,-66.90219792440305
I1,7,N2,6.404256084784612e-05,6.398555158146333e-05,2.017749532321809e-07,2.3013490276119611e-07,2.835994952901522e-08,67.15000069887037,1.9043706306933004e-06,3.2393239199503275e-06,-0.12126806666443177,-0.12161165312066292,-66.90178071631436
I1,8,N2,6.398555158146333e-05,6.392852473263965e-05,2.0176736238285307e-07,2.3014470961313198e-07,2.8377347230278908e-08,67.15000076815953,1.9055388883115585e-06,3.239340539969888e-06,-0.1213518071557167,-0.12165890762585987,-66.9012685985248
I1,9,N2,6.392852473263965e-05,6.387147699712595e-05,2.017584804063294e-07,2.3015647809089558e-07,2.839799768456618e-08,67.15000062666871,1.9069255623147558e-06,3.2393621887291873e-06,-0.12144714295513603,-0.12168289477823502,-66.90066646648275
I1,10,N2,6.387147699712595e-05,6.416908377577e-05,4.7391462035961865e-07,1.3663475842774338e-07,-3.372798619318753e-07,60.00000076794806,-2.0236791974925935e-05,4.579120340905215e-06,-0.1186488240782595,-0.12113343597785796,-66.90000190469787
I1,11,N2,6.416908377577e-05,6.42481235460933e-05,2.820117538935257e-07,1.7308814451649913e-07,-1.0892360937702658e-07,64.11119865702075,-6.9832231592102795e-06,3.4132492380751868e-06,-0.12224956931287757,-0.12142103161320977,-66.90004356091575
I1,12,N2,6.42481235460933e-05,6.430580348221819e-05,2.6670206517371047e-07,1.796681922775305e-07,-8.703387289617997e-08,64.53667766584682,-5.616877001111049e-06,3.3477769308843074e-06,-0.1218031113585902,-0.12185636876834344,-66.90033923840568
I1,13,N2,6.430580348221819e-05,6.435729546639486e-05,2.6243860689887257e-07,1.8172491656031778e-07,-8.071369033855479e-08,64.68896986207093,-5.221285481767296e-06,3.3312264259439276e-06,-0.12166285010493007,-0.12199330924520696,-66.90057010213368
I1,14,N2,6.435729546639486e-05,6.43549018774517e-05,2.2887946661093013e-07,2.0276078443075848e-07,-2.6118682180171645e-08,66.27441991948056,-1.7310005105521498e-06,3.2373018828126648e-06,-0.12166133392102825,-0.12183084121121002,-66.90061687410005
I1,15,N2,6.43549018774517e-05,6.44067735570354e-05,2.6269789936617826e-07,1.8159668675278235e-07,-8.110121261339591e-08,64.67958410558751,-5.245592702293275e-06,3.3322093958922047e-06,-0.12176415538003688,-0.1218783872459262,-66.90050656305847
I1,16,N2,6.44067735570354e-05,6.448581441718338e-05,2.8201251796314046e-07,1.7308779383891637e-07,-1.0892472412422409e-07,64.11120096333977,-6.983294878204474e-06,3.413252338515426e-06,-0.12223827190678689,-0.12143433954124788,-66.9003071869242
I1,17,N2,6.448581441718338e-05,6.478343506971038e-05,4.7392922807333824e-07,1.366345702328645e-07,-3.3729465784047377e-07,60.00000069586806,-2.0237679705141004e-05,4.579228487296521e-06,-0.11820251125835633,-0.12114763521615936,-66.90035119949148
I1,18,N2,6.478343506971038e-05,6.472638793857513e-05,2.0175877650881892e-07,2.3015617180686093e-07,2.8397395298042005e-08,67.15000074045396,1.9068851152904845e-06,3.239362112367599e-06,-0.1214149610394192,-0.12170548968294735,-66.90106912664476
I1,19,N2,6.472638793857513e-05,6.46693468854223e-05,2.0176125885262404e-07,2.3015265758681223e-07,2.8391398734188194e-08,67.15037891298769,1.9064931828704563e-06,3.239354373295772e-06,-0.12131367243427535,-0.12168760470318217,-66.90170367257873
I1,20,N2,6.46693468854223e-05,6.461233389572751e-05,2.0177339464163025e-07,2.3013702230625992e-07,2.8363627664629668e-08,67.15009903798459,1.9046204067564018e-06,3.2393281271091763e-06,-0.12122578885555846,-0.12164535998121205,-66.90222172193457
I1,21,N2,6.461233389572751e-05,6.455533891989792e-05,2.01781282919112e-07,2.3012707221679562e-07,2.8345789297683625e-08,67.15000089843814,1.9034197768063936e-06,3.2393126635193074e-06,-0.1211420448226615,-0.12159578058278432,-66.90261441781097
I1,22,N2,6.455533891989792e-05,6.44983552521534e-05,2.0178632646243583e-07,2.3012090647731384e-07,2.833458001487801e-08,67.15000081217094,1.902667071011581e-06,3.2393042470481224e-06,-0.12106239534038957,-0.1215495053152025,-66.90288606049988
I1,23,N2,6.44983552521534e-05,6.444138001835682e-05,2.0179012865167387e-07,2.3011634338480465e-07,2.832621473313078e-08,67.15000073113616,1.9021053400400518e-06,3.239298540273589e-06,-0.12099499943577599,-0.12151210550906882,-66.90304659603046
I1,24,N2,6.444138001835682e-05,6.438441022252492e-05,2.017925558847572e-07,2.3011337993907575e-07,2.8320824054318558e-08,67.15000069350783,1.9017433548882045e-06,3.239294518678747e-06,-0.12095851421061153,-0.12148522459070074,-66.90310821230497
I1,1,N3,6.441226519592023e-05,6.420578583115468e-05,1.6153728455020115e-07,3.3478685426583803e-07,1.7324956971563687e-07,67.15000056252416,1.1633708703862084e-05,3.722431041120294e-06,-0.12145052848815377,-0.12288407744419158,-63.14142465551142
I1,2,N3,6.420578583115468e-05,6.39993066227262e-05,1.6153734730262548e-07,3.3478676291150497e-07,1.7324941560887948e-07,67.15000058179841,1.1633698358932491e-05,3.7224308266059787e-06,-0.12144122546897158,-0.12288598522407201,-63.141419645331055
I1,3,N3,6.39993066227262e-05,6.379281170627422e-05,1.6153473671033972e-07,3.347991784920321e-07,1.732644417816924e-07,67.15000054314652,1.1634707359748623e-05,3.722504364017789e-06,-0.12141595989811607,-0.12289828037949774,-63.14071249599292
I1,4,N3,6.379281170627422e-05,6.358628530485644e-05,1.6152947399906656e-07,3.3482403777972936e-07,1.732945637806628e-07,67.1499985218378,1.1636729701714034e-05,3.7226513383409695e-06,-0.12137488530083479,-0.12291995675887742,-63.13929006930827
I1,5,N3,6.358628530485644e-05,6.337971125844817e-05,1.6152149272414818e-07,3.348616411277951e-07,1.733401484036469e-07,67.1499986812698,1.1639790736716002e-05,3.7228735038895744e-06,-0.12131995175101794,-0.12294787058760717,-63.13713159822279
I1,6,N3,6.337971125844817e-05,6.317307323062093e-05,1.6151076716964386e-07,3.349121311205527e-07,1.7340136395090886e-07,67.15000047715246,1.1643901672042417e-05,3.723171737176474e-06,-0.12125632727042292,-0.1229753447899678,-63.13421286869366
I1,7,N3,6.317307323062093e-05,6.296635471601477e-05,1.6149727235591426e-07,3.349756439932941e-07,1.7347837163737986e-07,67.15000064278463,1.1649072766959289e-05,3.723546872619063e-06,-0.12119461847703145,-0.12299027185566937,-63.13051401359625
I1,8,N3,6.296635471601477e-05,6.275953850413912e-05,1.6148087881012782e-07,3.3505272631766114e-07,1.7357184750753332e-07,67.1500006664958,1.165534967581577e-05,3.724002038458417e-06,-0.12115343110925358,-0.12297283158929666,-63.126032598445704
I1,9,N3,6.275953850413912e-05,6.255260649455276e-05,1.6146141575193154e-07,3.351440614674316e-07,1.7368264571550008e-07,67.15000053527295,1.1662789752763453e-05,3.724541079145224e-06,-0.12116241242666231,-0.12289320138884201,-63.120803793734936
I1,10,N3,6.255260649455276e-05,6.265610358217198e-05,3.047395779213939e-07,1.701078512470404e-07,-1.3463172667435347e-07,60.000000690037474,-8.077903693362145e-06,3.561355718763257e-06,-0.12246990832368092,-0.12166807850678536,-63.114928581457036
I1,11,N3,6.265610358217198e-05,6.304505226514465e-05,5.672483382291524e-07,1.3290803286679309e-07,-4.343403053623593e-07,55.621407475790434,-2.415861910771903e-05,5.2511727832195915e-06,-0.1229649010335734,-0.12133351593592581,-63.10946583343577
I1,12,N3,6.304505226514465e-05,6.3509248722581e-05,6.430830866430175e-07,1.2891463571517076e-07,-5.141684509278468e-07,55.16825488285509,-2.836577615351022e-05,5.789982917686412e-06,-0.12533524945515467,-0.12144584895996216,-63.1054861904261
I1,13,N3,6.3509248722581e-05,6.399955479667259e-05,6.696693411404645e-07,1.2776814574605914e-07,-5.419011953944054e-07,55.00605743899321,-2.9807848280123744e-05,5.9807811516489275e-06,-0.12552447045264803,-0.12152456581644785,-63.10307566523867
I1,14,N3,6.399955479667259e-05,6.487779634578933e-05,1.0730698273551678e-06,1.1807809349329685e-07,-9.54991733861871e-07,53.317488616342864,-5.091776089888184e-05,8.933609406363484e-06,-0.1310510167904675,-0.12174903353426712,-63.102238178930506
I1,15,N3,6.487779634578933e-05,6.536651004942022e-05,6.680440105885422e-07,1.2783465890206305e-07,-5.402093516864792e-07,55.016053511489346,-2.9720186599790307e-05,5.969090021179539e-06,-0.12566349067188232,-0.12135858162863239,-63.104545000377854
I1,16,N3,6.536651004942022e-05,6.575560462993559e-05,5.674072227709083e-07,1.3291067087831717e-07,-4.3449655189259116e-07,55.62140491670495,-2.4167308647729917e-05,5.252384202369191e-06,-0.11859994327087323,-0.121224942675464,-63.1085713439226
I1,17,N3,6.575560462993559e-05,6.585908578547987e-05,3.0472734226497726e-07,1.7011204405952911e-07,-1.3461529820544815e-07,60.0000006119066,-8.076917974698878e-06,3.561295397433798e-06,-0.12259123164294394,-0.12159497472595249,-63.11394098377888
I1,18,N3,6.585908578547987e-05,6.565213511072415e-05,1.6145836843195742e-07,3.351588623211226e-07,1.737004938891652e-07,67.15000062768162,1.1663988273686052e-05,3.7246292306481003e-06,-0.12117171680178199,-0.12284785743595565,-63.11979929535295
I1,19,N3,6.565213511072415e-05,6.544530099114385e-05,1.6147795233232988e-07,3.3506692405369427e-07,1.735889717213644e-07,67.15000070240848,1.1656499573019984e-05,3.724086572895181e-06,-0.12114670839651862,-0.12294846493806418,-63.12505191333274
I1,20,N3,6.544530099114385e-05,6.523856512756447e-05,1.6149442099324112e-07,3.3498938456479453e-07,1.734949635715534e-07,67.1500008203321,1.1650186946153297e-05,3.7236285416852673e-06,-0.12118009971586338,-0.12298018183209279,-63.129578704705715
I1,21,N3,6.523856512756447e-05,6.503191016140499e-05,1.6150795981702808e-07,3.349255258891318e-07,1.7341756607210374e-07,67.15000071133028,1.1644989685098933e-05,3.723251142796199e-06,-0.1212395777538699,-0.12297447461097842,-63.13333138908922
I1,22,N3,6.503191016140499e-05,6.48253193550527e-05,1.6151868235878875e-07,3.3487486628555424e-07,1.733561839267655e-07,67.15000068961274,1.1640867870230935e-05,3.722951614832572e-06,-0.12130522676905235,-0.12295246616539493,-63.136304407601834
I1,23,N3,6.48253193550527e-05,6.461877639620305e-05,1.6152666423352705e-07,3.3483707391160356e-07,1.733104096780765e-07,67.15000066301558,1.163779412479034e-05,3.72272803608848e-06,-0.1213651166689637,-0.12292718232675047,-63.13851360114968
I1,24,N3,6.461877639620305e-05,6.441226519592023e-05,1.6153194438388613e-07,3.3481197381167486e-07,1.7328002942778872e-07,67.15000064698208,1.1635754088185087e-05,3.722579386466707e-06,-0.12141251835511004,-0.12290593895959225,-63.13998204043575
I1,1,N4,6.432636109276914e-05,6.422106277032192e-05,1.848579647091905e-07,2.6051255326046315e-07,7.565458855127264e-08,67.15000055618032,5.080205663295551e-06,3.3402788847724026e-06,-0.12163212813950318,-0.12269540670851047,-65.66111861378499
I1,2,N4,6.422106277032192e-05,6.411576401410256e-05,1.8485783321017926e-07,2.6051284406543027e-07,7.5655010855251e-08,67.15000057032547,5.080234022078085e-06,3.3402800795670715e-06,-0.12164048274327156,-0.12268561011775612,-65.66099666955151
I1,3,N4,6.411576401410256e-05,6.401045876069391e-05,1.8485585808462543e-07,2.605171950349944e-07,7.566133695036899e-08,67.15000052690678,5.080658816083749e-06,3.340297898397149e-06,-0.12165262871860062,-0.12267122095608124,-65.66030111226569
I1,4,N4,6.401045876069391e-05,6.390514101352932e-05,1.848520625344025e-07,2.6052556392419306e-07,7.567350138979057e-08,67.14999850085019,5.081475504878521e-06,3.3403321984394667e-06,-0.12166933651175423,-0.1226513192845193,-65.65904555173982
I1,5,N4,6.390514101352932e-05,6.379980451227312e-05,1.8484636132370635e-07,2.605381229460784e-07,7.569176162237206e-08,67.14999866316893,5.082701691755186e-06,3.3403836320233855e-06,-0.1216934361174556,-0.12262253415169878,-65.6572509092053
I1,6,N4,6.379980451227312e-05,6.369444291977421e-05,1.848387333645731e-07,2.6055492552475005e-07,7.571619216017694e-08,67.15000047194383,5.084342339289671e-06,3.3404524416699236e-06,-0.12172975683455473,-0.1225791691888835,-65.65494814157732
I1,7,N4,6.369444291977421e-05,6.358904987036609e-05,1.848291748619613e-07,2.605759950258669e-07,7.574682016390559e-08,67.15000064733493,5.086399023039824e-06,3.3405387741587114e-06,-0.12178485980457106,-0.1225136302883479,-65.65218254681827
I1,8,N4,6.358904987036609e-05,6.348361878962263e-05,1.8481762204090845e-07,2.606014709754291e-07,7.578384893452064e-08,67.15000067567695,5.088885507158461e-06,3.3406431976225317e-06,-0.12186634550441161,-0.12241740435805426,-65.64901898535135
I1,9,N4,6.348361878962263e-05,6.337814294502768e-05,1.84804026982961e-07,2.606314593645437e-07,7.582743238158269e-08,67.15000054106962,5.0918121254511974e-06,3.340766147606285e-06,-0.1219813125863325,-0.12228291416937495,-65.64554666602386
I1,10,N4,6.337814294502768e-05,6.358893863114175e-05,3.935338145616904e-07,1.4746863859946294e-07,-2.4606517596222747e-07,60.00000070629506,-1.4763910731528267e-05,4.0575183987086495e-06,-0.12359060209155769,-0.12148256549322387,-65.64188112897799
I1,11,N4,6.358893863114175e-05,6.379967753087642e-05,3.9348314497360023e-07,1.4747739922714603e-07,-2.460057457464542e-07,60.00000058746234,-1.4760344889306361e-05,4.057204081505597e-06,-0.12371824108020099,-0.1213585810654265,-65.63901169973535
I1,12,N4,6.379967753087642e-05,6.401037859350802e-05,3.934493836233079e-07,1.4748323657166966e-07,-2.459661470516382e-07,60.000000560216776,-1.4757968960892655e-05,4.056994651462332e-06,-0.12379862468978536,-0.12128141045299747,-65.63704590928685
I1,13,N4,6.401037859350802e-05,6.422106063652897e-05,3.9343241304395753e-07,1.4748617107054044e-07,-2.459462419734171e-07,60.00000054049559,-1.4756774651337887e-05,4.056889380858735e-06,-0.12383654385876426,-0.12124543780453283,-65.63605459726963
I1,14,N4,6.422106063652897e-05,6.443174238583656e-05,3.9343215133138747e-07,1.4748621670092582e-07,-2.459459346304617e-07,60.000000517465644,-1.4756756205096272e-05,4.056887760242349e-06,-0.12383500027182717,-0.1212471953198537,-65.63607191808518
I1,15,N4,6.443174238583656e-05,6.464244256883628e-05,3.934485999582018e-07,1.4748337334123403e-07,-2.459652266169678e-07,60.000000489965,-1.475791371753242e-05,4.056989799745769e-06,-0.12379393355236543,-0.12128671270139572,-65.63709627663644
I1,16,N4,6.464244256883628e-05,6.485318000188873e-05,3.934818386737871e-07,1.4747762759765516e-07,-2.4600421107613194e-07,60.00000055062385,-1.4760252800023703e-05,4.057195997035817e-06,-0.12371021770097616,-0.1213675066051104,-65.63909030987395
I1,17,N4,6.485318000188873e-05,6.506397364495845e-05,3.9353199605385133e-07,1.474689577015446e-07,-2.4606303835230676e-07,60.00000064001017,-1.4763782458621253e-05,4.057507153165469e-06,-0.12357893879060042,-0.12149520799690164,-65.64197992642306
I1,18,N4,6.506397364495845e-05,6.495849599123297e-05,1.8480347716835616e-07,2.6063267102033326e-07,7.58291938519771e-08,67.15000058426733,5.091930411464783e-06,3.340771111415171e-06,-0.12196678333132302,-0.12229952703172578,-65.64565431378432
I1,19,N4,6.495849599123297e-05,6.48530869169705e-05,1.84825030289204e-07,2.60587363245922e-07,7.576233295671797e-08,67.14942755959889,5.087397288623345e-06,3.340592951513445e-06,-0.12184867399966427,-0.12243768301983556,-65.64912103561326
I1,20,N4,6.48530869169705e-05,6.474769752728601e-05,1.8483047351197847e-07,2.605737072666438e-07,7.574323375466534e-08,67.14985231415352,5.086146960422185e-06,3.340531355839667e-06,-0.12176423310313786,-0.12253738674449187,-65.65226172015994
I1,21,N4,6.474769752728601e-05,6.464233287373366e-05,1.8483780140205168e-07,2.6055697418212683e-07,7.571917278007516e-08,67.15000068624286,5.084542504143788e-06,3.340460816881339e-06,-0.12170689717178877,-0.12260557480815767,-65.6549847029504
I1,22,N4,6.464233287373366e-05,6.453699277415666e-05,1.8484526321114203e-07,2.6054052892228975e-07,7.569526571114771e-08,67.15000070721945,5.082937146036733e-06,3.3403934410007382e-06,-0.12166960251698528,-0.12265013635191942,-65.65722358306512
I1,23,N4,6.453699277415666e-05,6.443167092867118e-05,1.8485081221798117e-07,2.6052830455534726e-07,7.567749233736608e-08,67.15000067059574,5.081743661203137e-06,3.3403433757999632e-06,-0.12164648517605403,-0.12267784676269455,-65.65893295022207
I1,24,N4,6.443167092867118e-05,6.432636109276914e-05,1.8485446313541194e-07,2.6052026213938065e-07,7.566579900396872e-08,67.150000646412,5.080958452027779e-06,3.3403104395609445e-06,-0.12163354536653208,-0.12269340143613325,-65.66008377396953
I1,1,N5,6.431711586085174e-05,6.423115319618133e-05,1.9108195835394137e-07,2.478671935175522e-07,5.678523516361084e-08,67.15000059873722,3.813128575235902e-06,3.292118639036202e-06,-0.12180239276360565,-0.12234893102185163,-66.12622345218503
I1,2,N5,6.423115319618133e-05,6.414519014323535e-05,1.9108182549003282e-07,2.4786744054196264e-07,5.678561505192981e-08,67.15000060945528,3.8131540853453798e-06,3.2921194952399656e-06,-0.1218102048470396,-0.12234013311840546,-66.12613141767105
I1,3,N5,6.414519014323535e-05,6.405922202949173e-05,1.910801027106393e-07,2.478706681283935e-07,5.679056541775422e-08,67.15000056365362,3.8134864998124035e-06,3.292130781292746e-06,-0.12181968255349993,-0.1223298008084611,-66.12570293803498
I1,4,N5,6.405922202949173e-05,6.397324427124648e-05,1.9107682321847063e-07,2.478768222319653e-07,5.6799999013494666e-08,67.14999853566825,3.8141198505821245e-06,3.2921523408782697e-06,-0.12183044712285049,-0.1223183018124504,-66.12494699874252
I1,5,N5,6.397324427124648e-05,6.388725207651382e-05,1.9107191087386322e-07,2.47886031098721e-07,5.681412022485777e-08,67.14999869924382,3.815068099197881e-06,3.2921845647943813e-06,-0.12184344104036017,-0.12230449888761706,-66.1238752993156
I1,6,N5,6.388725207651382e-05,6.38012406401073e-05,1.910653630377533e-07,2.4789830477242446e-07,5.6832941734671156e-08,67.15000051773605,3.816332066907631e-06,3.2922275085763333e-06,-0.12186085908917377,-0.1222858036785649,-66.12250317071273
I1,7,N5,6.38012406401073e-05,6.371520519973491e-05,1.9105719866762586e-07,2.4791361971247065e-07,5.685642104484479e-08,67.15000070727771,3.817908713374607e-06,3.2922811378507238e-06,-0.12188599544312287,-0.12225839852917528,-66.12085146352362
I1,8,N5,6.371520519973491e-05,6.362914087189143e-05,1.9104737640729742e-07,2.479320531424142e-07,5.688467673511677e-08,67.15000078613882,3.819806087482344e-06,3.2923457216228373e-06,-0.12192275906938801,-0.12221776572760526,-66.11894904282124
I1,9,N5,6.362914087189143e-05,6.35430426883607e-05,1.9103586768557548e-07,2.479536593206327e-07,5.6917791635057225e-08,67.15000064041257,3.8220297447449616e-06,3.2924214525465615e-06,-0.12197491557237912,-0.1221597472415431,-66.11683510139488
I1,10,N5,6.35430426883607e-05,6.378442108112847e-05,4.212073061650359e-07,1.4308786047132985e-07,-2.7811944569370606e-07,60.00000077633293,-1.6687166957535648e-05,4.232213749772744e-06,-0.12444475052498236,-0.12150386199262227,-66.11455991180634
I1,11,N5,6.378442108112847e-05,6.394523426534781e-05,3.4866149886035776e-07,1.5493980407626546e-07,-1.937216947840923e-07,61.42053653044756,-1.1898490431226554e-05,3.777009772024674e-06,-0.12319747331612312,-0.12155258003380426,-66.11321941032293
I1,12,N5,6.394523426534781e-05,6.409640432877388e-05,3.4041872158136005e-07,1.5674430093575096e-07,-1.836744206456091e-07,61.56755161492559,-1.1308384373440092e-05,3.728722668878333e-06,-0.12302902489318969,-0.1216849070014422,-66.11242721874679
I1,13,N5,6.409640432877388e-05,6.424475267555824e-05,3.3802846698783943e-07,1.5729133522401377e-07,-1.8073713176382566e-07,61.62017288737075,-1.1137053306454444e-05,3.714898516588899e-06,-0.12297338625889424,-0.12173061347449146,-66.11208212936847
I1,14,N5,6.424475267555824e-05,6.436859304065743e-05,3.17711809178766e-07,1.6243146344143285e-07,-1.5528034573733313e-07,62.167990980704964,-9.653467133279275e-06,3.6010745446514913e-06,-0.12276097248933723,-0.12166945444707167,-66.11214364851004
I1,15,N5,6.436859304065743e-05,6.451712297778601e-05,3.3818178213574384e-07,1.5725568544964843e-07,-1.809260966860954e-07,61.61692980749964,-1.1148110599852033e-05,3.7157810068904425e-06,-0.12299668679163483,-0.121705914866981,-66.11257008924161
I1,16,N5,6.451712297778601e-05,6.46779363222889e-05,3.486616302827124e-07,1.549397691894521e-07,-1.9372186109326033e-07,61.42053729984632,-1.1898500795074245e-05,3.7770104960412344e-06,-0.12318023332674445,-0.12157232632886439,-66.11342191019865
I1,17,N5,6.46779363222889e-05,6.491931426657252e-05,4.2120688873494e-07,1.4308791454365954e-07,-2.781189741912804e-07,60.000000699641575,-1.668713864606042e-05,4.232211024589497e-06,-0.12442678224670632,-0.12152507618233811,-66.11480539192105
I1,18,N5,6.491931426657252e-05,6.483321542344303e-05,1.9103563893497485e-07,2.4795407629755956e-07,5.691843736258471e-08,67.15000078432851,3.822073113540317e-06,3.2924228642440077e-06,-0.12195551147803918,-0.12218290765464145,-66.11710537687303
I1,19,N5,6.483321542344303e-05,6.474712048452712e-05,1.9103604554260094e-07,2.4795077818098877e-07,5.691473263838783e-08,67.15073114879155,3.821865909805733e-06,3.292401177926923e-06,-0.12190160172761086,-0.12224290398103825,-66.1192240367869
I1,20,N5,6.474712048452712e-05,6.46610758994684e-05,1.9105384658937914e-07,2.479192423965328e-07,5.6865395807153687e-08,67.15019033836091,3.818522152116601e-06,3.29229816739434e-06,-0.12186317176835768,-0.12228534018314265,-66.12110955223615
I1,21,N5,6.46610758994684e-05,6.457506255857696e-05,1.9106471170634428e-07,2.4789951674147293e-07,5.683480503512865e-08,67.15000094603934,3.816457211876851e-06,3.2922317133586293e-06,-0.12183673668518265,-0.12231417837836345,-66.12272159321161
I1,22,N5,6.457506255857696e-05,6.44890679504284e-05,1.9107108500762454e-07,2.4788756651788213e-07,5.681648151025759e-08,67.15000082288572,3.815226780167268e-06,3.2921898864413e-06,-0.12181884555599126,-0.12233326708522983,-66.12403074948018
I1,23,N5,6.44890679504284e-05,6.440308730887153e-05,1.9107583856411733e-07,2.4787865835990215e-07,5.680281979578482e-08,67.15000073618197,3.814309391104162e-06,3.2921587269301464e-06,-0.12180705114595909,-0.12234553483580772,-66.12501671414898
I1,24,N5,6.440308730887153e-05,6.431711586085174e-05,1.9107896839681723e-07,2.4787279524311136e-07,5.6793826846294126e-08,67.15000069640375,3.8137055122800847e-06,3.2921382272994648e-06,-0.12179999323375247,-0.12235254865822776,-66.12566644865257
I1,1,N6,6.424677557899824e-05,6.411523763732767e-05,1.774469854273762e-07,2.785801075486337e-07,1.0113312212125748e-07,67.15000056473552,6.7910892075559065e-06,3.420203197320074e-06,-0.12158920484717568,-0.12341846247885331,-65.08854004152803
I1,2,N6,6.411523763732767e-05,6.398369925768497e-05,1.7744687370594556e-07,2.7858041961185693e-07,1.0113354590591137e-07,67.15000058111622,6.7911176663522924e-06,3.4202046998835186e-06,-0.12159647920096137,-0.12340937287424454,-65.08837586713051
I1,3,N6,6.398369925768497e-05,6.385215253585185e-05,1.774446899618733e-07,2.7858631473262313e-07,1.0114162477074983e-07,67.15000053989343,6.791660157961549e-06,3.420232535208723e-06,-0.12159848452325815,-0.12340785705630139,-65.0872719656981
I1,4,N6,6.385215253585185e-05,6.372058962136214e-05,1.774404756698557e-07,2.7859777893482776e-07,1.0115730326497205e-07,67.14999851576016,6.792712764101173e-06,3.420286909535126e-06,-0.12159291920925695,-0.12341147410484218,-65.08523310533845
I1,5,N6,6.372058962136214e-05,6.358900227018052e-05,1.774340903059252e-07,2.786150574866596e-07,1.0118096718073441e-07,67.14999867665955,6.794301812289449e-06,3.420368608444386e-06,-0.12159150782281986,-0.12341315476119907,-65.08226364728749
I1,6,N6,6.358900227018052e-05,6.34573820433596e-05,1.774255247452667e-07,2.786383248316118e-07,1.0121280008634509e-07,67.15000047951855,6.7964395743314885e-06,3.4204788718265883e-06,-0.12159702861384192,-0.12340107038324069,-65.0783755851955
I1,7,N6,6.34573820433596e-05,6.33257201996434e-05,1.774146774280692e-07,2.786677749543679e-07,1.0125309752629873e-07,67.15000065066107,6.799145564772408e-06,3.4206183928682784e-06,-0.12163010168046394,-0.1233563325858407,-65.07359853025802
I1,8,N6,6.33257201996434e-05,6.31940073755969e-05,1.774013994114178e-07,2.7870385972627564e-07,1.0130246031485783e-07,67.15000067578,6.802460278600881e-06,3.420789443532701e-06,-0.12171060354239636,-0.12325225956426078,-65.06799796277544
I1,9,N6,6.31940073755969e-05,6.306223341679544e-05,1.7738549535532663e-07,2.7874714837698663e-07,1.0136165302166e-07,67.15000053599866,6.806435054734179e-06,3.4209948279923494e-06,-0.12186712040479779,-0.12305289680288733,-65.06169819814957
I1,10,N6,6.306223341679544e-05,6.32380082348811e-05,3.629334246936121e-07,1.534392919121963e-07,-2.094941327814158e-07,60.00000069104383,-1.2569648111654576e-05,3.872795374543563e-06,-0.12365246738284985,-0.12200512382525784,-65.05490997575359
I1,11,N6,6.32380082348811e-05,6.350893392421749e-05,4.5030705816438637e-07,1.4092576721071626e-07,-3.093812909536701e-07,58.462479305794034,-1.808719731997878e-05,4.43424619031327e-06,-0.10925700101495642,-0.12150457702370819,-65.04880932881896
I1,12,N6,6.350893392421749e-05,6.379563729278726e-05,4.6534974311934714e-07,1.3933669556657955e-07,-3.260130475527676e-07,58.30335694093566,-1.900765507887124e-05,4.53514829014445e-06,-0.12402901668428942,-0.12138981809037842,-65.04342582276554
I1,13,N6,6.379563729278726e-05,6.40873491314698e-05,4.701678470138737e-07,1.388698890906116e-07,-3.312979579232621e-07,58.24640208194295,-1.9296914066124945e-05,4.56778302078364e-06,-0.12321663255030112,-0.12142010822377614,-65.03953734095009
I1,14,N6,6.40873491314698e-05,6.443009744840124e-05,5.199519528188618e-07,1.3471540140896587e-07,-3.8523655140989593e-07,57.653469492967815,-2.2210223764286562e-05,4.9100051567087075e-06,-0.09543680828283396,-0.12164550374152741,-65.03708135565327
I1,15,N6,6.443009744840124e-05,6.472153697060751e-05,4.6990578658313334e-07,1.388951872172537e-07,-3.3101059936587964e-07,58.2499121027254,-1.9281338318132942e-05,4.566007303502903e-06,-0.12293860788924876,-0.12150565937281471,-65.04157869571281
I1,16,N6,6.472153697060751e-05,6.499247772349437e-05,4.5032330815298766e-07,1.409259042775159e-07,-3.0939740387547177e-07,58.462478369771446,-1.808813903173321e-05,4.434369093228777e-06,-0.10846920758937251,-0.12161168544973529,-65.04740723624612
I1,17,N6,6.499247772349437e-05,6.516825071649773e-05,3.629318739457441e-07,1.534396415852131e-07,-2.09492232360531e-07,60.000000619050766,-1.2569534071318187e-05,3.87278636648218e-06,-0.1235648081540384,-0.12210201357142896,-65.0538513114138
I1,18,N6,6.516825071649773e-05,6.503647445924317e-05,1.773848846800021e-07,2.787487647188903e-07,1.013638800388882e-07,67.15000059746211,6.8065846051724205e-06,3.421002370491693e-06,-0.12179509746613522,-0.12313892940974008,-65.06089998787598
I1,19,N6,6.503647445924317e-05,6.490477542358105e-05,1.7740542559489353e-07,2.7869448112171114e-07,1.0128905552681761e-07,67.14962882200246,6.801522482356999e-06,3.420749300374535e-06,-0.12165216061785707,-0.12332647615770635,-65.06738476677332
I1,20,N6,6.490477542358105e-05,6.477311418380977e-05,1.7741489701586795e-07,2.786674020419255e-07,1.0125250502605753e-07,67.14990447203064,6.799096040053565e-06,3.4206172429334506e-06,-0.12158460462546693,-0.12342125690335898,-65.07310490945356
I1,21,N6,6.477311418380977e-05,6.464148958945514e-05,1.774243744090234e-07,2.786414050381886e-07,1.0121703062916522e-07,67.15000070366723,6.796723677971553e-06,3.42049334585409e-06,-0.12154843190068321,-0.12345967746635449,-65.07794549855562
I1,22,N6,6.464148958945514e-05,6.45098971844664e-05,1.7743277205169603e-07,2.78618632932869e-07,1.0118586088117297e-07,67.15000070875918,6.794630629887172e-06,3.4203855373842377e-06,-0.121545126434232,-0.12346624864501354,-65.08184620433396
I1,23,N6,6.45098971844664e-05,6.437832857863911e-05,1.7743898232222115e-07,2.786017977108967e-07,1.0116281538867553e-07,67.15000067467265,6.793083121601347e-06,3.4203058502483835e-06,-0.12155368445814005,-0.12345800327888189,-65.08478324607327
I1,24,N6,6.437832857863911e-05,6.424677557899824e-05,1.7744305353601125e-07,2.785907570945382e-07,1.0114770355852694e-07,67.15000065324358,6.792068360029172e-06,3.420253579729121e-06,-0.12156551027958248,-0.12344552053586026,-65.08675213617236
I1,1,N7,6.438620217184234e-05,6.432923662885266e-05,2.0179467713070391e-07,2.3011125769384184e-07,2.831658056313793e-08,67.15000059720506,1.9014584017255173e-06,3.2392945111840934e-06,-0.120901304853702,-0.12144262754353483,-66.9031481669469
I1,2,N7,6.432923662885266e-05,6.427227082047635e-05,2.017945894900071e-07,2.3011142931406408e-07,2.8316839824056966e-08,67.15000060880621,1.9014758114248933e-06,3.239295141030534e-06,-0.12090411393039457,-0.12143555745647329,-66.90310319980587
I1,3,N7,6.427227082047635e-05,6.421530178506876e-05,2.0179309543260396e-07,2.3011314087762997e-07,2.832004544502601e-08,67.15000056348244,1.9016910675913449e-06,3.2392967723267546e-06,-0.12094661752042404,-0.12144246600815616,-66.90299003937382
I1,4,N7,6.421530178506876e-05,6.415832675758162e-05,2.0179034142622365e-07,2.3011633669012276e-07,2.8325995263899117e-08,67.14999853562271,1.9020905404908816e-06,3.239300085872598e-06,-0.12101175128722673,-0.12146488468041029,-66.90280855013862
I1,5,N7,6.415832675758162e-05,6.410134284726673e-05,2.017863169907847e-07,2.3012112522508498e-07,2.8334808234300285e-08,67.14999869833315,1.9026823360507835e-06,3.2393058166190227e-06,-0.1210889050437844,-0.12150215187335735,-66.90255530287618
I1,6,N7,6.410134284726673e-05,6.404434718902311e-05,2.0178107311548429e-07,2.3012752714821873e-07,2.834645403273445e-08,67.15000051555593,1.9034644029123008e-06,3.2393145019777725e-06,-0.12117125855368291,-0.12155093501030904,-66.90222295674893
I1,7,N7,6.404434718902311e-05,6.39873369510235e-05,2.0177466703079555e-07,2.3013556145464492e-07,2.836089442384937e-08,67.15000069887037,1.904434080382074e-06,3.2393267136408036e-06,-0.12125500800658778,-0.1216044280552861,-66.9018023985612
I1,8,N7,6.39873369510235e-05,6.39303091047481e-05,2.0176705484137878e-07,2.3014537379208542e-07,2.8378318950706637e-08,67.15000076815953,1.9056041393390267e-06,3.2393432147509814e-06,-0.12134171076187315,-0.12165119167109836,-66.90128786112048
I1,9,N7,6.39303091047481e-05,6.38732603300522e-05,2.017581451761459e-07,2.3015715707160968e-07,2.839901189546378e-08,67.15000062666871,1.9069936665771649e-06,3.239364766858167e-06,-0.12144067109722262,-0.1216738220361016,-66.9006854699582
I1,10,N7,6.38732603300522e-05,6.417087714393075e-05,4.7392562032993363e-07,1.3663500247824257e-07,-3.372906178516911e-07,60.00000076794806,-2.023743733012314e-05,4.579204671061322e-06,-0.11821280251985082,-0.12112044006010081,-66.90002483237834
I1,11,N7,6.417087714393075e-05,6.424991584428549e-05,2.820110537154719e-07,1.7308853258387468e-07,-1.0892252113159725e-07,64.11119865702075,-6.9831533904913715e-06,3.4132468972450995e-06,-0.12224813705177709,-0.12141279255240069,-66.90005900254772
I1,12,N7,6.424991584428549e-05,6.430759478907945e-05,2.6670146491078916e-07,1.7966859427533854e-07,-8.703287063545062e-08,64.53667766584682,-5.616812318533422e-06,3.347775443895958e-06,-0.12179975831517298,-0.12185011592299372,-66.90035180135035
I1,13,N7,6.430759478907945e-05,6.43590858097476e-05,2.62438038054608e-07,1.8172532004209782e-07,-8.071271801251017e-08,64.68896986207093,-5.2212225829971e-06,3.3312251857252937e-06,-0.12165860463196461,-0.12198806219960809,-66.90058239220369
I1,14,N7,6.43590858097476e-05,6.43566912828791e-05,2.288790301069877e-07,2.0276127990951145e-07,-2.6117750197476245e-08,66.27441991948056,-1.730938743939637e-06,3.2373023251237437e-06,-0.1216568732614826,-0.12182572718540123,-66.90063050183406
I1,15,N7,6.43566912828791e-05,6.440856198115143e-05,2.6269731844447006e-07,1.8159709631702607e-07,-8.110022212744398e-08,64.67958410558751,-5.2455286380738426e-06,3.3322081107112214e-06,-0.12176061443303571,-0.12187224635524818,-66.90052307520716
I1,16,N7,6.440856198115143e-05,6.448760177358869e-05,2.8201181925230057e-07,1.730881810783939e-07,-1.0892363817390668e-07,64.11120096333977,-6.983225256625439e-06,3.4132500024802085e-06,-0.12223672034110682,-0.12142625325506869,-66.90032911033815
I1,17,N7,6.448760177358869e-05,6.478523365146924e-05,4.739414978980661e-07,1.366348128463135e-07,-3.373066850517526e-07,60.00000069586806,-2.0238401337826103e-05,4.5793223305828474e-06,-0.11772349285423636,-0.12113470777773416,-66.90038306177554
I1,18,N7,6.478523365146924e-05,6.472818549454181e-05,2.0175845138628736e-07,2.3015684710979565e-07,2.8398395723508297e-08,67.15000074045396,1.9069522938612868e-06,3.2393647387206226e-06,-0.12140706029516889,-0.12169681021517557,-66.90109875076445
I1,19,N7,6.472818549454181e-05,6.46711434629703e-05,2.0176096533504495e-07,2.301533162371174e-07,2.839235090207244e-08,67.15037891298769,1.9065571213046721e-06,3.2393571117912175e-06,-0.12130162043198733,-0.12168045704314956,-66.90173476802909
I1,20,N7,6.46711434629703e-05,6.461412952545358e-05,2.0177312625040983e-07,2.3013767433112464e-07,2.8364548080714806e-08,67.15009903798459,1.904682212787675e-06,3.2393310043615084e-06,-0.12121023421277617,-0.12163880787341888,-66.90225574016424
I1,21,N7,6.461412952545358e-05,6.455713362053945e-05,2.0178103314218458e-07,2.3012772301135957e-07,2.834668986917499e-08,67.15000089843814,1.9034802501828477e-06,3.239315671151581e-06,-0.12112374100146034,-0.12158933614864674,-66.90265140314402
I1,22,N7,6.455713362053945e-05,6.450014903438245e-05,2.0178608959761587e-07,2.3012155859507012e-07,2.8335468997454245e-08,67.15000081217094,1.9027267661922971e-06,3.2393073614451446e-06,-0.12104206136399032,-0.12154294526156073,-66.90292526408102
I1,23,N7,6.450014903438245e-05,6.4443172885613e-05,2.0178989805862877e-07,2.301169977777706e-07,2.8327099719141826e-08,67.15000073113616,1.9021647668513406e-06,3.2393017187729952e-06,-0.12097356979993121,-0.12150534567314662,-66.9030868894808
I1,24,N7,6.4443172885613e-05,6.438620217184234e-05,2.0179232514588038e-07,2.3011403698035002e-07,2.832171183446964e-08,67.15000069350783,1.9018029693259654e-06,3.239297715946728e-06,-0.12093695369539566,-0.12147822997787586,-66.90314840218139
I1,1,N8,2.075227132820479e-08,2.0740602094694785e-08,0.0,0.0,0.0,67.15000058698078,0.0,0.0,-8934.367983209126,-1729.8577770380052,-2732.02937284539
I1,2,N8,2.0740602094694785e-08,2.0730350204961343e-08,0.0,0.0,0.0,67.15000060107201,0.0,0.0,-8917.108573954643,-1730.9261911116398,-2732.87276884705
I1,3,N8,2.0730350204961343e-08,2.0717120424525486e-08,0.0,0.0,0.0,67.15000055713377,0.0,0.0,-8917.582185202851,-1728.5356011029826,-2733.6337017445294
I1,4,N8,2.0717120424525486e-08,2.0700549625836516e-08,0.0,0.0,0.0,67.14999852953477,0.0,0.0,-8918.381659727582,-1726.9067178557686,-2734.294925955512
I1,5,N8,2.0700549625836516e-08,2.067980593912975e-08,0.0,0.0,0.0,67.14999869037652,0.0,0.0,-8917.816563833416,-1725.7548937984707,-2734.8549859222762
I1,6,N8,2.067980593912975e-08,2.065306940393566e-08,0.0,0.0,0.0,67.15000050376248,0.0,0.0,-8916.874264498025,-1724.379220376889,-2735.316057510991
I1,7,N8,2.065306940393566e-08,2.061755554943476e-08,0.0,0.0,0.0,67.15000066871757,0.0,0.0,-8916.584029887457,-1722.2724373395024,-2735.679255045959
I1,8,N8,2.061755554943476e-08,2.056926386818555e-08,0.0,0.0,0.0,67.15000071323486,0.0,0.0,-8917.563988417449,-1718.8936617210227,-2735.939249953844
I1,9,N8,2.056926386818555e-08,2.0502327155261532e-08,0.0,0.0,0.0,67.15000054211019,0.0,0.0,-8919.947650084314,-1713.3540714661135,-2736.066591981751
I1,10,N8,2.0502327155261532e-08,2.0524282396815573e-08,0.0,0.0,0.0,60.00000068925164,0.0,0.0,-8876.508455287167,-1724.460453705303,-2735.9196718486173
I1,11,N8,2.0524282396815573e-08,2.0595280171127757e-08,0.0,0.0,0.0,53.93681900007911,0.0,0.0,-8896.811984868607,-1718.013492119122,-2734.878220635577
I1,12,N8,2.0595280171127757e-08,2.066355007485713e-08,0.0,0.0,0.0,53.30932377598329,0.0,0.0,-8889.799244910173,-1716.152976257012,-2734.7365202755173
I1,13,N8,2.066355007485713e-08,2.0731391934027987e-08,0.0,0.0,0.0,53.084723655238136,0.0,0.0,-8885.905091854693,-1718.928474694774,-2734.4743242527047
I1,14,N8,2.0731391934027987e-08,2.0814763228671058e-08,0.0,0.0,0.0,50.74650698934549,0.0,0.0,-8921.43614764854,-1707.5452951047555,-2733.3000571046455
I1,15,N8,2.0814763228671058e-08,2.0885522670040422e-08,0.0,0.0,0.0,53.09856558462422,0.0,0.0,-8893.083179386584,-1716.9909030422034,-2734.314310111381
I1,16,N8,2.0885522670040422e-08,2.0957949356073853e-08,0.0,0.0,0.0,53.93681547852005,0.0,0.0,-8888.981020117806,-1720.5550572978284,-2734.4613369192994
I1,17,N8,2.0957949356073853e-08,2.0978369549443736e-08,0.0,0.0,0.0,60.000000607136606,0.0,0.0,-8879.763324741216,-1723.9712302622238,-2735.3765658662714
I1,18,N8,2.0978369549443736e-08,2.091222844353525e-08,0.0,0.0,0.0,67.15000066488044,0.0,0.0,-8921.861699924504,-1715.44008734548,-2735.3774802964303
I1,19,N8,2.091222844353525e-08,2.0864619601386877e-08,0.0,0.0,0.0,67.15022130410324,0.0,0.0,-8916.6916090055,-1720.8054464445117,-2735.09800431474
I1,20,N8,2.0864619601386877e-08,2.0829213732665036e-08,0.0,0.0,0.0,67.15005813397818,0.0,0.0,-8917.496065406489,-1723.5657035159418,-2734.6820998105322
I1,21,N8,2.0829213732665036e-08,2.080250791527177e-08,0.0,0.0,0.0,67.15000082571068,0.0,0.0,-8918.924095105438,-1725.5669065966083,-2734.159265643526
I1,22,N8,2.080250791527177e-08,2.0781493450390918e-08,0.0,0.0,0.0,67.15000078018042,0.0,0.0,-8922.363969547414,-1726.626242600517,-2733.5354887268295
I1,23,N8,2.0781493450390918e-08,2.0763694620355457e-08,0.0,0.0,0.0,67.15000071210203,0.0,0.0,-8926.584950658747,-1726.791658537329,-2732.8113889696356
I1,24,N8,2.0763694620355457e-08,2.075227132820479e-08,0.0,0.0,0.0,67.15000068018806,0.0,0.0,-8917.161701406676,-1731.6015205004558,-2732.0009291452925
I1,1,N9,6.337597705846702e-05,6.317421909082433e-05,1.6232623081828804e-07,3.310588192285316e-07,1.6873258841024357e-07,67.1500005655287,1.1330393407170977e-05,3.700387875351147e-06,-0.12354496056339212,-0.1254711473259299,-62.85105279847643
I1,2,N9,6.317421909082433e-05,6.297246105929597e-05,1.6232621849360188e-07,3.3105886822790837e-07,1.687326497343065e-07,67.15000058388739,1.1330397528179548e-05,3.7003881504113266e-06,-0.12354577603432851,-0.12547039633323254,-62.8508724376786
I1,3,N9,6.297246105929597e-05,6.277068704839362e-05,1.6232341937044687e-07,3.310713726213804e-07,1.6874795325093355e-07,67.15000054453151,1.1331425152688766e-05,3.7004609399387046e-06,-0.12354242657901927,-0.12547483268278126,-62.84977463555696
I1,4,N9,6.277068704839362e-05,6.256888126932047e-05,1.6231785994618634e-07,3.3109623703988064e-07,1.687783770936943e-07,67.14999852194482,1.1333467772377819e-05,3.700605727395502e-06,-0.12353410140717375,-0.12548511837828413,-62.84775524657687
I1,5,N9,6.256888126932047e-05,6.236702761859657e-05,1.6230948413800235e-07,3.3113370689294025e-07,1.688242227549379e-07,67.14999868183085,1.1336546335455198e-05,3.7008239327320696e-06,-0.12352133596992035,-0.12549994772472764,-62.844807285516154
I1,6,N9,6.236702761859657e-05,6.216510991228972e-05,1.6229828650160308e-07,3.311838527141263e-07,1.6888556621252322e-07,67.15000047944235,1.1340665852141827e-05,3.7011160441179703e-06,-0.12350657077688336,-0.12551518236956313,-62.84092282958295
I1,7,N9,6.216510991228972e-05,6.196311188894482e-05,1.6228426865308497e-07,3.312467484807132e-07,1.689624798276282e-07,67.15000064790515,1.1345830629896894e-05,3.7014826285034863e-06,-0.12349507988332978,-0.12552248953564274,-62.836097560970174
I1,8,N9,6.196311188894482e-05,6.176101680636932e-05,1.622673610908788e-07,3.3132278327293187e-07,1.6905542218205308e-07,67.15000067554732,1.13520717137298e-05,3.70192608272858e-06,-0.12349646755741177,-0.1255074457236728,-62.830339011218996
I1,9,N9,6.176101680636932e-05,6.155880726914714e-05,1.6224746543111804e-07,3.3141248231430886e-07,1.6916501688319082e-07,67.15000053669546,1.135943097449636e-05,3.702449608090702e-06,-0.12352723029159682,-0.1254473316281691,-62.82367973802528
I1,10,N9,6.155880726914714e-05,6.166589060990101e-05,3.074063233047145e-07,1.6908744327633886e-07,-1.3831888002837565e-07,60.000000690037474,-8.29913289714775e-06,3.5737032493579002e-06,-0.12432776027811326,-0.12412497713120667,-62.81619608435014
I1,11,N9,6.166589060990101e-05,6.206436787001443e-05,5.766947350495581e-07,1.3226523513182033e-07,-4.4442949991773775e-07,55.621407475790434,-2.4719794309186264e-05,5.317199776360338e-06,-0.11580676363069277,-0.12382718062837696,-62.80886395695496
I1,12,N9,6.206436787001443e-05,6.252564556157078e-05,6.392713160373159e-07,1.2830712359827365e-07,-5.109641924390422e-07,55.168254882391466,-2.8189002804252406e-05,5.756838297266922e-06,-0.4214876422016046,-0.12386020412118517,-62.80216131007327
I1,13,N9,6.252564556157078e-05,6.302830937162435e-05,6.821894984211165e-07,1.271701645986146e-07,-5.550193338225019e-07,55.00605743730146,-3.0529425355053336e-05,6.070197472647984e-06,-0.12783603310441563,-0.12382561307824254,-62.80150303743782
I1,14,N9,6.302830937162435e-05,6.378331850730294e-05,9.408211538119004e-07,1.1756109857482442e-07,-8.232600552370759e-07,53.31748861416777,-4.389415862160193e-05,7.937866892900436e-06,-1.2664197661943204,-0.12407877024998354,-62.80230728315056
I1,15,N9,6.378331850730294e-05,6.428437368973527e-05,6.805461221994663e-07,1.2723608471781836e-07,-5.53310037481648e-07,55.01605351141962,-3.0440934630495942e-05,6.058366551879635e-06,-0.1274612793171592,-0.12366340697303341,-62.80649231427093
I1,16,N9,6.428437368973527e-05,6.468268370123249e-05,5.765191849339757e-07,1.3226798108250738e-07,-4.442512038514684e-07,55.62140491670495,-2.4709876094156155e-05,5.315903745123623e-06,-0.11918587928005625,-0.12366807844583017,-62.81219185067856
I1,17,N9,6.468268370123249e-05,6.478975157807918e-05,3.0739455147913927e-07,1.690916042441613e-07,-1.3830294723497796e-07,60.0000006119066,-8.298176918727163e-06,3.5736461679247544e-06,-0.12448401183886054,-0.12396967865054344,-62.81875120724145
I1,18,N9,6.478975157807918e-05,6.45875231649592e-05,1.6224421651487948e-07,3.3142730379212897e-07,1.6918308727724949e-07,67.15000063135543,1.1360644417481963e-05,3.702536402302563e-06,-0.12363493989702048,-0.12531151039809685,-62.82559132317175
I1,19,N9,6.45875231649592e-05,6.438540985125085e-05,1.6226421072770546e-07,3.313370875927103e-07,1.6907287686500486e-07,67.1500007188642,1.1353243803025516e-05,3.7020097374031186e-06,-0.12358209417454472,-0.12539974443693166,-62.83171910992869
I1,20,N9,6.438540985125085e-05,6.418339422398914e-05,1.6228121516703933e-07,3.31260550599941e-07,1.6897933543290167e-07,67.15000084355908,1.13469625168634e-05,3.7015632432523523e-06,-0.12355921637579288,-0.12544230188806055,-62.83703810018201
I1,21,N9,6.418339422398914e-05,6.398145946700895e-05,1.6229531955180033e-07,3.3119721281150833e-07,1.68901893259708e-07,67.15000072808871,1.1341762255364955e-05,3.701193992724815e-06,-0.12355097631074824,-0.12545999679428688,-62.841494525340195
I1,22,N9,6.398145946700895e-05,6.377958913105159e-05,1.6230657169660914e-07,3.3114677269320614e-07,1.68840200996597e-07,67.15000070321733,1.1337619615652843e-05,3.700900082923615e-06,-0.12354851938417728,-0.12546629553133026,-62.845060848555306
I1,23,N9,6.377958913105159e-05,6.357776703191054e-05,1.6231500649925657e-07,3.3110901272998736e-07,1.6879400623073079e-07,67.15000067129827,1.1334517631704696e-05,3.70068014421933e-06,-0.12354713953687417,-0.12546894027252462,-62.84772385959877
I1,24,N9,6.357776703191054e-05,6.337597705846702e-05,1.6232062781260088e-07,3.310838678872453e-07,1.687632400746444e-07,67.15000065253508,1.1332451681136306e-05,3.7005337177488464e-06,-0.12354491561031855,-0.1254715588567338,-62.849477149157565
I2,1,N1,5.122330680922375e-05,5.1076298405258325e-05,2.6571825124646873e-07,3.703945631556629e-07,1.0467631190919417e-07,67.15000045345026,7.02901439216789e-06,4.770846108015988e-06,-0.1535205283273706,-0.15424703414760263,-65.11605446278847
I2,2,N1,5.1076298405258325e-05,5.0929288948164054e-05,2.657179277378128e-07,3.7039526545962783e-07,1.0467733772181504e-07,67.15000045412987,7.029083275556986e-06,4.770848948980805e-06,-0.15352052968555552,-0.1542470353244039,-65.11603912390156
I2,3,N1,5.0929288948164054e-05,5.078225234848253e-05,2.657095941830742e-07,3.7041336992731593e-07,1.0470377574424175e-07,67.15000039341459,7.030858582417827e-06,4.7709222308279255e-06,-0.15351976251706415,-0.15424799617691776,-65.11561303732057
I2,4,N1,5.078225234848253e-05,5.063516263092109e-05,2.656932919830444e-07,3.704488059706864e-07,1.0475551398764203e-07,67.14999835280463,7.034332591717365e-06,4.771065734652981e-06,-0.15351822787846614,-0.15424991556967438,-65.11477504858316
I2,5,N1,5.063516263092109e-05,5.048799351606751e-05,2.6566892455838904e-07,3.7050177363285825e-07,1.0483284907446921e-07,67.14999852967674,7.039525661212431e-06,4.7712802364343545e-06,-0.15351593593605373,-0.1542527828748198,-65.11352285836219
I2,6,N1,5.048799351606751e-05,5.034071875868484e-05,2.6563651213358333e-07,3.7057225864435787e-07,1.0493574651077454e-07,67.15000036921376,7.0464354169422315e-06,4.771565780834559e-06,-0.15351291221265,-0.15425656959864958,-65.11185304326358
I2,7,N1,5.034071875868484e-05,5.019331223910178e-05,2.65596108522343e-07,3.7066019062173464e-07,1.0506408209939164e-07,67.15000057377179,7.055053173256955e-06,4.771922243580583e-06,-0.15350920598564924,-0.15426121989842712,-65.10976110398124
I2,8,N1,5.019331223910178e-05,5.004574774420393e-05,2.6554769670722883e-07,3.707656421188086e-07,1.0521794541157976e-07,67.15000061892206,7.065385099509289e-06,4.772350041195281e-06,-0.15350490302204642,-0.1542666367357855,-65.10724155462755
I2,9,N1,5.004574774420393e-05,4.989799896831828e-05,2.6549126289775154e-07,3.708886876886351e-07,1.0539742479088356e-07,67.1500004952653,7.077437126907518e-06,4.7728496293978994e-06,-0.15350014435869672,-0.15427265947348986,-65.10428807305875
I2,10,N1,4.989799896831828e-05,5.019285467557775e-05,5.576093372057211e-07,2.12534367893719e-07,-3.450749693120021e-07,60.00000068005116,-2.0704498393388758e-05,5.7760777882458004e-06,-0.1556682268684472,-0.15312782539599384,-65.10089374088106
I2,11,N1,5.019285467557775e-05,5.048747970256545e-05,5.574040456928882e-07,2.1257042955487016e-07,-3.44833616138018e-07,60.00000057916004,-2.069001716799493e-05,5.774808564358188e-06,-0.15566261698741984,-0.1531321809141444,-65.09835162844804
I2,12,N1,5.048747970256545e-05,5.0781950561774625e-05,5.572668656187081e-07,2.125945476812991e-07,-3.4467231793740905e-07,60.000000554707114,-2.068033926743673e-05,5.7739605997500545e-06,-0.15565876068251563,-0.15313521387935042,-65.09665540351746
I2,13,N1,5.0781950561774625e-05,5.1076343617571913e-05,5.571976414468761e-07,2.1260672465478211e-07,-3.44590916792094e-07,60.00000053581688,-2.067545519216327e-05,5.773532745762437e-06,-0.15565678408178463,-0.1531367795651211,-65.09580066004784
I2,14,N1,5.1076343617571913e-05,5.137073515720636e-05,5.571962925477345e-07,2.1260696201805987e-07,-3.445893305296747e-07,60.00000051318122,-2.0675360008617255e-05,5.773524409243457e-06,-0.15565674546206154,-0.1531368108141865,-65.09578512371077
I2,15,N1,5.137073515720636e-05,5.166520146650502e-05,5.572628174235423e-07,2.1259525978995359e-07,-3.446675576335887e-07,60.00000048574817,-2.0680053625436955e-05,5.773935579101218e-06,-0.15565864445868904,-0.15313530798850258,-65.09660874774805
I2,16,N1,5.166520146650502e-05,5.1959818897825826e-05,5.573972866721272e-07,2.1257161754803327e-07,-3.448256691240939e-07,60.000000544305124,-2.068954033513601e-05,5.774766781651204e-06,-0.15566242197766775,-0.15313233901082124,-65.09827371237341
I2,17,N1,5.1959818897825826e-05,5.225466396165444e-05,5.575998645026309e-07,2.1253603114771254e-07,-3.4506383335491843e-07,60.000000618584004,-2.0703830214746073e-05,5.776019217377576e-06,-0.15566795121762145,-0.15312804935804847,-65.10078432766852
I2,18,N1,5.225466396165444e-05,5.2106905795407103e-05,2.654883883091832e-07,3.708949586516309e-07,1.0540657034244773e-07,67.15000051840458,7.0780512531386145e-06,4.772875102206106e-06,-0.1534998779428297,-0.15427299264872477,-65.10414682687694
I2,19,N1,5.2106905795407103e-05,5.195936367940273e-05,2.655555580992745e-07,3.7075158280863115e-07,1.0519602470935663e-07,67.14942748603575,7.063852833040168e-06,4.772303556809292e-06,-0.15350465541224909,-0.15426689013989855,-65.10706808807315
I2,20,N1,5.195936367940273e-05,5.181195238497585e-05,2.65594905756134e-07,3.7066360613688684e-07,1.0506870038075282e-07,67.14985223103507,7.05534770467445e-06,4.771938839197656e-06,-0.15350883067125745,-0.1542616709807852,-65.1095550292122
I2,21,N1,5.181195238497585e-05,5.166466196123187e-05,2.6563170642631795e-07,3.705827120976413e-07,1.0495100567132336e-07,67.15000059742708,7.047460093529937e-06,4.771608138929695e-06,-0.15351243819163968,-0.15425715949445604,-65.11161379440374
I2,22,N1,5.166466196123187e-05,5.151747498035311e-05,2.656634384358173e-07,3.7051368986237874e-07,1.0485025142656145e-07,67.15000061192428,7.0406944474540165e-06,4.77132846223647e-06,-0.15351538538365903,-0.15425346713151752,-65.11324973459418
I2,23,N1,5.151747498035311e-05,5.1370365320484744e-05,2.65687167151467e-07,3.7046210602952356e-07,1.0477493887805656e-07,67.15000056786569,7.0356372051595905e-06,4.7711195488574296e-06,-0.15351759979487856,-0.1542506952346973,-65.11446723652635
I2,24,N1,5.1370365320484744e-05,5.122330680922375e-05,2.6570286710163276e-07,3.704279855965618e-07,1.0472511849492906e-07,67.15000053953737,7.032291763437602e-06,4.7709813952364595e-06,-0.15351906075306299,-0.1542488668317481,-65.11526961247607
I2,1,N2,5.116765050132737e-05,5.1085736016034235e-05,2.885682202633409e-07,3.294854217342068e-07,4.0917201470865916e-08,67.15000059720506,2.7475901032046063e-06,4.635402314981607e-06,-0.15362222960050906,-0.1539595945337998,-66.39716056815111
I2,2,N2,5.1085736016034235e-05,5.1003820686619086e-05,2.885678840778032e-07,3.294859173016096e-07,4.091803322380642e-08,67.15000060880621,2.7476459558897536e-06,4.635403510345596e-06,-0.15362204453773826,-0.15395980830744058,-66.39713385451394
I2,3,N2,5.1003820686619086e-05,5.092189137143481e-05,2.8856231785791586e-07,3.2949413143853005e-07,4.093181358061419e-08,67.15000056348244,2.7485713050026006e-06,4.635423369723344e-06,-0.1536200979355276,-0.15396205901884713,-66.3968191914813
I2,4,N2,5.092189137143481e-05,5.083993503762967e-05,2.8855156949488355e-07,3.295100042698009e-07,4.095843477491736e-08,67.14999853562271,2.750358835157099e-06,4.635461803235134e-06,-0.15361664432237496,-0.15396605561027898,-66.39621397368171
I2,5,N2,5.083993503762967e-05,5.0757938391103146e-05,2.8853552809611954e-07,3.2953368317172665e-07,4.09981550756071e-08,67.14999869833315,2.7530260599610774e-06,4.635519084508847e-06,-0.1536122046949225,-0.15397120195968214,-66.39531367241868
I2,6,N2,5.0757938391103146e-05,5.0675888187429256e-05,2.885142178479984e-07,3.295651428385261e-07,4.105092499052772e-08,67.15000051555593,2.756569634277984e-06,4.635595205148933e-06,-0.15360768914347978,-0.1539764552835834,-66.3941127815244
I2,7,N2,5.0675888187429256e-05,5.059377130959466e-05,2.8848769734895234e-07,3.2960431534981277e-07,4.111661800086043e-08,67.15000069887037,2.7609809274929637e-06,4.635690095240738e-06,-0.15360458147530387,-0.1539801129409531,-66.39260643474047
I2,8,N2,5.059377130959466e-05,5.0511574594358596e-05,2.8845595117690226e-07,3.296512304632301e-07,4.119527928632784e-08,67.15000076815953,2.7662630357214607e-06,4.635803862300993e-06,-0.15360519114631987,-0.15397952161514716,-66.39079297809322
I2,9,N2,5.0511574594358596e-05,5.0429284829726605e-05,2.8841896373457755e-07,3.2970592014755333e-07,4.1286956412975774e-08,67.15000062666871,2.772419149004567e-06,4.635936629115981e-06,-0.15361296196873164,-0.15397072204238055,-66.38867785665146
I2,10,N2,5.0429284829726605e-05,5.0839894277935726e-05,6.644531624302621e-07,1.9779431426876112e-07,-4.66658848161501e-07,60.00000076794806,-2.7999531248059816e-05,6.466856075242675e-06,-0.1565375551569993,-0.15301010907420023,-66.38627918015813
I2,11,N2,5.0839894277935726e-05,5.095973630057315e-05,4.087840381820888e-07,2.4596192752655524e-07,-1.6282211065553357e-07,64.11119865702075,-1.0438720681992328e-05,4.910594742814831e-06,-0.15469505370223147,-0.15309083049856262,-66.38511012568705
I2,12,N2,5.095973630057315e-05,5.104708915535198e-05,3.851581513169075e-07,2.5567324366314683e-07,-1.2948490765376065e-07,64.53667766584682,-8.356525747842694e-06,4.806235462350407e-06,-0.15438679476229045,-0.1533186497490464,-66.38445742371226
I2,13,N2,5.104708915535198e-05,5.112567239450031e-05,3.790337597779257e-07,2.5851604896356173e-07,-1.2051771081436397e-07,64.68896986207093,-7.796166562716171e-06,4.781623565561156e-06,-0.1543394030528995,-0.15334315282464614,-66.38412923714898
I2,14,N2,5.112567239450031e-05,5.1132654061653834e-05,3.334487462895287e-07,2.855982723735705e-07,-4.7850473915958205e-08,66.27441991948056,-3.1712624016523656e-06,4.642852639973243e-06,-0.15432428935819878,-0.15325022630995022,-66.38409930381528
I2,15,N2,5.1132654061653834e-05,5.121178662620937e-05,3.7941370679664807e-07,2.5833475044573524e-07,-1.2107895635091283e-07,64.67958410558751,-7.831336540715626e-06,4.783113429317875e-06,-0.15434277824281842,-0.15334140311956915,-66.38443717087748
I2,16,N2,5.121178662620937e-05,5.13316323852008e-05,4.0878671870551656e-07,2.459607786950487e-07,-1.6282594001046787e-07,64.11120096333977,-1.0438966562055812e-05,4.9106062305042395e-06,-0.1546942398616015,-0.153091735584731,-66.38507471765787
I2,17,N2,5.13316323852008e-05,5.1742245881956635e-05,6.64457011523429e-07,1.9779389700417076e-07,-4.666631145192582e-07,60.00000069586806,-2.7999787195891447e-05,6.466881813956997e-06,-0.1565367708391914,-0.15301093977819827,-66.38622729536932
I2,18,N2,5.1742245881956635e-05,5.165995633778203e-05,2.884190511626938e-07,3.297057903948589e-07,4.128673923216511e-08,67.15000074045396,2.772404570010817e-06,4.635936311681646e-06,-0.15361221510951528,-0.15397158193467483,-66.38860825914728
I2,19,N2,5.165995633778203e-05,5.15777377472079e-05,2.8844656919217315e-07,3.2966348626037633e-07,4.121691706820318e-08,67.15037891298769,2.767731598755033e-06,4.635825415894121e-06,-0.1536043133139405,-0.15398053891747396,-66.39070446398892
I2,20,N2,5.15777377472079e-05,5.1495612440650556e-05,2.884841669523944e-07,3.2960911166800004e-07,4.112494471560565e-08,67.15009903798459,2.76154411058456e-06,4.635699589652959e-06,-0.153603653522396,-0.1539811852439212,-66.39249767042283
I2,21,N2,5.1495612440650556e-05,5.141355742155382e-05,2.8851230116310886e-07,3.29567970874349e-07,4.1055669711240156e-08,67.15000089843814,2.7568882579957557e-06,4.6356020402809345e-06,-0.1536066667085155,-0.15397763503054213,-66.39398235190586
I2,22,N2,5.141355742155382e-05,5.133155419267291e-05,2.885329047997385e-07,3.2953754599595226e-07,4.100464119621376e-08,67.15000081217094,2.753461689628532e-06,4.63552838096768e-06,-0.1536110580442904,-0.15397252552738303,-66.395160019942
I2,23,N2,5.133155419267291e-05,5.1249589620480116e-05,2.885482873505704e-07,3.295148399271439e-07,4.096655257657349e-08,67.15000073113616,2.750904035469038e-06,4.635473454582858e-06,-0.15361537396257421,-0.1539675224937931,-66.39603536944111
I2,24,N2,5.1249589620480116e-05,5.116765050132737e-05,2.8855841594076345e-07,3.294998894990114e-07,4.094147355824796e-08,67.15000069350783,2.749219977829583e-06,4.635437290798312e-06,-0.1536187200343834,-0.15396365084104088,-66.39661374332246
I2,1,N4,5.122330681089258e-05,5.1076298404408656e-05,2.6571825029358414e-07,3.7039456467815703e-07,1.046763143845729e-07,67.15000055618032,7.0290145691429755e-06,4.7708461122880595e-06,-0.15352052825957882,-0.1542470341712692,-65.11605452736437
I2,2,N4,5.1076298404408656e-05,5.09292889440021e-05,2.6571792651738437e-07,3.7039526749071024e-07,1.0467734097332587e-07,67.15000057032547,7.029083506058987e-06,4.770848955060709e-06,-0.15352052961207072,-0.15424703537138865,-65.11603918854891
I2,3,N4,5.09292889440021e-05,5.078225233998747e-05,2.6570959261888295e-07,3.7041337261272743e-07,1.0470377999384448e-07,67.15000052690678,7.030858881755789e-06,4.770922239237078e-06,-0.15351976243800794,-0.15424799624188137,-65.11561310196872
I2,4,N4,5.078225233998747e-05,5.063516261723282e-05,2.6569329012952416e-07,3.704488092076624e-07,1.0475551907813825e-07,67.14999850085019,7.0343329490527665e-06,4.771065745028899e-06,-0.153518227797261,-0.15424991564576637,-65.11477511315252
I2,5,N4,5.063516261723282e-05,5.0487993498042704e-05,2.6566892299373326e-07,3.705017763210703e-07,1.0483285332733704e-07,67.14999866316893,7.039525960786867e-06,4.771280244861027e-06,-0.15351593586541254,-0.15425278294234882,-65.1135229227697
I2,6,N4,5.0487993498042704e-05,5.034071873813643e-05,2.656365111794836e-07,3.705722601705699e-07,1.0493574899108627e-07,67.15000047194383,7.046435594275222e-06,4.771565785125402e-06,-0.15351291216075694,-0.15425656964584025,-65.11185310743748
I2,7,N4,5.034071873813643e-05,5.01933122177487e-05,2.655961081467286e-07,3.7066019104583636e-07,1.0506408289910774e-07,67.15000064733493,7.055053234686736e-06,4.771922243944238e-06,-0.15350920595335257,-0.1542612199239707,-65.10976116787116
I2,8,N4,5.01933122177487e-05,5.004574772303579e-05,2.655476966644038e-07,3.7076564190818306e-07,1.0521794524377925e-07,67.15000067567695,7.065385094213117e-06,4.7723500392944015e-06,-0.15350490300509165,-0.15426663674485966,-65.10724161820703
I2,9,N4,5.004574772303579e-05,4.989799894797926e-05,2.654912630712634e-07,3.708886870645917e-07,1.0539742399332835e-07,67.15000054106962,7.0774370781793425e-06,4.772849626018913e-06,-0.15350014435431258,-0.15427265946967245,-65.10428813632254
I2,10,N4,4.989799894797926e-05,5.0192854657954423e-05,5.576093395754235e-07,2.1253436742792102e-07,-3.450749721475025e-07,60.00000070629506,-2.0704498572574898e-05,5.776077802525084e-06,-0.15566822700645705,-0.15312782539407424,-65.10089380384332
I2,11,N4,5.0192854657954423e-05,5.048747968931398e-05,5.574040495672345e-07,2.1257042885711332e-07,-3.4483362071012114e-07,60.00000058746234,-2.0690017445184034e-05,5.774808588182609e-06,-0.15566261714494142,-0.15313218089955738,-65.09835169114704
I2,12,N4,5.048747968931398e-05,5.078195055314948e-05,5.572668697239086e-07,2.125945469476114e-07,-3.4467232277629715e-07,60.000000560216776,-2.0680339559669047e-05,5.7739606250364e-06,-0.15565876084621677,-0.15313521385748938,-65.09665546601175
I2,13,N4,5.078195055314948e-05,5.1076343613647854e-05,5.571976456198291e-07,2.1260672391046708e-07,-3.445909217093621e-07,60.00000054049559,-2.06754554888116e-05,5.773532771477221e-06,-0.15565678424883705,-0.1531367795381297,-65.09580072240698
I2,14,N4,5.1076343613647854e-05,5.1370735158019724e-05,5.571962967537212e-07,2.1260696126867441e-07,-3.4458933548504676e-07,60.000000517465644,-2.0675360307415947e-05,5.773524435167967e-06,-0.15565674563065468,-0.15313681078392133,-65.09578518601106
I2,15,N4,5.1370735158019724e-05,5.1665201472063995e-05,5.572628216371889e-07,2.125952590396219e-07,-3.4466756259756695e-07,60.000000489965,-2.0680053924729057e-05,5.773935605076081e-06,-0.15565864462693532,-0.15313530795684976,-65.09660881006894
I2,16,N4,5.1665201472063995e-05,5.195981890793973e-05,5.573972907129506e-07,2.1257161682475753e-07,-3.4482567388819306e-07,60.00000055062385,-2.0689540623160823e-05,5.77476680653281e-06,-0.15566242214198675,-0.15313233898026773,-65.09827377479353
I2,17,N4,5.195981890793973e-05,5.225466397492966e-05,5.575998672774982e-07,2.1253603061977797e-07,-3.450638366577202e-07,60.00000064001017,-2.070383042030758e-05,5.776019234229571e-06,-0.15566795136551054,-0.15312804933381285,-65.10078439026077
I2,18,N4,5.225466397492966e-05,5.210690580832584e-05,2.6548838808434045e-07,3.7089495878831376e-07,1.054065707039733e-07,67.15000058426733,7.078051284357423e-06,4.772875101544906e-06,-0.15349987795277137,-0.1542729926500337,-65.10414688969905
I2,19,N4,5.210690580832584e-05,5.1959363691512705e-05,2.655555577223406e-07,3.707515832354074e-07,1.0519602551306675e-07,67.14942755959889,7.063852894747393e-06,4.77230355718311e-06,-0.15350465541241864,-0.154266890145193,-65.10706815115387
I2,20,N4,5.1959363691512705e-05,5.181195239571585e-05,2.655949051900731e-07,3.706636069232563e-07,1.0506870173318317e-07,67.14985231415352,7.055347804223096e-06,4.771938840849971e-06,-0.1535088306672094,-0.15426167100729066,-65.10955509256522
I2,21,N4,5.181195239571585e-05,5.166466197026807e-05,2.656317057476792e-07,3.7058271309784355e-07,1.0495100735016437e-07,67.15000068624286,7.047460215585417e-06,4.77160814134142e-06,-0.15351243818038476,-0.1542571595284087,-65.11161385802765
I2,22,N4,5.166466197026807e-05,5.151747498730533e-05,2.6566343762896086e-07,3.7051369110610993e-07,1.0485025347714907e-07,67.15000070721945,7.040694595142698e-06,4.7713284655130315e-06,-0.15351538536443618,-0.154253467172628,-65.11324979847447
I2,23,N4,5.151747498730533e-05,5.137036532491697e-05,2.656871661969135e-07,3.7046210755195374e-07,1.0477494135504025e-07,67.15000067059574,7.035637382252582e-06,4.7711195531165035e-06,-0.15351759978699925,-0.15425069531403132,-65.114467300636
I2,24,N4,5.137036532491697e-05,5.122330681089258e-05,2.6570286606516274e-07,3.7042798727505623e-07,1.0472512120989349e-07,67.150000646412,7.0322919569399224e-06,4.770981400051642e-06,-0.15351906073252541,-0.1542488669062119,-65.11526967677672
I2,1,N5,5.1201878046814496e-05,5.1080745644688415e-05,2.740967315949744e-07,3.535149785534409e-07,7.941824695846648e-08,67.15000059873722,5.332935330811685e-06,4.707087826113114e-06,-0.15355558250659238,-0.15411996489793772,-65.6148310379121
I2,2,N5,5.1080745644688415e-05,5.0959612260423904e-05,2.740963964705429e-07,3.5351560423383927e-07,7.941920776329637e-08,67.15000060945528,5.332999849707806e-06,4.707090005282866e-06,-0.15355552035451348,-0.1541200388765029,-65.61481151393176
I2,3,N5,5.0959612260423904e-05,5.083845734988246e-05,2.7408905582328056e-07,3.5352932171733975e-07,7.94402658940592e-08,67.15000056365362,5.3344138995628685e-06,4.707137831554652e-06,-0.1535543654817683,-0.15412141616521996,-65.61443541569218
I2,4,N5,5.083845734988246e-05,5.071726048100873e-05,2.7407475341015437e-07,3.5355606442944614e-07,7.948131101929177e-08,67.14999853566825,5.337169918558435e-06,4.7072311337970036e-06,-0.15355220649247528,-0.15412399532158272,-65.61370112132262
I2,5,N5,5.071726048100873e-05,5.059600093922755e-05,2.7405338798548594e-07,3.535960081077107e-07,7.954262012222475e-08,67.14999869924382,5.341286837741838e-06,4.707370470698975e-06,-0.15354922972838908,-0.15412756344829476,-65.61260562748495
I2,6,N5,5.059600093922755e-05,5.0474658051805956e-05,2.7402498105536883e-07,3.536491324292926e-07,7.96241513739238e-08,67.15000051773605,5.346761805983276e-06,4.707555851134961e-06,-0.15354576564580627,-0.15413174197377594,-65.61114488928834
I2,7,N5,5.0474658051805956e-05,5.035321127269857e-05,2.7398958762146904e-07,3.537153670013299e-07,7.972577937986085e-08,67.15000070727771,5.353586141745923e-06,4.707787159670991e-06,-0.15354235801012675,-0.15413590692861465,-65.609314409554
I2,8,N5,5.035321127269857e-05,5.023163998520727e-05,2.7394719117060473e-07,3.537947634876571e-07,7.984757231705237e-08,67.15000078613882,5.361764543861343e-06,4.708064659936964e-06,-0.15353985910503276,-0.15413907956247386,-65.60711018426666
I2,9,N5,5.023163998520727e-05,5.010992350604383e-05,2.738977786823408e-07,3.5388737280946666e-07,7.998959412712585e-08,67.15000064041257,5.371301296862843e-06,4.708388636188556e-06,-0.15353954833717706,-0.1541397889007272,-65.60453014114313
I2,10,N5,5.010992350604383e-05,5.0445656929542525e-05,5.945224543079548e-07,2.0661225973460498e-07,-3.879101945733499e-07,60.00000077633293,-2.327461197554845e-05,6.008510355319198e-06,-0.15596228084659583,-0.15307577608175119,-65.60157621593964
I2,11,N5,5.0445656929542525e-05,5.067447196715681e-05,4.982988550442005e-07,2.2238675850182712e-07,-2.7591209654237343e-07,61.42053653044756,-1.694666900487322e-05,5.405142101595208e-06,-0.15524490933382887,-0.15309691915928195,-65.59960789705502
I2,12,N5,5.067447196715681e-05,5.0888693020098114e-05,4.858029417416955e-07,2.250991084950802e-07,-2.6070383324661526e-07,61.56755161492559,-1.605089670961994e-05,5.331765376775817e-06,-0.15510574036019323,-0.1531723826231092,-65.59834917695466
I2,13,N5,5.0888693020098114e-05,5.1098914560858575e-05,4.824109865471514e-07,2.2587097351821794e-07,-2.5654001302893347e-07,61.62017288737075,-1.5808039955371224e-05,5.312114700490269e-06,-0.15507749215046765,-0.15317982328980878,-65.5977233246538
I2,14,N5,5.1098914560858575e-05,5.127664601722726e-05,4.554005535804769e-07,2.326179602285486e-07,-2.2278259335192826e-07,62.167990980704964,-1.3849946254160738e-05,5.160138853567691e-06,-0.15497364163784402,-0.1531218730685114,-65.59771716413917
I2,15,N5,5.127664601722726e-05,5.148715317940554e-05,4.826517845538711e-07,2.2581459404164797e-07,-2.568371905122231e-07,61.61692980749964,-1.582551913974706e-05,5.313497839466393e-06,-0.15508049218274042,-0.1531784404246402,-65.59832810332715
I2,16,N5,5.148715317940554e-05,5.1715966697483444e-05,4.982975778729731e-07,2.2238706186328113e-07,-2.7591051600969197e-07,61.42053729984632,-1.694657213999313e-05,5.405134798021906e-06,-0.15524453655906958,-0.1530973123394932,-65.5995606699334
I2,17,N5,5.1715966697483444e-05,5.205169498051649e-05,5.945177501032717e-07,2.0661294987554455e-07,-3.879048002277272e-07,60.000000699641575,-2.3274288285057956e-05,6.008480249841122e-06,-0.1559618592418799,-0.15307618322122502,-65.60150225906612
I2,18,N5,5.205169498051649e-05,5.1929973502427e-05,2.738960776780315e-07,3.538905615611814e-07,7.999448388314988e-08,67.15000078432851,5.371629655495469e-06,4.708399794294096e-06,-0.1535391400512497,-0.1541402713749273,-65.60442884258043
I2,19,N5,5.1929973502427e-05,5.1808353871691535e-05,2.7392943568927013e-07,3.5382445725801375e-07,7.989502156874362e-08,67.15073114879155,5.365009113489605e-06,4.70815419710463e-06,-0.15353927084346425,-0.15413982573236107,-65.60698090965079
I2,20,N5,5.1808353871691535e-05,5.168688746074324e-05,2.739825633268589e-07,3.5372758844801575e-07,7.974502512115685e-08,67.15019033836091,5.354893615423055e-06,4.70782613831156e-06,-0.15354177056335722,-0.1541366192112717,-65.60915631519144
I2,21,N5,5.168688746074324e-05,5.156553372901612e-05,2.7402128491601665e-07,3.5365604452636364e-07,7.963475961034699e-08,67.15000094603934,5.347474183172416e-06,4.707579970817852e-06,-0.15354512503110174,-0.1541325032954634,-65.61095710895906
I2,22,N5,5.156553372901612e-05,5.1444261298607525e-05,2.7404899068955987e-07,3.5360421940961216e-07,7.955522872005229e-08,67.15000082288572,5.342133674016372e-06,4.70739907574379e-06,-0.15354849512629812,-0.15412843697027298,-65.61238719945602
I2,23,N5,5.1444261298607525e-05,5.132304961033042e-05,2.7406969725478775e-07,3.5356550571350044e-07,7.949580845871268e-08,67.15000073618197,5.338143596525937e-06,4.707264022262162e-06,-0.15355137715165132,-0.1541249819214403,-65.61345094982293
I2,24,N5,5.132304961033042e-05,5.1201878046814496e-05,2.740833772339513e-07,3.535399339120654e-07,7.945655667811409e-08,67.15000069640375,5.335507836269205e-06,4.7071748335951254e-06,-0.15355344913064906,-0.15412250700547866,-65.6141522741427
I2,1,N7,5.1167650452251116e-05,5.1085735966964376e-05,2.885682202575629e-07,3.294854217231521e-07,4.0917201465589166e-08,67.15000059720506,2.7475901028502725e-06,4.635402314855362e-06,-0.15362222990733276,-0.15395959483274693,-66.39716058298377
I2,2,N7,5.1085735966964376e-05,5.100382063755563e-05,2.8856788407202416e-07,3.2948591729055695e-07,4.091803321853279e-08,67.15000060880621,2.7476459555356294e-06,4.635403510219359e-06,-0.15362204484698283,-0.15395980860361483,-66.3971338692894
I2,3,N7,5.100382063755563e-05,5.092189132237772e-05,2.885623178521247e-07,3.2949413142749485e-07,4.0931813575370154e-08,67.15000056348244,2.748571304650464e-06,4.6354233695971465e-06,-0.15362009824678707,-0.15396205931271525,-66.39681920620932
I2,4,N7,5.092189132237772e-05,5.083993498857889e-05,2.885515694890697e-07,3.295100042587987e-07,4.0958434769729016e-08,67.14999853562271,2.750358834808702e-06,4.635461803109013e-06,-0.15361664463512906,-0.15396605590243437,-66.39621398837487
I2,5,N7,5.083993498857889e-05,5.07579383420586e-05,2.88535528090272e-07,3.295336831607731e-07,4.099815507050108e-08,67.14999869833315,2.753026059618208e-06,4.635519084382838e-06,-0.15361220500857783,-0.15397120225080366,-66.39531368709159
I2,6,N7,5.07579383420586e-05,5.067588813839082e-05,2.8851421784210663e-07,3.2956514282763765e-07,4.105092498553102e-08,67.15000051555593,2.7565696339424557e-06,4.635595205023082e-06,-0.15360768945739428,-0.1539764555743996,-66.39411279619272
I2,7,N7,5.067588813839082e-05,5.05937712605622e-05,2.884876973430056e-07,3.2960431533900495e-07,4.111661799599936e-08,67.15000069887037,2.760980927166543e-06,4.6356900951150784e-06,-0.1536045817888264,-0.15398011323220748,-66.39260644941986
I2,8,N7,5.05937712605622e-05,5.0511574545331956e-05,2.884559511708905e-07,3.2965123045251756e-07,4.119527928162707e-08,67.15000076815953,2.766263035405804e-06,4.635803862175561e-06,-0.1536051914588172,-0.1539795219075527,-66.39079299279841
I2,9,N7,5.0511574545331956e-05,5.04292847807056e-05,2.884189637284921e-07,3.2970592013694974e-07,4.128695640845765e-08,67.15000062666871,2.772419148701175e-06,4.635936628990814e-06,-0.15361296227961752,-0.15397072233659742,-66.38867787139517
I2,10,N7,5.04292847807056e-05,5.0839894228888236e-05,6.644531623975545e-07,1.9779431426489376e-07,-4.6665884813266074e-07,60.00000076794806,-2.7999531246329402e-05,6.4668560749683615e-06,-0.15653755548535128,-0.15301010936799858,-66.38627919495038
I2,11,N7,5.0839894228888236e-05,5.095973625151465e-05,4.087840381696788e-07,2.4596192752598625e-07,-1.6282211064369258e-07,64.11119865702075,-1.0438720681233187e-05,4.9105947427174875e-06,-0.15469505401553596,-0.15309083048661953,-66.38511014054001
I2,12,N7,5.095973625151465e-05,5.104708910628373e-05,3.8515815130584724e-07,2.55673243662591e-07,-1.2948490764325623e-07,64.53667766584682,-8.356525747164773e-06,4.8062354622632866e-06,-0.15438679507116537,-0.1533186497378746,-66.38445743863022
I2,13,N7,5.104708910628373e-05,5.1125672345428887e-05,3.790337597672021e-07,2.585160489571392e-07,-1.205177108100629e-07,64.68896986207093,-7.79616656243794e-06,4.78162356543256e-06,-0.154339403358686,-0.15334315312705116,-66.38412925213153
I2,14,N7,5.1125672345428887e-05,5.1132654012592005e-05,3.334487462908514e-07,2.855982723657498e-07,-4.785047392510161e-08,66.27441991948056,-3.1712624022583393e-06,4.642852639924508e-06,-0.15432428934662676,-0.15325022661512028,-66.3840993188579
I2,15,N7,5.1132654012592005e-05,5.121178657713815e-05,3.7941370678592744e-07,2.583347504451419e-07,-1.2107895634078554e-07,64.67958410558751,-7.831336540060597e-06,4.78311342923302e-06,-0.15434277854354383,-0.1533414031182822,-66.38443718597202
I2,16,N7,5.121178657713815e-05,5.13316323361186e-05,4.0878671869312585e-07,2.459607786944721e-07,-1.6282593999865372e-07,64.11120096333977,-1.0438966561298392e-05,4.910606230406984e-06,-0.15469424016224442,-0.1530917355869147,-66.38507473279266
I2,17,N7,5.13316323361186e-05,5.1742245832847995e-05,6.64457011490768e-07,1.9779389700029943e-07,-4.6666311449046854e-07,60.00000069586806,-2.799978719416407e-05,6.466881813683006e-06,-0.1565367711508589,-0.1530109400903368,-66.38622731053084
I2,18,N7,5.1742245832847995e-05,5.1659956288679037e-05,2.8841905115661394e-07,3.2970579038424716e-07,4.128673922763322e-08,67.15000074045396,2.7724045697065003e-06,4.635936311556458e-06,-0.15361221540153314,-0.15397158225053023,-66.38860827432455
I2,19,N7,5.1659956288679037e-05,5.157773769811073e-05,2.884465691861663e-07,3.2966348624965634e-07,4.1216917063490024e-08,67.15037891298769,2.767731598438543e-06,4.63582541576867e-06,-0.15360431360604687,-0.1539805392332632,-66.39070447916463
I2,20,N7,5.157773769811073e-05,5.149561239154931e-05,2.8848416694645087e-07,3.296091116666068e-07,4.112494472015591e-08,67.15009903798459,2.761544110890111e-06,4.635699589597933e-06,-0.1536036538152954,-0.15398118524628826,-66.39249768558015
I2,21,N7,5.149561239154931e-05,5.1413557372458684e-05,2.8851230115721717e-07,3.2956797086346004e-07,4.1055669706242874e-08,67.15000089843814,2.7568882576601884e-06,4.635602040155079e-06,-0.15360666700290346,-0.15397763534374267,-66.39398236702951
I2,22,N7,5.1413557372458684e-05,5.1331554143584006e-05,2.8853290479388936e-07,3.295375459850011e-07,4.100464119111171e-08,67.15000081217094,2.7534616892859298e-06,4.635528380841678e-06,-0.15361105834066305,-0.1539725258383132,-66.39516003501923
I2,23,N7,5.1331554143584006e-05,5.124958957139751e-05,2.885482873447508e-07,3.295148399161504e-07,4.09665525713996e-08,67.15000073113616,2.750904035121611e-06,4.635473454456759e-06,-0.15361537426144162,-0.15396752280184828,-66.39603538446238
I2,24,N7,5.124958957139751e-05,5.1167650452251116e-05,2.885584159349657e-07,3.2949988948798563e-07,4.0941473553019914e-08,67.15000069350783,2.74921997747852e-06,4.635437290672135e-06,-0.15361872033582935,-0.15396365114614854,-66.39661375828203
I3,1,N3,12.917371229428696,12.91737061274823,3.2255664658486435e-07,8.598035031577419e-07,5.372468565728776e-07,67.15000056252416,3.607612672108306e-05,8.867701123069546e-06,-3.798898979845926e-07,-3.7988991933873067e-07,-61.36814727649667
I3,2,N3,12.91737061274823,12.917370518929474,3.8223458504829963e-07,4.2268854627889253e-07,4.0453961230592905e-08,67.15000058179841,2.716483520170364e-06,6.036923484953941e-06,-3.79889900356632e-07,-3.7988990196457026e-07,-61.36814756317179
I3,3,N3,12.917370518929474,12.917369786306354,3.134131874473655e-07,9.60315280460567e-07,6.469020930132016e-07,67.15000054314652,4.3439475897199105e-05,9.552963509309493e-06,-3.7988989762116425e-07,-3.7988992333386913e-07,-61.3681478498469
I3,4,N3,12.917369786306354,12.917369711227856,3.8109280932515086e-07,4.0414735916089913e-07,2.3054549835748267e-08,67.1499985218378,1.548112987392132e-06,5.889301263645375e-06,-3.798899003112489e-07,-3.798899012276168e-07,-61.368148136521924
I3,5,N3,12.917369711227856,2.4396414269727646,3.1691695235653625e-07,9.80715395171244,9.807153634795487,67.1499986812698,658.5503536435274,73.55365701472044,-3.7988989776042933e-07,-0.04064073740499108,-61.36814842319694
I3,6,N3,2.4396414269727646,2.4396413369465235,3.821722549014544e-07,4.190841455599481e-07,3.691189065849369e-08,67.15000047715246,2.4786334753304507e-06,6.009423003460518e-06,-3.798899003541547e-07,-3.798899018213048e-07,-61.36814714719619
I3,7,N3,2.4396413369465235,2.4396407500288406,3.1927239365858815e-07,8.290682180716775e-07,5.097958244130894e-07,67.15000064278463,3.423278993702787e-05,8.612554587976992e-06,-3.798898978540522e-07,-3.7988991811709374e-07,-61.36814587119538
I3,8,N3,2.4396407500288406,2.439639241360098,3.0837473904370916e-07,1.6822798185528821e-06,1.373905079509173e-06,67.1500006664958,9.225772700474294e-05,1.4929909181974434e-05,-3.798898974208993e-07,-3.798899520300082e-07,-61.36814459519422
I3,9,N3,2.439639241360098,1.1546137031123223e-06,3.138633607007538e-07,2.2835015241690604,2.2835012103056997,67.15000053527295,153.33710749432416,17.126263785243157,-3.7988989763905766e-07,-5.052370304454394e-07,-61.36814331919214
I3,10,N3,1.1546137031123223e-06,1.1357360226903022e-06,4.4826425822747526e-07,4.1039203245106884e-07,-3.787222577640642e-08,60.000000690037474,-2.2723335727176403e-06,6.43992218008908e-06,-3.79889902664679e-07,-3.79889901772038e-07,-57.80318653558754
I3,11,N3,1.1357360226903022e-06,5.809123628493152e-06,5.296394119951912e-06,2.658589038819236e-07,-5.030535216069988e-06,55.621407475790434,-0.00027980544907434227,4.171689767875377e-05,-3.7989012066350966e-07,-3.7988989550419164e-07,-54.09001182129351
I3,12,N3,5.809123628493152e-06,9.071935184710227,9.69223248165785,2.1270146223372543e-07,-9.692232268956388,55.16825488285509,-534.703540197619,72.69174520769484,-5.1154994003050095e-05,-3.7988989359634145e-07,-53.48846319226716
I3,13,N3,9.071935184710227,9.071939054731068,4.447098695697355e-06,2.737458710768013e-07,-4.173352824620554e-06,55.00605743899321,-0.00022955968518426274,3.540633425080617e-05,-3.7989006192457607e-07,-3.7988989604843667e-07,-53.48846313332487
I3,14,N3,9.071939054731068,18.253354261786026,9.809204484414396,1.781740741612058e-07,-9.809204306240321,53.317488616342864,-523.0021389333498,73.56903496941354,-3.1839783224613343,-3.798898944247626e-07,-53.4884630743829
I3,15,N3,18.253354261786026,19.6184112487604,1.4583944770130686,2.279252274369922e-07,-1.4583942490878412,55.016053511489346,-80.235096048665,10.93796028703722,-4.4798074598984765e-07,-3.798898942072788e-07,-53.488465666572026
I3,16,N3,19.6184112487604,19.618412696005354,1.8758215232581057e-06,2.8877845664404815e-07,-1.5870430666140575e-06,55.62140491670495,-8.827356502838964e-05,1.6234499849266155e-05,-3.7988996495132496e-07,-3.7988989690189653e-07,-54.7448059779063
I3,17,N3,19.618412696005354,19.618412758648617,4.878171089656802e-07,3.687405250400375e-07,-1.1907658392564266e-07,60.0000006119066,-7.144595108402307e-06,6.424182255042883e-06,-3.798899040223154e-07,-3.798899001164371e-07,-57.36711759261273
I3,18,N3,19.618412758648617,19.618411280744525,2.9798633189737356e-07,1.6443828638452462e-06,1.3463965319478726e-06,67.15000062768162,9.0410527965408e-05,1.4567768968069648e-05,-3.7988989699791947e-07,-3.798899519437803e-07,-60.065970168938215
I3,19,N3,19.618411280744525,12.917380503200196,3.295009293047127e-07,6.272165096455939,6.272164766955009,67.15000070240848,421.17586850665054,47.04124069467651,-3.798898982606184e-07,-1.0407102373301061e-06,-61.36814526976767
I3,20,N3,12.917380503200196,12.917378993478032,3.395203781235682e-07,1.7105523901834278e-06,1.3710320120598596e-06,67.1500008203321,9.206480073452113e-05,1.537554576230247e-05,-3.79889898658856e-07,-3.7988995315375584e-07,-61.36814555644388
I3,21,N3,12.917378993478032,12.917378652011624,3.4294987337126973e-07,6.200695704369134e-07,2.7711969706564367e-07,67.15000071133028,1.8608587855081605e-05,7.2226458285613735e-06,-3.7988989879517817e-07,-3.7988990980994205e-07,-61.368145843119926
I3,22,N3,12.917378652011624,12.917371269539393,3.363503400695907e-07,7.204669195456387e-06,6.868318855386796e-06,67.15000068961274,0.00046120761587570356,5.655764651644484e-05,-3.798898985328554e-07,-3.7989017153049814e-07,-61.36814612979593
I3,23,N3,12.917371269539393,12.917371251885152,4.0747790217537463e-07,3.735141306930596e-07,-3.3963771482315054e-08,67.15000066301558,-2.2806672775559656e-06,5.857440246513257e-06,-3.798899013599869e-07,-3.798899000100266e-07,-61.36814641647112
I3,24,N3,12.917371251885152,12.917371229428696,4.026657139799836e-07,3.737930650944258e-07,-2.8872648885557796e-08,67.15000064698208,-1.9387983913452923e-06,5.823440843058071e-06,-3.7988990116871526e-07,-3.7988990002111336e-07,-61.36814670314631
I3,1,N8,119.55430860489564,119.55414839572059,2.3374706967501204e-07,0.00015016057272717524,0.00014992682565750023,67.15000058698078,0.010067586430905306,0.0011279573984763769,-5.872367968932925e-08,-5.872386483964548e-08,-57.54896727037233
I3,2,N8,119.55414839572059,119.49425528499626,2.3116741281051768e-07,0.05606015416282401,0.0560599229954112,67.15000060107201,3.764423862837913,0.42045288997677616,-5.87236796861436e-08,-5.879322843680195e-08,-57.548967271599764
I3,3,N8,119.49425528499626,119.49409866946128,2.318081140235211e-07,0.0001467952269012944,0.0001465634187872709,67.15000055713377,0.00984173365322067,0.0011027027626148843,-5.872367968693482e-08,-5.872386068213351e-08,-57.548967272793824
I3,4,N8,119.49409866946128,119.49409776008088,2.59789347468868e-07,1.0787804502639867e-06,8.189911027951188e-07,67.14999852953477,5.4995251348394285e-05,1.003927348299641e-05,-5.872367972148924e-08,-5.872368073287358e-08,-57.5489672739878
I3,5,N8,119.49409776008088,119.45893808240041,2.3215017623306887e-07,0.0329096616947739,0.03290942954459766,67.14999869037652,2.2098681508207716,0.246824203837126,-5.872367968735724e-08,-5.876444290248782e-08,-57.54896727518177
I3,6,N8,119.45893808240041,119.45878726720073,2.3001229084461335e-07,0.00014136453972755822,0.00014113452743671362,67.15000050376248,0.0094771835884736,0.001061959140138021,-5.872367968471711e-08,-5.872385397798251e-08,-57.548967276356166
I3,7,N8,119.45878726720073,60.18226359218616,2.293356636825549e-07,55.48282636073371,55.48282613139805,67.15000066871757,3725.6718118257195,416.1211994255203,-5.872367968388154e-08,-2.2882451299996602e-05,-57.54896727753048
I3,8,N8,60.18226359218616,59.28433402589072,2.2797038963123545e-07,0.8404622737764733,0.8404620458060836,67.15000071323486,56.437026975325345,6.303468763101472,-5.8723679682195535e-08,-5.987684740377011e-08,-57.54896723597654
I3,9,N8,59.28433402589072,1.2450157232824905e-06,2.2537927098166677e-07,55.49013568035288,55.490135454973604,67.15000054211019,3726.1626258832457,416.17601929299116,-5.872367967899575e-08,-2.3992916181304383e-05,-57.54896719324991
I3,10,N8,1.2450157232824905e-06,6.538754482238348e-07,3.0354525478609134e-07,8.192420809919772e-07,5.156968262058859e-07,60.00000068925164,3.094180992779804e-05,8.420905018335513e-06,-5.8723679778564664e-08,-5.872368043724188e-08,-54.36740665829692
I3,11,N8,6.538754482238348e-07,18.713896611165147,19.993478822992376,2.0688517259789126e-07,-19.993478616107204,53.93681900007911,-1078.3846372989265,149.9510927240816,-9.725812826486156e-08,-5.872367965279172e-08,-47.719556823729356
I3,12,N8,18.713896611165147,70.79652680235948,55.64383598411441,2.7138079572584356e-07,-55.64383571273361,53.30932377598329,-2966.335254147738,417.32877191621407,-2.074438161006865,-5.8723679719273476e-08,-47.71955663705645
I3,13,N8,70.79652680235948,122.88529513257647,55.65039393023521,3.636202466159432e-07,-55.650393566614966,53.084723655238136,-2954.1857637889975,417.3779572039159,-0.8578959358706929,-5.8723679839536895e-08,-47.71955660634715
I3,14,N8,122.88529513257647,174.97420597448672,55.650545990402435,1.9197963483503488e-07,-55.6505457984228,50.74650698934549,-2824.0708113205537,417.37909636786554,-5.110424162786485,-5.87236797116039e-08,-47.71955660938114
I3,15,N8,174.97420597448672,227.00109976709751,55.58428855453712,2.755920278138353e-07,-55.58428827894509,53.09856558462422,-2951.445976654225,416.8821662259686,-1.677351530497882,-5.8723679724723624e-08,-47.719556651392104
I3,16,N8,227.00109976709751,234.85518314012825,8.391114942824183,1.997917240549613e-07,-8.391114743032459,53.93681547852005,-452.59000755403093,62.93336356961931,-7.092586459573032e-08,-5.872367964389754e-08,-47.71955712148951
I3,17,N8,234.85518314012825,234.8551829416727,3.4841026165113236e-07,4.909952488492596e-07,1.425849871981273e-07,60.000000607136606,8.555099318456202e-06,6.2955413287529396e-06,-5.872367982788242e-08,-5.8723680024596395e-08,-53.34265232580657
I3,18,N8,234.8551829416727,210.4671791915086,2.693372380455667e-07,22.827171746118875,22.827171476781636,67.15000066488044,1532.8445798432267,171.20379011592087,-5.8723679733280086e-08,-1.0929888294297478e-07,-57.548967088944984
I3,19,N8,210.4671791915086,167.6570385533461,2.595832892034075e-07,40.07029186473997,40.07029160515668,67.15022130410324,2690.7289490062217,300.52719093242445,-5.8723679721235555e-08,-2.354704562686935e-07,-57.54896722243593
I3,20,N8,167.6570385533461,126.70120666592432,2.5234143131720113e-07,38.33465886770212,38.33465861536069,67.15005813397818,2574.1745545676777,287.5099434003266,-5.872367971229172e-08,-2.108690512137967e-07,-57.54896725574261
I3,21,N8,126.70120666592432,126.70118525872,2.893309237182917e-07,2.029062490392709e-05,2.00012939802088e-05,67.15000082571068,0.0013430869072863028,0.00015434966870734036,-5.8723679757970587e-08,-5.872370445789106e-08,-57.548967260457715
I3,22,N8,126.70118525872,120.02743082179086,2.7361357756024144e-07,6.246634392677454,6.246634119063877,67.15000078018042,419.461485968641,46.84975999718274,-5.872367973856101e-08,-6.605173382205392e-08,-57.54896726517281
I3,23,N8,120.02743082179086,119.56036833538296,2.989973264690566e-07,0.43717074922814475,0.4371704502308183,67.15000071210203,29.355996044309414,3.278782861691034,-5.872367976990774e-08,-5.9317014586080564e-08,-57.54896726668639
I3,24,N8,119.56036833538296,119.55430860489564,2.8263634619907336e-07,0.005672155352704881,0.005671872716358682,67.15000068018806,0.3808662567614256,0.0425432849178831,-5.8723679749703347e-08,-5.873068760691881e-08,-57.54896726791728
I3,1,N9,6.415938633230495e-05,6.387869319846799e-05,2.3483245419489715e-07,4.6846454706172443e-07,2.3363209286682729e-07,67.1500005655287,1.5688395168133106e-05,5.274727509424662e-06,-0.1263477904795663,-0.1218826406204657,-62.83954013474054
I3,2,N9,6.387869319846799e-05,6.359799350508931e-05,2.3483227647566095e-07,4.6847053109367113e-07,2.3363825461801018e-07,67.15000058388739,1.5688808934017813e-05,5.27477105676999e-06,-0.12635976345967725,-0.1217818314941518,-62.839560996840575
I3,3,N9,6.359799350508931e-05,6.331724920784952e-05,2.3482464023665458e-07,4.685055902292113e-07,2.3368094999255671e-07,67.15000054453151,1.5691675919246825e-05,5.274976728493994e-06,-0.12635494940287104,-0.12175777576426737,-62.8390743577035
I3,4,N9,6.331724920784952e-05,6.303641757348058e-05,2.3480925313550331e-07,4.685738572043352e-07,2.3376460406883188e-07,67.14999852194482,1.5697292817705076e-05,5.275373327548789e-06,-0.12635392911088178,-0.12173981338492587,-62.838079079822485
I3,5,N9,6.303641757348058e-05,6.275545543996197e-05,2.347860335122016e-07,4.6867566178932747e-07,2.3388962827712587e-07,67.14999868183085,1.570568823050291e-05,5.275962714761468e-06,-0.12635657427554384,-0.12172850391490653,-62.83657278217718
I3,6,N9,6.275545543996197e-05,6.247431910281145e-05,2.3475499210722589e-07,4.688115211380616e-07,2.340565290308357e-07,67.15000047944235,1.5716896036637232e-05,5.276748849339656e-06,-0.12636261619989766,-0.12171588516516449,-62.834551281788045
I3,7,N9,6.247431910281145e-05,6.219296560710792e-05,2.3471624607024377e-07,4.6898083629566196e-07,2.342645902254182e-07,67.15000064790515,1.5730867385418065e-05,5.277728117744293e-06,-0.12636660457463955,-0.12171138889206679,-62.83200773764656
I3,8,N9,6.219296560710792e-05,6.191135077317798e-05,2.346696310311911e-07,4.691846096263198e-07,2.345149785951287e-07,67.15000067554732,1.5747680971088858e-05,5.2789068049313315e-06,-0.126376793620681,-0.12170236613407061,-62.82893145436298
I3,9,N9,6.191135077317798e-05,6.162943065580765e-05,2.3461517476377036e-07,4.6942264600847837e-07,2.34807471244708e-07,67.15000053669546,1.5767321820102248e-05,5.2802836557918655e-06,-0.12638938327594126,-0.1216963206788923,-62.82530629328776
I3,10,N9,6.162943065580765e-05,6.178250057899919e-05,4.407094432402456e-07,2.4283033227772553e-07,-1.978791109625201e-07,60.000000690037474,-1.1872746794295207e-05,5.126548316384784e-06,-0.12310016365303761,-0.1256224273933318,-62.82110872293114
I3,11,N9,6.178250057899919e-05,6.23122571757961e-05,7.866351851995372e-07,1.933157646106584e-07,-5.933194205888788e-07,55.621407475790434,-3.3001261255873914e-05,7.349632123576467e-06,-0.12320633909933511,-0.12552958255528388,-62.817140079065396
I3,12,N9,6.23122571757961e-05,6.295059744143213e-05,8.957235193340712e-07,1.8725330375918976e-07,-7.084702155748814e-07,55.168254882391466,-3.908506542941789e-05,8.122326173199457e-06,-0.12360700631805425,-0.12538026112480866,-62.81410173865113
I3,13,N9,6.295059744143213e-05,6.362409713319234e-05,9.314368642575983e-07,1.8563239954106537e-07,-7.458044647165329e-07,55.00605743730146,-4.102376322319348e-05,8.378019478489978e-06,-0.12400840196531512,-0.12568897172846372,-62.81223399696957
I3,14,N9,6.362409713319234e-05,6.477322551965156e-05,1.4244484624302266e-06,1.7236943041544472e-07,-1.2520790320147818e-06,53.31748861416777,-6.675770953348634e-05,1.1976134196342535e-05,-0.11829709999552422,-0.15826811410319785,-62.8116059337674
I3,15,N9,6.477322551965156e-05,6.544477182944238e-05,9.294495525437288e-07,1.8571968922113228e-07,-7.437298633225965e-07,55.01605351141962,-4.091708195859677e-05,8.363769313236458e-06,-0.12373125674397076,-0.12567976221122867,-62.813416039415074
I3,16,N9,6.544477182944238e-05,6.597443765965865e-05,7.865446433234685e-07,1.9332139875469646e-07,-5.932232445687721e-07,55.62140491670495,-3.299591029216116e-05,7.348995315586238e-06,-0.12325262261642897,-0.1255788029818432,-62.81646672593189
I3,17,N9,6.597443765965865e-05,6.612747470386527e-05,4.406830190831802e-07,2.4283795690930783e-07,-1.9784506217387238e-07,60.0000006119066,-1.1870703851495042e-05,5.1264073199436605e-06,-0.123096521010453,-0.12573839791573585,-62.82044803562604
I3,18,N9,6.612747470386527e-05,6.584551961135177e-05,2.3460879479438726e-07,4.6944979327682175e-07,2.348409984824345e-07,67.15000063135543,1.5769573196363615e-05,5.280439410534068e-06,-0.1262963946948173,-0.12181639143601364,-62.82465855331706
I3,19,N9,6.584551961135177e-05,6.556386700830412e-05,2.3466326837180705e-07,4.6921438722005925e-07,2.345511188482522e-07,67.1500007188642,1.5750107799270537e-05,5.279082416938997e-06,-0.12628313882237607,-0.1217773612732828,-62.828296754205596
I3,20,N9,6.556386700830412e-05,6.528247816730739e-05,2.3470963223109036e-07,4.6900812513206696e-07,2.342984929009766e-07,67.15000084355908,1.57331439959452e-05,5.27788318022368e-06,-0.12628943186150252,-0.12182681022401713,-62.83138607747913
I3,21,N9,6.528247816730739e-05,6.500149636686007e-05,2.3474835761245464e-07,4.6866106232952324e-07,2.339127047170686e-07,67.15000072808871,1.5707238292060357e-05,5.275570649564834e-06,-0.12628692005571576,-0.12480012794409553,-62.833942656969576
I3,22,N9,6.500149636686007e-05,6.472071915733486e-05,2.3477920808390277e-07,4.6849659320108067e-07,2.337173851171779e-07,67.15000070321733,1.569412257497261e-05,5.2745685096373765e-06,-0.12629184035479257,-0.12529345310380852,-62.83597796432443
I3,23,N9,6.472071915733486e-05,6.444006198904091e-05,2.348022103572941e-07,4.6840438680832774e-07,2.3360217645103364e-07,67.15000067129827,1.5686386305503647e-05,5.2740494787421634e-06,-0.12630421730988534,-0.1251439935230408,-62.83749894830457
I3,24,N9,6.444006198904091e-05,6.415938633230495e-05,2.3481730758531608e-07,4.684349186111168e-07,2.3361761102580074e-07,67.15000065253508,1.5687422732826206e-05,5.274391696473247e-06,-0.12632718083087546,-0.1235061027746955,-62.83850968011778
I4,1,N3,67.2649001954194,37.12790734689634,8.162114605881711e-08,28.208225377725544,28.2082252961044,67.15000056252416,1894.1823445012185,211.56169094510017,-9.891383120581683e-08,-5.120124488008404e-07,-62.18352641452623
I4,2,N3,37.12790734689634,34.48098388575777,8.162235115124394e-08,2.477520431134716,2.477520349512365,67.15000058179841,166.3654929111727,18.581403845678004,-9.891383120582059e-08,-1.0884938949279779e-07,-62.18352642981102
I4,3,N3,34.48098388575777,34.4139176212769,8.16383326702024e-08,0.062774095077111,0.06277401343877834,67.15000054314652,4.2152750365094525,0.47080632536582745,-9.891383120587016e-08,-9.910972970978739e-08,-62.183526425564615
I4,4,N3,34.4139176212769,33.96117103977806,8.153829805454587e-08,0.4237708717182911,0.42377079017999303,67.1499985218378,28.45620793418457,3.1782821494244184,-9.891383120555988e-08,-1.0036583924492226e-07,-62.183526420899845
I4,5,N3,33.96117103977806,33.96111906752447,8.16167067623159e-08,4.8717533432370034e-05,4.8635916725607715e-05,67.1499986812698,0.0032659017439869062,0.00036599362604349266,-9.891383120580307e-08,-9.891398205772807e-08,-62.18352641316573
I4,6,N3,33.96111906752447,3.6244418890646255,8.16252416203383e-08,28.39512991054996,28.39512982892472,67.15000047715246,1906.732981561101,212.96347494131402,-9.891383120582954e-08,-5.246792737769044e-07,-62.18352640543129
I4,7,N3,3.6244418890646255,2.222820050621702,8.162748195584417e-08,1.311918112296087,1.3119180306686051,67.15000064278463,88.09529660267758,9.839386454426768,-9.891383120583649e-08,-1.0405531557463491e-07,-62.18352550601727
I4,8,N3,2.222820050621702,1.5717821053308156,8.166492328999882e-08,0.609371588338582,0.6093715066736587,67.1500006664958,40.91929707927973,4.5702875250262895,-9.891383120595262e-08,-1.0111087400739636e-07,-62.18352390275341
I4,9,N3,1.5717821053308156,1.5296721715773147,8.163505852847328e-08,0.039414969513425095,0.03941488787836657,67.15000053527295,2.6467097421300387,0.29561288361362714,-9.891383120586e-08,-9.9036861530182e-08,-62.18352151107707
I4,10,N3,1.5296721715773147,1.529669617396954,8.928916545368588e-08,2.4689386985878537e-06,2.379649533134168e-06,60.000000690037474,0.00014277897363009742,1.9186708980311548e-05,-9.891383122960024e-08,-9.891383861039902e-08,-62.18351905122568
I4,11,N3,1.529669617396954,1.529669089242839,1.0182039491496404e-07,5.835566921911187e-07,4.817362972761547e-07,55.621407475790434,2.6794850886675515e-05,5.140328153295621e-06,-9.891383120590572e-08,-9.891383265421007e-08,-62.183516591370065
I4,12,N3,1.529669089242839,1.5296685070827594,1.0170448682518384e-07,6.340047286189866e-07,5.323002417938027e-07,55.16825488285509,2.93660754134859e-05,5.517819115831278e-06,-9.891383123914971e-08,-9.891383278114708e-08,-62.183514131513604
I4,13,N3,1.5296685070827594,34.39731639587054,35.11500851536259,7.636975197510482e-08,-35.11500843899284,55.00605743899321,-1931.5381711659713,263.36256443799255,-5.137408324491663,-9.891383122091195e-08,-62.18351167165624
I4,14,N3,34.39731639587054,67.26496525741443,35.11500953215571,5.667840400351928e-08,-35.11500947547731,53.317488616342864,-1872.2441179715331,263.36257191625583,-13.80908179368485,-9.89138313413064e-08,-62.18351166714455
I4,15,N3,67.26496525741443,67.2649646832237,1.0698564747166579e-07,6.311722412596257e-07,5.2418659378796e-07,55.016053511489346,2.8838677693843735e-05,5.536184165484686e-06,-9.891383125609478e-08,-9.891383277381226e-08,-62.18351289610536
I4,16,N3,67.2649646832237,67.26496411315952,1.01932343716394e-07,6.228825851238953e-07,5.209502414075013e-07,55.62140491670495,2.897598431878182e-05,5.4361119663021705e-06,-9.891383120626742e-08,-9.891383275308849e-08,-62.18351412506595
I4,17,N3,67.26496411315952,67.26496268246343,9.051516363948382e-08,1.4184315061473592e-06,1.3279163425078753e-06,60.0000006119066,7.967498136303329e-05,1.1317100023401324e-05,-9.891383123340283e-08,-9.891383535211082e-08,-62.1835153540263
I4,18,N3,67.26496268246343,67.26495280450963,7.790756175044387e-08,9.314019260710481e-06,9.236111698960038e-06,67.15000062768162,0.0006202049063825041,7.043945116845693e-05,-9.89138311942987e-08,-9.891385984134549e-08,-62.18351658298602
I4,19,N3,67.26495280450963,67.26494369962784,7.759891384803799e-08,8.590153455868602e-06,8.512554542020564e-06,67.15000070240848,0.0005716180434759713,6.500814277287479e-05,-9.891383119334139e-08,-9.891385759617279e-08,-62.18351781194147
I4,20,N3,67.26494369962784,67.26493484384643,7.753956462336978e-08,8.356943504797656e-06,8.279403940174287e-06,67.1500008203321,0.0005559619813745641,6.325862302065768e-05,-9.89138311931573e-08,-9.891385687284132e-08,-62.18351904089297
I4,21,N3,67.26493484384643,67.26492599757346,7.74926754540771e-08,8.348002525642527e-06,8.27050985018845e-06,67.15000071133028,0.0005553647423232184,6.319121400822454e-05,-9.891383119301187e-08,-9.891385684510735e-08,-62.183520269840635
I4,22,N3,67.26492599757346,67.2649173345956,7.748591540761877e-08,8.176432376775955e-06,8.098946461368337e-06,67.15000068961274,0.0005438442604660204,6.19043871913768e-05,-9.89138311929909e-08,-9.891385631295468e-08,-62.18352149878447
I4,23,N3,67.2649173345956,67.26490873243178,7.749117784820386e-08,8.119515036124654e-06,8.04202385827645e-06,67.15000066301558,0.0005400219074152507,6.147754660479644e-05,-9.891383119300722e-08,-9.891385613642454e-08,-62.18352272772456
I4,24,N3,67.26490873243178,67.2649001954194,7.751717237235277e-08,8.05855607111975e-06,7.981038898747398e-06,67.15000064698208,0.0005359267672144769,6.1020549326190765e-05,-9.891383119308783e-08,-9.891385594734592e-08,-62.18352395666091
I4,1,N8,144.64825802853142,144.37599469854487,1.070260551974936e-07,0.25483857063249565,0.25483846360644047,67.15000058698078,17.112402980757757,1.9112900824391312,-7.623579433098284e-08,-7.675586917516576e-08,-67.09420788218036
I4,2,N8,144.37599469854487,144.3414972790842,1.0704579940061566e-07,0.03228967839758573,0.03228957135178633,67.15000060107201,2.1682447356808097,0.24217339082538847,-7.623579433102125e-08,-7.629875212269189e-08,-67.09420793556568
I4,3,N8,144.3414972790842,135.9570311095366,1.0706542314802557e-07,7.847860428496143,7.84786032143072,67.15000055713377,526.9838249563808,58.85895401671175,-7.62357943310594e-08,-9.66589482249146e-08,-67.09420798888702
I4,4,N8,135.9570311095366,106.004922289861,1.0705788175133703e-07,28.03517394900934,28.03517384195146,67.14999852953477,1882.561882262292,210.26380542050418,-7.623579433104472e-08,-2.188701672939809e-07,-67.09420802772294
I4,5,N8,106.004922289861,69.61695271688549,1.0778135145635923e-07,34.05913961473189,34.05913950695054,67.14999869037652,2287.0711732870795,255.44354791884933,-7.623579433245149e-08,-3.4555683241323956e-07,-67.09420803575523
I4,6,N8,69.61695271688549,69.09087626509842,1.0705332215960552e-07,0.49240765266168923,0.4924075456083671,67.15000050376248,33.0651669356583,3.6930581978625856,-7.623579433103587e-08,-7.729091709895045e-08,-67.09420801223592
I4,7,N8,69.09087626509842,59.67110851886344,1.0705271923967963e-07,8.816902704264388,8.81690259721167,67.15000066871757,592.0550152987812,66.1267710848783,-7.623579433103469e-08,-9.673606912523075e-08,-67.09420798811827
I4,8,N8,59.67110851886344,23.243806635426655,1.0706046245424024e-07,34.09595465669207,34.09595454963161,67.15000071323486,2289.543372326186,255.71966072814402,-7.623579433104975e-08,-3.8137088269134824e-07,-67.0942079535057
I4,9,N8,23.243806635426655,1.2497373375586518e-06,1.0701566242413072e-07,21.756201934761197,21.756201827745535,67.15000054211019,1460.9289645273714,163.17151531332644,-7.623579433096264e-08,-1.59121576358534e-07,-67.09420781143744
I4,10,N8,1.2497373375586518e-06,1.2263183969290175e-06,2.55229007399019e-07,2.455252408955886e-07,-9.703766503430423e-09,60.00000068925164,-5.822259968941624e-07,3.7556568622095567e-06,-7.623579461930143e-08,-7.623579459998e-08,-63.57155846829449
I4,11,N8,1.2263183969290175e-06,0.00047204688131701405,0.0005031421484653935,1.1277680873776483e-07,-0.0005030293716566556,53.93681900007911,-0.02713180417076856,0.0037744119395559843,-7.623677260023128e-08,-7.623579433458078e-08,-59.94363831275613
I4,12,N8,0.00047204688131701405,39.53012587061235,42.23253621287905,6.694622600467797e-08,-42.23253614593282,53.30932377598329,-2251.38794328445,316.7440220986896,-19.667070513615865,-7.62357942150854e-08,-59.93553548864186
I4,13,N8,39.53012587061235,81.04121319055369,44.34945233888394,6.482178832327341e-08,-44.34945227406215,53.084723655238136,-2354.278418229762,332.620893027793,-11.463613246761588,-7.623579421090263e-08,-59.93553541693653
I4,14,N8,81.04121319055369,122.55230088033403,44.34945273242439,6.343166871391367e-08,-44.34945266899272,50.74650698934549,-2250.579809840686,332.6208959689204,-14.848346473958912,-7.623579436430357e-08,-59.93553540413713
I4,15,N8,122.55230088033403,164.0633881792561,44.349452318654464,6.677286933623554e-08,-44.349452251881594,53.09856558462422,-2354.892299038695,332.620892890705,-10.78841206429505,-7.62357942147439e-08,-59.9355354278089
I4,16,N8,164.0633881792561,192.24223667823344,30.105607451794793,7.104479824870472e-08,-30.105607380749994,53.93681547852005,-1623.800590164284,225.79205642129693,-2.5850264509064164e-07,-7.623579425291336e-08,-59.93553554022046
I4,17,N8,192.24223667823344,192.24223741688823,9.350218810344144e-07,1.2778804343419026e-07,-8.072338376002242e-07,60.000000607136606,-4.843403074611466e-05,7.971074433514535e-06,-7.623579571848246e-08,-7.623579435436187e-08,-62.52365744815014
I4,18,N8,192.24223741688823,192.08179101774962,1.4950685052288707e-07,0.15017796057610602,0.1501778110692555,67.15000066488044,10.084440113150796,1.126335825622174,-7.623579441358511e-08,-7.653143501850385e-08,-67.09414677501655
I4,19,N8,192.08179101774962,192.04518115737227,1.5866789334452608e-07,0.03426696832151187,0.03426680965361852,67.15022130410324,2.301023851626065,0.25700345242053907,-7.623579443139841e-08,-7.630266182252072e-08,-67.09417038005608
I4,20,N8,192.04518115737227,192.03149436310898,6.40773184906212e-08,0.012810895568344936,0.012810831491026445,67.15005813397818,0.8602480793670241,0.09608219734247571,-7.62357942474707e-08,-7.626074360556068e-08,-67.09418961788839
I4,21,N8,192.03149436310898,144.65210232228637,1.120296600891822e-07,44.3471110483587,44.34711093632904,67.15000082571068,2977.908535992378,332.60333370291266,-7.623579434071216e-08,-0.010907608069405052,-67.09420761259722
I4,22,N8,144.65210232228637,144.6503305975049,1.119406992282154e-07,0.0016584324662534348,0.0016583205255542065,67.15000078018042,0.11135622458475417,0.012439083052144972,-7.623579434053918e-08,-7.623901946890632e-08,-67.09420766651844
I4,23,N8,144.6503305975049,144.64927139094996,1.1194038756807072e-07,0.0009915154059489237,0.0009914034655613556,67.15000071210203,0.06657274341842545,0.007437205097523688,-7.623579434053857e-08,-7.623772256220357e-08,-67.09420772043636
I4,24,N8,144.64927139094996,144.64825802853142,1.1200640967829344e-07,0.0009486053521276976,0.0009484933457180193,67.15000068018806,0.06369132881011884,0.007115380189030319,-7.623579434066695e-08,-7.623763890669016e-08,-67.09420777435228
I4,1,N9,120.40487243466546,98.8427756396111,1.0720046822076545e-07,20.182122694088783,20.182122586888315,67.1500005655287,1355.2295431231198,151.36592100966936,-6.569270444972934e-08,-1.1675767464764512e-07,-77.54649568705233
I4,2,N9,98.8427756396111,83.22473662187443,1.0720264419655698e-07,14.618484614521336,14.61848450731869,67.15000058388739,981.6312432019988,109.63863541292986,-6.56927044497326e-08,-9.610352132090748e-08,-77.54649582401183
I4,3,N9,83.22473662187443,80.32698722292831,1.072393393957506e-07,2.712293531365528,2.7122934241261887,67.15000054453151,182.1305049070028,20.342202289536502,-6.569270444978757e-08,-7.04325845683833e-08,-77.54649588074619
I4,4,N9,80.32698722292831,79.37359848282703,1.0719948458531245e-07,0.892371954651831,0.8923718474523463,67.14999852194482,59.92276823745023,6.692790463884867,-6.569270444972786e-08,-6.725617113564672e-08,-77.5464959275685
I4,5,N9,79.37359848282703,77.80730693874968,1.0721443454165155e-07,1.4660489791865468,1.4660488719721123,67.14999868183085,98.44517982042694,10.995368148007358,-6.569270444975026e-08,-6.833333273480697e-08,-77.5464959712387
I4,6,N9,77.80730693874968,27.40678252718661,1.0720775117748588e-07,47.174890943147304,47.17489083593955,67.15000047944235,3167.7939422509817,353.8116828776629,-6.569270444974023e-08,-1.3683601477846715e-06,-77.54649600989544
I4,7,N9,27.40678252718661,13.005765075707647,1.0720752368245629e-07,13.479352428508392,13.479352321300869,67.15000064790515,905.138517108695,101.09514401786936,-6.569270444973992e-08,-8.864168034841246e-08,-77.54649590376242
I4,8,N9,13.005765075707647,5.313899763034307,1.0721740069212794e-07,7.199586026594981,7.199585919377581,67.15000067554732,483.4521993498655,53.996896003592866,-6.56927044497547e-08,-7.844757518284217e-08,-77.54649565659274
I4,9,N9,5.313899763034307,3.195926384295383e-06,1.0719659919098534e-07,4.973807280727527,4.973807173530928,67.15000053669546,333.9911543720215,37.30355540943095,-6.569270444972353e-08,-7.468531177970145e-08,-77.54649502274526
I4,10,N9,3.195926384295383e-06,2.3635605612804307e-06,1.4046365072331583e-07,9.021540528860896e-07,7.616904021627739e-07,60.000000690037474,4.570142465536135e-05,7.819632777070541e-06,-6.56927045033435e-08,-6.569270565746292e-08,-76.29209467973354
I4,11,N9,2.3635605612804307e-06,2.0791565411873384e-06,1.5890632891228403e-07,4.054193619418708e-07,2.4651303302958675e-07,55.621407475790434,1.371140185823163e-05,4.232442681406161e-06,-6.569270450922902e-08,-6.569270488722918e-08,-74.55980021518995
I4,12,N9,2.0791565411873384e-06,1.4012732562562357e-06,1.461552739889971e-07,7.625448056161766e-07,6.163895316271795e-07,55.168254882391466,3.4005134787646136e-05,6.815250597038803e-06,-6.569270450699257e-08,-6.569270538786702e-08,-72.57383821235057
I4,13,N9,1.4012732562562357e-06,37.547267240489205,40.11460049961496,2.13804541132898e-07,-40.11460028581042,55.00605743730146,-2206.5460073956774,300.85950535064626,-3.5731045206181325e-07,-6.56927046086235e-08,-69.60114784878418
I4,14,N9,37.547267240489205,84.84031015321959,50.52675531979046,6.233150435341832e-08,-50.52675525745896,53.31748861416777,-2693.9596981504096,378.9506653659147,-25.332692036411064,-6.569270446719606e-08,-69.60114779307355
I4,15,N9,84.84031015321959,120.42230445539656,38.01495139438671,1.8997898622866196e-07,-38.01495120440773,55.01605351141962,-2091.4325896957016,285.11213688274273,-2.9567098720494664e-07,-6.569270457261468e-08,-69.60114785547904
I4,16,N9,120.42230445539656,120.42230352136895,1.506178108419814e-07,1.0062055022521497e-06,8.555876914101683e-07,55.62140491670495,4.758898942567377e-05,8.676174848205983e-06,-6.569270449978123e-08,-6.569270567563852e-08,-73.70558673381596
I4,17,N9,120.42230352136895,120.42230303025273,1.4050008685606734e-07,5.827763352953514e-07,4.42276248439284e-07,60.0000006119066,2.6536575176988796e-05,5.4245731661356404e-06,-6.569270450371207e-08,-6.569270517301985e-08,-75.8602290988066
I4,18,N9,120.42230303025273,120.41903712281326,1.1219489209915855e-07,0.003056987656839166,0.003056875461947067,67.15000063135543,0.20526918919972045,0.02292824888798449,-6.56927044572113e-08,-6.569728430274977e-08,-77.54342723228346
I4,19,N9,120.41903712281326,120.41430879814095,1.1245860410496516e-07,0.004425810417804161,0.0044256979592000555,67.1500007188642,0.29718562114175956,0.033194421573061995,-6.569270445760639e-08,-6.569933500038381e-08,-77.5445973859382
I4,20,N9,120.41430879814095,120.4096569711791,1.1301444897780077e-07,0.004354209047808102,0.004354096033359124,67.15000084355908,0.29237755231300244,0.032657415466928096,-6.569270445843909e-08,-6.569922794925333e-08,-77.54507562193118
I4,21,N9,120.4096569711791,120.40578761520823,1.1207626271388112e-07,0.0036218153782959037,0.0036217033020331897,67.15000072808871,0.24319737936844998,0.027164455909189634,-6.569270445703362e-08,-6.569813050086149e-08,-77.54537795766964
I4,22,N9,120.40578761520823,120.40534558858558,1.1177909440818792e-07,0.0004138348480187724,0.0004137230689243642,67.15000070321733,0.027781504369208287,0.0031045997033488544,-6.569270445658844e-08,-6.569332423944228e-08,-77.54560946224619
I4,23,N9,120.40534558858558,120.40508481593709,1.1174668481274346e-07,0.0002441810998102482,0.0002440693531254355,67.15000067129827,0.016389257226216328,0.0018321963487129573,-6.569270445653988e-08,-6.569307009717242e-08,-77.54583493237811
I4,24,N9,120.40508481593709,120.40487243466546,1.1174577078882987e-07,0.00019888677026725951,0.00019877502449647068,67.15000065253508,0.013347743024645684,0.0014924888702853626,-6.569270445653852e-08,-6.569300223703079e-08,-77.54605698768265
