{
  "termination": "optimal",
  "joint_lower_level_objective_eur_per_day": 427799.22897044563,
  "lambda_solver_dual_max_abs_diff": 0.0,
  "lambda_min_eur_per_mwh": 16.32806523090651,
  "lambda_max_eur_per_mwh": 75.0000000413546,
  "investors": {
    "I1": {
      "wacc": 0.08,
      "total_power_mw": 124.46443595858217,
      "total_energy_mwh": 579.237375839058,
      "settled_spot_revenue_eur_per_day": 25656.494798686817,
      "settled_degradation_eur_per_day": 13710.088543074673,
      "capex_daily_eur_per_day": 3745.943184887036,
      "settled_profit_eur_per_day": 8200.463070725109,
      "capacity_proportional_profit_eur_per_day": 7927.024080752328,
      "dispatch_attribution_band_eur_per_day": 273.4389899727812,
      "last_profit_belief_eur_per_day": 10782.7615143396,
      "belief_minus_settled_eur_per_day": 2582.2984436144907,
      "mpec_lambda_max_abs_diff_vs_joint_eur_per_mwh": 11.222559374330697,
      "throughput_mwh": 1828.0118057432896
    },
    "I2": {
      "wacc": 0.12,
      "total_power_mw": 86.22596234231592,
      "total_energy_mwh": 341.4985154109646,
      "settled_spot_revenue_eur_per_day": 15610.382480692664,
      "settled_degradation_eur_per_day": 8252.96956712922,
      "capex_daily_eur_per_day": 2809.564107980985,
      "settled_profit_eur_per_day": 4547.84880558246,
      "capacity_proportional_profit_eur_per_day": 4821.287795555238,
      "dispatch_attribution_band_eur_per_day": 273.43898997277756,
      "last_profit_belief_eur_per_day": 6373.702249262619,
      "belief_minus_settled_eur_per_day": 1825.8534436801592,
      "mpec_lambda_max_abs_diff_vs_joint_eur_per_mwh": 11.222559363336043,
      "throughput_mwh": 1100.395942283896
    }
  },
  "node_shares": {
    "N1": {
      "I1": 62.29429777056035,
      "I2": 37.70546229936659,
      "total_mw": 99.99976006992694,
      "limit_mw": 100.0
    },
    "N2": {
      "I1": 2.4681892928001044,
      "I2": 8.214196843157668,
      "total_mw": 10.682386135957772,
      "limit_mw": 100.0
    },
    "N3": {
      "I1": 0.002187228765146822,
      "I2": 0.0021871799483768146,
      "total_mw": 0.004374408713523637,
      "limit_mw": 100.0
    },
    "N4": {
      "I1": 0.002187247841950086,
      "I2": 0.002187066775935746,
      "total_mw": 0.004374314617885832,
      "limit_mw": 100.0
    },
    "N5": {
      "I1": 59.69757441861462,
      "I2": 40.30192895306736,
      "total_mw": 99.99950337168198,
      "limit_mw": 100.0
    }
  }
}