node,x_power_mw,x_energy_mwh,energy_power_ratio_h
N1,0.0,0.0,0.0
N2,0.0,0.0,0.0
N3,19.312073164236597,38.624146369945656,2.000000002147489
N4,0.0,0.0,0.0
N5,0.0,0.0,0.0
N6,0.0,0.0,0.0
N7,0.0,0.0,0.0
N8,86.08805422724102,417.7152418844542,4.852185888437419
N9,0.00014401961713995687,0.00028808071967162315,2.0002880537563787
