{
  "model": "Single Investor Primal-Dual MPEC",
  "investor": "I4",
  "wacc": 0.08,
  "solver_status": "ok",
  "termination": "optimal",
  "profit_eur_per_day": 206105.75254280015,
  "spot_revenue_eur_per_day": 8440.59111820573,
  "degradation_cost_eur_per_day": 6860.072417849535,
  "capex_daily_eur_per_day": 2966.6636558529117,
  "lower_level_primal_objective_eur_per_day": 433862.50492804457,
  "lower_level_dual_objective_eur_per_day": 433862.4943316135,
  "strong_duality_gap": 0.010596431093290448,
  "total_power_mw": 105.40027141109475,
  "total_energy_mwh": 456.3396763351195,
  "total_charge_mwh": 487.5423873267159,
  "total_discharge_mwh": 427.13393505322216,
  "total_storage_throughput_mwh": 914.676322379938,
  "total_load_shed_mwh": 0.0,
  "equivalent_cycles_throughput_over_2e": 1.0021880298966515,
  "equivalent_cycles_discharge_over_e": 0.9359999956250797,
  "line_limits_mw": {
    "L14": 400.0,
    "L45": 400.0,
    "L46": 200.0,
    "L69": 200.0,
    "L57": 400.0,
    "L93": 400.0,
    "L72": 400.0,
    "L98": 200.0,
    "L78": 200.0
  },
  "existing_power_mw_per_node": 0.0,
  "existing_ratio_hours": 2.0,
  "storage_units": [
    "I4",
    "RIV"
  ],
  "demand_model": "quadratic",
  "load_shed_allowed": true,
  "quadratic_demand_alpha_eur_per_mwh": 4000,
  "quadratic_demand_beta_eur_per_mwh_per_share": 10000,
  "quadratic_demand_source": "fixed_default"
}