node,x_power_mw,x_energy_mwh,energy_power_ratio_h
N1,6.859784196144622e-06,1.4355747467802052e-05,2.0927403920185066
N2,5.639796799886293e-06,1.2030979284719649e-05,2.133229212258536
N3,24.993519238522264,49.987038797480466,2.000000012820761
N4,7.245667676228258e-06,1.5053716434813598e-05,2.0776161849379533
N5,4.986031599367972e-06,1.0713576219246624e-05,2.1487180748322325
N6,3.116664907380578e-06,6.777506866122068e-06,2.1746023610277274
N7,5.490328292990212e-06,1.173447647263238e-05,2.13729960148547
N8,13.810867117136542,60.23990979510618,4.36177607706908
N9,35.05965457521605,70.11930947052105,2.0000000091298373
