{
  "model": "Single Investor Primal-Dual MPEC",
  "investor": "I3",
  "wacc": 0.08,
  "solver_status": "ok",
  "termination": "optimal",
  "profit_eur_per_day": 140015.69066914843,
  "spot_revenue_eur_per_day": 3054.0908287410716,
  "degradation_cost_eur_per_day": 2711.1125993571804,
  "capex_daily_eur_per_day": 1240.4287357174896,
  "lower_level_primal_objective_eur_per_day": 434616.5106928956,
  "lower_level_dual_objective_eur_per_day": 434616.51069771755,
  "strong_duality_gap": 4.82192263007164e-06,
  "total_power_mw": 73.86407426914833,
  "total_energy_mwh": 180.34632872911044,
  "total_charge_mwh": 192.67760280619476,
  "total_discharge_mwh": 168.804077108096,
  "total_storage_throughput_mwh": 361.4816799142908,
  "total_load_shed_mwh": -2.1522464684099846e-06,
  "equivalent_cycles_throughput_over_2e": 1.0021875201497865,
  "equivalent_cycles_discharge_over_e": 0.9359995199106521,
  "line_limits_mw": {
    "L14": 400.0,
    "L45": 400.0,
    "L46": 200.0,
    "L69": 200.0,
    "L57": 400.0,
    "L93": 400.0,
    "L72": 400.0,
    "L98": 200.0,
    "L78": 200.0
  },
  "existing_power_mw_per_node": 0.0,
  "existing_ratio_hours": 2.0,
  "storage_units": [
    "I3",
    "RIV"
  ],
  "demand_model": "quadratic",
  "load_shed_allowed": true,
  "quadratic_demand_alpha_eur_per_mwh": 4000,
  "quadratic_demand_beta_eur_per_mwh_per_share": 10000,
  "quadratic_demand_source": "fixed_default"
}