{
  "model": "Single Investor Primal-Dual MPEC",
  "investor": "I1",
  "wacc": 0.08,
  "solver_status": "ok",
  "termination": "optimal",
  "profit_eur_per_day": 5829.967198683371,
  "spot_revenue_eur_per_day": 26574.551644496427,
  "degradation_cost_eur_per_day": 15707.323455121757,
  "capex_daily_eur_per_day": 5037.2609906912985,
  "lower_level_primal_objective_eur_per_day": 418503.9465220349,
  "lower_level_dual_objective_eur_per_day": 418503.93539347115,
  "strong_duality_gap": 0.011128563724923879,
  "total_power_mw": 228.42005849892462,
  "total_energy_mwh": 757.4822580176534,
  "total_charge_mwh": 1116.3127013713524,
  "total_discharge_mwh": 977.9970926448817,
  "total_storage_throughput_mwh": 2094.3097940162343,
  "total_load_shed_mwh": 0.0,
  "equivalent_cycles_throughput_over_2e": 1.3824150809136349,
  "equivalent_cycles_discharge_over_e": 1.2911155110145023,
  "line_limits_mw": {
    "L12": 350.0,
    "L23": 400.0,
    "L34": 300.0,
    "L45": 320.0,
    "L56": 240.0,
    "L67": 300.0,
    "L78": 250.0,
    "L89": 220.0,
    "L29": 250.0,
    "L37": 300.0,
    "L16": 280.0,
    "L59": 300.0
  },
  "existing_power_mw_per_node": 0.0,
  "existing_ratio_hours": 2.0,
  "storage_units": [
    "I1",
    "RIV"
  ],
  "demand_model": "quadratic",
  "load_shed_allowed": true,
  "quadratic_demand_alpha_eur_per_mwh": 4000,
  "quadratic_demand_beta_eur_per_mwh_per_share": 10000,
  "quadratic_demand_source": "fixed_default"
}