node,x_power_mw,x_energy_mwh,energy_power_ratio_h
N1,2.98156011792329e-06,7.546938697524391e-06,2.531204603977923
N2,2.9970948608288277e-06,7.528617436193362e-06,2.511971687846867
N3,2.9003156043031347e-06,7.305625801065028e-06,2.518907180386104
N4,2.992355967987025e-06,7.506716194182282e-06,2.508630749312921
N5,55.59241171679904,205.05460171161874,3.688535815935017
