{
  "model": "Single Investor Primal-Dual MPEC",
  "investor": "I4",
  "wacc": 0.08,
  "solver_status": "ok",
  "termination": "optimal",
  "profit_eur_per_day": 351440.10520747,
  "spot_revenue_eur_per_day": 2345.684818347449,
  "degradation_cost_eur_per_day": 3082.5494767822656,
  "capex_daily_eur_per_day": 1350.4366505344385,
  "lower_level_primal_objective_eur_per_day": 417754.56194169715,
  "lower_level_dual_objective_eur_per_day": 417754.55539469613,
  "strong_duality_gap": 0.006547001015860587,
  "total_power_mw": 55.59242358812559,
  "total_energy_mwh": 205.05463159951688,
  "total_charge_mwh": 219.07546128297324,
  "total_discharge_mwh": 191.93113562132888,
  "total_storage_throughput_mwh": 411.0065969043021,
  "total_load_shed_mwh": 0.0,
  "equivalent_cycles_throughput_over_2e": 1.0021880356914368,
  "equivalent_cycles_discharge_over_e": 0.9360000021661596,
  "line_limits_mw": {
    "L12": 400.0,
    "L14": 400.0,
    "L15": 250.0,
    "L23": 400.0,
    "L34": 240.0,
    "L45": 180.0
  },
  "existing_power_mw_per_node": 0.0,
  "existing_ratio_hours": 2.0,
  "storage_units": [
    "I4",
    "RIV"
  ],
  "demand_model": "quadratic",
  "load_shed_allowed": true,
  "quadratic_demand_alpha_eur_per_mwh": 4000,
  "quadratic_demand_beta_eur_per_mwh_per_share": 10000,
  "quadratic_demand_source": "fixed_default"
}