unit,hour,node,soc_start_mwh,soc_end_mwh,p_charge_mw,p_discharge_mw,net_injection_mw,lambda_eur_per_mwh,spot_revenue_eur,degradation_cost_eur,rho_charge_dual,sigma_discharge_dual,gamma_soc_transition_dual
I1,1,N1,8.733376368866556e-06,8.656495270445987e-06,1.4410761124443134e-07,1.9821280990245426e-07,5.4105198658022916e-08,67.15000054535804,3.633164119392944e-06,2.5674031586016424e-06,-0.34621534019639344,-0.3489903477100367,-65.26902645202738
I1,2,N1,8.656495270445987e-06,8.579608066280344e-06,1.441056804452049e-07,1.9821683331436573e-07,5.411115286916083e-08,67.15000049960864,3.6335639421985493e-06,2.5674188531967796e-06,-0.34620931355766604,-0.34899738652263035,-65.26877980601942
I1,3,N1,8.579608066280344e-06,8.502570712827617e-06,1.4405822323374331e-07,1.9831579597394038e-07,5.425757274019707e-08,67.15000041951055,3.643396032265857e-06,2.5678051440576277e-06,-0.34620594778345243,-0.3490031107681549,-65.26290344954515
I1,4,N1,8.502570712827617e-06,8.42523860441469e-06,1.4396521183435787e-07,1.9851019970173363e-07,5.454498786737576e-08,67.15000031382546,3.6626959524118882e-06,2.568565586520686e-06,-0.3462017746075258,-0.34901155391991345,-65.25137367992818
I1,5,N1,8.42523860441469e-06,8.347466018562578e-06,1.438265888238252e-07,1.98801039519776e-07,5.4974450695950795e-08,67.15000044509082,3.6915343887017193e-06,2.569707212577009e-06,-0.3461960025403135,-0.34902366754627323,-65.23416330145982
I1,6,N1,8.347466018562578e-06,8.269105572833124e-06,1.4364227565375663e-07,1.991898003339218e-07,5.554752468016516e-08,67.15000055255514,3.730016312966161e-06,2.5712405699075883e-06,-0.3461884410371248,-0.34903972908723024,-65.21123598824569
I1,7,N1,8.269105572833124e-06,8.190007634601897e-06,1.434121632871409e-07,1.996784927916402e-07,5.626632950449929e-08,67.15000061426261,3.7782840607894297e-06,2.573179920590858e-06,-0.34617903313155635,-0.3490598815483909,-65.18254444354878
I1,8,N1,8.190007634601897e-06,8.110019708322338e-06,1.4313611389187104e-07,2.0026967583387876e-07,5.713356194200772e-08,67.15000062978396,3.836518720387619e-06,2.5755434229431232e-06,-0.34616770623696674,-0.34908430488927367,-65.14802962650593
I1,9,N1,8.110019708322338e-06,8.028985785756532e-06,1.4281396029530746e-07,2.0096649088047252e-07,5.8152530585165056e-08,67.15000057811997,3.904942462412973e-06,2.57835338381835e-06,-0.34615421438755,-0.3491134060347418,-65.10761989358825
I1,10,N1,8.028985785756532e-06,8.18744034246968e-06,2.996093560348909e-07,1.1417309330123692e-07,-1.8543626273365398e-07,60.000000656146696,-1.112617588569263e-05,3.1033683700209586e-06,-0.35400274797581266,-0.34491027330707186,-65.06122858201023
I1,11,N1,8.18744034246968e-06,8.344617362816507e-06,2.9848223456534607e-07,1.143814007291307e-07,-1.8410083383621535e-07,60.00000058213273,-1.1046050137344042e-05,3.0964772647085757e-06,-0.3539539085133178,-0.34491897415333983,-65.02655493662708
I1,12,N1,8.344617362816507e-06,8.50094718499363e-06,2.977359312850003e-07,1.1452054489727732e-07,-1.83215386387723e-07,60.000000564599624,-1.0992923286706718e-05,3.091923571367082e-06,-0.353921745702515,-0.344924582913029,-65.00344865212551
I1,13,N1,8.50094718499363e-06,8.656851642286203e-06,2.973615717781015e-07,1.1459071156265958e-07,-1.8277086021544191e-07,60.00000055015419,-1.096625171347867e-05,3.0896421250557084e-06,-0.35390563805470604,-0.34492737827924036,-64.99181191648879
I1,14,N1,8.656851642286203e-06,8.81274833653589e-06,2.9735474204572945e-07,1.1459199426958752e-07,-1.8276274777614194e-07,60.00000052723237,-1.0965764962926954e-05,3.0896005223648772e-06,-0.3539053549108861,-0.3449274129522038,-64.99159606709402
I1,15,N1,8.81274833653589e-06,8.96905476821866e-06,2.9771533989532836e-07,1.145243983658632e-07,-1.8319094152946517e-07,60.00000051585691,-1.0991456586268223e-05,3.0917980369589364e-06,-0.3539208862546733,-0.3449246938759763,-65.0028004889603
I1,16,N1,8.96905476821866e-06,9.126192542892797e-06,2.984476430564628e-07,1.1438782919620337e-07,-1.8405981386025942e-07,60.00000055667923,-1.1043588934077842e-05,3.096266041894996e-06,-0.35395244716379987,-0.34491918057003035,-65.0254725810842
I1,17,N1,9.126192542892797e-06,9.284591602237594e-06,2.9956035053482594e-07,1.1418210531542788e-07,-1.8537824521939807e-07,60.000000610993645,-1.1122694826428815e-05,3.1030684188769035e-06,-0.35400060361890445,-0.34491064761924894,-65.05970852699073
I1,18,N1,9.284591602237594e-06,9.20350725964387e-06,1.4279849355982162e-07,2.0100013368151108e-07,5.820164012168946e-08,67.15000052891114,3.908240164954943e-06,2.5784897043099953e-06,-0.34615327365867143,-0.34911515599096626,-65.1056560362965
I1,19,N1,9.20350725964387e-06,9.123457643220077e-06,1.431170460516659e-07,2.0031071255035088e-07,5.719366649868499e-08,67.14999990777935,3.8405547001122595e-06,2.5757081895151258e-06,-0.34616656728755124,-0.349086429344698,-65.14561364864933
I1,20,N1,9.123457643220077e-06,9.044286681717474e-06,1.43389446020682e-07,1.9972694006737254e-07,5.633749404669055e-08,67.14999996531898,3.7830627232814286e-06,2.5733728956604094e-06,-0.3461780146583531,-0.3490620057754145,-65.17966494570533
I1,21,N1,9.044286681717474e-06,8.965841776219858e-06,1.4361585908254786e-07,1.9924571122455219e-07,5.562985214200433e-08,67.15000061888986,3.735544605764342e-06,2.57146177730325e-06,-0.34618885384855563,-0.34904034239420917,-65.2078832436474
I1,22,N1,8.965841776219858e-06,8.88797318551974e-06,1.437964334484355e-07,1.9886448105375162e-07,5.506804760531612e-08,67.15000061279429,3.6978194304423625e-06,2.5699568587664034e-06,-0.34619502939128804,-0.34902600257909494,-65.23037317391606
I1,23,N1,8.88797318551974e-06,8.81053335839128e-06,1.439312697005207e-07,1.985812878517844e-07,5.4650018151263715e-08,67.15000058368437,3.66974875075572e-06,2.568844181642288e-06,-0.3462016761717193,-0.34901300422936266,-65.24713776492274
I1,24,N1,8.81053335839128e-06,8.733376368866556e-06,1.440204467948131e-07,1.983946795502898e-07,5.437423275547671e-08,67.15000056106554,3.651229760037769e-06,2.568113447588272e-06,-0.3462113467504804,-0.3489983445889691,-65.2582201858024
I1,1,N2,4.6892738122366055e-06,4.852681809179644e-06,2.9461389377429463e-07,1.0516016874140099e-07,-1.8945372503289363e-07,67.15000064955363,-1.2721817759019162e-05,2.998305468867717e-06,-0.6231838729977796,-0.5963917252036921,-72.50951114675956
I1,2,N2,4.852681809179644e-06,5.016137288573552e-06,2.946566336232003e-07,1.0515316937805368e-07,-1.895034642451466e-07,67.15000061208859,-1.2725157740054503e-05,2.998573522509405e-06,-0.6231835977434524,-0.5963962473871234,-72.51064883765933
I1,3,N2,5.016137288573552e-06,5.18097897123516e-06,2.959053921732762e-07,1.0494971549017358e-07,-1.9095567668310258e-07,67.15000054406725,-1.282267379316307e-05,3.006413307475873e-06,-0.6233444107374422,-0.5963754298060441,-72.54659224325516
I1,4,N2,5.18097897123516e-06,5.34859263527467e-06,2.984093247341579e-07,1.0454882622131496e-07,-1.9386049851284292e-07,67.15000044894113,-1.3017732562169353e-05,3.0221861321660466e-06,-0.6236687984771977,-0.5963325491512012,-72.61780153127357
I1,5,N2,5.34859263527467e-06,5.520461838167711e-06,3.0227057967862533e-07,1.0394847186623937e-07,-1.9832210781238598e-07,67.15000057008312,-1.3317329652661805e-05,3.0466428865864853e-06,-0.6241677996672309,-0.5962681263168402,-72.72521998495192
I1,6,N2,5.520461838167711e-06,5.698230230671569e-06,3.076564276004758e-07,1.0314535021145446e-07,-2.0451107738902133e-07,67.15000065808331,-1.373291898125811e-05,3.0810133335894767e-06,-0.6248602561482868,-0.5961821094237475,-72.87032180414847
I1,7,N2,5.698230230671569e-06,5.8837844807673305e-06,3.148208590697813e-07,1.0213451725796643e-07,-2.1268634181181485e-07,67.15000071258389,-1.4281888004220228e-05,3.1271653224581077e-06,-0.6257742521120658,-0.5960744826329077,-73.05519702961675
I1,8,N2,5.8837844807673305e-06,6.079372558519523e-06,3.2414167380049036e-07,1.0090878307386199e-07,-2.2323289072662837e-07,67.15000074109773,-1.4990088777730483e-05,3.1878784265576423e-06,-0.6269496540009653,-0.5959463624977113,-73.28268173553872
I1,9,N2,6.079372558519523e-06,6.287783214178564e-06,3.3618475238345665e-07,9.945774312727463e-08,-2.3672700925618202e-07,67.15000068159088,-1.5896218832903595e-05,3.2673187163304845e-06,-0.6284391344704696,-0.5958051304330991,-73.55654684425453
I1,10,N2,6.287783214178564e-06,9.446065641250113e-06,3.4533317815850313e-06,6.929780878054978e-08,-3.3840339728044815e-06,60.0000007206928,-0.00020304204080711782,2.6419721927741856e-05,-2.352883884715956,-0.5918316881053425,-73.88174377305492
I1,11,N2,9.446065641250113e-06,8.009702778771071e-06,7.384134724143501e-08,1.4091277482332151e-06,1.33528640099178e-06,100.68354808854137,0.0001344413725662312,1.1122268216059876e-05,-0.5917261332963363,-1.0804907300475912,-87.38155613178824
I1,12,N2,8.009702778771071e-06,6.3764758826087645e-06,7.270836413759168e-08,1.592399881795407e-06,1.5196915176578154e-06,100.68357102164673,0.00015300796884909476,1.248831184449749e-05,-0.5922507623736246,-0.8442631871748791,-88.16513721365517
I1,13,N2,6.3764758826087645e-06,5.025074347136577e-06,7.363895888927237e-08,1.3294266345290241e-06,1.2557876756397517e-06,100.68357269959401,0.00012643718973552912,1.0522991950637224e-05,-0.5923245368399337,-0.800519162375317,-88.44314313791537
I1,14,N2,5.025074347136577e-06,3.2811967503993624e-06,7.223600134575712e-08,1.6955551023810457e-06,1.6233191010352886e-06,100.68357285300392,0.0001634415669727593,1.3258433277951021e-05,-0.5923298142923945,-0.8005160074296771,-88.44314708342537
I1,15,N2,3.2811967503993624e-06,1.67200368874806e-06,7.277742658960467e-08,1.5699647180310653e-06,1.4971872914414606e-06,100.68357231044519,0.00015074216492012588,1.2320566084655025e-05,-0.5922523864527923,-0.8442562235916924,-88.16516284269893
I1,16,N2,1.67200368874806e-06,2.477459587746383e-07,7.388358449712458e-08,1.3978343480987156e-06,1.3239507636015911e-06,100.68354850786764,0.0001333000609291092,1.1037884494468801e-05,-0.5917258674109234,-1.0804555098092603,-87.3816358234467
I1,17,N2,2.477459587746383e-07,3.4106985994481384e-06,3.4582679126953565e-06,6.925101357035523e-08,-3.3890168991250014e-06,60.000000667746114,-0.00020334101621050294,2.645639194699284e-05,-2.3702216435178483,-0.5918259504259444,-73.90099755814654
I1,18,N2,3.4106985994481384e-06,3.6199951589990238e-06,3.3702182190840596e-07,9.936189034703775e-08,-2.3765993156136821e-07,67.15000068438094,-1.5958864566995803e-05,3.2728778419158277e-06,-0.6285642981762181,-0.5957935081233774,-73.57684407544622
I1,19,N2,3.6199951589990238e-06,3.816483541664192e-06,3.24982503423536e-07,1.0080274514474906e-07,-2.2417975827878698e-07,67.15000129462143,-1.5053671058648465e-05,3.193389364262138e-06,-0.6270725036948928,-0.595933818379409,-73.30419884109911
I1,20,N2,3.816483541664192e-06,4.002965457706847e-06,3.1567848713326173e-07,1.0201758644757692e-07,-2.1366090068568482e-07,67.15000133978873,-1.4347329767304202e-05,3.13272055185629e-06,-0.6258970130269823,-0.5960609179921492,-73.07810162807495
I1,21,N2,4.002965457706847e-06,4.181700493578112e-06,3.0854245252434e-07,1.0301681491126052e-07,-2.055256376130795e-07,67.1500008973807,-1.380104675015303e-05,3.086694505767004e-06,-0.6249848463820504,-0.5961674061397756,-72.89478014757931
I1,22,N2,4.181700493578112e-06,4.354586548343838e-06,3.0319617848910284e-07,1.0380761192886876e-07,-1.9938856656023408e-07,67.15000075304728,-1.3388942394668735e-05,3.052528428134787e-06,-0.6242959069205045,-0.5962520547951927,-72.75140285578254
I1,23,N2,4.354586548343838e-06,4.523278904782721e-06,2.9938607755960893e-07,1.0439489937886855e-07,-1.9499117818074038e-07,67.15000070042703,-1.3093657751413807e-05,3.028357327038581e-06,-0.6238027485299565,-0.596314243790929,-72.64588982169599
I1,24,N2,4.523278904782721e-06,4.6892738122366055e-06,2.969459750277533e-07,1.0478194756107931e-07,-1.9216402746667396e-07,67.15000067224399,-1.2903814573568269e-05,3.0129594194162443e-06,-0.6234896591033509,-0.5963508064227603,-72.57678635111407
I1,1,N3,0.0009031784560957195,0.0008309808657834615,8.58992330821988e-08,6.765220050677998e-05,6.756630127369779e-05,67.15000062637813,0.00453707717285086,0.0005080357480489664,-0.004593849399777848,-0.005156606702855072,-55.8643441928674
I1,2,N3,0.0008309808657834615,0.0007587327590577745,8.589914880406808e-08,6.769948379591372e-05,6.761358464710965e-05,67.15000059438104,0.004540252249241645,0.0005083903720853835,-0.00459393247031212,-0.005156876114714592,-55.86432227437186
I1,3,N3,0.0007587327590577745,0.0006853378976663934,8.589726600096926e-08,6.877284451348696e-05,6.868694724748599e-05,67.15000052990709,0.004612328544066385,0.0005164405633461595,-0.004593627842512031,-0.005167831714362504,-55.863743692292886
I1,4,N3,0.0006853378976663934,0.0006095164267710067,8.589346628039105e-08,7.104414768031629e-05,7.09582542140359e-05,67.15000043651318,0.004764846801446724,0.0005334753085994751,-0.004592890475651111,-0.005191353934704423,-55.862572443130475
I1,5,N3,0.0006095164267710067,0.0005295372136213879,8.588748157105423e-08,7.493578918709782e-05,7.484990170552676e-05,67.15000055469258,0.005026170941044807,0.0005626625750150166,-0.004591665792816676,-0.005232086123978274,-55.86072661614815
I1,6,N3,0.0005295372136213879,0.00044266943077724246,8.587880052000814e-08,8.138348281574045e-05,8.129760401522044e-05,67.15000063219878,0.0054591341610182986,0.0006110202121219535,-0.004589848355039444,-0.005300580945068753,-55.85804834910074
I1,7,N3,0.00044266943077724246,0.0003437029096471515,8.586640569592843e-08,9.27078909923298e-05,9.262202458663387e-05,67.15000066042147,0.006219569012162038,0.0006959531804851929,-0.004587212847364961,-0.005424119616437018,-55.854223247720725
I1,8,N3,0.0003437029096471515,0.00021923502393927217,8.584790917119157e-08,0.00011657715203240825,0.00011649130412323706,67.15000066457705,0.007822391149292816,0.0008749724995618458,-0.004583182912360128,-0.005700138231445045,-55.848511814961725
I1,9,N3,0.00021923502393927217,6.279097742910505e-07,8.581469860256767e-08,0.00020469144077260926,0.0002046056260740067,67.15000061196021,0.013739267916080052,0.0015358294160340887,-0.004575730414429462,-0.006965513937452296,-55.838252426390326
I1,10,N3,6.279097742910505e-07,9.591892163732336e-08,1.0667734738737314e-07,5.914030354205768e-07,4.847256880332037e-07,60.0000006634832,2.908354160359957e-05,5.235602871059625e-06,-0.004581523214265593,-0.004584989970637626,-52.41413438731755
I1,11,N3,9.591892163732336e-08,2.919290850708383e-06,3.136723039818422e-06,1.0539438268224837e-07,-3.031328657136174e-06,16.670368664425336,-5.0533366257497406e-05,2.4315880668755027e-05,-0.011344222268737257,-0.00456951005714249,-25.827037433576493
I1,12,N3,2.919290850708383e-06,0.0003905375919360003,0.00041423838328624355,1.0186082771165058e-07,-0.0004141365224585319,16.67034413224148,-0.006903798347113479,0.0031075518308546638,-0.008322697375191921,-0.0045818254528644424,-25.821157869607674
I1,13,N3,0.0003905375919360003,0.0007206438870726424,0.00035279395951933845,1.0188451115739319e-07,-0.0003526920750081811,16.67034229285779,-0.005879497614364653,0.002646718830228719,-0.007655228527293,-0.004585883760975657,-25.819177955340834
I1,14,N3,0.0007206438870726424,0.0012858695245745657,0.0006039866097239655,9.905613092705676e-08,-0.0006038875535930384,16.670342036822387,-0.01006701207017586,0.004530642493911694,-0.007655281329785292,-0.0045858831593592045,-25.81917785834974
I1,15,N3,0.0012858695245745657,0.001665883764844418,0.0004061143908684204,1.0186448967787734e-07,-0.0004060125263787425,16.670342618459188,-0.006768367922119836,0.003046621915185737,-0.008323192465890377,-0.00458182393175219,-25.82115755380359
I1,16,N3,0.001665883764844418,0.0016687059390965281,3.135445709800387e-06,1.0539634459829204e-07,-3.030049365202095e-06,16.67036814283395,-5.051203840887924e-05,2.4306315407990094e-05,-0.011344337095033285,-0.0045695116222862755,-25.827037051912562
I1,17,N3,0.0016687059390965281,0.0016681739394626732,1.0667708400249782e-07,5.91411023874401e-07,4.847339398719032e-07,60.000000606093124,2.90840366861081e-05,5.235660809076741e-06,-0.00458151649842893,-0.0045849977337021975,-52.414085035996955
I1,18,N3,0.0016681739394626732,0.0014480712596595183,8.581436316805462e-08,0.00020609128991606714,0.00020600547555289908,67.15000060544929,0.013833267808103043,0.001546328282094264,-0.0045756976905995525,-0.006989410238227375,-55.83814938662557
I1,19,N3,0.0014480712596595183,0.001322555882057196,8.584730202595476e-08,0.00011755760391368941,0.00011747175661166346,67.1500006811469,0.007888228536488726,0.0008823258841178653,-0.004583205900921068,-0.005711546675897177,-55.84832756940993
I1,20,N3,0.001322555882057196,0.0012226920177643246,8.586560222584263e-08,9.354780348877531e-05,9.346193788654948e-05,67.15000071363536,0.006275969195779541,0.0007022525181825086,-0.004587222599030603,-0.005433043727228369,-55.8539795654002
I1,21,N3,0.0012226920177643246,0.001134979394987737,8.587782740467451e-08,8.217425213996409e-05,8.208837431255941e-05,67.15000071023981,0.005512234393390796,0.0006169509747552658,-0.004589799669879444,-0.005308735452479507,-55.857752318964216
I1,22,N3,0.001134979394987737,0.0010541629860196249,8.588634940107477e-08,7.57194034813177e-05,7.563351713191663e-05,67.15000067363466,0.005078790726357561,0.0005685396737303908,-0.004591519003925338,-0.005240153398836718,-55.860380342044174
I1,23,N3,0.0010541629860196249,0.0009774818425226746,8.58921766385867e-08,7.184880010552981e-05,7.176290792889123e-05,67.15000065615098,0.004818879314512348,0.000539510192116263,-0.004592612793570163,-0.005199757188348052,-55.862175091192434
I1,24,N3,0.0009774818425226746,0.0009031784560957195,8.589581478720447e-08,6.962322267538176e-05,6.953732686059456e-05,67.15000064193372,0.00466943154332728,0.0005228183886762673,-0.004593213430955817,-0.005176899897507326,-55.8632920031527
I1,1,N4,8.686183925008957e-06,8.609367114829906e-06,1.4410083676050566e-07,1.9814670101012393e-07,5.404586424961827e-08,67.15000062078039,3.6291798179124797e-06,2.5668565332797217e-06,-0.34866959137509546,-0.3514739377595259,-65.27094914400605
I1,2,N4,8.609367114829906e-06,8.53254413612824e-06,1.440988853481214e-07,1.9815076512271004e-07,5.405187977458865e-08,67.15000058491714,3.6295837584794987e-06,2.5668723785312357e-06,-0.34866366117605085,-0.3514808634284418,-65.27070193457719
I1,3,N4,8.53254413612824e-06,8.455569556941374e-06,1.4405095122483315e-07,1.982506682831776e-07,5.419971705834445e-08,67.15000051751785,3.639511028517151e-06,2.5672621463100806e-06,-0.34866026274628437,-0.3514866715753906,-65.26475933125609
I1,4,N4,8.455569556941374e-06,8.378297372269912e-06,1.439570060898538e-07,1.984469220597838e-07,5.4489915969930006e-08,67.15000042251756,3.6589978804037467e-06,2.568029461122282e-06,-0.3486559846307014,-0.3514953261977242,-65.25309692633385
I1,5,N4,8.378297372269912e-06,8.300580439060772e-06,1.438169915952203e-07,1.9874054055236288e-07,5.492354895714257e-08,67.15000054309813,3.6881163423010004e-06,2.569181491106874e-06,-0.348650068332852,-0.35150774427865555,-65.23568674058318
I1,6,N4,8.300580439060772e-06,8.222269920889642e-06,1.436308273771051e-07,1.9913303834994882e-07,5.5502210972843714e-08,67.15000062797748,3.726973501680594e-06,2.5707289929529044e-06,-0.34864232356255637,-0.35152420502914683,-65.21249173270894
I1,7,N4,8.222269920889642e-06,8.143214685729939e-06,1.433984019556202e-07,1.9962646646919385e-07,5.622806451357364e-08,67.15000066827122,3.775714569662067e-06,2.5726865131861055e-06,-0.34863269219168613,-0.3515448553007947,-65.1834638508908
I1,8,N4,8.143214685729939e-06,8.06326068058404e-06,1.431195745004217e-07,2.0022343555808383e-07,5.710386105766212e-08,67.15000067145228,3.834524308364528e-06,2.5750725754387913e-06,-0.3486211007223599,-0.3515698798694694,-65.14854319517333
I1,9,N4,8.06326068058404e-06,7.982250268134625e-06,1.4279417433333846e-07,2.0092715100939156e-07,5.81329766760531e-08,67.1500006117486,3.903629419359733e-06,2.5779099400704752e-06,-0.3486072770833086,-0.35159971737712165,-65.10765710574046
I1,10,N4,7.982250268134625e-06,8.140621903776696e-06,2.9950886290751614e-07,1.141626657968449e-07,-1.8534619711067123e-07,60.000000675417425,-1.1120771951826325e-05,3.102536465282708e-06,-0.3565620675864606,-0.3473394744103048,-65.06071759755375
I1,11,N4,8.140621903776696e-06,8.297703594510608e-06,2.983709030887901e-07,1.1437309218553388e-07,-1.8399781090325624e-07,60.00000058824256,-1.1039868762430717e-05,3.0955799645574296e-06,-0.3565119837155964,-0.3473483619329039,-65.02563503116686
I1,12,N4,8.297703594510608e-06,8.4539299185164e-06,2.9761748835828703e-07,1.1451365181132129e-07,-1.8310383654696574e-07,60.00000056867999,-1.0986230296945432e-05,3.0909835512720626e-06,-0.3564790083209494,-0.3473540858030867,-65.00225662197923
I1,13,N4,8.4539299185164e-06,8.609726806268195e-06,2.972395917454949e-07,1.1458453043418155e-07,-1.8265506131131335e-07,60.00000055358664,-1.0959303779794203e-05,3.0886809163475736e-06,-0.3564624937176128,-0.34735693904058773,-64.9904828809471
I1,14,N4,8.609726806268195e-06,8.765515874128181e-06,2.9723271306203433e-07,1.145858234658485e-07,-1.8264688959618584e-07,60.00000053024231,-1.0958813472618258e-05,3.088639023959121e-06,-0.3564622072315157,-0.3473569696639177,-64.99026429858982
I1,15,N4,8.765515874128181e-06,8.921718599639462e-06,2.9759671632368693e-07,1.145175417057579e-07,-1.8307917461792903e-07,60.000000518987804,-1.09847505720916e-05,3.0908569352208364e-06,-0.3564781368210119,-0.3473541865227247,-65.0016003354445
I1,16,N4,8.921718599639462e-06,9.078760694370763e-06,2.983360065067854e-07,1.1437958128807027e-07,-1.8395642521871515e-07,60.00000056133079,-1.1037385616383315e-05,3.0953669084614172e-06,-0.35651049421803427,-0.347348560037335,-65.02453940300441
I1,17,N4,9.078760694370763e-06,9.237076331719877e-06,2.994594193854495e-07,1.141717629271444e-07,-1.852876564583051e-07,60.00000062672652,-1.1117259503622994e-05,3.1022338673444543e-06,-0.35655985835363074,-0.3473398653503539,-65.05917941087277
I1,18,N4,9.237076331719877e-06,9.156015028178926e-06,1.4277856178285623e-07,2.009611069780453e-07,5.818254519518906e-08,67.15000057726627,3.906957943443766e-06,2.5780475157067616e-06,-0.3486062439658948,-0.3516015923006446,-65.10567030035632
I1,19,N4,9.156015028178926e-06,9.075998755575026e-06,1.4310032512122976e-07,2.0026485359465905e-07,5.71645284734293e-08,67.14999996178794,3.838598084806403e-06,2.575238840369166e-06,-0.3486198326852521,-0.35157217396832985,-65.14609744899957
I1,20,N4,9.075998755575026e-06,8.996869812779935e-06,1.4337546662378878e-07,1.9967536326343899e-07,5.6299896639650206e-08,67.15000002634288,3.780538060835613e-06,2.5728812241542083e-06,-0.34863161858406266,-0.3515470713783468,-65.1805450951551
I1,21,N4,8.996869812779935e-06,8.918474042067002e-06,1.4360415545779812e-07,1.9918946756726027e-07,5.5585312109462145e-08,67.15000068409665,3.732553746176109e-06,2.570952172687938e-06,-0.3486430873006167,-0.3515244501678044,-65.20908815039695
I1,22,N4,8.918474042067002e-06,8.840660200264498e-06,1.437865426563245e-07,1.9880457080217825e-07,5.5018028145853746e-08,67.15000068275808,3.694460627558082e-06,2.569433350938771e-06,-0.34864901536753445,-0.35151020592028626,-65.23184569955608
I1,23,N4,8.840660200264498e-06,8.763279278367636e-06,1.439227310502829e-07,1.985186718776925e-07,5.459594082740959e-08,67.15000065910672,3.666117462545106e-06,2.5683105219598154e-06,-0.3486557260458806,-0.3514969982968095,-65.24880789396748
I1,24,N4,8.763279278367636e-06,8.686183925008957e-06,1.4401280129070946e-07,1.9833028990330817e-07,5.4317488612598705e-08,67.15000063953075,3.647419395073707e-06,2.567573183955132e-06,-0.3486653897021011,-0.3514822580165702,-65.2600184591478
I1,1,N5,8.648547151202727e-06,8.656902342115888e-06,1.8079846390741675e-07,1.5057635234071304e-07,-3.022211156670371e-08,67.1500006509998,-2.0294148113787428e-06,2.485311121860973e-06,-0.3492265265619886,-0.34718018453139016,-68.55956664315504
I1,2,N5,8.656902342115888e-06,8.665257905091496e-06,1.8079867065829103e-07,1.5057618522387737e-07,-3.022248543441366e-08,67.15000061280585,-2.0294399154413936e-06,2.4853114191162627e-06,-0.34922078483739105,-0.34718670611121,-68.55961789193094
I1,3,N5,8.665257905091496e-06,8.673627501908268e-06,1.8080646797466264e-07,1.5056988074623176e-07,-3.023658722843088e-08,67.15000054425201,-2.030386848845457e-06,2.4853226154067077e-06,-0.34922040284814176,-0.34718755601623774,-68.56124549363571
I1,4,N5,8.673627501908268e-06,8.682024817338793e-06,1.8082187035951038e-07,1.5055743009151517e-07,-3.026444026799521e-08,67.15000044883084,-2.0322571775794925e-06,2.485344753382692e-06,-0.34922190758943644,-0.34718666918306584,-68.56444313055131
I1,5,N5,8.682024817338793e-06,8.69046357450248e-06,1.808449022914846e-07,1.5053881881274852e-07,-3.030608347873608e-08,67.15000057056352,-2.035053522888673e-06,2.4853779082817484e-06,-0.34922453553284477,-0.3471849140213524,-68.56921350602555
I1,6,N5,8.69046357450248e-06,8.698957572223484e-06,1.8087561125139192e-07,1.5051401764804135e-07,-3.0361593603350565e-08,67.15000066012642,-2.0387810305074806e-06,2.4854222167457495e-06,-0.34922813539184383,-0.347182466980264,-68.57556321627787
I1,7,N5,8.698957572223484e-06,8.707520700277803e-06,1.8091405469573194e-07,1.5048299180386847e-07,-3.0431062891863466e-08,67.15000071819784,-2.0434458950441553e-06,2.485477848747003e-06,-0.3492327424557783,-0.3471792949734062,-68.58350170741394
I1,8,N5,8.707520700277803e-06,8.716166962008571e-06,1.8096030445833915e-07,1.5044569791473495e-07,-3.0514606543604205e-08,67.1500007545527,-2.0490558524279015e-06,2.4855450177980557e-06,-0.34923857701449895,-0.3471751549392198,-68.59304146470727
I1,9,N5,8.716166962008571e-06,8.72491049993755e-06,1.8101444858511924e-07,1.5040208284610318e-07,-3.061236573901606e-08,67.15000069580499,-2.0556203806751654e-06,2.485623985734168e-06,-0.34924644166401525,-0.34716914612040034,-68.60419947245764
I1,10,N5,8.72491049993755e-06,9.105310000774811e-06,5.142903277091474e-07,9.451376616099795e-08,-4.197765615481494e-07,60.00000072684807,-2.5186593998002748e-05,4.56603070402609e-06,-0.37009034747351777,-0.34464076187057474,-68.61700247762425
I1,11,N5,9.105310000774811e-06,8.968081844900819e-06,1.2454393434223218e-07,2.375579965995478e-07,1.1301406225731561e-07,74.05732392960725,8.369519017190822e-06,2.7157644820633496e-06,-0.34537858639341573,-0.3546864955158498,-68.66291298469812
I1,12,N5,8.968081844900819e-06,8.813951472736298e-06,1.2103424479837502e-07,2.503036460768703e-07,1.292694012784953e-07,74.05733183910779,9.573346947124311e-06,2.78503418156434e-06,-0.3454655799479928,-0.3545589956577592,-68.69323815821531
I1,13,N5,8.813951472736298e-06,8.660207931989708e-06,1.21101674919786e-07,2.5000064712933326e-07,1.2889897220954727e-07,74.05733240756848,9.545914031916374e-06,2.7832674153683943e-06,-0.34546353143453057,-0.3545423568778203,-68.70840245838869
I1,14,N5,8.660207931989708e-06,8.499733251833654e-06,1.1982168555212614e-07,2.5517960005154187e-07,1.3535791449941573e-07,74.05733244466579,1.0024246073099879e-05,2.81250964202751e-06,-0.3454654673829984,-0.3545403447698058,-68.70845952416532
I1,15,N5,8.499733251833654e-06,8.34561228052181e-06,1.210358789918442e-07,2.5029627858912556e-07,1.2926039959728136e-07,74.05733224983048,9.57268035972172e-06,2.7849911818572733e-06,-0.3454661047603096,-0.35455829216489115,-68.693414525408
I1,16,N5,8.34561228052181e-06,8.208393752925854e-06,1.2454583667801287e-07,2.375506511600758e-07,1.1300481448206293e-07,74.05732405439456,8.368834165804873e-06,2.7157236587856647e-06,-0.3453785325030558,-0.3546861794385962,-68.66320993908246
I1,17,N5,8.208393752925854e-06,8.588823966556616e-06,5.143215172698179e-07,9.451234403562493e-08,-4.19809173234193e-07,60.00000067051446,-2.51885506755397e-05,4.5662539597908215e-06,-0.37009265371881434,-0.34464071858134643,-68.61742116036409
I1,18,N5,8.588823966556616e-06,8.597575601719053e-06,1.810189568004711e-07,1.503984534650244e-07,-3.0620503335446716e-08,67.15000071370355,-2.056166820829209e-06,2.485630576991216e-06,-0.34924674954420815,-0.34716893965482515,-68.60474112576979
I1,19,N5,8.597575601719053e-06,8.606230574903517e-06,1.8096515117731917e-07,1.5044179018518633e-07,-3.052336099213284e-08,67.15000176292507,-2.0496437444321186e-06,2.4855520602187917e-06,-0.349238922541505,-0.3471749276656427,-68.59370681692276
I1,20,N5,8.606230574903517e-06,8.614803067111463e-06,1.80919262214731e-07,1.5047878924263892e-07,-3.0440472972092086e-08,67.15000179188827,-2.04407781462191e-06,2.4854853859302747e-06,-0.34923317751346705,-0.3471789981656095,-68.58429166458372
I1,21,N5,8.614803067111463e-06,8.623307120022986e-06,1.8088120179534075e-07,1.5050950384290566e-07,-3.0371697952435095e-08,67.15000093895914,-2.0394595460238e-06,2.485430292286848e-06,-0.3492287213856769,-0.3471820350896393,-68.5764789874222
I1,22,N5,8.623307120022986e-06,8.631756621071068e-06,1.8085087406392124e-07,1.5053399438290029e-07,-3.031687968102095e-08,67.15000076225277,-2.0357784936896825e-06,2.4853865133511613e-06,-0.34922549254820423,-0.3471840962747238,-68.57025696105478
I1,23,N5,8.631756621071068e-06,8.640165382298517e-06,1.8082823080360914e-07,1.5055228918522628e-07,-3.027594161838286e-08,67.15000070484237,-2.0330295010141756e-06,2.4853538999162657e-06,-0.34922417087487484,-0.34718440340802936,-68.56561823024266
I1,24,N5,8.640165382298517e-06,8.648547151202727e-06,1.808132311656642e-07,1.5056441287697287e-07,-3.0248818288691324e-08,67.15000067479993,-2.0312081684975227e-06,2.485332330319778e-06,-0.34922821945246424,-0.3471790329385296,-68.5625646345726
I1,1,N6,6.47217421729574e-06,6.104461303598641e-06,1.030241563523561e-07,4.344383385041588e-07,3.314141821518027e-07,67.15000062754908,2.2254462539472216e-05,4.030968711423862e-06,-0.49883944649171125,-0.5386418948669504,-59.97915196510402
I1,2,N6,6.104461303598641e-06,5.736536044719663e-06,1.0301343017577572e-07,4.346276964340001e-07,3.316142662582244e-07,67.15000059330436,2.2267898175987956e-05,4.032308449573319e-06,-0.49883812026435775,-0.5386726106127004,-59.97638420816426
I1,3,N6,5.736536044719663e-06,5.363733316343088e-06,1.0276846120995313e-07,4.3897839155266863e-07,3.362099303427155e-07,67.15000052720508,2.257649699976493e-05,4.063101395719663e-06,-0.4988144071227637,-0.5393437316784845,-59.91797901211502
I1,4,N6,5.363733316343088e-06,4.980946310454118e-06,1.0228376106371592e-07,4.4789903144495304e-07,3.4561527038123713e-07,67.15000043295173,2.3208065555734803e-05,4.126370943815018e-06,-0.4987673806012954,-0.5407375749834848,-59.801289190287406
I1,5,N6,4.980946310454118e-06,4.582080698073252e-06,1.0154760537669293e-07,4.623036640685894e-07,3.607560586918965e-07,67.1500005524166,2.4224769540448485e-05,4.228884520839617e-06,-0.4986953295797603,-0.5430450728674145,-59.620552736129966
I1,6,N6,4.582080698073252e-06,4.159194762161499e-06,1.005397116463799e-07,4.83903675227948e-07,3.833639635815681e-07,67.15000063416117,2.574289039761684e-05,4.38332540155746e-06,-0.49859519158405974,-0.5466494597668613,-59.36541027719782
I1,7,N6,4.159194762161499e-06,3.700909033748281e-06,9.922643014382142e-08,5.158873203380536e-07,4.1666089019423214e-07,67.15000066969489,2.7978779055578358e-05,4.6133531286140624e-06,-0.49846146161341165,-0.5523518542451561,-59.01749474553107
I1,8,N6,3.700909033748281e-06,3.1889740953460464e-06,9.755044504342424e-08,5.646346570452551e-07,4.670842120018308e-07,67.15000067158253,3.136470514960854e-05,4.966388265665095e-06,-0.49828348524209093,-0.5620955627246446,-58.54172434875906
I1,9,N6,3.1889740953460464e-06,2.5893105172805956e-06,9.540576584964051e-08,6.448697189070685e-07,5.49463953057428e-07,67.15000060971252,3.6896504782821344e-05,5.5520661356753184e-06,-0.49803658904366993,-0.5823767290520935,-57.85795544775762
I1,10,N6,2.5893105172805956e-06,2.501195445073524e-06,1.4577565472816424e-07,2.1018917559054513e-07,6.441352086238088e-08,60.00000066422132,3.864811294527687e-06,2.6697362273903202e-06,-0.5028126183019621,-0.5169543680337223,-56.68321733194173
I1,11,N6,2.501195445073524e-06,3.639941525497565e-06,1.3168372282874779e-06,8.780949707684324e-08,-1.2290277312106346e-06,44.78501530601908,-5.504202575379018e-05,1.053485044023241e-05,-0.7908037607691506,-0.497555204287581,-55.3846934063755
I1,12,N6,3.639941525497565e-06,4.899976162463991e-06,1.445818296121308e-06,8.728320575811886e-08,-1.3585350903631891e-06,44.78500663552037,-6.084200303650269e-05,1.1498261264095701e-05,-0.7021824973828876,-0.49772994523408964,-54.949521980359116
I1,13,N6,4.899976162463991e-06,6.0570478081402445e-06,1.3366009099948204e-06,8.797165048984899e-08,-1.2486292595049713e-06,44.78500596308117,-5.5919868832607765e-05,1.068429420363502e-05,-0.6781953083779511,-0.49779610400470603,-54.77404655486633
I1,14,N6,6.0570478081402445e-06,7.343450130861183e-06,1.4739282370364961e-06,8.72300586879274e-08,-1.3866981783485688e-06,44.78500582925124,-6.210328600075273e-05,1.1708687217933176e-05,-0.6781542664469175,-0.49779643897586917,-54.77376509578506
I1,15,N6,7.343450130861183e-06,8.598039253862715e-06,1.4400390205893497e-06,8.731700665281303e-08,-1.3527220139365367e-06,44.785006047114095,-6.0581663574212155e-05,1.145517020431622e-05,-0.7020163720672191,-0.4977303579479023,-54.94857387407294
I1,16,N6,8.598039253862715e-06,9.731455155505364e-06,1.3111861560043493e-06,8.784766259326792e-08,-1.2233384934110814e-06,44.785015095598354,-5.4787232894441826e-05,1.049275363948213e-05,-0.7901628408017576,-0.4975559581696772,-55.38252360445027
I1,17,N6,9.731455155505364e-06,9.642960223977395e-06,1.4565933496804337e-07,2.1044281663834247e-07,6.47834816702991e-08,60.00000061133896,3.887008939822613e-06,2.670766137047894e-06,-0.5028060076029326,-0.5169811131890721,-56.674029723822926
I1,18,N6,9.642960223977395e-06,9.04004175244064e-06,9.53340747246953e-08,6.478534908884078e-07,5.525194161637124e-07,67.15000058547025,3.7101679118876975e-05,5.573906742098274e-06,-0.49803116601259934,-0.5830027267396363,-57.84255033901995
I1,19,N6,9.04004175244064e-06,8.524961767786715e-06,9.745974585799403e-08,5.674989591432795e-07,4.700392132852855e-07,67.15000021841409,3.156313327477011e-05,4.987190287509552e-06,-0.49827593401171916,-0.562605599902089,-58.521227548085776
I1,20,N6,8.524961767786715e-06,8.063529652945696e-06,9.91168390963346e-08,5.187363257561357e-07,4.1961948665980106e-07,67.15000027475739,2.8177448644499194e-05,4.633898736393527e-06,-0.4984518857108649,-0.5528237548229133,-58.99232432069205
I1,21,N6,8.063529652945696e-06,7.637420211538927e-06,1.0041098549608896e-07,4.868080999059168e-07,3.863971144098278e-07,67.15000070028536,2.594656650320818e-05,4.404143140515043e-06,-0.4985836156024532,-0.5471121720985513,-59.33568231338061
I1,22,N6,7.637420211538927e-06,7.235189103806692e-06,1.0139925556148113e-07,4.653237990377647e-07,3.6392454347628356e-07,67.15000068485206,2.4437533343666916e-05,4.250422909494344e-06,-0.4986817312568242,-0.5435154153593978,-59.5862056165795
I1,23,N6,7.235189103806692e-06,6.848829540556419e-06,1.0211507005164394e-07,4.5109515561422034e-07,3.489800855625764e-07,67.150000662776,2.343401297682263e-05,4.1490766924939815e-06,-0.49875171474168817,-0.5412290415199463,-59.76212143538286
I1,24,N6,6.848829540556419e-06,6.47217421729574e-06,1.0257846764834037e-07,4.424179677648357e-07,3.3983950011649534e-07,67.1500006450843,2.282022265204779e-05,4.08747326559882e-06,-0.49879674168681787,-0.5398694352319428,-59.87365219817543
I1,1,N7,4.68925284423554e-06,4.8526603855365605e-06,2.946134506580828e-07,1.0516020700998893e-07,-1.8945324364809387e-07,67.15000064955363,-1.2721785434029546e-05,2.998302432510538e-06,-0.6231871324785839,-0.5963947721105763,-72.50950482390833
I1,2,N7,4.8526603855365605e-06,5.0161154096453786e-06,2.9465619080398987e-07,1.0515320757275894e-07,-1.8950298323123093e-07,67.15000061208859,-1.2725125439969771e-05,2.998570487825616e-06,-0.6231868574768974,-0.5963992941021289,-72.51064252754136
I1,3,N7,5.0161154096453786e-06,5.180956642298384e-06,2.95904953406915e-07,1.049497522967711e-07,-1.909552011101439e-07,67.15000054406725,-1.2822641858438634e-05,3.006410292777646e-06,-0.623347671235874,-0.5963784760395999,-72.54658628310608
I1,4,N7,5.180956642298384e-06,5.348569866903888e-06,2.984088941708952e-07,1.0454886031679325e-07,-1.9386003385410194e-07,67.15000044894113,-1.3017701360334687e-05,3.0221831586576632e-06,-0.6236720603769277,-0.5963355944984652,-72.6177962639346
I1,5,N7,5.348569866903888e-06,5.520438647042047e-06,3.022701623089171e-07,1.0394850190887584e-07,-1.9832166040004128e-07,67.15000057008312,-1.3317299608922603e-05,3.0466399816334475e-06,-0.6241710637113278,-0.5962711702729526,-72.72521576410112
I1,6,N7,5.520438647042047e-06,5.69820664096302e-06,3.0765602986148294e-07,1.0314537482749512e-07,-2.0451065503398782e-07,67.15000065808331,-1.3732890620117332e-05,3.081010535167335e-06,-0.6248635215300425,-0.5961851529958342,-72.87031900059117
I1,7,N7,5.69820664096302e-06,5.883760526404784e-06,3.148204897588604e-07,1.0213453502228769e-07,-2.1268595473657273e-07,67.15000071258389,-1.4281862012117444e-05,3.1271626858586106e-06,-0.6257775222639047,-0.5960775228115118,-73.05519603373897
I1,8,N7,5.883760526404784e-06,6.079348286871702e-06,3.2414134555728224e-07,1.0090879248031678e-07,-2.2323255307696545e-07,67.15000074109773,-1.4990066104555368e-05,3.187876035281993e-06,-0.626952928601182,-0.5959493999661385,-73.28268297071837
I1,9,N7,6.079348286871702e-06,6.287758692197694e-06,3.3618448426475253e-07,9.945774254128482e-08,-2.3672674172346771e-07,67.15000068159088,-1.5896200868081647e-05,3.2673167010452802e-06,-0.6284424150604782,-0.5958081643485534,-73.55655077262648
I1,10,N7,6.287758692197694e-06,9.446022833837073e-06,3.4533122382984344e-06,6.929780214984712e-08,-3.3840144361485873e-06,60.000000720692654,-0.0002030408686077496,2.641957530336211e-05,-2.3528955329030454,-0.5918346649262388,-73.88175090932529
I1,11,N7,9.446022833837073e-06,8.009664597954243e-06,7.384134080027242e-08,1.4091234120960838e-06,1.3352820712958115e-06,100.68354808854143,0.00013444093663707903,1.1122235646722671e-05,-0.5917291126081481,-1.0804952695171994,-87.38155836614975
I1,12,N7,8.009664597954243e-06,6.376446105317898e-06,7.270836457883725e-08,1.59239201648168e-06,1.5196836519028426e-06,100.68357102164677,0.00015300717689679537,1.248825285795388e-05,-0.5922537408262164,-0.8442669988473448,-88.16514364556714
I1,13,N7,6.376446105317898e-06,5.025051172938399e-06,7.363896223778356e-08,1.3294204569678844e-06,1.2557814947301008e-06,100.68357269959404,0.00012643656741946296,1.0522945644042511e-05,-0.5923275158602941,-0.8005228503956162,-88.44315110503082
I1,14,N7,5.025051172938399e-06,3.281184012120863e-06,7.223600447181665e-08,1.6955453370989541e-06,1.6233093326271374e-06,100.68357285300395,0.00016344058345452563,1.3258360061780781e-05,-0.592332792942521,-0.8005196961680332,-88.44315505095364
I1,15,N7,3.281184012120863e-06,1.67199910198198e-06,7.277742695738531e-08,1.569957088537652e-06,1.4971796615802668e-06,100.68357231044523,0.00015074139671844472,1.232050886621278e-05,-0.5922553650195235,-0.8442600357950699,-88.16516927527762
I1,16,N7,1.67199910198198e-06,2.4774590790681373e-07,7.388357803111259e-08,1.397830096833101e-06,1.3239465188019885e-06,100.6835485078677,0.0001332996335476226,1.1037852561481602e-05,-0.5917288465492869,-1.0804600481919644,-87.38163805962459
I1,17,N7,2.4774590790681373e-07,3.4106802588878133e-06,3.458248364734302e-06,6.925100683204766e-08,-3.3889973579022545e-06,60.000000667745965,-0.00020333984373712457,2.645624528674762e-05,-2.3702334331778423,-0.5918289304873869,-73.90100485521118
I1,18,N7,3.4106802588878133e-06,3.6199765694629104e-06,3.370215549176942e-07,9.936188947888152e-08,-2.3765966543881267e-07,67.15000068438094,-1.5958846696866016e-05,3.2728758329743175e-06,-0.6285675787122328,-0.5957965413873135,-73.57684817938025
I1,19,N7,3.6199765694629104e-06,3.816464636354613e-06,3.2498217636134017e-07,1.0080275417083065e-07,-2.2417942219050952e-07,67.15000129462143,-1.50536484903202e-05,3.193386978991281e-06,-0.6270757780533028,-0.595936855586018,-73.3042002686124
I1,20,N7,3.816464636354613e-06,4.0029461894982874e-06,3.156781191409709e-07,1.0201760372444904e-07,-2.1366051541652185e-07,67.15000133978873,-1.4347303896479392e-05,3.132717921490649e-06,-0.6259002834144713,-0.5960639577167506,-73.07810084123324
I1,21,N7,4.0029461894982874e-06,4.1816808288606545e-06,3.0854205631215676e-07,1.0301683892367976e-07,-2.05525217388477e-07,67.1500008973807,-1.3801018532070595e-05,3.0866917142687735e-06,-0.6249881138711159,-0.5961704474741919,-72.89477757005184
I1,22,N7,4.1816808288606545e-06,4.354566463338191e-06,3.0319576292242777e-07,1.038076412423131e-07,-1.9938812168011468e-07,67.15000075304728,-1.3388912520968383e-05,3.0525255312355564e-06,-0.6242991701441629,-0.5962550993350191,-72.75139888233953
I1,23,N7,4.354566463338191e-06,4.523258383283316e-06,2.9938564915088984e-07,1.0439493260986103e-07,-1.9499071654102883e-07,67.15000070042703,-1.3093626752306855e-05,3.0283543632056315e-06,-0.6238060086599387,-0.5963172927112019,-72.64588482289835
I1,24,N7,4.523258383283316e-06,4.68925284423554e-06,2.9694553885536435e-07,1.0478198335774718e-07,-1.9216355549761717e-07,67.15000067224399,-1.2903782880845788e-05,3.0129564165983365e-06,-0.623492920151691,-0.5963538520938753,-72.57678067912913
I1,1,N8,33.70362630740862,30.979559950513963,8.581039811393555e-08,2.549726185231545,2.549726099421147,67.1500006415713,171.2141092119611,19.122947032814572,-1.7006837356615178e-07,-2.0614784128993483e-07,-55.83240134708353
I1,2,N8,30.979559950513963,28.334540271619314,8.581039823071732e-08,2.4757384946235383,2.47573840881314,67.1500006060038,166.24583565210924,18.568039353254527,-1.70068373566166e-07,-2.052188231899716e-07,-55.8324013368942
I1,3,N8,28.334540271619314,25.823562644585806,8.581039844379026e-08,2.3502751340815093,2.350275048271111,67.15000053928493,157.82097075887302,17.62706414918931,-1.7006837356618466e-07,-2.0377776170221074e-07,-55.83240131270481
I1,4,N8,25.823562644585806,23.47636366964717,8.5810398735458e-08,2.1969783157207083,2.1969782299103096,67.15000044485151,147.52708911580638,16.477338011483305,-1.7006837356620435e-07,-2.0206712704378707e-07,-55.832401274047186
I1,5,N8,23.47636366964717,20.652200966942267,8.581039802412248e-08,2.6434163649099376,2.6434162790995397,67.15000056472282,177.50540463433157,19.825623380402515,-1.7006837356609463e-07,-2.0856630168012378e-07,-55.83240122004612
I1,6,N8,20.652200966942267,17.23548622025721,8.581039740951997e-08,3.1980450780753573,3.19804499226496,67.15000064878109,214.74872330542317,23.985338729143162,-1.7006837356598203e-07,-2.172716913300037e-07,-55.83240114518816
I1,7,N8,17.23548622025721,13.055345666509767,8.58103968726978e-08,3.9126116334857532,3.9126115476753562,67.15000069261436,262.7318681363311,29.344587894721126,-1.700683735658683e-07,-2.2986343703796036e-07,-55.83240103903637
I1,8,N8,13.055345666509767,7.68618051481754,8.581039631200308e-08,5.025538657162069,5.025538571351673,67.15000070119801,337.4649185901625,37.69154057229349,-1.7006837356572498e-07,-2.5425626978443586e-07,-55.832400877177975
I1,9,N8,7.68618051481754,6.081381540379649e-07,8.581039563441369e-08,7.194264467830051,7.1942643820196555,67.15000062537213,483.0948577517123,53.95698415230334,-1.700683735655323e-07,-3.295130446417326e-07,-55.83240056561277
I1,10,N8,6.081381540379649e-07,5.221152866146794e-08,1.0602806181164113e-07,6.132380821933327e-07,5.072100203816916e-07,60.00000066290696,3.043260155913455e-05,5.394496080037303e-06,-1.7006837386804181e-07,-1.7006838163174204e-07,-52.329896737960375
I1,11,N8,5.221152866146794e-08,3.0770126383142817,3.2874067386687944,1.1352859934889365e-07,-3.287406625140195,3.700680167035928e-05,-0.00012165640498638833,24.655551391480454,-2.247658069254131e-07,-1.700683741367236e-07,-8.012859544550734
I1,12,N8,3.0770126383142817,17.672439291527446,15.593404659745664,1.0137701373509903e-07,-15.59340455836865,3.068369024925583e-06,-4.784631954003176e-05,116.95053570842008,-3.283974500140431e-05,-1.7006837413730522e-07,-8.012858762877315
I1,13,N8,17.672439291527446,32.26786594474797,15.593404659753443,1.013769385093086e-07,-15.593404558376504,5.255291053176225e-07,-8.19478794641934e-06,116.95053570847786,-3.5289194167408816e-05,-1.700683741380822e-07,-8.012858663174825
I1,14,N8,32.26786594474797,46.8632928848777,15.593404961885827,9.752689926880899e-08,-15.593404864358929,1.953175370538872e-07,-3.04566543239069e-06,116.95053794559544,-3.561406795047352e-05,-1.7006837413788332e-07,-8.012858657481104
I1,15,N8,46.8632928848777,61.45871953809796,15.59340465975316,1.0137694120761068e-07,-15.59340455837622,1.000590866636887e-06,-1.5602618180885246e-05,116.95053570847575,-3.488295989868466e-05,-1.7006837413772207e-07,-8.012858736696929
I1,16,N8,61.45871953809796,67.15762654617971,6.088575992919865,1.1352859718033992e-07,-6.088575879391268,3.630063460755951e-05,-0.00022101916827818274,45.66432079836347,-2.847538692036628e-07,-1.7006837413642029e-07,-8.012859185463386
I1,17,N8,67.15762654617971,67.15762599025311,1.060280621109789e-07,6.132380739037663e-07,5.072100117927875e-07,60.00000060259097,3.0432601013207422e-05,5.394496020110589e-06,-1.7006837386802336e-07,-1.700683816317747e-07,-52.32989449576527
I1,18,N8,67.15762599025311,60.590895793857406,8.581039592731535e-08,6.146459539004519,6.146459453194123,67.1500006288681,412.7347561472977,46.09844718611187,-1.7006837356561042e-07,-2.981152294286821e-07,-55.832400644946944
I1,19,N8,60.590895793857406,53.16201965708069,8.581039554390702e-08,6.953428139201147,6.953428053390752,67.1500010182832,466.922700865748,52.150711687586565,-1.7006837356547818e-07,-3.001259300756344e-07,-55.832401003893125
I1,20,N8,53.16201965708069,46.52447181617807,8.581039574885404e-08,6.212744854262999,6.212744768452603,67.15000108109362,417.18581791815103,46.59558705055046,-1.7006837356554523e-07,-2.7209786789274043e-07,-55.83240115302156
I1,21,N8,46.52447181617807,42.580258974021454,8.581039694720094e-08,3.6917832954367333,3.6917832096263363,67.15000084361769,247.9032456408621,27.68837535935348,-1.700683735658869e-07,-2.2458949659535156e-07,-55.832401234409126
I1,22,N8,42.580258974021454,39.41304456312805,8.581039758700869e-08,2.9645127637743736,2.964512677963976,67.15000072835014,199.0670284844842,22.233846371885782,-1.7006837356604452e-07,-2.1300329484078843e-07,-55.83240128757913
I1,23,N8,39.41304456312805,36.4971032247933,8.581039786580937e-08,2.7293211678594735,2.7293210820490756,67.15000068564606,183.27391253094368,20.469909402524035,-1.7006837356610511e-07,-2.0911827255452639e-07,-55.832401321570444
I1,24,N8,36.4971032247933,33.70362630740862,8.581039801744816e-08,2.6146944698502024,2.6146943840398045,67.1500006618878,175.5767296189072,19.610209167454503,-1.7006837356613545e-07,-2.07269670665578e-07,-55.83240133968333
I1,1,N9,1.9738239957105412,1.8142191286444593,8.581042882836727e-08,0.1493902307520262,0.14939014494159739,67.15000062868705,10.031548326747915,1.1204273742184128,-2.7262107027710625e-06,-3.192380530165091e-06,-55.83241512374553
I1,2,N9,1.8142191286444593,1.6548266380537116,8.581042892016936e-08,0.14919144637111345,0.14919136056068452,67.15000059581493,10.018199950540406,1.1189364913615678,-2.7262107027731944e-06,-3.1919442146764646e-06,-55.83241510746855
I1,3,N9,1.6548266380537116,1.4936063800766701,8.581042832739355e-08,0.15090223664468386,0.15090215083425554,67.1500005307505,10.133079508611653,1.1317674184133413,-2.726210702730937e-06,-3.1988663879137285e-06,-55.83241481972832
I1,4,N9,1.4936063800766701,1.328173057699966,8.581042698219963e-08,0.15484566492276705,0.15484557911234006,67.15000043706533,10.39788070507127,1.1613431304989552,-2.7262107026403754e-06,-3.2144863364663906e-06,-55.83241424312885
I1,5,N9,1.328173057699966,1.1521448346004637,8.581042369570462e-08,0.16476249199930304,0.16476240618887936,67.15000055570167,11.063795667141992,1.2357193335729504,-2.7262107024650727e-06,-3.2503574308477366e-06,-55.832413338394865
I1,6,N9,1.1521448346004637,0.9597352149160107,8.581041935617439e-08,0.18009547920281305,0.1800953933923937,67.15000063484256,12.093405780631457,1.350716737599243,-2.7262107022215676e-06,-3.3084231323069355e-06,-55.83241202472385
I1,7,N9,0.9597352149160107,0.7398348598070776,8.581041353817137e-08,0.20582680756012148,0.20582672174970795,67.15000066644004,13.821264502664057,1.5437017002790125,-2.7262107018828375e-06,-3.4118497344383907e-06,-55.832410141852414
I1,8,N9,0.7398348598070776,0.46332778738293257,8.5810405073463e-08,0.2588106949671524,0.25881060915674736,67.15000067158849,17.37913257868981,1.941080855831681,-2.7262107013792103e-06,-3.647592667244711e-06,-55.832407310978695
I1,9,N9,0.46332778738293257,6.287986686143132e-07,8.58103900812381e-08,0.4336742956130106,0.4336742098026205,67.15000061412024,29.12122345457408,3.252557860675505,-2.7262107004706057e-06,-4.730355912980449e-06,-55.83240213469314
I1,10,N9,6.287986686143132e-07,9.59104446715669e-08,1.0669114497774549e-07,5.922550629608335e-07,4.85563917983088e-07,60.0000006634832,2.913383540114878e-05,5.242096559539342e-06,-2.7262107719584085e-06,-2.72621250690639e-06,-52.412624893400015
I1,11,N9,9.59104446715669e-08,2.91696476174982e-06,3.134304683601232e-06,1.0544495529906033e-07,-3.0288597283021717e-06,16.67036866441736,-5.04922083036042e-05,2.429812229175219e-05,-3.826295849337118e-06,-2.726210771453747e-06,-25.82303741872714
I1,12,N9,2.91696476174982e-06,0.8837886503414164,0.9442156434460738,1.0191998261656029e-07,-0.9442155415260912,16.67034413213036,-15.740398012145764,7.081618090245422,-1.3486026608002535e-05,-2.7262107726107763e-06,-25.823028056768546
I1,13,N9,0.8837886503414164,1.785350009589592,0.9632066967275601,1.0191993602198749e-07,-0.963206594807624,16.670342291162708,-16.05698363254836,7.224050989856221,-1.3791377914177232e-05,-2.726210772792634e-06,-25.823026436668616
I1,14,N9,1.785350009589592,2.7458620710239026,1.0261882129219269,9.908553407802631e-08,-1.0261881138363929,16.670342034931647,-17.10690684983404,7.696412340055956,-1.4013279280383589e-05,-2.7262107727524257e-06,-25.823026414203373
I1,15,N9,2.7458620710239026,3.6492421662932153,0.9651497907672285,1.0191992920526177e-07,-0.9651496888472993,16.670342617681644,-16.08937599043331,7.238624195153682,-1.4836641761021749e-05,-2.7262107726839325e-06,-25.82302796463981
I1,16,N9,3.6492421662932153,3.649244987348744,3.1343059763112015e-06,1.0544495374811966e-07,-3.028861022563082e-06,16.67036814282604,-5.04922282995831e-05,2.429813197544491e-05,-3.85965664921359e-06,-2.72621077135697e-06,-25.823037111126055
I1,17,N9,3.649244987348744,3.6492444544605216,1.0669114506774187e-07,5.922550616209304e-07,4.855639165531886e-07,60.000000606093124,2.9133835287488266e-05,5.2420965501650416e-06,-2.726210771960516e-06,-2.7262125069051213e-06,-52.4126252759317
I1,18,N9,3.6492444544605216,3.1840959262304698,8.581038997335177e-08,0.43537909760146787,0.4353790117910779,67.15000060742248,29.235700906229884,3.265343875588934,-2.726210700462722e-06,-4.74608120995627e-06,-55.8324020864831
I1,19,N9,3.1840959262304698,2.90525827036579,8.581040477319769e-08,0.26099212106749275,0.260992035257088,67.15000069174285,17.52561534805283,1.9574415515842316,-2.7262107013621667e-06,-3.65802063295435e-06,-55.832407234967405
I1,20,N9,2.90525827036579,2.6826216467848933,8.581041299354445e-08,0.20838795484987907,0.20838786903946607,67.15000072850619,13.993245557812,1.5629103049521904,-2.7262107018514854e-06,-3.4219702777551405e-06,-55.832410041803435
I1,21,N9,2.6826216467848933,2.487329048613604,8.581041861956758e-08,0.1827939470664914,0.18279386125607278,67.15000072464157,12.274607915805317,1.3709552465768253,-2.7262107021805386e-06,-3.3182058357847556e-06,-55.83241190071966
I1,22,N9,2.487329048613604,2.3080457018299088,8.581042270761259e-08,0.16780928776770698,0.16780920195728427,67.15000068241339,11.268388025946885,1.2585703018359726,-2.7262107024189907e-06,-3.2606558980208284e-06,-55.83241318973103
I1,23,N9,2.3080457018299088,2.1382139647255314,8.581042547154364e-08,0.1589625811078676,0.15896249529744214,67.15000066127863,10.67433166434174,1.192220001887198,-2.726210702578293e-06,-3.2275057138108565e-06,-55.83241406806637
I1,24,N9,2.1382139647255314,1.9738239957105412,8.581042720595254e-08,0.1538690861762028,0.15386900036577558,67.15000064523791,10.332303473843943,1.154018789899725,-2.7262107026779613e-06,-3.2087343851035214e-06,-55.83241461444478
I2,1,N2,0.0003220651718339314,0.0003246144619252854,2.8432537989247654e-06,1.0482775471543466e-07,-2.7384260442093306e-06,67.15000064955363,-0.00018388531064741112,2.2110611652301504e-05,-0.008856302250985994,-0.008772338115239644,-78.73778435254312
I2,2,N2,0.0003246144619252854,0.0003271637521265863,2.8432539161707026e-06,1.0482775452378662e-07,-2.738426161646916e-06,67.15000061208859,-0.00018388531843074982,2.2110612530208667e-05,-0.008856451795105701,-0.008772169394559125,-78.73778530142424
I2,3,N2,0.0003271637521265863,0.000329713388354789,2.8436228246759462e-06,1.0482707260954049e-07,-2.738795752066406e-06,67.15000054406725,-0.00018391013624134825,2.211337422964115e-05,-0.008856519287293176,-0.00877210681631341,-78.73793495135627
I2,4,N2,0.000329713388354789,0.0003322637169585241,2.8443609852886926e-06,1.0482570867149763e-07,-2.739535276617195e-06,67.15000044894113,-0.0001839597950547347,2.2118900204701425e-05,-0.008856569604182785,-0.008772077224841282,-78.73823376657454
I2,5,N2,0.0003322637169585241,0.00033481508447427054,2.8454685993460064e-06,1.0482366327395908e-07,-2.7406449360720474e-06,67.15000057008312,-0.00018403430901963342,2.212719196964974e-05,-0.008856635722127163,-0.008772043620212154,-78.73868209938666
I2,6,N2,0.00033481508447427054,0.0003373678394870859,2.8469478529911935e-06,1.048209342190005e-07,-2.742126918772193e-06,67.15000065808331,-0.00018413382440010074,2.2138265904076454e-05,-0.008856751792953012,-0.008771967300111249,-78.73928041121341
I2,7,N2,0.0003373678394870859,0.0003399223323661187,2.8488006508378593e-06,1.0481752022175705e-07,-2.7439831306161024e-06,67.15000071258389,-0.00018425846917618946,2.215213628294712e-05,-0.008857000898054619,-0.008771754793854005,-78.74002951158053
I2,8,N2,0.0003399223323661187,0.0003424789156985327,2.8510293607686046e-06,1.0481341971246167e-07,-2.746215941056143e-06,67.15000074109773,-0.00018440840247713438,2.2168820853607998e-05,-0.00885760724820443,-0.00877115303355342,-78.74093112465481
I2,9,N2,0.0003424789156985327,0.0003450379449610602,2.8536370673589166e-06,1.0480863043910957e-07,-2.748828436919807e-06,67.15000068159088,-0.00018458383141274146,2.2188342733485196e-05,-0.008859206913145595,-0.008769444524789104,-78.74198943447315
I2,10,N2,0.0003450379449610602,0.0006476674867252712,0.00032341214314432303,7.883386886736546e-08,-0.00032333330927545564,60.0000007206928,-0.01939999878955133,0.0024261823275989283,-6.212424174357835,-0.008763886424734947,-78.74321546027338
I2,11,N2,0.0006476674867252712,0.00064484494887792,1.039101201699828e-07,2.7329306657611365e-06,2.6290205455911536e-06,100.68354808854137,0.0002646991165277902,2.1276305894483396e-05,-0.008777793133872863,-0.015297042009451154,-87.22499816373443
I2,12,N2,0.00064484494887792,0.0005238117274592916,9.909709390620819e-08,0.00011337391381541903,0.00011327481672151282,100.68357102164673,0.011404913054344452,0.0008510475818199393,-0.008766226843684484,-0.012102712312861584,-87.23888982788874
I2,13,N2,0.0005238117274592916,0.0004500735067743815,9.916464033007493e-08,6.910585230581038e-05,6.900668766548031e-05,100.68357269959401,0.006947839854325564,0.0005190376270960534,-0.008761143593327992,-0.011563619093556902,-87.24374730256562
I2,14,N2,0.0004500735067743815,0.00010930015161327792,9.66571700456474e-08,0.0003190485413908413,0.00031895188422079564,100.68357285300392,0.03211321527154735,0.002393588989206652,-0.008761142335056852,-0.01156362610364095,-87.24374738635763
I2,15,N2,0.00010930015161327792,4.372969251687387e-06,9.911450420622127e-08,9.82986765111258e-05,9.819956200691959e-05,100.68357231044519,0.009887082702177735,0.0007379834326149902,-0.00876622524569891,-0.012102836372180216,-87.23889010381487
I2,16,N2,4.372969251687387e-06,1.5590026048264866e-06,1.0392226302559143e-07,2.7249186604094713e-06,2.62099639738388e-06,100.68354850786764,0.0002638912179149462,2.121630692576297e-05,-0.008777794792234563,-0.015297066993479007,-87.22499848782478
I2,17,N2,1.5590026048264866e-06,0.00030418855356876656,0.0003234121525056633,7.883345935369355e-08,-0.0003233333190463096,60.000000667746114,-0.019399999358683143,0.0024261823947376274,-6.212563165597656,-0.0087638863897237,-78.743363899064
I2,18,N2,0.00030418855356876656,0.0003067479320830302,2.8540094198336165e-06,1.0480794732775575e-07,-2.749201472505861e-06,67.15000068438094,-0.00018460888076026965,2.219113025371029e-05,-0.008859218021913308,-0.008769445644853279,-78.7421378728881
I2,19,N2,0.0003067479320830302,0.0003093048623854451,2.851399278730628e-06,1.0481273943844256e-07,-2.7465865392921854e-06,67.15000129462143,-0.00018443328966926006,2.2171590136268027e-05,-0.008857620234931071,-0.008771152429493773,-78.74107957805857
I2,20,N2,0.0003093048623854451,0.0003118597012600168,2.84916952856876e-06,1.0481684070185255e-07,-2.7443526878669072e-06,67.15000133978873,-0.00018428328666711562,2.2154897769529594e-05,-0.00885701202598301,-0.008771756315017965,-78.74017799888694
I2,21,N2,0.0003118597012600168,0.00031441280258998663,2.8473170728192443e-06,1.0482025337688003e-07,-2.7424968194423642e-06,67.1500008973807,-0.0001841586638866185,2.2141029946470932e-05,-0.008856755586823977,-0.008771976844103293,-78.73942893755753
I2,22,N2,0.00031441280258998663,0.00031696451606419,2.845837435950345e-06,1.048229824320371e-07,-2.741014453518308e-06,67.15000075304728,-0.00018405912261786785,2.2129953137867868e-05,-0.008856622950580003,-0.008772071797874191,-78.73883062519515
I2,23,N2,0.00031696451606419,0.00031951519006962224,2.8447292276280367e-06,1.0482502832340189e-07,-2.739904199304635e-06,67.15000070042703,-0.0001839845689024092,2.212165691963579e-05,-0.008856510521975943,-0.00877215763693648,-78.73838214047687
I2,24,N2,0.00031951519006962224,0.0003220651718339314,2.8439912099893785e-06,1.048263917135176e-07,-2.739164818275861e-06,67.15000067224399,-0.00018393491938861116,2.2116132012771723e-05,-0.008856329549604131,-0.008772334537671391,-78.73808270722475
I2,1,N3,0.011864533992365332,0.010906399072619281,1.1541300669607622e-07,0.0008969153977558182,0.0008967999847491221,67.15000062637813,0.06022011953763944,0.006727731080718857,-0.0004579457118285107,-0.0005364179507453581,-55.8348307322851
I2,2,N3,0.010906399072619281,0.009947608390303404,1.1541299590403253e-07,0.0008975291915117203,0.0008974137785158163,67.15000059438104,0.0602613357607428,0.006732334533807183,-0.00045794582064515987,-0.0005364808417843617,-55.83482863209977
I2,3,N3,0.009947608390303404,0.008973530478984717,1.1541274781858296e-07,0.0009118380376410054,0.0009117226248931869,67.15000052990709,0.06122217474470578,0.00683965087791618,-0.0004579462591844995,-0.0005379497769832844,-55.83478121429001
I2,4,N3,0.008973530478984717,0.007967080632127343,1.1541224647295725e-07,0.0009421381688659869,0.0009420227566195139,67.15000043651318,0.06325682851820572,0.007066901858343449,-0.00045794706412282234,-0.0005410870526731356,-55.83468543489614
I2,5,N3,0.007967080632127343,0.006905066912749553,1.1541145439660178e-07,0.0009941459528511637,0.0009940305413967672,67.15000055469258,0.06674915140617428,0.007456960232291702,-0.0004579483066985506,-0.0005465577797875665,-55.83453441132804
I2,6,N3,0.006905066912749553,0.005751035573482004,1.1541030357055145e-07,0.001080274444059742,0.0010801590337561715,67.15000063219878,0.07253267979960214,0.008102923907724845,-0.0004579501137473303,-0.0005558657250850884,-55.83431487474672
I2,7,N3,0.005751035573482004,0.004435661741616294,1.1540865512718278e-07,0.001231291015687426,0.0012311756070322987,67.15000066042147,0.08267344282531366,0.00923554818256915,-0.00045795271493210844,-0.0005729763909993941,-55.83400030670083
I2,8,N3,0.004435661741616294,0.0027832221198123364,1.1540617921793337e-07,0.0015467845929004929,0.001546669186721275,67.15000066457705,0.10385883691621446,0.01160174999309783,-0.00045795660429731274,-0.0006123608670843924,-55.833527771512095
I2,9,N3,0.0027832221198123364,8.334824120408069e-07,1.154016608926987e-07,0.002604416867540178,0.0026043014658792855,67.15000061196021,0.17487884502752288,0.01953399201900803,-0.00045796360411287765,-0.0007958376763376265,-55.83266530786598
I2,10,N3,8.334824120408069e-07,1.4336954866541177e-07,1.4296103349159579e-07,7.71193229717223e-07,6.282321962256272e-07,60.0000006634832,3.769393219035914e-05,6.85615697406614e-06,-0.00045797220809264827,-0.0004580285185419337,-52.412595933267404
I2,11,N3,1.4336954866541177e-07,2.9325604281177686e-06,3.140465068592468e-06,1.406662215661814e-07,-2.9997988470262866e-06,16.670368664425336,-5.000775269904626e-05,2.460848467618987e-05,-0.0015783081417346059,-0.00045798463124934044,-25.824040442267798
I2,12,N3,2.9325604281177686e-06,0.0053951445888171185,0.00576106400992041,1.3467626312682035e-07,-0.005760929333657283,16.67034413224148,-0.09603667451359149,0.043208990146376525,-0.0012003199145638294,-0.00045798420628103694,-25.823508563200686
I2,13,N3,0.0053951445888171185,0.010772381517096264,0.005745064974424392,1.3467896403215434e-07,-0.00574493029546036,16.67034229285779,-0.09576995447393283,0.043088997400413186,-0.0010904533900864062,-0.0004579843873107646,-25.82333678891299
I2,14,N3,0.010772381517096264,0.016506908955919743,0.006126780238874708,1.299774184018232e-07,-0.006126650261456306,16.670342036822387,-0.10213335539846392,0.04595182662219833,-0.0010905876431045191,-0.00045798438649443567,-25.82333673398614
I2,15,N3,0.016506908955919743,0.021899285694668782,0.005761239982505882,1.3467624437101207e-07,-0.005761105306261511,16.670342618459188,-0.09603959931640263,0.0432103099406269,-0.0012012932464133457,-0.0004579842093299767,-25.823508381028965
I2,16,N3,0.021899285694668782,0.021902074873372854,3.1404520999864802e-06,1.406662559786528e-07,-2.9997858440078274e-06,16.67036814283395,-5.000753436927234e-05,2.4608387669738496e-05,-0.001578569638350077,-0.00045798463186114016,-25.824040211060144
I2,17,N3,0.021902074873372854,0.021901384759289315,1.4296099628609085e-07,7.711943391972758e-07,6.282333429111849e-07,60.000000606093124,3.7694000955439004e-05,6.856165016125251e-06,-0.00045797223362233216,-0.0004580284895399151,-52.41259002280343
I2,18,N3,0.021901384759289315,0.019101729515305064,1.1540161029035287e-07,0.0026205784112584276,0.0026204630096481373,67.15000060544929,0.1759640926844299,0.019655203596515385,-0.0004579637346211298,-0.0007995025477879242,-55.832655635708484
I2,19,N3,0.019101729515305064,0.01743518995705913,1.1540609517229265e-07,0.0015599821333365485,0.0015598667272413763,67.1500006811469,0.10474505179675682,0.011700731545737905,-0.000457956865028201,-0.0006141278644804445,-55.833511737512886
I2,20,N3,0.01743518995705913,0.016107656870834156,1.1540854605895024e-07,0.0012426720776721474,0.0012425566691260884,67.15000071363536,0.08343768121854922,0.009320906146636547,-0.0004579530315981206,-0.0005743093154305218,-55.83397953564007
I2,21,N3,0.016107656870834156,0.014942197439166494,1.1541017267047907e-07,0.0010909711384315657,0.0010908557282588952,67.15000071023981,0.07325096292735397,0.008183149114531772,-0.0004579504472991647,-0.0005570442612411657,-55.83428996621175
I2,22,N3,0.014942197439166494,0.013868877799444285,1.1541130279334156e-07,0.0010047282941607193,0.0010046128828579259,67.15000067363466,0.06745975576065179,0.007536327790976346,-0.0004579486268657255,-0.000547684551157929,-55.834505604921844
I2,23,N3,0.013868877799444285,0.012850818575055984,1.1541207398033231e-07,0.000953004546083816,0.0009528891340098356,67.15000065615098,0.0639865059739996,0.007148399686183473,-0.00045794734237809587,-0.0005422207462225794,-55.83465276170783
I2,24,N3,0.012850818575055984,0.011864533992365332,1.1541255494106856e-07,0.000923263481876184,0.000923148069321243,67.15000064193372,0.061989393447521336,0.006925341708233438,-0.00045794646640047394,-0.00053912822650096,-55.834744537238635
I2,1,N7,0.006556563269336248,0.006609127336368737,5.627245536725709e-05,1.0010631502260444e-07,-5.617234905223449e-05,67.15000064955363,-0.003771973275344499,0.0004227942126170977,-0.0004284692088579713,-0.0004248586433265365,-79.69998912069138
I2,2,N7,0.006609127336368737,0.006661691446491054,5.627250140319436e-05,1.0010631484480336e-07,-5.617239508834956e-05,67.15000061208859,-0.0037719763645651548,0.0004227945578852937,-0.00042846918848533764,-0.0004248586714686888,-79.69998915199447
I2,3,N7,0.006661691446491054,0.006714262300133728,5.627970598308508e-05,1.0010628341375845e-07,-5.617959969967132e-05,67.15000054406725,-0.00377246015039841,0.00042284859199874134,-0.00042846951627493725,-0.00042485880877253084,-79.69999595676472
I2,4,N7,0.006714262300133728,0.00676684660190556,5.6294073570893904e-05,1.001062207315211e-07,-5.6193967350162384e-05,67.15000044894113,-0.0037734249327911872,0.00042295634843719066,-0.00042847019485236197,-0.0004248590525895698,-79.70000953765077
I2,5,N7,0.00676684660190556,0.006819450801832249,5.631533217736118e-05,1.0010612787562618e-07,-5.621522604948555e-05,67.15000057008312,-0.0037748524612703062,0.00042311578728927604,-0.0004284712162911713,-0.00042485939376609675,-79.70002990010899
I2,6,N7,0.006819450801832249,0.006872081652798531,5.6343805368480374e-05,1.001060036646572e-07,-5.624369936481572e-05,67.15000065808331,-0.0037767644493604154,0.0004233293352910877,-0.0004284726154954809,-0.0004248598144827327,-79.70005705243483
I2,7,N7,0.006872081652798531,0.006924745940798183,5.63795285170958e-05,1.0010584803947172e-07,-5.627942266905633e-05,67.15000071258389,-0.0037791632723309424,0.0004235972577385145,-0.0004284744193851139,-0.00042486028694310594,-79.70009100591088
I2,8,N7,0.006924745940798183,0.0069774504840474805,5.642253604891104e-05,1.0010566096424143e-07,-5.63224303879468e-05,67.15000074109773,-0.003782051242291053,0.0004239198128240646,-0.00042847666472650025,-0.0004248607721721535,-79.7001317749863
I2,9,N7,0.0069774504840474805,0.0070302022213554645,5.647295680192323e-05,1.0010544206419575e-07,-5.637285135985904e-05,67.15000068159088,-0.003785437007237756,0.0004242979668299057,-0.00042847940921993957,-0.0004248612139515431,-79.70017937752844
I2,10,N7,0.0070302022213554645,0.013215168944406136,0.006607957172992773,7.599465484696871e-08,-0.006607881178337926,60.000000720692654,-0.396472875462527,0.04956024875735715,-7.099842967825824,-0.0004248599854686745,-79.70023383519091
I2,11,N7,0.013215168944406136,0.013212655261550766,1.0447169490613871e-07,2.4443343866472272e-06,2.3398626917410887e-06,100.68354808854143,0.00023558567784449789,1.9116045611650244e-05,-0.0004248894738471749,-0.0007347296912328547,-87.2200563110694
I2,12,N7,0.013212655261550766,0.010723412004650573,9.909166557856267e-08,0.002330018502270427,0.0023299194106048485,100.68357102164677,0.23458460645234663,0.017475881954520045,-0.0004248881833947926,-0.0005854089905765184,-87.22072489662449
I2,13,N7,0.010723412004650573,0.009223468854452304,9.909504468545996e-08,0.0014040336053578496,0.0014039345103131642,100.68357269959404,0.14135314233458443,0.010530995253019013,-0.00042488789848420087,-0.0005590353686566806,-87.22095813577126
I2,14,N7,0.009223468854452304,0.0021682664302110463,9.656248321772063e-08,0.006603754067095115,0.006603657504611897,100.68357285300395,0.6648798314618782,0.0495288797218375,-0.00042488789859541605,-0.0005590412780321858,-87.22095821833999
I2,15,N7,0.0021682664302110463,5.554426676235223e-06,9.909249805556002e-08,0.00202438524984976,0.0020242861573517043,100.68357231044523,0.20381236170075362,0.015183632567608615,-0.0004248881859816633,-0.0005855333012455421,-87.22072517190944
I2,16,N7,5.554426676235223e-06,3.0411027739066664e-06,1.0447233413070607e-07,2.443998966622104e-06,2.339526632491398e-06,100.6835485078677,0.00023555184318789602,1.9113534755646074e-05,-0.0004248894738059427,-0.000734755346239571,-87.22005663438962
I2,17,N7,3.0411027739066664e-06,0.006188007826175668,0.006607957173346116,7.599463579080579e-08,-0.0066078811787103255,60.000000667745965,-0.3964728751350055,0.049560248759864305,-7.099849315616436,-0.0004248601626723116,-79.70024056028569
I2,18,N7,0.006188007826175668,0.006240766252743668,5.6480103411857346e-05,1.0010541106670422e-07,-5.637999800079064e-05,67.15000068438094,-0.0037859169043384876,0.00042435156617193036,-0.0004284796964319137,-0.0004248613887142136,-79.70018610127066
I2,19,N7,0.006240766252743668,0.006293476940501771,5.642910066216227e-05,1.0010563213278884e-07,-5.632899503002948e-05,67.15000129462143,-0.003782492089191204,0.00042396904720721297,-0.000428476913737248,-0.0004248609449275673,-79.70013849720712
I2,20,N7,0.006293476940501771,0.006346147283407993,5.638599740183466e-05,1.0010581953381917e-07,-5.628589158230084e-05,67.15000133978873,-0.0037795976951627047,0.0004236457741602636,-0.0004284746687308984,-0.0004248604526793741,-79.70009772638528
I2,21,N7,0.006346147283407993,0.006398784551166323,5.635066088128112e-05,1.0010597365063449e-07,-5.6250554907630485e-05,67.1500008973807,-0.00377722481252555,0.00042338075141198813,-0.000428472902863673,-0.0004248599677188255,-79.70006377096773
I2,22,N7,0.006398784551166323,0.00645139521424201,5.63222372165688e-05,1.001060976440538e-07,-5.622213111892475e-05,67.15000075304728,-0.00377531614697372,0.0004231675748565964,-0.0004284715200137718,-0.0004248595324803996,-79.70003661662136
I2,23,N7,0.00645139521424201,0.006503985897680633,5.630089155681771e-05,1.0010619081055265e-07,-5.6200785366007156e-05,67.15000070042703,-0.0037738827766919296,0.000423007483107212,-0.0004284705115213063,-0.0004248591708661708,-79.70001625215147
I2,24,N7,0.006503985897680633,0.006556563269336248,5.628666963731646e-05,1.0010625291946006e-07,-5.6186563384396996e-05,67.15000067224399,-0.003772927769033338,0.0004229008191767694,-0.00042846986721547977,-0.0004248588979186458,-79.7000026693685
I2,1,N8,30.09816394048173,27.615268997715503,1.1540284566306413e-07,2.3239897675331607,2.323989652130315,67.1500006415713,156.05590663155573,17.429924122020047,-2.2909912869392197e-07,-2.876992728390077e-07,-55.83240139795207
I2,2,N8,27.615268997715503,25.182629573004842,1.1540284581796411e-07,2.276950602633149,2.276950487230303,67.1500006060038,152.89722659735548,17.07713038526996,-2.2909912869394772e-07,-2.863200815786938e-07,-55.832401387960935
I2,3,N8,25.182629573004842,22.82582406993238,1.1540284606826825e-07,2.2059700519797945,2.2059699365769485,67.15000053928493,148.13088243078843,16.544776255369804,-2.2909912869397771e-07,-2.843124959031254e-07,-55.83240136139334
I2,4,N8,22.82582406993238,20.558634663688036,1.1540284638925293e-07,2.1220893853486804,2.122089269945834,67.15000044485151,142.49829542087738,15.91567125563645,-2.2909912869400567e-07,-2.819962784565065e-07,-55.832401317607655
I2,5,N8,20.558634663688036,17.931745340453258,1.1540284534661644e-07,2.458768507651723,2.4587683922488774,67.15000056472282,165.10629892803473,18.440764672909264,-2.2909912869380124e-07,-2.9229230529070057e-07,-55.83240125535425
I2,6,N8,17.931745340453258,14.85913061812267,1.1540284438370224e-07,2.8759674812054032,2.875967365802559,67.15000064878109,193.12121047951507,21.569756974561855,-2.290991286935861e-07,-3.062125815103006e-07,-55.83240116814846
I2,7,N8,14.85913061812267,11.203667781561947,1.1540284345544892e-07,3.421513316124805,3.4215132007219617,67.15000069261436,229.75461379826888,25.66135073645736,-2.2909912869336107e-07,-3.268134845954791e-07,-55.832401043598885
I2,8,N8,11.203667781561947,6.585822042297518,1.154028423675035e-07,4.322303713055475,4.322303597652633,67.15000070119801,290.242689613165,32.417278713437376,-2.2909912869306993e-07,-3.675540083076602e-07,-55.83240085236448
I2,9,N8,6.585822042297518,8.02845974771023e-07,1.154028407995864e-07,6.164328781230611,6.16432866582777,67.15000062537213,413.9346737653341,46.23246672475089,-2.2909912869265015e-07,-4.929840690632387e-07,-55.83240048028832
I2,10,N8,8.02845974771023e-07,7.92725109171915e-08,1.4198943226056363e-07,8.016611358129372e-07,6.596717035523735e-07,60.00000066290696,3.958030265044338e-05,7.077379260551256e-06,-2.2909912922630745e-07,-2.2909914291423203e-07,-52.329896669543075
I2,11,N8,7.92725109171915e-08,5.995397675822581,6.405339481498779,1.4801228928983467e-07,-6.40533933348649,3.700680167035928e-05,-0.0002370411223456858,48.04004722133301,-5.28247990677936e-07,-2.2909912969866432e-07,-8.012860234879332
I2,12,N8,5.995397675822581,16.98738542956694,11.743576806840402,1.2866092705269222e-07,-11.743576678179474,3.068369024925583e-06,-3.603362692116437e-05,88.07682701625997,-3.3897617328202965e-05,-2.2909912969915057e-07,-8.012859829262037
I2,13,N8,16.98738542956694,27.979373183318373,11.743576806847825,1.2866081580537945e-07,-11.74357667818701,5.255291053176225e-07,-6.171591344916517e-06,88.07682701631481,-3.6349931295272745e-05,-2.2909912970050625e-07,-8.012859732669437
I2,14,N8,27.979373183318373,38.971361226189515,11.743577108982311,1.2274357902573364e-07,-11.743576986238732,1.953175370538872e-07,-2.2937265331548607e-06,88.07682923794418,-3.667320832361104e-05,-2.2909912970015346e-07,-8.012859725275739
I2,15,N8,38.971361226189515,49.96334897994073,11.743576806847607,1.2866081903125903e-07,-11.743576678186788,1.000590866636887e-06,-1.1750515565843652e-05,88.07682701631319,-3.593692449448561e-05,-2.290991296998706e-07,-8.012859798947915
I2,16,N8,49.96334897994073,58.1060693047687,8.69948769547089,1.4801228491681484e-07,-8.699487547458604,3.630063460755951e-05,-0.0003157969187333088,65.2461588261238,-9.748943509361891e-07,-2.290991296977059e-07,-8.012860079888425
I2,17,N8,58.1060693047687,58.10606858119525,1.419894328227588e-07,8.016611195542146e-07,6.596716867314557e-07,60.00000060259097,3.9580301601399546e-05,7.077379142827301e-06,-2.2909912922634954e-07,-2.2909914291420445e-07,-52.329894430690906
I2,18,N8,58.10606858119525,52.027891301374176,1.1540284117956732e-07,5.689174035016492,5.689173919613651,67.1500006288681,382.02803227979666,42.668806128145,-2.29099128692791e-07,-4.506830360014614e-07,-55.83240056186492
I2,19,N8,52.027891301374176,46.41764968772696,1.1540284133689432e-07,5.251186251477766,5.251186136074925,67.1500010182832,352.6171543846259,39.38389775160456,-2.2909912869262206e-07,-4.288338352501573e-07,-55.83240097322483
I2,20,N8,46.41764968772696,41.57563207973048,1.154028419629649e-07,4.53212858218867,4.532128466785828,67.15000108109362,304.3324314443235,33.990965231936336,-2.2909912869277998e-07,-3.8393622724035535e-07,-55.83240115172262
I2,21,N8,41.57563207973048,38.177965420145334,1.1540284373724812e-07,3.180216094475665,3.180215979072821,67.15000084361769,213.55150567762638,23.851621574088814,-2.2909912869340864e-07,-3.173756685458482e-07,-55.832401252318235
I2,22,N8,38.177965420145334,35.31049362362911,1.1540284472470005e-07,2.6839537026431666,2.683953587240322,67.15000072835014,180.22748533804557,20.129653635345083,-2.2909912869370423e-07,-2.9920958122128064e-07,-55.832401318490845
I2,23,N8,35.31049362362911,32.65163677116685,1.154028451997203e-07,2.4886901150086467,2.4886899996058016,67.15000068564606,167.1155351798901,18.665176728086188,-2.2909912869382347e-07,-2.92800039544311e-07,-55.83240136131397
I2,24,N8,32.65163677116685,30.09816394048173,1.1540284546818396e-07,2.3900506706252425,2.390050555222397,67.1500006618878,160.49189636512926,17.925380895210658,-2.290991286938849e-07,-2.896964245706169e-07,-55.832401385004225
I2,1,N9,12.695705927204266,11.665755862374821,1.1540285227783478e-07,0.9640333617843361,0.9640332463814838,67.15000062868705,64.73483310059186,7.230251078903913,-3.939619729244651e-07,-4.58975122711543e-07,-55.83240281615109
I2,2,N9,11.665755862374821,10.645349714345443,1.1540285243853931e-07,0.9551002556594765,0.9551001402566242,67.15000059581493,64.13497498729524,7.163252782967467,-3.9396197292455327e-07,-4.5830337312875285e-07,-55.832402810540124
I2,3,N9,10.645349714345443,9.63092963907764,1.1540285257238583e-07,0.9494972915546404,0.9494971761517877,67.1500005307505,63.75873588253865,7.121230552181197,-3.9396197292456115e-07,-4.5794230804852e-07,-55.8324027633747
I2,4,N9,9.63092963907764,8.617046169776224,1.1540285264692239e-07,0.9489950283701043,0.9489949129672517,67.15000043706533,63.725008820523726,7.117463578297177,-3.9396197292446327e-07,-4.580208236677733e-07,-55.83240267268581
I2,5,N9,8.617046169776224,7.503315979967665,1.1540285121549163e-07,1.042451558764788,1.0424514433619367,67.15000055570167,70.00061500104606,7.818387556257295,-3.939619729235965e-07,-4.652877411651765e-07,-55.832402533997474
I2,6,N9,7.503315979967665,6.257340803357657,1.1540284969003093e-07,1.1662328664109427,1.166232751008093,67.15000063484256,78.31252997056762,8.746747363603443,-3.9396197292258513e-07,-4.7534813565281654e-07,-55.83240233394417
I2,7,N9,6.257340803357657,4.818372757166205,1.1540284796192361e-07,1.3468741923391716,1.3468740769363237,67.15000066644004,90.44259516388495,10.101557308065146,-3.939619729213588e-07,-4.909576964995981e-07,-55.8324020468829
I2,8,N9,4.818372757166205,3.000908434580703,1.1540284553765928e-07,1.7011467070440023,1.7011465916411568,67.15000067158849,114.23199477117414,12.758601168351358,-3.939619729196338e-07,-5.247189026797102e-07,-55.832401613510704
I2,9,N9,3.000908434580703,8.335676142164448e-07,1.1540284133443494e-07,2.8088496156522185,2.808849500249377,67.15000061412024,188.614245666717,21.06637298291295,-3.939619729167278e-07,-6.681188857661938e-07,-55.83240081449702
I2,10,N9,8.335676142164448e-07,1.4333795907243997e-07,1.4296441633632206e-07,7.713055105093749e-07,6.283410941730528e-07,60.0000006634832,3.770046606727693e-05,6.857024451342728e-06,-3.9396197447644426e-07,-3.939620122993081e-07,-52.41261923609723
I2,11,N9,1.4333795907243997e-07,2.9217937609133937e-06,3.129039193691417e-06,1.4070409091314347e-07,-2.9883351027782737e-06,16.67036866441736,-4.981664785613336e-05,2.4523074634534205e-05,-4.087334385977958e-07,-3.939619744844257e-07,-25.823031727585917
I2,12,N9,2.9217937609133937e-06,4.517341886970085,4.826216996933171,1.3474012449869832e-07,-4.826216862193046,16.67034413213036,-80.45469594904844,36.19662848754972,-2.6281473941735495e-06,-3.9396197448292416e-07,-25.823019613542336
I2,13,N9,4.517341886970085,10.813883665465026,6.72707470347006,1.347400404403238e-07,-6.7270745687300195,16.670342291162708,-112.14263567890518,50.45306128657575,-4.12887053796945e-06,-3.9396197448639493e-07,-25.82301928138831
I2,14,N9,10.813883665465026,17.319875544731243,6.950846173282033,1.3003451565614566e-07,-6.950846043247517,16.670342034931647,-115.8729809730874,52.13134727487411,-4.374976575362312e-06,-3.9396197448544144e-07,-25.823019273456712
I2,15,N9,17.319875544731243,23.614250980207117,6.724760234432596,1.3474004094647587e-07,-6.7247600996925545,16.670342617681644,-112.10405488358985,50.435702768794776,-4.076548958629298e-06,-3.9396197448435946e-07,-25.823019573670976
I2,16,N9,23.614250980207117,23.614253758663423,3.1290397349761876e-06,1.4070409004815096e-07,-2.9883356449280368e-06,16.67036814282604,-4.981665533527985e-05,2.452307868768254e-05,-4.090642014809498e-07,-3.939619744834419e-07,-25.823031429186297
I2,17,N9,23.614253758663423,23.614253068433776,1.4296441659208374e-07,7.713055046979072e-07,6.283410881058234e-07,60.000000606093124,3.770046566718262e-05,6.8570244096749325e-06,-3.9396197447630137e-07,-3.939620122994162e-07,-52.41262544501224
I2,18,N9,23.614253068433776,20.62891900965144,1.1540284137754868e-07,2.7942727801242313,2.79427266472139,67.15000060742248,187.63541113334537,20.957046716453046,-3.9396197291674346e-07,-6.658546286824219e-07,-55.832400814986904
I2,19,N9,20.62891900965144,18.79679066769144,1.154028454515356e-07,1.7148722291785305,1.714872113775685,67.15000069174285,115.15366362628777,12.86154258436032,-3.9396197291957356e-07,-5.261139542583528e-07,-55.832401618738125
I2,20,N9,18.79679066769144,17.32089859340631,1.1540284764874057e-07,1.3814350826348547,1.381434967232007,67.15000072850619,92.76335905601319,10.360763985282768,-3.9396197292107937e-07,-4.941298394975159e-07,-55.83240205213895
I2,21,N9,17.32089859340631,16.030846150554016,1.154028492070168e-07,1.2074891876137226,1.2074890722108733,67.15000072464157,81.08289207395693,9.056169772624289,-3.939619729221748e-07,-4.789005499280639e-07,-55.8324023361791
I2,22,N9,16.030846150554016,14.861249992168949,1.1540285047258938e-07,1.0947421053523991,1.0947419899495487,67.15000068241339,73.5119253721788,8.21056665566437,-3.9396197292315275e-07,-4.694268067395724e-07,-55.83240253127145
I2,23,N9,14.861249992168949,13.75901088267108,1.1540285128689967e-07,1.031695907593983,1.0316957921911318,67.15000066127863,69.27837312787288,7.737720172476258,-3.9396197292374535e-07,-4.6432120241127937e-07,-55.83240266313987
I2,24,N9,13.75901088267108,12.695705927204266,1.1540285180395674e-07,0.9952535394209144,0.9952534240180626,67.15000064523791,66.83126806498814,7.464402411178247,-3.9396197292412234e-07,-4.6142532960034066e-07,-55.83240274402156
I3,1,N2,0.0039024303222150317,0.003933607788407877,3.342371185205354e-05,1.0027190223374459e-07,-3.33234399498198e-05,67.15000064955363,-0.002237669014275761,0.00025142987815715464,-0.0007199384080850897,-0.0007138540979996819,-79.66320636926093
I3,2,N2,0.003933607788407877,0.00396478527047207,3.3423728808409315e-05,1.0027190204657334e-07,-3.332345690636274e-05,67.15000061208859,-0.002237670151659166,0.0002514300053284192,-0.0007199382789086443,-0.000713854250045044,-79.66320642045702
I3,3,N2,0.00396478527047207,0.003995966722829968,3.342797051511839e-05,1.0027184942124712e-07,-3.332769866569714e-05,67.15000054406725,-0.0022379549835340727,0.0002514618177340473,-0.0007199382731951607,-0.0007138551078337638,-79.66321790086693
I3,4,N2,0.003995966722829968,0.004027156103368338,3.343644067346945e-05,1.00271744349372e-07,-3.333616892912008e-05,67.15000044894113,-0.002238523758556391,0.0002515253431336412,-0.0007199383623460351,-0.0007138567039263636,-79.66324081144624
I3,5,N2,0.004027156103368338,0.004058357284123947,3.344904756458313e-05,1.0027158789080152e-07,-3.3348775976692326e-05,67.15000057008312,-0.002239370325846464,0.0002516198936435545,-0.00071993851721576,-0.0007138590532239749,-79.66327515476075
I3,6,N2,0.004058357284123947,0.004089574250002982,3.3465911774059965e-05,1.0027137882912246e-07,-3.3365640395230846e-05,67.15000065808331,-0.0022405027744971224,0.00025174637364666814,-0.0007199387601277289,-0.0007138621524962298,-79.66332093486268
I3,7,N2,0.004089574250002982,0.004120811005623724,3.3487054361710425e-05,1.0027111706298528e-07,-3.338678324464744e-05,67.15000071258389,-0.0022419225186689593,0.00025190494109080056,-0.0007199391218587793,-0.0007138659702941893,-79.6633781573287
I3,8,N2,0.004120811005623724,0.004152071577064288,3.351249825461067e-05,1.0027080250373949e-07,-3.341222745210693e-05,67.15000074109773,-0.002243631098170706,0.0002520957679283581,-0.000719939667472546,-0.0007138704363985936,-79.66344682942321
I3,9,N2,0.004152071577064288,0.004183360045143413,3.354230193583032e-05,1.00270434711964e-07,-3.344203150111835e-05,67.15000068159088,-0.002245632438093881,0.00025231929277906714,-0.0007199405332871554,-0.0007138754071584214,-79.66352696048642
I3,10,N2,0.004183360045143413,0.007864241931840482,0.0039326529753718475,7.609516291701548e-08,-0.00393257688020893,60.0000007206928,-0.23595461564671566,0.029495468029010735,-7.065860126757265,-0.0007138762359211264,-79.66361856275464
I3,11,N2,0.007864241931840482,0.007861712329925332,1.0444100293272608e-07,2.459207737486848e-06,2.354766734554122e-06,100.68354808854137,0.00023708626975577746,1.9227365553146805e-05,-0.0007138951640934739,-0.0012362216919908425,-87.22022545129329
I3,12,N2,0.007861712329925332,0.0063798857180220395,9.909182427624505e-08,0.0013870765226923626,0.0013869774308680864,100.68357102164673,0.1396458406662281,0.01040381710887479,-0.0007138696646576665,-0.0009828167959167761,-87.22134526465177
I3,13,N2,0.0063798857180220395,0.005488069243516274,9.90975210369923e-08,0.0008348270390791869,0.00083472794155815,100.68357269959401,0.08404339138825245,0.006261946024501679,-0.0007138620765872092,-0.0009387205177432475,-87.22173641484011
I3,14,N2,0.005488069243516274,0.0012911038340473785,9.6565868443492e-08,0.003928444224233966,0.003928347658365522,100.68357285300392,0.3955200776529724,0.029464055925768076,-0.0007138620752974415,-0.0009387264315209445,-87.22173649706636
I3,15,N2,0.0012911038340473785,5.475765812548876e-06,9.909324123177564e-08,0.001203434687060071,0.0012033355938188392,100.68357231044519,0.1211561262739916,0.00902650335225977,-0.000713869668520088,-0.000982940548483309,-87.22134553862519
I3,16,N2,5.475765812548876e-06,2.946769805138948e-06,1.0444206863787055e-07,2.4586415415010563e-06,2.354199472863186e-06,100.68354850786764,0.00023702915682321702,1.922312707604195e-05,-0.0007138951598889018,-0.0012362483076343068,-87.22022577232612
I3,17,N2,2.946769805138948e-06,0.0036838286570937324,0.0039326529759674,7.609513101138543e-08,-0.003932576880836388,60.000000667746114,-0.23595461547614624,0.029495468033238083,-7.065870887976349,-0.0007138769233867038,-79.66363000257331
I3,18,N2,0.0036838286570937324,0.0037151210803902583,3.354652753598307e-05,1.0027038261671221e-07,-3.344625715336636e-05,67.15000068438094,-0.0022459161907385323,0.00025235098438949834,-0.0007199406725150196,-0.0007138760990429098,-79.66353839506843
I3,19,N2,0.0037151210803902583,0.0037463854121356937,3.35165156173603e-05,1.0027075257913219e-07,-3.341624486478117e-05,67.15000129462143,-0.0022439008859314424,0.00025212589777454575,-0.0007199397582628227,-0.0007138711360889254,-79.66345825624391
I3,20,N2,0.0037463854121356937,0.0037776258943701987,3.349103573005375e-05,1.0027106746060996e-07,-3.339076466259314e-05,67.15000133978873,-0.0022421898918297,0.0002519348009813577,-0.0007199392028964693,-0.0007138666730552415,-79.6633895737667
I3,21,N2,0.0037776258943701987,0.0038088467130993095,3.347002800852225e-05,1.0027132770665402e-07,-3.336975668081559e-05,67.1500008973807,-0.0022407791910621427,0.0002517772450217168,-0.0007199388724887854,-0.0007138628494338512,-79.66333233827665
I3,22,N2,0.0038088467130993095,0.003840051762202203,3.345318035563322e-05,1.0027153654030449e-07,-3.3352908819092914e-05,67.15000075304728,-0.0022396478523184064,0.00025165088919130145,-0.000719938647138641,-0.0007138597329786162,-79.6632865425882
I3,23,N2,0.003840051762202203,0.0038712449820734983,3.344054246661404e-05,1.0027169329796135e-07,-3.334027077331608e-05,67.15000070042703,-0.0022387992057806014,0.00025155610619934,-0.0007199385263907848,-0.0007138573378434903,-79.66325218123035
I3,24,N2,0.0038712449820734983,0.0039024303222150317,3.3432124071168644e-05,1.0027179777970322e-07,-3.333185227338894e-05,67.15000067224399,-0.0022382339025652045,0.0002514929690171126,-0.0007199385325560186,-0.0007138556424315571,-79.66322925040438
I3,1,N3,0.0038639281863530692,0.003556652575751162,1.1544213901154962e-07,0.0002877111099196046,0.00028759566778059306,67.15000062637813,0.01931204927161046,0.0021586991404396213,-0.000785901376712323,-0.0008549248650095607,-55.84082743137114
I3,2,N3,0.003556652575751162,0.0032491618519406213,1.1544210527045416e-07,0.0002879124558533252,0.0002877970137480548,67.15000059438104,0.01932556964424297,0.0021602092346894673,-0.0007859023967035178,-0.0008549773446612599,-55.84082065962284
I3,3,N3,0.0032491618519406213,0.002936815544859266,1.154413554572798e-07,0.00029245728113789935,0.00029234183978244204,67.15000052990709,0.019630754696304997,0.002194295418700175,-0.0007859094810288058,-0.0008561409416749661,-55.84067618616893
I3,4,N3,0.002936815544859266,0.002614196241635773,1.1543984280476831e-07,0.0003020728042017113,0.00030195736435890654,67.15000043651318,0.020276437148508943,0.0022664118303338705,-0.0007859232338073369,-0.0008586130261754583,-55.840384980122394
I3,5,N3,0.002614196241635773,0.0022739699056431883,1.1543746059659161e-07,0.00031855298478653823,0.00031843754732594165,67.15000055469258,0.021383081479571926,0.002390013166853511,-0.0007859446731988763,-0.000862885474047852,-55.83992671392677
I3,6,N3,0.0022739699056431883,0.0019045718139428904,1.1543400861989997e-07,0.00034585774510469456,0.00034574231109607464,67.15000063219878,0.02321659640867928,0.0025947988433498584,-0.0007859755720339423,-0.0008700653019927032,-55.839262468261225
I3,7,N3,0.0019045718139428904,0.0014838978526016421,1.1542908785278101e-07,0.0003938519547775599,0.0003937365256897071,67.15000066042147,0.026439407960095886,0.002954755378990595,-0.0007860192779773708,-0.0008829965982422554,-55.838315276555484
I3,8,N3,0.0014838978526016421,0.0009546412750727581,1.1542176704533327e-07,0.0004954852771154569,0.0004953698553484116,67.15000066457705,0.03326408611585728,0.003717005241618767,-0.0007860834246853598,-0.0009117430730853841,-55.83690564768518
I3,9,N3,0.0009546412750727581,8.331755474011692e-07,1.154087250970348e-07,0.0008928654902781568,0.0008927500815530598,67.15000061196021,0.05994816852261549,0.006697356742524404,-0.0007861963002299997,-0.0010452779738342958,-55.83439343600221
I3,10,N3,8.331755474011692e-07,1.4332826774978683e-07,1.4296416062958956e-07,7.709473830246349e-07,6.279832223950453e-07,60.0000006634832,3.767899376035904e-05,6.854336577406684e-06,-0.0007862797416316518,-0.0007864549028127342,-52.41337949275223
I3,11,N3,1.4332826774978683e-07,2.9193400393270168e-06,3.1264203765886274e-06,1.4069736805150288e-07,-2.9857230085371244e-06,16.670368664425336,-4.9773103282171016e-05,2.4503383084800978e-05,-0.0014929188376177813,-0.0007862743725220384,-25.82286375456386
I3,12,N3,2.9193400393270168e-06,0.0014938441361104476,0.0015930221645930709,1.3473718876203093e-07,-0.0015928874274043089,16.67034413224148,-0.026553981578750645,0.011948676763363747,-0.0011507675265171166,-0.0007862282279802682,-25.821594216264568
I3,13,N3,0.0014938441361104476,0.0024565277945887156,0.0010286619873346552,1.3474812028325636e-07,-0.0010285272392143718,16.67034229285779,-0.017145901135231602,0.007715975515912039,-0.0010888659469718846,-0.0007862148328811842,-25.821155107112304
I3,14,N3,0.0024565277945887156,0.0057948917460466124,0.0035667765915064794,1.3004614786989535e-07,-0.0035666465453586095,16.670342036822387,-0.059457217835578974,0.02675179978240762,-0.0010888853544965239,-0.000786214829728004,-25.821154994337036
I3,15,N3,0.0057948917460466124,0.007139765123356092,0.0014369843269188443,1.3473971461903568e-07,-0.0014368495872042252,16.670342618459188,-0.023952774909886086,0.010778392999750976,-0.001150974615848881,-0.0007862282332327666,-25.82159384966178
I3,16,N3,0.007139765123356092,0.007142540634181603,3.1258867836140557e-06,1.4069877489897008e-07,-2.9851880087150855e-06,16.67036814283395,-4.9764183080853876e-05,2.4499391688847694e-05,-0.0014929689748698705,-0.0007862743676255352,-25.822863317194003
I3,17,N3,0.007142540634181603,0.007141850783310073,1.429640509199253e-07,7.70950648906778e-07,6.279865979868527e-07,60.000000606093124,3.7679196259829524e-05,6.854360248700275e-06,-0.0007862799037999631,-0.000786454718396844,-52.41336694786118
I3,18,N3,0.007141850783310073,0.006181182316741927,1.1540860255100275e-07,0.0008992867937228455,0.0008991713851202945,67.15000060544929,0.06037935905523046,0.006745516517440473,-0.0007861971107385663,-0.001047787959649784,-55.83436960510807
I3,19,N3,0.006181182316741927,0.005647523815309804,1.1542153165409404e-07,0.0004996054776826638,0.0004994900561510097,67.1500006811469,0.03354075761076641,0.003747906744107384,-0.0007860853618622836,-0.0009129595862801326,-55.83685995270339
I3,20,N3,0.005647523815309804,0.005223080389476893,1.154287722972487e-07,0.000397380173265299,0.00039726474449300174,67.15000071363536,0.02667632787620724,0.002981217015281972,-0.0007860221222005858,-0.0008839694526518656,-55.838254187213806
I3,21,N3,0.005223080389476893,0.004850126111114848,1.1543362426201404e-07,0.00034918633548335624,0.00034907090185909423,67.15000071023981,0.02344011130776223,0.0026197632683071367,-0.0007859791859810985,-0.0008709530077384255,-55.839188247540235
I3,22,N3,0.004850126111114848,0.00450636862346127,1.1543701185662732e-07,0.0003218581423480882,0.00032174270533623156,67.15000067363466,0.021605022880064988,0.002414801845199586,-0.0007859488898192993,-0.0008637494812315902,-55.83984030343548
I3,23,N3,0.00450636862346127,0.00418011588571035,1.1543933021643738e-07,0.0003054736984703057,0.00030535825914008926,67.15000065615098,0.020504807301618116,0.002291918533503916,-0.0007859277929011856,-0.0008594908185817584,-55.84028660994343
I3,24,N3,0.00418011588571035,0.0038639281863530692,1.154407783197309e-07,0.000296052823802538,0.00029593738302421827,67.15000064193372,0.01987219546004844,0.002221261984356433,-0.000785913949730896,-0.0008570619242896683,-55.84056554542204
I3,1,N7,0.003908297683558645,0.003939522502591667,3.347430178875993e-05,1.0027128501729455e-07,-3.3374030503742635e-05,67.15000064955363,-0.0022410661700045407,0.00025180929805332917,-0.000718857516539228,-0.0007127824076937124,-79.66334273461372
I3,2,N7,0.003939522502591667,0.003970747337541729,3.347431879393182e-05,1.0027128483015679e-07,-3.337404750910167e-05,67.15000061208859,-0.0022410673106640507,0.0002518094255907148,-0.0007188573878910297,-0.0007127825591383084,-79.66334278572091
I3,3,N7,0.003970747337541729,0.004001976148923145,3.347856705804845e-05,1.0027123228326831e-07,-3.337829582576519e-05,67.15000054406725,-0.00224135258286017,0.0002518412871774879,-0.0007188573843393284,-0.0007127834132071014,-79.66335424868731
I3,4,N7,0.004001976148923145,0.0040332129007178,3.348705028577437e-05,1.0027112736827371e-07,-3.33867791584061e-05,67.15000044894113,-0.0022419222354756675,0.0002519049105985698,-0.0007188574775579369,-0.0007127850021564309,-79.66337712448065
I3,5,N7,0.0040332129007178,0.004064461470782847,3.349967646471195e-05,1.0027097114509219e-07,-3.3399405493566855e-05,67.15000057008312,-0.0022427700979334515,0.00025199960576892784,-0.0007188576386543017,-0.0007127873406036311,-79.66341141568927
I3,6,N7,0.004064461470782847,0.0040957258501644325,3.351656652189043e-05,1.0027076239744187e-07,-3.341629575949299e-05,67.15000065808331,-0.0022439042822406607,0.00025212627963215904,-0.0007188578896682497,-0.000712790425548868,-79.66345712640022
I3,7,N7,0.0040957258501644325,0.004127010049650515,3.353774154886806e-05,1.0027050102413364e-07,-3.3437471047843924e-05,67.15000071258389,-0.002245326204689723,0.00025228509037419146,-0.000718858264170731,-0.0007127942226569995,-79.66351426223686
I3,8,N7,0.004127010049650515,0.004158318101515677,3.3563224501342996e-05,1.0027018693672377e-07,-3.346295431440627e-05,67.15000074109773,-0.0022470374070117007,0.0002524762101620979,-0.0007188588253429584,-0.0007127986635864966,-79.66358283053646
I3,9,N7,0.004158318101515677,0.004189654092893546,3.3593073988902904e-05,1.0026981969605837e-07,-3.349280416920684e-05,67.15000068159088,-0.0022490418227906293,0.0002527000785644922,-0.0007188597103244411,-0.0007128036038314615,-79.66366284073024
I3,10,N7,0.004189654092893546,0.007876070978281345,0.00393856643508402,7.609478838988533e-08,-0.0039384903402956304,60.000000720692654,-0.23630942325617887,0.029539818974043074,-7.065986109660146,-0.0007128044089178305,-79.66375430516841
I3,11,N7,0.007876070978281345,0.007873541434872856,1.0444111516369146e-07,2.4591530735761916e-06,2.3547119584125e-06,100.68354808854143,0.0002370807546994885,1.9226956415549123e-05,-0.0007128234627572766,-0.0012343630762475847,-87.22022482075492
I3,12,N7,0.007873541434872856,0.006389487188148427,9.909182370697458e-08,0.001389161588884448,0.001389062497060741,100.68357102164677,0.13985577257632112,0.010419455105311162,-0.0007127981408621267,-0.0009813434787773747,-87.22134295909449
I3,13,N7,0.006389487188148427,0.005496324729229626,9.909751180894887e-08,0.0008360868804817035,0.0008359877829698945,100.68357269959404,0.08417023672262182,0.006271394834951344,-0.0007127906078517567,-0.0009373127523755025,-87.22173352317931
I3,14,N7,0.005496324729229626,0.00129304149841032,9.656585582736873e-08,0.003934357705006898,0.0039342611391510705,100.68357285300395,0.39611546802645914,0.029508407031470438,-0.000712790606586875,-0.0009373186661473926,-87.22173360540611
I3,15,N7,0.00129304149841032,5.476049953974853e-06,9.909323848646957e-08,0.001205248074945004,0.0012051489817065176,100.68357231044523,0.12133870464450759,0.00904010376137618,-0.0007127981447581702,-0.0009814672331023076,-87.22134323307007
I3,16,N7,5.476049953974853e-06,2.9471115262186647e-06,1.0444217928674296e-07,2.4585877438841903e-06,2.3541455645974472e-06,100.6835485078677,0.00023702372914772866,1.9222724423782002e-05,-0.0007128234583761697,-0.0012343896909997956,-87.22022514179031
I3,17,N7,2.9471115262186647e-06,0.003689363997504648,0.003938566435678671,7.609475653169927e-08,-0.00393849034092214,60.000000667745965,-0.23630942308523942,0.02953981897826402,-7.065996854527879,-0.0007128050971723936,-79.66376572751686
I3,18,N7,0.003689363997504648,0.003720703950175838,3.359730608051265e-05,1.0026976767890419e-07,-3.349703631283375e-05,67.15000068438094,-0.0022493260113315198,0.00025273181886143663,-0.0007188598495031619,-0.0007128042944683451,-79.66367425783902
I3,19,N7,0.003720703950175838,0.003752015767841479,3.3567247735556426e-05,1.0027013709019504e-07,-3.346697759846623e-05,67.15000129462143,-0.002247307589064074,0.0002525063840448497,-0.0007188589168174781,-0.0007127993612104489,-79.66359423988581
I3,20,N7,0.003752015767841479,0.0037833036993426437,3.354172868794066e-05,1.0027045149984815e-07,-3.344145823644081e-05,67.15000133978873,-0.0022455939653814893,0.0002523149935458038,-0.0007188583465708275,-0.0007127949225992629,-79.66352566121493
I3,21,N7,0.0037833036993426437,0.003814571937363458,3.352068894143436e-05,1.002707113531049e-07,-3.342041823008126e-05,67.1500008973807,-0.002244181114140795,0.00025215719739590597,-0.0007188580048087429,-0.0007127911182049199,-79.66346851237944
I3,22,N7,0.003814571937363458,0.0038458243816151733,3.350381549451062e-05,1.002709198727635e-07,-3.340354457463786e-05,67.15000075304728,-0.0022430480433413805,0.00025203064810787535,-0.0007188577693498172,-0.0007127880181262058,-79.66342278612792
I3,23,N7,0.0038458243816151733,0.003877064978495362,3.349115822495666e-05,1.0027107639507178e-07,-3.3390887148561587e-05,67.15000070042703,-0.0022421980954137905,0.00025193571976013794,-0.0007188576428637224,-0.0007127856333760213,-79.66338847693306
I3,24,N7,0.003877064978495362,0.003908297683558645,3.3482726915717936e-05,1.0027118071999325e-07,-3.3382455734997944e-05,67.15000067224399,-0.002241631925046267,0.00025187248572328445,-0.0007188576446904228,-0.0007127839454190222,-79.6633655809632
I3,1,N8,76.07739531751854,70.08679096603794,1.1540284419156421e-07,5.607205774089809,5.607205658686964,67.1500006415713,376.52386357825185,42.0540441711949,-6.087206778253584e-08,-7.230910934063212e-08,-55.8324009400324
I3,2,N8,70.08679096603794,64.38290443657513,1.1540284434340548e-07,5.338837892681167,5.338837777278322,67.1500006060038,358.50295997959535,40.04128506063009,-6.087206778253794e-08,-7.172887728982385e-08,-55.83240092925341
I3,3,N8,64.38290443657513,59.19464792407965,1.1540284465023466e-07,4.8562081967997335,4.856208081396889,67.15000053928493,326.09437528468095,36.42156234151933,-6.087206778254179e-08,-7.069714066561569e-08,-55.8324009132436
I3,4,N8,59.19464792407965,54.608581553453256,1.1540284509061174e-07,4.292558224010279,4.292558108607434,67.15000044485151,288.2452789025402,32.19418754559844,-6.087206778254686e-08,-6.950583351709068e-08,-55.832400891994794
I3,5,N8,54.608581553453256,48.654772777347546,1.1540284423690516e-07,5.572765115538913,5.5727650001360685,67.15000056472282,374.2111729062045,41.795739232063184,-6.087206778253317e-08,-7.2378486045798e-08,-55.83240086555881
I3,6,N8,48.654772777347546,40.869175565859784,1.1540284355351338e-07,7.287319091056519,7.287318975653675,67.15000064878109,489.34347394301903,54.65489404844522,-6.087206778252061e-08,-7.655901981083605e-08,-55.8324008314364
I3,7,N8,40.869175565859784,30.81787467580007,1.1540284303485354e-07,9.408017734199863,9.40801761879702,67.15000069261436,631.7483896183479,70.56013387202029,-6.087206778250993e-08,-8.24848512275905e-08,-55.83240078474524
I3,8,N8,30.81787467580007,17.532371006707884,1.1540284257974735e-07,12.435231535374255,12.435231419971412,67.15000070119801,835.0257985706398,93.26423738082823,-6.087206778249794e-08,-9.261066192524373e-08,-55.832400713902416
I3,9,N8,17.532371006707884,8.028459850782427e-07,1.154028422220533e-07,16.410298611918705,16.410298496515864,67.15000062537213,1101.9515543035836,123.07724045491159,-6.087206778248742e-08,-1.1066812202629029e-07,-55.832400572312054
I3,10,N8,8.028459850782427e-07,7.927250901357535e-08,1.4198943444713596e-07,8.016611491579266e-07,6.596717147107907e-07,60.00000066290696,3.958030331994841e-05,7.077379377037969e-06,-6.087206782934646e-08,-6.087206903201062e-08,-52.32989678465863
I3,11,N8,7.927250901357535e-08,4.751676889265186,5.076577957399008,1.4801229646384904e-07,-5.076577809386712,3.700680167035928e-05,-0.000187867908156121,38.07433579058479,-7.0993438602755e-08,-6.087206787097428e-08,-8.012859600065413
I3,12,N8,4.751676889265186,41.835043559212,39.618981631843035,1.2866093373915895e-07,-39.6189815031821,3.068369024925583e-06,-0.00012156565564346356,297.1423632037798,-3.296267178464548e-05,-6.08720678710508e-08,-8.012859011769317
I3,13,N8,41.835043559212,78.9184102291659,39.618981631850474,1.2866082210508495e-07,-39.61898150318965,5.255291053176225e-07,-2.0820927902966693e-05,297.14236320383475,-3.546385504906254e-05,-6.08720678711637e-08,-8.012858967275866
I3,14,N8,78.9184102291659,116.00177718823969,39.61898193398514,1.2274358476863592e-07,-39.618981811241554,1.953175370538872e-07,-7.738281947954454e-06,297.1423654254654,-3.579143042594635e-05,-6.087206787113227e-08,-8.012858964460813
I3,15,N8,116.00177718823969,153.0851438581934,39.61898163185024,1.2866082559333998e-07,-39.61898150318942,1.000590866636887e-06,-3.9642391037547094e-05,297.142363203833,-3.50177721797301e-05,-6.087206787111275e-08,-8.012858998234288
I3,16,N8,153.0851438581934,164.02612327270322,11.689080740002794,1.4801229391649157e-07,-11.6890805919905,3.630063460755951e-05,-0.0004243210434681626,87.66810666011315,-9.217369884240344e-08,-6.087206787093083e-08,-8.012859226998042
I3,17,N8,164.02612327270322,164.02612254912975,1.4198943515600786e-07,8.016611281237867e-07,6.596716929677788e-07,60.00000060259097,3.958030197557893e-05,7.0773792245984595e-06,-6.087206782934298e-08,-6.087206903201639e-08,-52.329894551559356
I3,18,N8,164.02612254912975,151.1143409319359,1.1540284261525484e-07,12.085427694797383,12.08542757939454,67.1500006288681,811.5364695564832,90.6407085765017,-6.087206778249977e-08,-9.083925579106717e-08,-55.83240065661576
I3,19,N8,151.1143409319359,128.4207477087504,1.1540284167641789e-07,21.241203358005606,21.241203242602765,67.1500010182832,1426.346819370336,159.30902605056335,-6.087206778246228e-08,-1.5019777063720043e-07,-55.832400861296186
I3,20,N8,128.4207477087504,105.49462602933173,1.1540284165907267e-07,21.458849993039845,21.458849877637004,67.15000108109362,1440.9617924823506,160.94137581332015,-6.087206778246174e-08,-1.522793372638243e-07,-55.83240091693983
I3,21,N8,105.49462602933173,95.71461796053545,1.1540284300890727e-07,9.15408765349728,9.154087538094437,67.15000084361769,614.6969859055916,68.65565826675092,-6.087206778250767e-08,-8.155605720559963e-08,-55.83240093672187
I3,22,N8,95.71461796053545,88.59897454441213,1.1540284370497354e-07,6.660242338595394,6.66024222319255,67.15000072835014,447.23527013836804,49.95181840498678,-6.087206778252728e-08,-7.472364665260193e-08,-55.832400947341625
I3,23,N8,88.59897454441213,82.18643746921634,1.154028439801511e-07,6.0021348034872295,6.002134688084386,67.15000068564606,403.04334842020654,45.01601189167555,-6.087206778253317e-08,-7.316201673643909e-08,-55.83240095196054
I3,24,N8,82.18643746921634,76.07739531751854,1.1540284412191146e-07,5.71806355509312,5.718063439690276,67.1500006618878,383.96796375991846,42.885477528719726,-6.087206778253562e-08,-7.252204746784079e-08,-55.83240095133587
I3,1,N9,30.53463219623049,28.068970614489846,1.1540284745061799e-07,2.3078593416132165,2.307859226210369,67.15000062868705,154.9727484909475,17.308945927620478,-8.778308223912556e-08,-9.631870485112507e-08,-55.83240156812084
I3,2,N9,28.068970614489846,25.660911633796704,1.1540284761808836e-07,2.253943307032754,2.253943191629906,67.15000059581493,151.35228666088122,16.90457566826701,-8.778308223913104e-08,-9.611027508986499e-08,-55.83240156379157
I3,3,N9,25.660911633796704,23.337663848705205,1.1540284788936688e-07,2.174560027949615,2.1745599125467674,67.1500005307505,146.0216992816642,16.30920107514347,-8.778308223913744e-08,-9.581389643464324e-08,-55.83240154283226
I3,4,N9,23.337663848705205,21.113683480247694,1.154028482406348e-07,2.0816457259802053,2.081645610577357,67.15000043706533,139.78250366008464,15.6123438103729,-8.778308223914372e-08,-9.54726031586881e-08,-55.83240150492445
I3,5,N9,21.113683480247694,18.541221592810423,1.1540284724404894e-07,2.4078244277452567,2.4078243123424095,67.15000055570167,161.68540391182478,18.05868407361078,-8.77830822391118e-08,-9.674797835196472e-08,-55.83240144919857
I3,6,N9,18.541221592810423,15.543394834201402,1.1540284635129332e-07,2.8059659471620173,2.805965831759171,67.15000063484256,188.42060738397484,21.044745469236478,-8.778308223908e-08,-9.835702752593691e-08,-55.83240136985702
I3,7,N9,15.543394834201402,12.01186867125286,1.1540284553189518e-07,3.3055085896238063,3.305508474220961,67.15000066644004,221.96489624686072,24.791315287699888,-8.778308223904759e-08,-1.0047585626006401e-07,-55.83240125616092
I3,8,N9,12.01186867125286,7.500231101916061,1.154028444780289e-07,4.222892866003215,4.22289275060037,67.15000067158849,283.567251038861,31.671697360545444,-8.778308223900574e-08,-1.0459903814146896e-07,-55.83240108423547
I3,9,N9,7.500231101916061,8.335676486396506e-07,1.154028427979669e-07,7.020215632278082,7.020215516875239,67.15000061412024,471.40747626942874,52.651618107606936,-8.778308223894461e-08,-1.1948257123739103e-07,-55.83240076663193
I3,10,N9,8.335676486396506e-07,1.4333792933840074e-07,1.429644190272056e-07,7.713055729180286e-07,6.28341153890823e-07,60.0000006634832,3.770046965034318e-05,6.857024939589257e-06,-8.778308233031489e-08,-8.778308454652967e-08,-52.412626829652424
I3,11,N9,1.4333792933840074e-07,2.921783623382175e-06,3.1290284331297093e-06,1.407041245262335e-07,-2.9883243086034757e-06,16.67036866441736,-4.981646791326006e-05,2.452299418241957e-05,-8.853900313429684e-08,-8.77830823309628e-08,-25.823030001570533
I3,12,N9,2.921783623382175e-06,0.44565033377087143,0.47611918369704537,1.3474018245982814e-07,-0.4761190489568629,16.67034413213036,-7.937068393973528,3.570894888279209,-9.933382225157989e-08,-8.778308233093224e-08,-25.823016432593487
I3,13,N9,0.44565033377087143,19.244573132177383,20.08431938286288,1.3474014444901515e-07,-20.084319248122736,16.670342291162708,-334.81247655119364,150.63239638202268,-3.3641104251774116e-07,-8.77830823310335e-08,-25.823015562322123
I3,14,N9,19.244573132177383,46.12217298117191,28.715384602479052,1.3003461325171782e-07,-28.715384472444438,16.670342034931647,-478.695280820214,215.3653854938525,-5.328919538441599e-07,-8.778308233097436e-08,-25.823015516623276
I3,15,N9,46.12217298117191,57.43077639681779,12.081841409828014,1.347401459809575e-07,-12.081841275087868,16.670342617681644,-201.40843350816243,90.6138115842612,-1.7739911241714924e-07,-8.77830823309578e-08,-25.823015668379597
I3,16,N9,57.43077639681779,57.43077917525493,3.129019321587824e-06,1.4070414905683294e-07,-2.9883151725309912e-06,16.67036814282604,-4.981631405288434e-05,2.4522926029834926e-05,-8.853325848117135e-08,-8.778308233087676e-08,-25.823029340833372
I3,17,N9,57.43077917525493,57.43077848502521,1.4296441893269724e-07,7.713055775364309e-07,6.283411586037336e-07,60.000000606093124,3.7700469897057274e-05,6.857024973518461e-06,-8.778308233031382e-08,-8.778308454653358e-08,-52.41262570222947
I3,18,N9,57.43077848502521,50.113653285027475,1.154028428579139e-07,6.848829288301846,6.848829172899003,67.15000060742248,459.89888312030087,51.36622052778517,-8.778308223894621e-08,-1.1849251423654362e-07,-55.83240077039156
I3,19,N9,50.113653285027475,45.560276571330384,1.1540284443280069e-07,4.261960705124448,4.261960589721603,67.15000069174285,286.1906565479864,31.964706153954694,-8.778308223900376e-08,-1.0477895696200941e-07,-55.832401097297584
I3,20,N9,45.560276571330384,41.83997504779503,1.1540284527459162e-07,3.4822023271330576,3.4822022117302125,67.15000072850619,233.82988105448962,26.11651831901927,-8.778308223903331e-08,-1.0126756870169039e-07,-55.8324012721158
I3,21,N9,41.83997504779503,38.613129505176644,1.1540284593610636e-07,3.0203275289947764,3.0203274135919305,67.15000072464157,202.81498801135294,22.652457332982166,-8.778308223905868e-08,-9.92803027077569e-08,-55.83240138507671
I3,22,N9,38.613129505176644,35.757149304762876,1.1540284657988622e-07,2.6731975686912564,2.67319745328841,67.15000068241339,179.50521081254246,20.04898263070577,-8.778308223908907e-08,-9.780472747430154e-08,-55.83240146154496
I3,23,N9,35.757149304762876,33.09094331401935,1.154028469705048e-07,2.495568908439914,2.495568793037067,67.15000066127863,167.57744610270535,18.716767678820705,-8.778308223910547e-08,-9.707497958065561e-08,-55.832401512580525
I3,24,N9,33.09094331401935,30.53463219623049,1.1540284722373342e-07,2.392707307354345,2.3927071919514975,67.15000064523791,160.67028948340845,17.94530567067894,-8.778308223911615e-08,-9.665873813722991e-08,-55.832401543125364
I4,1,N3,61.85993593709012,56.80107384433892,1.1540284493478561e-07,4.735095019919089,4.735094904516244,67.15000062637813,317.9616258042257,35.513213514914504,-3.7828249098305906e-08,-4.2015780982767674e-08,-55.83240103284321
I4,2,N3,56.80107384433892,51.978413501021215,1.1540284510122237e-07,4.5140101824493515,4.514010067046506,67.15000059438104,303.1157786852149,33.85507723389148,-3.7828249098307196e-08,-4.181185933153661e-08,-55.832401029258996
I4,3,N3,51.978413501021215,47.547367355555366,1.1540284541845673e-07,4.147459293260006,4.147459177857161,67.15000052990709,278.50188599087636,31.105945564971385,-3.7828249098309194e-08,-4.148194201188024e-08,-55.832401017753604
I4,4,N3,47.547367355555366,43.57030495667144,1.154028458651277e-07,3.7225305064593197,3.7225303910564738,67.15000043651318,249.9679173843758,27.918979663966244,-3.7828249098311656e-08,-4.110292965218466e-08,-55.83240099851782
I4,5,N3,43.57030495667144,38.59088436675875,1.1540284502378021e-07,4.660737773262259,4.660737657859414,67.15000055469258,312.96853631053625,34.95553416498828,-3.782824909830562e-08,-4.196801601519691e-08,-55.83240097168982
I4,6,N3,38.59088436675875,32.37658728314718,1.1540284436437262e-07,5.816582171364401,5.816582055961557,67.15000063219878,390.58348873505463,43.624367150754345,-3.782824909830037e-08,-4.307415658047155e-08,-55.83240093414201
I4,7,N3,32.37658728314718,24.833605381986416,1.154028439027993e-07,7.060231160590444,7.0602310451876,67.15000066042147,474.0945193470755,52.95173456994966,-3.782824909829584e-08,-4.43388907434608e-08,-55.83240088008808
I4,8,N3,24.833605381986416,15.07192872914875,1.1540284342338764e-07,9.136929448160027,9.136929332757184,67.15000066457705,613.5448107668384,68.52697172672153,-3.7828249098290977e-08,-4.659825458839987e-08,-55.83240079713877
I4,9,N3,15.07192872914875,8.335677119816477e-07,1.154028429907988e-07,14.10732461136782,14.107324495964978,67.15000061196021,947.3068485371695,105.80493545077998,-3.7828249098284776e-08,-5.301937006455572e-08,-55.83240063868259
I4,10,N3,8.335677119816477e-07,1.4333793355348828e-07,1.4296441798087462e-07,7.713056273441296e-07,6.28341209363255e-07,60.0000006634832,3.7700472978689134e-05,6.857025339937531e-06,-3.782824912014971e-08,-3.782824965037014e-08,-52.41262677992223
I4,11,N3,1.4333793355348828e-07,2.9217846900633384e-06,3.1290295658312354e-06,1.4070412241326246e-07,-2.988325443417973e-06,16.670368664425336,-4.981648683105993e-05,2.4523002661833734e-05,-3.8008761430616634e-08,-3.782824912030788e-08,-25.823029975704667
I4,12,N3,2.9217846900633384e-06,0.44873395179450076,0.47941364739636483,1.3474018287643473e-07,-0.47941351265618193,16.67034413224148,-7.991988237625258,3.595603366024108,-4.0549550757167415e-08,-3.782824912030004e-08,-25.823016409581612
I4,13,N3,0.44873395179450076,44.84871137673283,47.435873471037894,1.347401434771744e-07,-47.43587333629775,16.67034229285779,-790.7722454767296,355.76905204333525,-2.429294327987002e-07,-3.782824912032096e-08,-25.823015546801013
I4,14,N3,44.84871137673283,99.7989721214239,58.70754367907793,1.30034623027715e-07,-58.70754354904331,16.670342036822387,-978.6748311041976,440.30657856834415,-4.7529864530959624e-07,-3.782824912030821e-08,-25.823015527845957
I4,15,N3,99.7989721214239,118.1314039021299,19.58593154343927,1.3474014601477601e-07,-19.585931408699125,16.670342618459188,-326.5041870846554,146.8944875863456,-6.666182482234762e-08,-3.7828249120307904e-08,-25.823015633500876
I4,16,N3,118.1314039021299,118.13140668056808,3.1290204178400147e-06,1.407041470388788e-07,-2.988316270801136e-06,16.67036814283395,-4.981633236147561e-05,2.4522934236591703e-05,-3.800731424637327e-08,-3.782824912028816e-08,-25.82302930903585
I4,17,N3,118.13140668056808,118.1314059903383,1.4296441787083255e-07,7.713056324254587e-07,6.283412145546261e-07,60.000000606093124,3.7700473254110855e-05,6.857025377222185e-06,-3.782824912014953e-08,-3.7828249650371064e-08,-52.41262547656302
I4,18,N3,118.1314059903383,103.81314459177494,1.154028430535522e-07,13.401892770159265,13.401892654756422,67.15000060544929,899.9370998810601,100.5141966417158,-3.782824909828524e-08,-5.205685333420612e-08,-55.83240064302385
I4,19,N3,103.81314459177494,94.00230548507584,1.1540284340416052e-07,9.182945504974342,9.182945389571499,67.1500006811469,616.634789164661,68.87209215282888,-3.7828249098290844e-08,-4.664856204896272e-08,-55.83240081120857
I4,20,N3,94.00230548507584,85.78279780658484,1.1540284370280506e-07,7.693459288171549,7.693459172768705,67.15000071363536,516.6157889417431,57.70094552680794,-3.7828249098293366e-08,-4.503176508888205e-08,-55.832400897615436
I4,21,N3,85.78279780658484,78.73466302609003,1.154028440268058e-07,6.5970542556471,6.597054140244256,67.15000071023981,442.9921902028923,49.477907782874574,-3.782824909829622e-08,-4.388720069989854e-08,-55.83240095165765
I4,22,N3,78.73466302609003,72.7065518838605,1.1540284441977449e-07,5.6423121302308115,5.642312014827967,67.15000067363466,378.8812555965549,42.31734184225242,-3.78282490983009e-08,-4.289840892245366e-08,-55.83240098723839
I4,23,N3,72.7065518838605,67.1446593417883,1.1540284464392802e-07,5.205931520483557,5.205931405080713,67.15000065615098,349.5782972670468,39.044487269148014,-3.782824909830309e-08,-4.2468116295709284e-08,-55.83240101043992
I4,24,N3,67.1446593417883,61.85993593709012,1.1540284479663917e-07,4.946501207901463,4.946501092498618,67.15000064193372,332.157551536608,37.09875992478231,-3.7828249098304595e-08,-4.2217419459006444e-08,-55.8324010237248
I4,1,N8,66.65426485816508,61.35013559831557,1.1540284434500476e-07,4.964665088323118,4.964664972920273,67.1500006415713,333.37725611678286,37.23498902794472,-7.497386285825774e-08,-8.972754645310078e-08,-55.8324009839463
I4,2,N8,61.35013559831557,56.272690441242815,1.1540284449773895e-07,4.7524887681240715,4.752488652721227,67.1500006060038,319.1296159102566,35.64366662645187,-7.497386285826079e-08,-8.904923911386361e-08,-55.83240097336563
I4,3,N8,56.272690441242815,51.59990121098924,1.154028447999985e-07,4.373730820621321,4.373730705218477,67.15000053928493,293.69601921410776,32.80298202018125,-7.497386285826615e-08,-8.785578530636892e-08,-55.832400956518626
I4,4,N8,51.59990121098924,47.40779984306249,1.1540284523014408e-07,3.923806981483409,3.923806866080564,67.15000044485151,263.4836328028213,29.428553226646905,-7.497386285827314e-08,-8.645680342943897e-08,-55.83240093335664
I4,5,N8,47.40779984306249,42.07654446546468,1.1540284436018671e-07,4.990055134535525,4.99005501913268,67.15000056472282,335.0821973527574,37.42541437453777,-7.497386285825291e-08,-8.998696137524777e-08,-55.83240090385796
I4,6,N8,42.07654446546468,35.25918676627239,1.1540284365244974e-07,6.3810469075479475,6.381046792145104,67.15000064878109,428.48729623244617,47.85785267213093,-7.497386285823407e-08,-9.500127688672927e-08,-55.83240086513277
I4,7,N8,35.25918676627239,26.61283548266996,1.1540284309769238e-07,8.092984902555846,8.092984787153004,67.15000069261436,543.4439340626417,60.69738763469017,-7.497386285821756e-08,-1.0206050746905365e-07,-55.832400811605616
I4,8,N8,26.61283548266996,15.29544454608185,1.1540284258659787e-07,10.593078017750441,10.593077902347598,67.15000070119801,711.3251885704864,79.44808599864963,-7.497386285819874e-08,-1.1437248671923231e-07,-55.83240073014426
I4,9,N8,15.29544454608185,8.028459836436795e-07,1.1540284212381287e-07,14.316535444772738,14.316535329369895,67.15000062537213,961.3553563203507,107.37401670131686,-7.497386285818056e-08,-1.3960729394636388e-07,-55.83240056857714
I4,10,N8,8.028459836436795e-07,7.927250913161017e-08,1.419894342786572e-07,8.016611475570913e-07,6.596717132784341e-07,60.00000066290696,3.958030323400702e-05,7.077379363768114e-06,-7.49738629255444e-08,-7.497386465442225e-08,-52.32989677705152
I4,11,N8,7.927250913161017e-08,4.8902579945913605,5.224634693858596,1.480122959799875e-07,-5.224634545846301,3.700680167035928e-05,-0.00019334701443824166,39.18476131403169,-9.046863128042575e-08,-7.497386298537742e-08,-8.01285963813756
I4,12,N8,4.8902579945913605,35.81947284492291,33.04403310661305,1.2866093322082142e-07,-33.044032977952114,3.068369024925583e-06,-0.00010139128724816774,247.83024926455488,-3.303160249774078e-05,-7.49738629854832e-08,-8.01285907027625
I4,13,N8,35.81947284492291,66.74868769526155,33.04403310662049,1.2866082163987656e-07,-33.04403297795967,5.255291053176225e-07,-1.7365601086993158e-05,247.83024926460985,-3.552585604898082e-05,-7.4973862985647e-08,-8.012859018384205
I4,14,N8,66.74868769526155,97.67790283472004,33.04403340875514,1.2274358434947272e-07,-33.044033286011555,1.953175370538872e-07,-6.454079195750444e-06,247.83025148624046,-3.585234423359502e-05,-7.497386298560208e-08,-8.012859014408217
I4,15,N8,97.67790283472004,128.60711768505848,33.04403310662026,1.2866082510992306e-07,-33.04403297795944,1.000590866636887e-06,-3.306355759459431e-05,247.83024926460814,-3.5081873760508016e-05,-7.497386298557345e-08,-8.01285905158601
I4,16,N8,128.60711768505848,139.85741819046487,12.019551990960663,1.4801229338892827e-07,-12.019551842948369,3.630063460755951e-05,-0.00043631735959748723,90.14664104229718,-1.2647864157210013e-07,-7.49738629853135e-08,-8.012859270242956
I4,17,N8,139.85741819046487,139.8574174668914,1.419894349138005e-07,8.016611289224097e-07,6.596716940086092e-07,60.00000060259097,3.958030203802876e-05,7.0773792287715765e-06,-7.49738629255398e-08,-7.497386465443013e-08,-52.32989453783685
I4,18,N8,139.8574174668914,128.02335241531225,1.1540284251330543e-07,11.076684989382054,11.076684873979211,67.1500006288681,743.7993962534778,83.07513828588672,-7.497386285819829e-08,-1.1639078268152014e-07,-55.832400652195
I4,19,N8,128.02335241531225,109.97194281543878,1.1540284166071747e-07,16.896119486585533,16.896119371182692,67.1500010182832,1134.5744329799525,126.72089701491281,-7.497386285814678e-08,-1.7085021103541225e-07,-55.83240087302404
I4,20,N8,109.97194281543878,92.38953592993369,1.1540284170326643e-07,16.457132945936745,16.457132830533904,67.15000108109362,1105.096487362053,123.4284979600469,-7.497386285814791e-08,-1.6599720091318798e-07,-55.83240094011533
I4,21,N8,92.38953592993369,84.03135916922318,1.1540284309192275e-07,7.823253549129002,7.823253433726159,67.15000084361769,525.3314746745466,58.674402483988835,-7.497386285821508e-08,-1.0071836533848024e-07,-55.83240096720906
I4,22,N8,84.03135916922318,77.75822465660708,1.1540284381479819e-07,5.871654004912628,5.871653889509784,67.15000072835014,394.2815629572019,44.03740590236604,-7.497386285824405e-08,-9.281993295637758e-08,-55.832400982898754
I4,23,N8,77.75822465660708,72.07513684651289,1.1540284410869685e-07,5.319370291352146,5.319370175949302,67.15000068564606,357.19571096220085,39.89527805066243,-7.49738628582531e-08,-9.087472839667873e-08,-55.83240099107758
I4,24,N8,72.07513684651289,66.65426485816508,1.1540284426263233e-07,5.073936282197512,5.073936166794668,67.1500006618878,340.7148169586384,38.05452298200267,-7.4973862858257e-08,-9.005260121755485e-08,-55.83240099278329
I4,1,N9,0.030727928155674263,0.028282237674662654,1.1540771344494872e-07,0.0022892673984629816,0.002289151990749537,67.15000062868705,0.1537165576179916,0.0171703710463232,-0.00010463682986228144,-0.00011439801302100743,-55.83344140972129
I4,2,N9,0.028282237674662654,0.025834888754849322,1.1540770935433542e-07,0.0022908196971778154,0.002290704289468461,67.15000059581493,0.15382079440264299,0.017182013286653773,-0.00010463683045316764,-0.00011440525685887107,-55.83344059348154
I4,3,N9,0.025834888754849322,0.023349001788500443,1.1540761533352259e-07,0.002326891308652714,0.0023267759010373802,67.1500005307505,0.15624300298959756,0.017452550372010357,-0.00010463682976176211,-0.00011457370937669057,-55.833422588957006
I4,4,N9,0.023349001788500443,0.02078152158166997,1.1540742546813957e-07,0.0024032625815771434,0.0024031471741516753,67.15000043706533,0.16137133379461732,0.018025334917519585,-0.000104636827808399,-0.00011493198707830284,-55.833386272767406
I4,5,N9,0.02078152158166997,0.018073634477652225,1.1540712506048806e-07,0.0025346834370812464,0.002534568029956186,67.15000055570167,0.17019624462002156,0.0190109913315473,-0.00010463682454591564,-0.00011555363246738736,-55.83332911389831
I4,6,N9,0.018073634477652225,0.015133296711828318,1.154066901389129e-07,0.0027522572561507817,0.002752141849460643,67.15000063484256,0.18480632693845894,0.020642794971306902,-0.00010463681995092993,-0.00011659773108118379,-55.83324625798555
I4,7,N9,0.015133296711828318,0.011784566462603308,1.1540607035529097e-07,0.003134512620071223,0.0031343972140008675,67.15000066644004,0.21047477500904604,0.02350971019606184,-0.00010463681379002246,-0.00011847849316567635,-55.83312809625659
I4,8,N9,0.011784566462603308,0.007571426706134356,1.1540514792096555e-07,0.003943599918043413,0.003943484512895492,67.15000067158849,0.2648049876893311,0.029577864923935,-0.00010463680526680915,-0.0001226662705799019,-55.832952189749186
I4,9,N9,0.007571426706134356,8.335189674414566e-07,1.1540350262546149e-07,0.007086176327735267,0.007086060924232642,67.15000061412024,0.4758289954139154,0.053147187984284194,-0.00010463679112861855,-0.00014218575093835931,-55.8326383409651
I4,10,N9,8.335189674414566e-07,1.4333694354716982e-07,1.4296428764532906e-07,7.712608149139746e-07,6.282965272686455e-07,60.0000006634832,3.769779205298292e-05,6.856688269194777e-06,-0.00010463691239164186,-0.0001046394598070336,-52.412713666957195
I4,11,N9,1.4333694354716982e-07,2.92152186749958e-06,3.128748605884873e-06,1.4070304980185764e-07,-2.9880455560830157e-06,16.67036866441736,-4.981182100597785e-05,2.4520887417650478e-05,-0.00020308732938647867,-0.0001046369143916937,-25.823029860223727
I4,12,N9,2.92152186749958e-06,0.012117142453587297,0.012942697525806323,1.3473947908636127e-07,-0.012942562786327237,16.67034413213036,-0.21575697559977902,0.09707124198964057,-0.00015939358627842503,-0.00010463695791357429,-25.82286214306616
I4,13,N9,0.012117142453587297,0.020401684063084347,0.008851159789825308,1.3474073755504433e-07,-0.008851025049087753,16.670342291162708,-0.14754961719594806,0.06638470897922148,-0.00014989115749563598,-0.00010463697327487459,-25.822805160115813
I4,14,N9,0.020401684063084347,0.04551234103308831,0.026827773394174657,1.3003561913088672e-07,-0.026827643358555527,16.670342034931647,-0.447225990778283,0.2012092757234534,-0.00014991497686762435,-0.00010463697322049338,-25.822805047813365
I4,15,N9,0.04551234103308831,0.05679601838264314,0.012055364639165206,1.347397307559312e-07,-0.01205522989943445,16.670342617681644,-0.2009648127584921,0.09041624534171971,-0.00015964614823203152,-0.00010463695802930014,-25.822861775869658
I4,16,N9,0.05679601838264314,0.05679879650356332,3.128680431195836e-06,1.4070322975478902e-07,-2.9879772014410473e-06,16.67036814282604,-4.981067995039334e-05,2.452037745712969e-05,-0.00020314055190182655,-0.0001046369143128665,-25.823029424038236
I4,17,N9,0.05679879650356332,0.056798106321087116,1.4296427389216918e-07,7.712612262283469e-07,6.282969523361778e-07,60.000000606093124,3.769781752097713e-05,6.856691250903871e-06,-0.00010463691247177276,-0.00010463945972005285,-52.41271094937507
I4,18,N9,0.056798106321087116,0.04917363206969553,1.1540348710408523e-07,0.007136609003835965,0.007136493600348861,67.15000060742248,0.47921554959829266,0.053525433054923015,-0.0001046367915565138,-0.0001425498765340589,-55.832635372203065
I4,19,N9,0.04917363206969553,0.044925393846948734,1.1540511817768693e-07,0.00397645208245341,0.003976336677335232,67.15000069174285,0.2670110106336633,0.029824256156786907,-0.00010463680598703332,-0.00012284260770522014,-55.83294653733235
I4,20,N9,0.044925393846948734,0.04154649484338587,1.1540603037444599e-07,0.0031627505740964277,0.0031626351680660533,67.15000072850619,0.21237095383963475,0.023721494850951017,-0.000104636814414979,-0.00011861988958270349,-55.833120534411584
I4,21,N9,0.04154649484338587,0.03857765847956774,1.1540664138949803e-07,0.0027789319438306617,0.002778816537189272,67.15000072464157,0.1865975324859056,0.020842855128540384,-0.00010463682028013679,-0.00011672708410153701,-55.833237053170535
I4,22,N9,0.03857765847956774,0.03584141574508367,1.1540706801993168e-07,0.0025612243071477573,0.002561108900079737,67.15000068241339,0.17197846438808936,0.01921004785661833,-0.00010463682441723758,-0.00011567998500170867,-55.83331837244213
I4,23,N9,0.03584141574508367,0.03324459122676282,1.154073598874526e-07,0.0024307288570746773,0.00243061344971479,67.15000066127863,0.16321569475566086,0.018231331983259234,-0.00010463682704495102,-0.00011506128950987689,-55.833374013622844
I4,24,N9,0.03324459122676282,0.030727928155674263,1.1540754217912427e-07,0.002355697742624963,0.002355582335082784,67.15000064523791,0.15817735532071997,0.017668598626253567,-0.0001046368282284448,-0.00011470853791324154,-55.83340876291058
