node,x_power_mw,x_energy_mwh,energy_power_ratio_h
N1,0.0,0.0,0.0
N2,0.0,0.0,0.0
N3,8.387186319382753,26.65368960818478,3.1779059857759706
N4,0.0,0.0,0.0
N5,0.0,0.0,0.0
N6,0.0,0.0,0.0
N7,0.0,0.0,0.0
N8,52.34295645501458,254.81652747009804,4.8682104475527
N9,26.752160491679078,99.64138595118115,3.7246108022629927
