{
  "model": "Single Investor Primal-Dual MPEC",
  "investor": "I1",
  "wacc": 0.08,
  "solver_status": "ok",
  "termination": "optimal",
  "profit_eur_per_day": 13476.434183541585,
  "spot_revenue_eur_per_day": 21682.077025227314,
  "degradation_cost_eur_per_day": 5729.182320002591,
  "capex_daily_eur_per_day": 2476.460521683138,
  "lower_level_primal_objective_eur_per_day": 434603.68430429325,
  "lower_level_dual_objective_eur_per_day": 434603.67377436464,
  "strong_duality_gap": 0.010529928607866168,
  "total_power_mw": 87.48230326607641,
  "total_energy_mwh": 381.111603029464,
  "total_charge_mwh": 407.170515924241,
  "total_discharge_mwh": 356.7204600761046,
  "total_storage_throughput_mwh": 763.8909760003455,
  "total_load_shed_mwh": 0.0,
  "equivalent_cycles_throughput_over_2e": 1.0021880335420916,
  "equivalent_cycles_discharge_over_e": 0.9359999990567758,
  "line_limits_mw": {
    "L14": 400.0,
    "L45": 400.0,
    "L46": 200.0,
    "L69": 200.0,
    "L57": 400.0,
    "L93": 400.0,
    "L72": 400.0,
    "L98": 200.0,
    "L78": 200.0
  },
  "existing_power_mw_per_node": 0.0,
  "existing_ratio_hours": 2.0,
  "storage_units": [
    "I1",
    "RIV"
  ],
  "demand_model": "quadratic",
  "load_shed_allowed": true,
  "quadratic_demand_alpha_eur_per_mwh": 4000,
  "quadratic_demand_beta_eur_per_mwh_per_share": 10000,
  "quadratic_demand_source": "fixed_default"
}