unit,hour,node,soc_start_mwh,soc_end_mwh,p_charge_mw,p_discharge_mw,net_injection_mw,lambda_eur_per_mwh,spot_revenue_eur,degradation_cost_eur,rho_charge_dual,sigma_discharge_dual,gamma_soc_transition_dual
I2,1,N1,6.173876877745611e-08,6.132787291293865e-08,-9.406075148668423e-09,-7.85602628425946e-09,1.5500488644089623e-09,67.13594865930851,1.0406400098037956e-07,-1.2946576074695913e-07,-0.17500537969658142,-0.17548994604903712,-65.67560471188187
I2,1,N2,2.6633542245277513e-08,2.9924119691898207e-08,-7.325362658240145e-09,-9.497701413470531e-09,-2.1723387552303862e-09,67.17039866005287,-1.4591686021350804e-07,-1.2617298053783006e-07,-0.42065752729410805,-0.3813578725558778,-77.32561504432066
I2,1,N3,3.2653481535279627,3.2653463070169413,-9.515464993693805e-09,1.7199978555710378e-06,1.7295133205647316e-06,67.16019966046625,0.00011615445992456335,1.282861792933008e-05,9.516918531615585e-09,9.516918498273726e-09,-55.84849606303685
I2,1,N4,6.143038477051536e-08,6.101825337921225e-08,-9.406323964168421e-09,-7.855087817452384e-09,1.5512361467160368e-09,67.17039865985612,1.0419715039049526e-07,-1.2946058836215604e-07,-0.1759445437258612,-0.17643711339341492,-65.70105275186043
I2,1,N5,6.107201415303097e-08,6.177000021676295e-08,-9.27333003835029e-09,-8.777642308931666e-09,4.956877294186235e-10,67.20752365998057,3.331394480286419e-08,-1.3538229260461467e-07,-0.17487268083288166,-0.17392658458151772,-69.6735550670685
I2,1,N6,5.53936804622085e-08,5.196384788010856e-08,-9.478827430005179e-09,-5.094039499272275e-09,4.384787930732904e-09,67.17396265987041,2.9454358073050255e-07,-1.092965019695809e-07,-0.19180959316738855,-0.20597487166517223,-57.5482155286031
I2,1,N7,2.5802819042520096e-08,2.9024788836198488e-08,-7.396564824014175e-09,-9.495864582942498e-09,-2.0992997589283227e-09,67.17039866005285,-1.410108017141683e-07,-1.2669322055217505e-07,-0.4087429575308423,-0.37170387332547417,-77.28658889541389
I2,1,N8,7.563613117249334,7.563611922379536,-9.515438219472427e-09,1.1100616930090794e-06,1.1195771312285517e-06,67.17435865970745,7.520687576035308e-05,8.254096910922052e-06,9.825828483287249e-09,9.825828480480347e-09,-55.86531062852689
I2,1,N9,6.710632244456724,6.710631262207672,-9.515387910060158e-09,9.110487195487163e-07,9.205641074587764e-07,67.17039865966902,6.18346580897884e-05,6.761499987289921e-06,9.603010344947641e-09,9.603010333084238e-09,-55.86392011116175
I2,2,N1,6.132787291293865e-08,6.091945969151642e-08,-9.405907347813773e-09,-7.858203028539033e-09,1.5477043192747394e-09,67.13070840988188,1.0389848736194725e-07,-1.2948082782264605e-07,-0.17500601119321077,-0.1754889070265556,-65.67555124947155
I2,2,N2,2.9924119691898207e-08,3.321903417890111e-08,-7.320917563878779e-09,-9.497866553878658e-09,-2.176948989999879e-09,67.1655521607024,-1.462159809390253e-07,-1.2614088088318077e-07,-0.42081804495744013,-0.3813545918316728,-77.32803556221232
I2,2,N3,3.2653463070169413,3.265345032379541,-9.515405219934353e-09,1.184724197755582e-06,1.1942396029755164e-06,67.1577764108067,8.02024762375603e-05,8.814065944017358e-06,9.516918531615585e-09,9.516918507737804e-09,-55.848822592865325
I2,2,N4,6.101825337921225e-08,6.06084166372639e-08,-9.40616910443335e-09,-7.857099937253989e-09,1.549069167179361e-09,67.16555216045028,1.0404408594833064e-07,-1.2947451781265504e-07,-0.17594512278868793,-0.17643615283416653,-65.70099895624757
I2,2,N5,6.177000021676295e-08,6.246926826839001e-08,-9.273006460033715e-09,-8.778558763932636e-09,4.94447696101079e-10,67.20098966056499,3.3227374513378785e-08,-1.3538673917974762e-07,-0.1748743976159612,-0.17392596819842543,-69.67357848853399
I2,2,N6,5.196384788010856e-08,4.854354618070685e-08,-9.478723311285794e-09,-5.102869187484241e-09,4.375854123801553e-09,67.16895416047171,2.939215450545376e-07,-1.0936194374077526e-07,-0.19180979694728092,-0.20595318153477332,-57.54736955389335
I2,2,N7,2.9024788836198488e-08,3.2250877082576474e-08,-7.3923551881852015e-09,-9.496031409558098e-09,-2.1036762213728965e-09,67.16555216070239,-1.4129457497585058e-07,-1.2666289948307473e-07,-0.4089022270185629,-0.3717002443485924,-77.28933773894903
I2,2,N8,7.563611922379536,7.5636111800473715,-9.51531301277661e-09,6.864865780086108e-07,6.960018910213873e-07,67.16933216038784,4.6749982202273625e-05,5.077284487468756e-06,9.825828483287249e-09,9.825828481465205e-09,-55.86606698773728
I2,2,N9,6.710631262207672,6.710630598323344,-9.515268040350895e-09,6.130594425639013e-07,6.225747106042523e-07,67.16555216034106,4.181557419879915e-05,4.526581308926628e-06,9.60301034494764e-09,9.603010336589542e-09,-55.864591172032476
I2,3,N1,6.091945969151642e-08,6.051199144627399e-08,-9.405836175738955e-09,-7.859025172673285e-09,1.5468110030656702e-09,67.12682116120345,1.0383250557297097e-07,-1.2948646011309182e-07,-0.1750062931057665,-0.17548847072125237,-65.67437499281142
I2,3,N2,3.321903417890111e-08,3.6545237214434054e-08,-7.2889257782563395e-09,-9.499124759886093e-09,-2.210198981629753e-09,67.16205866235704,-1.4844151365969926e-07,-1.2591037903606824e-07,-0.42144257377923594,-0.3813299535399373,-77.36499252488865
I2,3,N3,3.265345032379541,3.2653440005356145,-9.515360080338504e-09,9.57469546749909e-07,9.669849068302474e-07,67.15602966148504,6.493886708530045e-05,7.109656400021778e-06,9.516918531615583e-09,9.51691851195704e-09,-55.84914912256633
I2,3,N4,6.06084166372639e-08,6.019932517894962e-08,-9.406111439274723e-09,-7.857747002520668e-09,1.5483644367540553e-09,67.16205866179543,1.039913431311137e-07,-1.2947893831346543e-07,-0.1759453442776233,-0.17643580931079794,-65.69980685174897
I2,3,N5,6.246926826839001e-08,6.317003262337984e-08,-9.272642382759114e-09,-8.779640337236205e-09,4.930020455229094e-10,67.19637116190508,3.3127948434535843e-08,-1.353921203999649e-07,-0.17487604857962458,-0.17392523727781406,-69.67455737703476
I2,3,N6,4.854354618070685e-08,4.5080414751995755e-08,-9.479104522555517e-09,-5.063114538519208e-09,4.415989984036309e-09,67.16535266182242,2.966015246288743e-07,-1.0906664295806043e-07,-0.19180605271278428,-0.20610720014641742,-57.526459060149904
I2,3,N7,3.2250877082576474e-08,3.550732156016212e-08,-7.361400217223333e-09,-9.49732531572866e-09,-2.135925098505328e-09,67.16205866235704,-1.4345312676421556e-07,-1.2644044149713994e-07,-0.40949490293573565,-0.3716764528224927,-77.32678615795295
I2,3,N8,7.5636111800473715,7.563610603850243,-9.51521835732643e-09,5.309842678146711e-07,5.404994861719975e-07,67.16571866176685,3.6303036425057924e-05,3.911017870930085e-06,9.825828483287249e-09,9.825828481848057e-09,-55.866823346873424
I2,3,N9,6.710630598323344,6.710630065783021,-9.515177432125238e-09,4.901215334837306e-07,4.996367109158559e-07,67.16205866172315,3.3556630088081125e-05,3.60454767038704e-06,9.603010344947638e-09,9.603010338117525e-09,-55.86526223283681
I2,4,N1,6.051199144627399e-08,6.01031662095524e-08,-9.405913551406384e-09,-7.857822817161536e-09,1.548090734244848e-09,67.12588381539118,1.039169587626033e-07,-1.294780227642594e-07,-0.17500589469806224,-0.17548911178850338,-65.67207678864126
I2,4,N2,3.6545237214434054e-08,3.993194197876636e-08,-7.2269754400772435e-09,-9.501479934564957e-09,-2.2745044944877136e-09,67.16168460511112,-1.5275955349169153e-07,-1.254634153098165e-07,-0.42261421194459825,-0.38128400826680237,-77.43686141020576
I2,4,N3,3.2653440005356145,3.265343031334673,-9.515345452672317e-09,8.988357246655856e-07,9.08351070118258e-07,67.15569223858911,6.100094490945481e-05,6.66990284409685e-06,9.516918531615583e-09,9.516918513032522e-09,-55.84947565216415
I2,4,N4,6.019932517894962e-08,5.978872663997808e-08,-9.406198583436076e-09,-7.856412721676659e-09,1.5497858617594173e-09,67.16138381600076,1.0408576309423573e-07,-1.294695847883455e-07,-0.17594489534669075,-0.17643653115810598,-65.69747705662162
I2,4,N5,6.317003262337984e-08,6.387222688337823e-08,-9.272308867546991e-09,-8.780686536980946e-09,4.916223305660449e-10,67.19513381611068,3.303462828937359e-08,-1.3539746553395954e-07,-0.1748771228417173,-0.17392467089917799,-69.6764950449996
I2,4,N6,4.5080414751995755e-08,4.1514245928084186e-08,-9.480019889765712e-09,-4.9674734861629586e-09,4.5125464036027535e-09,67.16462381602933,3.0308348165035503e-07,-1.0835620031946503e-07,-0.19179807053879208,-0.20647261889135432,-57.484917862892985
I2,4,N7,3.550732156016212e-08,3.882257572204491e-08,-7.30133795169496e-09,-9.499750869650435e-09,-2.198412917955475e-09,67.16168460511055,-1.476491150275264e-07,-1.2600816616009046e-07,-0.4105995954305809,-0.3716322832911452,-77.3992943176461
I2,4,N8,7.563610603850243,7.563610070316431,-9.51518605004615e-09,4.910514314588893e-07,5.005666175089354e-07,67.16498381598241,3.36205487638087e-05,3.6115218405663238e-06,9.825828483287247e-09,9.825828481946399e-09,-55.86757970595195
I2,4,N9,6.710630065783021,6.7106295669607805,-9.515147884323068e-09,4.585614337892503e-07,4.6807658167357334e-07,67.16138381593785,3.143667095703104e-05,3.367847144286954e-06,9.603010344947638e-09,9.603010338506844e-09,-55.865933293587894
I2,5,N1,6.01031662095524e-08,5.969006491813102e-08,-9.40618034793246e-09,-7.854054169331823e-09,1.5521261786006375e-09,67.12915118860451,1.0419291290707317e-07,-1.2945175887948215e-07,-0.17500461846368545,-0.17549113492145416,-65.66865489436643
I2,5,N2,3.993194197876636e-08,4.341574386668576e-08,-7.127286455621014e-09,-9.505025721716311e-09,-2.377739266095297e-09,67.16463294660926,-1.5969998505003072e-07,-1.2474234133002994e-07,-0.4245538915092955,-0.38121559877154615,-77.54416493114519
I2,5,N3,3.265343031334673,3.265341961925183,-9.515370664702203e-09,9.926309046129496e-07,1.0021462752776518e-06,67.1571946751958,6.730133250184362e-05,7.373366504611855e-06,9.516918531615583e-09,9.516918511150605e-09,-55.849802181665055
I2,5,N4,5.978872663997808e-08,5.9373940432045335e-08,-9.406458593226344e-09,-7.85272085706618e-09,1.553737736160165e-09,67.16438868919649,1.0435584523253354e-07,-1.2944384587719394e-07,-0.175943635567982,-0.17643853481648078,-65.69400762983078
I2,5,N5,6.387222688337823e-08,6.457540552264643e-08,-9.272102579093068e-09,-8.78142718748816e-09,4.906753916049076e-10,67.19926368931155,3.297302502631439e-08,-1.354014732493592e-07,-0.17487704705609844,-0.173924515412986,-69.67939392669304
I2,5,N6,4.1514245928084186e-08,3.777127505712072e-08,-9.481520222141078e-09,-4.803301205315104e-09,4.6782190168259746e-09,67.16773668922032,3.1422538309667024e-07,-1.0713616070592136e-07,-0.19178549089518845,-0.20713054414651358,-57.421399417144904
I2,5,N7,3.882257572204491e-08,4.223225447719388e-08,-7.204626621216894e-09,-9.503403879161064e-09,-2.2987772579441704e-09,67.1646329466087,-1.5439653075583184e-07,-1.253102287528347e-07,-0.4124240362309628,-0.37156659678350645,-77.50732806886039
I2,5,N8,7.563610070316431,7.563609474332281,-9.515237370893484e-09,5.495049029370668e-07,5.590201403079603e-07,67.16810868916446,3.754832554363704e-05,4.0499224917463e-06,9.825828483287249e-09,9.8258284817931e-09,-55.86833606497712
I2,5,N9,6.7106295669607805,6.710629015070833,-9.515198077396833e-09,5.082327634117463e-07,5.177479614891432e-07,67.16438868911406,3.477422532845327e-05,3.7403817400076212e-06,9.603010344947638e-09,9.603010337840965e-09,-55.866604354289095
I2,6,N1,5.969006491813102e-08,5.926874214600787e-08,-9.40670256275001e-09,-7.846816373707757e-09,1.559886189042253e-09,67.13865466011217,1.0472866015518626e-07,-1.2940139202343322e-07,-0.17500216058081638,-0.17549502435932185,-65.66410415708062
I2,6,N2,4.341574386668576e-08,4.704625430951034e-08,-6.976097721724991e-09,-9.509889084096179e-09,-2.5337913623711877e-09,67.17310466102771,-1.702026323737678e-07,-1.2364490104365878e-07,-0.4276920573605242,-0.38112288060286986,-77.68810270681395
I2,6,N3,3.265341961925183,3.265340271061494,-9.515457689172295e-09,1.5743119588537362e-06,1.5838274165429084e-06,67.16155266088884,0.00010637230844190608,1.173597375873423e-05,9.516918531615585e-09,9.516918500040043e-09,-55.850128711059014
I2,6,N4,5.9373940432045335e-08,5.895126172572949e-08,-9.406957459409342e-09,-7.845770533247052e-09,1.56118692616229e-09,67.17310466065977,1.0486977278595323e-07,-1.2939545994492293e-07,-0.17594125884896225,-0.17644230866483715,-65.6893934649598
I2,6,N5,6.457540552264643e-08,6.527862818443794e-08,-9.272149998606867e-09,-8.781509936616339e-09,4.906400619905284e-10,67.21135466079322,3.297658321723898e-08,-1.3540244951417404e-07,-0.1748750856929385,-0.17392507834136525,-69.68325433928506
I2,6,N6,3.777127505712072e-08,3.3749687220490475e-08,-9.48370319134451e-09,-4.544428216038254e-09,4.939274975306256e-09,67.17677666067058,3.3180457188178756e-07,-1.0521098555537072e-07,-0.19176764505273536,-0.20826431331397086,-57.333297033347364
I2,6,N7,4.223225447719388e-08,4.578463721158307e-08,-7.057884915516759e-09,-9.508414982332858e-09,-2.4505300668160986e-09,67.17310466102771,-1.64609712653233e-07,-1.2424724923387214e-07,-0.41537468234957076,-0.3714776491616994,-77.65197360321628
I2,6,N8,7.563609474332281,7.56360843900378,-9.515417545535193e-09,9.60731057158747e-07,9.702464747042821e-07,67.17718466054079,6.517842659744828e-05,7.134117297099089e-06,9.825828483287249e-09,9.825828480764143e-09,-55.869092423942696
I2,6,N9,6.710629015070833,6.710628125472004,-9.515371949745253e-09,8.243281256772188e-07,8.33843497626964e-07,67.17310466048359,5.6011856536559754e-05,6.111095652956052e-06,9.603010344947641e-09,9.603010333821117e-09,-55.86727541493511
I2,7,N1,5.926874214600787e-08,5.883543337892822e-08,-9.40746190958103e-09,-7.836262743149753e-09,1.5711991664312772e-09,67.15434646866113,1.0551285319379756e-07,-1.2932793489548088e-07,-0.1749984358560768,-0.17550091048997302,-65.65841483154962
I2,7,N2,4.704625430951034e-08,5.090258332008321e-08,-6.7422505531850214e-09,-9.516382694539394e-09,-2.7741321413543724e-09,67.18748396942401,-1.863869587763108e-07,-1.2193974935793313e-07,-0.4329975697971578,-0.38100147634879045,-77.87199560638068
I2,7,N3,3.265340271061494,3.265301344929362,-9.51560042989531e-09,3.6426523095703594e-05,3.643603869613349e-05,67.16874231131311,0.0024473628940256233,0.00027312755621455273,9.516918531615588e-09,9.516918105417847e-09,-55.85045524028388
I2,7,N4,5.895126172572949e-08,5.8517174546860726e-08,-9.407677018957539e-09,-7.835722606179468e-09,1.5719544127780705e-09,67.18748396915329,1.0561566190876639e-07,-1.2932549718852754e-07,-0.17593767786931325,-0.17644798327916575,-65.68362509934656
I2,7,N5,6.527862818443794e-08,6.598084733394944e-08,-9.27247839279818e-09,-8.780858353959677e-09,4.916200388385038e-10,67.2324839693559,3.305283638022383e-08,-1.3540002560068392e-07,-0.17487081142260616,-0.17392657476377416,-69.68807299384574
I2,7,N6,3.3749687220490475e-08,2.930606645277813e-08,-9.486624961452416e-09,-4.151965143649857e-09,5.334659817802559e-09,67.19141021913572,3.5844331619751155e-07,-1.0228942578826705e-07,-0.19174360618950298,-0.21024238874437476,-57.21566424774443
I2,7,N7,4.578463721158307e-08,4.9556609133920716e-08,-6.83091603285292e-09,-9.515103932026352e-09,-2.6841878991734313e-09,67.18748396942401,-1.803438314466368e-07,-1.2259514973659455e-07,-0.42036684027628696,-0.37136129559617986,-77.8363720880837
I2,7,N8,7.56360843900378,2.6700140351358264,-9.51567265892181e-09,4.580404353683763,4.580404363199436,67.19046748540528,307.7595104355602,34.35303258126068,9.825828483287249e-09,9.81684666033234e-09,-55.86984878280473
I2,7,N9,6.710628125472004,6.570349468053586,-9.515655897227282e-09,0.13130081500701074,0.13130082452266664,67.1874533608772,8.821768023861386,0.9847560411851612,9.603010344947645e-09,9.60301005138231e-09,-55.86794647549216
I2,8,N1,5.883543337892822e-08,5.839454794953197e-08,-9.407916820029104e-09,-7.829569532445329e-09,1.578347287583775e-09,67.15866639894867,1.0599969894852424e-07,-1.2928114764355822e-07,-0.17499617159675257,-0.17550453705454552,-65.65157225529721
I2,8,N2,5.090258332008321e-08,5.5151451745693565e-08,-6.333190333040771e-09,-9.525423564386988e-09,-3.1922332313462174e-09,67.19049139976634,-2.1448771947681633e-07,-1.1893960423070817e-07,-0.4436714384871075,-0.3808384084900857,-78.10212944615688
I2,8,N3,3.265301344929362,5.1500724896068335e-06,-9.515615216973184e-09,3.05631723004944,3.0563172395650553,67.16994433046132,205.29265883781397,22.922379154003682,9.51691853161559e-09,9.468189898620526e-09,-55.850781765616084
I2,8,N4,5.8517174546860726e-08,5.807608822532319e-08,-9.40809310525566e-09,-7.829535940182921e-09,1.5785571650727386e-09,67.1904913993989,1.0606403162327934e-07,-1.2928221784078936e-07,-0.17593556550524606,-0.17645137674753264,-65.6766883868063
I2,8,N5,6.598084733394944e-08,6.668499673099275e-08,-9.27207509515219e-09,-8.78231173819499e-09,4.897633569572007e-10,67.24111639971632,3.2932234893474945e-08,-1.3540790125010384e-07,-0.17487048184626686,-0.1739263532385589,-69.69384207910494
I2,8,N6,2.930606645277813e-08,2.427800148941402e-08,-9.490000230729006e-09,-3.607882436431952e-09,5.882117794297054e-09,67.1933826493507,3.952393917407567e-07,-9.823412000370719e-08,-0.19171315681605647,-0.2133423743393576,-57.05859732399923
I2,8,N7,4.9556609133920716e-08,5.37094272452551e-08,-6.434642394985146e-09,-9.524402215885892e-09,-3.089759820900746e-09,67.19049139976633,-2.076024806735751e-07,-1.196928345815328e-07,-0.430397452243087,-0.3712052172442439,-78.06631134176516
I2,8,N8,2.6700140351358264,1.4261545464045015e-06,-9.515667725019891e-09,2.4991317936698394,2.499131803185507,67.19054460869269,167.91802690493842,18.743488381156286,9.825828483287249e-09,9.820106330661526e-09,-55.87011577911728
I2,8,N9,6.570349468053586,2.7078087624694684e-06,-9.515671815715299e-09,6.149844559252513,6.149844568768184,67.189294009133,413.20371484143527,46.123834123026306,9.603010344947646e-09,9.529065882672745e-09,-55.86860350818346
I2,9,N1,5.839454794953197e-08,5.7952746453890593e-08,-9.407926435169764e-09,-7.82872051822616e-09,1.5792059169436053e-09,67.14650032916231,1.0603815062186885e-07,-1.2927485215046944e-07,-0.17499625943969038,-0.17550450343669532,-65.643567128084
I2,9,N2,5.5151451745693565e-08,6.020495895101402e-08,-5.488242009234893e-09,-9.538309615502602e-09,-4.0500676062677095e-09,67.17715662255067,-2.720720259181648e-07,-1.126991371855312e-07,-0.47276978008106113,-0.38061220121651357,-78.38030932703148
I2,9,N3,5.1500724896068335e-06,1.7617793309080028e-06,-9.515527926148098e-09,3.1631058805881187e-06,3.172621408514267e-06,67.1635067451556,0.000213084379370573,2.3651927644964778e-05,9.516918531615431e-09,9.516918469134544e-09,-55.84853763440078
I2,9,N4,5.807608822532319e-08,5.7634657664982055e-08,-9.408064738979379e-09,-7.829188881081576e-09,1.5788758578978028e-09,67.17701282957846,1.0606416376231239e-07,-1.2927940215045717e-07,-0.1759358217407324,-0.17645107541456334,-65.66857458138733
I2,9,N5,6.668499673099275e-08,6.739538384095439e-08,-9.270581499864284e-09,-8.786841704629201e-09,4.837397952350833e-10,67.22932532989785,3.252150006887759e-08,-1.3543067403370116e-07,-0.1748765435998538,-0.17392334579468646,-69.70056184538285
I2,9,N6,2.427800148941402e-08,1.8386957520993664e-08,-9.493955272112467e-09,-2.8035990836351947e-09,6.690356188477272e-09,67.176522329485,4.4943486188745164e-07,-9.223165766810747e-08,-0.1916733409534952,-0.2186948623718913,-56.84089398459313
I2,9,N7,5.37094272452551e-08,5.864038906943695e-08,-5.618395243720705e-09,-9.537633866876945e-09,-3.91923862315624e-09,67.17715662254979,-2.632833068289131e-07,-1.1367021832948238e-07,-0.4578095216400397,-0.37098915505653535,-78.33990288075941
I2,9,N8,1.4261545464045015e-06,5.017394060528097e-07,-9.515369998747657e-09,8.569161937747608e-07,8.664315637735085e-07,67.16892182925304,5.819727397750026e-05,6.3555061783200986e-06,9.825828483287249e-09,9.82582848096514e-09,-55.86233141634913
I2,9,N9,2.7078087624694684e-06,8.915076750922099e-07,-9.515508103321844e-09,1.6917213191978262e-06,1.7012368273011481e-06,67.17701282914854,0.00011428400817302918,1.2616543583208782e-05,9.603010344947441e-09,9.603010322646832e-09,-55.86429654338132
I2,10,N1,5.7952746453890593e-08,5.750804927215662e-08,-9.408057692066166e-09,-7.826125149685401e-09,1.5819325423807646e-09,67.13707323406318,1.0620632094916515e-07,-1.2925637131313675e-07,-0.17499551907747127,-0.17550574028447813,-65.63439890833521
I2,10,N2,6.020495895101402e-08,6.786064317536982e-08,-2.7311305756590425e-09,-9.558453006809618e-09,-6.827322431150575e-09,67.17781076538486,-4.586445743141007e-07,-9.217187686851496e-08,-0.5843826657253848,-0.3802091590354116,-79.09297641258534
I2,10,N3,1.7617793309080028e-06,-9.599453043777251e-09,-9.515442923249208e-09,1.6496741002955793e-06,1.6591895432188284e-06,67.15384874238198,0.00011142096362025905,1.2301189930292476e-05,9.516918531614028e-09,9.51691849677772e-09,-55.842270130993235
I2,10,N4,5.7634657664982055e-08,5.719070291970635e-08,-9.408171134942853e-09,-7.826919457060835e-09,1.5812516778820178e-09,67.16666698445857,1.0620740486691784e-07,-1.2926317944002763e-07,-0.1759351802253683,-0.1764521568568675,-65.65928376752152
I2,10,N5,6.739538384095439e-08,6.811220665782526e-08,-9.269037552659926e-09,-8.791512880326279e-09,4.775246723336475e-10,67.2202021513325,3.20993050065166e-08,-1.3545412824739652e-07,-0.1748820445026842,-0.17392056091436273,-69.70824560462712
I2,10,N6,1.8386957520993664e-08,1.0868120480532735e-08,-9.499386899358527e-09,-1.2847433951089781e-09,8.21464350424955e-09,67.1589271569612,5.516866447222999e-07,-8.088097720850628e-08,-0.1916141736812642,-0.23261466136726147,-56.50915828671994
I2,10,N7,5.864038906943695e-08,6.606841327106356e-08,-2.9741634883636937e-09,-9.558283388223992e-09,-6.584119899860298e-09,67.17781076538158,-4.423067606893982e-07,-9.399335157440765e-08,-0.5627128518809497,-0.3706029897000716,-79.05207025091188
I2,10,N8,5.017394060528097e-07,-9.749264558536899e-09,-9.515091125301492e-09,4.7041726241770834e-07,4.799323535430098e-07,67.13620970837177,3.222083913329593e-05,3.4567662846930514e-06,9.825828483287249e-09,9.825828481962686e-09,-55.84090702477412
I2,10,N9,8.915076750922099e-07,-9.59959154801864e-09,-9.51533375412187e-09,8.351000557346027e-07,8.446153894887246e-07,67.15769682370734,5.672242425992126e-05,6.191885414853606e-06,9.603010344946255e-09,9.603010333007825e-09,-55.851950073185975
I2,11,N1,5.750804927215662e-08,5.877820047372632e-08,-9.033209258086778e-09,-9.102820022842033e-09,-6.961076475525517e-11,60.01318438657692,-4.177563660547758e-09,-1.3602021960696607e-07,-0.17726272792345016,-0.17451580785674353,-65.62406381201107
I2,11,N2,6.786064317536982e-08,5.50456998293167e-08,-9.585520789566354e-09,3.596950550249803e-09,1.3182471339816157e-08,100.63079437098092,1.3265625626983891e-06,-4.491427679487414e-08,-0.379812577791024,-0.7575308827333452,-87.08409658719096
I2,11,N3,-9.599453043777251e-09,1.9329188057871836e-08,2.016354434776289e-08,-9.412007522245865e-09,-2.9575551870008754e-08,16.789134804309718,-4.965479272574313e-07,8.06365261913777e-08,9.516918510515809e-09,9.516918531625888e-09,-25.93811364365845
I2,11,N4,5.719070291970635e-08,5.846222729214191e-08,-9.032694939521116e-09,-9.103654718334373e-09,-7.09597788132574e-11,60.0303056832578,-4.259737213376202e-09,-1.360226224339162e-07,-0.17823003269398097,-0.17545087302628565,-65.64881251737539
I2,11,N5,6.811220665782526e-08,6.616902524598463e-08,-9.476973882854577e-09,-6.483921109390547e-09,2.9930527734640296e-09,74.10842982339518,2.2181044141997737e-07,-1.1970671244183845e-07,-0.17375146358942847,-0.17542562790156555,-69.71690567811055
I2,11,N6,1.0868120480532735e-08,2.3841277536224e-08,3.0076253217219267e-09,-9.507906490267734e-09,-1.251553181198966e-08,44.83774758432066,-5.611682562695278e-07,-4.875210876409355e-08,-0.3195465009721186,-0.19155908307491845,-55.78733232799409
I2,11,N7,6.606841327106356e-08,5.347495547609368e-08,-9.58637978108031e-09,3.3888875154064766e-09,1.2975267296486788e-08,100.63079437098239,1.3057114552212946e-06,-4.648119199255375e-08,-0.37021967207754564,-0.7235766231465386,-87.11720727679075
I2,11,N8,-9.749264558536899e-09,39.10418089555863,41.777971042007835,-9.34928825208623e-09,-41.77797105135712,0.12909379730681073,-5.393276926793702,313.3347827449391,9.659962500761375e-09,9.825828483286716e-09,-8.155204764309811
I2,11,N9,-9.59959154801864e-09,1.933867012609492e-08,2.0173817652815923e-08,-9.412011976608873e-09,-2.9585829629424796e-08,16.78913480430875,-4.967204819457248e-07,8.071354257155287e-08,9.603010330655045e-09,9.60301034495465e-09,-25.93814935306259
I2,12,N1,5.877820047372632e-08,6.004775044878208e-08,-9.033471416103223e-09,-9.102486950414565e-09,-6.901553431134143e-11,60.00566335889443,-4.141322918420582e-09,-1.360196877488834e-07,-0.1772625208885028,-0.17451639574459338,-65.61715932164226
I2,12,N2,5.50456998293167e-08,4.119032359793927e-08,-9.587944630860167e-09,4.568672213251202e-09,1.4156616844111367e-08,100.63880489119853,1.4247050004939786e-06,-3.7644543132067234e-08,-0.3800221622247816,-0.578664248286169,-87.49594095792698
I2,12,N3,1.9329188057871836e-08,23.6227605052787,25.237991961411677,-9.423812613709167e-09,-25.237991970835488,16.74981820430762,-422.73177735326976,189.284939639909,-0.014673022210995753,9.516918531666005e-09,-25.9262981840082
I2,12,N4,5.846222729214191e-08,5.973431749265962e-08,-9.032327233758494e-09,-9.103862187871463e-09,-7.153495411296905e-11,60.01500112836684,-4.293170351807508e-09,-1.360214206622247e-07,-0.1782352036165638,-0.1754508282832162,-65.6418109424231
I2,12,N5,6.616902524598463e-08,6.394535556846113e-08,-9.482312451631435e-09,-6.2260611914625004e-09,3.2562512601689343e-09,74.10060922552606,2.4129020216990497e-07,-1.1781280232320453e-07,-0.1737532384434972,-0.17541896021693812,-69.72267321429675
I2,12,N6,2.3841277536224e-08,3.827345542302952e-08,4.564576771467383e-09,-9.509511050874475e-09,-1.4074087822341858e-08,44.80967022413687,-6.306552340246793e-07,-3.708700709555319e-08,-0.2779149171361385,-0.19160338101122198,-55.593791111221705
I2,12,N7,5.347495547609368e-08,4.0026545605900953e-08,-9.588688963294445e-09,4.187099592513987e-09,1.3775788555808432e-08,100.63880489120127,1.3863788966904482e-06,-4.0511920280853434e-08,-0.37042180322537804,-0.5558243745937579,-87.52843989667113
I2,12,N8,39.10418089555863,104.6241815581265,70.00000069715496,-9.388852720875734e-09,-70.00000070654382,0.07144614068448099,-5.001229898393499,525.0000051582458,-0.05848559482363487,9.825828483286724e-09,-8.15911518205519
I2,12,N9,1.933867012609492e-08,28.745630260580832,30.71114340937393,-9.423802200163663e-09,-30.711143418797732,16.750365519448064,-514.4228777850539,230.33357549962594,-0.013645209391324279,9.603010344981587e-09,-25.926369570281338
I2,13,N1,6.004775044878208e-08,6.131760180947006e-08,-9.033277939886672e-09,-9.102599543626899e-09,-6.932160374022661e-11,60.00296370252085,-4.159501673025351e-09,-1.360190811263518e-07,-0.1772618823330928,-0.17451670453928791,-65.61367912875875
I2,13,N2,4.119032359793927e-08,2.9683311845287154e-08,-9.585560333675477e-09,2.37269193439063e-09,1.1958252268066106e-08,100.64353899759071,1.2035208284841388e-06,-5.4096512994636354e-08,-0.38009930036141204,-0.544124739931577,-87.64075781120727
I2,13,N3,23.6227605052787,47.245521051708856,25.237992026026312,-9.425078622691249e-09,-25.23799203545139,16.735819382475412,-422.3784762816675,189.28494012450923,-0.030882934097982016,9.516918531666043e-09,-25.92866045971465
I2,13,N4,5.973431749265962e-08,6.100784072703988e-08,-9.03152146016549e-09,-9.104497572545063e-09,-7.297611237957252e-11,60.00986431529592,-4.379286602155934e-09,-1.3602014274532915e-07,-0.17823644256495474,-0.17545087062265277,-65.63828072828352
I2,13,N5,6.394535556846113e-08,6.174608165522917e-08,-9.481915277663749e-09,-6.248547664314983e-09,3.2333676133487657e-09,74.09781007484987,2.395854593160875e-07,-1.1797847206484051e-07,-0.17375408696011185,-0.17541594481522768,-69.72556396194713
I2,13,N6,3.827345542302952e-08,5.189697493246347e-08,3.7021902888026303e-09,-9.508140157571345e-09,-1.3210330446373975e-08,44.79870883840091,-5.918057473261705e-07,-4.3544624015765364e-08,-0.26797530204024356,-0.19162098774164274,-55.51792868554667
I2,13,N7,4.0026545605900953e-08,2.879259677261963e-08,-9.586259449333962e-09,2.1164925494276266e-09,1.170275199876159e-08,100.64353899759178,1.1778063771665071e-06,-5.6023251749297517e-08,-0.37050355607772195,-0.523716080854608,-87.67343674157289
I2,13,N8,104.6241815581265,170.144182221208,70.00000069770125,-9.391016351178443e-09,-70.00000070709227,0.04897305195157777,-3.4281136712389104,525.0000051623268,-0.09075150687692364,9.825828483286731e-09,-8.169577600132586
I2,13,N9,28.745630260580832,57.49126056400288,30.71114347580396,-9.425083093089755e-09,-30.711143485229044,16.736366697426547,-513.9929590660756,230.3335759978416,-0.03033462213392875,9.603010344981614e-09,-25.929244133024643
I2,14,N1,6.131760180947006e-08,6.25875692953181e-08,-9.033214653492393e-09,-9.102652791819848e-09,-6.943813832745456e-11,60.003201728367536,-4.166510621704546e-09,-1.360190058398418e-07,-0.1772612200463037,-0.17451689022569247,-65.61361934962981
I2,14,N2,2.9683311845287154e-08,1.8103939595607534e-08,-9.58565128040032e-09,2.440341681546526e-09,1.2025992961946845e-08,100.64572378348227,1.210364765870204e-06,-5.358982199140346e-08,-0.3800960251892006,-0.5455933945286568,-87.63902442819874
I2,14,N3,47.245521051708856,70.86828160445685,25.23799203277587,-9.425324641491586e-09,-25.237992042201196,16.737056046470723,-422.40968731070353,189.2849401751291,-0.03406845087243704,9.516918531665982e-09,-25.933385011819823
I2,14,N4,6.100784072703988e-08,6.228153293189505e-08,-9.031429346798828e-09,-9.104575028757494e-09,-7.314568195866659e-11,60.010865366931036,-4.389535672193897e-09,-1.360200328166724e-07,-0.17823477182925188,-0.17545128131434787,-65.63822082578913
I2,14,N5,6.174608165522917e-08,5.954623058876881e-08,-9.481925498916535e-09,-6.2480164036918884e-09,3.233909095224647e-09,74.09851927017445,2.396278754104959e-07,-1.1797456426956318e-07,-0.1737537919298861,-0.1754167077427396,-69.72558521995832
I2,14,N6,5.189697493246347e-08,6.556474655708817e-08,3.749396683271088e-09,-9.508202804021643e-09,-1.325759948729273e-08,44.798772333037064,-5.939241811138159e-07,-4.319104590562916e-08,-0.2678491137730897,-0.1916214832167966,-55.51754223924847
I2,14,N7,2.879259677261963e-08,1.749175723731491e-08,-9.586350161751658e-09,2.1790227737352403e-09,1.1765372935486898e-08,100.64572378348585,1.1841344746747144e-06,-5.5554955410123135e-08,-0.37054627654460515,-0.5250313912376331,-87.67172895509
I2,14,N8,170.144182221208,235.66418288453536,70.00000069796258,-9.392183290880456e-09,-70.00000070735476,0.04784850062890429,-3.349395077869165,525.0000051642779,-0.10780155364374594,9.825828483286724e-09,-8.186592018342173
I2,14,N9,57.49126056400288,86.23689087446242,30.711143483322342,-9.425358757025026e-09,-30.711143492747702,16.737603361750978,-514.0309385674306,230.33357605422736,-0.034479139797537,9.603010344981572e-09,-25.93499325908104
I2,15,N1,6.25875692953181e-08,6.385795750656221e-08,-9.03301767596399e-09,-9.102874019565837e-09,-6.985634360184697e-11,60.004404990350416,-4.191688332630299e-09,-1.360191877164737e-07,-0.17726327154118182,-0.17451631448204594,-65.61697876461285
I2,15,N2,1.8103939595607534e-08,3.980688700963597e-09,-9.588219842621116e-09,4.819161786145734e-09,1.440738162876685e-08,100.64633270106407,1.4500501247600668e-06,-3.5767935423565365e-08,-0.3800112034035332,-0.585145911025377,-87.48930299378118
I2,15,N3,70.86828160445685,94.49104215419878,25.23799202956434,-9.425237180630134e-09,-25.237992038989574,16.74230422758297,-422.54214081008047,189.28494015104326,-0.035453541240741036,9.51691853166603e-09,-25.940471840324342
I2,15,N4,6.228153293189505e-08,6.355510944766806e-08,-9.031521948535816e-09,-9.104547871787979e-09,-7.302592325216287e-11,60.01405939092049,-4.3825820951321035e-09,-1.3602052365242847e-07,-0.17823574927066071,-0.17545077034080225,-65.64162831514393
I2,15,N5,5.954623058876881e-08,5.732770743560812e-08,-9.482223047515913e-09,-6.230800011678092e-09,3.2514230358378214e-09,74.1006696174153,2.4093262416507186e-07,-1.1784767294395504e-07,-0.17375324727350178,-0.17541893883027437,-69.72273541284143
I2,15,N6,6.556474655708817e-08,8.025777664764375e-08,4.842885248369616e-09,-9.509843770204395e-09,-1.4352729018574012e-08,44.80467098372714,-6.430693013958016e-07,-3.5002188913760845e-08,-0.27874651745395645,-0.19160333060198012,-55.59226099950535
I2,15,N7,1.749175723731491e-08,3.796292139851377e-09,-9.5889627848103e-09,4.4181033913047e-09,1.4007066176115e-08,100.64633270106395,1.40975984252709e-06,-3.8781445451291995e-08,-0.37073295266398015,-0.5614982024837505,-87.52213779381954
I2,15,N8,235.66418288453536,301.18418354782534,70.00000069792274,-9.392109996729597e-09,-70.00000070731485,0.05736775697544019,-4.01574302885788,525.0000051639797,-0.12034046485285925,9.825828483286734e-09,-8.210158436670854
I2,15,N9,86.23689087446242,114.98252118299081,30.7111434812592,-9.42531578766151e-09,-30.711143490684517,16.742851542763695,-514.1921161730445,230.3335760387541,-0.03730273203553521,9.603010344981605e-09,-25.943616948451243
I2,16,N1,6.385795750656221e-08,6.512923817145293e-08,-9.032596704783535e-09,-9.10334054501175e-09,-7.074384022821401e-11,60.00829280134663,-4.245217078306351e-09,-1.3601952937346464e-07,-0.17726589622700634,-0.1745154458405253,-65.62376347045144
I2,16,N2,3.980688700963597e-09,-8.318913709546743e-09,-9.58486026724571e-09,3.1151701155447806e-09,1.2700030382790492e-08,100.56514605869182,1.2771804103951497e-06,-4.852267613775697e-08,-0.3798225612251764,-0.7426193520591777,-87.05508190964684
I2,16,N3,94.49104215419878,94.4910421819323,1.88871175120251e-08,-9.411655735339298e-09,-2.8298773247364396e-08,16.84318686634199,-4.766415258935981e-07,7.106596332514352e-08,9.516918522980322e-09,9.516918531624548e-09,-25.978807515573532
I2,16,N4,6.355510944766806e-08,6.482865980812336e-08,-9.031596965035676e-09,-9.104589112066065e-09,-7.299214703038855e-11,60.02262251285272,-4.381180087607656e-09,-1.3602139557826304e-07,-0.17823519345210287,-0.17545027338746022,-65.64850784628248
I2,16,N5,5.732770743560812e-08,5.5428291933372506e-08,-9.47607099166726e-09,-6.524094981423183e-09,2.951976010244077e-09,74.07903054705268,2.1867952103703769e-07,-1.200012447981783e-07,-0.17375429699109068,-0.1754135410099676,-69.7170088934651
I2,16,N6,8.025777664764375e-08,9.305201118855911e-08,2.8168281317540797e-09,-9.507591671379548e-09,-1.2324419803133628e-08,44.850792934459,-5.527600006276923e-07,-5.018072654719101e-08,-0.31418396875176746,-0.19155998481157027,-55.7840650706199
I2,16,N7,3.796292139851377e-09,-8.31452177230005e-09,-9.585706766407396e-09,2.937722466551281e-09,1.2523429232958678e-08,100.56514605869185,1.2594204899681807e-06,-4.985988224892086e-08,-0.372118300617471,-0.7079079345498719,-87.09053854456006
I2,16,N8,301.18418354782534,358.8063274653672,61.562119559351316,-9.349711201962463e-09,-61.56211956870103,0.20674284451672256,-12.72752771411184,461.715896625012,-5.144923192329564e-09,9.825828483286718e-09,-8.240276855172418
I2,16,N9,114.98252118299081,114.98252121089386,1.906814454568389e-08,-9.411740902146814e-09,-2.84798854478307e-08,16.843186866341032,-4.796920325297991e-07,7.242302732652807e-08,9.603010338539915e-09,9.603010344953738e-09,-25.981402690291787
I2,17,N1,6.512923817145293e-08,6.471801488321174e-08,-9.405834714754515e-09,-7.855509172463818e-09,1.5503255422906976e-09,67.05686827119997,1.0395997566686397e-07,-1.294600791541375e-07,-0.1750069757152134,-0.1754876974994485,-65.63398334895138
I2,17,N2,-8.318913709546743e-09,-4.610449689612822e-10,-2.515970706370915e-09,-9.559197013156726e-09,-7.043226306785811e-09,67.09169327248486,-4.7254197902356996e-07,-9.05637578964573e-08,-0.6152972115393576,-0.3803482649857298,-78.41143080802834
I2,17,N3,94.4910421819323,94.4910416240428,-9.515028040376777e-09,5.138485143406743e-07,5.23363542381051e-07,67.08869327093943,3.5111776163994644e-05,3.7825011472522314e-06,9.516918531613679e-09,9.516918522512813e-09,-55.7989799311803
I2,17,N4,6.482865980812336e-08,6.441707948392102e-08,-9.406021492214685e-09,-7.855338621789926e-09,1.5506828704247593e-09,67.0886932716502,1.0403328745552877e-07,-1.294602008550346e-07,-0.17594640248797858,-0.17643444509881437,-65.6588646342347
I2,17,N5,5.5428291933372506e-08,5.615853640459401e-08,-9.265524728632522e-09,-8.80099797771936e-09,4.645267509131611e-10,67.13875577218566,3.118774807920565e-08,-1.3549892029763913e-07,-0.17490495281196697,-0.17391134222760568,-69.70841233631137
I2,17,N6,9.305201118855911e-08,8.588054501150225e-08,-9.498198596416553e-09,-1.6088414558009397e-09,7.889357140615614e-09,67.08365552132531,5.292469167057658e-07,-8.330280039163119e-08,-0.1916119111979372,-0.22949819037946884,-56.49557176405816
I2,17,N7,-8.31452177230005e-09,-6.952347412975496e-10,-2.77069377556469e-09,-9.559046395015462e-09,-6.7883526194507725e-09,67.09169327248024,-4.55442071769629e-07,-9.247305127935115e-08,-0.6058554724024727,-0.3581778396664902,-78.32105950278883
I2,17,N8,358.8063274653672,357.4468291663832,-9.515371448689403e-09,1.2724903995125956,1.272490409027967,67.06949352153752,85.34528724451987,9.543677924979182,9.825828483287249e-09,9.82219550953453e-09,-55.75692677803002
I2,17,N9,114.98252121089386,114.9825206850732,-9.515004130329015e-09,4.838320842514445e-07,4.933470883817736e-07,67.08869327097437,3.3098011488573094e-05,3.5573781009083664e-06,9.60301034494634e-09,9.603010339098996e-09,-55.80020212446884
I2,18,N1,6.471801488321174e-08,6.428748741469729e-08,-9.40718095378926e-09,-7.838619894361427e-09,1.568561059427833e-09,67.12355252217644,1.0528739065674486e-07,-1.2934350636113015e-07,-0.1749980636422451,-0.17550118356846833,-65.6430800321013
I2,18,N2,-4.610449689612822e-10,4.621379654379282e-09,-5.457692081375582e-09,-9.53861164917159e-09,-4.080919567796008e-09,67.15616502299734,-2.740589079404877e-07,-1.1247227797910378e-07,-0.46961432352269766,-0.38063191014191217,-77.87909682897795
I2,18,N3,94.4910416240428,72.50451909698367,-9.515590959110579e-09,20.57938507699076,20.579385086506353,67.15205386903071,1381.9479759206017,154.34538800606376,9.516918531615588e-09,4.092950389832175e-09,-55.83239612509297
I2,18,N4,6.441707948392102e-08,6.398589154214262e-08,-9.407387459404072e-09,-7.838182610129487e-09,1.5692048492745847e-09,67.15616502265061,1.053817798122276e-07,-1.293417755215017e-07,-0.17593732557041677,-0.1764482172854879,-65.6680838178774
I2,18,N5,5.615853640459401e-08,5.687311611777483e-08,-9.26950391108944e-09,-8.78982191002707e-09,4.796820010623708e-10,67.20904002297831,3.22389668077032e-08,-1.354449436583738e-07,-0.17488036629735762,-0.17392220566949196,-69.7008374591109
I2,18,N6,8.588054501150225e-08,8.002442247635003e-08,-9.493745873461175e-09,-2.836102091853357e-09,6.6576437816078175e-09,67.15572852257317,4.47098918397652e-07,-9.247385973985898e-08,-0.19166840107582145,-0.2187418311554292,-56.82505000293232
I2,18,N7,-6.952347412975496e-10,4.264318153946344e-09,-5.588214973923208e-09,-9.53795429574251e-09,-3.949739321819303e-09,67.15616502299734,-2.652493456939187e-07,-1.134462695224929e-07,-0.5235149736084639,-0.2984133329362639,-77.90379397498782
I2,18,N8,357.4468291663832,282.6605042283958,-9.516003967114012e-09,70.0000001336193,70.0000001431353,67.14113402239586,4699.879391177977,525.0000009307747,9.82582848328725e-09,-0.02657895942498126,-55.792671468891264
I2,18,N9,114.9825206850732,107.6764772520472,-9.515574457202789e-09,6.838456644975764,6.838456654491338,67.15548117669574,459.23984713834284,51.288424765951426,9.603010344947645e-09,9.396977813068459e-09,-55.83689024152838
I2,19,N1,6.428748741469729e-08,6.385324064042825e-08,-9.407476568461025e-09,-7.835397611006612e-09,1.572078957454413e-09,67.14543825352555,1.0555793056742211e-07,-1.2932155634600727e-07,-0.17499724930457355,-0.1755025920120807,-65.65102130184778
I2,19,N2,4.621379654379282e-09,8.893261673028121e-09,-6.309080885479775e-09,-9.525842096900604e-09,-3.216761211420829e-09,67.17857575477615,-2.1609743672645963e-07,-1.1876192236785284e-07,-0.4416521578653301,-0.3809753605265409,-78.00795089373531
I2,19,N3,72.50451909698367,45.54086096997918,-9.515652953622338e-09,25.237983998539587,25.23798400805524,67.16185452261004,1695.0298103929647,189.28487991767952,9.51691853161559e-09,-0.0015885799066751426,-55.839646577320266
I2,19,N4,6.398589154214262e-08,6.355079986943043e-08,-9.407695503756104e-09,-7.834798594400102e-09,1.5728969093560022e-09,67.17857575401771,1.0566497417843253e-07,-1.2931870573617154e-07,-0.17593645504118452,-0.17644972225677463,-65.67613254425454
I2,19,N5,5.687311611777483e-08,5.7578930605215e-08,-9.271655159916994e-09,-8.783502359226638e-09,4.881528006903565e-10,67.23482575486499,3.282086849616546e-08,-1.3541368139357725e-07,-0.1748713738865575,-0.17392618658150397,-69.6942335085404
I2,19,N6,8.002442247635003e-08,7.498866376100326e-08,-9.490002773770472e-09,-3.6006833125246393e-09,5.889319461245832e-09,67.18240075401299,3.956586202138254e-07,-9.818014564721334e-08,-0.19170907795210848,-0.2135012285963499,-57.04341067430117
I2,19,N7,4.264318153946344e-09,8.439819711203291e-09,-6.410908839684736e-09,-9.524841048404943e-09,-3.113932208720207e-09,67.17857575477613,-2.091895307787478e-07,-1.195181241606726e-07,-0.36231526164371003,-0.4459447688662457,-77.86036104973317
I2,19,N8,282.6605042283958,207.87417918442395,-9.516161246322807e-09,70.00000023282058,70.00000024233674,67.17295846379164,4702.10710874389,525.0000016747832,9.82582848328725e-09,-0.028204628867003666,-55.8209375194307
I2,19,N9,107.6764772520472,74.8654294363293,-9.515738703163602e-09,30.711140747175286,30.711140756691023,67.17397677617544,2062.989455959818,230.3335555324466,9.603010344947648e-09,-0.004604422728848802,-55.84765789022365
I2,20,N1,6.385324064042825e-08,6.342227578614351e-08,-9.407302734883968e-09,-7.838317193210395e-09,1.5689855416735737e-09,67.14994232361583,1.0535728862996762e-07,-1.293421494607077e-07,-0.17499814061315083,-0.17550112580183086,-65.65780455281593
I2,20,N2,8.893261673028121e-09,1.2768150478777754e-08,-6.722951585820912e-09,-9.516846914713015e-09,-2.7938953288921025e-09,67.18360482482488,-1.8770395969821117e-07,-1.2179848875400444e-07,-0.4318754697025311,-0.3810343301025089,-77.84661358633552
I2,20,N3,45.54086096997918,21.425418728112692,-9.515631852655412e-09,22.57205393005042,22.57205393956605,67.16486482028729,1516.048951567187,169.2904044040109,9.51691853161559e-09,5.891498796656548e-09,-55.844200663367914
I2,20,N4,6.355079986943043e-08,6.311879857582247e-08,-9.407535040137546e-09,-7.837550607707296e-09,1.5699844324302497e-09,67.1836048241281,1.0547721368842693e-07,-1.2933814235883633e-07,-0.17593729943515493,-0.17644832721506173,-65.6830080037734
I2,20,N5,5.7578930605215e-08,5.828039805827993e-08,-9.27267567657207e-09,-8.780327605610859e-09,4.923480709612113e-10,67.23929232490636,3.3105135868964626e-08,-1.3539752461637198e-07,-0.17486797560902412,-0.17392797611718266,-69.68858168369954
I2,20,N6,7.498866376100326e-08,7.051237978523755e-08,-9.48681772027436e-09,-4.121561256144789e-09,5.36525646412957e-09,67.18875394913748,3.6048489644242107e-07,-1.0206284232314361e-07,-0.19173951514313853,-0.21047374789169448,-57.20143163202396
I2,20,N7,8.439819711203291e-09,1.2230136317502577e-08,-6.8118721099009746e-09,-9.515590251491936e-09,-2.7037181415909614e-09,67.18360482482488,-1.816455311823571e-07,-1.2245596771044683e-07,-0.4078041901226682,-0.3840310394076569,-77.78811442763013
I2,20,N8,207.87417918442395,133.08785477280716,-9.515940113725212e-09,69.99999964093645,69.9999996504524,67.17995106050758,4702.596550752939,524.9999972356538,9.82582848328725e-09,-0.012988445791229236,-55.84172493737113
I2,20,N9,74.8654294363293,42.05438777200431,-9.515703229045294e-09,30.71113498947151,30.711134998987212,67.17882446709167,2063.1379472821177,230.33351234966855,9.603010344947646e-09,-0.0014536707926656692,-55.85514443327243
I2,21,N1,6.342227578614351e-08,6.299551062158209e-08,-9.40706001961431e-09,-7.84203546091453e-09,1.565024558699781e-09,67.15048193993523,1.0509215336452474e-07,-1.293682161039663e-07,-0.17499976198484635,-0.17549864624268932,-65.66343386151772
I2,21,N2,1.2768150478777754e-08,1.6407892894006763e-08,-6.966585470418347e-09,-9.510196564945982e-09,-2.543611094527635e-09,67.18440694087747,-1.7089100287407537e-07,-1.2357586526523247e-07,-0.4266584306972351,-0.3811332629812434,-77.68703916124963
I2,21,N3,21.425418728112692,8.467354396425833,-9.51561846480264e-09,12.128748206122308,12.128748215637927,67.16610952592981,814.6408310639628,90.96561147455017,9.51691853161559e-09,9.112445579163506e-09,-55.84634320475966
I2,21,N4,6.311879857582247e-08,6.269092478318934e-08,-9.407297884845717e-09,-7.841206177817185e-09,1.5660917070285322e-09,67.18440694045849,1.052169425510822e-07,-1.2936378046997175e-07,-0.17593891519018648,-0.1764458519699739,-65.6887141140834
I2,21,N5,5.828039805827993e-08,5.897931799496069e-08,-9.273249560393957e-09,-8.778445907596096e-09,4.948036527978606e-10,67.23728194090714,3.326925270856048e-08,-1.353877160099254e-07,-0.17486732660039472,-0.17392842728905714,-69.68387425685596
I2,21,N6,7.051237978523755e-08,6.641787048747086e-08,-9.484265737939422e-09,-4.476666573236143e-09,5.007599164703279e-09,67.18948294045175,3.364579986494514e-07,-1.0470699233381674e-07,-0.19176294619414885,-0.20863694384489742,-57.31941776580206
I2,21,N7,1.2230136317502577e-08,1.5791986913209665e-08,-7.048146468628372e-09,-9.508745086161276e-09,-2.4605986175329036e-09,67.18440694087747,-1.653138588384911e-07,-1.2417668666092238e-07,-0.4123252915286439,-0.37364741445001715,-77.64429203789834
I2,21,N8,133.08785477280716,58.97375627488316,-9.515751777495934e-09,69.37079618572015,69.37079619523591,67.18207524238476,4660.474049612477,520.280971321533,9.82582848328725e-09,-0.0009567601511821741,-55.85503372281067
I2,21,N9,42.05438777200431,18.36432998281352,-9.515672103512125e-09,22.173894082345942,22.173894091861616,67.18101005337179,1489.6646019077566,166.30420554622702,9.603010344947646e-09,8.646414252128907e-09,-55.859349871888725
I2,22,N1,6.299551062158209e-08,6.257277290864243e-08,-9.406820390121032e-09,-7.845595217191956e-09,1.5612251729290757e-09,67.14925543556116,1.0483510792944265e-07,-1.293931170548474e-07,-0.1750010872242855,-0.17549655541489315,-65.66791575056178
I2,22,N2,1.6407892894006763e-08,1.9898150049784536e-08,-7.120697747116948e-09,-9.505295511266168e-09,-2.38459776414922e-09,67.18344293635855,-1.602054878138873e-07,-1.2469494943787338e-07,-0.4237486782847952,-0.3812188866563196,-77.5547096352203
I2,22,N3,8.467354396425833,3.265388882519467,-9.515607670805386e-09,4.869039712679772,4.86903972219538,67.16628818281747,327.0353251545604,36.51779777373123,9.516918531615588e-09,9.427357604977945e-09,-55.847189938515136
I2,22,N4,6.269092478318934e-08,6.226699598550602e-08,-9.407064443587313e-09,-7.844694176137494e-09,1.5623702674498191e-09,67.18344293609617,1.0496541370826824e-07,-1.2938818964793604e-07,-0.17594022834380899,-0.17644377521860657,-65.69325739391633
I2,22,N5,5.897931799496069e-08,5.967701444475057e-08,-9.273501678167614e-09,-8.777521603239268e-09,4.959800749283461e-10,67.23125543635352,3.3345363108849397e-08,-1.3538267461055162e-07,-0.17486775756146736,-0.17392845384466568,-69.68010935701675
I2,22,N6,6.641787048747086e-08,6.258575708064628e-08,-9.482293817323433e-09,-4.720541535393992e-09,4.761752281929441e-09,67.18803293608873,3.1993276915177096e-07,-1.0652126514538069e-07,-0.19178042120552038,-0.2074930624082694,-57.40708687842229
I2,22,N7,1.5791986913209665e-08,1.920847342929223e-08,-7.19768830694578e-09,-9.50369731401525e-09,-2.30600900706947e-09,67.18344293635853,-1.5492562453718052e-07,-1.2526039215720772e-07,-0.41125595600483467,-0.3719398179107988,-77.51462847565523
I2,22,N8,58.97375627488316,21.104524431344025,-9.515699654193366e-09,35.445600997215955,35.44560100673166,67.18402656773803,2381.3781997457013,265.8420074077519,9.825828483287249e-09,9.628692921803483e-09,-55.86093109826897
I2,22,N9,18.36432998281352,7.206260872830386,-9.51565660178305e-09,10.443952678607586,10.443952688123241,67.1817990580043,701.6435308647995,78.32964501818947,9.603010344947646e-09,9.433691445638449e-09,-55.86118630419404
I2,23,N1,6.257277290864243e-08,6.215378477409867e-08,-9.406591098203238e-09,-7.848903940838508e-09,1.55768715736473e-09,67.14645806675935,1.0459317539312041e-07,-1.294162127928131e-07,-0.175002512864917,-0.17549436229607998,-65.67125565826062
I2,23,N2,1.9898150049784536e-08,2.3293320026343616e-08,-7.218352395746266e-09,-9.501848758563022e-09,-2.2834963628167557e-09,67.1809080675127,-1.5340735922289208e-07,-1.2540150865731966e-07,-0.4221250771651632,-0.3812816415646568,-77.45498302500961
I2,23,N3,3.265388882519467,3.265352115844086,-9.51559074233794e-09,3.440527158528263e-05,3.441478717602497e-05,67.16545436085377,0.002311484817409801,0.00025796816995905217,9.516918531615588e-09,9.516918196224048e-09,-55.847516472601214
I2,23,N4,6.226699598550602e-08,6.184672393571822e-08,-9.406841968216821e-09,-7.847921982385497e-09,1.5589199858313244e-09,67.18090806730696,1.0472966025242168e-07,-1.294107296295174e-07,-0.1759416386721673,-0.17644160117186727,-65.69664325182755
I2,23,N5,5.967701444475057e-08,6.037433312235624e-08,-9.273554414643422e-09,-8.777214210690345e-09,4.963402039530771e-10,67.22365806748685,3.336580415568834e-08,-1.3538076469000323e-07,-0.1748691606862608,-0.17392796483255835,-69.67728731711262
I2,23,N6,6.258575708064628e-08,5.89316280541421e-08,-9.480836419278278e-09,-4.8858580947761106e-09,4.594978324502167e-09,67.18501206730657,3.0871367418069024e-07,-1.0775020885540791e-07,-0.19179312929836306,-0.20677276975673886,-57.46960310717635
I2,23,N7,1.920847342929223e-08,2.2532422215556473e-08,-7.2924989365386185e-09,-9.500145212249073e-09,-2.2076462757104546e-09,67.1809080675127,-1.4831168149409085e-07,-1.259448311159077e-07,-0.4100257337593721,-0.37169376933926684,-77.41541256365407
I2,23,N8,21.104524431344025,7.563617627224336,-9.515667297392686e-09,12.674288760319392,12.674288769835059,67.18400419184282,851.5094698412249,95.05716563102794,9.825828483287249e-09,9.791274095036444e-09,-55.863041550086294
I2,23,N9,7.206260872830386,6.710634535049287,-9.515638221446842e-09,0.4639062438264964,0.46390625334213464,67.18086164951801,31.165621824124198,3.4792967573314364,9.603010344947643e-09,9.603010122763268e-09,-55.86190692802584
I2,24,N1,6.215378477409867e-08,6.173876877745611e-08,-9.406338827687984e-09,-7.8524008487247e-09,1.5539379789632836e-09,67.1409669071409,1.0433289842132324e-07,-1.2944054757309513e-07,-0.1750041442943397,-0.17549189720919386,-65.67345931194026
I2,24,N2,2.3293320026343616e-08,2.6633542245277513e-08,-7.274625249310504e-09,-9.499718079342063e-09,-2.225092830031559e-09,67.17554815788051,-1.494718305595396e-07,-1.2580757496489425e-07,-0.42126786648281817,-0.38132093448090987,-77.3890911283293
I2,24,N3,3.265352115844086,3.2653481535279627,-9.515535346633007e-09,3.700391369037603e-06,3.709906904384236e-06,67.16277440918292,0.0002491676404982286,2.768156875268227e-05,9.516918531615586e-09,9.516918468970083e-09,-55.84784300301058
I2,24,N4,6.184672393571822e-08,6.143038477051536e-08,-9.406592918759815e-09,-7.851384971123916e-09,1.5552079476358986e-09,67.17554815769518,1.0447194638164558e-07,-1.29434834174128e-07,-0.17594327082936484,-0.1764391290103961,-65.6988773707046
I2,24,N5,6.037433312235624e-08,6.107201415303097e-08,-9.27343472083442e-09,-8.77744850989571e-09,4.959862109387114e-10,67.21492315783983,3.333767505559363e-08,-1.3538162423047597e-07,-0.17487129595074571,-0.17392704078672588,-69.67541074100569
I2,24,N6,5.89316280541421e-08,5.53936804622085e-08,-9.47981943626059e-09,-4.993712942780304e-09,4.486106493480286e-09,67.17932815770331,3.0137362027591585e-07,-1.0855149284280672e-07,-0.19180164667156765,-0.20633375148216848,-57.50974965241062
I2,24,N7,2.2532422215556473e-08,2.5802819042520096e-08,-7.34720338322431e-09,-9.497946925267237e-09,-2.1507435420429277e-09,67.1755481578805,-1.4447737638375518e-07,-1.263386273136866e-07,-0.40928248495829433,-0.3716791063329453,-77.34968707282957
I2,24,N8,7.563617627224336,7.563613117249334,-9.515587574450014e-09,4.21300003390478e-06,4.22251562147923e-06,67.17974815697856,0.0002836675360398825,3.152613334747748e-05,9.825828483287249e-09,9.825828475298547e-09,-55.86379790986716
I2,24,N9,6.710634535049287,6.710632244456724,-9.515529178467618e-09,2.135658122257182e-06,2.14517365143565e-06,67.17554815723511,0.0001441032159276474,1.5946069448090358e-05,9.603010344947643e-09,9.603010321408806e-09,-55.86257798922385
RIV,1,N1,0.013603638183081784,0.013603637728574714,-9.31043593422457e-09,-7.731417063514468e-09,1.5790188707101018e-09,67.13594865930851,1.060089298360727e-07,-1.2781389748304278e-07,9.593599790279661e-09,9.593599790276404e-09,-65.62675247513424
RIV,1,N2,28.08000221545146,28.080002916450724,7.380614066007359e-07,-9.522665288211048e-09,-7.47584071888947e-07,67.17039866005287,-5.021552014068619e-05,5.464040559843937e-06,9.593599780158422e-09,9.5935997902857e-09,-79.75865447670505
RIV,1,N3,3.181346380902173,3.181344291379565,-9.45539017319482e-09,1.9475093315431765e-06,1.9569647217163712e-06,67.16019966046625,0.00013143014143896027,1.4535404560274863e-05,9.593599790284786e-09,9.59359976692384e-09,-55.848562221053776
RIV,1,N4,0.013603638188522303,0.013603637732419691,-9.310704115974434e-09,-7.730158587432613e-09,1.5805455285418208e-09,67.17039865985612,1.061658732522071e-07,-1.2780647027555285e-07,9.593599790279673e-09,9.59359979027639e-09,-65.65158370403482
RIV,1,N5,0.013603637659435345,0.013603638370067431,-9.147917163393562e-09,-8.679605268209279e-09,4.683118951842833e-10,67.20752365998057,3.147408277584806e-08,-1.337064182370213e-07,9.593599790274735e-09,9.59359979028097e-09,-69.69179835372519
RIV,1,N6,0.013603635506581434,0.013603620899253845,-9.438167128743231e-09,5.4037181543723306e-09,1.4841885283115563e-08,67.17396265987041,9.96988247810085e-07,-3.0258367307781756e-08,9.593599790284815e-09,9.593599782189769e-09,-55.87390871165256
RIV,1,N7,28.08000221545146,28.080002916450727,7.380614065649272e-07,-9.522665288211031e-09,-7.475840718531382e-07,67.17039866005285,-5.0215520138280895e-05,5.464040559575371e-06,9.593599780158422e-09,9.5935997902857e-09,-79.75865447670435
RIV,1,N8,6.370957566674372,6.370956280570556,-9.455350042373662e-09,1.195509377060808e-06,1.2049647271031815e-06,67.17435865970745,8.094273275072563e-05,8.895405202638258e-06,9.593599790284786e-09,9.593599776106664e-09,-55.86609744937979
RIV,1,N9,6.4090234646774755,6.409022358533549,-9.455303084554728e-09,1.0270669615310475e-06,1.0365222646156022e-06,67.17039865966902,6.962361373385294e-05,7.632087438348697e-06,9.593599790284785e-09,9.593599778094005e-09,-55.86416637442232
RIV,2,N1,0.013603637728574714,0.013603637276619947,-9.310231499457152e-09,-7.73362691370018e-09,1.5766045857569718e-09,67.13070840988188,1.0583858272413387e-07,-1.2782893809867999e-07,9.593599790279656e-09,9.59359979027641e-09,-65.62675247513424
RIV,2,N2,28.080002916450724,28.08000421061926,1.3717890939615135e-06,-9.522811881273281e-09,-1.3813119058427869e-06,67.1655521607024,-9.277657686208294e-05,1.0216997115601802e-05,9.593599771573518e-09,9.593599790285701e-09,-79.76146247694446
RIV,2,N3,3.181344291379565,3.181342851674098,-9.455323021715559e-09,1.3392805467283581e-06,1.3487358697500736e-06,67.1577764108067,9.057810197791035e-05,9.97368917779982e-06,9.593599790284786e-09,9.593599773491905e-09,-55.84888035128666
RIV,2,N4,0.013603637732419691,0.013603637278680043,-9.310515193612029e-09,-7.732204807393342e-09,1.578310386218687e-09,67.16555216045028,1.0600808857095163e-07,-1.2782040000754027e-07,9.593599790279668e-09,9.593599790276399e-09,-65.65158370403482
RIV,2,N5,0.013603638370067431,0.01360363908206142,-9.147527879988875e-09,-8.680538961451102e-09,4.669889185377726e-10,67.20098966056499,3.138211748625528e-08,-1.3371050131079983e-07,9.593599790274723e-09,9.593599790280975e-09,-69.6917983537252
RIV,2,N6,0.013603620899253845,0.013603606395530465,-9.438037426654901e-09,5.306858245919469e-09,1.4744895672574369e-08,67.16895416047171,9.903992215320855e-07,-3.0983843855515745e-08,9.593599790284813e-09,9.593599783787885e-09,-55.87390871190526
RIV,2,N7,28.080002916450727,28.080004210619265,1.3717890938323143e-06,-9.522811881273264e-09,-1.3813119057135877e-06,67.16555216070239,-9.277657685340519e-05,1.0216997114632808e-05,9.593599771573518e-09,9.593599790285701e-09,-79.76146247694378
RIV,2,N8,6.370956280570556,6.370955464415381,-9.455210996922225e-09,7.556375704997787e-07,7.650927814967009e-07,67.16933216038784,5.139077117386694e-05,5.596367696271423e-06,9.593599790284785e-09,9.593599780772851e-09,-55.866734542975216
RIV,2,N9,6.409022358533549,6.409021610868474,-9.455168557920973e-09,6.91530874785076e-07,7.00986043342997e-07,67.16555216034106,4.7082114657825166e-05,5.115567796703663e-06,9.593599790284783e-09,9.593599781631865e-09,-55.86480727468567
RIV,3,N1,0.013603637276619947,0.013603636826555599,-9.310079770181817e-09,-7.735263414554212e-09,1.5748163556276052e-09,67.12682116120345,1.0571241586595243e-07,-1.2784007388552023e-07,9.593599790279653e-09,9.593599790276417e-09,-65.62675247513413
RIV,3,N2,28.08000421061926,28.080008435552113,4.502947412145088e-06,-9.522933128681706e-09,-4.512470345273769e-06,67.16205866235704,-0.0003030667980414234,3.3700683592623045e-05,9.593599729156723e-09,9.593599790285703e-09,-79.76427047731329
RIV,3,N3,3.181342851674098,3.1813416870703968,-9.455272318795602e-09,1.081785338100591e-06,1.0912406104193867e-06,67.15602966148504,7.328338680114137e-05,8.042475493363466e-06,9.593599790284786e-09,9.593599776433458e-09,-55.84919848137557
RIV,3,N4,0.013603637278680043,0.013603636826641303,-9.310378948599733e-09,-7.733677496020723e-09,1.57670145257901e-09,67.16205866179543,1.0589451545024953e-07,-1.2783042333465343e-07,9.593599790279665e-09,9.593599790276404e-09,-65.6515837040347
RIV,3,N5,0.01360363908206142,0.013603639795017414,-9.14725250388007e-09,-8.681198137952524e-09,4.660543659275453e-10,67.19637116190508,3.131716215449366e-08,-1.3371337981374447e-07,9.593599790274713e-09,9.593599790280978e-09,-69.69179835372533
RIV,3,N6,0.013603606395530465,0.013603591965505812,-9.437944123796263e-09,5.2379579804020574e-09,1.4675902104198321e-08,67.16535266182242,9.85712140458862e-07,-3.149989607545654e-08,9.593599790284813e-09,9.593599784595802e-09,-55.87390871207904
RIV,3,N7,28.080004210619265,28.080008435552116,4.502947410782788e-06,-9.522933128681688e-09,-4.51247034391147e-06,67.16205866235704,-0.00030306679794992863,3.37006835824058e-05,9.593599729156723e-09,9.593599790285703e-09,-79.76427047731259
RIV,3,N8,6.370955464415381,6.3709548252676775,-9.455106293115882e-09,5.899586701018381e-07,5.99413776394954e-07,67.16571866176685,4.02600570673307e-05,4.3537767285654165e-06,9.593599790284783e-09,9.593599782661454e-09,-55.86737163648903
RIV,3,N9,6.409021610868474,6.409021011029332,-9.455066920894699e-09,5.531658906287694e-07,5.626209575496641e-07,67.16205866172315,3.778678175526539e-05,4.0778311778090605e-06,9.593599790284781e-09,9.593599783188242e-09,-55.86544817487425
RIV,4,N1,0.013603636826555599,0.013603636376946723,-9.310043173175448e-09,-7.735657676204873e-09,1.5743854969705753e-09,67.12588381539118,1.0568201795028374e-07,-1.2784275637035243e-07,9.593599790279651e-09,9.593599790276419e-09,-65.62675247513393
RIV,4,N2,28.080008435552113,30.895393452643916,3.00788996465562,-9.52299610519313e-09,-3.007889974178616,67.16168460511112,-202.01495777266004,22.559174663494677,9.548312209658794e-09,9.593599790285703e-09,-79.76707847810461
RIV,4,N3,3.1813416870703968,3.181340593281953,-9.455255910755446e-09,1.0155022715412387e-06,1.0249575274519943e-06,67.15569223858911,6.883173227119138e-05,7.545352617228624e-06,9.593599790284785e-09,9.593599777178732e-09,-55.849516611348015
RIV,4,N4,0.013603636826641303,0.013603636374930903,-9.310352623677046e-09,-7.733961757781396e-09,1.5763908658956503e-09,67.16138381600076,1.0587259198845556e-07,-1.278323578609383e-07,9.593599790279663e-09,9.593599790276405e-09,-65.65158370403451
RIV,4,N5,0.013603639795017414,0.013603640508231044,-9.147178697406595e-09,-8.68137462665696e-09,4.658040707496357e-10,67.19513381611068,3.1299766866110856e-08,-1.3371414993047666e-07,9.593599790274711e-09,9.593599790280978e-09,-69.69179835372557
RIV,4,N6,0.013603591965505812,0.01360357755031524,-9.437925238050618e-09,5.224089826190654e-09,1.4662015064241272e-08,67.16462381602933,9.847687261747202e-07,-3.1603765588949735e-08,9.593599790284813e-09,9.593599784735483e-09,-55.87390871218353
RIV,4,N7,28.080008435552116,30.89539345185696,3.007889963814855,-9.522996105193125e-09,-3.0078899733378512,67.16168460511055,-202.01495771619116,22.55917465718894,9.54831220967088e-09,9.593599790285703e-09,-79.76707847810393
RIV,4,N8,6.3709548252676775,6.370954230693861,-9.455071670159384e-09,5.482375415331169e-07,5.576926132032763e-07,67.16498381598241,3.745741534009099e-05,4.040868523972182e-06,9.593599790284783e-09,9.593599783129858e-09,-55.868008729938936
RIV,4,N9,6.409021011029332,6.409020448989704,-9.455033914835643e-09,5.177855749681821e-07,5.272406088830177e-07,67.16138381593785,3.5410208896541126e-05,3.8124790579000984e-06,9.593599790284781e-09,9.593599783580713e-09,-55.866089075002854
RIV,5,N1,0.013603636376946723,0.013603635925749548,-9.310170725125315e-09,-7.734282775466656e-09,1.5758879496586592e-09,67.12915118860451,1.0578802042893611e-07,-1.2783340125443978e-07,9.593599790279655e-09,9.593599790276414e-09,-65.62675247513363
RIV,5,N2,30.895393452643916,33.18164174947333,2.4425729558282705,-9.523002682653617e-09,-2.4425729653512733,67.16463294660926,-164.05451666312922,18.319297097289507,9.557578196959759e-09,9.593599790285703e-09,-79.77016801747415
RIV,5,N3,3.181340593281953,3.1813393857598546,-9.455284281825506e-09,1.1219569470241424e-06,1.1314122313059679e-06,67.1571946751958,7.598247147571253e-05,8.343762470567376e-06,9.593599790284786e-09,9.593599775845217e-09,-55.84983474121108
RIV,5,N4,0.013603636374930903,0.013603635921757947,-9.310469824681755e-09,-7.732695482737542e-09,1.577774341944213e-09,67.16438868919649,1.0597024916618234e-07,-1.2782373980564475e-07,9.593599790279666e-09,9.5935997902764e-09,-65.6515837040342
RIV,5,N5,0.013603640508231044,0.013603641220584606,-9.147424990455544e-09,-8.680785378308437e-09,4.66639612147107e-10,67.19926368931155,3.135783834455151e-08,-1.3371157776572986e-07,9.59359979027472e-09,9.593599790280975e-09,-69.69179835372593
RIV,5,N6,0.01360357755031524,0.013603563071579765,-9.438005889486596e-09,5.2834971974439264e-09,1.4721503086930523e-08,67.16773668922032,9.888100430124934e-07,-3.115881519032002e-08,9.593599790284813e-09,9.593599784085465e-09,-55.873908712220384
RIV,5,N7,30.89539345185696,33.1816417471785,2.442572954217306,-9.52300268265361e-09,-2.4425729637403086,67.1646329466087,-164.054516554928,18.31929708520727,9.557578196992123e-09,9.593599790285703e-09,-79.7701680174734
RIV,5,N8,6.370954230693861,6.370953564519065,-9.455131045341078e-09,6.152560067537977e-07,6.247111377991388e-07,67.16810868916446,4.196066560302415e-05,4.543506567813425e-06,9.593599790284783e-09,9.59359978228068e-09,-55.86864582332938
RIV,5,N9,6.409020448989704,6.409019826745774,-9.455090536065511e-09,5.741367523305172e-07,5.835918428665827e-07,67.16438868911406,3.919658937008754e-05,4.2351124634583875e-06,9.593599790284783e-09,9.593599782882082e-09,-55.86672997507525
RIV,6,N1,0.013603635925749548,0.013603635469922742,-9.310541454407673e-09,-7.73027423572092e-09,1.5802672186867536e-09,67.13865466011217,1.060970150661059e-07,-1.2780611767596445e-07,9.593599790279665e-09,9.593599790276399e-09,-65.6267524751332
RIV,6,N2,33.18164174947333,33.181643978415686,2.370478964270109e-06,-9.522910723774694e-09,-2.380001874993884e-06,67.17310466102771,-0.00015987211504240635,1.7707170401597507e-05,9.593599758044588e-09,9.593599790285703e-09,-79.77348618173629
RIV,6,N3,3.1813393857598546,3.18133747124042,-9.455382128957627e-09,1.7837063683848303e-06,1.793161750513788e-06,67.16155266088884,0.0001204315273366234,1.3306882396919045e-05,9.593599790284786e-09,9.59359976801568e-09,-55.850152870953394
RIV,6,N4,0.013603635921757947,0.013603635464334319,-9.310809554102666e-09,-7.729014491021915e-09,1.5817950630807519e-09,67.17310466065977,1.0625408532403827e-07,-1.2779868033843437e-07,9.593599790279674e-09,9.593599790276387e-09,-65.65158370403378
RIV,6,N5,0.013603641220584606,0.01360364193041768,-9.148145241933233e-09,-8.679057212362568e-09,4.690880295706653e-10,67.21135466079322,3.152804192260664e-08,-1.337040184072185e-07,9.593599790274741e-09,9.593599790280967e-09,-69.69179835372641
RIV,6,N6,0.013603563071579765,0.013603548405466001,-9.438239974973793e-09,5.4586781940060006e-09,1.4896918168979794e-08,67.17677666067058,1.0007269447698413e-06,-2.9846713357258447e-08,9.593599790284816e-09,9.593599780892122e-09,-55.87390871218185
RIV,6,N7,33.1816417471785,33.18164397612087,2.370478963766957e-06,-9.522910723774671e-09,-2.380001874490732e-06,67.17310466102771,-0.00015987211500860805,1.7707170397823867e-05,9.593599758044588e-09,9.593599790285703e-09,-79.7734861817353
RIV,6,N8,6.370953564519065,6.370952404092551,-9.455335250073073e-09,1.077875436025271e-06,1.087330771275344e-06,67.17718466054079,7.304382000905202e-05,8.013150755813983e-06,9.593599790284786e-09,9.593599776776778e-09,-55.869282916653205
RIV,6,N9,6.409019826745774,6.40901882135891,-9.45528617027521e-09,9.32758365774247e-07,9.422136519445222e-07,67.17310466048359,6.329141625460584e-05,6.924773097029789e-06,9.593599790284785e-09,9.593599778707969e-09,-55.86737087508542
RIV,7,N1,0.013603635469922742,0.01360363500670019,-9.311130420424014e-09,-7.723867808024586e-09,1.587262612399428e-09,67.15434646866113,1.0659158340982337e-07,-1.277624867133645e-07,9.59359979027968e-09,9.593599790276376e-09,-65.62675247513269
RIV,7,N2,33.181643978415686,33.18164470047399,7.605603195934002e-07,-9.522719076239708e-09,-7.700830386696399e-07,67.18748396942401,-5.173994181574176e-05,5.632782003878703e-06,9.593599780218395e-09,9.5935997902857e-09,-79.7768043462213
RIV,7,N3,3.18133747124042,3.181290663504947,-9.455541831836774e-09,4.3803756440199847e-05,4.381321198203168e-05,67.16874231131311,0.002942878345452022,0.00032845725673776006,9.59359979028479e-09,9.593599497651768e-09,-55.85047100050425
RIV,7,N4,0.013603635464334319,0.013603635000151921,-9.311347012700749e-09,-7.723159147778705e-09,1.588187864922044e-09,67.18748396915329,1.0670634671445362e-07,-1.2775879620359588e-07,9.593599790279688e-09,9.593599790276366e-09,-65.65158370403326
RIV,7,N5,0.01360364193041768,0.013603642635957047,-9.149366984454058e-09,-8.67610866423392e-09,4.732583202201372e-10,67.2324839693559,3.1818332427564676e-08,-1.3369106736515983e-07,9.59359979027478e-09,9.59359979028095e-09,-69.69179835372702
RIV,7,N6,0.013603548405466001,0.013603533439225627,-9.438603681148948e-09,5.73927805883288e-09,1.5177881739981827e-08,67.19141021913572,1.0198232782486483e-06,-2.7744942167370513e-08,9.593599790284821e-09,9.593599734052904e-09,-55.873908712029795
RIV,7,N7,33.18164397612087,33.18164469817917,7.605603195307775e-07,-9.52271907623968e-09,-7.700830386070172e-07,67.18748396942401,-5.17399418115343e-05,5.6327820034090345e-06,9.593599780218395e-09,9.5935997902857e-09,-79.77680434622009
RIV,7,N8,6.370952404092551,2.2903604404647533,-9.455621464367151e-09,3.8194340696715865,3.819434079127208,67.19046748540528,256.62956130624553,28.645755451619735,9.593599790284791e-09,9.548565326046315e-09,-55.869920009860984
RIV,7,N9,6.40901882135891,6.222286556718566,-9.455603903739712e-09,0.17478139141934532,0.17478140087494923,67.1874533608772,11.743117219634433,1.3108603647280606,9.59359979028479e-09,9.593599519957414e-09,-55.868011774995054
RIV,8,N1,0.01360363500670019,0.013603634541482331,-9.31128863412261e-09,-7.722138809781125e-09,1.5891498243414852e-09,67.15866639894867,1.0672518291089768e-07,-1.27750705829278e-07,9.593599790279683e-09,9.593599790276369e-09,-65.62675247513207
RIV,8,N2,33.18164470047399,33.181645438967415,7.781191902761414e-07,-9.522733869075338e-09,-7.876419241452167e-07,67.19049139976634,-5.29220479303746e-05,5.764473423052995e-06,9.593599780157588e-09,9.5935997902857e-09,-79.78012251077853
RIV,8,N3,3.181290663504947,5.835117204200209e-06,-9.455557941927337e-09,2.977682591086951,2.977682600542509,67.16994433046132,200.01077451222363,22.332619362235448,9.59359979028479e-09,9.555229676778071e-09,-55.850789125374305
RIV,8,N4,0.013603635000151921,0.013603634534617914,-9.311454093153117e-09,-7.721987854744736e-09,1.5894662384083813e-09,67.1904913993989,1.0679701762141326e-07,-1.2775081460923388e-07,9.593599790279691e-09,9.59359979027636e-09,-65.65158370403263
RIV,8,N5,0.013603642635957047,0.013603643339743305,-9.149863932395442e-09,-8.674903128300198e-09,4.749608040952439e-10,67.24111639971632,3.1936894713471154e-08,-1.336857529552173e-07,9.593599790274796e-09,9.593599790280943e-09,-69.69179835372775
RIV,8,N6,0.013603533439225627,0.013603518435560187,-9.438648095801436e-09,5.774269010615522e-09,1.521291710641696e-08,67.1933826493507,1.0222073603443277e-06,-2.7482843138894353e-08,9.593599790284821e-09,9.593599619021668e-09,-55.87390871120511
RIV,8,N7,33.18164469817917,33.181645436672596,7.781191902011818e-07,-9.522733869075307e-09,-7.876419240702572e-07,67.19049139976633,-5.292204792533802e-05,5.764473422490799e-06,9.593599780157588e-09,9.5935997902857e-09,-79.78012251077708
RIV,8,N8,2.2903604404647533,1.6092051791134438e-06,-9.45561633528596e-09,2.143775857774934,2.1437758672305502,67.19054460869269,144.04146803819313,16.078318862394884,9.593599790284791e-09,9.563546165507321e-09,-55.87014904059178
RIV,8,N9,6.222286556718566,3.069419317719048e-06,-9.455620958474031e-09,5.824057335828065,5.824057345283686,67.189294009133,391.31430129831614,43.68042994779333,9.593599790284791e-09,9.508474445067242e-09,-55.86863400167822
RIV,9,N1,0.013603634541482331,0.013603634081822339,-9.310847212847208e-09,-7.726954249114835e-09,1.583892963732372e-09,67.14650032916231,1.0635286941061358e-07,-1.2778351096471533e-07,9.593599790279671e-09,9.593599790276387e-09,-65.62675247513135
RIV,9,N2,33.181645438967415,34.52754497819711,1.437926847281534,-9.523033594410838e-09,-1.4379268568045678,67.17715662255067,-96.59583767133243,10.784451283188753,9.573140001326643e-09,9.593599790285705e-09,-79.7834406754096
RIV,9,N3,5.835117204200209e-06,1.9869170650898257e-06,-9.455460769854968e-09,3.593631438848692e-06,3.603086899618547e-06,67.1635067451556,0.00024199595128591205,2.688131983559128e-05,9.593599790284788e-09,9.593599746127521e-09,-55.848542582001635
RIV,9,N4,0.013603634534617914,0.013603634075284273,-9.310961777232771e-09,-7.727360081316858e-09,1.583601695915913e-09,67.17701282957846,1.063816314434855e-07,-1.277874139391222e-07,9.593599790279678e-09,9.59359979027638e-09,-65.6515837040319
RIV,9,N5,0.013603643339743305,0.013603644045823359,-9.14921349753533e-09,-8.67648027755291e-09,4.727332199824201e-10,67.22932532989785,3.1781535440448285e-08,-1.336927033131618e-07,9.593599790274774e-09,9.593599790280953e-09,-69.69179835372859
RIV,9,N6,0.013603518435560187,0.013603503774776838,-9.438233391786902e-09,5.453694691578897e-09,1.4891928083365799e-08,67.176522329485,1.0003879394213074e-06,-2.988404025156004e-08,9.593599790284813e-09,9.593599781026248e-09,-55.87390870833082
RIV,9,N7,33.181645436672596,34.52754496965899,1.437926840611343,-9.523033594410823e-09,-1.4379268501343767,67.17715662254979,-96.5958372232467,10.78445123316232,9.573140001435654e-09,9.593599790285705e-09,-79.78344067540792
RIV,9,N8,1.6092051791134438e-06,5.658974812752913e-07,-9.455283561691585e-09,9.68252269069247e-07,9.777075526309386e-07,67.16892182925304,6.567156217453781e-05,7.190977391306665e-06,9.593599790284786e-09,9.593599777665546e-09,-55.86235401808223
RIV,9,N9,3.069419317719048e-06,1.006021728672801e-06,-9.455439168870876e-09,1.9230562709131958e-06,1.9325117100820665e-06,67.17701282914854,0.00012982036394066276,1.4352006238082437e-05,9.593599790284788e-09,9.593599766986096e-09,-55.86431701835498
RIV,10,N1,0.013603634081822339,0.013603633626766953,-9.310479790791357e-09,-7.730942260783848e-09,1.5795375300075084e-09,67.13707323406318,1.0604552682806536e-07,-1.2781066538681401e-07,9.593599790279663e-09,9.5935997902764e-09,-65.62675247513052
RIV,10,N2,34.52754497819711,60.000000597461685,27.214161975523865,-9.523090213685042e-09,-27.214161985046957,67.17781076538486,-1828.187823970015,204.1062147450058,5.623579813179862e-09,9.593599790285705e-09,-79.78689343003295
RIV,10,N3,1.9869170650898257e-06,-9.544787899266507e-09,-9.455364846730434e-09,1.860404487077029e-06,1.8698598519237596e-06,67.15384874238198,0.00012556828566554092,1.388211841672724e-05,9.593599790284786e-09,9.593599765636311e-09,-55.84227230557026
RIV,10,N4,0.013603634075284273,0.01360363362100142,-9.310558659942068e-09,-7.73173444924802e-09,1.578824210694048e-09,67.16666698445857,1.0604435998668778e-07,-1.2781719831892568e-07,9.593599790279668e-09,9.593599790276397e-09,-65.65158370403107
RIV,10,N5,0.013603644045823359,0.013603644753809738,-9.148671510694953e-09,-8.67778976665179e-09,4.708817440431639e-10,67.2202021513325,3.165276602395349e-08,-1.3369845958010058e-07,9.593599790274758e-09,9.59359979028096e-09,-69.69179835372954
RIV,10,N6,0.013603503774776838,0.01360348947460697,-9.437777583235819e-09,5.116559808005422e-09,1.455433739124124e-08,67.1589271569612,9.77453684676207e-07,-3.240913331422798e-08,9.593599790284805e-09,9.593599785629177e-09,-55.873908705344164
RIV,10,N7,34.52754496965899,60.000000597461685,27.214161984645784,-9.52309021368505e-09,-27.214161994168876,67.17781076538158,-1828.187824582716,204.1062148134202,5.623579797419576e-09,9.593599790285705e-09,-79.78689343003042
RIV,10,N8,5.658974812752913e-07,-9.718997452191603e-09,-9.454969517507009e-09,5.304935631145142e-07,5.399485326320212e-07,67.13620970837177,3.6250097918510994e-05,3.907789451977553e-06,9.593599790284785e-09,9.593599783077089e-09,-55.840918319794454
RIV,10,N9,1.006021728672801e-06,-9.54494320418947e-09,-9.455242464672366e-09,9.422867047745337e-07,9.517419472392061e-07,67.15769682370734,6.391679714709547e-05,6.99623596732396e-06,9.593599790284786e-09,9.593599777780547e-09,-55.85195994789178
RIV,11,N1,0.013603633626766953,0.01360363498850233,-8.845579831356765e-09,-9.024161422370675e-09,-1.785815910139103e-10,60.01318438657692,-1.0717249949566066e-08,-1.340230594029558e-07,9.59359979026503e-09,9.593599790282781e-09,-65.62675247512958
RIV,11,N2,60.000000597461685,60.00000056600859,-9.527541211908915e-09,2.1093054652915627e-08,3.0620595864824543e-08,100.63079437098092,3.0813748859900673e-06,8.674135080755034e-08,9.593599790285944e-09,9.406770042970637e-09,-87.17042347104874
RIV,11,N3,-9.544787899266507e-09,1.632297475733534e-08,1.6978758224028682e-08,-9.337203681540695e-09,-2.6315961905569376e-08,16.789134804309718,-4.418222319376835e-07,5.73116590686599e-08,9.593599783070921e-09,9.593599790283205e-09,-25.925494944804484
RIV,11,N4,0.01360363362100142,0.013603634984413962,-8.844783647211092e-09,-9.02503371346482e-09,-1.8025006625372855e-10,60.0303056832578,-1.0820466576638797e-08,-1.3402363020506934e-07,9.593599790265002e-09,9.593599790282786e-09,-65.65158370403014
RIV,11,N5,0.013603644753809738,0.013603642830328114,-9.394248158133713e-09,-6.429884434446101e-09,2.9643637236876124e-09,74.10842982339518,2.1968434098792186e-07,-1.1868099444434862e-07,9.593599790282087e-09,9.593599790271116e-09,-69.69179835373062
RIV,11,N6,0.01360348947460697,0.01360351099663091,1.2213541231589757e-08,-9.444379789619976e-09,-2.165792102120973e-08,44.83774758432066,-9.710923959501543e-07,2.076871081477336e-08,9.593599786139179e-09,9.593599790284758e-09,-55.873908702300284
RIV,11,N7,60.000000597461685,60.00000056600859,-9.527541211997423e-09,2.1093055203601627e-08,3.062059641559905e-08,100.63079437098239,3.081374941414988e-06,8.674135493703153e-08,9.593599790285944e-09,9.40676956331873e-09,-87.17042347105011
RIV,11,N8,-9.718997452191603e-09,8.983833938692185e-09,9.436000497313886e-09,-9.239007890172517e-09,-1.86750083874864e-08,0.12909379730681073,-2.4108277474771597e-09,1.4774445535602664e-09,9.593599785506326e-09,9.593599790281876e-09,-8.113871157682826
RIV,11,N9,-9.54494320418947e-09,1.6340804752601397e-08,1.6997958201573878e-08,-9.337216898990182e-09,-2.633517510056406e-08,16.78913480430875,-4.421448048584452e-07,5.745555976937772e-08,9.593599782984848e-09,9.593599790283205e-09,-25.925782769500962
RIV,12,N1,0.01360363498850233,0.013603636351558888,-8.844801958809935e-09,-9.024716555215067e-09,-1.7991459640513248e-10,60.00566335889443,-1.0795894705237738e-08,-1.340213888551875e-07,9.593599790264995e-09,9.593599790282786e-09,-65.62675247512897
RIV,12,N2,60.00000056600859,42.90321245695254,-9.535498313009446e-09,16.002593661722457,16.002593671257955,100.63880489119853,1610.4819022348577,120.0194523914022,9.593599790285944e-09,6.876598068287736e-09,-87.17642347206888
RIV,12,N3,1.632297475733534e-08,5.509579474920061e-07,5.605185831705874e-07,-9.350245838232804e-09,-5.698688290088202e-07,16.74981820430762,-9.545199286199402e-06,4.133762529992659e-06,9.593599764647534e-09,9.593599790283218e-09,-25.9010447504003
RIV,12,N4,0.013603634984413962,0.013603636350517846,-8.843195892245205e-09,-9.026161785242039e-09,-1.8296589299683393e-10,60.01500112836684,-1.0980698274657635e-08,-1.3402018258115434e-07,9.593599790264934e-09,9.593599790282795e-09,-65.65158370402952
RIV,12,N5,0.013603642830328114,0.013603640584036757,-9.402000927914567e-09,-6.134526694291738e-09,3.267474233622829e-09,74.10060922552606,2.421218313401605e-07,-1.1652395716654729e-07,9.593599790282082e-09,9.593599790271138e-09,-69.69179835373137
RIV,12,N6,0.01360351099663091,0.013603561010458308,4.2644463307459586e-08,-9.452298717788873e-09,-5.209676202524846e-08,44.80967022413687,-2.3344387260967207e-06,2.4894123442253035e-07,9.593599776165877e-09,9.593599790284772e-09,-55.87390869930206
RIV,12,N7,60.00000056600859,42.90321244323269,-9.53549831302046e-09,16.00259367456423,16.00259368409973,100.63880489120127,1610.4819035272824,120.0194524877155,9.593599790285944e-09,6.876604665463198e-09,-87.17642347207025
RIV,12,N8,8.983833938692185e-09,4.237676449812279e-07,4.3257240221252575e-07,-9.262695847028441e-09,-4.418350980595542e-07,0.07144614068448099,-3.156741257530436e-08,3.1748227977412297e-06,9.593599775844251e-09,9.593599790281875e-09,-8.076938803573993
RIV,12,N9,1.6340804752601397e-08,5.509673133020749e-07,5.605095368142158e-07,-9.350248837520091e-09,-5.698597856517358e-07,16.750365519448064,-9.5453597045009e-06,4.133694659825218e-06,9.593599764680062e-09,9.593599790283215e-09,-25.901620750540772
RIV,13,N1,0.013603636351558888,0.013603637716099579,-8.843927108828786e-09,-9.025339251460574e-09,-1.8141214263178774e-10,60.00296370252085,-1.0885266209531695e-08,-1.340194977021702e-07,9.59359979026498e-09,9.593599790282791e-09,-65.62675247512864
RIV,13,N2,42.90321245695254,24.199235444307742,-9.53554030855563e-09,17.506922475481474,17.506922485017014,100.64353899759071,1761.9586358486076,131.3019184945945,9.593599790285946e-09,9.246667775425157e-09,-87.18071379308206
RIV,13,N3,5.509579474920061e-07,16.952258620153977,18.111386815390755,-9.350907079769335e-09,-18.11138682474166,16.735819382475412,-303.1088986650213,135.83540104529888,-0.0007197522490409485,9.593599790283253e-09,-25.89567344871751
RIV,13,N4,0.013603636350517846,0.01360363771954221,-8.841468888788397e-09,-9.02738233262503e-09,-1.859134438366331e-10,60.00986431529592,-1.1156640539025741e-08,-1.3401638416060072e-07,9.593599790264903e-09,9.593599790282805e-09,-65.65158370402919
RIV,13,N5,0.013603640584036757,0.013603638348408421,-9.401766298991583e-09,-6.144301725104165e-09,3.2574645738874175e-09,74.09781007484987,2.4137099132146165e-07,-1.1659551018071812e-07,9.593599790282075e-09,9.59359979027115e-09,-69.69179835373176
RIV,13,N6,0.013603561010458308,0.013603617624901936,4.96956364184082e-08,-9.452970951385493e-09,-5.9148607369793686e-08,44.79870883840091,-2.6497812397562817e-06,3.018199910026703e-07,9.59359956415665e-09,9.593599790284788e-09,-55.873908696456986
RIV,13,N7,42.90321244323269,24.19923541934395,-9.53554030857015e-09,17.50692248600581,17.50692249554135,100.64353899759178,1761.9586369078324,131.30191857352702,9.593599790285946e-09,9.246668196819583e-09,-87.18071379308208
RIV,13,N8,4.237676449812279e-07,22.89158481258806,24.456820917652916,-9.26385868040399e-09,-24.456820926916773,0.04897305195157777,-1.1977251618243296,183.42615681291795,6.967203636141683e-09,9.593599790281883e-09,-8.067755129921851
RIV,13,N9,5.509673133020749e-07,16.95225689047728,18.11138496743555,-9.350910086284019e-09,-18.11138497678646,16.736366697426547,-303.1187803697604,135.83538718563483,-0.0007197530650251971,9.593599790283254e-09,-25.896258187587517
RIV,14,N1,0.013603637716099579,0.01360363908082471,-8.84381831068083e-09,-9.025416569830723e-09,-1.815982591498928e-10,60.003201728367536,-1.0896476977291384e-08,-1.3401926160383666e-07,9.59359979026499e-09,9.593599790282781e-09,-65.62675247512864
RIV,14,N2,24.199235444307742,9.773672871482008,-9.535560064469414e-09,13.502326559810824,13.502326569346383,100.64572378348227,1358.9514303328099,101.26744912706448,9.593599790285944e-09,9.592432600516963e-09,-87.18313371517935
RIV,14,N3,16.952258620153977,43.91814145688942,28.809703874727543,-9.35107313550234e-09,-28.809703884078615,16.737056046470723,-482.1896285900491,216.0727789903235,9.529210566387289e-09,9.593599790283207e-09,-25.89736867452729
RIV,14,N4,0.01360363771954221,0.013603639088838012,-8.841308161358491e-09,-9.02749558519866e-09,-1.8618742384016846e-10,60.010865366931036,-1.1173268425088075e-08,-1.3401602809917863e-07,9.593599790264926e-09,9.593599790282786e-09,-65.65158370402919
RIV,14,N5,0.013603638348408421,0.013603636112253348,-9.401777920934112e-09,-6.14381887968592e-09,3.257959041248192e-09,74.09851927017445,2.414099407993682e-07,-1.1659197600465023e-07,9.593599790282085e-09,9.593599790271138e-09,-69.69179835373176
RIV,14,N6,0.013603617624901936,0.013603675561826022,5.1108410639558906e-08,-9.453086817910781e-09,-6.056149745746968e-08,44.798772333037064,-2.7130807367449874e-06,3.1241492866236093e-07,9.593599582243641e-09,9.593599790284762e-09,-55.87390869598606
RIV,14,N7,24.19923541934395,9.773672884168972,-9.53556006445715e-09,13.502326524569716,13.502326534105276,100.64572378348585,1358.9514267859913,101.26744886275617,9.593599790285944e-09,9.592432520144114e-09,-87.18313371517687
RIV,14,N8,22.89158481258806,50.97158455089377,29.999999709836967,-9.264819689735322e-09,-29.999999719101787,0.04784850062890429,-1.4354550054265705,224.9999977542911,-0.002712878602347893,9.593599790281838e-09,-8.070044288243414
RIV,14,N9,16.95225689047728,43.91814103929655,28.8097052765265,-9.351076140542703e-09,-28.809705285877577,16.737603361750978,-482.20542004395946,216.07278950381567,9.52921056654109e-09,9.593599790283207e-09,-25.897953413224332
RIV,15,N1,0.01360363908082471,0.01360364044502878,-8.844125632874249e-09,-9.025198099438869e-09,-1.810724665646202e-10,60.004404990350416,-1.0865145616345155e-08,-1.340199279923484e-07,9.593599790264989e-09,9.593599790282788e-09,-65.62675247512895
RIV,15,N2,9.773672871482008,2.0285593765464068e-08,-9.535535828646604e-09,9.148157780365796,9.148157789901331,100.64633270106407,920.7285325242403,68.61118328122696,9.593599790285946e-09,9.476433833995872e-09,-87.1841110809975
RIV,15,N3,43.91814145688942,60.00000057527963,17.18147340641015,-9.350928897128435e-09,-17.181473415761076,16.74230422758297,-287.6574550048011,128.86105047794416,-2.5367929611271563e-05,9.593599790283238e-09,-25.901760488725227
RIV,15,N4,0.013603639088838012,0.013603640456944826,-8.842011931780237e-09,-9.026999262975545e-09,-1.8498733119530752e-10,60.01405939092049,-1.1101840680923064e-08,-1.3401758396066837e-07,9.593599790264926e-09,9.593599790282798e-09,-65.65158370402949
RIV,15,N5,0.013603636112253348,0.013603633871326602,-9.401883053097507e-09,-6.139444701165248e-09,3.262438351932259e-09,74.1006696174153,2.417488664637172e-07,-1.1655995815697068e-07,9.59359979028208e-09,9.593599790271138e-09,-69.69179835373139
RIV,15,N6,0.013603675561826022,0.013603730506085779,4.7911428274064355e-08,-9.452816467932926e-09,-5.7364244741997283e-08,44.80467098372714,-2.570186111895188e-06,2.884395885459857e-07,9.59359976561366e-09,9.593599790284778e-09,-55.873908697692734
RIV,15,N7,9.773672884168972,2.028559377174989e-08,-9.535535828655476e-09,9.148157792240797,9.148157801776332,100.64633270106395,920.7285337194146,68.61118337028947,9.593599790285946e-09,9.476433951325866e-09,-87.18411108099627
RIV,15,N8,50.97158455089377,60.00000058224441,9.64574361266385,-9.263848170055715e-09,-9.645743621927698,0.05736775697544019,-0.5533546759501504,72.34307702550001,9.442711738636637e-09,9.59359979028188e-09,-8.075141448069445
RIV,15,N9,43.91814103929655,60.0000005752639,17.181473852539565,-9.35093190348812e-09,-17.181473861890495,16.742851542763695,-287.66686615550736,128.86105382391474,-2.5368085612162194e-05,9.593599790283238e-09,-25.902345227380508
RIV,16,N1,0.01360364044502878,0.013603641808262028,-8.844697862997376e-09,-9.024790739156043e-09,-1.8009287615866666e-10,60.00829280134663,-1.0807066043965927e-08,-1.3402116451615064e-07,9.593599790265007e-09,9.593599790282785e-09,-65.62675247512955
RIV,16,N2,2.0285593765464068e-08,-7.479715665782218e-09,-9.526599428589671e-09,1.7642113974656824e-08,2.7168713403246493e-08,100.56514605869182,2.732225631624222e-06,6.086635909550364e-08,9.593599790285941e-09,9.593599786184793e-09,-87.14661411393878
RIV,16,N3,60.00000057527963,60.00000059954374,1.5266610547958764e-08,-9.33619637521365e-09,-2.4602806923172414e-08,16.84318686634199,-4.1438967444352543e-07,4.447810629558836e-08,9.593599786757994e-09,9.593599790283197e-09,-25.95775012003322
RIV,16,N4,0.013603640456944826,0.013603641822963114,-8.84324644614538e-09,-9.026125955506845e-09,-1.8287950936146473e-10,60.02262251285272,-1.0976907755738912e-08,-1.3402029301239168e-07,9.593599790264967e-09,9.593599790282791e-09,-65.6515837040301
RIV,16,N5,0.013603633871326602,0.013603631989112686,-9.393150287683994e-09,-6.467549168823323e-09,2.925601118860671e-09,74.07903054705268,2.1672569465257116e-07,-1.1895524592380487e-07,9.593599790282068e-09,9.593599790271194e-09,-69.69179835373065
RIV,16,N6,0.013603730506085779,0.013603751750192484,1.1916835928550917e-08,-9.444191583910973e-09,-2.136102751246189e-08,44.850792934459,-9.5805902182871e-07,1.854483258479958e-08,9.593599787164982e-09,9.593599790284757e-09,-55.873908699661975
RIV,16,N7,2.028559377174989e-08,-7.479715665737329e-09,-9.526599428591172e-09,1.7642113980497027e-08,2.7168713409088198e-08,100.56514605869185,2.7322256322116944e-06,6.086635913929391e-08,9.593599790285941e-09,9.593599786184793e-09,-87.14661411393028
RIV,16,N8,60.00000058224441,60.0000005997185,8.125491212572761e-09,-9.237033480578442e-09,-1.7362524693151203e-08,0.20674284451672256,-3.5895777430539154e-09,-8.33656701004261e-09,9.593599787974842e-09,9.593599790281853e-09,-8.157553722762723
RIV,16,N9,60.0000005752639,60.000000599543796,1.5283460646457146e-08,-9.336209641146706e-09,-2.4619670287603852e-08,16.843186866341032,-4.146737072418157e-07,4.460438253982831e-08,9.593599786737202e-09,9.593599790283198e-09,-25.958042115177296
RIV,17,N1,0.013603641808262028,0.013603641386027893,-9.30781506973923e-09,-7.759328402072422e-09,1.5484866676668082e-09,67.05686827119997,1.0383666649344258e-07,-1.280035760385874e-07,9.593599790279585e-09,9.593599790276523e-09,-65.62675247513047
RIV,17,N2,-7.479715665782218e-09,28.07999980031638,29.99999978378367,-9.523403656036204e-09,-29.999999793307076,67.09169327248486,-2012.7507843071676,224.999998306952,-0.03575265060465107,9.593599790285713e-09,-79.73338247613407
RIV,17,N3,60.00000059954374,60.000000013997784,-9.454870824604035e-09,5.397876396327354e-07,5.492425104573394e-07,67.08869327093943,3.6847962315433185e-05,3.977495766060985e-06,9.593599790284778e-09,9.593599784544636e-09,-55.801913762407914
RIV,17,N4,0.013603641822963114,0.013603641400416491,-9.30798220178473e-09,-7.759182336110775e-09,1.5487998656739553e-09,67.0886932716502,1.0390695912737302e-07,-1.280037340342163e-07,9.593599790279593e-09,9.593599790276515e-09,-65.65158370403103
RIV,17,N5,0.013603631989112686,0.013603632711513517,-9.144531200138317e-09,-8.687654385007756e-09,4.5687681513056194e-10,67.13875577218566,3.067414090902482e-08,-1.3374139188859555e-07,9.593599790274605e-09,9.593599790281023e-09,-69.69179835372958
RIV,17,N6,0.013603751750192484,0.013603738624042029,-9.436135892530703e-09,4.019115913628135e-09,1.3455251806158837e-08,67.08365552132531,9.026274771170497e-07,-4.0627649841769255e-08,9.593599790284775e-09,9.593599788800055e-09,-55.87390870166584
RIV,17,N7,-7.479715665737329e-09,28.079999800316383,29.99999978378367,-9.523403656036277e-09,-29.999999793307076,67.09169327248024,-2012.750784307029,224.999998306952,-0.03575265060861419,9.593599790285713e-09,-79.73338247613337
RIV,17,N8,60.0000005997185,60.00000019994005,-9.45459366335199e-09,3.659094998459011e-07,3.753640935092531e-07,67.06949352153752,2.5175479637836655e-05,2.6734117963691184e-06,9.593599790284778e-09,9.593599786133142e-09,-55.79421589567456
RIV,17,N9,60.000000599543796,60.00000010099073,-9.45478848696003e-09,4.583623612005375e-07,4.678171496874975e-07,67.08869327097437,3.138524126228603e-05,3.366806795351831e-06,9.593599790284777e-09,9.593599785292305e-09,-55.805935868868325
RIV,18,N1,0.013603641386027893,0.013603640938119187,-9.309906430107416e-09,-7.737129233746019e-09,1.5727771963613966e-09,67.12355252217644,1.0557039274564561e-07,-1.2785276747890076e-07,9.59359979027965e-09,9.593599790276422e-09,-65.6267524751313
RIV,18,N2,28.07999980031638,28.080000321722725,5.461888126271907e-07,-9.522504585644836e-09,-5.557113172128355e-07,67.15616502299734,-3.73194409238924e-05,4.024997310311594e-06,9.593599783139484e-09,9.593599790285696e-09,-79.73619047606186
RIV,18,N3,60.000000013997784,59.9999238783926,-9.45549294228964e-09,7.125464252749816e-05,7.126409802044045e-05,67.15205386903071,0.004785530549196502,0.0005343389027591689,9.593599790284788e-09,9.593599477593356e-09,-55.83481673000292
RIV,18,N4,0.013603641400416491,0.013603640951810896,-9.310103298036249e-09,-7.736649420952072e-09,1.5734538770841764e-09,67.15616502265061,1.0566712822499436e-07,-1.278506453924124e-07,9.59359979027966e-09,9.593599790276412e-09,-65.65158370403185
RIV,18,N5,0.013603632711513517,0.013603633422073417,-9.147937778496658e-09,-8.679555762396791e-09,4.683820160998669e-10,67.20904002297831,3.1479505666099224e-08,-1.3370620155670087e-07,9.593599790274738e-09,9.593599790280968e-09,-69.69179835372863
RIV,18,N6,0.013603738624042029,0.013603724410988833,-9.43766429308029e-09,5.035117856223567e-09,1.4472782149303857e-08,67.15572852257317,9.71930228984993e-07,-3.301909827642543e-08,9.593599790284803e-09,9.593599786015396e-09,-55.87390870365073
RIV,18,N7,28.079999800316383,28.080000321722725,5.46188812556757e-07,-9.522504585644781e-09,-5.557113171424018e-07,67.15616502299734,-3.7319440919162346e-05,4.024997309783342e-06,9.593599783139484e-09,9.593599790285696e-09,-79.73619047606118
RIV,18,N8,60.00000019994005,59.99999926703556,-9.455162210607655e-09,8.649149701086402e-07,8.743701323192479e-07,67.14113402239586,5.8706202239226623e-05,6.415948559235243e-06,9.593599790284785e-09,9.593599778680531e-09,-55.837414826468105
RIV,18,N9,60.00000010099073,59.999997378172885,-9.45540412304311e-09,2.5402736597250334e-06,2.5497290638480765e-06,67.15548117669574,0.00017122828215292355,1.8981136917014927e-05,9.593599790284788e-09,9.593599761302356e-09,-55.84286291222805
RIV,19,N1,0.013603640938119187,0.0136036404801481,-9.310712628348662e-09,-7.728417153524687e-09,1.5822954748239743e-09,67.14543825352555,1.0624392310362607e-07,-1.277934733640501e-07,9.593599790279671e-09,9.593599790276389e-09,-65.62675247513202
RIV,19,N2,28.080000321722725,28.08000060443857,2.911779847485683e-07,-9.52216419696832e-09,-3.007001489455366e-07,67.17857575477615,-2.0200607735410204e-05,2.112418654137e-06,9.593599786439852e-09,9.593599790285691e-09,-79.7389984760418
RIV,19,N3,59.9999238783926,34.96176266186817,-9.455572877202547e-09,23.435718890382883,23.435718899838456,67.16185452261004,1573.9863433837331,175.76789160695483,9.59359979028479e-09,8.014382157337039e-09,-55.841302187654605
RIV,19,N4,0.013603640951810896,0.01360364049288274,-9.310929483385544e-09,-7.727711323711282e-09,1.583218159674262e-09,67.17857575401771,1.0635834107481392e-07,-1.277898060532262e-07,9.59359979027968e-09,9.593599790276379e-09,-65.65158370403257
RIV,19,N5,0.013603633422073417,0.013603634127503502,-9.149397993612484e-09,-8.67603354508885e-09,4.733644485236347e-10,67.23482575486499,3.182657621503434e-08,-1.3369073654025998e-07,9.593599790274784e-09,9.593599790280948e-09,-69.6917983537278
RIV,19,N6,0.013603724410988833,0.013603709676839477,-9.438323616319837e-09,5.5222862305654875e-09,1.4960609846885324e-08,67.18240075401299,1.0050896862578828e-06,-2.9370280393157623e-08,9.593599790284813e-09,9.593599776466746e-09,-55.87390870558341
RIV,19,N7,28.080000321722725,28.08000060443857,2.911779847588336e-07,-9.522164196968344e-09,-3.00700148955802e-07,67.17857575477613,-2.020060773609981e-05,2.1124186542139893e-06,9.593599786439852e-09,9.593599790285691e-09,-79.73899847604112
RIV,19,N8,59.99999926703556,52.40074308975692,-9.455564585073877e-09,7.112903773648825,7.1129037831043895,67.17295846379164,477.79479037941763,53.346778231449456,9.59359979028479e-09,9.439615415979456e-09,-55.85322329433558
RIV,19,N9,59.999997378172885,43.676666206907605,-9.455587211630275e-09,15.278637968020307,15.278637977475894,67.17397677617544,1026.3268726705578,114.5897846892354,9.59359979028479e-09,9.127493226730105e-09,-55.8534121210418
RIV,20,N1,0.0136036404801481,0.01360364001993793,-9.310891010260482e-09,-7.726477650886984e-09,1.584413359373498e-09,67.14994232361583,1.0639326569869679e-07,-1.2778026495860598e-07,9.593599790279674e-09,9.593599790276382e-09,-65.62675247513263
RIV,20,N2,28.08000060443857,28.080000870909732,2.7382259800028635e-07,-9.522124797337904e-09,-2.8334472279762427e-07,67.18360482482488,-1.903611988563514e-05,1.982253549022113e-06,9.593599786644133e-09,9.593599790285691e-09,-79.74180647605002
RIV,20,N3,34.96176266186817,17.668603785791277,-9.455566493784963e-09,16.186396699723986,16.18639670917955,67.16486482028729,1087.1571468995876,121.39797517701315,9.59359979028479e-09,9.085030742426222e-09,-55.844798364045765
RIV,20,N4,0.01360364049288274,0.013603640031457222,-9.311128188052019e-09,-7.725547876625812e-09,1.5855803114262068e-09,67.1836048241281,1.0652500105977624e-07,-1.2777507048508376e-07,9.593599790279684e-09,9.59359979027637e-09,-65.6515837040332
RIV,20,N5,0.013603634127503502,0.013603634831983541,-9.149667398945402e-09,-8.675380325633916e-09,4.742870733114861e-10,67.23929232490636,3.1890727168315306e-08,-1.3368785793434487e-07,9.593599790274792e-09,9.593599790280945e-09,-69.6917983537271
RIV,20,N6,0.013603709676839477,0.013603694805701744,-9.43848989230641e-09,5.65036167604105e-09,1.508885156834746e-08,67.18875394913748,1.0138011354007547e-06,-2.8410961621990203e-08,9.593599790284816e-09,9.593599760762297e-09,-55.873908707350246
RIV,20,N7,28.08000060443857,28.080000870909732,2.7382259799634606e-07,-9.522124797337889e-09,-2.833447227936839e-07,67.18360482482488,-1.903611988537041e-05,1.9822535489925614e-06,9.593599786644133e-09,9.593599790285691e-09,-79.74180647604932
RIV,20,N8,52.40074308975692,29.90593658253321,-9.455615067361978e-09,21.05513888247737,21.055138891932984,67.17995106050758,1414.4832003322476,157.91354154766316,9.593599790284791e-09,8.383436856663943e-09,-55.85846336979073
RIV,20,N9,43.676666206907605,25.415517160938276,-9.455605801749481e-09,17.092435498743274,17.09243550819888,67.17882446709167,1148.2497247203773,128.19326616965753,9.593599790284791e-09,8.992884117304452e-09,-55.8577797880902
RIV,21,N1,0.01360364001993793,0.01360363955935649,-9.310920552861448e-09,-7.72615602470528e-09,1.5847645281561676e-09,67.15048193993523,1.0641770182700072e-07,-1.2777807433175046e-07,9.593599790279676e-09,9.59359979027638e-09,-65.62675247513315
RIV,21,N2,28.080000870909732,28.08000114770723,2.8485496626239294e-07,-9.5221618621417e-09,-2.943771281245346e-07,67.18440694087747,-1.977755277000556e-05,2.0649960330018843e-06,9.593599786490802e-09,9.593599790285691e-09,-79.74461447608486
RIV,21,N3,17.668603785791277,7.244722814253262,-9.455557733006378e-09,9.756752581075606,9.756752590531164,67.16610952592981,655.3231131130156,73.17564428715036,9.59359979028479e-09,9.393821451581038e-09,-55.84656522397553
RIV,21,N4,0.013603640031457222,0.013603639569531575,-9.311167926472215e-09,-7.725114570188437e-09,1.5860533562837782e-09,67.18440694045849,1.0655805411784934e-07,-1.277721187249549e-07,9.593599790279686e-09,9.593599790276369e-09,-65.65158370403371
RIV,21,N5,0.013603634831983541,0.013603635536838436,-9.149561139170241e-09,-8.675638097086226e-09,4.739230420840148e-10,67.23728194090714,3.18652971988953e-08,-1.336889942719235e-07,9.593599790274789e-09,9.593599790280947e-09,-69.6917983537265
RIV,21,N6,0.013603694805701744,0.013603679914171263,-9.43851440445401e-09,5.669427814919245e-09,1.5107942219373255e-08,67.18948294045175,1.01509482601391e-06,-2.8268149421510743e-08,9.593599790284818e-09,9.593599756336556e-09,-55.873908708764304
RIV,21,N7,28.080000870909732,28.08000114770723,2.848549662566234e-07,-9.522161862141682e-09,-2.9437712811876506e-07,67.18440694087747,-1.9777552769617935e-05,2.0649960329586127e-06,9.593599786490802e-09,9.593599790285691e-09,-79.74461447608418
RIV,21,N8,29.90593658253321,18.852319093740864,-9.455599535454098e-09,10.346185961225629,10.346185970681228,67.18207524238476,695.0782443540119,77.59639463827523,9.593599790284791e-09,9.332057529091609e-09,-55.861453963372426
RIV,21,N9,25.415517160938276,12.814046618238866,-9.45560286177154e-09,11.794976419682632,11.794976429138234,67.18101005337179,792.398430065219,88.46232307670272,9.593599790284791e-09,9.31917815917148e-09,-55.86032133962959
RIV,22,N1,0.01360363955935649,0.013603639099173405,-9.31088885467856e-09,-7.726501113766312e-09,1.5843877409122479e-09,67.14925543556116,1.0639045712348822e-07,-1.2778042476333656e-07,9.593599790279674e-09,9.593599790276382e-09,-65.62675247513356
RIV,22,N2,28.08000114770723,28.080001447495228,3.09417392235745e-07,-9.522228362049323e-09,-3.189396205977943e-07,67.18344293635855,-2.142746180057576e-05,2.2492137290527174e-06,9.593599786148174e-09,9.593599790285693e-09,-79.7474224761474
RIV,22,N3,7.244722814253262,3.1813897863559237,-9.455547854031517e-09,3.8032797058279404,3.8032797152834883,67.16628818281747,255.45218139659474,28.524597722792944,9.59359979028479e-09,9.54592261662213e-09,-55.84728969449451
RIV,22,N4,0.013603639569531575,0.013603639107876027,-9.311146467832336e-09,-7.725348581209821e-09,1.5857978866225144e-09,67.18344293609617,1.065393618240856e-07,-1.277737128678162e-07,9.593599790279684e-09,9.59359979027637e-09,-65.65158370403412
RIV,22,N5,0.013603635536838436,0.013603636242867463,-9.14922798682407e-09,-8.676445211603967e-09,4.72782775220103e-10,67.23125543635352,3.1785779526730856e-08,-1.336925489882103e-07,9.593599790274778e-09,9.593599790280952e-09,-69.69179835372603
RIV,22,N6,0.013603679914171263,0.013603665044955722,-9.438487578633198e-09,5.6485645312176325e-09,1.508705210985083e-08,67.18803293608873,1.0136693540651446e-06,-2.8424422855616745e-08,9.593599790284818e-09,9.593599764134378e-09,-55.87390870977268
RIV,22,N7,28.08000114770723,28.080001447495228,3.094173922289677e-07,-9.522228362049305e-09,-3.18939620591017e-07,67.18344293635853,-2.1427461800120432e-05,2.249213729001888e-06,9.593599786148174e-09,9.593599790285693e-09,-79.74742247614671
RIV,22,N8,18.852319093740864,8.469751093558497,-9.455611421697398e-09,9.718083639886672,9.718083649342283,67.18402656773803,652.8999900849125,72.88562722823295,9.59359979028479e-09,9.428868231713826e-09,-55.863339194718364
RIV,22,N9,12.814046618238866,6.409316005658793,-9.455596779286801e-09,5.9948278450909385,5.994827854546536,67.1817990580043,402.7433203114724,44.96120876726506,9.59359979028479e-09,9.513262943290881e-09,-55.86160274341481
RIV,23,N1,0.013603639099173405,0.013603638640037241,-9.310805492715542e-09,-7.72740800052331e-09,1.5833974921922316e-09,67.14645806675935,1.063195333124976e-07,-1.277866011992914e-07,9.593599790279671e-09,9.593599790276387e-09,-65.62675247513387
RIV,23,N2,28.080001447495228,28.080001787300098,3.52170354860894e-07,-9.522319663793436e-09,-3.6169267452468743e-07,67.1809080675127,-2.429884231593582e-05,2.5698602639782537e-06,9.593599785531436e-09,9.593599790285695e-09,-79.75023047623992
RIV,23,N3,3.1813897863559237,3.1813508942340682,-9.455530033468558e-09,3.639474210451399e-05,3.640419763454746e-05,67.16545436085377,0.002445104474766698,0.00027288964930860396,9.593599790284788e-09,9.593599582120378e-09,-55.847607829276924
RIV,23,N4,0.013603639107876027,0.01360363864713983,-9.311073387144291e-09,-7.726145071290287e-09,1.5849283158540043e-09,67.18090806730696,1.064769234806595e-07,-1.2777913843825934e-07,9.593599790279681e-09,9.593599790276376e-09,-65.65158370403444
RIV,23,N5,0.013603636242867463,0.013603636950346868,-9.148815774951013e-09,-8.677441627117989e-09,4.713741478330241e-10,67.22365806748685,3.1687494535780205e-08,-1.336969305155175e-07,9.593599790274763e-09,9.593599790280958e-09,-69.69179835372567
RIV,23,N6,0.013603665044955722,0.013603650226360824,-9.438426449984318e-09,5.601237165796342e-09,1.503966361578066e-08,67.18501206730657,1.0104399815144552e-06,-2.8778919631409818e-08,9.593599790284816e-09,9.593599772599286e-09,-55.873908710468065
RIV,23,N7,28.080001447495228,28.080001787300098,3.5217035485234016e-07,-9.522319663793418e-09,-3.6169267451613356e-07,67.1809080675127,-2.4298842315361164e-05,2.5698602639141007e-06,9.593599785531436e-09,9.593599790285695e-09,-79.75023047623924
RIV,23,N8,8.469751093558497,6.370961691797186,-9.455598471502764e-09,1.9644668717645744,1.9644668812201729,67.18400419184282,131.98075118263247,14.73350146731732,9.593599790284788e-09,9.593598702996337e-09,-55.86418616779513
RIV,23,N9,6.409316005658793,6.4090260401755295,-9.455580917997826e-09,0.0002713994083379842,0.00027140886391890224,67.18086164951801,0.01823348133738863,0.0020354246456779964,9.593599790284788e-09,9.59359962879835e-09,-55.862243673042876
RIV,24,N1,0.013603638640037241,0.013603638183081784,-9.310631594586353e-09,-7.729296790041172e-09,1.5813348045451807e-09,67.1409669071409,1.0617234778107811e-07,-1.2779946288470646e-07,9.593599790279666e-09,9.593599790276396e-09,-65.62675247513407
RIV,24,N2,28.080001787300098,28.08000221545146,4.465574774962145e-07,-9.522456831555212e-09,-4.5607993432776974e-07,67.17554815788051,-3.0637419592278076e-05,3.2777626549849448e-06,9.59359978410733e-09,9.593599790285696e-09,-79.75303847636643
RIV,24,N3,3.1813508942340682,3.181346380902173,-9.455469182337242e-09,4.216194755435431e-06,4.225650224617768e-06,67.16277440918292,0.00028380639276811626,3.15505446468982e-05,9.593599790284788e-09,9.593599746979398e-09,-55.8479259601701
RIV,24,N4,0.01360363864713983,0.013603638188522303,-9.310904736138494e-09,-7.727980390149703e-09,1.582924345988791e-09,67.17554815769518,1.0633381063395817e-07,-1.2779163844716147e-07,9.593599790279678e-09,9.593599790276384e-09,-65.65158370403465
RIV,24,N5,0.013603636950346868,0.013603637659435345,-9.148357582449415e-09,-8.678546300527606e-09,4.698112819218085e-10,67.21492315783983,3.1578329213060585e-08,-1.3370177912232763e-07,9.593599790274748e-09,9.593599790280963e-09,-69.69179835372545
RIV,24,N6,0.013603650226360824,0.013603635506581434,-9.438306009369944e-09,5.5088513679349496e-09,1.4947157377304892e-08,67.17932815770331,1.0041399904748014e-06,-2.947090981076246e-08,9.593599790284816e-09,9.593599779295187e-09,-55.87390871095122
RIV,24,N7,28.080001787300098,28.08000221545146,4.465574774823691e-07,-9.522456831555194e-09,-4.560799343139243e-07,67.1755481578805,-3.0637419591348e-05,3.2777626548811045e-06,9.59359978410733e-09,9.593599790285696e-09,-79.75303847636573
RIV,24,N8,6.370961691797186,6.370957566674372,-9.45551454498012e-09,3.852831015499182e-06,3.862286530044162e-06,67.17974815697856,0.0002594674363984574,2.8825316257156516e-05,9.593599790284788e-09,9.593599756531696e-09,-55.86482326193169
RIV,24,N9,6.4090260401755295,6.4090234646774755,-9.45546145837359e-09,2.402382286850313e-06,2.411837748308687e-06,67.17554815723511,0.00016201652280894768,1.7946951190439545e-05,9.593599790284788e-09,9.593599766767944e-09,-55.86288457367439
