{
  "model": "Single Investor Primal-Dual MPEC",
  "investor": "I2",
  "wacc": 0.12,
  "solver_status": "ok",
  "termination": "optimal",
  "profit_eur_per_day": 5701.950631780692,
  "spot_revenue_eur_per_day": 9584.43847464494,
  "degradation_cost_eur_per_day": 2517.10092396314,
  "capex_daily_eur_per_day": 1365.3869189011077,
  "lower_level_primal_objective_eur_per_day": 434612.4808040596,
  "lower_level_dual_objective_eur_per_day": 434612.48080380313,
  "strong_duality_gap": 2.564629539847374e-07,
  "total_power_mw": 37.689436065495705,
  "total_energy_mwh": 167.44039444712348,
  "total_charge_mwh": 178.88927673659484,
  "total_discharge_mwh": 156.7241797918238,
  "total_storage_throughput_mwh": 335.6134565284186,
  "total_load_shed_mwh": -2.1352780296357126e-06,
  "equivalent_cycles_throughput_over_2e": 1.0021878461185871,
  "equivalent_cycles_discharge_over_e": 0.9359998243513228,
  "line_limits_mw": {
    "L14": 400.0,
    "L45": 400.0,
    "L46": 200.0,
    "L69": 200.0,
    "L57": 400.0,
    "L93": 400.0,
    "L72": 400.0,
    "L98": 200.0,
    "L78": 200.0
  },
  "existing_power_mw_per_node": 0.0,
  "existing_ratio_hours": 2.0,
  "storage_units": [
    "I2",
    "RIV"
  ],
  "demand_model": "quadratic",
  "load_shed_allowed": true,
  "quadratic_demand_alpha_eur_per_mwh": 4000,
  "quadratic_demand_beta_eur_per_mwh_per_share": 10000,
  "quadratic_demand_source": "fixed_default"
}