profile_id,strategy_I1,strategy_I2,strategy_I3,status,lines_priced,lines_priced_hash,iso_objective_eur_per_day,reference_inexact,verify_status,verify_max_abs_profit_diff,profit_I1,profit_I2,profit_I3,menu_best_strategy_I1,menu_best_profit_I1,menu_regret_I1,menu_relative_regret_I1,menu_response_lines_I1,menu_best_strategy_I2,menu_best_profit_I2,menu_regret_I2,menu_relative_regret_I2,menu_response_lines_I2,menu_best_strategy_I3,menu_best_profit_I3,menu_regret_I3,menu_relative_regret_I3,menu_response_lines_I3,max_menu_regret,max_menu_relative_regret,restricted_pure_equilibrium
195,step5,exit,oracle_p33,optimal,L46-@11;L46-@12;L46-@13;L46-@14;L46-@15;L78-@13;L78-@14,36c21b2259,215184.29098828835,False,not_needed,,1049.605891233478,71952.61644496793,98889.33916317364,step5,1049.605891233478,0.0,0.0,L46-@11;L46-@12;L46-@13;L46-@14;L46-@15;L78-@13;L78-@14,exit,71952.61644496793,0.0,0.0,L46-@11;L46-@12;L46-@13;L46-@14;L46-@15;L78-@13;L78-@14,oracle_p33,98889.33916317364,0.0,0.0,L46-@11;L46-@12;L46-@13;L46-@14;L46-@15;L78-@13;L78-@14,0.0,0.0,True
402,exit,audit_selected,oracle_p33,optimal,L46-@14,4da644c89c,214073.31572962686,False,not_needed,,-1.7240402899715253e-18,71903.28261797375,125641.24199105459,exit,-1.7240402899715253e-18,0.0,0.0,L46-@14,audit_selected,71903.28261797375,0.0,0.0,L46-@14,oracle_p33,125641.24199105459,0.0,0.0,L46-@14,0.0,0.0,True
366,exit,sweep100,oracle_p33,optimal,L46-@14,4da644c89c,214093.26090673677,False,not_needed,,-1.1310197509138768e-18,71879.4454378738,125641.24199105935,exit,-1.1310197509138768e-18,0.0,0.0,L46-@14,audit_selected,71903.28261797375,23.837180099944817,0.0003316272121290579,L46-@14,oracle_p33,125641.24199105935,0.0,0.0,L46-@14,23.837180099944817,0.0003316272121290579,False
204,step5,oracle_p33,oracle_p33,optimal,L46-@11;L46-@12;L46-@13;L46-@14;L46-@15;L78-@13;L78-@14,36c21b2259,215103.6835941014,True,ma27_optimal,8.300547779072076e-05,1048.0409565899395,71878.87526215322,99735.57768657603,step5,1048.0409565899395,0.0,0.0,L46-@11;L46-@12;L46-@13;L46-@14;L46-@15;L78-@13;L78-@14,exit,71952.61644496793,73.74118281471601,0.0010259089690228273,L46-@11;L46-@12;L46-@13;L46-@14;L46-@15;L78-@13;L78-@14,oracle_p33,99735.57768657603,0.0,0.0,L46-@11;L46-@12;L46-@13;L46-@14;L46-@15;L78-@13;L78-@14,73.74118281471601,0.0010259089690228273,False
375,exit,step3,oracle_p33,optimal,L46-@14,4da644c89c,214088.3364634918,True,ma27_optimal,4.146769060753286e-05,-6.06387633879526e-19,71481.96131210307,120273.66251322295,exit,-6.06387633879526e-19,0.0,0.0,L46-@14,audit_selected,71903.28261797375,421.32130587067513,0.005894092693275591,L46-@14,oracle_p33,120273.66251322295,0.0,0.0,L46-@14,421.32130587067513,0.005894092693275591,False
429,exit,oracle_p75,oracle_p33,optimal,,da39a3ee5e,214180.9066625727,False,not_needed,,-4.087161953969173e-18,71071.56481537278,122054.49309120473,exit,-4.087161953969173e-18,0.0,0.0,,audit_selected,71903.28261797375,831.7178026009642,0.01170253961287572,L46-@14,oracle_p33,122054.49309120473,0.0,0.0,,831.7178026009642,0.01170253961287572,False
384,exit,step6,oracle_p33,optimal,,da39a3ee5e,214113.70570518787,False,not_needed,,-1.9293945421299262e-18,71037.98795692263,122054.49309120284,exit,-1.9293945421299262e-18,0.0,0.0,,audit_selected,71903.28261797375,865.2946610511135,0.012180731548531856,L46-@14,oracle_p33,122054.49309120284,0.0,0.0,,865.2946610511135,0.012180731548531856,False
393,exit,step9,oracle_p33,optimal,,da39a3ee5e,214110.22571396484,True,ma27_optimal,3.914374974556267e-05,-7.951041636942979e-19,71028.26674996964,122054.49305205888,exit,-7.951041636942979e-19,0.0,0.0,,audit_selected,71903.28261797375,875.0158680041059,0.012319262570270727,L46-@14,oracle_p33,122054.49305205888,0.0,0.0,,875.0158680041059,0.012319262570270727,False
286,step8,oracle_p75,oracle_p75,optimal,L46-@11;L46-@12;L46-@13;L46-@14;L46-@15,022685a836,214634.60551096871,True,ma27_optimal,6.833628765434696e-05,29.46819470220538,72662.2707228322,115431.51996583246,step8,29.46819470220538,0.0,0.0,L46-@11;L46-@12;L46-@13;L46-@14;L46-@15,sweep100,73089.48416631152,427.2134434793261,0.005879439759169067,L46-@11;L46-@13;L46-@14;L78-@14,oracle_p33,122054.49309120918,6622.973125376724,0.057375776801146805,,6622.973125376724,0.057375776801146805,False
223,step8,sweep100,oracle_p75,optimal,L46-@11;L46-@13;L46-@14;L78-@14,360eed243c,214596.43575673323,True,ma27_optimal,0.05267393685062416,417.5582435556724,73089.48416631152,111008.4426232657,step8,417.5582435556724,0.0,0.0,L46-@11;L46-@13;L46-@14;L78-@14,sweep100,73089.48416631152,0.0,0.0,L46-@11;L46-@13;L46-@14;L78-@14,oracle_p33,118750.59324649685,7742.150623231151,0.06974380002344537,,7742.150623231151,0.06974380002344537,False
259,step8,audit_selected,oracle_p75,optimal,L46-@11;L46-@13;L46-@14;L78-@14,360eed243c,214606.3691890027,True,ma27_optimal,0.041699336521560326,417.5581758596458,73061.23697373524,110927.95499059786,step8,417.5581758596458,0.0,0.0,L46-@11;L46-@13;L46-@14;L78-@14,sweep100,73089.48416631152,28.247192576280213,0.0003866235194790746,L46-@11;L46-@13;L46-@14;L78-@14,oracle_p33,118750.59310978862,7822.638119190757,0.07051998858046013,,7822.638119190757,0.07051998858046013,False
161,step5,step3,oracle_p129,optimal,L78-@14,f4b48bdbf6,214501.3900857138,True,ma27_optimal,10.022729867705493,388.87998097437975,72174.08951485611,114552.28972402705,step8,421.00658424083866,32.126603266458915,0.08261315788476004,L46-@12;L46-@13;L46-@14;L78-@14;L78-@15,step3,72174.08951485611,0.0,0.0,L78-@14,oracle_p75,123003.49702810639,8451.207304079333,0.07377597885157518,L46-@11,8451.207304079333,0.08261315788476004,False
233,step8,step3,oracle_p129,optimal,L46-@12;L46-@13;L46-@14;L78-@14;L78-@15,826f8c75fa,214739.52741041695,True,ma27_optimal,0.16788469700259157,421.00658424083866,73263.20564067135,110011.36850426311,step8,421.00658424083866,0.0,0.0,L46-@12;L46-@13;L46-@14;L78-@14;L78-@15,oracle_p75,74165.08986997986,901.8842293085036,0.012310193383182122,L46-@12;L46-@13;L46-@14;L46-@15;L78-@12;L78-@13;L78-@14;L78-@15,oracle_p33,120019.64844473252,10008.279940469409,0.09097496082944893,,10008.279940469409,0.09097496082944893,False
232,step8,step3,oracle_p75,optimal,L46-@11;L46-@14;L78-@14,5eda32166c,214541.12660268866,False,not_needed,,353.446430428656,72606.52997774903,109961.57073850729,step8,353.446430428656,0.0,0.0,L46-@11;L46-@14;L78-@14,sweep100,73089.48416631152,482.9541885624931,0.0066516632692748025,L46-@11;L46-@13;L46-@14;L78-@14,oracle_p33,120019.64844473252,10058.077706225231,0.0914690253938234,,10058.077706225231,0.0914690253938234,False
548,oracle_p75,audit_selected,oracle_p129,optimal,L78-@14,f4b48bdbf6,214432.95337454966,False,not_needed,,464.2865022264657,72036.64912439953,114572.74664395543,oracle_p75,464.2865022264657,0.0,0.0,L78-@14,sweep100,72038.7420076093,2.092883209770662,2.9053033909954337e-05,L78-@14,oracle_p75,125763.15889165386,11190.412247698434,0.09767080370756576,L46-@11,11190.412247698434,0.09767080370756576,False
512,oracle_p75,sweep100,oracle_p129,optimal,L78-@14,f4b48bdbf6,214426.9685219366,True,ma27_optimal,3.3587406505830586e-05,464.28650222654505,72038.7420076093,114572.74661036787,oracle_p75,464.28650222654505,0.0,0.0,L78-@14,sweep100,72038.7420076093,0.0,0.0,L78-@14,oracle_p75,125843.61070705773,11270.864096689853,0.09837299384136379,L46-@11,11270.864096689853,0.09837299384136379,False
224,step8,sweep100,oracle_p129,optimal,L46-@13;L46-@14;L78-@14;L78-@15,81c606c345,214843.10437692137,True,ma27_optimal,6.996741353759717e-05,421.0065840504855,73069.01873236125,110206.22224191658,oracle_p75,464.28650222654505,43.27991817605954,0.10280104828685904,L78-@14,oracle_p75,74165.08986997986,1096.0711376186082,0.01500049072279622,L46-@12;L46-@13;L46-@14;L46-@15;L78-@12;L78-@13;L78-@14;L78-@15,oracle_p33,118750.59324649685,8544.371004580273,0.07753074945100921,,8544.371004580273,0.10280104828685904,False
260,step8,audit_selected,oracle_p129,optimal,L46-@13;L46-@14;L78-@14,1233cfd709,214852.9582230963,True,ma27_optimal,6.836765192019811e-05,417.55817589217435,73050.24881423276,110855.51997307928,oracle_p75,464.2865022264657,46.72832633429135,0.11190854120973544,L78-@14,oracle_p75,74165.08986997986,1114.8410557470925,0.015261290328827492,L46-@12;L46-@13;L46-@14;L46-@15;L78-@12;L78-@13;L78-@14;L78-@15,oracle_p33,118750.59310978862,7895.073136709339,0.07121948585534234,,7895.073136709339,0.11190854120973544,False
156,step5,step3,step7,optimal,L46-@12;L46-@13;L46-@14;L78-@14;L78-@15,826f8c75fa,214629.2671319733,True,ma27_optimal,3.806115665487596,599.4585484914187,73263.98994015063,109899.4925847456,step8,669.3235440349324,69.86499554351371,0.11654683333707408,L46-@12;L46-@13;L46-@14;L78-@13;L78-@14;L78-@15,oracle_p75,75185.5785716823,1921.5886315316748,0.026228282586048358,L46-@12;L46-@13;L46-@14;L46-@15;L78-@12;L78-@13;L78-@14;L78-@15,oracle_p75,123003.49702810639,13104.004443360784,0.11923625974210968,L46-@11,13104.004443360784,0.11923625974210968,False
516,oracle_p75,step3,step7,optimal,L46-@14;L78-@14,3dad8f83cf,214451.71477263796,True,ma27_optimal,0.08589323589694686,592.157261061071,72819.19550563085,112574.9696148995,step8,669.3235440349324,77.16628297386137,0.1303138339224096,L46-@12;L46-@13;L46-@14;L78-@13;L78-@14;L78-@15,sweep100,73380.60207754362,561.4065719127684,0.007709595911003395,L46-@12;L46-@13;L46-@14;L78-@14;L78-@15,oracle_p129,125831.47990631728,13256.510291417784,0.11775717405712949,,13256.510291417784,0.1303138339224096,False
543,oracle_p75,audit_selected,step7,optimal,L46-@12;L46-@13;L46-@14;L78-@14;L78-@15,826f8c75fa,214556.9193640541,False,not_needed,,726.2180999916004,73374.17736592278,107264.74442928398,oracle_p75,726.2180999916004,0.0,0.0,L46-@12;L46-@13;L46-@14;L78-@14;L78-@15,sweep100,73380.60207754362,6.424711620842572,8.756093562455946e-05,L46-@12;L46-@13;L46-@14;L78-@14;L78-@15,oracle_p75,125763.15889165386,18498.41446236988,0.17245568020315621,L46-@11,18498.41446236988,0.17245568020315621,False
507,oracle_p75,sweep100,step7,optimal,L46-@12;L46-@13;L46-@14;L78-@14;L78-@15,826f8c75fa,214546.59875382183,True,ma27_optimal,0.028435656262445264,726.2173698690501,73380.60207754362,107264.77335041823,oracle_p75,726.2173698690501,0.0,0.0,L46-@12;L46-@13;L46-@14;L78-@14;L78-@15,sweep100,73380.60207754362,0.0,0.0,L46-@12;L46-@13;L46-@14;L78-@14;L78-@15,oracle_p75,125843.61070705773,18578.837356639502,0.17320539424387887,L46-@11,18578.837356639502,0.17320539424387887,False
542,oracle_p75,audit_selected,step4,optimal,L46-@12;L46-@13;L46-@14;L78-@14;L78-@15,826f8c75fa,214784.74121275384,False,not_needed,,726.2180999917211,73374.17736592348,107137.65528792384,step8,748.8025985547258,22.584498563004672,0.03109878225737163,L46-@12;L46-@13;L46-@14;L78-@13;L78-@14;L78-@15,oracle_p75,75221.48044593465,1847.3030800111737,0.025176474153822685,L46-@11;L46-@12;L46-@13;L46-@14;L46-@15;L78-@12;L78-@13;L78-@14;L78-@15,oracle_p75,125763.15889165386,18625.503603730016,0.17384647399343836,L46-@11,18625.503603730016,0.17384647399343836,False
506,oracle_p75,sweep100,step4,optimal,L46-@12;L46-@13;L46-@14;L78-@14;L78-@15,826f8c75fa,214774.42060252145,True,ma27_optimal,6.548361852765083e-11,726.2180999917937,73380.6059731652,107137.65528792358,step8,807.6459634044866,81.42786341269289,0.11212590737357417,L46-@12;L46-@13;L46-@14;L78-@13;L78-@14;L78-@15,oracle_p75,75221.48044593465,1840.874472769443,0.02508666218213895,L46-@11;L46-@12;L46-@13;L46-@14;L46-@15;L78-@12;L78-@13;L78-@14;L78-@15,oracle_p75,125843.61070705773,18705.955419134145,0.17459739406153174,L46-@11,18705.955419134145,0.17459739406153174,False
147,step5,sweep100,step7,optimal,L46-@12;L46-@13;L46-@14;L78-@14;L78-@15,826f8c75fa,214741.6484757647,True,ma27_optimal,2.0744337234646082e-05,608.2702877295703,73380.60597069272,107264.7444085365,oracle_p75,726.2173698690501,117.94708213947979,0.19390571020611425,L46-@12;L46-@13;L46-@14;L78-@14;L78-@15,oracle_p75,75185.5785716823,1804.9726009895821,0.02459740659147003,L46-@12;L46-@13;L46-@14;L46-@15;L78-@12;L78-@13;L78-@14;L78-@15,oracle_p75,125843.32437390338,18578.57996536688,0.1732030413889499,L46-@11;L46-@14;L78-@14,18578.57996536688,0.19390571020611425,False
183,step5,audit_selected,step7,optimal,L46-@12;L46-@13;L46-@14;L78-@14;L78-@15,826f8c75fa,214751.9691223565,True,ma27_optimal,3.83734586648643e-05,608.2702877292118,73374.17732754983,107264.74440673366,oracle_p75,726.2180999916004,117.94781226238865,0.19390691053266826,L46-@12;L46-@13;L46-@14;L78-@14;L78-@15,oracle_p75,75185.5785716823,1811.401244132474,0.024687176198871622,L46-@12;L46-@13;L46-@14;L46-@15;L78-@12;L78-@13;L78-@14;L78-@15,oracle_p75,119063.58041729408,11798.836010560422,0.10999733487287122,L46-@11;L46-@14;L78-@14,11798.836010560422,0.19390691053266826,False
188,step5,audit_selected,oracle_p129,optimal,L78-@14,f4b48bdbf6,214585.46181708883,True,ma27_optimal,4.439757321961224e-05,388.87998114296107,72036.64912370374,114572.74659955638,oracle_p75,464.2865022264657,75.40652108350463,0.19390692434688092,L78-@14,step3,72174.08951485611,137.44039115236956,0.0019079231588958604,L78-@14,oracle_p75,119063.58041729408,4490.833817737701,0.03919635298116427,L46-@11;L46-@14;L78-@14,4490.833817737701,0.19390692434688092,False
152,step5,sweep100,oracle_p129,optimal,L78-@14,f4b48bdbf6,214579.47693074544,True,ma27_optimal,4.457746399566531e-05,388.87998110477173,72038.74200673118,114572.74659937642,oracle_p75,464.28650222654505,75.40652112177332,0.1939069244643307,L78-@14,step3,72174.08951485611,135.3475081249344,0.0018788155422298706,L78-@14,oracle_p75,125843.32437390338,11270.577774526959,0.09837049480830287,L46-@11;L46-@14;L78-@14,11270.577774526959,0.1939069244643307,False
349,audit_selected,oracle_p33,oracle_p75,optimal,L46-@13;L46-@14;L78-@13;L78-@14,5c24fc1248,215085.37638541753,True,ma27_optimal,9.216650505550206e-05,2105.471359821683,71984.74665568222,102256.71597397524,step2,2483.1253634951163,377.6540036734332,0.17936791299095017,L46-@11;L46-@12;L46-@13;L46-@14;L46-@15;L78-@13;L78-@14;L78-@15,exit,72127.28123724554,142.53458156331908,0.0019800664472029218,L46-@12;L46-@13;L46-@14;L78-@13;L78-@14;L78-@15,oracle_p33,123557.04077568084,21300.324801705603,0.2083024532797105,L46-@13;L46-@14,21300.324801705603,0.2083024532797105,False
254,step8,audit_selected,step4,optimal,L46-@12;L46-@13;L46-@14;L78-@13;L78-@14;L78-@15,c51129645a,215296.14657238388,True,ma27_optimal,0.00023702692124061286,748.8025985547258,74247.961395086,98136.74838125557,step8,748.8025985547258,0.0,0.0,L46-@12;L46-@13;L46-@14;L78-@13;L78-@14;L78-@15,step9,75549.46117086754,1301.4997757815436,0.01752909778702263,L46-@11;L46-@12;L46-@13;L46-@14;L46-@15;L78-@12;L78-@13;L78-@14;L78-@15,oracle_p33,118750.59310978862,20613.844728533048,0.21005224921911472,,20613.844728533048,0.21005224921911472,False
61,sweep100,oracle_p33,oracle_p75,optimal,L46-@13;L46-@14;L78-@13;L78-@14,5c24fc1248,215086.09337114272,True,ma27_optimal,8.756537863519043e-05,2100.3603421716757,71984.74665546815,102256.71597857804,step2,2483.1253634951163,382.7650213234406,0.1822377873159037,L46-@11;L46-@12;L46-@13;L46-@14;L46-@15;L78-@13;L78-@14;L78-@15,exit,72035.30275199837,50.55609653022839,0.0007023167945870379,L46-@13;L46-@14;L78-@13;L78-@14,oracle_p33,123930.03414086974,21673.318162291704,0.21195007051499767,L46-@13;L46-@14,21673.318162291704,0.21195007051499767,False
242,step8,step6,oracle_p129,optimal,L46-@12;L78-@13;L78-@14;L78-@15,87b2f97093,214602.52357880946,False,not_needed,,534.6155526632785,72942.68318344517,101482.21523249395,step8,534.6155526632785,0.0,0.0,L46-@12;L78-@13;L78-@14;L78-@15,oracle_p75,74165.08986997986,1222.406686534683,0.016758455175832035,L46-@12;L46-@13;L46-@14;L46-@15;L78-@12;L78-@13;L78-@14;L78-@15,oracle_p75,123003.49708496177,21521.281852467815,0.212069492207703,L46-@11,21521.281852467815,0.212069492207703,False
109,step2,audit_selected,step1,optimal,L46-@12;L46-@13;L46-@14;L78-@14;L78-@15,826f8c75fa,214823.43877525377,True,ma27_optimal,0.0009743265109136701,1226.670304201966,73008.5085853496,103281.87331009342,oracle_p75,1338.1810036287977,111.5106994268317,0.09090519192064174,L46-@12;L46-@13;L46-@14;L46-@15;L78-@12;L78-@13;L78-@14;L78-@15,step3,75273.54882455127,2265.0402392016695,0.03102433241125252,L46-@12;L46-@13;L46-@14;L46-@15;L78-@12;L78-@13;L78-@14;L78-@15,step4,125899.78451729336,22617.91120719994,0.21899206978258365,,22617.91120719994,0.21899206978258365,False
182,step5,audit_selected,step4,optimal,L46-@12;L46-@13;L46-@14;L78-@14;L78-@15,826f8c75fa,214979.79091322102,True,ma27_optimal,8.021597750484943e-06,608.2702878537643,73374.17736444296,107137.6552799014,step8,748.8025985547258,140.5323107009615,0.23103596132702636,L46-@12;L46-@13;L46-@14;L78-@13;L78-@14;L78-@15,step6,75564.21360391854,2190.0362394755794,0.029847506549856982,L46-@11;L46-@12;L46-@13;L46-@14;L46-@15;L78-@12;L78-@13;L78-@14;L78-@15,oracle_p75,119063.58041729408,11925.925137392682,0.11131403899250666,L46-@11;L46-@14;L78-@14,11925.925137392682,0.23103596132702636,False
228,step8,step3,step7,optimal,L46-@12;L46-@13;L46-@14;L78-@13;L78-@14;L78-@15,c51129645a,214927.62277470325,True,ma27_optimal,0.9806085223535774,669.3235440349324,74216.93549662731,97363.11727079314,step8,669.3235440349324,0.0,0.0,L46-@12;L46-@13;L46-@14;L78-@13;L78-@14;L78-@15,step9,75514.83040974595,1297.8949131186382,0.017487853741651987,L46-@12;L46-@13;L46-@14;L46-@15;L78-@12;L78-@13;L78-@14;L78-@15,oracle_p33,120019.64844473252,22656.53117393938,0.2327013740832213,,22656.53117393938,0.2327013740832213,False
62,sweep100,oracle_p33,oracle_p129,optimal,L46-@12;L46-@13;L46-@14;L78-@13;L78-@14;L78-@15,c51129645a,215433.22055459718,True,ma27_optimal,0.019692594738444313,2243.567224967953,72050.07058266875,99757.28662179943,step2,2483.1254272056417,239.55820223768887,0.10677558469018494,L46-@12;L46-@13;L46-@14;L46-@15;L78-@12;L78-@13;L78-@14;L78-@15,oracle_p33,72050.07058266875,0.0,0.0,L46-@12;L46-@13;L46-@14;L78-@13;L78-@14;L78-@15,oracle_p33,123930.03414086974,24172.74751907031,0.24231560758778667,L46-@13;L46-@14,24172.74751907031,0.24231560758778667,False
52,sweep100,exit,oracle_p75,optimal,L46-@13;L46-@14;L78-@13;L78-@14,5c24fc1248,215168.76710290802,False,not_needed,,2100.3603419440665,72035.30275199837,102256.71606614238,audit_selected,2316.4727292633124,216.11238731924595,0.1028930050732224,L46-@12;L46-@13;L46-@14;L78-@13;L78-@14;L78-@15,exit,72035.30275199837,0.0,0.0,L46-@13;L46-@14;L78-@13;L78-@14,oracle_p33,127422.01602581955,25165.29995967717,0.24609923854194163,,25165.29995967717,0.24609923854194163,False
350,audit_selected,oracle_p33,oracle_p129,optimal,L46-@12;L46-@13;L46-@14;L78-@13;L78-@14;L78-@15,c51129645a,215436.5882608075,True,ma27_optimal,7.893952715676278e-05,2322.1622886568675,72085.47780015905,98545.14383964508,step2,2483.1254272056417,160.96313854877417,0.06931605914669936,L46-@12;L46-@13;L46-@14;L46-@15;L78-@12;L78-@13;L78-@14;L78-@15,oracle_p33,72085.47780015905,0.0,0.0,L46-@12;L46-@13;L46-@14;L78-@13;L78-@14;L78-@15,oracle_p33,123557.04077568084,25011.89693603576,0.253811562513275,L46-@13;L46-@14,25011.89693603576,0.253811562513275,False
155,step5,step3,step4,optimal,L46-@11;L46-@12;L46-@13;L46-@14;L78-@13;L78-@14;L78-@15,63a3647aee,214828.01012250778,True,ma27_optimal,2.7882312244037166,946.4358563045669,74250.83509157106,97193.78184141366,step5,946.4358563045669,0.0,0.0,L46-@11;L46-@12;L46-@13;L46-@14;L78-@13;L78-@14;L78-@15,step6,75564.21360391854,1313.3785123474809,0.01768840055102054,L46-@11;L46-@12;L46-@13;L46-@14;L46-@15;L78-@12;L78-@13;L78-@14;L78-@15,oracle_p75,123003.49702810639,25809.71518669273,0.26554903716788364,L46-@11,25809.71518669273,0.26554903716788364,False
340,audit_selected,exit,oracle_p75,optimal,L46-@12;L46-@13;L46-@14;L78-@13;L78-@14;L78-@15,c51129645a,215168.45690856595,False,not_needed,,2316.4727292633124,72127.28123724554,98908.66225045356,audit_selected,2316.4727292633124,0.0,0.0,L46-@12;L46-@13;L46-@14;L78-@13;L78-@14;L78-@15,exit,72127.28123724554,0.0,0.0,L46-@12;L46-@13;L46-@14;L78-@13;L78-@14;L78-@15,oracle_p33,125243.41486786678,26334.75261741322,0.26625324838313097,L46-@14,26334.75261741322,0.26625324838313097,False
227,step8,step3,step4,optimal,L46-@11;L46-@12;L46-@13;L46-@14;L78-@13;L78-@14;L78-@15,63a3647aee,215242.99055782426,False,not_needed,,780.1119444464941,74570.89809208132,92186.5570861506,step5,946.4358563045669,166.32391185807273,0.21320518554049708,L46-@11;L46-@12;L46-@13;L46-@14;L78-@13;L78-@14;L78-@15,step9,75549.46117086754,978.5630787862174,0.013122586743931557,L46-@11;L46-@12;L46-@13;L46-@14;L46-@15;L78-@12;L78-@13;L78-@14;L78-@15,oracle_p33,120019.64844473252,27833.09135858192,0.301921367261511,,27833.09135858192,0.301921367261511,False
515,oracle_p75,step3,step4,optimal,L46-@11;L46-@12;L46-@13;L46-@14;L78-@14;L78-@15,f6a6c96011,214632.35877240475,False,not_needed,,715.6977067727903,73299.64921896593,109816.92925022049,step5,946.4358563045669,230.73814953177657,0.32239610012475295,L46-@11;L46-@12;L46-@13;L46-@14;L78-@13;L78-@14;L78-@15,oracle_p75,75221.48044593465,1921.8312269687158,0.026218832524391552,L46-@11;L46-@12;L46-@13;L46-@14;L46-@15;L78-@12;L78-@13;L78-@14;L78-@15,oracle_p129,125831.47990631728,16014.550656096791,0.1458295252420258,,16014.550656096791,0.32239610012475295,False
218,step8,sweep100,step4,optimal,L46-@12;L46-@13;L46-@14;L78-@13;L78-@14;L78-@15,c51129645a,215355.36735775683,True,ma27_optimal,0.00012100081949029118,807.6459634044866,74422.32439449539,89708.56295245506,step8,807.6459634044866,0.0,0.0,L46-@12;L46-@13;L46-@14;L78-@13;L78-@14;L78-@15,step9,75549.46117086754,1127.13677637215,0.015145143416879333,L46-@11;L46-@12;L46-@13;L46-@14;L46-@15;L78-@12;L78-@13;L78-@14;L78-@15,oracle_p33,118750.59324649685,29042.03029404179,0.3237375489944463,,29042.03029404179,0.3237375489944463,False
146,step5,sweep100,step4,optimal,L46-@12;L46-@13;L46-@14;L78-@14;L78-@15,826f8c75fa,214969.4703785578,True,ma27_optimal,9.052548557519913e-05,608.2702880381216,73380.60597220626,107137.65519739507,step8,807.6459634044866,199.37567536636493,0.3277748055217677,L46-@12;L46-@13;L46-@14;L78-@13;L78-@14;L78-@15,step6,75564.21360391854,2183.607631712279,0.02975728535874104,L46-@11;L46-@12;L46-@13;L46-@14;L46-@15;L78-@12;L78-@13;L78-@14;L78-@15,oracle_p75,125843.32437390338,18705.66917650831,0.17459472248150448,L46-@11;L46-@14;L78-@14,18705.66917650831,0.3277748055217677,False
488,oracle_p33,oracle_p33,step4,optimal,L46-@11;L46-@12;L46-@13;L46-@14;L46-@15;L78-@13;L78-@14;L78-@15,413e143aad,214849.30101315829,True,ma27_optimal,0.021330414616386406,3603.994282751275,72581.98663079838,92136.37389638301,oracle_p33,3603.994282751275,0.0,0.0,L46-@11;L46-@12;L46-@13;L46-@14;L46-@15;L78-@13;L78-@14;L78-@15,oracle_p33,72581.98663079838,0.0,0.0,L46-@11;L46-@12;L46-@13;L46-@14;L46-@15;L78-@13;L78-@14;L78-@15,oracle_p75,123003.49702714472,30867.123130761713,0.33501560594814617,L46-@11,30867.123130761713,0.33501560594814617,False
345,audit_selected,oracle_p33,step7,optimal,L46-@12;L46-@13;L46-@14;L46-@15;L78-@13;L78-@14;L78-@15,50d1c683c0,215740.7349333873,True,ma27_optimal,9.716358908917755e-05,2918.3533158765404,72395.94220016332,90105.65236788755,sweep100,2930.296804371216,11.943488494675421,0.004092543705965959,L46-@12;L46-@13;L46-@14;L46-@15;L78-@13;L78-@14;L78-@15,oracle_p33,72395.94220016332,0.0,0.0,L46-@12;L46-@13;L46-@14;L46-@15;L78-@13;L78-@14;L78-@15,oracle_p33,123557.04077568084,33451.38840779329,0.3712462817672792,L46-@13;L46-@14,33451.38840779329,0.3712462817672792,False
57,sweep100,oracle_p33,step7,optimal,L46-@12;L46-@13;L46-@14;L46-@15;L78-@13;L78-@14;L78-@15,50d1c683c0,215724.39549361233,True,ma27_optimal,0.002085478976368904,2930.296804371216,72394.01569011829,90104.64525936272,sweep100,2930.296804371216,0.0,0.0,L46-@12;L46-@13;L46-@14;L46-@15;L78-@13;L78-@14;L78-@15,oracle_p33,72394.01569011829,0.0,0.0,L46-@12;L46-@13;L46-@14;L46-@15;L78-@13;L78-@14;L78-@15,oracle_p33,123930.03414086974,33825.388881507024,0.3754011658793168,L46-@13;L46-@14,33825.388881507024,0.3754011658793168,False
344,audit_selected,oracle_p33,step4,optimal,L46-@12;L46-@13;L46-@14;L46-@15;L78-@13;L78-@14;L78-@15,50d1c683c0,216118.64984311003,False,not_needed,,2918.35331629091,72395.94229529031,89828.47007384924,oracle_p33,3603.994282751275,685.6409664603652,0.2349410411114247,L46-@11;L46-@12;L46-@13;L46-@14;L46-@15;L78-@13;L78-@14;L78-@15,oracle_p33,72395.94229529031,0.0,0.0,L46-@12;L46-@13;L46-@14;L46-@15;L78-@13;L78-@14;L78-@15,oracle_p33,123557.04077568084,33728.5707018316,0.3754775148024104,L46-@13;L46-@14,33728.5707018316,0.3754775148024104,False
56,sweep100,oracle_p33,step4,optimal,L46-@12;L46-@13;L46-@14;L46-@15;L78-@13;L78-@14;L78-@15,50d1c683c0,216102.31048466678,True,ma27_optimal,9.251307346858084e-05,2930.298733568238,72395.94220481541,89828.47007529695,oracle_p33,3603.994282751275,673.6955491830372,0.22990678099317033,L46-@11;L46-@12;L46-@13;L46-@14;L46-@15;L78-@13;L78-@14;L78-@15,oracle_p33,72395.94220481541,0.0,0.0,L46-@12;L46-@13;L46-@14;L46-@15;L78-@13;L78-@14;L78-@15,oracle_p33,123930.03414086974,34101.56406557279,0.3796297992940081,L46-@13;L46-@14,34101.56406557279,0.3796297992940081,False
341,audit_selected,exit,oracle_p129,optimal,L46-@12;L46-@13;L46-@14;L78-@13;L78-@14;L78-@15,c51129645a,215545.8485733195,False,not_needed,,2905.8824495175068,71731.1338952323,90207.87071871803,sweep100,2916.2555710167117,10.373121499204899,0.0035696975632745413,L46-@12;L46-@13;L46-@14;L78-@13;L78-@14;L78-@15,oracle_p33,72085.47780015905,354.3439049267472,0.004939889915086078,L46-@12;L46-@13;L46-@14;L78-@13;L78-@14;L78-@15,oracle_p33,125243.41486786678,35035.54414914876,0.3883867767857525,L46-@14,35035.54414914876,0.3883867767857525,False
124,step2,exit,oracle_p75,optimal,L46-@11;L46-@12;L46-@13;L46-@14;L46-@15;L78-@13;L78-@14;L78-@15,413e143aad,216197.53823272107,True,ma27_optimal,0.0012677142658503726,2285.3622694044316,71591.26809292843,86469.57199441214,audit_selected,2316.4727292633124,31.11045985888086,0.013612922675488243,L46-@12;L46-@13;L46-@14;L78-@13;L78-@14;L78-@15,oracle_p33,71758.94390754806,167.6758146196371,0.002342126618039325,L46-@11;L46-@12;L46-@13;L46-@14;L46-@15;L78-@13;L78-@14;L78-@15,oracle_p33,120318.63955726934,33849.067562857206,0.39145640231739104,L46-@11;L46-@14,33849.067562857206,0.39145640231739104,False
336,audit_selected,exit,step7,optimal,L46-@12;L46-@13;L46-@14;L78-@13;L78-@14;L78-@15,c51129645a,215873.62593332893,False,not_needed,,2905.8824495176877,71731.13389523239,89944.01585978005,oracle_p33,4063.3832059080833,1157.5007563903955,0.39833020657202256,L46-@12;L46-@13;L46-@14;L78-@13;L78-@14;L78-@15,oracle_p33,72395.94220016332,664.8083049309353,0.009268057938438943,L46-@12;L46-@13;L46-@14;L46-@15;L78-@13;L78-@14;L78-@15,oracle_p33,125243.41486786678,35299.39900808674,0.3924596725046991,L46-@14,35299.39900808674,0.39833020657202256,False
335,audit_selected,exit,step4,optimal,L46-@12;L46-@13;L46-@14;L78-@13;L78-@14;L78-@15,c51129645a,216209.81142699858,False,not_needed,,2905.882449517593,71731.13389523241,89708.56307345543,oracle_p33,4063.39535518352,1157.512905665927,0.39833438749667466,L46-@11;L46-@12;L46-@13;L46-@14;L78-@13;L78-@14;L78-@15,oracle_p33,72395.94229529031,664.8084000578965,0.009268059264598949,L46-@12;L46-@13;L46-@14;L46-@15;L78-@13;L78-@14;L78-@15,oracle_p33,125243.41486786678,35534.851794411356,0.39611437946358147,L46-@14,35534.851794411356,0.39833438749667466,False
480,oracle_p33,exit,step7,optimal,L46-@12;L46-@13;L46-@14;L78-@13;L78-@14;L78-@15,c51129645a,214638.6024343799,True,ma27_optimal,0.08448938601941336,4063.3832059080833,71534.24864825846,87893.03682975977,oracle_p33,4063.3832059080833,0.0,0.0,L46-@12;L46-@13;L46-@14;L78-@13;L78-@14;L78-@15,oracle_p33,72225.36139470173,691.1127464432648,0.00966128476223382,L46-@12;L46-@13;L46-@14;L78-@13;L78-@14;L78-@15,oracle_p75,123003.49705532231,35110.460225562536,0.3994680522140573,L46-@11,35110.460225562536,0.3994680522140573,False
479,oracle_p33,exit,step4,optimal,L46-@11;L46-@12;L46-@13;L46-@14;L78-@13;L78-@14;L78-@15,63a3647aee,214974.8379996447,True,ma27_optimal,0.026408243691548705,4063.39535518352,71569.43997564113,87666.57639383058,oracle_p33,4063.39535518352,0.0,0.0,L46-@11;L46-@12;L46-@13;L46-@14;L78-@13;L78-@14;L78-@15,oracle_p33,72581.98663079838,1012.5466551572463,0.014147751547334582,L46-@11;L46-@12;L46-@13;L46-@14;L46-@15;L78-@13;L78-@14;L78-@15,oracle_p75,123003.49705532231,35336.920661491735,0.40308316025420293,L46-@11,35336.920661491735,0.40308316025420293,False
53,sweep100,exit,oracle_p129,optimal,L46-@12;L46-@13;L46-@14;L78-@13;L78-@14;L78-@15,c51129645a,215531.08142016485,False,not_needed,,2916.2555710167117,71731.13389523231,90207.87071872117,sweep100,2916.2555710167117,0.0,0.0,L46-@12;L46-@13;L46-@14;L78-@13;L78-@14;L78-@15,oracle_p33,72050.07058266875,318.936687436435,0.004446279740987525,L46-@12;L46-@13;L46-@14;L78-@13;L78-@14;L78-@15,oracle_p33,127422.01602581955,37214.145307098384,0.41253767559968796,,37214.145307098384,0.41253767559968796,False
276,step8,oracle_p33,oracle_p33,optimal,L46-@11;L46-@12;L46-@13;L46-@14;L46-@15;L78-@13;L78-@14,36c21b2259,215525.57155786446,True,ma27_optimal,9.36688295496424e-05,740.4224425830125,71878.87526238801,99735.5776788797,step5,1048.0409565899395,307.61851400692694,0.41546351962776745,L46-@11;L46-@12;L46-@13;L46-@14;L46-@15;L78-@13;L78-@14,exit,71952.61644496844,73.74118258043018,0.0010259089657600228,L46-@11;L46-@12;L46-@13;L46-@14;L46-@15;L78-@13;L78-@14,oracle_p33,99735.5776788797,0.0,0.0,L46-@11;L46-@12;L46-@13;L46-@14;L46-@15;L78-@13;L78-@14,307.61851400692694,0.41546351962776745,False
267,step8,exit,oracle_p33,optimal,L46-@11;L46-@12;L46-@13;L46-@14;L46-@15;L78-@13;L78-@14,36c21b2259,215606.72808762974,False,not_needed,,741.438241584445,71952.61644496844,98889.33916317491,step5,1049.605891233478,308.1676496490329,0.4156349542889536,L46-@11;L46-@12;L46-@13;L46-@14;L46-@15;L78-@13;L78-@14,exit,71952.61644496844,0.0,0.0,L46-@11;L46-@12;L46-@13;L46-@14;L46-@15;L78-@13;L78-@14,oracle_p33,98889.33916317491,0.0,0.0,L46-@11;L46-@12;L46-@13;L46-@14;L46-@15;L78-@13;L78-@14,308.1676496490329,0.4156349542889536,False
48,sweep100,exit,step7,optimal,L46-@12;L46-@13;L46-@14;L78-@13;L78-@14;L78-@15,c51129645a,215858.85878017847,False,not_needed,,2916.255571016865,71731.13389523239,89944.01585977853,oracle_p33,4063.3832059080833,1147.1276348912183,0.3933563458195909,L46-@12;L46-@13;L46-@14;L78-@13;L78-@14;L78-@15,oracle_p33,72394.01569011829,662.8817948859069,0.00924120056228423,L46-@12;L46-@13;L46-@14;L46-@15;L78-@13;L78-@14;L78-@15,oracle_p33,127422.01602581955,37478.00016604102,0.4166814190781597,,37478.00016604102,0.4166814190781597,False
47,sweep100,exit,step4,optimal,L46-@12;L46-@13;L46-@14;L78-@13;L78-@14;L78-@15,c51129645a,216195.0442738463,False,not_needed,,2916.2555710168303,71731.13389523241,89708.56307345568,oracle_p33,4063.39535518352,1147.1397841666899,0.3933605118726645,L46-@11;L46-@12;L46-@13;L46-@14;L78-@13;L78-@14;L78-@15,oracle_p33,72395.94220481541,664.8083095829934,0.009268058003293039,L46-@12;L46-@13;L46-@14;L46-@15;L78-@13;L78-@14;L78-@15,oracle_p33,127422.01602581955,37713.45295236388,0.420399699429843,,37713.45295236388,0.420399699429843,False
394,exit,step9,oracle_p75,optimal,L46-@11;L46-@12;L46-@13;L46-@14;L78-@13;L78-@14;L78-@15,63a3647aee,215129.12269285752,False,not_needed,,-2.1452445051562336e-20,74544.83059605907,85020.33906911133,exit,-2.1452445051562336e-20,0.0,0.0,L46-@11;L46-@12;L46-@13;L46-@14;L78-@13;L78-@14;L78-@15,step9,74544.83059605907,0.0,0.0,L46-@11;L46-@12;L46-@13;L46-@14;L78-@13;L78-@14;L78-@15,oracle_p33,122054.49305205888,37034.15398294755,0.4355916994502131,,37034.15398294755,0.4355916994502131,False
385,exit,step6,oracle_p75,optimal,L46-@11;L46-@12;L46-@13;L46-@14;L78-@13;L78-@14;L78-@15,63a3647aee,215230.5233084449,True,ma27_optimal,4.3655745685100555e-11,-9.282985019428894e-19,74456.63121779401,85020.33906914825,exit,-9.282985019428894e-19,0.0,0.0,L46-@11;L46-@12;L46-@13;L46-@14;L78-@13;L78-@14;L78-@15,step9,74544.83059605907,88.19937826505338,0.0011845738495347754,L46-@11;L46-@12;L46-@13;L46-@14;L78-@13;L78-@14;L78-@15,oracle_p33,122054.49309120284,37034.15402205459,0.43559169990999663,,37034.15402205459,0.43559169990999663,False
133,step2,oracle_p33,oracle_p75,optimal,L46-@11;L46-@12;L46-@13;L46-@14;L46-@15;L78-@13;L78-@14;L78-@15,413e143aad,216114.24347001532,True,ma27_optimal,0.00011366636317688972,2483.1253634951163,71758.94390754806,83277.82349713377,step2,2483.1253634951163,0.0,0.0,L46-@11;L46-@12;L46-@13;L46-@14;L46-@15;L78-@13;L78-@14;L78-@15,oracle_p33,71758.94390754806,0.0,0.0,L46-@11;L46-@12;L46-@13;L46-@14;L46-@15;L78-@13;L78-@14;L78-@15,oracle_p33,119957.7393477772,36679.91585064343,0.44045238348365184,L46-@11;L46-@12;L46-@13;L46-@14;L46-@15,36679.91585064343,0.44045238348365184,False
237,step8,step6,step7,optimal,L46-@12;L46-@13;L46-@14;L78-@12;L78-@13;L78-@14;L78-@15,abfbc86089,214794.07461675996,False,not_needed,,868.4035258254562,74669.14925764271,85070.56625854553,step8,868.4035258254562,0.0,0.0,L46-@12;L46-@13;L46-@14;L78-@12;L78-@13;L78-@14;L78-@15,step9,75514.83040974595,845.681152103236,0.011325710290139361,L46-@12;L46-@13;L46-@14;L46-@15;L78-@12;L78-@13;L78-@14;L78-@15,oracle_p75,123003.49708496177,37932.93082641624,0.4458995924763319,L46-@11,37932.93082641624,0.4458995924763319,False
287,step8,oracle_p75,oracle_p129,optimal,L46-@12;L46-@13;L46-@14;L46-@15;L78-@12;L78-@13;L78-@14;L78-@15,fd4d461036,214854.55701602722,False,not_needed,,817.0155182180233,74165.08986997986,83150.72556881853,step8,817.0155182180233,0.0,0.0,L46-@12;L46-@13;L46-@14;L46-@15;L78-@12;L78-@13;L78-@14;L78-@15,oracle_p75,74165.08986997986,0.0,0.0,L46-@12;L46-@13;L46-@14;L46-@15;L78-@12;L78-@13;L78-@14;L78-@15,oracle_p33,122054.49309120918,38903.767522390655,0.46787045159566887,,38903.767522390655,0.46787045159566887,False
564,oracle_p75,oracle_p33,oracle_p33,optimal,L46-@11;L46-@12;L46-@13;L46-@14;L46-@15;L78-@14,4810abf52d,214882.24201639154,True,ma27_optimal,6.713262700941414e-05,712.9200359462382,71878.87526224885,107999.54251694355,step5,1048.0409565899395,335.1209206437013,0.4700680353286817,L46-@11;L46-@12;L46-@13;L46-@14;L46-@15;L78-@13;L78-@14,oracle_p33,71878.87526224885,0.0,0.0,L46-@11;L46-@12;L46-@13;L46-@14;L46-@15;L78-@14,oracle_p33,107999.54251694355,0.0,0.0,L46-@11;L46-@12;L46-@13;L46-@14;L46-@15;L78-@14,335.1209206437013,0.4700680353286817,False
73,step2,sweep100,step1,optimal,L46-@12;L46-@13;L46-@14;L78-@13;L78-@14;L78-@15,c51129645a,214818.00970333573,True,ma27_optimal,0.013218375912401825,2237.596315883937,74037.38492493382,85498.6697831492,step2,2237.596315883937,0.0,0.0,L46-@12;L46-@13;L46-@14;L78-@13;L78-@14;L78-@15,step3,75273.54882455127,1236.1638996174443,0.016696482471264824,L46-@12;L46-@13;L46-@14;L46-@15;L78-@12;L78-@13;L78-@14;L78-@15,step4,125899.78457402148,40401.11479087228,0.47253501011585175,,40401.11479087228,0.47253501011585175,False
555,oracle_p75,exit,oracle_p33,optimal,L46-@11;L46-@13;L46-@14;L78-@14,360eed243c,214963.0476082921,True,ma27_optimal,4.656612873077393e-10,710.0904802379337,71822.62500000255,108060.22400496132,step5,1049.605891233478,339.51541099554424,0.47812978830779573,L46-@11;L46-@12;L46-@13;L46-@14;L46-@15;L78-@13;L78-@14,oracle_p33,71878.87526224885,56.2502622463071,0.0007831830463771702,L46-@11;L46-@12;L46-@13;L46-@14;L46-@15;L78-@14,oracle_p33,108060.22400496132,0.0,0.0,L46-@11;L46-@13;L46-@14;L78-@14,339.51541099554424,0.47812978830779573,False
210,step5,oracle_p75,step7,optimal,L46-@12;L46-@13;L46-@14;L46-@15;L78-@12;L78-@13;L78-@14;L78-@15,fd4d461036,214696.86992911948,True,ma27_optimal,0.6647747455135686,1023.4564914262935,75185.5785716823,84400.79061115818,step5,1023.4564914262935,0.0,0.0,L46-@12;L46-@13;L46-@14;L46-@15;L78-@12;L78-@13;L78-@14;L78-@15,oracle_p75,75185.5785716823,0.0,0.0,L46-@12;L46-@13;L46-@14;L46-@15;L78-@12;L78-@13;L78-@14;L78-@15,oracle_p129,125831.41298269322,41430.622371535035,0.4908795530412687,L46-@12;L78-@14,41430.622371535035,0.4908795530412687,False
569,oracle_p75,oracle_p75,step4,optimal,L46-@11;L46-@12;L46-@13;L46-@14;L46-@15;L78-@12;L78-@13;L78-@14;L78-@15,134084a305,214864.748214509,False,not_needed,,1222.1587393924647,75221.48044593465,84059.87445753602,oracle_p75,1222.1587393924647,0.0,0.0,L46-@11;L46-@12;L46-@13;L46-@14;L46-@15;L78-@12;L78-@13;L78-@14;L78-@15,oracle_p75,75221.48044593465,0.0,0.0,L46-@11;L46-@12;L46-@13;L46-@14;L46-@15;L78-@12;L78-@13;L78-@14;L78-@15,oracle_p129,125831.50857656213,41771.634119026116,0.4969271532772467,,41771.634119026116,0.4969271532772467,False
164,step5,step6,step4,optimal,L46-@11;L46-@12;L46-@13;L46-@14;L46-@15;L78-@12;L78-@13;L78-@14;L78-@15,134084a305,214696.79461040543,True,ma27_optimal,0.03524734766688198,1023.6626691527367,75564.21360391854,84059.87799227281,step5,1023.6626691527367,0.0,0.0,L46-@11;L46-@12;L46-@13;L46-@14;L46-@15;L78-@12;L78-@13;L78-@14;L78-@15,step6,75564.21360391854,0.0,0.0,L46-@11;L46-@12;L46-@13;L46-@14;L46-@15;L78-@12;L78-@13;L78-@14;L78-@15,step7,125865.87236883077,41805.99437655795,0.4973358916890286,L46-@12;L46-@13;L46-@15;L78-@13;L78-@14;L78-@15,41805.99437655795,0.4973358916890286,False
209,step5,oracle_p75,step4,optimal,L46-@11;L46-@12;L46-@13;L46-@14;L46-@15;L78-@12;L78-@13;L78-@14;L78-@15,134084a305,215140.3482422154,True,ma27_optimal,1.157695943460567,1034.6997479612337,75221.35923307893,83817.47349837648,oracle_p75,1222.1587393924647,187.45899143123097,0.18117235632906944,L46-@11;L46-@12;L46-@13;L46-@14;L46-@15;L78-@12;L78-@13;L78-@14;L78-@15,step6,75564.21360391854,342.85437083961733,0.004557939052620118,L46-@11;L46-@12;L46-@13;L46-@14;L46-@15;L78-@12;L78-@13;L78-@14;L78-@15,oracle_p129,125831.41298269322,42013.93948431674,0.5012551408523491,L46-@12;L78-@14,42013.93948431674,0.5012551408523491,False
76,step2,sweep100,audit_selected,optimal,L46-@12;L46-@13;L46-@14;L78-@12;L78-@13;L78-@14;L78-@15,abfbc86089,214848.44874020695,True,ma27_optimal,0.0010377558501204476,2237.5992487899853,74358.70957568906,83053.37122573929,step2,2237.5992487899853,0.0,0.0,L46-@12;L46-@13;L46-@14;L78-@12;L78-@13;L78-@14;L78-@15,step9,75083.98687960605,725.2773039169842,0.00975376399154333,L46-@12;L46-@13;L46-@14;L46-@15;L78-@12;L78-@13;L78-@14;L78-@15,step4,125899.78457402148,42846.41334828219,0.5158901163906462,,42846.41334828219,0.5158901163906462,False
489,oracle_p33,oracle_p33,step7,optimal,L46-@12;L46-@13;L46-@14;L78-@13;L78-@14;L78-@15,c51129645a,214548.39744894687,True,ma27_optimal,0.00014770359848625958,1924.0209246120896,72225.36139470173,108520.67176217362,sweep100,2930.296804371216,1006.2758797591262,0.5230067235167964,L46-@12;L46-@13;L46-@14;L46-@15;L78-@13;L78-@14;L78-@15,oracle_p33,72225.36139470173,0.0,0.0,L46-@12;L46-@13;L46-@14;L78-@13;L78-@14;L78-@15,oracle_p75,123003.49702714472,14482.825264971107,0.13345683388977414,L46-@11,14482.825264971107,0.5230067235167964,False
134,step2,oracle_p33,oracle_p129,optimal,L46-@12;L46-@13;L46-@14;L46-@15;L78-@12;L78-@13;L78-@14;L78-@15,fd4d461036,216554.78434315335,True,ma27_optimal,0.11914073859225027,2483.1254272056417,71970.38636888658,78523.67005048924,step2,2483.1254272056417,0.0,0.0,L46-@12;L46-@13;L46-@14;L46-@15;L78-@12;L78-@13;L78-@14;L78-@15,exit,72020.9477419974,50.56137311081693,0.0007025302441988146,L46-@12;L46-@13;L46-@14;L46-@15;L78-@12;L78-@13;L78-@14;L78-@15,oracle_p33,119957.7393477772,41434.06929728796,0.5276634328304655,L46-@11;L46-@12;L46-@13;L46-@14;L46-@15,41434.06929728796,0.5276634328304655,False
246,step8,step9,step7,optimal,L46-@12;L46-@13;L46-@14;L46-@15;L78-@12;L78-@13;L78-@14;L78-@15,fd4d461036,214697.69886624734,True,ma27_optimal,0.0338257756375242,791.593408440131,75514.83040974595,82268.7992348173,step8,791.593408440131,0.0,0.0,L46-@12;L46-@13;L46-@14;L46-@15;L78-@12;L78-@13;L78-@14;L78-@15,step9,75514.83040974595,0.0,0.0,L46-@12;L46-@13;L46-@14;L46-@15;L78-@12;L78-@13;L78-@14;L78-@15,oracle_p129,125831.57904297426,43562.77980815696,0.5295176326059782,,43562.77980815696,0.5295176326059782,False
129,step2,oracle_p33,step7,optimal,L46-@12;L46-@13;L46-@14;L46-@15;L78-@12;L78-@13;L78-@14;L78-@15,fd4d461036,216863.56055787797,True,ma27_optimal,0.5813741637102794,2483.1254272270235,71971.55169268005,78288.72195393623,sweep100,2930.296804371216,447.1713771441923,0.1800840876747661,L46-@12;L46-@13;L46-@14;L46-@15;L78-@13;L78-@14;L78-@15,exit,72022.16894255497,50.61724987492198,0.0007032952421403757,L46-@12;L46-@13;L46-@14;L46-@15;L78-@12;L78-@13;L78-@14;L78-@15,oracle_p33,119957.7393477772,41669.01739384097,0.5322480218588614,L46-@11;L46-@12;L46-@13;L46-@14;L46-@15,41669.01739384097,0.5322480218588614,False
125,step2,exit,oracle_p129,optimal,L46-@12;L46-@13;L46-@14;L46-@15;L78-@12;L78-@13;L78-@14;L78-@15,fd4d461036,216637.4581054448,True,ma27_optimal,0.03726424580963794,2483.125427610905,72020.9477419974,78523.70260245621,sweep100,2916.2555710167117,433.13014340580685,0.17442942615369025,L46-@12;L46-@13;L46-@14;L78-@13;L78-@14;L78-@15,exit,72020.9477419974,0.0,0.0,L46-@12;L46-@13;L46-@14;L46-@15;L78-@12;L78-@13;L78-@14;L78-@15,oracle_p33,120318.63955726934,41794.936954813136,0.5322588666814317,L46-@11;L46-@14,41794.936954813136,0.5322588666814317,False
245,step8,step9,step4,optimal,L46-@11;L46-@12;L46-@13;L46-@14;L46-@15;L78-@12;L78-@13;L78-@14;L78-@15,134084a305,215141.22129053037,True,ma27_optimal,4.9502098809171,791.5936994045878,75549.46117086754,81930.3425261059,step8,791.5936994045878,0.0,0.0,L46-@11;L46-@12;L46-@13;L46-@14;L46-@15;L78-@12;L78-@13;L78-@14;L78-@15,step9,75549.46117086754,0.0,0.0,L46-@11;L46-@12;L46-@13;L46-@14;L46-@15;L78-@12;L78-@13;L78-@14;L78-@15,oracle_p129,125831.57904297426,43901.23651686836,0.535836115940561,,43901.23651686836,0.535836115940561,False
128,step2,oracle_p33,step4,optimal,L46-@11;L46-@12;L46-@13;L46-@14;L46-@15;L78-@12;L78-@13;L78-@14;L78-@15,134084a305,217307.1759059816,False,not_needed,,2483.125431138077,72006.82836831815,77955.72370991464,oracle_p33,3603.994282751275,1120.8688516131979,0.45139437483006095,L46-@11;L46-@12;L46-@13;L46-@14;L46-@15;L78-@13;L78-@14;L78-@15,oracle_p75,72910.01993369835,903.1915653801989,0.012543137725221469,L46-@11;L46-@12;L46-@13;L46-@14;L46-@15,oracle_p33,119957.7393477772,42002.015637862554,0.538793223114169,L46-@11;L46-@12;L46-@13;L46-@14;L46-@15,42002.015637862554,0.538793223114169,False
255,step8,audit_selected,step7,optimal,L46-@12;L46-@13;L46-@14;L78-@13;L78-@14;L78-@15,c51129645a,215039.81226473907,True,ma27_optimal,0.01588463457301259,471.77064031217134,73490.18603556936,106078.44107494185,oracle_p75,726.2180999916004,254.44745967942907,0.5393456860966609,L46-@12;L46-@13;L46-@14;L78-@14;L78-@15,step9,75514.83040974595,2024.6443741765834,0.027549860510580997,L46-@12;L46-@13;L46-@14;L46-@15;L78-@12;L78-@13;L78-@14;L78-@15,oracle_p33,118750.59310978862,12672.152034846775,0.11946020234115438,,12672.152034846775,0.5393456860966609,False
181,step5,audit_selected,step1,optimal,L46-@12;L46-@13;L46-@14;L46-@15;L78-@12;L78-@13;L78-@14;L78-@15,fd4d461036,216352.86748936638,True,ma27_optimal,9.834809134190436e-06,1120.842015102865,74473.44639065642,76950.10765282226,oracle_p75,1338.1810036287977,217.3389885259328,0.193906889282685,L46-@12;L46-@13;L46-@14;L46-@15;L78-@12;L78-@13;L78-@14;L78-@15,step3,75075.26695091189,601.8205602554663,0.008081008593298723,L46-@12;L46-@13;L46-@14;L46-@15;L78-@12;L78-@13;L78-@14;L78-@15,oracle_p75,119063.58041729408,42113.47276447182,0.5472828310322351,L46-@11;L46-@14;L78-@14,42113.47276447182,0.5472828310322351,False
395,exit,step9,oracle_p129,optimal,L46-@12;L46-@13;L46-@14;L46-@15;L78-@12;L78-@13;L78-@14;L78-@15,fd4d461036,215548.1280127263,False,not_needed,,-2.3909432478593645e-18,75332.07612347903,78523.73880993956,exit,-2.3909432478593645e-18,0.0,0.0,L46-@12;L46-@13;L46-@14;L46-@15;L78-@12;L78-@13;L78-@14;L78-@15,step9,75332.07612347903,0.0,0.0,L46-@12;L46-@13;L46-@14;L46-@15;L78-@12;L78-@13;L78-@14;L78-@15,oracle_p33,122054.49305205888,43530.75424211932,0.5543642585267372,,43530.75424211932,0.5543642585267372,False
282,step8,oracle_p75,step7,optimal,L46-@12;L46-@13;L46-@14;L46-@15;L78-@12;L78-@13;L78-@14;L78-@15,fd4d461036,215162.72121157215,True,ma27_optimal,0.620505988059449,877.4541646906268,74980.58274711035,78288.6939707692,step5,1023.4564914262935,146.00232673566666,0.16639310930519569,L46-@12;L46-@13;L46-@14;L46-@15;L78-@12;L78-@13;L78-@14;L78-@15,step9,75514.83040974595,534.2476626355929,0.007125146845516908,L46-@12;L46-@13;L46-@14;L46-@15;L78-@12;L78-@13;L78-@14;L78-@15,oracle_p33,122054.49309120918,43765.79912043997,0.5590309008958674,,43765.79912043997,0.5590309008958674,False
281,step8,oracle_p75,step4,optimal,L46-@11;L46-@12;L46-@13;L46-@14;L46-@15;L78-@12;L78-@13;L78-@14;L78-@15,134084a305,215606.33681747323,True,ma27_optimal,1.3157445574906887,877.454164712173,75015.71504602683,77954.42118443876,oracle_p75,1222.1587393924647,344.70457468029167,0.3928462460410834,L46-@11;L46-@12;L46-@13;L46-@14;L46-@15;L78-@12;L78-@13;L78-@14;L78-@15,step9,75549.46117086754,533.7461248407053,0.007115124137831902,L46-@11;L46-@12;L46-@13;L46-@14;L46-@15;L78-@12;L78-@13;L78-@14;L78-@15,oracle_p33,122054.49309120918,44100.07190677042,0.5657161099616203,,44100.07190677042,0.5657161099616203,False
556,oracle_p75,exit,oracle_p75,optimal,L46-@11;L46-@12;L46-@13;L46-@14;L46-@15;L78-@13;L78-@14;L78-@15,413e143aad,217537.11608972854,True,ma27_optimal,6.548361852765083e-11,1470.0695604471289,71809.49999999991,83277.82354036192,audit_selected,2316.4727292633124,846.4031688161836,0.5757572237321518,L46-@12;L46-@13;L46-@14;L78-@13;L78-@14;L78-@15,exit,71809.49999999991,0.0,0.0,L46-@11;L46-@12;L46-@13;L46-@14;L46-@15;L78-@13;L78-@14;L78-@15,oracle_p33,108060.22400496132,24782.4004645994,0.29758703351064664,L46-@11;L46-@13;L46-@14;L78-@14,24782.4004645994,0.5757572237321518,False
236,step8,step6,step4,optimal,L46-@11;L46-@12;L46-@13;L46-@14;L46-@15;L78-@12;L78-@13;L78-@14;L78-@15,134084a305,215162.68626069036,False,not_needed,,877.4542679901292,75358.73501437431,77955.72523286848,step5,1023.6626691527367,146.20840116260752,0.1666279446078804,L46-@11;L46-@12;L46-@13;L46-@14;L46-@15;L78-@12;L78-@13;L78-@14;L78-@15,step9,75549.46117086754,190.72615649322688,0.002530909740680318,L46-@11;L46-@12;L46-@13;L46-@14;L46-@15;L78-@12;L78-@13;L78-@14;L78-@15,oracle_p75,123003.49708496177,45047.77185209328,0.5778635464877926,L46-@11,45047.77185209328,0.5778635464877926,False
82,step2,step3,step1,optimal,L46-@12;L46-@13;L46-@14;L46-@15;L78-@12;L78-@13;L78-@14;L78-@15,fd4d461036,214712.3227850461,True,ma27_optimal,0.2508692035189597,2063.930562005221,75273.54882455127,79483.17423307539,step2,2063.930562005221,0.0,0.0,L46-@12;L46-@13;L46-@14;L46-@15;L78-@12;L78-@13;L78-@14;L78-@15,step3,75273.54882455127,0.0,0.0,L46-@12;L46-@13;L46-@14;L46-@15;L78-@12;L78-@13;L78-@14;L78-@15,step4,125906.707390228,46423.533157152604,0.5840674281706574,L46-@11,46423.533157152604,0.5840674281706574,False
100,step2,step9,step1,optimal,L46-@12;L46-@13;L46-@14;L46-@15;L78-@12;L78-@13;L78-@14;L78-@15,fd4d461036,214904.40490981832,True,ma27_optimal,2.876098278647987e-06,2064.3740511628716,75083.98687960602,79474.71114184918,step2,2064.3740511628716,0.0,0.0,L46-@12;L46-@13;L46-@14;L46-@15;L78-@12;L78-@13;L78-@14;L78-@15,step3,75273.54882455127,189.5619449452497,0.0025246654156658496,L46-@12;L46-@13;L46-@14;L46-@15;L78-@12;L78-@13;L78-@14;L78-@15,step4,125909.01007450257,46434.298932653386,0.5842650859060797,L46-@11,46434.298932653386,0.5842650859060797,False
103,step2,step9,audit_selected,optimal,L46-@12;L46-@13;L46-@14;L46-@15;L78-@12;L78-@13;L78-@14;L78-@15,fd4d461036,214951.3906465935,True,ma27_optimal,2.8765143724740483e-06,2064.3740511624846,75083.98687960605,79438.97353504265,step2,2064.3740511624846,0.0,0.0,L46-@12;L46-@13;L46-@14;L46-@15;L78-@12;L78-@13;L78-@14;L78-@15,step9,75083.98687960605,0.0,0.0,L46-@12;L46-@13;L46-@14;L46-@15;L78-@12;L78-@13;L78-@14;L78-@15,step4,125909.01007450257,46470.03653945992,0.5849778071334312,L46-@11,46470.03653945992,0.5849778071334312,False
253,step8,audit_selected,step1,optimal,L46-@12;L46-@13;L46-@14;L46-@15;L78-@12;L78-@13;L78-@14;L78-@15,fd4d461036,216803.07669622015,True,ma27_optimal,0.026547671208390966,869.536329884849,74471.46546695956,74804.25689641687,oracle_p75,1338.1810036287977,468.6446737439487,0.5389592793736524,L46-@12;L46-@13;L46-@14;L46-@15;L78-@12;L78-@13;L78-@14;L78-@15,step3,75075.26695108466,603.8014841250988,0.008107823316475285,L46-@12;L46-@13;L46-@14;L46-@15;L78-@12;L78-@13;L78-@14;L78-@15,oracle_p33,118750.59310978862,43946.336213371746,0.5874844298530393,,43946.336213371746,0.5874844298530393,False
112,step2,audit_selected,audit_selected,optimal,L46-@12;L46-@13;L46-@14;L78-@12;L78-@13;L78-@14;L78-@15,abfbc86089,214862.21537823527,True,ma27_optimal,7.79994297772646e-06,2237.599252645595,74388.00143364532,77470.07123036133,step2,2237.599252645595,0.0,0.0,L46-@12;L46-@13;L46-@14;L78-@12;L78-@13;L78-@14;L78-@15,step9,75083.98687960605,695.9854459607304,0.009356151967351279,L46-@12;L46-@13;L46-@14;L46-@15;L78-@12;L78-@13;L78-@14;L78-@15,step4,125899.78451729336,48429.713286932034,0.625140941757027,,48429.713286932034,0.625140941757027,False
541,oracle_p75,audit_selected,step1,optimal,L46-@12;L46-@13;L46-@14;L46-@15;L78-@12;L78-@13;L78-@14;L78-@15,fd4d461036,216058.42661242594,True,ma27_optimal,6.298250809777528e-11,1338.1810036287977,74473.44639202955,76950.10765091711,oracle_p75,1338.1810036287977,0.0,0.0,L46-@12;L46-@13;L46-@14;L46-@15;L78-@12;L78-@13;L78-@14;L78-@15,step3,75075.26695207386,601.8205600443034,0.008081008590314315,L46-@12;L46-@13;L46-@14;L46-@15;L78-@12;L78-@13;L78-@14;L78-@15,oracle_p75,125763.15889165386,48813.05124073675,0.6343467570204885,L46-@11,48813.05124073675,0.6343467570204885,False
120,step2,exit,step7,optimal,L46-@12;L46-@13;L46-@14;L46-@15;L78-@12;L78-@13;L78-@14;L78-@15,fd4d461036,216946.23429194183,False,not_needed,,2483.1254311262546,72022.16894255497,78289.2425071755,oracle_p33,4063.3832059080833,1580.2577747818286,0.6363986913319484,L46-@12;L46-@13;L46-@14;L78-@13;L78-@14;L78-@15,exit,72022.16894255497,0.0,0.0,L46-@12;L46-@13;L46-@14;L46-@15;L78-@12;L78-@13;L78-@14;L78-@15,oracle_p33,120318.63955726934,42029.397050093845,0.5368476651979573,L46-@11;L46-@14,42029.397050093845,0.6363986913319484,False
119,step2,exit,step4,optimal,L46-@11;L46-@12;L46-@13;L46-@14;L46-@15;L78-@12;L78-@13;L78-@14;L78-@15,134084a305,217389.8497904166,True,ma27_optimal,0.08909824334841687,2483.125427619041,72057.37353485114,77955.62836843828,oracle_p33,4063.39535518352,1580.269927564479,0.6364035863785301,L46-@11;L46-@12;L46-@13;L46-@14;L78-@13;L78-@14;L78-@15,oracle_p75,72910.01993369835,852.6463988472096,0.01183288200804072,L46-@11;L46-@12;L46-@13;L46-@14;L46-@15,oracle_p33,120318.63955726934,42363.011188831064,0.5434246644592821,L46-@11;L46-@14,42363.011188831064,0.6364035863785301,False
494,oracle_p33,oracle_p33,oracle_p129,optimal,L46-@14;L78-@14,3dad8f83cf,214401.81826465848,True,ma27_optimal,4.083612165733939,1512.2361376392585,71786.12297705343,112641.54908097305,step2,2483.1254272056417,970.8892895663832,0.6420222777389991,L46-@12;L46-@13;L46-@14;L46-@15;L78-@12;L78-@13;L78-@14;L78-@15,oracle_p33,71786.12297705343,0.0,0.0,L46-@14;L78-@14,oracle_p75,123003.49702714472,10361.94794617167,0.09199046027610043,L46-@11,10361.94794617167,0.6420222777389991,False
478,oracle_p33,exit,step1,optimal,L46-@12;L46-@13;L46-@14;L46-@15;L78-@12;L78-@13;L78-@14;L78-@15,fd4d461036,216614.10458309128,True,ma27_optimal,5.309815605869517e-06,4333.740540179313,71169.91666666661,74825.97545147012,oracle_p33,4333.740540179313,0.0,0.0,L46-@12;L46-@13;L46-@14;L46-@15;L78-@12;L78-@13;L78-@14;L78-@15,oracle_p33,71562.06890771467,392.15224104805384,0.005510084308300499,L46-@12;L46-@13;L46-@14;L46-@15;L78-@12;L78-@13;L78-@14;L78-@15,oracle_p75,123003.49705532231,48177.52160385219,0.6438609228034545,L46-@11,48177.52160385219,0.6438609228034545,False
481,oracle_p33,exit,audit_selected,optimal,L46-@12;L46-@13;L46-@14;L46-@15;L78-@12;L78-@13;L78-@14;L78-@15,fd4d461036,216661.05633934567,True,ma27_optimal,5.30987381353043e-06,4333.74054017928,71169.91666666686,74790.2718251861,oracle_p33,4333.74054017928,0.0,0.0,L46-@12;L46-@13;L46-@14;L46-@15;L78-@12;L78-@13;L78-@14;L78-@15,oracle_p33,71562.06890849606,392.15224182920065,0.00551008431927628,L46-@12;L46-@13;L46-@14;L46-@15;L78-@12;L78-@13;L78-@14;L78-@15,oracle_p75,123003.49705532231,48213.22523013622,0.6446456745448024,L46-@11,48213.22523013622,0.6446456745448024,False
36,sweep100,audit_selected,sweep100,optimal,L46-@11;L46-@12;L46-@13;L46-@14;L46-@15;L46-@16;L78-@12;L78-@13;L78-@14;L78-@15,9ba55a9bfc,214954.99278320977,True,ma27_optimal,0.08708329638466239,3045.3387729763504,75764.69305746083,75602.68693028807,audit_selected,3424.5526143869865,379.2138414106362,0.12452271148802699,L46-@11;L46-@12;L46-@13;L46-@14;L46-@15;L46-@16;L78-@12;L78-@13;L78-@14;L78-@15,audit_selected,75764.69305746083,0.0,0.0,L46-@11;L46-@12;L46-@13;L46-@14;L46-@15;L46-@16;L78-@12;L78-@13;L78-@14;L78-@15,step4,125899.7845740222,50297.09764373413,0.6652818793346884,,50297.09764373413,0.6652818793346884,False
219,step8,sweep100,step7,optimal,L46-@12;L46-@13;L46-@14;L78-@14;L78-@15,826f8c75fa,215029.4463099739,True,ma27_optimal,0.0002119697310263291,434.74190870922877,73380.60598842781,107264.74421724147,oracle_p75,726.2173698690501,291.47546115982135,0.6704563220629617,L46-@12;L46-@13;L46-@14;L78-@14;L78-@15,step9,75514.83040974595,2134.2244213181402,0.029084311754725894,L46-@12;L46-@13;L46-@14;L46-@15;L78-@12;L78-@13;L78-@14;L78-@15,oracle_p33,118750.59324649685,11485.849029255376,0.10707944267310497,,11485.849029255376,0.6704563220629617,False
505,oracle_p75,sweep100,step1,optimal,L46-@12;L46-@13;L46-@14;L46-@15;L78-@13;L78-@14;L78-@15,50d1c683c0,216060.66484462176,True,ma27_optimal,6.957634468562901e-11,1338.1810036287989,74114.9481830265,85123.53398682833,step2,2237.596315883937,899.4153122551384,0.6721178299618347,L46-@12;L46-@13;L46-@14;L78-@13;L78-@14;L78-@15,step3,75075.26695207386,960.3187690473569,0.01295715361867156,L46-@12;L46-@13;L46-@14;L46-@15;L78-@12;L78-@13;L78-@14;L78-@15,oracle_p75,125843.61070705773,40720.076720229394,0.4783644993701771,L46-@11,40720.076720229394,0.6721178299618347,False
508,oracle_p75,sweep100,audit_selected,optimal,L46-@12;L46-@13;L46-@14;L46-@15;L78-@12;L78-@13;L78-@14;L78-@15,fd4d461036,216091.42911575374,True,ma27_optimal,5.131005309522152e-08,1338.1810036288014,74436.27054989553,82677.94668462202,step2,2237.5992487899853,899.4182451611839,0.6721200216728483,L46-@12;L46-@13;L46-@14;L78-@12;L78-@13;L78-@14;L78-@15,step3,75075.26695207406,638.9964021785272,0.008584476323947479,L46-@12;L46-@13;L46-@14;L46-@15;L78-@12;L78-@13;L78-@14;L78-@15,oracle_p75,125843.61070705773,43165.66402243571,0.5220940499053839,L46-@11,43165.66402243571,0.6721200216728483,False
544,oracle_p75,audit_selected,audit_selected,optimal,L46-@12;L46-@13;L46-@14;L46-@15;L78-@12;L78-@13;L78-@14;L78-@15,fd4d461036,216105.3868373023,True,ma27_optimal,6.684786058031023e-11,1338.1810036287993,74473.44639202977,76914.39555601026,step2,2237.599252645595,899.4182490167955,0.6721200245540826,L46-@12;L46-@13;L46-@14;L78-@12;L78-@13;L78-@14;L78-@15,step3,75075.26695207406,601.8205600442889,0.008081008590314095,L46-@12;L46-@13;L46-@14;L46-@15;L78-@12;L78-@13;L78-@14;L78-@15,oracle_p75,125763.15889165386,48848.7633356436,0.6351055999662789,L46-@11,48848.7633356436,0.6721200245540826,False
154,step5,step3,step1,optimal,L46-@12;L46-@13;L46-@14;L46-@15;L78-@12;L78-@13;L78-@14;L78-@15,fd4d461036,216367.7670538454,True,ma27_optimal,9.388398666487774e-06,1231.3100596766149,75075.26695091189,73151.33744778475,step2,2063.930562005221,832.6205023286061,0.6762070168965252,L46-@12;L46-@13;L46-@14;L46-@15;L78-@12;L78-@13;L78-@14;L78-@15,step3,75075.26695091189,0.0,0.0,L46-@12;L46-@13;L46-@14;L46-@15;L78-@12;L78-@13;L78-@14;L78-@15,oracle_p75,123003.49702810639,49852.15958032163,0.6814934807706828,L46-@11,49852.15958032163,0.6814934807706828,False
487,oracle_p33,oracle_p33,step1,optimal,L46-@12;L46-@13;L46-@14;L46-@15;L78-@12;L78-@13;L78-@14;L78-@15,fd4d461036,216517.73171164878,True,ma27_optimal,0.0001316388079430908,4501.15601924129,71562.06890771467,73151.3374450025,oracle_p33,4501.15601924129,0.0,0.0,L46-@12;L46-@13;L46-@14;L46-@15;L78-@12;L78-@13;L78-@14;L78-@15,oracle_p33,71562.06890771467,0.0,0.0,L46-@12;L46-@13;L46-@14;L46-@15;L78-@12;L78-@13;L78-@14;L78-@15,oracle_p75,123003.49702714472,49852.15958214222,0.681493480821491,L46-@11,49852.15958214222,0.681493480821491,False
490,oracle_p33,oracle_p33,audit_selected,optimal,L46-@12;L46-@13;L46-@14;L46-@15;L78-@12;L78-@13;L78-@14;L78-@15,fd4d461036,216567.87016944517,True,ma27_optimal,0.0001308577775489539,4501.156019237755,71562.06890849606,73112.4471199447,oracle_p33,4501.156019237755,0.0,0.0,L46-@12;L46-@13;L46-@14;L46-@15;L78-@12;L78-@13;L78-@14;L78-@15,oracle_p33,71562.06890849606,0.0,0.0,L46-@12;L46-@13;L46-@14;L46-@15;L78-@12;L78-@13;L78-@14;L78-@15,oracle_p75,123003.49702714472,49891.049907200024,0.682387908933635,L46-@11,49891.049907200024,0.682387908933635,False
9,sweep100,step3,sweep100,optimal,L46-@11;L46-@16;L78-@12;L78-@13;L78-@14;L78-@15,5fa53cd746,215215.28334934884,True,ma27_optimal,2.8525828383862972e-06,2868.6341399749717,72969.9418772952,74745.20579801762,sweep100,2868.6341399749717,0.0,0.0,L46-@11;L46-@16;L78-@12;L78-@13;L78-@14;L78-@15,audit_selected,75764.69305746083,2794.751180165622,0.038300032976115284,L46-@11;L46-@12;L46-@13;L46-@14;L46-@15;L46-@16;L78-@12;L78-@13;L78-@14;L78-@15,step4,125899.78456772242,51154.57876970481,0.6843860850144522,,51154.57876970481,0.6843860850144522,False
297,audit_selected,step3,sweep100,optimal,L46-@11;L46-@16;L78-@12;L78-@13;L78-@14;L78-@15,5fa53cd746,215232.8551330681,True,ma27_optimal,0.00011258749327680562,2855.4563879490133,72969.94187734858,74745.20579755638,sweep100,2868.6341399749717,13.177752025958398,0.004614937241406643,L46-@11;L46-@16;L78-@12;L78-@13;L78-@14;L78-@15,audit_selected,75568.90531554354,2598.963438194958,0.03561690432155506,L46-@11;L46-@12;L46-@13;L46-@14;L46-@15;L46-@16;L78-@12;L78-@13;L78-@14;L78-@15,step4,125899.78456771775,51154.57877016137,0.6843860850247837,,51154.57877016137,0.6843860850247837,False
18,sweep100,step6,sweep100,optimal,L46-@11;L46-@16;L78-@12;L78-@13;L78-@14;L78-@15,5fa53cd746,215337.13266363615,True,ma27_optimal,1.7316779121756554e-09,2868.6341407419577,72863.08832714685,74745.20580087192,sweep100,2868.6341407419577,0.0,0.0,L46-@11;L46-@16;L78-@12;L78-@13;L78-@14;L78-@15,audit_selected,75764.69305746083,2901.6047303139785,0.03982269756788387,L46-@11;L46-@12;L46-@13;L46-@14;L46-@15;L46-@16;L78-@12;L78-@13;L78-@14;L78-@15,step4,125899.78457402189,51154.57877314997,0.6843860850344096,,51154.57877314997,0.6843860850344096,False
306,audit_selected,step6,sweep100,optimal,L46-@11;L46-@16;L78-@12;L78-@13;L78-@14;L78-@15,5fa53cd746,215354.70433549373,False,not_needed,,2855.4565005368013,72863.08832714743,74745.20580087011,sweep100,2868.6341407419577,13.177640205156422,0.004614897899050166,L46-@11;L46-@16;L78-@12;L78-@13;L78-@14;L78-@15,audit_selected,75568.90531554354,2705.816988396109,0.037135634112121105,L46-@11;L46-@12;L46-@13;L46-@14;L46-@15;L46-@16;L78-@12;L78-@13;L78-@14;L78-@15,step4,125899.78457402198,51154.578773151865,0.6843860850344514,,51154.578773151865,0.6843860850344514,False
343,audit_selected,oracle_p33,step1,optimal,L46-@12;L46-@13;L46-@14;L46-@15;L78-@12;L78-@13;L78-@14;L78-@15,fd4d461036,217793.69997886865,True,ma27_optimal,0.0001314275141339749,3501.360064638465,71562.06890792602,73151.3374455252,oracle_p33,4501.15601924129,999.7959546028251,0.28554502711678686,L46-@12;L46-@13;L46-@14;L46-@15;L78-@12;L78-@13;L78-@14;L78-@15,audit_selected,71992.9970302306,430.92812230458367,0.006021739294025012,L46-@14;L78-@14,oracle_p33,123557.04077568084,50405.70333015564,0.689060584404107,L46-@13;L46-@14,50405.70333015564,0.689060584404107,False
565,oracle_p75,oracle_p33,oracle_p75,optimal,L46-@11;L46-@12;L46-@13;L46-@14;L46-@15;L78-@13;L78-@14;L78-@15,413e143aad,217454.4422127163,True,ma27_optimal,6.093614501878619e-11,1470.0695604471284,71758.94402121447,83277.82354036195,step2,2483.1253634951163,1013.0558030479879,0.6891209982879057,L46-@11;L46-@12;L46-@13;L46-@14;L46-@15;L78-@13;L78-@14;L78-@15,exit,71809.49999999991,50.555978785443585,0.0007045251219206551,L46-@11;L46-@12;L46-@13;L46-@14;L46-@15;L78-@13;L78-@14;L78-@15,oracle_p33,107999.54251694355,24721.7189765816,0.2968583702790914,L46-@11;L46-@12;L46-@13;L46-@14;L46-@15;L78-@14,24721.7189765816,0.6891209982879057,False
566,oracle_p75,oracle_p33,oracle_p129,optimal,L46-@12;L46-@13;L46-@14;L46-@15;L78-@12;L78-@13;L78-@14;L78-@15,fd4d461036,217894.9831483961,True,ma27_optimal,7.305423787329346e-05,1470.0695604471316,71970.40181152396,78523.78813201899,step2,2483.1254272056417,1013.0558667585101,0.6891210416263447,L46-@12;L46-@13;L46-@14;L46-@15;L78-@12;L78-@13;L78-@14;L78-@15,sweep100,72038.7420076093,68.34019608533708,0.0009495597407432342,L78-@14,oracle_p33,107999.54251694355,29475.754384924556,0.37537356622897655,L46-@11;L46-@12;L46-@13;L46-@14;L46-@15;L78-@14,29475.754384924556,0.6891210416263447,False
346,audit_selected,oracle_p33,audit_selected,optimal,L46-@12;L46-@13;L46-@14;L46-@15;L78-@12;L78-@13;L78-@14;L78-@15,fd4d461036,217843.83843666443,True,ma27_optimal,0.0001308220234932378,3501.3600646515624,71562.06890853173,73112.44711954455,oracle_p33,4501.156019237755,999.7959545861922,0.28554502711096835,L46-@12;L46-@13;L46-@14;L46-@15;L78-@12;L78-@13;L78-@14;L78-@15,audit_selected,71968.65605792977,406.5871493980376,0.005681601379045146,L46-@14;L78-@14,oracle_p33,123557.04077568084,50444.59365613629,0.6899590376677647,L46-@13;L46-@14,50444.59365613629,0.6899590376677647,False
55,sweep100,oracle_p33,step1,optimal,L46-@12;L46-@13;L46-@14;L46-@15;L78-@12;L78-@13;L78-@14;L78-@15,fd4d461036,217771.85108204986,True,ma27_optimal,0.00013145584671292454,3518.8149298173344,71562.06890789769,73151.3374455738,oracle_p33,4501.15601924129,982.3410894239555,0.2791681600245313,L46-@12;L46-@13;L46-@14;L46-@15;L78-@12;L78-@13;L78-@14;L78-@15,audit_selected,72287.86506392184,725.7961560241529,0.010142190787668145,L46-@14;L78-@14,oracle_p33,123930.03414086974,50778.69669529595,0.6941595118896687,L46-@13;L46-@14,50778.69669529595,0.6941595118896687,False
58,sweep100,oracle_p33,audit_selected,optimal,L46-@12;L46-@13;L46-@14;L46-@15;L78-@12;L78-@13;L78-@14;L78-@15,fd4d461036,217821.98947814314,True,ma27_optimal,0.0001308253122260794,3518.8149298166977,71562.06890852844,73112.44718125561,oracle_p33,4501.156019237755,982.341089421057,0.2791681600237581,L46-@12;L46-@13;L46-@14;L46-@15;L78-@12;L78-@13;L78-@14;L78-@15,audit_selected,72263.4481719881,701.3792634596612,0.009800991980209142,L46-@14;L78-@14,oracle_p33,123930.03414086974,50817.58695961413,0.6950606759698589,L46-@13;L46-@14,50817.58695961413,0.6950606759698589,False
334,audit_selected,exit,step1,optimal,L46-@12;L46-@13;L46-@14;L46-@15;L78-@12;L78-@13;L78-@14;L78-@15,fd4d461036,217876.3736784344,False,not_needed,,3501.3601271567077,71612.62499999997,73151.33744377577,oracle_p33,4333.740540179313,832.3804130226054,0.2377305911970109,L46-@12;L46-@13;L46-@14;L46-@15;L78-@12;L78-@13;L78-@14;L78-@15,audit_selected,71992.9970302306,380.37203023063194,0.005311521959020942,L46-@14;L78-@14,oracle_p33,125243.41486786678,52092.07742409101,0.7121138074082248,L46-@14,52092.07742409101,0.7121138074082248,False
337,audit_selected,exit,audit_selected,optimal,L46-@12;L46-@13;L46-@14;L46-@15;L78-@12;L78-@13;L78-@14;L78-@15,fd4d461036,217926.51207452486,False,not_needed,,3501.3601271564985,71612.6250000001,73112.44717765578,oracle_p33,4333.74054017928,832.3804130227818,0.23773059119707549,L46-@12;L46-@13;L46-@14;L46-@15;L78-@12;L78-@13;L78-@14;L78-@15,audit_selected,71968.65605792977,356.0310579296638,0.004971624178413559,L46-@14;L78-@14,oracle_p33,125243.41486786678,52130.96769021101,0.713024521851089,L46-@14,52130.96769021101,0.713024521851089,False
172,step5,step9,step1,optimal,L46-@12;L46-@13;L46-@14;L46-@15;L78-@12;L78-@13;L78-@14;L78-@15,fd4d461036,216521.07940074464,True,ma27_optimal,9.110055088967783e-06,1231.3100599549634,74923.74913214646,73151.33744377538,step2,2064.3740511628716,833.0639912079082,0.6765671931880248,L46-@12;L46-@13;L46-@14;L46-@15;L78-@12;L78-@13;L78-@14;L78-@15,step3,75075.26695091189,151.51781876542373,0.0020222936054385744,L46-@12;L46-@13;L46-@14;L46-@15;L78-@12;L78-@13;L78-@14;L78-@15,oracle_p129,125824.97601684452,52673.63857306914,0.7200639169933764,,52673.63857306914,0.7200639169933764,False
514,oracle_p75,step3,step1,optimal,L46-@12;L46-@13;L46-@14;L46-@15;L78-@12;L78-@13;L78-@14;L78-@15,fd4d461036,216051.90566526828,True,ma27_optimal,5.944748409092426e-07,1470.0695604471161,75075.26695207386,73151.33744377692,step2,2063.930562005221,593.8610015581048,0.40396796011304675,L46-@12;L46-@13;L46-@14;L46-@15;L78-@12;L78-@13;L78-@14;L78-@15,step3,75075.26695207386,0.0,0.0,L46-@12;L46-@13;L46-@14;L46-@15;L78-@12;L78-@13;L78-@14;L78-@15,oracle_p129,125831.47990631728,52680.14246254036,0.7201528270488502,,52680.14246254036,0.7201528270488502,False
568,oracle_p75,oracle_p75,step1,optimal,L46-@12;L46-@13;L46-@14;L46-@15;L78-@12;L78-@13;L78-@14;L78-@15,fd4d461036,216671.8429176461,True,ma27_optimal,4.220055416226387e-10,1470.0695604471234,74571.10328211344,73151.33744377542,step2,2483.1254267144477,1013.0558662673243,0.6891210412922244,L46-@12;L46-@13;L46-@14;L46-@15;L78-@12;L78-@13;L78-@14;L78-@15,step3,75075.26695207386,504.16366996041324,0.0067608449891520045,L46-@12;L46-@13;L46-@14;L46-@15;L78-@12;L78-@13;L78-@14;L78-@15,oracle_p129,125831.50857656213,52680.17113278671,0.7201532189794482,,52680.17113278671,0.7201532189794482,False
136,step2,oracle_p75,step1,optimal,L46-@12;L46-@13;L46-@14;L46-@15;L78-@12;L78-@13;L78-@14;L78-@15,fd4d461036,215331.64398025282,True,ma27_optimal,2.613813558127731e-05,2483.1254267144477,74571.10325597493,73151.33745301316,step2,2483.1254267144477,0.0,0.0,L46-@12;L46-@13;L46-@14;L46-@15;L78-@12;L78-@13;L78-@14;L78-@15,step3,75273.54882455127,702.4455685763387,0.00941980925459965,L46-@12;L46-@13;L46-@14;L46-@15;L78-@12;L78-@13;L78-@14;L78-@15,step7,125865.66183209875,52714.32437908559,0.7206201036713137,,52714.32437908559,0.7206201036713137,False
532,oracle_p75,step9,step1,optimal,L46-@12;L46-@13;L46-@14;L46-@15;L78-@12;L78-@13;L78-@14;L78-@15,fd4d461036,216205.2180144593,True,ma27_optimal,6.139089236967266e-11,1470.0695604471211,74923.74913214645,73151.33744377545,step2,2064.3740511628716,594.3044907157505,0.40426963914210495,L46-@12;L46-@13;L46-@14;L46-@15;L78-@12;L78-@13;L78-@14;L78-@15,step3,75075.26695207386,151.5178199274087,0.0020222936209474754,L46-@12;L46-@13;L46-@14;L46-@15;L78-@12;L78-@13;L78-@14;L78-@15,step7,125865.68541258729,52714.34796881184,0.720620426240715,,52714.34796881184,0.720620426240715,False
523,oracle_p75,step6,step1,optimal,L46-@12;L46-@13;L46-@14;L46-@15;L78-@12;L78-@13;L78-@14;L78-@15,fd4d461036,216228.19262673325,True,ma27_optimal,5.95719029661268e-11,1470.069560447122,74913.97575719241,73151.33744377545,step2,2483.1254277049684,1013.0558672578463,0.6891210419660176,L46-@12;L46-@13;L46-@14;L46-@15;L78-@12;L78-@13;L78-@14;L78-@15,step3,75075.26695207386,161.29119488144352,0.002153018755862228,L46-@12;L46-@13;L46-@14;L46-@15;L78-@12;L78-@13;L78-@14;L78-@15,step7,125866.07653523648,52714.73909146103,0.7206257730007724,,52714.73909146103,0.7206257730007724,False
175,step5,step9,audit_selected,optimal,L46-@12;L46-@13;L46-@14;L46-@15;L78-@12;L78-@13;L78-@14;L78-@15,fd4d461036,216571.21779683462,True,ma27_optimal,9.110053952099406e-06,1231.3100599549643,74923.7491321466,73112.44717765579,step2,2064.3740511624846,833.0639912075203,0.6765671931877093,L46-@12;L46-@13;L46-@14;L46-@15;L78-@12;L78-@13;L78-@14;L78-@15,step3,75075.26695141724,151.51781927065167,0.0020222936121817993,L46-@12;L46-@13;L46-@14;L46-@15;L78-@12;L78-@13;L78-@14;L78-@15,oracle_p129,125824.97601684452,52712.52883918873,0.7209788602904053,,52712.52883918873,0.7209788602904053,False
517,oracle_p75,step3,audit_selected,optimal,L46-@12;L46-@13;L46-@14;L46-@15;L78-@12;L78-@13;L78-@14;L78-@15,fd4d461036,216102.04406135838,True,ma27_optimal,5.944748409092426e-07,1470.069560447118,75075.26695207406,73112.44717765639,step2,2483.125360835713,1013.0558003885949,0.6891209964788854,L46-@12;L46-@13;L46-@14;L46-@15;L78-@12;L78-@13;L78-@14;L78-@15,step3,75075.26695207406,0.0,0.0,L46-@12;L46-@13;L46-@14;L46-@15;L78-@12;L78-@13;L78-@14;L78-@15,oracle_p129,125831.47990631728,52719.032728660895,0.7210678176392946,,52719.032728660895,0.7210678176392946,False
571,oracle_p75,oracle_p75,audit_selected,optimal,L46-@12;L46-@13;L46-@14;L46-@15;L78-@12;L78-@13;L78-@14;L78-@15,fd4d461036,216721.98131373673,False,not_needed,,1470.0695604470627,74571.10328211314,73112.44717765567,step2,2483.1254269300553,1013.0558664829925,0.689121041438959,L46-@12;L46-@13;L46-@14;L46-@15;L78-@12;L78-@13;L78-@14;L78-@15,step3,75075.26695207406,504.16366996092256,0.006760844989158862,L46-@12;L46-@13;L46-@14;L46-@15;L78-@12;L78-@13;L78-@14;L78-@15,oracle_p129,125831.50857656213,52719.06139890646,0.7210682097783514,,52719.06139890646,0.7210682097783514,False
91,step2,step6,step1,optimal,L46-@12;L46-@13;L46-@14;L46-@15;L78-@12;L78-@13;L78-@14;L78-@15,fd4d461036,214887.9936613275,True,ma27_optimal,3.7861736927879974e-06,2483.1254277049684,74913.97575719237,73151.33744377909,step2,2483.1254277049684,0.0,0.0,L46-@12;L46-@13;L46-@14;L46-@15;L78-@12;L78-@13;L78-@14;L78-@15,step3,75273.54882455127,359.5730673588987,0.004799812901725172,L46-@12;L46-@13;L46-@14;L46-@15;L78-@12;L78-@13;L78-@14;L78-@15,step4,125908.94143211239,52757.6039883333,0.7212117485737083,L46-@11,52757.6039883333,0.7212117485737083,False
139,step2,oracle_p75,audit_selected,optimal,L46-@12;L46-@13;L46-@14;L46-@15;L78-@12;L78-@13;L78-@14;L78-@15,fd4d461036,215381.7823763462,True,ma27_optimal,2.5895176804624498e-05,2483.1254269300553,74571.10325621798,73112.44718487935,step2,2483.1254269300553,0.0,0.0,L46-@12;L46-@13;L46-@14;L46-@15;L78-@12;L78-@13;L78-@14;L78-@15,step9,75083.98687960605,512.883623388072,0.006877779742990542,L46-@12;L46-@13;L46-@14;L46-@15;L78-@12;L78-@13;L78-@14;L78-@15,step7,125865.66183209875,52753.2146472194,0.7215353428647029,,52753.2146472194,0.7215353428647029,False
535,oracle_p75,step9,audit_selected,optimal,L46-@12;L46-@13;L46-@14;L46-@15;L78-@12;L78-@13;L78-@14;L78-@15,fd4d461036,216255.3564105494,True,ma27_optimal,1.0186340659856796e-10,1470.069560447149,74923.74913214664,73112.44717765578,step2,2064.3740511624846,594.3044907153358,0.4042696391418152,L46-@12;L46-@13;L46-@14;L46-@15;L78-@12;L78-@13;L78-@14;L78-@15,step3,75075.26695207406,151.51781992742326,0.0020222936209476645,L46-@12;L46-@13;L46-@14;L46-@15;L78-@12;L78-@13;L78-@14;L78-@15,step7,125865.68541258729,52753.238234931516,0.7215356655583767,,52753.238234931516,0.7215356655583767,False
526,oracle_p75,step6,audit_selected,optimal,L46-@12;L46-@13;L46-@14;L46-@15;L78-@12;L78-@13;L78-@14;L78-@15,fd4d461036,216278.3310228233,True,ma27_optimal,6.480149750132114e-11,1470.069560447127,74913.97575719257,73112.44717765575,step2,2483.125427705124,1013.0558672579969,0.6891210419661177,L46-@12;L46-@13;L46-@14;L46-@15;L78-@12;L78-@13;L78-@14;L78-@15,step3,75075.26695207406,161.29119488148717,0.002153018755862806,L46-@12;L46-@13;L46-@14;L46-@15;L78-@12;L78-@13;L78-@14;L78-@15,step7,125866.07653523648,52753.629357580736,0.7215410151625048,,52753.629357580736,0.7215410151625048,False
85,step2,step3,audit_selected,optimal,L46-@12;L46-@13;L46-@14;L46-@15;L78-@12;L78-@13;L78-@14;L78-@15,fd4d461036,214761.8452238172,True,ma27_optimal,7.06546952642384e-05,2483.125360835713,75075.26694846812,73112.44715829003,step2,2483.125360835713,0.0,0.0,L46-@12;L46-@13;L46-@14;L46-@15;L78-@12;L78-@13;L78-@14;L78-@15,step9,75083.98687960605,8.719931137922686,0.00011614918590843069,L46-@12;L46-@13;L46-@14;L46-@15;L78-@12;L78-@13;L78-@14;L78-@15,step4,125906.707390228,52794.260231937966,0.722096746640654,L46-@11,52794.260231937966,0.722096746640654,False
94,step2,step6,audit_selected,optimal,L46-@12;L46-@13;L46-@14;L46-@15;L78-@12;L78-@13;L78-@14;L78-@15,fd4d461036,214938.13205741756,True,ma27_optimal,3.786120032600593e-06,2483.125427705124,74913.97575719249,73112.447177658,step2,2483.125427705124,0.0,0.0,L46-@12;L46-@13;L46-@14;L46-@15;L78-@12;L78-@13;L78-@14;L78-@15,step9,75083.98687960605,170.01112241356168,0.0022694179650082037,L46-@12;L46-@13;L46-@14;L46-@15;L78-@12;L78-@13;L78-@14;L78-@15,step4,125908.94143211239,52796.49425445439,0.72212730242995,L46-@11,52796.49425445439,0.72212730242995,False
46,sweep100,exit,step1,optimal,L46-@12;L46-@13;L46-@14;L46-@15;L78-@12;L78-@13;L78-@14;L78-@15,fd4d461036,217854.52484327147,False,not_needed,,3518.8149306666915,71612.62499999997,73151.33744377577,oracle_p33,4333.740540179313,814.9256095126216,0.23159092636856066,L46-@12;L46-@13;L46-@14;L46-@15;L78-@12;L78-@13;L78-@14;L78-@15,audit_selected,72287.86506392184,675.2400639218686,0.009429064552819685,L46-@14;L78-@14,oracle_p33,127422.01602581955,54270.67858204378,0.7418959171287375,,54270.67858204378,0.7418959171287375,False
49,sweep100,exit,audit_selected,optimal,L46-@12;L46-@13;L46-@14;L46-@15;L78-@12;L78-@13;L78-@14;L78-@15,fd4d461036,217904.6632393616,False,not_needed,,3518.814930666676,71612.62500000047,73112.44717765403,oracle_p33,4333.74054017928,814.9256095126043,0.23159092636855674,L46-@12;L46-@13;L46-@14;L46-@15;L78-@12;L78-@13;L78-@14;L78-@15,audit_selected,72263.4481719881,650.8231719876349,0.00908810662907037,L46-@14;L78-@14,oracle_p33,127422.01602581955,54309.56884816552,0.7428224733908867,,54309.56884816552,0.7428224733908867,False
121,step2,exit,audit_selected,optimal,L46-@12;L46-@13;L46-@14;L46-@15;L78-@12;L78-@13;L78-@14;L78-@15,fd4d461036,219289.48118040376,True,ma27_optimal,3.7860932025068905e-06,2483.1254277052844,71612.6250000002,73112.44717765553,oracle_p33,4333.74054017928,1850.6151124739959,0.7452765340912293,L46-@12;L46-@13;L46-@14;L46-@15;L78-@12;L78-@13;L78-@14;L78-@15,step9,75083.98687960605,3471.3618796058436,0.048474160521358264,L46-@12;L46-@13;L46-@14;L46-@15;L78-@12;L78-@13;L78-@14;L78-@15,oracle_p33,120318.63955726934,47206.192379613814,0.6456656041741805,L46-@11;L46-@14,47206.192379613814,0.7452765340912293,False
118,step2,exit,step1,optimal,L46-@12;L46-@13;L46-@14;L46-@15;L78-@12;L78-@13;L78-@14;L78-@15,fd4d461036,219239.34278431357,True,ma27_optimal,3.7860854718019255e-06,2483.125427705294,71612.62500000004,73151.33744377528,oracle_p33,4333.740540179313,1850.615112474019,0.7452765340912358,L46-@12;L46-@13;L46-@14;L46-@15;L78-@12;L78-@13;L78-@14;L78-@15,step3,75273.54882455127,3660.9238245512242,0.05112120697364776,L46-@12;L46-@13;L46-@14;L46-@15;L78-@12;L78-@13;L78-@14;L78-@15,oracle_p33,120318.63955726934,47167.302113494065,0.6447907005083433,L46-@11;L46-@14,47167.302113494065,0.7452765340912358,False
324,audit_selected,audit_selected,sweep100,optimal,L46-@11;L46-@12;L46-@13;L46-@14;L46-@15;L46-@16;L78-@12;L78-@13;L78-@14;L78-@15,9ba55a9bfc,214975.52979898083,False,not_needed,,3424.5526143869865,75568.90531554354,69507.83778252997,audit_selected,3424.5526143869865,0.0,0.0,L46-@11;L46-@12;L46-@13;L46-@14;L46-@15;L46-@16;L78-@12;L78-@13;L78-@14;L78-@15,audit_selected,75568.90531554354,0.0,0.0,L46-@11;L46-@12;L46-@13;L46-@14;L46-@15;L46-@16;L78-@12;L78-@13;L78-@14;L78-@15,step4,125899.78457402224,56391.94679149227,0.8113034240530752,,56391.94679149227,0.8113034240530752,False
130,step2,oracle_p33,audit_selected,optimal,L46-@12;L46-@13;L46-@14;L46-@15;L78-@12;L78-@13;L78-@14;L78-@15,fd4d461036,219206.80741874862,True,ma27_optimal,0.00013064347149338573,2483.1254273495515,71562.06890871035,73112.44718045121,oracle_p33,4501.156019237755,2018.0305918882032,0.8126978080371143,L46-@12;L46-@13;L46-@14;L46-@15;L78-@12;L78-@13;L78-@14;L78-@15,step9,75083.98687960605,3521.9179708956945,0.04921487073534029,L46-@12;L46-@13;L46-@14;L46-@15;L78-@12;L78-@13;L78-@14;L78-@15,oracle_p33,119957.7393477772,46845.292167325984,0.6407293692646561,L46-@11;L46-@12;L46-@13;L46-@14;L46-@15,46845.292167325984,0.8126978080371143,False
127,step2,oracle_p33,step1,optimal,L46-@12;L46-@13;L46-@14;L46-@15;L78-@12;L78-@13;L78-@14;L78-@15,fd4d461036,219156.66908640994,True,ma27_optimal,0.00013134052278473973,2483.1253636107326,71562.06890801305,73151.33744416136,oracle_p33,4501.15601924129,2018.0306556305572,0.8126978545682939,L46-@12;L46-@13;L46-@14;L46-@15;L78-@12;L78-@13;L78-@14;L78-@15,step3,75273.54882455127,3711.4799165382137,0.05186378724333704,L46-@12;L46-@13;L46-@14;L46-@15;L78-@12;L78-@13;L78-@14;L78-@15,oracle_p33,119957.7393477772,46806.40190361584,0.6398570899588076,L46-@11;L46-@12;L46-@13;L46-@14;L46-@15,46806.40190361584,0.8126978545682939,False
148,step5,sweep100,audit_selected,optimal,L46-@12;L46-@13;L46-@14;L46-@15;L78-@12;L78-@13;L78-@14;L78-@15,fd4d461036,216389.4069250694,True,ma27_optimal,0.0347703277511755,1231.3100591375014,74996.774755983,78875.94307165204,step2,2237.5992487899853,1006.2891896524839,0.8172508477331547,L46-@12;L46-@13;L46-@14;L78-@12;L78-@13;L78-@14;L78-@15,step3,75075.26695141724,78.4921954342426,0.0010466076133224748,L46-@12;L46-@13;L46-@14;L46-@15;L78-@12;L78-@13;L78-@14;L78-@15,oracle_p75,125843.32437390338,46967.381302251335,0.5954588873769217,L46-@11;L46-@14;L78-@14,46967.381302251335,0.8172508477331547,False
342,audit_selected,oracle_p33,sweep100,optimal,L46-@11;L46-@12;L46-@13;L46-@14;L46-@15;L46-@16;L78-@12;L78-@13;L78-@14;L78-@15,9ba55a9bfc,219565.08819987648,True,ma27_optimal,0.0001395245490130037,3581.5816740822866,71877.06890767596,67073.21139687239,oracle_p33,4501.156019416856,919.5743453345694,0.2567509075638191,L46-@11;L46-@12;L46-@13;L46-@14;L46-@15;L46-@16;L78-@12;L78-@13;L78-@14;L78-@15;L78-@16,audit_selected,75568.90531554354,3691.8364078675804,0.05136320197766604,L46-@11;L46-@12;L46-@13;L46-@14;L46-@15;L46-@16;L78-@12;L78-@13;L78-@14;L78-@15,oracle_p33,123557.04077568084,56483.829378808456,0.8421220365399454,L46-@13;L46-@14,56483.829378808456,0.8421220365399454,False
54,sweep100,oracle_p33,sweep100,optimal,L46-@11;L46-@12;L46-@13;L46-@14;L46-@15;L46-@16;L78-@12;L78-@13;L78-@14;L78-@15,9ba55a9bfc,219542.93792983727,True,ma27_optimal,0.0001395275176037103,3599.337912467014,71877.06890767299,67073.21139688785,oracle_p33,4501.156019416856,901.8181069498419,0.25055110936548014,L46-@11;L46-@12;L46-@13;L46-@14;L46-@15;L46-@16;L78-@12;L78-@13;L78-@14;L78-@15;L78-@16,audit_selected,75764.69305746083,3887.6241497878364,0.05408712693587351,L46-@11;L46-@12;L46-@13;L46-@14;L46-@15;L46-@16;L78-@12;L78-@13;L78-@14;L78-@15,oracle_p33,123930.03414086974,56856.82274398189,0.8476830251580887,L46-@13;L46-@14,56856.82274398189,0.8476830251580887,False
0,sweep100,sweep100,sweep100,optimal,L46-@11;L46-@12;L46-@13;L46-@16;L78-@12;L78-@13;L78-@14;L78-@15,bf3826dac5,214942.11579999732,False,not_needed,,1920.9181763696738,73564.62737151793,90099.78858565052,audit_selected,3572.6818051264654,1651.7636287567916,0.8598823464091766,L46-@11;L46-@12;L46-@13;L46-@14;L46-@15;L46-@16;L78-@12;L78-@13;L78-@14;L78-@15,audit_selected,75764.69305746083,2200.0656859429,0.029906570107832847,L46-@11;L46-@12;L46-@13;L46-@14;L46-@15;L46-@16;L78-@12;L78-@13;L78-@14;L78-@15,step1,126162.67740585291,36062.888820202395,0.4002549771348281,L46-@14;L78-@14,36062.888820202395,0.8598823464091766,False
145,step5,sweep100,step1,optimal,L46-@12;L46-@13;L46-@14;L46-@15;L78-@13;L78-@14;L78-@15,50d1c683c0,216355.52293004413,True,ma27_optimal,0.0003083637566305697,1201.2151220662668,74522.75672704345,82359.66718337743,step2,2237.596315883937,1036.3811938176705,0.8627773450228817,L46-@12;L46-@13;L46-@14;L78-@13;L78-@14;L78-@15,step3,75075.26695091189,552.510223868434,0.007413979945644367,L46-@12;L46-@13;L46-@14;L46-@15;L78-@12;L78-@13;L78-@14;L78-@15,oracle_p75,125843.32437390338,43483.65719052595,0.527972716229021,L46-@11;L46-@14;L78-@14,43483.65719052595,0.8627773450228817,False
333,audit_selected,exit,sweep100,optimal,L46-@11;L46-@12;L46-@13;L46-@14;L46-@15;L46-@16;L78-@12;L78-@13;L78-@14;L78-@15,9ba55a9bfc,219647.76196088488,False,not_needed,,3581.581674949053,71927.62499999997,67073.21139959515,oracle_p33,4501.156019966533,919.5743450174796,0.25675090741315015,L46-@11;L46-@12;L46-@13;L46-@14;L46-@15;L46-@16;L78-@12;L78-@13;L78-@14;L78-@15;L78-@16,audit_selected,75568.90531554354,3641.2803155435686,0.05062422560933397,L46-@11;L46-@12;L46-@13;L46-@14;L46-@15;L46-@16;L78-@12;L78-@13;L78-@14;L78-@15,oracle_p33,125243.41486786678,58170.20346827163,0.8672643258679984,L46-@14,58170.20346827163,0.8672643258679984,False
288,audit_selected,sweep100,sweep100,optimal,L46-@11;L46-@12;L46-@13;L46-@14;L46-@15;L46-@16;L78-@12;L78-@13;L78-@14;L78-@15,9ba55a9bfc,214959.31180627906,False,not_needed,,3572.6818051264654,75483.41503708457,67199.57465737559,audit_selected,3572.6818051264654,0.0,0.0,L46-@11;L46-@12;L46-@13;L46-@14;L46-@15;L46-@16;L78-@12;L78-@13;L78-@14;L78-@15,audit_selected,75568.90531554354,85.4902784589649,0.001132570358892268,L46-@11;L46-@12;L46-@13;L46-@14;L46-@15;L46-@16;L78-@12;L78-@13;L78-@14;L78-@15,step4,125899.7845199669,58700.209862591306,0.873520556668413,,58700.209862591306,0.873520556668413,False
108,step2,audit_selected,sweep100,optimal,L46-@11;L46-@12;L46-@13;L46-@14;L46-@15;L46-@16;L78-@12;L78-@13;L78-@14;L78-@15,9ba55a9bfc,216418.65220432426,True,ma27_optimal,6.827943661846803e-05,2483.125363530569,75479.07846492938,67073.21139848072,audit_selected,3424.5526143869865,941.4272508564177,0.37912997252699043,L46-@11;L46-@12;L46-@13;L46-@14;L46-@15;L46-@16;L78-@12;L78-@13;L78-@14;L78-@15,sweep100,75563.45626235731,84.37779742793646,0.0011178964972014302,L46-@11;L46-@12;L46-@13;L46-@14;L46-@15;L46-@16;L78-@12;L78-@13;L78-@14;L78-@15;L78-@16,step4,125899.78451729336,58826.57311881264,0.8770501947390746,,58826.57311881264,0.8770501947390746,False
63,sweep100,oracle_p75,sweep100,optimal,L46-@11;L46-@12;L46-@13;L46-@14;L46-@15;L46-@16;L78-@12;L78-@13;L78-@14;L78-@15,9ba55a9bfc,215717.91288741247,True,ma27_optimal,2.4281165678985417e-05,3599.337912149937,74886.10325514383,67073.21139863507,sweep100,3599.337912149937,0.0,0.0,L46-@11;L46-@12;L46-@13;L46-@14;L46-@15;L46-@16;L78-@12;L78-@13;L78-@14;L78-@15,audit_selected,75764.69305746083,878.5898023170012,0.011732347713748238,L46-@11;L46-@12;L46-@13;L46-@14;L46-@15;L46-@16;L78-@12;L78-@13;L78-@14;L78-@15,step4,125899.7845184905,58826.57311985543,0.8770501947526034,,58826.57311985543,0.8770501947526034,False
351,audit_selected,oracle_p75,sweep100,optimal,L46-@11;L46-@12;L46-@13;L46-@14;L46-@15;L46-@16;L78-@12;L78-@13;L78-@14;L78-@15,9ba55a9bfc,215740.06321228546,True,ma27_optimal,5.6011534070421476e-05,3581.5816189373836,74886.10325515295,67073.21139854919,sweep100,3599.337912149937,17.756293212553373,0.004957668176167788,L46-@11;L46-@12;L46-@13;L46-@14;L46-@15;L46-@16;L78-@12;L78-@13;L78-@14;L78-@15,audit_selected,75568.90531554354,682.8020603905898,0.009117874087587885,L46-@11;L46-@12;L46-@13;L46-@14;L46-@15;L46-@16;L78-@12;L78-@13;L78-@14;L78-@15,step4,125899.7845671157,58826.57316856651,0.8770501954799639,,58826.57316856651,0.8770501954799639,False
27,sweep100,step9,sweep100,optimal,L46-@11;L46-@12;L46-@13;L46-@14;L46-@15;L46-@16;L78-@12;L78-@13;L78-@14;L78-@15,9ba55a9bfc,215251.28795577073,True,ma27_optimal,1.4551915228366852e-11,3599.3379131497863,75238.74913214546,67073.21139959866,sweep100,3599.3379131497863,0.0,0.0,L46-@11;L46-@12;L46-@13;L46-@14;L46-@15;L46-@16;L78-@12;L78-@13;L78-@14;L78-@15,audit_selected,75764.69305746083,525.9439253153687,0.006990333191101142,L46-@11;L46-@12;L46-@13;L46-@14;L46-@15;L46-@16;L78-@12;L78-@13;L78-@14;L78-@15,step4,125899.78457402186,58826.5731744232,0.877050195553559,,58826.5731744232,0.877050195553559,False
315,audit_selected,step9,sweep100,optimal,L46-@11;L46-@12;L46-@13;L46-@14;L46-@15;L46-@16;L78-@12;L78-@13;L78-@14;L78-@15,9ba55a9bfc,215273.4382256244,True,ma27_optimal,4.3019099393859506e-10,3581.581674949165,75238.74913214573,67073.21139959768,sweep100,3599.3379131497863,17.756238200621283,0.004957652738960171,L46-@11;L46-@12;L46-@13;L46-@14;L46-@15;L46-@16;L78-@12;L78-@13;L78-@14;L78-@15,audit_selected,75568.90531554354,330.15618339780485,0.004388113667572202,L46-@11;L46-@12;L46-@13;L46-@14;L46-@15;L46-@16;L78-@12;L78-@13;L78-@14;L78-@15,step4,125899.78457402193,58826.57317442425,0.8770501955535873,,58826.57317442425,0.8770501955535873,False
196,step5,exit,oracle_p75,optimal,L46-@11;L46-@12;L46-@13;L46-@14;L46-@15;L78-@13;L78-@14;L78-@15,413e143aad,217852.9775202307,True,ma27_optimal,4.4206681195646524e-05,1231.3100599555437,71809.4999999995,83277.82349615525,audit_selected,2316.4727292633124,1085.1626693077687,0.8813074014411516,L46-@12;L46-@13;L46-@14;L78-@13;L78-@14;L78-@15,audit_selected,72298.83977547291,489.3397754734033,0.006814415578348361,L46-@11;L46-@14;L78-@14,oracle_p33,98889.33916317364,15611.515667018393,0.18746306053182504,L46-@11;L46-@12;L46-@13;L46-@14;L46-@15;L78-@13;L78-@14,15611.515667018393,0.8813074014411516,False
45,sweep100,exit,sweep100,optimal,L46-@11;L46-@12;L46-@13;L46-@14;L46-@15;L46-@16;L78-@12;L78-@13;L78-@14;L78-@15,9ba55a9bfc,219625.6116910308,False,not_needed,,3599.337913149939,71927.62499999924,67073.2113995956,oracle_p33,4501.156019966533,901.8181068165936,0.2505511092809213,L46-@11;L46-@12;L46-@13;L46-@14;L46-@15;L46-@16;L78-@12;L78-@13;L78-@14;L78-@15;L78-@16,audit_selected,75764.69305746083,3837.0680574615835,0.053346235990158496,L46-@11;L46-@12;L46-@13;L46-@14;L46-@15;L46-@16;L78-@12;L78-@13;L78-@14;L78-@15,oracle_p33,127422.01602581955,60348.80462622395,0.8997452688926686,,60348.80462622395,0.8997452688926686,False
473,oracle_p33,audit_selected,exit,optimal,L46-@11;L46-@12;L46-@13;L46-@14;L46-@15;L46-@16;L78-@12;L78-@13;L78-@14;L78-@15,9ba55a9bfc,220281.03628116366,True,ma27_optimal,5.6645276345079765e-06,4501.156023213949,75479.07852148874,62075.221463413836,oracle_p33,4501.156023213949,0.0,0.0,L46-@11;L46-@12;L46-@13;L46-@14;L46-@15;L46-@16;L78-@12;L78-@13;L78-@14;L78-@15,sweep100,75563.45627306058,84.37775157183933,0.0011178958888298715,L46-@11;L46-@12;L46-@13;L46-@14;L46-@15;L46-@16;L78-@12;L78-@13;L78-@14;L78-@15;L78-@16,sweep100,122797.09108624716,60721.86962283333,0.9781981955331701,,60721.86962283333,0.9781981955331701,False
347,audit_selected,oracle_p33,exit,optimal,L46-@11;L46-@12;L46-@13;L46-@14;L46-@15;L46-@16;L78-@12;L78-@13;L78-@14;L78-@15,9ba55a9bfc,226421.47313642397,False,not_needed,,4151.249205968137,72976.63295044839,62321.866463413804,oracle_p33,5270.110030745795,1118.8608247776574,0.26952388769363733,L46-@11;L46-@12;L46-@13;L46-@14;L46-@15;L46-@16;L78-@12;L78-@13;L78-@14;L78-@15;L78-@16,sweep100,75491.12347101796,2514.4905205695686,0.034456104905208826,L46-@11;L46-@12;L46-@13;L46-@14;L46-@15;L46-@16;L78-@12;L78-@13;L78-@14;L78-@15,oracle_p33,123557.04077568084,61235.17431226704,0.9825632284009865,L46-@13;L46-@14,61235.17431226704,0.9825632284009865,False
557,oracle_p75,exit,oracle_p129,optimal,L46-@12;L46-@13;L46-@14;L46-@15;L78-@12;L78-@13;L78-@14;L78-@15,fd4d461036,217977.65702926496,False,not_needed,,1470.06956044707,72020.95199098179,78523.73880693068,sweep100,2916.2555710167117,1446.1860105696417,0.9837534559451969,L46-@12;L46-@13;L46-@14;L78-@13;L78-@14;L78-@15,sweep100,72038.7420076093,17.790016627506702,0.0002470116839018499,L78-@14,oracle_p33,108060.22400496132,29536.48519803064,0.37614720907078975,L46-@11;L46-@13;L46-@14;L78-@14,29536.48519803064,0.9837534559451969,False
59,sweep100,oracle_p33,exit,optimal,L46-@11;L46-@12;L46-@13;L46-@14;L46-@15;L46-@16;L78-@12;L78-@13;L78-@14;L78-@15,9ba55a9bfc,226396.80756294844,True,ma27_optimal,0.00016236817464232445,4171.5209101534365,72976.63278808011,62321.86646342155,oracle_p33,5270.110030745795,1098.589120592358,0.2633545760056971,L46-@11;L46-@12;L46-@13;L46-@14;L46-@15;L46-@16;L78-@12;L78-@13;L78-@14;L78-@15;L78-@16,sweep100,75491.20896105295,2514.57617297284,0.03445727867816295,L46-@11;L46-@12;L46-@13;L46-@14;L46-@15;L46-@16;L78-@12;L78-@13;L78-@14;L78-@15,oracle_p33,123930.03414086974,61608.16767744819,0.9885481801737717,L46-@13;L46-@14,61608.16767744819,0.9885481801737717,False
561,oracle_p75,oracle_p33,step7,optimal,L46-@12;L46-@13;L46-@14;L46-@15;L78-@12;L78-@13;L78-@14;L78-@15,fd4d461036,218203.75937994587,True,ma27_optimal,0.002552777441451326,1470.069560447134,71971.62032946105,78289.30516383192,sweep100,2930.296804371216,1460.2272439240817,0.9933048633970363,L46-@12;L46-@13;L46-@14;L46-@15;L78-@13;L78-@14;L78-@15,sweep100,73380.60207754362,1408.9817480825732,0.019576907420351865,L46-@12;L46-@13;L46-@14;L78-@14;L78-@15,oracle_p33,107999.54251694355,29710.237353111632,0.3794929242370791,L46-@11;L46-@12;L46-@13;L46-@14;L46-@15;L78-@14,29710.237353111632,0.9933048633970363,False
184,step5,audit_selected,audit_selected,optimal,L46-@12;L46-@13;L46-@14;L46-@15;L78-@12;L78-@13;L78-@14;L78-@15,fd4d461036,216399.82771424568,True,ma27_optimal,9.70192058957764e-06,1120.8420152358017,74473.44639171609,76914.39555255405,step2,2237.599252645595,1116.757237409793,0.9963556167858775,L46-@12;L46-@13;L46-@14;L78-@12;L78-@13;L78-@14;L78-@15,step3,75075.26695141724,601.8205597011547,0.008081008585740663,L46-@12;L46-@13;L46-@14;L46-@15;L78-@12;L78-@13;L78-@14;L78-@15,oracle_p75,119063.58041729408,42149.18486474003,0.5480012494662374,L46-@11;L46-@14;L78-@14,42149.18486474003,0.9963556167858775,False
107,step2,step9,oracle_p129,optimal,,da39a3ee5e,214214.39961933554,True,ma27_optimal,0.03505705868883524,-304.2808482421101,71436.58949297697,125831.4455067721,exit,-2.3909432478593645e-18,304.2808482421101,1.0,L46-@12;L46-@13;L46-@14;L46-@15;L78-@12;L78-@13;L78-@14;L78-@15,exit,72020.9477419974,584.358249020428,0.008180097246634052,L46-@12;L46-@13;L46-@14;L46-@15;L78-@12;L78-@13;L78-@14;L78-@15,step4,125909.01007450257,77.56456773047103,0.0006164164086178013,L46-@11,584.358249020428,1.0,False
25,sweep100,step6,oracle_p75,optimal,,da39a3ee5e,213919.66977343473,False,not_needed,,-450.57805730918153,71447.54070891511,125853.45386141766,exit,-9.282985019428894e-19,450.57805730918153,1.0,L46-@11;L46-@12;L46-@13;L46-@14;L78-@13;L78-@14;L78-@15,exit,72035.30275199837,587.7620430832612,0.008226483896455812,L46-@13;L46-@14;L78-@13;L78-@14,step4,125899.78457402189,46.33071260423458,0.0003681322298492595,,587.7620430832612,1.0,False
34,sweep100,step9,oracle_p75,optimal,,da39a3ee5e,213916.1897663015,True,ma27_optimal,2.3233427782543004e-05,-450.5780573109819,71437.81950195221,125853.45383816799,exit,-2.1452445051562336e-20,450.5780573109819,1.0,L46-@11;L46-@12;L46-@13;L46-@14;L78-@13;L78-@14;L78-@15,exit,72035.30275199837,597.4832500461634,0.008363682629336632,L46-@13;L46-@14;L78-@13;L78-@14,step4,125899.78457402186,46.33073585387319,0.00036813241465306787,,597.4832500461634,1.0,False
539,oracle_p75,step9,oracle_p129,optimal,,da39a3ee5e,214417.40337438293,True,ma27_optimal,1.2420001439750195e-05,-180.1415284082973,71436.59353208757,125831.47990679192,exit,-2.3909432478593645e-18,180.1415284082973,1.0,L46-@12;L46-@13;L46-@14;L46-@15;L78-@12;L78-@13;L78-@14;L78-@15,sweep100,72038.7420076093,602.1484755217243,0.008429131986133324,L78-@14,step7,125865.68541258729,34.20550579536939,0.000271835838064582,,602.1484755217243,1.0,False
35,sweep100,step9,oracle_p129,optimal,,da39a3ee5e,214011.56836252334,True,ma27_optimal,2.08092387765646e-09,-450.57805730865584,71437.81950196781,125841.91409648363,exit,-2.3909432478593645e-18,450.57805730865584,1.0,L46-@12;L46-@13;L46-@14;L46-@15;L78-@12;L78-@13;L78-@14;L78-@15,oracle_p33,72050.07058266875,612.2510807009385,0.008570405493466575,L46-@12;L46-@13;L46-@14;L78-@13;L78-@14;L78-@15,step4,125899.78457402186,57.87047753823572,0.0004598664757583561,,612.2510807009385,1.0,False
323,audit_selected,step9,oracle_p129,optimal,,da39a3ee5e,214014.93779636556,True,ma27_optimal,2.910190960392356e-05,-449.5534349840839,71437.81950010167,125841.91406737965,exit,-2.3909432478593645e-18,449.5534349840839,1.0,L46-@12;L46-@13;L46-@14;L46-@15;L78-@12;L78-@13;L78-@14;L78-@15,oracle_p33,72085.47780015905,647.6583000573737,0.009066042393083567,L46-@12;L46-@13;L46-@14;L78-@13;L78-@14;L78-@15,step4,125899.78457402193,57.870506642284454,0.00045986670713939393,,647.6583000573737,1.0,False
313,audit_selected,step6,oracle_p75,optimal,,da39a3ee5e,213923.0391817276,False,not_needed,,-449.55343394866645,71447.54070891699,125853.4538614206,exit,-9.282985019428894e-19,449.55343394866645,1.0,L46-@11;L46-@12;L46-@13;L46-@14;L78-@13;L78-@14;L78-@15,exit,72127.28123724554,679.740528328548,0.00951384080661174,L46-@12;L46-@13;L46-@14;L78-@13;L78-@14;L78-@15,step4,125899.78457402198,46.3307126013824,0.0003681322298265882,,679.740528328548,1.0,False
322,audit_selected,step9,oracle_p75,optimal,,da39a3ee5e,213919.55915136074,True,ma27_optimal,7.275957614183426e-11,-449.55343394904435,71437.81950196195,125853.45386141745,exit,-2.1452445051562336e-20,449.55343394904435,1.0,L46-@11;L46-@12;L46-@13;L46-@14;L78-@13;L78-@14;L78-@15,exit,72127.28123724554,689.4617352835921,0.009651214721981499,L46-@12;L46-@13;L46-@14;L78-@13;L78-@14;L78-@15,step4,125899.78457402193,46.33071260448196,0.0003681322298512257,,689.4617352835921,1.0,False
179,step5,step9,oracle_p129,optimal,,da39a3ee5e,214465.24783473293,True,ma27_optimal,6.50388949913031,-150.88407206099367,71435.77472395757,125824.97601684452,exit,-2.3909432478593645e-18,150.88407206099367,1.0,L46-@12;L46-@13;L46-@14;L46-@15;L78-@12;L78-@13;L78-@14;L78-@15,step3,72174.08951485611,738.3147908985411,0.010335364790982394,L78-@14,oracle_p129,125824.97601684452,0.0,0.0,,738.3147908985411,1.0,False
285,step8,oracle_p75,oracle_p33,optimal,,da39a3ee5e,214005.0756633644,False,not_needed,,-107.52282358348913,71071.56481538058,122054.49309120918,exit,-4.087161953969173e-18,107.52282358348913,1.0,,exit,71952.61644496844,881.0516295878624,0.012396682581515276,L46-@11;L46-@12;L46-@13;L46-@14;L46-@15;L78-@13;L78-@14,oracle_p33,122054.49309120918,0.0,0.0,,881.0516295878624,1.0,False
240,step8,step6,oracle_p33,optimal,,da39a3ee5e,213937.87470598708,False,not_needed,,-107.52282358365534,71037.98795692262,122054.49309120559,exit,-1.9293945421299262e-18,107.52282358365534,1.0,,exit,71952.61644496844,914.6284880458261,0.012875202611319117,L46-@11;L46-@12;L46-@13;L46-@14;L46-@15;L78-@13;L78-@14,oracle_p75,123003.49708496177,949.0039937561814,0.007775248331473019,L46-@11,949.0039937561814,1.0,False
241,step8,step6,oracle_p75,optimal,L46-@11,8b7e44a86e,214487.80230810907,False,not_needed,,-107.52283413453148,71234.86295694011,123003.49708496177,exit,-9.282985019428894e-19,107.52283413453148,1.0,L46-@11;L46-@12;L46-@13;L46-@14;L78-@13;L78-@14;L78-@15,sweep100,73089.48416631152,1854.621209371413,0.026035302552522496,L46-@11;L46-@13;L46-@14;L78-@14,oracle_p75,123003.49708496177,0.0,0.0,L46-@11,1854.621209371413,1.0,False
251,step8,step9,oracle_p129,optimal,,da39a3ee5e,214536.15603375222,False,not_needed,,-107.52285069709222,71436.60519363708,125831.57904297426,exit,-2.3909432478593645e-18,107.52285069709222,1.0,L46-@12;L46-@13;L46-@14;L46-@15;L78-@12;L78-@13;L78-@14;L78-@15,oracle_p75,74165.08986997986,2728.4846763427777,0.03819448963100792,L46-@12;L46-@13;L46-@14;L46-@15;L78-@12;L78-@13;L78-@14;L78-@15,oracle_p129,125831.57904297426,0.0,0.0,,2728.4846763427777,1.0,False
178,step5,step9,oracle_p75,optimal,L46-@11,8b7e44a86e,214413.41409573896,True,ma27_optimal,2.9770162655040622e-05,-150.88407206098913,71225.14174996599,123003.49705532196,exit,-2.1452445051562336e-20,150.88407206098913,1.0,L46-@11;L46-@12;L46-@13;L46-@14;L78-@13;L78-@14;L78-@15,audit_selected,72298.83977547291,1073.698025506921,0.015074705351603374,L46-@11;L46-@14;L78-@14,oracle_p129,125824.97601684452,2821.47896152256,0.02293820118182147,,2821.47896152256,1.0,False
538,oracle_p75,step9,oracle_p75,optimal,L46-@11,8b7e44a86e,214365.56963652265,True,ma27_optimal,3.346940502524376e-10,-180.1415284082932,71225.14174996583,123003.49708509386,exit,-2.1452445051562336e-20,180.1415284082932,1.0,L46-@11;L46-@12;L46-@13;L46-@14;L78-@13;L78-@14;L78-@15,exit,71809.49999999991,584.3582500340854,0.00820438170674986,L46-@11;L46-@12;L46-@13;L46-@14;L46-@15;L78-@13;L78-@14;L78-@15,step7,125865.68541258729,2862.188327493437,0.0232691622215698,,2862.188327493437,1.0,False
169,step5,step6,oracle_p75,optimal,L46-@11,8b7e44a86e,214416.89412768575,True,ma27_optimal,5.37023734068498e-05,-150.88407256555996,71234.86294922205,123003.49703139074,exit,-9.282985019428894e-19,150.88407256555996,1.0,L46-@11;L46-@12;L46-@13;L46-@14;L78-@13;L78-@14;L78-@15,audit_selected,72298.83977547291,1063.9768262508587,0.014936181276986345,L46-@11;L46-@14;L78-@14,step7,125865.87236883077,2862.3753374400258,0.023270682594573242,L46-@12;L46-@13;L46-@15;L78-@13;L78-@14;L78-@15,2862.3753374400258,1.0,False
529,oracle_p75,step6,oracle_p75,optimal,L46-@11,8b7e44a86e,214369.04966688965,True,ma27_optimal,2.473825588822365e-10,-180.1415284083023,71234.86295691885,123003.49708509394,exit,-9.282985019428894e-19,180.1415284083023,1.0,L46-@11;L46-@12;L46-@13;L46-@14;L78-@13;L78-@14;L78-@15,exit,71809.49999999991,574.6370430810639,0.008066795094820224,L46-@11;L46-@12;L46-@13;L46-@14;L46-@15;L78-@13;L78-@14;L78-@15,step7,125866.07653523648,2862.5794501425407,0.023272341990099723,,2862.5794501425407,1.0,False
97,step2,step6,oracle_p75,optimal,L46-@11,8b7e44a86e,214166.04588847846,True,ma27_optimal,1.855161144703743e-06,-304.2808481476645,71234.86295691879,123003.49708509764,exit,-9.282985019428894e-19,304.2808481476645,1.0,L46-@11;L46-@12;L46-@13;L46-@14;L78-@13;L78-@14;L78-@15,oracle_p33,71758.94390754806,524.0809506292717,0.007357085124824678,L46-@11;L46-@12;L46-@13;L46-@14;L46-@15;L78-@13;L78-@14;L78-@15,step4,125908.94143211239,2905.4443470147526,0.02362082717863441,L46-@11,2905.4443470147526,1.0,False
106,step2,step9,oracle_p75,optimal,L46-@11,8b7e44a86e,214162.56588788482,True,ma27_optimal,2.9769144020974636e-05,-304.2808481478114,71225.14174996567,123003.49705532516,exit,-2.1452445051562336e-20,304.2808481478114,1.0,L46-@11;L46-@12;L46-@13;L46-@14;L78-@13;L78-@14;L78-@15,oracle_p33,71758.94390754806,533.802157582395,0.007494574871557238,L46-@11;L46-@12;L46-@13;L46-@14;L46-@15;L78-@13;L78-@14;L78-@15,step4,125909.01007450257,2905.513019177408,0.02362138547874416,L46-@11,2905.513019177408,1.0,False
231,step8,step3,oracle_p33,optimal,,da39a3ee5e,213912.04677773,False,not_needed,,-215.81568150937431,68914.9781264893,120019.64844473252,exit,-6.06387633879526e-19,215.81568150937431,1.0,L46-@14,exit,71952.61644496844,3037.6383184791484,0.04407805677459182,L46-@11;L46-@12;L46-@13;L46-@14;L46-@15;L78-@13;L78-@14,oracle_p33,120019.64844473252,0.0,0.0,,3037.6383184791484,1.0,False
213,step5,oracle_p75,oracle_p33,optimal,,da39a3ee5e,213934.16753026834,True,ma27_optimal,2.403101825620979e-05,-150.88407247483957,71071.56479134127,122054.49308016396,exit,-4.087161953969173e-18,150.88407247483957,1.0,,exit,71952.61644496793,881.0516536266659,0.012396682923942115,L46-@11;L46-@12;L46-@13;L46-@14;L46-@15;L78-@13;L78-@14,oracle_p129,125831.41298269322,3776.919902529262,0.03094453802735984,L46-@12;L78-@14,3776.919902529262,1.0,False
249,step8,step9,oracle_p33,optimal,,da39a3ee5e,213934.39467562022,False,not_needed,,-107.52282358371355,71028.26674996923,122054.49309120601,exit,-7.951041636942979e-19,107.52282358371355,1.0,,exit,71952.61644496844,924.3496949992114,0.013013828681094936,L46-@11;L46-@12;L46-@13;L46-@14;L46-@15;L78-@13;L78-@14,oracle_p129,125831.57904297426,3777.0859517682547,0.030945898476230638,,3777.0859517682547,1.0,False
447,oracle_p33,step3,oracle_p33,optimal,,da39a3ee5e,213911.70653525039,True,ma27_optimal,8.006318239495158e-07,-1422.7749758068824,67583.63634592695,118750.59306368745,exit,-6.06387633879526e-19,1422.7749758068824,1.0,L46-@14,exit,68648.63047885534,1064.9941329283902,0.015758165593180218,,sweep100,122797.09108180007,4046.4980181126157,0.03407560260303228,,4046.4980181126157,1.0,False
474,oracle_p33,audit_selected,oracle_p33,optimal,,da39a3ee5e,213911.70653365433,False,not_needed,,-1422.7749753793507,67527.78346860851,118750.59306288684,exit,-1.7240402899715253e-18,1422.7749753793507,1.0,L46-@14,exit,68648.63047885534,1120.8470102468273,0.016598308913365604,,sweep100,122797.09108624716,4046.4980233603274,0.03407560264745306,,4046.4980233603274,1.0,False
159,step5,step3,oracle_p33,optimal,,da39a3ee5e,213911.70653498388,True,ma27_optimal,1.1015130439773202e-05,-397.62327220429796,67583.63635366168,118750.59307390545,exit,-6.06387633879526e-19,397.62327220429796,1.0,L46-@14,exit,71952.61644496793,4368.98009130625,0.06464553147811701,L46-@11;L46-@12;L46-@13;L46-@14;L46-@15;L78-@13;L78-@14,oracle_p75,123003.49702810639,4252.903954200941,0.03581374917053349,L46-@11,4368.98009130625,1.0,False
258,step8,audit_selected,oracle_p33,optimal,,da39a3ee5e,213911.7065350692,True,ma27_optimal,4.6885033953003585e-05,-283.35382192655396,67527.78349418205,118750.59310978862,exit,-1.7240402899715253e-18,283.35382192655396,1.0,L46-@14,exit,71952.61644496844,4424.832950786396,0.0655261097258971,L46-@11;L46-@12;L46-@13;L46-@14;L46-@15;L78-@13;L78-@14,oracle_p33,118750.59310978862,0.0,0.0,,4424.832950786396,1.0,False
186,step5,audit_selected,oracle_p33,optimal,,da39a3ee5e,213911.70653498356,True,ma27_optimal,1.1758907930925488e-05,-397.6232722092886,67527.78347545084,118750.59307464972,exit,-1.7240402899715253e-18,397.6232722092886,1.0,L46-@14,exit,71952.61644496793,4424.832969517098,0.06552611002145078,L46-@11;L46-@12;L46-@13;L46-@14;L46-@15;L78-@13;L78-@14,oracle_p75,119063.58041729408,312.98734264436644,0.0026356697220671094,L46-@11;L46-@14;L78-@14,4424.832969517098,1.0,False
222,step8,sweep100,oracle_p33,optimal,,da39a3ee5e,213911.70653647106,False,not_needed,,-283.3538197257382,67523.89155247422,118750.59324649685,exit,-1.1310197509138768e-18,283.3538197257382,1.0,L46-@14,exit,71952.61644496844,4428.724892494225,0.0655875245142317,L46-@11;L46-@12;L46-@13;L46-@14;L46-@15;L78-@13;L78-@14,oracle_p33,118750.59324649685,0.0,0.0,,4428.724892494225,1.0,False
250,step8,step9,oracle_p75,optimal,L46-@11;L46-@12;L46-@13;L46-@14;L46-@15,022685a836,214495.36678073948,True,ma27_optimal,7.422053249683813e-05,-67.61776352163969,71652.8820048595,120343.62615976584,exit,-2.1452445051562336e-20,67.61776352163969,1.0,L46-@11;L46-@12;L46-@13;L46-@14;L78-@13;L78-@14;L78-@15,sweep100,73089.48416631152,1436.6021614520287,0.02004946795237906,L46-@11;L46-@13;L46-@14;L78-@14,oracle_p129,125831.57904297426,5487.952883208418,0.04560235600614792,,5487.952883208418,1.0,False
438,oracle_p33,sweep100,oracle_p33,optimal,,da39a3ee5e,213911.70653629277,False,not_needed,,-1422.7749758321227,67523.8914660267,118750.59306404073,exit,-1.1310197509138768e-18,1422.7749758321227,1.0,L46-@14,exit,68648.63047885534,1124.7390128286352,0.016656904517929408,,audit_selected,124304.5952626175,5554.002198576767,0.046770311248732564,,5554.002198576767,1.0,False
467,oracle_p33,step9,oracle_p129,optimal,,da39a3ee5e,213911.70653365416,False,not_needed,,-1422.7749753786204,67585.43087574125,119653.58096563294,exit,-2.3909432478593645e-18,1422.7749753786204,1.0,L46-@12;L46-@13;L46-@14;L46-@15;L78-@12;L78-@13;L78-@14;L78-@15,oracle_p33,71786.12297705343,4200.6921013121755,0.06215381106373843,L46-@14;L78-@14,step4,125909.03100246639,6255.450036833456,0.05227967258773605,L46-@11,6255.450036833456,1.0,False
457,oracle_p33,step6,oracle_p75,optimal,,da39a3ee5e,213911.70653365404,True,ma27_optimal,5.911715561524034e-11,-1422.7749753788596,67598.63211305974,119569.74211113562,exit,-9.282985019428894e-19,1422.7749753788596,1.0,L46-@11;L46-@12;L46-@13;L46-@14;L78-@13;L78-@14;L78-@15,exit,71625.74999999742,4027.117886937689,0.0595739552865844,L46-@11,step4,125908.93887515494,6339.196764019318,0.05301673025377332,L46-@11,6339.196764019318,1.0,False
466,oracle_p33,step9,oracle_p75,optimal,,da39a3ee5e,213911.70653365404,True,ma27_optimal,1.7462298274040222e-10,-1422.7749753789255,67585.43087573984,119569.74211113571,exit,-2.1452445051562336e-20,1422.7749753789255,1.0,L46-@11;L46-@12;L46-@13;L46-@14;L78-@13;L78-@14;L78-@15,exit,71625.74999999742,4040.319124257585,0.05978091834149835,L46-@11,step4,125909.03100246639,6339.2888913306815,0.05301750074394694,L46-@11,6339.2888913306815,1.0,False
546,oracle_p75,audit_selected,oracle_p33,optimal,,da39a3ee5e,213911.70653365407,True,ma27_optimal,2.6775524020195007e-09,-474.725158274989,67527.78346860863,118750.59306288665,exit,-1.7240402899715253e-18,474.725158274989,1.0,L46-@14,oracle_p33,71878.87526224885,4351.091793640226,0.06443409764312641,L46-@11;L46-@12;L46-@13;L46-@14;L46-@15;L78-@14,oracle_p75,125763.15889165386,7012.565828767212,0.0590528910036986,L46-@11,7012.565828767212,1.0,False
177,step5,step9,oracle_p33,optimal,,da39a3ee5e,213911.70653365392,True,ma27_optimal,1.894022716442123e-10,-397.6232724816304,67585.43087574143,118750.59306289128,exit,-7.951041636942979e-19,397.6232724816304,1.0,,exit,71952.61644496793,4367.185569226509,0.0646172631089052,L46-@11;L46-@12;L46-@13;L46-@14;L46-@15;L78-@13;L78-@14,oracle_p129,125824.97601684452,7074.382953953245,0.05957345366861953,,7074.382953953245,1.0,False
519,oracle_p75,step3,oracle_p33,optimal,,da39a3ee5e,213911.70653367505,True,ma27_optimal,3.803870640695095e-08,-474.7251582762925,67583.63634645268,118750.59306285068,exit,-6.06387633879526e-19,474.7251582762925,1.0,L46-@14,oracle_p33,71878.87526224885,4295.238915796173,0.06355442157296144,L46-@11;L46-@12;L46-@13;L46-@14;L46-@15;L78-@14,oracle_p129,125831.47990631728,7080.886843466607,0.059628222991012204,,7080.886843466607,1.0,False
573,oracle_p75,oracle_p75,oracle_p33,optimal,,da39a3ee5e,213911.70653365407,True,ma27_optimal,2.473825588822365e-10,-474.72515827430004,67699.40992890055,118750.59306289881,exit,-4.087161953969173e-18,474.72515827430004,1.0,,oracle_p33,71878.87526224885,4179.4653333483,0.06173562425045756,L46-@11;L46-@12;L46-@13;L46-@14;L46-@15;L78-@14,oracle_p129,125831.50857656213,7080.91551366332,0.059628464423017745,,7080.91551366332,1.0,False
150,step5,sweep100,oracle_p33,optimal,,da39a3ee5e,213911.70653524672,True,ma27_optimal,1.5224242815747857e-05,-397.6232721270522,67523.89147393718,118750.59307811607,exit,-1.1310197509138768e-18,397.6232721270522,1.0,L46-@14,exit,71952.61644496793,4428.7249710307515,0.06558752575360896,L46-@11;L46-@12;L46-@13;L46-@14;L46-@15;L78-@13;L78-@14,oracle_p75,125843.32437390338,7092.731295787307,0.059727965241584885,L46-@11;L46-@14;L78-@14,7092.731295787307,1.0,False
510,oracle_p75,sweep100,oracle_p33,optimal,,da39a3ee5e,213911.70653365392,False,not_needed,,-474.72515827489997,67523.89146562004,118750.59306288976,exit,-1.1310197509138768e-18,474.72515827489997,1.0,L46-@14,oracle_p33,71878.87526224885,4354.983796628818,0.06449545045617179,L46-@11;L46-@12;L46-@13;L46-@14;L46-@15;L78-@14,oracle_p75,125843.61070705773,7093.017644167965,0.059730376591984984,L46-@11,7093.017644167965,1.0,False
141,step2,oracle_p75,oracle_p33,optimal,,da39a3ee5e,213911.70653568328,True,ma27_optimal,3.471461241133511e-06,-801.8682563435843,67699.4099313082,118750.59306635927,exit,-4.087161953969173e-18,801.8682563435843,1.0,,oracle_p33,71934.25620551045,4234.846274202253,0.06255366595512689,L46-@11;L46-@12;L46-@13;L46-@14;L46-@15,step7,125865.66183209875,7115.068765739474,0.059916069318184266,,7115.068765739474,1.0,False
537,oracle_p75,step9,oracle_p33,optimal,,da39a3ee5e,213911.70653365392,True,ma27_optimal,8.381903171539307e-09,-474.72515827540326,67585.4308757314,118750.59306288125,exit,-7.951041636942979e-19,474.72515827540326,1.0,,oracle_p33,71878.87526224885,4293.444386517454,0.0635261820615121,L46-@11;L46-@12;L46-@13;L46-@14;L46-@15;L78-@14,step7,125865.68541258729,7115.092349706043,0.059916267920770996,,7115.092349706043,1.0,False
168,step5,step6,oracle_p33,optimal,,da39a3ee5e,213911.70653365355,False,not_needed,,-397.6232724818024,67598.63211306192,118750.5930628921,exit,-1.9293945421299262e-18,397.6232724818024,1.0,,exit,71952.61644496793,4353.984331906016,0.06440935557133422,L46-@11;L46-@12;L46-@13;L46-@14;L46-@15;L78-@13;L78-@14,step7,125865.87236883077,7115.27930593866,0.059917842281177504,L46-@12;L46-@13;L46-@15;L78-@13;L78-@14;L78-@15,7115.27930593866,1.0,False
528,oracle_p75,step6,oracle_p33,optimal,,da39a3ee5e,213911.70653365392,True,ma27_optimal,6.662048690486699e-11,-474.72515827485347,67598.63211305975,118750.59306288911,exit,-1.9293945421299262e-18,474.72515827485347,1.0,,oracle_p33,71878.87526224885,4280.243149189104,0.06331848759942851,L46-@11;L46-@12;L46-@13;L46-@14;L46-@15;L78-@14,step7,125866.07653523648,7115.483472347376,0.05991956156866592,,7115.483472347376,1.0,False
114,step2,audit_selected,oracle_p33,optimal,,da39a3ee5e,213911.70653611963,True,ma27_optimal,2.2788590285927057e-06,-801.8682564597943,67527.78346977437,118750.59306516622,exit,-1.7240402899715253e-18,801.8682564597943,1.0,L46-@14,oracle_p33,71934.25620551045,4406.4727357360825,0.06525421847599118,L46-@11;L46-@12;L46-@13;L46-@14;L46-@15,step4,125899.78451729336,7149.191452127139,0.06020341682170724,,7149.191452127139,1.0,False
69,sweep100,oracle_p75,oracle_p33,optimal,,da39a3ee5e,213911.7065354224,True,ma27_optimal,2.8817157726734877e-06,-1150.996694860231,67699.40993028594,118750.5930657691,exit,-4.087161953969173e-18,1150.996694860231,1.0,,oracle_p33,72323.69992607637,4624.28999579043,0.06830620828973744,L46-@13;L46-@14,step4,125899.7845184905,7149.191452721396,0.060203416826405835,,7149.191452721396,1.0,False
294,audit_selected,sweep100,oracle_p33,optimal,,da39a3ee5e,213911.7065354225,True,ma27_optimal,2.5473273126408458e-06,-1146.6026629913376,67523.8914665304,118750.5930654345,exit,-1.1310197509138768e-18,1146.6026629913376,1.0,L46-@14,oracle_p33,72293.01242418475,4769.120957654348,0.0706286449740276,L46-@13;L46-@14,step4,125899.7845199669,7149.191454532396,0.060203416841825924,,7149.191454532396,1.0,False
357,audit_selected,oracle_p75,oracle_p33,optimal,,da39a3ee5e,213911.7065351593,True,ma27_optimal,2.938570105470717e-06,-1146.6026629388832,67699.40993030708,118750.59306582596,exit,-4.087161953969173e-18,1146.6026629388832,1.0,,oracle_p33,72293.01242418475,4593.602493877668,0.06785291775226011,L46-@13;L46-@14,step4,125899.7845671157,7149.191501289737,0.06020341723537152,,7149.191501289737,1.0,False
15,sweep100,step3,oracle_p33,optimal,,da39a3ee5e,213911.70653603278,True,ma27_optimal,1.3229000614956021e-06,-1150.9966949617526,67583.63634735162,118750.59306420993,exit,-6.06387633879526e-19,1150.9966949617526,1.0,L46-@14,oracle_p33,72323.69992607637,4740.063578724745,0.07013626130388724,L46-@13;L46-@14,step4,125899.78456772242,7149.1915035124985,0.06020341725490871,,7149.1915035124985,1.0,False
303,audit_selected,step3,oracle_p33,optimal,,da39a3ee5e,213911.70653365366,False,not_needed,,-1146.6026628505397,67583.63634647542,118750.59306288703,exit,-6.06387633879526e-19,1146.6026628505397,1.0,L46-@14,oracle_p33,72293.01242418475,4709.376077709327,0.06968219427504846,L46-@13;L46-@14,step4,125899.78456771775,7149.191504830727,0.06020341726668021,,7149.191504830727,1.0,False
330,audit_selected,audit_selected,oracle_p33,optimal,,da39a3ee5e,213911.70653515932,True,ma27_optimal,2.525208401493728e-06,-1146.602662993614,67527.78346975782,118750.59306541244,exit,-1.7240402899715253e-18,1146.602662993614,1.0,L46-@14,oracle_p33,72293.01242418475,4765.22895442693,0.07056693866697146,L46-@13;L46-@14,step4,125899.78457402224,7149.1915086098015,0.06020341729722351,,7149.1915086098015,1.0,False
42,sweep100,audit_selected,oracle_p33,optimal,,da39a3ee5e,213911.7065354224,True,ma27_optimal,2.427026629447937e-06,-1150.9966949167924,67527.78346973112,118750.59306531426,exit,-1.7240402899715253e-18,1150.9966949167924,1.0,L46-@14,oracle_p33,72323.69992607637,4795.9164563452505,0.07102138127330936,L46-@13;L46-@14,step4,125899.7845740222,7149.19150870794,0.06020341729809971,,7149.19150870794,1.0,False
78,step2,sweep100,oracle_p33,optimal,,da39a3ee5e,213911.70653365421,False,not_needed,,-801.8682564227606,67523.89146561867,118750.59306288738,exit,-1.1310197509138768e-18,801.8682564227606,1.0,L46-@14,oracle_p33,71934.25620551045,4410.364739891782,0.06531561857831343,L46-@11;L46-@12;L46-@13;L46-@14;L46-@15,step4,125899.78457402148,7149.191511134108,0.06020341731976086,,7149.191511134108,1.0,False
24,sweep100,step6,oracle_p33,optimal,,da39a3ee5e,213911.70653365407,True,ma27_optimal,1.4551915228366852e-11,-1150.9966945034066,67598.63211305824,118750.59306288703,exit,-1.9293945421299262e-18,1150.9966945034066,1.0,,oracle_p33,72323.69992607637,4725.067813018133,0.06989886725985062,L46-@13;L46-@14,step4,125899.78457402189,7149.191511134864,0.06020341731976741,,7149.191511134864,1.0,False
33,sweep100,step9,oracle_p33,optimal,,da39a3ee5e,213911.70653365407,True,ma27_optimal,1.4551915228366852e-11,-1150.9966945034068,67585.43087573836,118750.593062887,exit,-7.951041636942979e-19,1150.9966945034068,1.0,,oracle_p33,72323.69992607637,4738.2690503380145,0.07010784704546355,L46-@13;L46-@14,step4,125899.78457402186,7149.191511134864,0.06020341731976742,,7149.191511134864,1.0,False
312,audit_selected,step6,oracle_p33,optimal,,da39a3ee5e,213911.7065336541,False,not_needed,,-1146.6026628505306,67598.63211305825,118750.59306288706,exit,-1.9293945421299262e-18,1146.6026628505306,1.0,,oracle_p33,72293.01242418475,4694.380311126501,0.06944490094526146,L46-@13;L46-@14,step4,125899.78457402198,7149.191511134923,0.06020341731976789,,7149.191511134923,1.0,False
321,audit_selected,step9,oracle_p33,optimal,,da39a3ee5e,213911.7065336541,True,ma27_optimal,1.57160684466362e-09,-1146.6026628507173,67585.43087573678,118750.59306288561,exit,-7.951041636942979e-19,1146.6026628507173,1.0,,oracle_p33,72293.01242418475,4707.581548447968,0.06965379205916986,L46-@13;L46-@14,step4,125899.78457402193,7149.19151113632,0.06020341731978038,,7149.19151113632,1.0,False
87,step2,step3,oracle_p33,optimal,,da39a3ee5e,213911.70653365427,False,not_needed,,-801.86825642278,67583.63634647493,118750.59306288711,exit,-6.06387633879526e-19,801.86825642278,1.0,L46-@14,oracle_p33,71934.25620551045,4350.61985903552,0.06437386465462719,L46-@11;L46-@12;L46-@13;L46-@14;L46-@15,step4,125906.707390228,7156.114327340882,0.060261714428248764,L46-@11,7156.114327340882,1.0,False
501,oracle_p33,oracle_p75,oracle_p33,optimal,,da39a3ee5e,213911.7065352468,True,ma27_optimal,1.913023879751563e-06,-1422.7749756302435,67699.40992965906,118750.59306480004,exit,-4.087161953969173e-18,1422.7749756302435,1.0,,exit,68648.63047885534,949.2205491962814,0.014021105208783047,,step4,125908.41907436191,7157.826009561875,0.06027612852136224,L46-@11,7157.826009561875,1.0,False
456,oracle_p33,step6,oracle_p33,optimal,,da39a3ee5e,213911.70653365404,True,ma27_optimal,7.275957614183426e-11,-1422.7749753792411,67598.63211305815,118750.5930628869,exit,-1.9293945421299262e-18,1422.7749753792411,1.0,,exit,68648.63047885534,1049.9983657971898,0.01553283451122319,,step4,125908.93887515494,7158.345812268046,0.06028050578641904,L46-@11,7158.345812268046,1.0,False
96,step2,step6,oracle_p33,optimal,,da39a3ee5e,213911.70653365392,True,ma27_optimal,1.74395609064959e-10,-801.8682564226001,67598.63211305838,118750.59306288713,exit,-1.9293945421299262e-18,801.8682564226001,1.0,,oracle_p33,71934.25620551045,4335.624092452068,0.06413774890001854,L46-@11;L46-@12;L46-@13;L46-@14;L46-@15,step4,125908.94143211239,7158.348369225263,0.06028052731858268,L46-@11,7158.348369225263,1.0,False
105,step2,step9,oracle_p33,optimal,,da39a3ee5e,213911.70653365395,True,ma27_optimal,1.964508555829525e-09,-801.8682564228745,67585.43087573652,118750.59306288524,exit,-7.951041636942979e-19,801.8682564228745,1.0,,oracle_p33,71934.25620551045,4348.825329773928,0.06434560338558375,L46-@11;L46-@12;L46-@13;L46-@14;L46-@15,step4,125909.01007450257,7158.417011617334,0.06028110535689318,L46-@11,7158.417011617334,1.0,False
465,oracle_p33,step9,oracle_p33,optimal,,da39a3ee5e,213911.70653365404,True,ma27_optimal,1.076841726899147e-09,-1422.7749753795076,67585.43087573713,118750.59306288577,exit,-7.951041636942979e-19,1422.7749753795076,1.0,,exit,68648.63047885534,1063.1996031182061,0.01573119516058142,,step4,125909.03100246639,7158.437939580617,0.06028128159149304,L46-@11,7158.437939580617,1.0,False
6,sweep100,sweep100,oracle_p33,optimal,,da39a3ee5e,213911.70653365416,False,not_needed,,-1150.9966945033868,67523.89146561842,118750.59306288726,exit,-1.1310197509138768e-18,1150.9966945033868,1.0,L46-@14,oracle_p33,72323.69992607637,4799.808460457949,0.07108311378798271,L46-@13;L46-@14,step1,126162.67740585291,7412.0843429656525,0.06241724063677226,L46-@14;L78-@14,7412.0843429656525,1.0,False
338,audit_selected,exit,exit,optimal,L46-@11;L46-@12;L46-@13;L46-@14;L46-@15;L46-@16;L78-@12;L78-@13;L78-@14;L78-@15,9ba55a9bfc,226574.71094266968,False,not_needed,,4151.249205968183,72956.62500000028,62321.866463413884,oracle_p33,5270.1100243488,1118.8608183806173,0.2695238861526428,L46-@11;L46-@12;L46-@13;L46-@14;L46-@15;L46-@16;L78-@12;L78-@13;L78-@14;L78-@15;L78-@16,sweep100,75491.12347101796,2534.4984710176795,0.03473979876423382,L46-@11;L46-@12;L46-@13;L46-@14;L46-@15;L46-@16;L78-@12;L78-@13;L78-@14;L78-@15,oracle_p33,125243.41486786678,62921.5484044529,1.009622336028576,L46-@14,62921.5484044529,1.009622336028576,False
157,step5,step3,audit_selected,optimal,L46-@12;L46-@13;L46-@14;L46-@15;L78-@12;L78-@13;L78-@14;L78-@15,fd4d461036,216417.90544993864,True,ma27_optimal,9.387121053805458e-06,1231.310059677893,75075.26695141724,73112.44718109483,step2,2483.125360835713,1251.81530115782,1.0166531908992047,L46-@12;L46-@13;L46-@14;L46-@15;L78-@12;L78-@13;L78-@14;L78-@15,step3,75075.26695141724,0.0,0.0,L46-@12;L46-@13;L46-@14;L46-@15;L78-@12;L78-@13;L78-@14;L78-@15,oracle_p75,123003.49702810639,49891.049847011556,0.6823879075396647,L46-@11,49891.049847011556,1.0166531908992047,False
205,step5,oracle_p33,oracle_p75,optimal,L46-@11;L46-@12;L46-@13;L46-@14;L46-@15;L78-@13;L78-@14;L78-@15,413e143aad,217770.30360186897,True,ma27_optimal,9.359995601698756e-06,1231.3100597050434,71758.94402007277,83277.8235397906,step2,2483.1253634951163,1251.815303790073,1.0166531930145535,L46-@11;L46-@12;L46-@13;L46-@14;L46-@15;L78-@13;L78-@14;L78-@15,audit_selected,72298.83977547291,539.895755400139,0.007523741643259364,L46-@11;L46-@14;L78-@14,oracle_p33,99735.57768657603,16457.75414678543,0.1976246910310021,L46-@11;L46-@12;L46-@13;L46-@14;L46-@15;L78-@13;L78-@14,16457.75414678543,1.0166531930145535,False
208,step5,oracle_p75,step1,optimal,L46-@12;L46-@13;L46-@14;L46-@15;L78-@12;L78-@13;L78-@14;L78-@15,fd4d461036,216987.7043318318,True,ma27_optimal,2.6200665161013603e-05,1231.3100596955246,74571.10325591237,73151.33744417684,step2,2483.1254267144477,1251.815367018923,1.016653244373289,L46-@12;L46-@13;L46-@14;L46-@15;L78-@12;L78-@13;L78-@14;L78-@15,step3,75075.26695091189,504.1636949995154,0.0067608453273023394,L46-@12;L46-@13;L46-@14;L46-@15;L78-@12;L78-@13;L78-@14;L78-@15,oracle_p129,125831.41298269322,52680.07553851638,0.7201519121740944,L46-@12;L78-@14,52680.07553851638,1.016653244373289,False
211,step5,oracle_p75,audit_selected,optimal,L46-@12;L46-@13;L46-@14;L46-@15;L78-@12;L78-@13;L78-@14;L78-@15,fd4d461036,217037.84272792566,True,ma27_optimal,2.5850196834653616e-05,1231.3100596951303,74571.10325626297,73112.44717927862,step2,2483.1254269300553,1251.815367234925,1.0166532445490388,L46-@12;L46-@13;L46-@14;L46-@15;L78-@12;L78-@13;L78-@14;L78-@15,step3,75075.26695141724,504.16369515427505,0.006760845329345883,L46-@12;L46-@13;L46-@14;L46-@15;L78-@12;L78-@13;L78-@14;L78-@15,oracle_p129,125831.41298269322,52718.9658034146,0.7210669022491166,L46-@12;L78-@14,52718.9658034146,1.0166532445490388,False
206,step5,oracle_p33,oracle_p129,optimal,L46-@12;L46-@13;L46-@14;L46-@15;L78-@12;L78-@13;L78-@14;L78-@15,fd4d461036,218210.84469473248,True,ma27_optimal,0.1828245453798445,1231.3100597111384,71970.36705758276,78523.60530747993,step2,2483.1254272056417,1251.8153674945033,1.0166532447466363,L46-@12;L46-@13;L46-@14;L46-@15;L78-@12;L78-@13;L78-@14;L78-@15,step3,72174.08951485611,203.72245727335394,0.0028306435773817534,L78-@14,oracle_p33,99735.57768657603,21211.9723790961,0.2701349778329079,L46-@11;L46-@12;L46-@13;L46-@14;L46-@15;L78-@13;L78-@14,21211.9723790961,1.0166532447466363,False
163,step5,step6,step1,optimal,L46-@12;L46-@13;L46-@14;L46-@15;L78-@12;L78-@13;L78-@14;L78-@15,fd4d461036,216544.05401301855,True,ma27_optimal,9.110055088967783e-06,1231.310059954964,74913.97575719241,73151.33744377542,step2,2483.1254277049684,1251.8153677500045,1.016653244752821,L46-@12;L46-@13;L46-@14;L46-@15;L78-@12;L78-@13;L78-@14;L78-@15,step3,75075.26695091189,161.29119371947309,0.0021530187403514985,L46-@12;L46-@13;L46-@14;L46-@15;L78-@12;L78-@13;L78-@14;L78-@15,step7,125865.87236883077,52714.53492505534,0.7206229819867895,L46-@12;L46-@13;L46-@15;L78-@13;L78-@14;L78-@15,52714.53492505534,1.016653244752821,False
166,step5,step6,audit_selected,optimal,L46-@12;L46-@13;L46-@14;L46-@15;L78-@12;L78-@13;L78-@14;L78-@15,fd4d461036,216594.19240910868,True,ma27_optimal,9.110055543715134e-06,1231.310059954963,74913.97575719254,73112.44717765566,step2,2483.125427705124,1251.815367750161,1.0166532447529486,L46-@12;L46-@13;L46-@14;L46-@15;L78-@12;L78-@13;L78-@14;L78-@15,step3,75075.26695141724,161.29119422470103,0.0021530187470956024,L46-@12;L46-@13;L46-@14;L46-@15;L78-@12;L78-@13;L78-@14;L78-@15,step7,125865.87236883077,52753.425191175105,0.721538222663916,L46-@12;L46-@13;L46-@15;L78-@13;L78-@14;L78-@15,52753.425191175105,1.0166532447529486,False
113,step2,audit_selected,exit,optimal,L46-@11;L46-@12;L46-@13;L46-@14;L46-@15;L46-@16;L78-@12;L78-@13;L78-@14;L78-@15,9ba55a9bfc,222927.7034049479,False,not_needed,,2907.827257550389,77485.16188232238,62321.86646341359,oracle_p33,4501.156023213949,1593.3287656635603,0.5479447795691316,L46-@11;L46-@12;L46-@13;L46-@14;L46-@15;L46-@16;L78-@12;L78-@13;L78-@14;L78-@15,step3,77645.12433554156,159.96245321918104,0.002064426908756,L46-@11;L46-@12;L46-@13;L46-@14;L46-@15;L46-@16;L78-@12;L78-@13;L78-@14;L78-@15;L78-@16,step4,125899.78451729336,63577.91805387977,1.0201542678636486,,63577.91805387977,1.0201542678636486,False
502,oracle_p33,oracle_p75,oracle_p75,optimal,,da39a3ee5e,213911.706535334,True,ma27_optimal,1.54701410792768e-05,-1422.7749731730253,67699.40993994189,119569.7421266088,step8,29.46819470220538,1452.2431678752307,1.0207117747063588,L46-@11;L46-@12;L46-@13;L46-@14;L46-@15,exit,71625.74999999742,3926.3400600555324,0.057996665902091356,L46-@11,step4,125908.41907436191,6338.676947753105,0.05301238285720539,L46-@11,6338.676947753105,1.0207117747063588,False
126,step2,oracle_p33,sweep100,optimal,L46-@11;L46-@12;L46-@13;L46-@14;L46-@15;L46-@16;L78-@12;L78-@13;L78-@14;L78-@15;L78-@16,68997349c3,221114.17957896512,True,ma27_optimal,0.0001547476858831942,2483.125363791337,71877.06890823026,59164.5294480859,oracle_p33,4501.156019416856,2018.030655625519,0.8126978545071554,L46-@11;L46-@12;L46-@13;L46-@14;L46-@15;L46-@16;L78-@12;L78-@13;L78-@14;L78-@15;L78-@16,sweep100,75563.45626235731,3686.3873541270586,0.05128739123786043,L46-@11;L46-@12;L46-@13;L46-@14;L46-@15;L46-@16;L78-@12;L78-@13;L78-@14;L78-@15;L78-@16,oracle_p33,119957.7393477772,60793.2098996913,1.0275279879143548,L46-@11;L46-@12;L46-@13;L46-@14;L46-@15,60793.2098996913,1.0275279879143548,False
293,audit_selected,sweep100,exit,optimal,L46-@11;L46-@12;L46-@13;L46-@14;L46-@15;L46-@16;L78-@12;L78-@13;L78-@14;L78-@15,9ba55a9bfc,221460.63319170795,False,not_needed,,3581.552155545134,75491.12347101796,62076.428504511,oracle_p33,4501.156023213956,919.6038676688222,0.2567612665489309,L46-@11;L46-@12;L46-@13;L46-@14;L46-@15;L46-@16;L78-@12;L78-@13;L78-@14;L78-@15;L78-@16,sweep100,75491.12347101796,0.0,0.0,L46-@11;L46-@12;L46-@13;L46-@14;L46-@15;L46-@16;L78-@12;L78-@13;L78-@14;L78-@15,step4,125899.7845199669,63823.356015455895,1.0281415595747094,,63823.356015455895,1.0281415595747094,False
329,audit_selected,audit_selected,exit,optimal,L46-@11;L46-@12;L46-@13;L46-@14;L46-@15;L46-@16;L78-@12;L78-@13;L78-@14;L78-@15,9ba55a9bfc,221476.78294198267,False,not_needed,,3581.5650375744617,75478.958586963,62075.901761537956,oracle_p33,4501.156023213949,919.5909856394874,0.25675674628046424,L46-@11;L46-@12;L46-@13;L46-@14;L46-@15;L46-@16;L78-@12;L78-@13;L78-@14;L78-@15,sweep100,75491.12347101796,12.164884054960567,0.0001611692090444625,L46-@11;L46-@12;L46-@13;L46-@14;L46-@15;L46-@16;L78-@12;L78-@13;L78-@14;L78-@15,step4,125899.78457402224,63823.882812484284,1.028158770172379,,63823.882812484284,1.028158770172379,False
41,sweep100,audit_selected,exit,optimal,L46-@11;L46-@12;L46-@13;L46-@14;L46-@15;L46-@16;L78-@12;L78-@13;L78-@14;L78-@15,9ba55a9bfc,221454.6326721024,False,not_needed,,3599.3379117057325,75479.07851107568,62075.22152248834,oracle_p33,4501.156023213949,901.8181115082166,0.2505511106849213,L46-@11;L46-@12;L46-@13;L46-@14;L46-@15;L46-@16;L78-@12;L78-@13;L78-@14;L78-@15,sweep100,75491.20896105295,12.130449977266835,0.00016071274605567465,L46-@11;L46-@12;L46-@13;L46-@14;L46-@15;L46-@16;L78-@12;L78-@13;L78-@14;L78-@15,step4,125899.7845740222,63824.563051533856,1.0281809953495176,,63824.563051533856,1.0281809953495176,False
68,sweep100,oracle_p75,exit,optimal,L46-@11;L46-@12;L46-@13;L46-@14;L46-@15;L46-@16;L78-@12;L78-@13;L78-@14;L78-@15,9ba55a9bfc,222219.23437444947,False,not_needed,,3599.337913150765,74886.10327942725,62075.22146341408,oracle_p33,4501.15602321411,901.8181100633451,0.2505511101829051,L46-@11;L46-@12;L46-@13;L46-@14;L46-@15;L46-@16;L78-@12;L78-@13;L78-@14;L78-@15;L78-@16,sweep100,75491.20896105295,605.1056816257042,0.008080346754962468,L46-@11;L46-@12;L46-@13;L46-@14;L46-@15;L46-@16;L78-@12;L78-@13;L78-@14;L78-@15,step4,125899.7845184905,63824.563055076425,1.0281809963850612,,63824.563055076425,1.0281809963850612,False
302,audit_selected,step3,exit,optimal,L46-@11;L46-@12;L46-@13;L46-@14;L46-@15;L46-@16;L78-@12;L78-@13;L78-@14;L78-@15,9ba55a9bfc,221621.44738923764,True,ma27_optimal,5.944602889940143e-07,3581.5816749492515,75390.26695207473,62075.22146341387,oracle_p33,4501.15602321384,919.5743482645885,0.25675090831974906,L46-@11;L46-@12;L46-@13;L46-@14;L46-@15;L46-@16;L78-@12;L78-@13;L78-@14;L78-@15;L78-@16,sweep100,75491.12347101796,100.85651894322655,0.0013377923042418806,L46-@11;L46-@12;L46-@13;L46-@14;L46-@15;L46-@16;L78-@12;L78-@13;L78-@14;L78-@15,step4,125899.78456771775,63824.56310430388,1.0281809971780937,,63824.56310430388,1.0281809971780937,False
14,sweep100,step3,exit,optimal,L46-@11;L46-@12;L46-@13;L46-@14;L46-@15;L46-@16;L78-@12;L78-@13;L78-@14;L78-@15,9ba55a9bfc,221599.2971193836,True,ma27_optimal,5.951005732640624e-07,3599.3379131502775,75390.26695207409,62075.2214634141,oracle_p33,4501.15602321384,901.8181100635625,0.25055111018299947,L46-@11;L46-@12;L46-@13;L46-@14;L46-@15;L46-@16;L78-@12;L78-@13;L78-@14;L78-@15;L78-@16,sweep100,75491.20896105295,100.94200897886185,0.0013389262707218044,L46-@11;L46-@12;L46-@13;L46-@14;L46-@15;L46-@16;L78-@12;L78-@13;L78-@14;L78-@15,step4,125899.78456772242,63824.56310430833,1.0281809971781617,,63824.56310430833,1.0281809971781617,False
356,audit_selected,oracle_p75,exit,optimal,L46-@11;L46-@12;L46-@13;L46-@14;L46-@15;L46-@16;L78-@12;L78-@13;L78-@14;L78-@15,9ba55a9bfc,222241.38466926114,True,ma27_optimal,1.8446226022206247e-05,3581.5816758136425,74886.10326098089,62075.22146185969,oracle_p33,4501.15602321411,919.5743474004676,0.25675090801651596,L46-@11;L46-@12;L46-@13;L46-@14;L46-@15;L46-@16;L78-@12;L78-@13;L78-@14;L78-@15;L78-@16,sweep100,75491.12347101796,605.0202100370661,0.008079205402483662,L46-@11;L46-@12;L46-@13;L46-@14;L46-@15;L46-@16;L78-@12;L78-@13;L78-@14;L78-@15,step4,125899.7845671157,63824.563105256006,1.0281809972191747,,63824.563105256006,1.0281809972191747,False
23,sweep100,step6,exit,optimal,L46-@11;L46-@12;L46-@13;L46-@14;L46-@15;L46-@16;L78-@12;L78-@13;L78-@14;L78-@15,9ba55a9bfc,221775.58408084855,False,not_needed,,3599.3379131506795,75228.97575719125,62075.221463415444,oracle_p33,4501.15602321446,901.8181100637808,0.2505511101830321,L46-@11;L46-@12;L46-@13;L46-@14;L46-@15;L46-@16;L78-@12;L78-@13;L78-@14;L78-@15;L78-@16,sweep100,75491.20896105295,262.23320386170235,0.003485800533933696,L46-@11;L46-@12;L46-@13;L46-@14;L46-@15;L46-@16;L78-@12;L78-@13;L78-@14;L78-@15,step4,125899.78457402189,63824.56311060645,1.0281809972795988,,63824.56311060645,1.0281809972795988,False
320,audit_selected,step9,exit,optimal,L46-@11;L46-@12;L46-@13;L46-@14;L46-@15;L46-@16;L78-@12;L78-@13;L78-@14;L78-@15,9ba55a9bfc,221774.75973842872,True,ma27_optimal,3.2741809263825417e-11,3581.581674949266,75238.74913214715,62075.221463413865,oracle_p33,4501.1560199674705,919.5743450182044,0.2567509074133373,L46-@11;L46-@12;L46-@13;L46-@14;L46-@15;L46-@16;L78-@12;L78-@13;L78-@14;L78-@15;L78-@16,sweep100,75491.12347101796,252.37433887080988,0.0033543133263359676,L46-@11;L46-@12;L46-@13;L46-@14;L46-@15;L46-@16;L78-@12;L78-@13;L78-@14;L78-@15,step4,125899.78457402193,63824.56311060807,1.0281809972796512,,63824.56311060807,1.0281809972796512,False
311,audit_selected,step6,exit,optimal,L46-@11;L46-@12;L46-@13;L46-@14;L46-@15;L46-@16;L78-@12;L78-@13;L78-@14;L78-@15,9ba55a9bfc,221797.7343507024,True,ma27_optimal,2.28283170145005e-10,3581.5816749494707,75228.97575719314,62075.221463413865,oracle_p33,4501.15602321446,919.5743482649896,0.2567509083198453,L46-@11;L46-@12;L46-@13;L46-@14;L46-@15;L46-@16;L78-@12;L78-@13;L78-@14;L78-@15;L78-@16,sweep100,75491.12347101796,262.1477138248156,0.003484664136208845,L46-@11;L46-@12;L46-@13;L46-@14;L46-@15;L46-@16;L78-@12;L78-@13;L78-@14;L78-@15,step4,125899.78457402198,63824.56311060811,1.0281809972796518,,63824.56311060811,1.0281809972796518,False
32,sweep100,step9,exit,optimal,L46-@11;L46-@12;L46-@13;L46-@14;L46-@15;L46-@16;L78-@12;L78-@13;L78-@14;L78-@15,9ba55a9bfc,221752.6094685751,True,ma27_optimal,3.9472070056945086e-10,3599.337913149971,75238.74913214719,62075.221463413734,oracle_p33,4501.1560199674705,901.8181068174995,0.25055110928117075,L46-@11;L46-@12;L46-@13;L46-@14;L46-@15;L46-@16;L78-@12;L78-@13;L78-@14;L78-@15;L78-@16,sweep100,75491.20896105295,252.45982890576124,0.003355449576419034,L46-@11;L46-@12;L46-@13;L46-@14;L46-@15;L46-@16;L78-@12;L78-@13;L78-@14;L78-@15,step4,125899.78457402186,63824.56311060813,1.0281809972796543,,63824.56311060813,1.0281809972796543,False
5,sweep100,sweep100,exit,optimal,L46-@11;L46-@12;L46-@13;L46-@14;L46-@15;L46-@16;L78-@12;L78-@13;L78-@14;L78-@15,9ba55a9bfc,221438.48292179985,False,not_needed,,3599.320253039667,75491.20896105295,62075.94358418544,oracle_p33,4501.156023213956,901.8357701742893,0.25055724602796287,L46-@11;L46-@12;L46-@13;L46-@14;L46-@15;L46-@16;L78-@12;L78-@13;L78-@14;L78-@15;L78-@16,sweep100,75491.20896105295,0.0,0.0,L46-@11;L46-@12;L46-@13;L46-@14;L46-@15;L46-@16;L78-@12;L78-@13;L78-@14;L78-@15,step1,126162.67740585291,64086.73382166747,1.0323924232380786,L46-@14;L78-@14,64086.73382166747,1.0323924232380786,False
117,step2,exit,sweep100,optimal,L46-@11;L46-@12;L46-@13;L46-@14;L46-@15;L46-@16;L78-@12;L78-@13;L78-@14;L78-@15;L78-@16,68997349c3,221196.85327633066,True,ma27_optimal,4.301261924410937e-06,2483.1254282352547,71927.62500000022,59164.52944837651,oracle_p33,4501.156019966533,2018.030591731278,0.8126978076840374,L46-@11;L46-@12;L46-@13;L46-@14;L46-@15;L46-@16;L78-@12;L78-@13;L78-@14;L78-@15;L78-@16,sweep100,75563.45626235731,3635.8312623570964,0.05054846816306093,L46-@11;L46-@12;L46-@13;L46-@14;L46-@15;L46-@16;L78-@12;L78-@13;L78-@14;L78-@15;L78-@16,oracle_p33,120318.63955726934,61154.11010889283,1.0336279300970748,L46-@11;L46-@14,61154.11010889283,1.0336279300970748,False
72,step2,sweep100,sweep100,optimal,L46-@11;L46-@12;L46-@13;L46-@14;L46-@15;L46-@16;L78-@12;L78-@13;L78-@14;L78-@15;L78-@16,68997349c3,216403.7164216275,True,ma27_optimal,0.0004058564009028487,2483.1254276920777,75563.45626235731,61637.86628490826,audit_selected,3572.6818051264654,1089.5563774343877,0.43878426972860074,L46-@11;L46-@12;L46-@13;L46-@14;L46-@15;L46-@16;L78-@12;L78-@13;L78-@14;L78-@15,sweep100,75563.45626235731,0.0,0.0,L46-@11;L46-@12;L46-@13;L46-@14;L46-@15;L46-@16;L78-@12;L78-@13;L78-@14;L78-@15;L78-@16,step4,125899.78457402148,64261.91828911322,1.0425720772369995,,64261.91828911322,1.0425720772369995,False
50,sweep100,exit,exit,optimal,L46-@11;L46-@12;L46-@13;L46-@14;L46-@15;L46-@16;L78-@12;L78-@13;L78-@14;L78-@15,9ba55a9bfc,226550.04520683162,False,not_needed,,4171.5209101533255,72956.62500000026,62321.86646341371,oracle_p33,5270.1100243488,1098.5891141954744,0.2633545744722386,L46-@11;L46-@12;L46-@13;L46-@14;L46-@15;L46-@16;L78-@12;L78-@13;L78-@14;L78-@15;L78-@16,sweep100,75491.20896105295,2534.583961052689,0.03474097055685731,L46-@11;L46-@12;L46-@13;L46-@14;L46-@15;L46-@16;L78-@12;L78-@13;L78-@14;L78-@15,oracle_p33,127422.01602581955,65100.149562405844,1.044579587497161,,65100.149562405844,1.044579587497161,False
173,step5,step9,step4,optimal,L46-@11;L46-@12;L46-@13;L46-@14;L46-@15;L78-@12;L78-@13;L78-@14;L78-@15,134084a305,214723.58914159203,True,ma27_optimal,4.868795816262718,386.96316819623695,73818.40175246043,106976.45396869746,step8,791.5936994045878,404.6305312083509,1.0456564460500655,L46-@11;L46-@12;L46-@13;L46-@14;L46-@15;L78-@12;L78-@13;L78-@14;L78-@15,step6,75564.21360391854,1745.8118514581147,0.02365009008610682,L46-@11;L46-@12;L46-@13;L46-@14;L46-@15;L78-@12;L78-@13;L78-@14;L78-@15,oracle_p129,125824.97601684452,18848.52204814706,0.17619318409696358,,18848.52204814706,1.0456564460500655,False
70,sweep100,oracle_p75,oracle_p75,optimal,,da39a3ee5e,213986.87078378128,True,ma27_optimal,7.625327270943671e-05,-450.5780575090762,71481.11753367078,125853.45378517115,step8,29.46819470220538,480.04625221128157,1.06540086498023,L46-@11;L46-@12;L46-@13;L46-@14;L46-@15,exit,72035.30275199837,554.1852183275914,0.007752889678404169,L46-@13;L46-@14;L78-@13;L78-@14,step4,125899.7845184905,46.330733319351566,0.0003681323946694147,,554.1852183275914,1.06540086498023,False
358,audit_selected,oracle_p75,oracle_p75,optimal,,da39a3ee5e,213990.24023903444,True,ma27_optimal,7.618694507982582e-05,-449.5534810928568,71481.11753376275,125853.45378523749,step8,29.46819470220538,479.0216757950622,1.0655499199573957,L46-@11;L46-@12;L46-@13;L46-@14;L46-@15,exit,72127.28123724554,646.1637034827872,0.00903964187713747,L46-@12;L46-@13;L46-@14;L78-@13;L78-@14;L78-@15,step4,125899.7845671157,46.330781878205016,0.00036813278050569937,,646.1637034827872,1.0655499199573957,False
486,oracle_p33,oracle_p33,sweep100,optimal,L46-@11;L46-@12;L46-@13;L46-@14;L46-@15;L46-@16;L78-@12;L78-@13;L78-@14;L78-@15;L78-@16,68997349c3,218475.24220421325,True,ma27_optimal,0.00015526973584201187,4501.156019416856,71877.06890770803,59164.52944917368,oracle_p33,4501.156019416856,0.0,0.0,L46-@11;L46-@12;L46-@13;L46-@14;L46-@15;L46-@16;L78-@12;L78-@13;L78-@14;L78-@15;L78-@16,exit,71927.62499999999,50.55609229195397,0.000703368863814818,L46-@11;L46-@12;L46-@13;L46-@14;L46-@15;L46-@16;L78-@12;L78-@13;L78-@14;L78-@15;L78-@16,oracle_p75,123003.49702714472,63838.967577971045,1.0790074419980475,L46-@11,63838.967577971045,1.0790074419980475,False
477,oracle_p33,exit,sweep100,optimal,L46-@11;L46-@12;L46-@13;L46-@14;L46-@15;L46-@16;L78-@12;L78-@13;L78-@14;L78-@15;L78-@16,68997349c3,218557.91596564272,True,ma27_optimal,8.91183390194783e-06,4501.156019966533,71927.62499999999,59164.529448376976,oracle_p33,4501.156019966533,0.0,0.0,L46-@11;L46-@12;L46-@13;L46-@14;L46-@15;L46-@16;L78-@12;L78-@13;L78-@14;L78-@15;L78-@16,exit,71927.62499999999,0.0,0.0,L46-@11;L46-@12;L46-@13;L46-@14;L46-@15;L46-@16;L78-@12;L78-@13;L78-@14;L78-@15;L78-@16,oracle_p75,123003.49705532231,63838.967606945334,1.0790074425023013,L46-@11,63838.967606945334,1.0790074425023013,False
142,step2,oracle_p75,oracle_p75,optimal,L46-@11,8b7e44a86e,214233.24690488976,True,ma27_optimal,5.195473204366863e-05,-304.2808484494401,71268.43978031626,123003.49703313975,step8,29.46819470220538,333.7490431516455,1.0968453810102408,L46-@11;L46-@12;L46-@13;L46-@14;L46-@15,oracle_p33,71758.94390754806,490.5041272318049,0.006882487237601601,L46-@11;L46-@12;L46-@13;L46-@14;L46-@15;L78-@13;L78-@14;L78-@15,step7,125865.66183209875,2862.1647989589983,0.023268970947938745,,2862.1647989589983,1.0968453810102408,False
513,oracle_p75,step3,sweep100,optimal,L46-@11;L46-@12;L46-@13;L46-@14;L46-@15;L46-@16;L78-@12;L78-@13;L78-@14;L78-@15;L78-@16,68997349c3,218009.41616008617,True,ma27_optimal,1.160937245003879e-06,1470.0695602256837,75390.26695150764,59164.529448876536,sweep100,2868.6341399749717,1398.564579749288,0.9513594578031951,L46-@11;L46-@16;L78-@12;L78-@13;L78-@14;L78-@15,sweep100,75563.4562730601,173.18932155246148,0.002297237144204038,L46-@11;L46-@12;L46-@13;L46-@14;L46-@15;L46-@16;L78-@12;L78-@13;L78-@14;L78-@15;L78-@16,oracle_p129,125831.47990631728,66666.95045744075,1.126806062322307,,66666.95045744075,1.126806062322307,False
135,step2,oracle_p75,sweep100,optimal,L46-@11;L46-@12;L46-@13;L46-@14;L46-@15;L46-@16;L78-@12;L78-@13;L78-@14;L78-@15;L78-@16,68997349c3,217289.1544498507,True,ma27_optimal,4.6474929149553645e-06,2483.1254278889332,74886.103278232,59164.52944885519,sweep100,3599.337912149937,1116.2124842610037,0.4495191711721017,L46-@11;L46-@12;L46-@13;L46-@14;L46-@15;L46-@16;L78-@12;L78-@13;L78-@14;L78-@15,sweep100,75563.45626235731,677.3529841253185,0.009045109232198659,L46-@11;L46-@12;L46-@13;L46-@14;L46-@15;L46-@16;L78-@12;L78-@13;L78-@14;L78-@15;L78-@16,step7,125865.66183209875,66701.13238324356,1.1273838058815864,,66701.13238324356,1.1273838058815864,False
522,oracle_p75,step6,sweep100,optimal,L46-@11;L46-@12;L46-@13;L46-@14;L46-@15;L46-@16;L78-@12;L78-@13;L78-@14;L78-@15;L78-@16,68997349c3,218185.70311928005,True,ma27_optimal,8.731149137020111e-11,1470.069560447144,75228.97575719246,59164.529448376714,sweep100,2868.6341407419577,1398.5645802948136,0.9513594580309648,L46-@11;L46-@16;L78-@12;L78-@13;L78-@14;L78-@15,sweep100,75563.4562730601,334.4805158676463,0.004446166021815969,L46-@11;L46-@12;L46-@13;L46-@14;L46-@15;L46-@16;L78-@12;L78-@13;L78-@14;L78-@15;L78-@16,step7,125866.07653523648,66701.54708685976,1.1273908152190981,,66701.54708685976,1.1273908152190981,False
81,step2,step3,sweep100,optimal,L46-@11;L46-@12;L46-@13;L46-@14;L46-@15;L46-@16;L78-@12;L78-@13;L78-@14;L78-@15;L78-@16,68997349c3,216669.2171942589,True,ma27_optimal,4.677841843658825e-06,2483.1254278585743,75390.26695123523,59164.52944926613,sweep100,2868.6341399749717,385.5087121163974,0.15525140526181827,L46-@11;L46-@16;L78-@12;L78-@13;L78-@14;L78-@15,sweep100,75563.45626235731,173.1893111220852,0.0022972370058605765,L46-@11;L46-@12;L46-@13;L46-@14;L46-@15;L46-@16;L78-@12;L78-@13;L78-@14;L78-@15;L78-@16,step4,125906.707390228,66742.17794096188,1.1280775586695677,L46-@11,66742.17794096188,1.1280775586695677,False
90,step2,step6,sweep100,optimal,L46-@11;L46-@12;L46-@13;L46-@14;L46-@15;L46-@16;L78-@12;L78-@13;L78-@14;L78-@15;L78-@16,68997349c3,216845.50415334423,True,ma27_optimal,4.300993623473914e-06,2483.1254282354316,75228.97575719235,59164.52944837672,sweep100,2868.6341407419577,385.5087125065261,0.15525140539536814,L46-@11;L46-@16;L78-@12;L78-@13;L78-@14;L78-@15,sweep100,75563.45626235731,334.48050516496005,0.004446165879547837,L46-@11;L46-@12;L46-@13;L46-@14;L46-@15;L46-@16;L78-@12;L78-@13;L78-@14;L78-@15;L78-@16,step4,125908.94143211239,66744.41198373567,1.1281153185199027,L46-@11,66744.41198373567,1.1281153185199027,False
99,step2,step9,sweep100,optimal,L46-@11;L46-@12;L46-@13;L46-@14;L46-@15;L46-@16;L78-@12;L78-@13;L78-@14;L78-@15;L78-@16,68997349c3,216822.5295410706,True,ma27_optimal,4.3012814785470255e-06,2483.125428235173,75238.74913214642,59164.5294483767,sweep100,3599.3379131497863,1116.2124849146135,0.4495191713726427,L46-@11;L46-@12;L46-@13;L46-@14;L46-@15;L46-@16;L78-@12;L78-@13;L78-@14;L78-@15,sweep100,75563.45626235731,324.70713021089614,0.004315690172368405,L46-@11;L46-@12;L46-@13;L46-@14;L46-@15;L46-@16;L78-@12;L78-@13;L78-@14;L78-@15;L78-@16,step4,125909.01007450257,66744.48062612588,1.1281164787148856,L46-@11,66744.48062612588,1.1281164787148856,False
574,oracle_p75,oracle_p75,oracle_p75,optimal,L46-@11,8b7e44a86e,214436.250627381,True,ma27_optimal,7.526068657170981e-11,-180.14152840631618,71268.43981227225,123003.49708502163,step8,29.46819470220538,209.60972310852156,1.1635835721108057,L46-@11;L46-@12;L46-@13;L46-@14;L46-@15,exit,71809.49999999991,541.060187727664,0.007591862388918114,L46-@11;L46-@12;L46-@13;L46-@14;L46-@15;L78-@13;L78-@14;L78-@15,oracle_p129,125831.50857656213,2828.0114915404993,0.022991309666470217,,2828.0114915404993,1.1635835721108057,False
131,step2,oracle_p33,exit,optimal,L46-@11;L46-@12;L46-@13;L46-@14;L46-@15;L46-@16;L78-@12;L78-@13;L78-@14;L78-@15;L78-@16,68997349c3,228164.7201282562,True,ma27_optimal,5.889027761440957e-06,2907.8272524288595,73617.13298088404,54687.23451219201,oracle_p33,5270.110030745795,2362.282778316935,0.8123875915750358,L46-@11;L46-@12;L46-@13;L46-@14;L46-@15;L46-@16;L78-@12;L78-@13;L78-@14;L78-@15;L78-@16,step3,77645.12433554156,4027.9913546575262,0.05471540647614549,L46-@11;L46-@12;L46-@13;L46-@14;L46-@15;L46-@16;L78-@12;L78-@13;L78-@14;L78-@15;L78-@16,oracle_p33,119957.7393477772,65270.50483558519,1.193523596828319,L46-@11;L46-@12;L46-@13;L46-@14;L46-@15,65270.50483558519,1.193523596828319,False
437,oracle_p33,sweep100,exit,optimal,L46-@11;L46-@12;L46-@13;L46-@14;L46-@15;L46-@16;L78-@12;L78-@13;L78-@14;L78-@15;L78-@16,68997349c3,220266.10061763748,True,ma27_optimal,5.664521268045064e-06,4501.156023213956,75563.45627306058,56639.875637084995,oracle_p33,4501.156023213956,0.0,0.0,L46-@11;L46-@12;L46-@13;L46-@14;L46-@15;L46-@16;L78-@12;L78-@13;L78-@14;L78-@15;L78-@16,sweep100,75563.45627306058,0.0,0.0,L46-@11;L46-@12;L46-@13;L46-@14;L46-@15;L46-@16;L78-@12;L78-@13;L78-@14;L78-@15;L78-@16,audit_selected,124304.5952626175,67664.71962553251,1.1946480966711197,,67664.71962553251,1.1946480966711197,False
122,step2,exit,exit,optimal,L46-@11;L46-@12;L46-@13;L46-@14;L46-@15;L46-@16;L78-@12;L78-@13;L78-@14;L78-@15;L78-@16,68997349c3,228317.95796494058,True,ma27_optimal,5.888686246180441e-06,2907.827252429155,73597.12499999841,54687.23451219337,oracle_p33,5270.1100243488,2362.282771919645,0.812387589374929,L46-@11;L46-@12;L46-@13;L46-@14;L46-@15;L46-@16;L78-@12;L78-@13;L78-@14;L78-@15;L78-@16,step3,77645.12433554156,4047.9993355431507,0.055002139493128814,L46-@11;L46-@12;L46-@13;L46-@14;L46-@15;L46-@16;L78-@12;L78-@13;L78-@14;L78-@15;L78-@16,oracle_p33,120318.63955726934,65631.40504507598,1.2001229469821233,L46-@11;L46-@14,65631.40504507598,1.2001229469821233,False
77,step2,sweep100,exit,optimal,L46-@11;L46-@12;L46-@13;L46-@14;L46-@15;L46-@16;L78-@12;L78-@13;L78-@14;L78-@15;L78-@16,68997349c3,222931.26791135725,False,not_needed,,2907.8272566825704,77136.81944999594,56886.52175458359,oracle_p33,4501.156023213956,1593.328766531386,0.5479447800311062,L46-@11;L46-@12;L46-@13;L46-@14;L46-@15;L46-@16;L78-@12;L78-@13;L78-@14;L78-@15;L78-@16,step3,77645.12433554156,508.3048855456291,0.006589653153577826,L46-@11;L46-@12;L46-@13;L46-@14;L46-@15;L46-@16;L78-@12;L78-@13;L78-@14;L78-@15;L78-@16,step4,125899.78457402148,69013.26281943789,1.2131742404144652,,69013.26281943789,1.2131742404144652,False
187,step5,audit_selected,oracle_p75,optimal,L46-@11;L46-@14;L78-@14,5eda32166c,214344.70807124596,True,ma27_optimal,0.0363751833938295,187.78693927762293,72298.83977547291,119063.58041729408,step8,417.5581758596458,229.77123658202288,1.223574107261691,L46-@11;L46-@13;L46-@14;L78-@14,audit_selected,72298.83977547291,0.0,0.0,L46-@11;L46-@14;L78-@14,oracle_p75,119063.58041729408,0.0,0.0,L46-@11;L46-@14;L78-@14,229.77123658202288,1.223574107261691,False
448,oracle_p33,step3,oracle_p75,optimal,,da39a3ee5e,213911.7065353348,True,ma27_optimal,5.715512088499963e-06,-1422.7749749042825,67583.63634992298,119569.74211685089,step8,353.446430428656,1776.2214053329385,1.248420471728099,L46-@11;L46-@14;L78-@14,exit,71625.74999999742,4042.113650074447,0.05980905835172708,L46-@11,sweep100,122797.09108180007,3227.348964949182,0.02699135172337512,,4042.113650074447,1.248420471728099,False
491,oracle_p33,oracle_p33,exit,optimal,L46-@11;L46-@12;L46-@13;L46-@14;L46-@15;L46-@16;L78-@12;L78-@13;L78-@14;L78-@15;L78-@16,68997349c3,225181.53063098286,False,not_needed,,5270.110030745795,73617.13298087913,54687.23451218787,oracle_p33,5270.110030745795,0.0,0.0,L46-@11;L46-@12;L46-@13;L46-@14;L46-@15;L46-@16;L78-@12;L78-@13;L78-@14;L78-@15;L78-@16,sweep100,75563.45627306058,1946.3232921814488,0.026438455470508136,L46-@11;L46-@12;L46-@13;L46-@14;L46-@15;L46-@16;L78-@12;L78-@13;L78-@14;L78-@15;L78-@16,oracle_p75,123003.49702714472,68316.26251495685,1.2492177219115286,L46-@11,68316.26251495685,1.2492177219115286,False
482,oracle_p33,exit,exit,optimal,L46-@11;L46-@12;L46-@13;L46-@14;L46-@15;L46-@16;L78-@12;L78-@13;L78-@14;L78-@15;L78-@16,68997349c3,225334.76847406427,True,ma27_optimal,6.397045581252314e-06,5270.1100243488,73597.1249999938,54687.23451218934,oracle_p33,5270.1100243488,0.0,0.0,L46-@11;L46-@12;L46-@13;L46-@14;L46-@15;L46-@16;L78-@12;L78-@13;L78-@14;L78-@15;L78-@16,sweep100,75563.45627306058,1966.3312730667822,0.026717501166885906,L46-@11;L46-@12;L46-@13;L46-@14;L46-@15;L46-@16;L78-@12;L78-@13;L78-@14;L78-@15;L78-@16,oracle_p75,123003.49705532231,68316.26254313297,1.2492177224267178,L46-@11,68316.26254313297,1.2492177224267178,False
446,oracle_p33,step3,exit,optimal,L46-@11;L46-@12;L46-@13;L46-@14;L46-@15;L46-@16;L78-@12;L78-@13;L78-@14;L78-@15;L78-@16,68997349c3,220531.60139074834,True,ma27_optimal,5.664604032062925e-06,4501.15602321384,75390.26695207437,54166.53951219558,oracle_p33,4501.15602321384,0.0,0.0,L46-@11;L46-@12;L46-@13;L46-@14;L46-@15;L46-@16;L78-@12;L78-@13;L78-@14;L78-@15;L78-@16,sweep100,75563.45627306058,173.18932098621735,0.0022972371366759307,L46-@11;L46-@12;L46-@13;L46-@14;L46-@15;L46-@16;L78-@12;L78-@13;L78-@14;L78-@15;L78-@16,sweep100,122797.09108180007,68630.55156960449,1.2670285417467428,,68630.55156960449,1.2670285417467428,False
475,oracle_p33,audit_selected,oracle_p75,optimal,,da39a3ee5e,213911.7065353347,True,ma27_optimal,6.503323675133288e-06,-1422.7749748072758,67527.78347237634,119569.74211763896,step8,417.5581758596458,1840.3331506669217,1.2934815295835569,L46-@11;L46-@13;L46-@14;L78-@14,exit,71625.74999999742,4097.966527621087,0.060685636591306845,L46-@11,sweep100,122797.09108624716,3227.348968608203,0.026991351753798788,,4097.966527621087,1.2934815295835569,False
439,oracle_p33,sweep100,oracle_p75,optimal,,da39a3ee5e,213911.706535596,True,ma27_optimal,6.9378584157675505e-06,-1422.774974753516,67523.89146949082,119569.74211807358,step8,417.5582435556724,1840.3332183091884,1.2934815771749224,L46-@11;L46-@13;L46-@14;L78-@14,exit,71625.74999999742,4101.858530506608,0.060746773345548996,L46-@11,audit_selected,124304.5952626175,4734.853144543915,0.039599091381064516,,4734.853144543915,1.2934815771749224,False
449,oracle_p33,step3,oracle_p129,optimal,,da39a3ee5e,213911.7065353348,True,ma27_optimal,9.130759281106293e-06,-1422.774974230669,67583.63635243708,119653.58097476284,step8,421.00658424083866,1843.7815584715077,1.2959052498575805,L46-@12;L46-@13;L46-@14;L78-@14;L78-@15,oracle_p33,71786.12297705343,4202.486624616344,0.062182014041107465,L46-@14;L78-@14,sweep100,122797.09108180007,3143.510107037233,0.02627175953639246,,4202.486624616344,1.2959052498575805,False
140,step2,oracle_p75,exit,optimal,L46-@11;L46-@12;L46-@13;L46-@14;L46-@15;L46-@16;L78-@12;L78-@13;L78-@14;L78-@15;L78-@16,68997349c3,223905.05058272646,False,not_needed,,2907.8272583180037,77060.81182635867,54687.2345121882,oracle_p33,4501.15602321411,1593.3287648961063,0.547944779160557,L46-@11;L46-@12;L46-@13;L46-@14;L46-@15;L46-@16;L78-@12;L78-@13;L78-@14;L78-@15;L78-@16,step3,77645.12433554156,584.3125091828988,0.007582485771101552,L46-@11;L46-@12;L46-@13;L46-@14;L46-@15;L46-@16;L78-@12;L78-@13;L78-@14;L78-@15;L78-@16,step7,125865.66183209875,71178.42731991055,1.3015547038504376,,71178.42731991055,1.3015547038504376,False
86,step2,step3,exit,optimal,L46-@11;L46-@12;L46-@13;L46-@14;L46-@15;L46-@16;L78-@12;L78-@13;L78-@14;L78-@15;L78-@16,68997349c3,223204.96449112915,False,not_needed,,2907.8272583181097,77645.12433554156,54687.23451218993,oracle_p33,4501.15602321384,1593.3287648957303,0.5479447791604076,L46-@11;L46-@12;L46-@13;L46-@14;L46-@15;L46-@16;L78-@12;L78-@13;L78-@14;L78-@15;L78-@16,step3,77645.12433554156,0.0,0.0,L46-@11;L46-@12;L46-@13;L46-@14;L46-@15;L46-@16;L78-@12;L78-@13;L78-@14;L78-@15;L78-@16,step4,125906.707390228,71219.47287803807,1.3023052548426646,L46-@11,71219.47287803807,1.3023052548426646,False
95,step2,step6,exit,optimal,L46-@11;L46-@12;L46-@13;L46-@14;L46-@15;L46-@16;L78-@12;L78-@13;L78-@14;L78-@15;L78-@16,68997349c3,223404.04279536917,True,ma27_optimal,5.888975920242956e-06,2907.827252428889,77461.04180377338,54687.23451219075,oracle_p33,4501.15602321446,1593.3287707855711,0.5479447822956725,L46-@11;L46-@12;L46-@13;L46-@14;L46-@15;L46-@16;L78-@12;L78-@13;L78-@14;L78-@15;L78-@16,step3,77645.12433554156,184.08253176818835,0.002376453085081294,L46-@11;L46-@12;L46-@13;L46-@14;L46-@15;L46-@16;L78-@12;L78-@13;L78-@14;L78-@15;L78-@16,step4,125908.94143211239,71221.70691992165,1.3023461060925485,L46-@11,71221.70691992165,1.3023461060925485,False
104,step2,step9,exit,optimal,L46-@11;L46-@12;L46-@13;L46-@14;L46-@15;L46-@16;L78-@12;L78-@13;L78-@14;L78-@15;L78-@16,68997349c3,223378.09790044656,True,ma27_optimal,5.889043677598238e-06,2907.8272524288277,77473.78546137607,54687.23451219064,oracle_p33,4501.1560199674705,1593.3287675386428,0.5479447811790674,L46-@11;L46-@12;L46-@13;L46-@14;L46-@15;L46-@16;L78-@12;L78-@13;L78-@14;L78-@15;L78-@16,step3,77645.12433554156,171.3388741654926,0.0022115722517639493,L46-@11;L46-@12;L46-@13;L46-@14;L46-@15;L46-@16;L78-@12;L78-@13;L78-@14;L78-@15;L78-@16,step4,125909.01007450257,71221.77556231193,1.302347361273781,L46-@11,71221.77556231193,1.302347361273781,False
16,sweep100,step3,oracle_p75,optimal,,da39a3ee5e,213911.70653551005,True,ma27_optimal,8.62464657984674e-05,-1150.996683865896,67583.63640679608,119569.74219741089,step8,353.446430428656,1504.443114294552,1.3070785827475384,L46-@11;L46-@14;L78-@14,exit,72035.30275199837,4451.666345202291,0.06586899702180926,L46-@13;L46-@14;L78-@13;L78-@14,step4,125899.78456772242,6330.0423703115375,0.05294016909278412,,6330.0423703115375,1.3070785827475384,False
304,audit_selected,step3,oracle_p75,optimal,,da39a3ee5e,213911.70653524733,True,ma27_optimal,0.00011290833936072886,-1146.6026493372635,67583.63642276148,119569.74222408148,step8,353.446430428656,1500.0490797659195,1.3082553756813209,L46-@11;L46-@14;L78-@14,exit,72127.28123724554,4543.644814484054,0.06722995468994623,L46-@12;L46-@13;L46-@14;L78-@13;L78-@14;L78-@15,step4,125899.78456771775,6330.042343636276,0.05294016885788183,,6330.042343636276,1.3082553756813209,False
500,oracle_p33,oracle_p75,exit,optimal,L46-@11;L46-@12;L46-@13;L46-@14;L46-@15;L46-@16;L78-@12;L78-@13;L78-@14;L78-@15;L78-@16,68997349c3,221151.5386458137,True,ma27_optimal,5.6644594224053435e-06,4501.15602321411,74886.10327942633,54166.53951219559,oracle_p33,4501.15602321411,0.0,0.0,L46-@11;L46-@12;L46-@13;L46-@14;L46-@15;L46-@16;L78-@12;L78-@13;L78-@14;L78-@15;L78-@16,sweep100,75563.45627306058,677.3529936342529,0.009045109359033026,L46-@11;L46-@12;L46-@13;L46-@14;L46-@15;L46-@16;L78-@12;L78-@13;L78-@14;L78-@15;L78-@16,step4,125908.41907436191,71741.87956216632,1.3244685779864827,L46-@11,71741.87956216632,1.3244685779864827,False
455,oracle_p33,step6,exit,optimal,L46-@11;L46-@12;L46-@13;L46-@14;L46-@15;L46-@16;L78-@12;L78-@13;L78-@14;L78-@15;L78-@16,68997349c3,220707.88835221325,True,ma27_optimal,5.663969204761088e-06,4501.15602321446,75228.97575719278,54166.53951219655,oracle_p33,4501.15602321446,0.0,0.0,L46-@11;L46-@12;L46-@13;L46-@14;L46-@15;L46-@16;L78-@12;L78-@13;L78-@14;L78-@15;L78-@16,sweep100,75563.45627306058,334.4805158678064,0.004446166021818077,L46-@11;L46-@12;L46-@13;L46-@14;L46-@15;L46-@16;L78-@12;L78-@13;L78-@14;L78-@15;L78-@16,step4,125908.93887515494,71742.39936295839,1.3244781743313014,L46-@11,71742.39936295839,1.3244781743313014,False
464,oracle_p33,step9,exit,optimal,L46-@11;L46-@12;L46-@13;L46-@14;L46-@15;L46-@16;L78-@12;L78-@13;L78-@14;L78-@15;L78-@16,68997349c3,220684.91374318657,True,ma27_optimal,8.91095714905532e-06,4501.1560199674705,75238.74913214697,54166.53951219668,oracle_p33,4501.1560199674705,0.0,0.0,L46-@11;L46-@12;L46-@13;L46-@14;L46-@15;L46-@16;L78-@12;L78-@13;L78-@14;L78-@15;L78-@16,sweep100,75563.45627306058,324.7071409136115,0.004315690314618417,L46-@11;L46-@12;L46-@13;L46-@14;L46-@15;L46-@16;L78-@12;L78-@13;L78-@14;L78-@15;L78-@16,step4,125909.03100246639,71742.49149026972,1.3244798751471925,L46-@11,71742.49149026972,1.3244798751471925,False
476,oracle_p33,audit_selected,oracle_p129,optimal,,da39a3ee5e,213911.7065353347,True,ma27_optimal,1.0978328646160662e-05,-1422.77497403556,67527.7834755092,119653.58097661086,oracle_p75,464.2865022264657,1887.0614762620257,1.3263246196336749,L78-@14,oracle_p33,71786.12297705343,4258.339501544222,0.06306055496532957,L46-@14;L78-@14,sweep100,122797.09108624716,3143.510109636307,0.026271759557708354,,4258.339501544222,1.3263246196336749,False
440,oracle_p33,sweep100,oracle_p129,optimal,,da39a3ee5e,213911.70653559655,True,ma27_optimal,1.1317097232677042e-05,-1422.774973990711,67523.89147253783,119653.58097694976,oracle_p75,464.28650222654505,1887.061476217256,1.326324619644017,L78-@14,oracle_p33,71786.12297705343,4262.231504515599,0.06312182860860532,L46-@14;L78-@14,audit_selected,124304.5952626175,4651.014285667741,0.03887066519608569,,4651.014285667741,1.326324619644017,False
540,oracle_p75,audit_selected,sweep100,optimal,L46-@11;L46-@12;L46-@13;L46-@14;L46-@15;L46-@16;L78-@12;L78-@13;L78-@14;L78-@15,9ba55a9bfc,217758.8510482299,True,ma27_optimal,1.3096723705530167e-10,1470.0695604471402,75479.07852148914,67073.21139959541,audit_selected,3424.5526143869865,1954.4830539398463,1.3295173959968027,L46-@11;L46-@12;L46-@13;L46-@14;L46-@15;L46-@16;L78-@12;L78-@13;L78-@14;L78-@15,sweep100,75563.4562730601,84.37775157096621,0.001117895888818298,L46-@11;L46-@12;L46-@13;L46-@14;L46-@15;L46-@16;L78-@12;L78-@13;L78-@14;L78-@15;L78-@16,oracle_p75,125763.15889165386,58689.94749205845,0.8750132320697629,L46-@11,58689.94749205845,1.3295173959968027,False
214,step5,oracle_p75,oracle_p75,optimal,L46-@11;L46-@12;L46-@13;L46-@14;L46-@15,022685a836,214495.2824534283,True,ma27_optimal,4.733791865874082e-05,-89.40088249952515,71674.45905611831,120343.62615232679,step8,29.46819470220538,118.86907720173053,1.3296186108941586,L46-@11;L46-@12;L46-@13;L46-@14;L46-@15,audit_selected,72298.83977547291,624.3807193545945,0.008711341914219801,L46-@11;L46-@14;L78-@14,oracle_p129,125831.41298269322,5487.786830366429,0.04560097618647604,L46-@12;L78-@14,5487.786830366429,1.3296186108941586,False
153,step5,step3,sweep100,optimal,L46-@11;L46-@12;L46-@13;L46-@14;L46-@15;L46-@16;L78-@12;L78-@13;L78-@14;L78-@15;L78-@16,68997349c3,218325.2775463717,True,ma27_optimal,9.327223324362421e-06,1231.3100597378084,75390.26695158255,59164.52944884091,sweep100,2868.6341399749717,1637.3240802371633,1.329741495481496,L46-@11;L46-@16;L78-@12;L78-@13;L78-@14;L78-@15,sweep100,75563.45627098856,173.18931940601033,0.002297237115730558,L46-@11;L46-@12;L46-@13;L46-@14;L46-@15;L46-@16;L78-@12;L78-@13;L78-@14;L78-@15;L78-@16,oracle_p75,123003.49702810639,63838.967579265474,1.0790074420259947,L46-@11,63838.967579265474,1.329741495481496,False
162,step5,step6,sweep100,optimal,L46-@11;L46-@12;L46-@13;L46-@14;L46-@15;L46-@16;L78-@12;L78-@13;L78-@14;L78-@15;L78-@16,68997349c3,218501.56450556547,True,ma27_optimal,9.110049177252222e-06,1231.3100599549834,75228.9757571925,59164.52944837664,sweep100,2868.6341407419577,1637.3240807869743,1.329741495693485,L46-@11;L46-@16;L78-@12;L78-@13;L78-@14;L78-@15,sweep100,75563.45627098856,334.48051379606477,0.004446165994278949,L46-@11;L46-@12;L46-@13;L46-@14;L46-@15;L46-@16;L78-@12;L78-@13;L78-@14;L78-@15;L78-@16,step7,125865.87236883077,66701.34292045413,1.1273873643946353,L46-@12;L46-@13;L46-@15;L78-@13;L78-@14;L78-@15,66701.34292045413,1.329741495693485,False
226,step8,step3,step1,optimal,L46-@12;L46-@13;L46-@14;L46-@15;L78-@12;L78-@13;L78-@14;L78-@15,fd4d461036,216835.89226764857,True,ma27_optimal,3.1030940590426326e-06,877.4542955858903,75075.26695108466,73151.33744687948,step2,2063.930562005221,1186.4762664193306,1.352180133356235,L46-@12;L46-@13;L46-@14;L46-@15;L78-@12;L78-@13;L78-@14;L78-@15,step3,75075.26695108466,0.0,0.0,L46-@12;L46-@13;L46-@14;L46-@15;L78-@12;L78-@13;L78-@14;L78-@15,oracle_p33,120019.64844473252,46868.31099785304,0.6407034052096113,,46868.31099785304,1.352180133356235,False
247,step8,step9,audit_selected,optimal,L46-@12;L46-@13;L46-@14;L46-@15;L78-@12;L78-@13;L78-@14;L78-@15,fd4d461036,217039.34300990388,True,ma27_optimal,1.0959411156363785e-10,877.4542965832986,74923.74913214661,73112.4471776556,step2,2064.3740511624846,1186.919754579186,1.3526855577560093,L46-@12;L46-@13;L46-@14;L46-@15;L78-@12;L78-@13;L78-@14;L78-@15,step3,75075.26695154449,151.51781939787907,0.0020222936138798906,L46-@12;L46-@13;L46-@14;L46-@15;L78-@12;L78-@13;L78-@14;L78-@15,oracle_p129,125831.57904297426,52719.13186531866,0.7210691735870458,,52719.13186531866,1.3526855577560093,False
244,step8,step9,step1,optimal,L46-@12;L46-@13;L46-@14;L46-@15;L78-@12;L78-@13;L78-@14;L78-@15,fd4d461036,216989.204747646,True,ma27_optimal,0.00013179462598600367,877.4541647885619,74923.74913160276,73151.33744411971,step2,2064.3740511628716,1186.9198863743097,1.352685911132827,L46-@12;L46-@13;L46-@14;L46-@15;L78-@12;L78-@13;L78-@14;L78-@15,step3,75075.26695108466,151.51781948190182,0.002022293615016013,L46-@12;L46-@13;L46-@14;L46-@15;L78-@12;L78-@13;L78-@14;L78-@15,oracle_p129,125831.57904297426,52680.241598854554,0.7201541822676445,,52680.241598854554,1.352685911132827,False
43,sweep100,audit_selected,oracle_p75,optimal,,da39a3ee5e,213911.70653551008,True,ma27_optimal,7.022083445917815e-05,-1150.9966869772393,67527.78351312738,119569.74218137942,step8,417.5581758596458,1568.5548628368851,1.3627796505272678,L46-@11;L46-@13;L46-@14;L78-@14,exit,72035.30275199837,4507.519238870998,0.06675058774874106,L46-@13;L46-@14;L78-@13;L78-@14,step4,125899.7845740222,6330.042392642776,0.05294016928664543,,6330.042392642776,1.3627796505272678,False
7,sweep100,sweep100,oracle_p75,optimal,,da39a3ee5e,213911.70653577297,True,ma27_optimal,6.551871774718165e-05,-1150.9966875544987,67523.89150677706,119569.74217667553,step8,417.5582435556724,1568.554931110171,1.3627797091604585,L46-@11;L46-@13;L46-@14;L78-@14,exit,72035.30275199837,4511.411245221316,0.06681207413480496,L46-@13;L46-@14;L78-@13;L78-@14,step1,126162.67740585291,6592.935229177383,0.05513882617088613,L46-@14;L78-@14,6592.935229177383,1.3627797091604585,False
331,audit_selected,audit_selected,oracle_p75,optimal,,da39a3ee5e,213911.70653525848,True,ma27_optimal,9.172907448373735e-05,-1146.6026532248623,67527.78352437686,119569.74220289236,step8,417.5581758596458,1564.1608290845081,1.3641699020015767,L46-@11;L46-@13;L46-@14;L78-@14,exit,72127.28123724554,4599.497712868673,0.06811267115273079,L46-@12;L46-@13;L46-@14;L78-@13;L78-@14;L78-@15,step4,125899.78457402224,6330.042371129879,0.05294016909720122,,6330.042371129879,1.3641699020015767,False
295,audit_selected,sweep100,oracle_p75,optimal,,da39a3ee5e,213911.70653551008,True,ma27_optimal,7.572109461762011e-05,-1146.602654493788,67523.89151326322,119569.74218688165,step8,417.5582435556724,1564.1608980494602,1.3641699606390842,L46-@11;L46-@13;L46-@14;L78-@14,exit,72127.28123724554,4603.389723982313,0.06817423612319652,L46-@12;L46-@13;L46-@14;L78-@13;L78-@14;L78-@15,step4,125899.7845199669,6330.04233308525,0.05294016878611065,,6330.04233308525,1.3641699606390842,False
197,step5,exit,oracle_p129,optimal,L46-@12;L46-@13;L46-@14;L46-@15;L78-@12;L78-@13;L78-@14;L78-@15,fd4d461036,218293.5184744869,True,ma27_optimal,12.359971288373345,1231.3100599549734,72019.43574812067,78511.37883520586,sweep100,2916.2555710167117,1684.9455110617382,1.3684169128962962,L46-@12;L46-@13;L46-@14;L78-@13;L78-@14;L78-@15,step3,72174.08951485611,154.65376673544233,0.002147389314133553,L78-@14,oracle_p33,98889.33916317364,20377.960327967783,0.2595542280659826,L46-@11;L46-@12;L46-@13;L46-@14;L46-@15;L78-@13;L78-@14,20377.960327967783,1.3684169128962962,False
458,oracle_p33,step6,oracle_p129,optimal,,da39a3ee5e,213911.70653365384,True,ma27_optimal,5.2212271839380264e-08,-1422.7749753818318,67598.63211304482,119653.58096568509,step8,534.6155526632785,1957.3905280451104,1.3757555213675325,L46-@12;L78-@13;L78-@14;L78-@15,oracle_p33,71786.12297705343,4187.490864008607,0.061946384610355565,L46-@14;L78-@14,step4,125908.93887515494,6255.357909469851,0.052278902636969944,L46-@11,6255.357909469851,1.3757555213675325,False
201,step5,oracle_p33,step7,optimal,L46-@12;L46-@13;L46-@14;L46-@15;L78-@12;L78-@13;L78-@14;L78-@15,fd4d461036,218519.62090940494,True,ma27_optimal,1.0120152901217807,1231.3100597160096,71971.50119699107,78288.29218573653,sweep100,2930.296804371216,1698.9867446552062,1.3798204044942683,L46-@12;L46-@13;L46-@14;L46-@15;L78-@13;L78-@14;L78-@15,oracle_p75,75185.5785716823,3214.077374691231,0.04465763977736236,L46-@12;L46-@13;L46-@14;L46-@15;L78-@12;L78-@13;L78-@14;L78-@15,oracle_p33,99735.57768657603,21447.285500839498,0.27395265501457716,L46-@11;L46-@12;L46-@13;L46-@14;L46-@15;L78-@13;L78-@14,21447.285500839498,1.3798204044942683,False
504,oracle_p75,sweep100,sweep100,optimal,L46-@11;L46-@12;L46-@13;L46-@14;L46-@15;L46-@16;L78-@12;L78-@13;L78-@14;L78-@15;L78-@16,68997349c3,217743.91538470442,True,ma27_optimal,7.341441232711077e-09,1470.0695604471405,75563.4562730601,61637.865573282266,audit_selected,3572.6818051264654,2102.612244679325,1.4302807848356431,L46-@11;L46-@12;L46-@13;L46-@14;L46-@15;L46-@16;L78-@12;L78-@13;L78-@14;L78-@15,sweep100,75563.4562730601,0.0,0.0,L46-@11;L46-@12;L46-@13;L46-@14;L46-@15;L46-@16;L78-@12;L78-@13;L78-@14;L78-@15;L78-@16,oracle_p75,125843.61070705773,64205.74513377546,1.0416607476039255,L46-@11,64205.74513377546,1.4302807848356431,False
567,oracle_p75,oracle_p75,sweep100,optimal,L46-@11;L46-@12;L46-@13;L46-@14;L46-@15;L46-@16;L78-@12;L78-@13;L78-@14;L78-@15;L78-@16,68997349c3,218629.35343580146,True,ma27_optimal,2.2920226911082864e-05,1470.0695604471528,74886.10325650514,59164.529448376714,sweep100,3599.337912149937,2129.2683517027845,1.448413332941281,L46-@11;L46-@12;L46-@13;L46-@14;L46-@15;L46-@16;L78-@12;L78-@13;L78-@14;L78-@15,sweep100,75563.4562730601,677.35301655496,0.009045109667875799,L46-@11;L46-@12;L46-@13;L46-@14;L46-@15;L46-@16;L78-@12;L78-@13;L78-@14;L78-@15;L78-@16,oracle_p129,125831.50857656213,66666.97912818543,1.1268065469252972,,66666.97912818543,1.448413332941281,False
531,oracle_p75,step9,sweep100,optimal,L46-@11;L46-@12;L46-@13;L46-@14;L46-@15;L46-@16;L78-@12;L78-@13;L78-@14;L78-@15;L78-@16,68997349c3,218162.72850700622,True,ma27_optimal,6.230038707144558e-11,1470.0695604471452,75238.74913214649,59164.52944837664,sweep100,3599.3379131497863,2129.268352702641,1.4484133336214309,L46-@11;L46-@12;L46-@13;L46-@14;L46-@15;L46-@16;L78-@12;L78-@13;L78-@14;L78-@15,sweep100,75563.4562730601,324.7071409136115,0.004315690314618445,L46-@11;L46-@12;L46-@13;L46-@14;L46-@15;L46-@16;L78-@12;L78-@13;L78-@14;L78-@15;L78-@16,step7,125865.68541258729,66701.15596421066,1.1273842044566587,,66701.15596421066,1.4484133336214309,False
560,oracle_p75,oracle_p33,step4,optimal,L46-@11;L46-@12;L46-@13;L46-@14;L46-@15;L78-@12;L78-@13;L78-@14;L78-@15,134084a305,218647.37487481968,True,ma27_optimal,0.0011218553700018674,1470.0695604471352,72006.83017437042,77955.73673600785,oracle_p33,3603.994282751275,2133.92472230414,1.4515807821060431,L46-@11;L46-@12;L46-@13;L46-@14;L46-@15;L78-@13;L78-@14;L78-@15,oracle_p75,75221.48044593465,3214.6502715642273,0.044643685380674154,L46-@11;L46-@12;L46-@13;L46-@14;L46-@15;L78-@12;L78-@13;L78-@14;L78-@15,oracle_p33,107999.54251694355,30043.805780935698,0.3853957006740522,L46-@11;L46-@12;L46-@13;L46-@14;L46-@15;L78-@14,30043.805780935698,1.4515807821060431,False
444,oracle_p33,step3,step7,optimal,,da39a3ee5e,213911.70653542253,True,ma27_optimal,1.1924639693461359e-05,-1422.7749740014385,67583.63635399795,119717.50347863026,step8,669.3235440349324,2092.098518036371,1.4704352805366787,L46-@12;L46-@13;L46-@14;L78-@13;L78-@14;L78-@15,oracle_p33,72225.36139470173,4641.725040703779,0.06868119697482356,L46-@12;L46-@13;L46-@14;L78-@13;L78-@14;L78-@15,sweep100,122797.09108180007,3079.5876031698135,0.025723787363470408,,4641.725040703779,1.4704352805366787,False
435,oracle_p33,sweep100,step7,optimal,,da39a3ee5e,213911.70653568627,True,ma27_optimal,1.269082713406533e-05,-1422.7749743321422,67523.89147120765,119717.50347939704,oracle_p75,726.2173698690501,2148.9923442011923,1.510423210254974,L46-@12;L46-@13;L46-@14;L78-@14;L78-@15,oracle_p33,72225.36139470173,4701.469923494078,0.06962676204020019,L46-@12;L46-@13;L46-@14;L78-@13;L78-@14;L78-@15,audit_selected,124304.5952626175,4587.091783220458,0.03831596591896756,,4701.469923494078,1.510423210254974,False
471,oracle_p33,audit_selected,step7,optimal,,da39a3ee5e,213911.70653638392,True,ma27_optimal,1.430280099157244e-05,-1422.7749734832512,67527.7834782108,119717.50348100894,oracle_p75,726.2180999916004,2148.9930734748514,1.5104237237274887,L46-@12;L46-@13;L46-@14;L78-@14;L78-@15,oracle_p33,72225.36139470173,4697.577916490933,0.06956511341745285,L46-@12;L46-@13;L46-@14;L78-@13;L78-@14;L78-@15,sweep100,122797.09108624716,3079.5876052382227,0.025723787380236715,,4697.577916490933,1.5104237237274887,False
470,oracle_p33,audit_selected,step4,optimal,,da39a3ee5e,213911.70653533464,True,ma27_optimal,7.067399565130472e-05,-1422.7749650218886,67527.78351406996,119818.23624474603,step8,748.8025985547258,2171.5775635766145,1.5262972831007087,L46-@12;L46-@13;L46-@14;L78-@13;L78-@14;L78-@15,oracle_p33,72581.98663079838,5054.203116728415,0.07484627591360718,L46-@11;L46-@12;L46-@13;L46-@14;L46-@15;L78-@13;L78-@14;L78-@15,sweep100,122797.09108624716,2978.854841501132,0.024861447930316645,,5054.203116728415,1.5262972831007087,False
485,oracle_p33,exit,oracle_p129,optimal,L78-@14,f4b48bdbf6,214530.13062312166,False,not_needed,,1152.8588519770967,71422.47075380861,114562.31245376912,sweep100,2916.2555710167117,1763.396719039615,1.529585964505087,L46-@12;L46-@13;L46-@14;L78-@13;L78-@14;L78-@15,oracle_p33,71786.12297705343,363.65222324481874,0.005091565993261679,L46-@14;L78-@14,oracle_p75,123003.49705532231,8441.184601553192,0.07368203749343466,L46-@11,8441.184601553192,1.529585964505087,False
217,step8,sweep100,step1,optimal,L46-@12;L46-@13;L46-@14;L46-@15;L78-@13;L78-@14;L78-@15,50d1c683c0,216823.58965452126,False,not_needed,,877.4542876293422,74675.45671645588,81324.76377968947,step2,2237.596315883937,1360.142028254595,1.5501001561338907,L46-@12;L46-@13;L46-@14;L78-@13;L78-@14;L78-@15,step3,75075.26695108466,399.81023462877783,0.005353971066382156,L46-@12;L46-@13;L46-@14;L46-@15;L78-@12;L78-@13;L78-@14;L78-@15,oracle_p33,118750.59324649685,37425.82946680738,0.46020212943003136,,37425.82946680738,1.5501001561338907,False
256,step8,audit_selected,audit_selected,optimal,L46-@12;L46-@13;L46-@14;L46-@15;L78-@12;L78-@13;L78-@14;L78-@15,fd4d461036,216852.64679531107,False,not_needed,,877.4542965832582,75052.79793960745,73112.4471776631,step2,2237.599252645595,1360.1449560623366,1.5501034770228377,L46-@12;L46-@13;L46-@14;L78-@12;L78-@13;L78-@14;L78-@15,step3,75075.26695154449,22.469011937035248,0.000299376073295966,L46-@12;L46-@13;L46-@14;L46-@15;L78-@12;L78-@13;L78-@14;L78-@15,oracle_p33,118750.59310978862,45638.145932125524,0.6242185522969149,,45638.145932125524,1.5501034770228377,False
220,step8,sweep100,audit_selected,optimal,L46-@12;L46-@13;L46-@14;L46-@15;L78-@12;L78-@13;L78-@14;L78-@15,fd4d461036,216857.53226968175,True,ma27_optimal,0.10155704240605701,877.4541647722951,74996.77475838315,78875.94305511816,step2,2237.5992487899853,1360.1450840176901,1.5501038557047093,L46-@12;L46-@13;L46-@14;L78-@12;L78-@13;L78-@14;L78-@15,step3,75075.26695154449,78.49219316133531,0.001046607582982246,L46-@12;L46-@13;L46-@14;L46-@15;L78-@12;L78-@13;L78-@14;L78-@15,oracle_p33,118750.59324649685,39874.65019137869,0.5055362718581312,,39874.65019137869,1.5501038557047093,False
462,oracle_p33,step9,step7,optimal,,da39a3ee5e,213911.70653365404,True,ma27_optimal,7.275957614183426e-11,-1422.7749753781552,67585.43087574281,119717.50346670723,step8,791.593408440131,2214.368383818286,1.5563728784516577,L46-@12;L46-@13;L46-@14;L46-@15;L78-@12;L78-@13;L78-@14;L78-@15,oracle_p33,72225.36139470173,4639.930518958921,0.06865282145629178,L46-@12;L46-@13;L46-@14;L78-@13;L78-@14;L78-@15,step4,125909.03100246639,6191.52753575916,0.051717813656889274,L46-@11,6191.52753575916,1.5563728784516577,False
434,oracle_p33,sweep100,step4,optimal,,da39a3ee5e,213911.70653365421,False,not_needed,,-1422.7749753756236,67523.89146563374,119818.23617406978,step8,807.6459634044866,2230.42093878011,1.567655446140569,L46-@12;L46-@13;L46-@14;L78-@13;L78-@14;L78-@15,oracle_p33,72581.98663079838,5058.095165164632,0.0749082295966154,L46-@11;L46-@12;L46-@13;L46-@14;L46-@15;L78-@13;L78-@14;L78-@15,audit_selected,124304.5952626175,4486.359088547717,0.03744304065726702,,5058.095165164632,1.567655446140569,False
503,oracle_p33,oracle_p75,oracle_p129,optimal,,da39a3ee5e,213911.70653533473,True,ma27_optimal,5.5265569244511425e-05,-1422.7749663331113,67699.40996694787,119653.58102091413,step8,817.0155182180233,2239.790484551135,1.5742408585692935,L46-@12;L46-@13;L46-@14;L46-@15;L78-@12;L78-@13;L78-@14;L78-@15,oracle_p33,71786.12297705343,4086.713010105552,0.06036556318734184,L46-@14;L78-@14,step4,125908.41907436191,6254.8380534477765,0.05227455793700399,L46-@11,6254.8380534477765,1.5742408585692935,False
453,oracle_p33,step6,step7,optimal,,da39a3ee5e,213911.70653365384,True,ma27_optimal,8.972710929811001e-08,-1422.7749753762084,67598.63211305962,119717.50346679732,step8,868.4035258254562,2291.1785012016644,1.610359010282588,L46-@12;L46-@13;L46-@14;L78-@12;L78-@13;L78-@14;L78-@15,oracle_p33,72225.36139470173,4626.72928164211,0.06844412582053204,L46-@12;L46-@13;L46-@14;L78-@13;L78-@14;L78-@15,step4,125908.93887515494,6191.435408357618,0.051717044116901104,L46-@11,6191.435408357618,1.610359010282588,False
536,oracle_p75,step9,exit,optimal,L46-@11;L46-@12;L46-@13;L46-@14;L46-@15;L46-@16;L78-@12;L78-@13;L78-@14;L78-@15;L78-@16,68997349c3,224891.56506725386,True,ma27_optimal,3.055902197957039e-10,1721.5031837692309,77473.78546137617,54687.23451219106,oracle_p33,4501.1560199674705,2779.6528361982396,1.614666102511754,L46-@11;L46-@12;L46-@13;L46-@14;L46-@15;L46-@16;L78-@12;L78-@13;L78-@14;L78-@15;L78-@16,step3,77645.12433438208,171.33887300590868,0.0022115722367965105,L46-@11;L46-@12;L46-@13;L46-@14;L46-@15;L46-@16;L78-@12;L78-@13;L78-@14;L78-@15;L78-@16,step7,125865.68541258729,71178.45090039623,1.3015551350384866,,71178.45090039623,1.614666102511754,False
572,oracle_p75,oracle_p75,exit,optimal,L46-@11;L46-@12;L46-@13;L46-@14;L46-@15;L46-@16;L78-@12;L78-@13;L78-@14;L78-@15;L78-@16,68997349c3,225418.5177554229,True,ma27_optimal,1.1641532182693481e-10,1721.5031837691986,77060.81182635856,54687.23451218822,oracle_p33,4501.15602321411,2779.6528394449115,1.614666104397736,L46-@11;L46-@12;L46-@13;L46-@14;L46-@15;L46-@16;L78-@12;L78-@13;L78-@14;L78-@15;L78-@16,step3,77645.12433438208,584.3125080235186,0.007582485756056558,L46-@11;L46-@12;L46-@13;L46-@14;L46-@15;L46-@16;L78-@12;L78-@13;L78-@14;L78-@15;L78-@16,oracle_p129,125831.50857656213,71144.27406437392,1.3009301841459529,,71144.27406437392,1.614666104397736,False
545,oracle_p75,audit_selected,exit,optimal,L46-@11;L46-@12;L46-@13;L46-@14;L46-@15;L46-@16;L78-@12;L78-@13;L78-@14;L78-@15,9ba55a9bfc,224441.17057687714,True,ma27_optimal,8.731149137020111e-11,1721.5031837691236,77485.16188232294,62321.8664634137,oracle_p33,4501.156023213949,2779.6528394448255,1.6146661043977564,L46-@11;L46-@12;L46-@13;L46-@14;L46-@15;L46-@16;L78-@12;L78-@13;L78-@14;L78-@15,step3,77645.12433438208,159.96245205914602,0.0020644268937849253,L46-@11;L46-@12;L46-@13;L46-@14;L46-@15;L46-@16;L78-@12;L78-@13;L78-@14;L78-@15;L78-@16,oracle_p75,125763.15889165386,63441.29242824016,1.0179620096179824,L46-@11,63441.29242824016,1.6146661043977564,False
527,oracle_p75,step6,exit,optimal,L46-@11;L46-@12;L46-@13;L46-@14;L46-@15;L46-@16;L78-@12;L78-@13;L78-@14;L78-@15;L78-@16,68997349c3,224917.50996217658,True,ma27_optimal,5.209585651755333e-09,1721.5031837691608,77461.04180376836,54687.23451218578,oracle_p33,4501.15602321446,2779.6528394452994,1.6146661043979966,L46-@11;L46-@12;L46-@13;L46-@14;L46-@15;L46-@16;L78-@12;L78-@13;L78-@14;L78-@15;L78-@16,step3,77645.12433438208,184.0825306137267,0.002376453070177677,L46-@11;L46-@12;L46-@13;L46-@14;L46-@15;L46-@16;L78-@12;L78-@13;L78-@14;L78-@15;L78-@16,step7,125866.07653523648,71178.8420230507,1.301562287030443,,71178.8420230507,1.6146661043979966,False
509,oracle_p75,sweep100,exit,optimal,L46-@11;L46-@12;L46-@13;L46-@14;L46-@15;L46-@16;L78-@12;L78-@13;L78-@14;L78-@15;L78-@16,68997349c3,224444.73508242366,True,ma27_optimal,3.346940502524376e-09,1721.5031837689044,77136.81946482058,56886.52063707979,oracle_p33,4501.156023213956,2779.652839445052,1.6146661043980934,L46-@11;L46-@12;L46-@13;L46-@14;L46-@15;L46-@16;L78-@12;L78-@13;L78-@14;L78-@15;L78-@16,step3,77645.12433438208,508.3048695614998,0.00658965294509349,L46-@11;L46-@12;L46-@13;L46-@14;L46-@15;L46-@16;L78-@12;L78-@13;L78-@14;L78-@15;L78-@16,oracle_p75,125843.61070705773,68957.09006997794,1.212186811527902,L46-@11,68957.09006997794,1.6146661043980934,False
518,oracle_p75,step3,exit,optimal,L46-@11;L46-@12;L46-@13;L46-@14;L46-@15;L46-@16;L78-@12;L78-@13;L78-@14;L78-@15;L78-@16,68997349c3,224718.43166492748,True,ma27_optimal,1.1571974027901888e-06,1721.5031837649644,77645.12433438208,54687.23451213269,oracle_p33,4501.15602321384,2779.6528394488755,1.6146661044040098,L46-@11;L46-@12;L46-@13;L46-@14;L46-@15;L46-@16;L78-@12;L78-@13;L78-@14;L78-@15;L78-@16,step3,77645.12433438208,0.0,0.0,L46-@11;L46-@12;L46-@13;L46-@14;L46-@15;L46-@16;L78-@12;L78-@13;L78-@14;L78-@15;L78-@16,oracle_p129,125831.47990631728,71144.2453941846,1.3009296598898383,,71144.2453941846,1.6146661044040098,False
268,step8,exit,oracle_p75,optimal,L46-@11;L46-@12;L46-@13;L46-@14;L46-@15;L78-@13;L78-@14;L78-@15,413e143aad,218321.1027062913,False,not_needed,,877.454279374934,71809.49999999997,83277.82354036192,audit_selected,2316.4727292633124,1439.0184498883784,1.639992514383179,L46-@12;L46-@13;L46-@14;L78-@13;L78-@14;L78-@15,sweep100,73089.48416631152,1279.9841663115512,0.01782471910139399,L46-@11;L46-@13;L46-@14;L78-@14,oracle_p33,98889.33916317491,15611.515622812993,0.18746305990149495,L46-@11;L46-@12;L46-@13;L46-@14;L46-@15;L78-@13;L78-@14,15611.515622812993,1.639992514383179,False
443,oracle_p33,step3,step4,optimal,,da39a3ee5e,213911.70653533464,True,ma27_optimal,9.466221672482789e-05,-1422.7749598335224,67583.63641682066,119818.23626874313,step5,946.4358563045669,2369.2108161380893,1.665204184093392,L46-@11;L46-@12;L46-@13;L46-@14;L78-@13;L78-@14;L78-@15,oracle_p33,72581.98663079838,4998.350213977712,0.07395799455286027,L46-@11;L46-@12;L46-@13;L46-@14;L46-@15;L78-@13;L78-@14;L78-@15,sweep100,122797.09108180007,2978.8548130569397,0.0248614476879429,,4998.350213977712,1.665204184093392,False
492,oracle_p33,oracle_p33,oracle_p33,optimal,,da39a3ee5e,213911.7065349859,True,ma27_optimal,7.000227924436331e-06,-1422.7749748401927,68515.40062646868,118750.59306988938,step5,1048.0409565899395,2470.815931430132,1.7366175081253843,L46-@11;L46-@12;L46-@13;L46-@14;L46-@15;L78-@13;L78-@14,exit,68648.63047885534,133.22985238666297,0.001944524167829123,,oracle_p75,123003.49702714472,4252.903957255345,0.035813749197465855,L46-@11,4252.903957255345,1.7366175081253843,False
483,oracle_p33,exit,oracle_p33,optimal,,da39a3ee5e,213911.70653365398,True,ma27_optimal,6.111804395914078e-10,-1422.7749753783735,68648.63047885534,118750.5930628928,step5,1049.605891233478,2472.380866611851,1.7377174250301564,L46-@11;L46-@12;L46-@13;L46-@14;L46-@15;L78-@13;L78-@14,exit,68648.63047885534,0.0,0.0,,oracle_p75,123003.49705532231,4252.903992429507,0.035813749495777925,L46-@11,4252.903992429507,1.7377174250301564,False
552,oracle_p75,exit,step7,optimal,L46-@12;L46-@13;L46-@14;L46-@15;L78-@12;L78-@13;L78-@14;L78-@15,fd4d461036,218286.43328542766,True,ma27_optimal,0.7477640048309695,1470.06956044361,72022.07341203684,78288.42942571129,oracle_p33,4063.3832059080833,2593.313645464473,1.7640754663894351,L46-@12;L46-@13;L46-@14;L78-@13;L78-@14;L78-@15,sweep100,73380.60207754362,1358.5286655067757,0.01886267086112143,L46-@12;L46-@13;L46-@14;L78-@14;L78-@15,oracle_p33,108060.22400496132,29771.794579250025,0.3802834569251487,L46-@11;L46-@13;L46-@14;L78-@14,29771.794579250025,1.7640754663894351,False
551,oracle_p75,exit,step4,optimal,L46-@11;L46-@12;L46-@13;L46-@14;L46-@15;L78-@12;L78-@13;L78-@14;L78-@15,134084a305,218730.0487557355,True,ma27_optimal,0.04655778442975134,1470.0695604471393,72057.38620197352,77955.73458122279,oracle_p33,4063.39535518352,2593.325794736381,1.7640837308049488,L46-@11;L46-@12;L46-@13;L46-@14;L78-@13;L78-@14;L78-@15,oracle_p75,75221.48044593465,3164.0942439611244,0.043910755173554514,L46-@11;L46-@12;L46-@13;L46-@14;L46-@15;L78-@12;L78-@13;L78-@14;L78-@15,oracle_p33,108060.22400496132,30104.48942373853,0.3861741485146598,L46-@11;L46-@13;L46-@14;L78-@14,30104.48942373853,1.7640837308049488,False
180,step5,audit_selected,sweep100,optimal,L46-@11;L46-@12;L46-@13;L46-@14;L46-@15;L46-@16;L78-@12;L78-@13;L78-@14;L78-@15,9ba55a9bfc,218074.71249214897,True,ma27_optimal,5.6115895858965814e-05,1231.3100597372377,75479.07846537314,67073.21139763402,audit_selected,3424.5526143869865,2193.242554649749,1.7812268626456185,L46-@11;L46-@12;L46-@13;L46-@14;L46-@15;L46-@16;L78-@12;L78-@13;L78-@14;L78-@15,sweep100,75563.45627098856,84.37780561542604,0.0011178966056684873,L46-@11;L46-@12;L46-@13;L46-@14;L46-@15;L46-@16;L78-@12;L78-@13;L78-@14;L78-@15;L78-@16,oracle_p75,119063.58041729408,51990.369019660066,0.7751286681569866,L46-@11;L46-@14;L78-@14,51990.369019660066,1.7812268626456185,False
229,step8,step3,audit_selected,optimal,L46-@12;L46-@13;L46-@14;L46-@15;L78-@12;L78-@13;L78-@14;L78-@15,fd4d461036,216886.03066374143,True,ma27_optimal,3.072796971537173e-06,877.4542955860759,75075.26695154449,73112.44718072894,step2,2483.125360835713,1605.671065249637,1.8299198867983946,L46-@12;L46-@13;L46-@14;L46-@15;L78-@12;L78-@13;L78-@14;L78-@15,step3,75075.26695154449,0.0,0.0,L46-@12;L46-@13;L46-@14;L46-@15;L78-@12;L78-@13;L78-@14;L78-@15,oracle_p33,120019.64844473252,46907.20126400358,0.6415761347455955,,46907.20126400358,1.8299198867983946,False
277,step8,oracle_p33,oracle_p75,optimal,L46-@11;L46-@12;L46-@13;L46-@14;L46-@15;L78-@13;L78-@14;L78-@15,413e143aad,218238.42882927897,False,not_needed,,877.4542793749213,71758.94402121464,83277.82354036189,step2,2483.1253634951163,1605.671084120195,1.829919942112584,L46-@11;L46-@12;L46-@13;L46-@14;L46-@15;L78-@13;L78-@14;L78-@15,sweep100,73089.48416631152,1330.5401450968784,0.018541802185711102,L46-@11;L46-@13;L46-@14;L78-@14,oracle_p33,99735.5776788797,16457.754138517805,0.19762469093036875,L46-@11;L46-@12;L46-@13;L46-@14;L46-@15;L78-@13;L78-@14,16457.754138517805,1.829919942112584,False
235,step8,step6,step1,optimal,L46-@12;L46-@13;L46-@14;L46-@15;L78-@12;L78-@13;L78-@14;L78-@15,fd4d461036,217012.17922608776,True,ma27_optimal,1.7316779121756554e-09,877.4542965841795,74913.97575719266,73151.33744377713,step2,2483.1254277049684,1605.671131120789,1.829919959787612,L46-@12;L46-@13;L46-@14;L46-@15;L78-@12;L78-@13;L78-@14;L78-@15,step3,75075.26695108466,161.2911938920006,0.0021530187426544996,L46-@12;L46-@13;L46-@14;L46-@15;L78-@12;L78-@13;L78-@14;L78-@15,oracle_p75,123003.49708496177,49852.15964118464,0.6814934816400338,L46-@11,49852.15964118464,1.829919959787612,False
238,step8,step6,audit_selected,optimal,L46-@12;L46-@13;L46-@14;L46-@15;L78-@12;L78-@13;L78-@14;L78-@15,fd4d461036,217062.31762217777,False,not_needed,,877.4542965832968,74913.97575719257,73112.44717765562,step2,2483.125427705124,1605.671131121827,1.8299199597906357,L46-@12;L46-@13;L46-@14;L46-@15;L78-@12;L78-@13;L78-@14;L78-@15,step3,75075.26695154449,161.29119435191387,0.0021530187487937206,L46-@12;L46-@13;L46-@14;L46-@15;L78-@12;L78-@13;L78-@14;L78-@15,oracle_p75,123003.49708496177,49891.04990730615,0.6823879083964473,L46-@11,49891.04990730615,1.8299199597906357,False
280,step8,oracle_p75,step1,optimal,L46-@12;L46-@13;L46-@14;L46-@15;L78-@12;L78-@13;L78-@14;L78-@15,fd4d461036,217455.82954563398,True,ma27_optimal,2.61174573097378e-05,877.4542956004243,74571.10325599561,73151.33744409766,step2,2483.1254267144477,1605.6711311140234,1.8299199618315105,L46-@12;L46-@13;L46-@14;L46-@15;L78-@12;L78-@13;L78-@14;L78-@15,step3,75075.26695108466,504.16369508905336,0.006760845328495499,L46-@12;L46-@13;L46-@14;L46-@15;L78-@12;L78-@13;L78-@14;L78-@15,oracle_p33,122054.49309120918,48903.15564711152,0.6685203217847298,,48903.15564711152,1.8299199618315105,False
283,step8,oracle_p75,audit_selected,optimal,L46-@12;L46-@13;L46-@14;L46-@15;L78-@12;L78-@13;L78-@14;L78-@15,fd4d461036,217505.96794173066,True,ma27_optimal,2.575953840278089e-05,877.4542955988102,74571.10325635366,73112.44717920432,step2,2483.1254269300553,1605.671131331245,1.8299199620824358,L46-@12;L46-@13;L46-@14;L46-@15;L78-@12;L78-@13;L78-@14;L78-@15,step3,75075.26695154449,504.16369519082946,0.006760845329827856,L46-@12;L46-@13;L46-@14;L46-@15;L78-@12;L78-@13;L78-@14;L78-@15,oracle_p33,122054.49309120918,48942.04591200486,0.6694078477778768,,48942.04591200486,1.8299199620824358,False
278,step8,oracle_p33,oracle_p129,optimal,L46-@12;L46-@13;L46-@14;L46-@15;L78-@12;L78-@13;L78-@14;L78-@15,fd4d461036,218678.9700392617,True,ma27_optimal,0.2173659757245332,877.4541648091051,71970.3863592521,78523.66996610502,step2,2483.1254272056417,1605.6712623965366,1.8299203842127287,L46-@12;L46-@13;L46-@14;L46-@15;L78-@12;L78-@13;L78-@14;L78-@15,oracle_p75,74165.08986997986,2194.7035107277625,0.03049453562431271,L46-@12;L46-@13;L46-@14;L46-@15;L78-@12;L78-@13;L78-@14;L78-@15,oracle_p33,99735.5776788797,21211.90771277467,0.2701339318695987,L46-@11;L46-@12;L46-@13;L46-@14;L46-@15;L78-@13;L78-@14,21211.90771277467,1.8299203842127287,False
144,step5,sweep100,sweep100,optimal,L46-@11;L46-@12;L46-@13;L46-@14;L46-@15;L46-@16;L78-@12;L78-@13;L78-@14;L78-@15;L78-@16,68997349c3,218059.7767736154,True,ma27_optimal,9.402760042576119e-05,1231.3100597367998,75563.45627098856,61637.86566731219,audit_selected,3572.6818051264654,2341.3717453896656,1.9015289665465323,L46-@11;L46-@12;L46-@13;L46-@14;L46-@15;L46-@16;L78-@12;L78-@13;L78-@14;L78-@15,sweep100,75563.45627098856,0.0,0.0,L46-@11;L46-@12;L46-@13;L46-@14;L46-@15;L46-@16;L78-@12;L78-@13;L78-@14;L78-@15;L78-@16,oracle_p75,125843.32437390338,64205.45870659119,1.0416560990793788,L46-@11;L46-@14;L78-@14,64205.45870659119,1.9015289665465323,False
207,step5,oracle_p75,sweep100,optimal,L46-@11;L46-@12;L46-@13;L46-@14;L46-@15;L46-@16;L78-@12;L78-@13;L78-@14;L78-@15;L78-@16,68997349c3,218945.2148243589,True,ma27_optimal,2.3162298020906746e-05,1231.3100597638816,74886.1032562631,59164.529448709196,sweep100,3599.337912149937,2368.027852386055,1.9231775405458418,L46-@11;L46-@12;L46-@13;L46-@14;L46-@15;L46-@16;L78-@12;L78-@13;L78-@14;L78-@15,sweep100,75563.45627098856,677.3530147254642,0.009045109643474655,L46-@11;L46-@12;L46-@13;L46-@14;L46-@15;L46-@16;L78-@12;L78-@13;L78-@14;L78-@15;L78-@16,oracle_p129,125831.41298269322,66666.88353398402,1.1268049311839579,L46-@12;L78-@14,66666.88353398402,1.9231775405458418,False
171,step5,step9,sweep100,optimal,L46-@11;L46-@12;L46-@13;L46-@14;L46-@15;L46-@16;L78-@12;L78-@13;L78-@14;L78-@15;L78-@16,68997349c3,218478.58989329156,True,ma27_optimal,9.110048495131196e-06,1231.3100599549837,75238.74913214653,59164.52944837662,sweep100,3599.3379131497863,2368.0278531948024,1.9231775409041787,L46-@11;L46-@12;L46-@13;L46-@14;L46-@15;L46-@16;L78-@12;L78-@13;L78-@14;L78-@15,sweep100,75563.45627098856,324.70713884202996,0.004315690287085002,L46-@11;L46-@12;L46-@13;L46-@14;L46-@15;L46-@16;L78-@12;L78-@13;L78-@14;L78-@15;L78-@16,oracle_p129,125824.97601684452,66660.4465684679,1.12669613347693,,66660.4465684679,1.9231775409041787,False
200,step5,oracle_p33,step4,optimal,L46-@11;L46-@12;L46-@13;L46-@14;L46-@15;L78-@12;L78-@13;L78-@14;L78-@15,134084a305,218963.23651524985,True,ma27_optimal,1.033196788674104,1231.3100597230166,72006.71163527561,77954.70213234746,oracle_p33,3603.994282751275,2372.684223028258,1.9269591800151409,L46-@11;L46-@12;L46-@13;L46-@14;L46-@15;L78-@13;L78-@14;L78-@15,step6,75564.21360391854,3557.5019686429296,0.04940514415742508,L46-@11;L46-@12;L46-@13;L46-@14;L46-@15;L78-@12;L78-@13;L78-@14;L78-@15,oracle_p33,99735.57768657603,21780.875554228565,0.2794042560415422,L46-@11;L46-@12;L46-@13;L46-@14;L46-@15;L78-@13;L78-@14,21780.875554228565,1.9269591800151409,False
17,sweep100,step3,oracle_p129,optimal,,da39a3ee5e,213988.345726992,True,ma27_optimal,2.9296454158611596e-05,-450.57805823132867,71459.24763154078,125841.91406718505,step8,421.00658424083866,871.5846424721674,1.9343699200387876,L46-@12;L46-@13;L46-@14;L78-@14;L78-@15,oracle_p33,72050.07058266875,590.8229511279642,0.008267970496616116,L46-@12;L46-@13;L46-@14;L78-@13;L78-@14;L78-@15,step4,125899.78456772242,57.870500537377666,0.0004598666586275977,,871.5846424721674,1.9343699200387876,False
305,audit_selected,step3,oracle_p129,optimal,,da39a3ee5e,213991.715182243,True,ma27_optimal,4.787387479154859e-05,-449.55348182235934,71459.24763157162,125841.91406722007,step8,421.00658424083866,870.5600660631981,1.9364994405875808,L46-@12;L46-@13;L46-@14;L78-@14;L78-@15,oracle_p33,72085.47780015905,626.2301685874263,0.008763458745271615,L46-@12;L46-@13;L46-@14;L78-@13;L78-@14;L78-@15,step4,125899.78456771775,57.87050049768004,0.00045986665831201337,,870.5600660631981,1.9364994405875808,False
553,oracle_p75,exit,audit_selected,optimal,L46-@12;L46-@13;L46-@14;L46-@15;L78-@12;L78-@13;L78-@14;L78-@15,fd4d461036,220629.68014580949,True,ma27_optimal,2.473825588822365e-10,1470.0695604473428,71612.6250000007,73112.44717765629,oracle_p33,4333.74054017928,2863.670979731937,1.9479833177829495,L46-@12;L46-@13;L46-@14;L46-@15;L78-@12;L78-@13;L78-@14;L78-@15,step3,75075.26695207406,3462.6419520733616,0.04835239529445161,L46-@12;L46-@13;L46-@14;L46-@15;L78-@12;L78-@13;L78-@14;L78-@15,oracle_p33,108060.22400496132,34947.77682730503,0.4780003703389282,L46-@11;L46-@13;L46-@14;L78-@14,34947.77682730503,1.9479833177829495,False
550,oracle_p75,exit,step1,optimal,L46-@12;L46-@13;L46-@14;L46-@15;L78-@12;L78-@13;L78-@14;L78-@15,fd4d461036,220579.54174971938,True,ma27_optimal,7.321432349272072e-11,1470.0695604472621,71612.62500000041,73151.33744377558,oracle_p33,4333.740540179313,2863.670979732051,1.9479833177831338,L46-@12;L46-@13;L46-@14;L46-@15;L78-@12;L78-@13;L78-@14;L78-@15,step3,75075.26695207386,3462.641952073449,0.048352395294453024,L46-@12;L46-@13;L46-@14;L46-@15;L78-@12;L78-@13;L78-@14;L78-@15,oracle_p33,108060.22400496132,34908.88656118573,0.47721460442219316,L46-@11;L46-@13;L46-@14;L78-@14,34908.88656118573,1.9479833177831338,False
44,sweep100,audit_selected,oracle_p129,optimal,,da39a3ee5e,213984.36042248918,True,ma27_optimal,2.823535760398954e-05,-450.57805825522064,71407.38005809422,125841.91406824651,oracle_p75,464.2865022264657,914.8645604816863,2.0304241267857748,L78-@14,oracle_p33,72050.07058266875,642.6905245745293,0.009000337556869636,L46-@12;L46-@13;L46-@14;L78-@13;L78-@14;L78-@15,step4,125899.7845740222,57.8705057756888,0.00045986670024984283,,914.8645604816863,2.0304241267857748,False
8,sweep100,sweep100,oracle_p129,optimal,,da39a3ee5e,213981.91406778895,False,not_needed,,-450.57805730804057,71405.93438657213,125841.91409639886,oracle_p75,464.28650222654505,914.8645595345856,2.0304241289520513,L78-@14,oracle_p33,72050.07058266875,644.1361960966169,0.009020765593647166,L46-@12;L46-@13;L46-@14;L78-@13;L78-@14;L78-@15,step1,126162.67740585291,320.7633094540506,0.0025489385770812085,L46-@14;L78-@14,914.8645595345856,2.0304241289520513,False
296,audit_selected,sweep100,oracle_p129,optimal,,da39a3ee5e,213985.2835487592,True,ma27_optimal,4.791408537130337e-05,-449.55348186258266,71405.93438409305,125841.9140682522,oracle_p75,464.28650222654505,913.8399840891277,2.032772564240679,L78-@14,oracle_p33,72085.47780015905,679.5434160659934,0.009516623820237744,L46-@12;L46-@13;L46-@14;L78-@13;L78-@14;L78-@15,step4,125899.7845199669,57.87045171469799,0.00045986627065534863,,913.8399840891277,2.032772564240679,False
332,audit_selected,audit_selected,oracle_p129,optimal,,da39a3ee5e,213987.72992456437,True,ma27_optimal,4.941795486956835e-05,-449.5534818564872,71407.38001131422,125841.91406827873,oracle_p75,464.2865022264657,913.8399840829529,2.032772564254506,L78-@14,oracle_p33,72085.47780015905,678.0977888448251,0.009496186370895882,L46-@12;L46-@13;L46-@14;L78-@13;L78-@14;L78-@15,step4,125899.78457402224,57.870505743514514,0.00045986669999405287,,913.8399840829529,2.032772564254506,False
554,oracle_p75,exit,exit,optimal,L46-@11;L46-@12;L46-@13;L46-@14;L46-@15;L46-@16;L78-@12;L78-@13;L78-@14;L78-@15;L78-@16,68997349c3,229831.42513174817,True,ma27_optimal,6.093614501878619e-11,1721.5031837691981,73597.12499999846,54687.234512193405,oracle_p33,5270.1100243488,3548.606840579602,2.061342014372576,L46-@11;L46-@12;L46-@13;L46-@14;L46-@15;L46-@16;L78-@12;L78-@13;L78-@14;L78-@15;L78-@16,step3,77645.12433438208,4047.999334383625,0.05500213947737374,L46-@11;L46-@12;L46-@13;L46-@14;L46-@15;L46-@16;L78-@12;L78-@13;L78-@14;L78-@15;L78-@16,oracle_p33,108060.22400496132,53372.98949276791,0.9759679744066696,L46-@11;L46-@13;L46-@14;L78-@14,53372.98949276791,2.061342014372576,False
563,oracle_p75,oracle_p33,exit,optimal,L46-@11;L46-@12;L46-@13;L46-@14;L46-@15;L46-@16;L78-@12;L78-@13;L78-@14;L78-@15;L78-@16,68997349c3,229678.18748786778,True,ma27_optimal,0.00019280389824416488,1721.5031837689953,73617.13278808001,54687.23451219167,oracle_p33,5270.110030745795,3548.6068469767993,2.061342018088872,L46-@11;L46-@12;L46-@13;L46-@14;L46-@15;L46-@16;L78-@12;L78-@13;L78-@14;L78-@15;L78-@16,step3,77645.12433438208,4027.9915463020734,0.05471540922270584,L46-@11;L46-@12;L46-@13;L46-@14;L46-@15;L46-@16;L78-@12;L78-@13;L78-@14;L78-@15;L78-@16,oracle_p33,107999.54251694355,53312.308004751874,0.9748583646676579,L46-@11;L46-@12;L46-@13;L46-@14;L46-@15;L78-@14,53312.308004751874,2.061342018088872,False
562,oracle_p75,oracle_p33,audit_selected,optimal,L46-@12;L46-@13;L46-@14;L46-@15;L78-@12;L78-@13;L78-@14;L78-@15,fd4d461036,220547.00625065842,False,not_needed,,1470.0695604471048,71562.06903935396,73112.44717765613,oracle_p33,4501.156019237755,3031.08645879065,2.061866009842949,L46-@12;L46-@13;L46-@14;L46-@15;L78-@12;L78-@13;L78-@14;L78-@15,step3,75075.26695207406,3513.197912720105,0.04909301757035701,L46-@12;L46-@13;L46-@14;L46-@15;L78-@12;L78-@13;L78-@14;L78-@15,oracle_p33,107999.54251694355,34887.09533928742,0.47717039554858803,L46-@11;L46-@12;L46-@13;L46-@14;L46-@15;L78-@14,34887.09533928742,2.061866009842949,False
559,oracle_p75,oracle_p33,step1,optimal,L46-@12;L46-@13;L46-@14;L46-@15;L78-@12;L78-@13;L78-@14;L78-@15,fd4d461036,220496.8679860175,True,ma27_optimal,0.0001314492546953261,1470.069560447163,71562.06890790444,73151.33744377545,oracle_p33,4501.15601924129,3031.086458794127,2.0618660098452324,L46-@12;L46-@13;L46-@14;L46-@15;L78-@12;L78-@13;L78-@14;L78-@15,step3,75075.26695207386,3513.1980441694177,0.04909301949739137,L46-@12;L46-@13;L46-@14;L46-@15;L78-@12;L78-@13;L78-@14;L78-@15,oracle_p33,107999.54251694355,34848.205073168094,0.4763850708806606,L46-@11;L46-@12;L46-@13;L46-@14;L46-@15;L78-@14,34848.205073168094,2.0618660098452324,False
558,oracle_p75,oracle_p33,sweep100,optimal,L46-@11;L46-@12;L46-@13;L46-@14;L46-@15;L46-@16;L78-@12;L78-@13;L78-@14;L78-@15;L78-@16,68997349c3,222454.37832349018,True,ma27_optimal,6.984919309616089e-10,1470.069560447285,71877.06906297924,59164.52944837692,oracle_p33,4501.156019416856,3031.086458969571,2.0618660099644055,L46-@11;L46-@12;L46-@13;L46-@14;L46-@15;L46-@16;L78-@12;L78-@13;L78-@14;L78-@15;L78-@16,sweep100,75563.4562730601,3686.3872100808658,0.051287389123377096,L46-@11;L46-@12;L46-@13;L46-@14;L46-@15;L46-@16;L78-@12;L78-@13;L78-@14;L78-@15;L78-@16,oracle_p33,107999.54251694355,48835.01306856663,0.8254103180382235,L46-@11;L46-@12;L46-@13;L46-@14;L46-@15;L78-@14,48835.01306856663,2.0618660099644055,False
549,oracle_p75,exit,sweep100,optimal,L46-@11;L46-@12;L46-@13;L46-@14;L46-@15;L46-@16;L78-@12;L78-@13;L78-@14;L78-@15;L78-@16,68997349c3,222537.0522422663,True,ma27_optimal,6.275513442233205e-11,1470.0695604475773,71927.62500000198,59164.52944837804,oracle_p33,4501.156019966533,3031.0864595189555,2.061866010337709,L46-@11;L46-@12;L46-@13;L46-@14;L46-@15;L46-@16;L78-@12;L78-@13;L78-@14;L78-@15;L78-@16,sweep100,75563.4562730601,3635.8312730581238,0.05054846831183462,L46-@11;L46-@12;L46-@13;L46-@14;L46-@15;L46-@16;L78-@12;L78-@13;L78-@14;L78-@15;L78-@16,oracle_p33,108060.22400496132,48895.69455658328,0.8264359577007289,L46-@11;L46-@13;L46-@14;L78-@14,48895.69455658328,2.061866010337709,False
212,step5,oracle_p75,exit,optimal,L46-@11;L46-@12;L46-@13;L46-@14;L46-@15;L46-@16;L78-@12;L78-@13;L78-@14;L78-@15;L78-@16,68997349c3,225775.21540566435,False,not_needed,,1441.9074193209374,77060.8118263585,54687.23451218817,oracle_p33,4501.15602321411,3059.248603893173,2.12166784281748,L46-@11;L46-@12;L46-@13;L46-@14;L46-@15;L46-@16;L78-@12;L78-@13;L78-@14;L78-@15;L78-@16,step3,77645.12433443722,584.312508078714,0.007582485756772822,L46-@11;L46-@12;L46-@13;L46-@14;L46-@15;L46-@16;L78-@12;L78-@13;L78-@14;L78-@15;L78-@16,oracle_p129,125831.41298269322,71144.17847050505,1.3009284361352942,L46-@12;L78-@14,71144.17847050505,2.12166784281748,False
176,step5,step9,exit,optimal,L46-@11;L46-@12;L46-@13;L46-@14;L46-@15;L46-@16;L78-@12;L78-@13;L78-@14;L78-@15;L78-@16,68997349c3,225248.262728986,True,ma27_optimal,1.1490743872855091e-05,1441.9074078302124,77473.7854613763,54687.23451219076,oracle_p33,4501.1560199674705,3059.248612137258,2.1216678654427796,L46-@11;L46-@12;L46-@13;L46-@14;L46-@15;L46-@16;L78-@12;L78-@13;L78-@14;L78-@15;L78-@16,step3,77645.12433443722,171.33887306091492,0.0022115722375065047,L46-@11;L46-@12;L46-@13;L46-@14;L46-@15;L46-@16;L78-@12;L78-@13;L78-@14;L78-@15;L78-@16,oracle_p129,125824.97601684452,71137.74150465376,1.300810731045394,,71137.74150465376,2.1216678654427796,False
158,step5,step3,exit,optimal,L46-@11;L46-@12;L46-@13;L46-@14;L46-@15;L46-@16;L78-@12;L78-@13;L78-@14;L78-@15;L78-@16,68997349c3,225075.12932665963,True,ma27_optimal,1.1490657243484748e-05,1441.9074078302897,77645.12433443722,54687.234512189156,oracle_p33,4501.15602321384,3059.2486153835503,2.121667867694053,L46-@11;L46-@12;L46-@13;L46-@14;L46-@15;L46-@16;L78-@12;L78-@13;L78-@14;L78-@15;L78-@16,step3,77645.12433443722,0.0,0.0,L46-@11;L46-@12;L46-@13;L46-@14;L46-@15;L46-@16;L78-@12;L78-@13;L78-@14;L78-@15;L78-@16,oracle_p75,123003.49702810639,68316.26251591723,1.2492177219290606,L46-@11,68316.26251591723,2.121667867694053,False
185,step5,audit_selected,exit,optimal,L46-@11;L46-@12;L46-@13;L46-@14;L46-@15;L46-@16;L78-@12;L78-@13;L78-@14;L78-@15,9ba55a9bfc,224797.86823860934,True,ma27_optimal,1.1490688848425634e-05,1441.9074078301678,77485.16188232291,62321.8664634137,oracle_p33,4501.156023213949,3059.2486153837813,2.1216678676943928,L46-@11;L46-@12;L46-@13;L46-@14;L46-@15;L46-@16;L78-@12;L78-@13;L78-@14;L78-@15,step3,77645.12433443722,159.96245211431233,0.0020644268944968857,L46-@11;L46-@12;L46-@13;L46-@14;L46-@15;L46-@16;L78-@12;L78-@13;L78-@14;L78-@15;L78-@16,oracle_p75,119063.58041729408,56741.71395388038,0.9104623653592087,L46-@11;L46-@14;L78-@14,56741.71395388038,2.1216678676943928,False
167,step5,step6,exit,optimal,L46-@11;L46-@12;L46-@13;L46-@14;L46-@15;L46-@16;L78-@12;L78-@13;L78-@14;L78-@15;L78-@16,68997349c3,225274.2076239087,True,ma27_optimal,1.1490716588014038e-05,1441.9074078302328,77461.04180377368,54687.23451219082,oracle_p33,4501.15602321446,3059.2486153842274,2.1216678676946064,L46-@11;L46-@12;L46-@13;L46-@14;L46-@15;L46-@16;L78-@12;L78-@13;L78-@14;L78-@15;L78-@16,step3,77645.12433443722,184.0825306635379,0.0023764530708205622,L46-@11;L46-@12;L46-@13;L46-@14;L46-@15;L46-@16;L78-@12;L78-@13;L78-@14;L78-@15;L78-@16,step7,125865.87236883077,71178.63785663995,1.3015585536835452,L46-@12;L46-@13;L46-@15;L78-@13;L78-@14;L78-@15,71178.63785663995,2.1216678676946064,False
149,step5,sweep100,exit,optimal,L46-@11;L46-@12;L46-@13;L46-@14;L46-@15;L46-@16;L78-@12;L78-@13;L78-@14;L78-@15;L78-@16,68997349c3,224801.4327441556,True,ma27_optimal,1.1490787755974452e-05,1441.9074078300548,77136.8194648238,56886.52063707799,oracle_p33,4501.156023213956,3059.248615383902,2.1216678676946428,L46-@11;L46-@12;L46-@13;L46-@14;L46-@15;L46-@16;L78-@12;L78-@13;L78-@14;L78-@15;L78-@16,step3,77645.12433443722,508.30486961342103,0.006589652945766321,L46-@11;L46-@12;L46-@13;L46-@14;L46-@15;L46-@16;L78-@12;L78-@13;L78-@14;L78-@15;L78-@16,oracle_p75,125843.32437390338,68956.80373682539,1.212181778118455,L46-@11;L46-@14;L78-@14,68956.80373682539,2.1216678676946428,False
88,step2,step3,oracle_p75,optimal,L46-@11,8b7e44a86e,214139.34323829194,True,ma27_optimal,5.126636824570596e-05,-304.28085825377116,71246.5698739108,123003.49703382811,step8,353.446430428656,657.7272886824271,2.1615795763724335,L46-@11;L46-@14;L78-@14,oracle_p33,71758.94390754806,512.3740336372575,0.007191560724172906,L46-@11;L46-@12;L46-@13;L46-@14;L46-@15;L78-@13;L78-@14;L78-@15,step4,125906.707390228,2903.2103563998826,0.023602665179522895,L46-@11,2903.2103563998826,2.1615795763724335,False
26,sweep100,step6,oracle_p129,optimal,,da39a3ee5e,214015.04841612646,True,ma27_optimal,2.3236192646436393e-05,-450.57805730866176,71447.54070892087,125841.91407324535,step8,534.6155526632785,985.1936099719403,2.1865104036725165,L46-@12;L78-@13;L78-@14;L78-@15,oracle_p33,72050.07058266875,602.5298737478734,0.008433178633853832,L46-@12;L46-@13;L46-@14;L78-@13;L78-@14;L78-@15,step4,125899.78457402189,57.87050077653839,0.0004598666605059368,,985.1936099719403,2.1865104036725165,False
314,audit_selected,step6,oracle_p129,optimal,,da39a3ee5e,214018.41782441922,True,ma27_optimal,2.3236250854097307e-05,-449.5534339484832,71447.54070892085,125841.91407324531,step8,534.6155526632785,984.1689866117617,2.1892147012818572,L46-@12;L78-@13;L78-@14;L78-@15,oracle_p33,72085.47780015905,637.9370912382001,0.008928748070380372,L46-@12;L46-@13;L46-@14;L78-@13;L78-@14;L78-@15,step4,125899.78457402198,57.87050077666936,0.0004598666605069777,,984.1689866117617,2.1892147012818572,False
193,step5,exit,audit_selected,optimal,L46-@12;L46-@13;L46-@14;L46-@15;L78-@12;L78-@13;L78-@14;L78-@15,fd4d461036,220961.98253435045,True,ma27_optimal,1.0085205758514348e-05,1343.8086411257,71959.12499999937,73430.06759422997,oracle_p33,4333.74054017928,2989.9318990535803,2.2249685018760808,L46-@12;L46-@13;L46-@14;L46-@15;L78-@12;L78-@13;L78-@14;L78-@15,step3,75075.26695141724,3116.1419514178706,0.04330433355627793,L46-@12;L46-@13;L46-@14;L46-@15;L78-@12;L78-@13;L78-@14;L78-@15,oracle_p33,98889.33916317364,25459.271568943674,0.3467145326575217,L46-@11;L46-@12;L46-@13;L46-@14;L46-@15;L78-@13;L78-@14,25459.271568943674,2.2249685018760808,False
190,step5,exit,step1,optimal,L46-@12;L46-@13;L46-@14;L46-@15;L78-@12;L78-@13;L78-@14;L78-@15,fd4d461036,220911.84612045728,True,ma27_optimal,1.008520121104084e-05,1343.8086411257018,71959.1250000001,73468.955878152,oracle_p33,4333.740540179313,2989.9318990536112,2.2249685018761007,L46-@12;L46-@13;L46-@14;L46-@15;L78-@12;L78-@13;L78-@14;L78-@15,step3,75075.26695091189,3116.141950911784,0.04330433354924451,L46-@12;L46-@13;L46-@14;L46-@15;L78-@12;L78-@13;L78-@14;L78-@15,oracle_p33,98889.33916317364,25420.383285021642,0.34600169528992974,L46-@11;L46-@12;L46-@13;L46-@14;L46-@15;L78-@13;L78-@14,25420.383285021642,2.2249685018761007,False
234,step8,step6,sweep100,optimal,L46-@11;L46-@12;L46-@13;L46-@14;L46-@15;L46-@16;L78-@12;L78-@13;L78-@14;L78-@15;L78-@16,68997349c3,218969.6897082229,False,not_needed,,877.4543069955369,75228.97575719272,59164.52944837974,sweep100,2868.6341407419577,1991.1798337464209,2.2692689726082214,L46-@11;L46-@16;L78-@12;L78-@13;L78-@14;L78-@15,sweep100,75563.45627108683,334.4805138941156,0.004446165995582302,L46-@11;L46-@12;L46-@13;L46-@14;L46-@15;L46-@16;L78-@12;L78-@13;L78-@14;L78-@15;L78-@16,oracle_p75,123003.49708496177,63838.96763658203,1.0790074430031709,L46-@11,63838.96763658203,2.2692689726082214,False
225,step8,step3,sweep100,optimal,L46-@11;L46-@12;L46-@13;L46-@14;L46-@15;L46-@16;L78-@12;L78-@13;L78-@14;L78-@15;L78-@16,68997349c3,218793.40289097762,True,ma27_optimal,0.00014216529416444246,877.4541648296947,75390.26695171538,59164.52944880904,sweep100,2868.6341399749717,1991.179975145277,2.269269501423753,L46-@11;L46-@16;L78-@12;L78-@13;L78-@14;L78-@15,sweep100,75563.45627108683,173.18931937144953,0.0022972371152680856,L46-@11;L46-@12;L46-@13;L46-@14;L46-@15;L46-@16;L78-@12;L78-@13;L78-@14;L78-@15;L78-@16,oracle_p33,120019.64844473252,60855.11899592348,1.0285743766216748,,60855.11899592348,2.269269501423753,False
192,step5,exit,step7,optimal,L46-@12;L46-@13;L46-@14;L46-@15;L78-@12;L78-@13;L78-@14;L78-@15,fd4d461036,218602.2946470577,True,ma27_optimal,0.10274477092025336,1231.3100599550087,72022.16546573829,78289.21291609487,oracle_p33,4063.3832059080833,2832.0731459530743,2.3000487351305785,L46-@12;L46-@13;L46-@14;L78-@13;L78-@14;L78-@15,oracle_p75,75185.5785716823,3163.4131059440115,0.04392277135084033,L46-@12;L46-@13;L46-@14;L46-@15;L78-@12;L78-@13;L78-@14;L78-@15,oracle_p33,98889.33916317364,20600.126247078777,0.2631285394216009,L46-@11;L46-@12;L46-@13;L46-@14;L46-@15;L78-@13;L78-@14,20600.126247078777,2.3000487351305785,False
191,step5,exit,step4,optimal,L46-@11;L46-@12;L46-@13;L46-@14;L46-@15;L78-@12;L78-@13;L78-@14;L78-@15,134084a305,219045.91014202154,True,ma27_optimal,0.035620626964373514,1231.3100599549773,72057.37085011616,77955.60690770035,oracle_p33,4063.39535518352,2832.085295228543,2.3000586020811835,L46-@11;L46-@12;L46-@13;L46-@14;L78-@13;L78-@14;L78-@15,step6,75564.21360391854,3506.8427538023825,0.048667370352671276,L46-@11;L46-@12;L46-@13;L46-@14;L46-@15;L78-@12;L78-@13;L78-@14;L78-@15,oracle_p33,98889.33916317364,20933.732255473296,0.26853401680598665,L46-@11;L46-@12;L46-@13;L46-@14;L46-@15;L78-@13;L78-@14,20933.732255473296,2.3000586020811835,False
269,step8,exit,oracle_p129,optimal,L46-@12;L46-@13;L46-@14;L46-@15;L78-@12;L78-@13;L78-@14;L78-@15,fd4d461036,218761.64365732245,False,not_needed,,877.4542678794069,72020.96364645324,78523.83800737062,sweep100,2916.2555710167117,2038.8013031373048,2.32354138303366,L46-@12;L46-@13;L46-@14;L78-@13;L78-@14;L78-@15,oracle_p75,74165.08986997986,2144.1262235266186,0.029770862745630712,L46-@12;L46-@13;L46-@14;L46-@15;L78-@12;L78-@13;L78-@14;L78-@15,oracle_p33,98889.33916317491,20365.50115580429,0.25935437788831317,L46-@11;L46-@12;L46-@13;L46-@14;L46-@15;L78-@13;L78-@14,20365.50115580429,2.32354138303366,False
273,step8,oracle_p33,step7,optimal,L46-@12;L46-@13;L46-@14;L46-@15;L78-@12;L78-@13;L78-@14;L78-@15,fd4d461036,218987.74625398827,True,ma27_optimal,0.6464510340156266,877.4541648142742,71971.54539543242,78288.66835645412,sweep100,2930.296804371216,2052.8426395569413,2.339544014804984,L46-@12;L46-@13;L46-@14;L46-@15;L78-@13;L78-@14;L78-@15,step9,75514.83040974595,3543.2850143135292,0.04923174839230838,L46-@12;L46-@13;L46-@14;L46-@15;L78-@12;L78-@13;L78-@14;L78-@15,oracle_p33,99735.5776788797,21446.909322425578,0.2739465336768306,L46-@11;L46-@12;L46-@13;L46-@14;L46-@15;L78-@13;L78-@14,21446.909322425578,2.339544014804984,False
189,step5,exit,sweep100,optimal,L46-@11;L46-@12;L46-@13;L46-@14;L46-@15;L46-@16;L78-@12;L78-@13;L78-@14;L78-@15;L78-@16,68997349c3,222869.05560809502,True,ma27_optimal,1.0085193252962199e-05,1343.8086411264417,72274.12500000562,59482.44888766762,oracle_p33,4501.156019966533,3157.347378840091,2.349551329118898,L46-@11;L46-@12;L46-@13;L46-@14;L46-@15;L46-@16;L78-@12;L78-@13;L78-@14;L78-@15;L78-@16,sweep100,75563.45627098856,3289.331270982948,0.045511879541712784,L46-@11;L46-@12;L46-@13;L46-@14;L46-@15;L46-@16;L78-@12;L78-@13;L78-@14;L78-@15;L78-@16,oracle_p33,98889.33916317364,39406.890275506026,0.6624960977972811,L46-@11;L46-@12;L46-@13;L46-@14;L46-@15;L78-@13;L78-@14,39406.890275506026,2.349551329118898,False
115,step2,audit_selected,oracle_p75,optimal,L46-@11,8b7e44a86e,214091.81524418917,True,ma27_optimal,0.009514556033536792,-304.2808485908133,71418.3666207488,125763.14959164005,step8,417.5581758596458,721.8390244504592,2.372278859459749,L46-@11;L46-@13;L46-@14;L78-@14,oracle_p33,71758.94390754806,340.5772867992637,0.00476876331557431,L46-@11;L46-@12;L46-@13;L46-@14;L46-@15;L78-@13;L78-@14;L78-@15,step4,125899.78451729336,136.63492565331399,0.0010864464359947664,,721.8390244504592,2.372278859459749,False
79,step2,sweep100,oracle_p75,optimal,L46-@11,8b7e44a86e,214089.36977816856,True,ma27_optimal,0.03402685603941791,-304.2808485941259,71439.12198679791,125843.57697429637,step8,417.5582435556724,721.8390921497983,2.3722790819235713,L46-@11;L46-@13;L46-@14;L78-@14,oracle_p33,71758.94390754806,319.82192075015337,0.0044768456254159605,L46-@11;L46-@12;L46-@13;L46-@14;L46-@15;L78-@13;L78-@14;L78-@15,step4,125899.78457402148,56.207599725108594,0.0004466465518267097,,721.8390921497983,2.3722790819235713,False
89,step2,step3,oracle_p129,optimal,,da39a3ee5e,214191.1769601409,True,ma27_optimal,0.06742285078507848,-304.2808485738956,71458.01236514135,125831.41314129077,step8,421.00658424083866,725.2874328147343,2.383611838254079,L46-@12;L46-@13;L46-@14;L78-@14;L78-@15,exit,72020.9477419974,562.9353768560541,0.00787784823876049,L46-@12;L46-@13;L46-@14;L46-@15;L78-@12;L78-@13;L78-@14;L78-@15,step4,125906.707390228,75.29424893722171,0.000598374023286832,L46-@11,725.2874328147343,2.383611838254079,False
12,sweep100,step3,step7,optimal,,da39a3ee5e,214027.92825544105,True,ma27_optimal,3.4129348932765424e-05,-450.5780581682052,71459.24763197299,125866.25404051472,step8,669.3235440349324,1119.9016022031376,2.4854774481385586,L46-@12;L46-@13;L46-@14;L78-@13;L78-@14;L78-@15,oracle_p33,72394.01569011829,934.7680581453023,0.0130811349002653,L46-@12;L46-@13;L46-@14;L46-@15;L78-@13;L78-@14;L78-@15,step4,125899.78456772242,33.53052720770938,0.0002663980704225641,,1119.9016022031376,2.4854774481385586,False
300,audit_selected,step3,step7,optimal,,da39a3ee5e,214031.29763220332,False,not_needed,,-449.5534339484659,71459.24763422729,125866.25407464404,step8,669.3235440349324,1118.8769779833983,2.488863155056357,L46-@12;L46-@13;L46-@14;L78-@13;L78-@14;L78-@15,oracle_p33,72395.94220016332,936.6945659360354,0.01310809443069732,L46-@12;L46-@13;L46-@14;L46-@15;L78-@13;L78-@14;L78-@15,step4,125899.78456771775,33.53049307371839,0.0002663977991577741,,1118.8769779833983,2.488863155056357,False
461,oracle_p33,step9,step4,optimal,L46-@11,8b7e44a86e,213917.85642986893,True,ma27_optimal,0.022260767276748084,-521.8562443773592,71473.02218178069,125909.03100246639,step8,791.5936994045878,1313.449943781947,2.516880765408987,L46-@11;L46-@12;L46-@13;L46-@14;L46-@15;L78-@12;L78-@13;L78-@14;L78-@15,oracle_p33,72581.98663079838,1108.964449017687,0.015515846611287902,L46-@11;L46-@12;L46-@13;L46-@14;L46-@15;L78-@13;L78-@14;L78-@15,step4,125909.03100246639,0.0,0.0,L46-@11,1313.449943781947,2.516880765408987,False
116,step2,audit_selected,oracle_p129,optimal,,da39a3ee5e,214187.19170742706,True,ma27_optimal,4.8741319915279746e-05,-304.2808582129587,71407.38001199107,125841.91406848596,oracle_p75,464.2865022264657,768.5673604394244,2.525848536622448,L78-@14,exit,72020.9477419974,613.5677300063253,0.008592497440786821,L46-@12;L46-@13;L46-@14;L46-@15;L78-@12;L78-@13;L78-@14;L78-@15,step4,125899.78451729336,57.87044880739995,0.00045986624755171455,,768.5673604394244,2.525848536622448,False
80,step2,sweep100,oracle_p129,optimal,,da39a3ee5e,214184.74532003963,True,ma27_optimal,2.3245418560691178e-05,-304.28084824238636,71405.93438658245,125841.9140732458,oracle_p75,464.28650222654505,768.5673504689314,2.5258485866212,L78-@14,exit,72020.9477419974,615.0133554149506,0.008612916569165642,L46-@12;L46-@13;L46-@14;L46-@15;L78-@12;L78-@13;L78-@14;L78-@15,step4,125899.78457402148,57.87050077567983,0.0004598666604991126,,768.5673504689314,2.5258485866212,False
3,sweep100,sweep100,step7,optimal,,da39a3ee5e,214021.49659069892,False,not_needed,,-450.57805730865584,71405.93438658236,125866.25407464441,oracle_p75,726.2173698690501,1176.795427177706,2.6117459740645455,L46-@12;L46-@13;L46-@14;L78-@14;L78-@15,oracle_p33,72394.01569011829,988.0813035359315,0.01383752361794734,L46-@12;L46-@13;L46-@14;L46-@15;L78-@13;L78-@14;L78-@15,step1,126162.67740585291,296.423331208498,0.002355065965756838,L46-@14;L78-@14,1176.795427177706,2.6117459740645455,False
39,sweep100,audit_selected,step7,optimal,,da39a3ee5e,214023.94291953955,False,not_needed,,-450.57805730865266,71407.38006073232,125866.25407464438,oracle_p75,726.2180999916004,1176.796157300253,2.6117475944775763,L46-@12;L46-@13;L46-@14;L78-@14;L78-@15,oracle_p33,72394.01569011829,986.6356293859717,0.013816998026630207,L46-@12;L46-@13;L46-@14;L46-@15;L78-@13;L78-@14;L78-@15,step4,125899.7845740222,33.53049937781179,0.0002663978492434254,,1176.796157300253,2.6117475944775763,False
291,audit_selected,sweep100,step7,optimal,,da39a3ee5e,214024.86607722085,True,ma27_optimal,4.786071121998248e-05,-449.55348180918986,71405.93438450119,125866.25404148827,oracle_p75,726.2173698690501,1175.77085167824,2.6154192977139226,L46-@12;L46-@13;L46-@14;L78-@14;L78-@15,oracle_p33,72395.94220016332,990.0078156621312,0.013864503338493032,L46-@12;L46-@13;L46-@14;L46-@15;L78-@13;L78-@14;L78-@15,step4,125899.7845199669,33.53047847862763,0.00026639768327080943,,1175.77085167824,2.6154192977139226,False
327,audit_selected,audit_selected,step7,optimal,,da39a3ee5e,214027.31245302522,True,ma27_optimal,4.902409273199737e-05,-449.5534818034914,71407.38001170823,125866.25404146522,oracle_p75,726.2180999916004,1175.7715817950918,2.6154209218404953,L46-@12;L46-@13;L46-@14;L78-@14;L78-@15,oracle_p33,72395.94220016332,988.5621884550928,0.013843977867455778,L46-@12;L46-@13;L46-@14;L46-@15;L78-@13;L78-@14;L78-@15,step4,125899.78457402224,33.530532557022525,0.00026639811292053126,,1175.7715817950918,2.6154209218404953,False
194,step5,exit,exit,optimal,L46-@11;L46-@12;L46-@13;L46-@14;L46-@15;L46-@16;L78-@12;L78-@13;L78-@14;L78-@15;L78-@16,68997349c3,230188.12279348762,True,ma27_optimal,1.1498041430968442e-05,1441.9074078229162,73597.12499999847,54687.23451219341,oracle_p33,5270.1100243488,3828.202616525884,2.6549573126238033,L46-@11;L46-@12;L46-@13;L46-@14;L46-@15;L46-@16;L78-@12;L78-@13;L78-@14;L78-@15;L78-@16,step3,77645.12433443722,4047.9993344387476,0.05500213947812271,L46-@11;L46-@12;L46-@13;L46-@14;L46-@15;L46-@16;L78-@12;L78-@13;L78-@14;L78-@15;L78-@16,oracle_p33,98889.33916317364,44202.10465098023,0.808270980334993,L46-@11;L46-@12;L46-@13;L46-@14;L46-@15;L78-@13;L78-@14,44202.10465098023,2.6549573126238033,False
203,step5,oracle_p33,exit,optimal,L46-@11;L46-@12;L46-@13;L46-@14;L46-@15;L46-@16;L78-@12;L78-@13;L78-@14;L78-@15;L78-@16,68997349c3,230034.8851495973,True,ma27_optimal,0.00019280110427644104,1441.9074078303777,73617.13278808256,54687.2345121926,oracle_p33,5270.110030745795,3828.202622915417,2.654957317041371,L46-@11;L46-@12;L46-@13;L46-@14;L46-@15;L46-@16;L78-@12;L78-@13;L78-@14;L78-@15;L78-@16,step3,77645.12433443722,4027.991546354664,0.054715409223418325,L46-@11;L46-@12;L46-@13;L46-@14;L46-@15;L46-@16;L78-@12;L78-@13;L78-@14;L78-@15;L78-@16,oracle_p33,99735.57768657603,45048.34317438343,0.8237451313128631,L46-@11;L46-@12;L46-@13;L46-@14;L46-@15;L78-@13;L78-@14,45048.34317438343,2.654957317041371,False
198,step5,oracle_p33,sweep100,optimal,L46-@11;L46-@12;L46-@13;L46-@14;L46-@15;L46-@16;L78-@12;L78-@13;L78-@14;L78-@15;L78-@16,68997349c3,222770.23986678873,True,ma27_optimal,0.0001515914045739919,1231.3100603229827,71877.06891138769,59164.5294505306,oracle_p33,4501.156019416856,3269.8459590938733,2.655582914863999,L46-@11;L46-@12;L46-@13;L46-@14;L46-@15;L46-@16;L78-@12;L78-@13;L78-@14;L78-@15;L78-@16,sweep100,75563.45627098856,3686.387359600878,0.051287391311762756,L46-@11;L46-@12;L46-@13;L46-@14;L46-@15;L46-@16;L78-@12;L78-@13;L78-@14;L78-@15;L78-@16,oracle_p33,99735.57768657603,40571.048236045426,0.6857326275191322,L46-@11;L46-@12;L46-@13;L46-@14;L46-@15;L78-@13;L78-@14,40571.048236045426,2.655582914863999,False
202,step5,oracle_p33,audit_selected,optimal,L46-@12;L46-@13;L46-@14;L46-@15;L78-@12;L78-@13;L78-@14;L78-@15,fd4d461036,220862.86777032743,True,ma27_optimal,0.0001299870345974341,1231.3100598641875,71562.06890936714,73112.44718091213,oracle_p33,4501.156019237755,3269.845959373567,2.6555829160806406,L46-@12;L46-@13;L46-@14;L46-@15;L78-@12;L78-@13;L78-@14;L78-@15,step3,75075.26695141724,3513.198042050106,0.049093019466772914,L46-@12;L46-@13;L46-@14;L46-@15;L78-@12;L78-@13;L78-@14;L78-@15,oracle_p33,99735.57768657603,26623.130505663896,0.3641395074601544,L46-@11;L46-@12;L46-@13;L46-@14;L46-@15;L78-@13;L78-@14,26623.130505663896,2.6555829160806406,False
199,step5,oracle_p33,step1,optimal,L46-@12;L46-@13;L46-@14;L46-@15;L78-@12;L78-@13;L78-@14;L78-@15,fd4d461036,220812.72937423325,True,ma27_optimal,0.00013079476775601506,1231.3100598406465,71562.068908559,73151.33744455273,oracle_p33,4501.15601924129,3269.8459594006436,2.6555829161534015,L46-@12;L46-@13;L46-@14;L46-@15;L78-@12;L78-@13;L78-@14;L78-@15,step3,75075.26695091189,3513.1980423528876,0.049093019471558356,L46-@12;L46-@13;L46-@14;L46-@15;L78-@12;L78-@13;L78-@14;L78-@15,oracle_p33,99735.57768657603,26584.240242023297,0.36341427471744625,L46-@11;L46-@12;L46-@13;L46-@14;L46-@15;L78-@13;L78-@14,26584.240242023297,2.6555829161534015,False
38,sweep100,audit_selected,step4,optimal,,da39a3ee5e,214091.1451275068,False,not_needed,,-450.5780573086249,71407.38006073241,125899.7845740222,step8,748.8025985547258,1199.3806558633507,2.6618709819724553,L46-@12;L46-@13;L46-@14;L78-@13;L78-@14;L78-@15,oracle_p33,72395.94220481541,988.562144083,0.013843977236557649,L46-@12;L46-@13;L46-@14;L46-@15;L78-@13;L78-@14;L78-@15,step4,125899.7845740222,0.0,0.0,,1199.3806558633507,2.6618709819724553,False
326,audit_selected,audit_selected,step4,optimal,,da39a3ee5e,214094.51453579954,False,not_needed,,-449.55343394844317,71407.38006073241,125899.78457402224,step8,748.8025985547258,1198.356032503169,2.66565872265276,L46-@12;L46-@13;L46-@14;L78-@13;L78-@14;L78-@15,oracle_p33,72395.94229529031,988.5622345579031,0.013843978503582193,L46-@12;L46-@13;L46-@14;L46-@15;L78-@13;L78-@14;L78-@15,step4,125899.78457402224,0.0,0.0,,1198.356032503169,2.66565872265276,False
30,sweep100,step9,step7,optimal,,da39a3ee5e,214051.15091412066,True,ma27_optimal,2.8650014428421855e-05,-450.57805730776136,71437.81950196315,125866.25404599406,step8,791.593408440131,1242.1714657478924,2.7568396765034735,L46-@12;L46-@13;L46-@14;L46-@15;L78-@12;L78-@13;L78-@14;L78-@15,oracle_p33,72394.01569011829,956.1961881551397,0.013385013635933595,L46-@12;L46-@13;L46-@14;L46-@15;L78-@13;L78-@14;L78-@15,step4,125899.78457402186,33.53052802779712,0.0002663980769265159,,1242.1714657478924,2.7568396765034735,False
29,sweep100,step9,step4,optimal,,da39a3ee5e,214118.35309340063,True,ma27_optimal,7.275957614183426e-11,-450.5780573086199,71437.81950196798,125899.78457402186,step8,791.5936994045878,1242.1717567132077,2.756840322258285,L46-@11;L46-@12;L46-@13;L46-@14;L46-@15;L78-@12;L78-@13;L78-@14;L78-@15,oracle_p33,72395.94220481541,958.1227028474241,0.01341198135003308,L46-@12;L46-@13;L46-@14;L46-@15;L78-@13;L78-@14;L78-@15,step4,125899.78457402186,0.0,0.0,,1242.1717567132077,2.756840322258285,False
98,step2,step6,oracle_p129,optimal,,da39a3ee5e,214217.8796246749,False,not_needed,,-304.28084648166237,71446.3148188716,125831.48058654368,step8,534.6155526632785,838.8963991449409,2.756980627748771,L46-@12;L78-@13;L78-@14;L78-@15,exit,72020.9477419974,574.6329231257987,0.008042863016554313,L46-@12;L46-@13;L46-@14;L46-@15;L78-@12;L78-@13;L78-@14;L78-@15,step4,125908.94143211239,77.4608455687121,0.0006155919425539662,L46-@11,838.8963991449409,2.756980627748771,False
318,audit_selected,step9,step7,optimal,,da39a3ee5e,214054.52029372548,False,not_needed,,-449.5534339484518,71437.81950196825,125866.25407464446,step8,791.593408440131,1241.1468423885829,2.7608438700768536,L46-@12;L46-@13;L46-@14;L46-@15;L78-@12;L78-@13;L78-@14;L78-@15,oracle_p33,72395.94220016332,958.1226981950749,0.013411981284908574,L46-@12;L46-@13;L46-@14;L46-@15;L78-@13;L78-@14;L78-@15,step4,125899.78457402193,33.5304993774771,0.0002663978492407661,,1241.1468423885829,2.7608438700768536,False
317,audit_selected,step9,step4,optimal,,da39a3ee5e,214121.72250169338,True,ma27_optimal,1.4551915228366852e-10,-449.55343394843635,71437.81950196801,125899.78457402193,step8,791.5936994045878,1241.1471333530242,2.7608445173068867,L46-@11;L46-@12;L46-@13;L46-@14;L46-@15;L78-@12;L78-@13;L78-@14;L78-@15,oracle_p33,72395.94229529031,958.1227933222981,0.013411982616517335,L46-@12;L46-@13;L46-@14;L46-@15;L78-@13;L78-@14;L78-@15,step4,125899.78457402193,0.0,0.0,,1241.1471333530242,2.7608445173068867,False
2,sweep100,sweep100,step4,optimal,,da39a3ee5e,214088.6987986662,False,not_needed,,-450.57805730862856,71405.93438658245,125899.78457402225,step8,807.6459634044866,1258.2240207131151,2.7924662559661226,L46-@12;L46-@13;L46-@14;L78-@13;L78-@14;L78-@15,oracle_p33,72395.94220481541,990.0078182329598,0.013864503374091936,L46-@12;L46-@13;L46-@14;L46-@15;L78-@13;L78-@14;L78-@15,step1,126162.67740585291,262.8928318306571,0.002088111848007892,L46-@14;L78-@14,1258.2240207131151,2.7924662559661226,False
290,audit_selected,sweep100,step4,optimal,,da39a3ee5e,214092.0683056593,True,ma27_optimal,5.4055184591561556e-05,-449.553481732896,71405.93438474616,125899.7845199669,step8,807.6459634044866,1257.1994451373826,2.796551458774715,L46-@12;L46-@13;L46-@14;L78-@13;L78-@14;L78-@15,oracle_p33,72395.94229529031,990.0079105441546,0.013864504667214908,L46-@12;L46-@13;L46-@14;L46-@15;L78-@13;L78-@14;L78-@15,step4,125899.7845199669,0.0,0.0,,1257.1994451373826,2.796551458774715,False
71,sweep100,oracle_p75,oracle_p129,optimal,,da39a3ee5e,214082.2494032302,True,ma27_optimal,2.933107316493988e-05,-450.57805814444055,71481.1175379213,125841.9140671504,step8,817.0155182180233,1267.5935763624639,2.8132607734665034,L46-@12;L46-@13;L46-@14;L46-@15;L78-@12;L78-@13;L78-@14;L78-@15,oracle_p33,72050.07058266875,568.9530447474535,0.007959487265229442,L46-@12;L46-@13;L46-@14;L78-@13;L78-@14;L78-@15,step4,125899.7845184905,57.87045134010259,0.0004598662676826609,,1267.5935763624639,2.8132607734665034,False
359,audit_selected,oracle_p75,oracle_p129,optimal,,da39a3ee5e,214085.61885849215,True,ma27_optimal,4.780211975230486e-05,-449.55348175057793,71481.11753793023,125841.91406715194,step8,817.0155182180233,1266.5689999686012,2.8173933722780538,L46-@12;L46-@13;L46-@14;L46-@15;L78-@12;L78-@13;L78-@14;L78-@15,oracle_p33,72085.47780015905,604.3602622288163,0.00845482391777273,L46-@12;L46-@13;L46-@14;L78-@13;L78-@14;L78-@15,step4,125899.7845671157,57.87049996375572,0.00045986665406944446,,1266.5689999686012,2.8173933722780538,False
252,step8,audit_selected,sweep100,optimal,L46-@11;L46-@12;L46-@13;L46-@14;L46-@15;L46-@16;L78-@12;L78-@13;L78-@14;L78-@15,9ba55a9bfc,218542.83783675378,True,ma27_optimal,0.00013321256551535043,877.4541648285826,75479.07846555483,67073.21139775023,audit_selected,3424.5526143869865,2547.098449558404,2.902827921565566,L46-@11;L46-@12;L46-@13;L46-@14;L46-@15;L46-@16;L78-@12;L78-@13;L78-@14;L78-@15,sweep100,75563.45627108683,84.37780553199991,0.001117896604560508,L46-@11;L46-@12;L46-@13;L46-@14;L46-@15;L46-@16;L78-@12;L78-@13;L78-@14;L78-@15;L78-@16,oracle_p33,118750.59310978862,51677.38171203839,0.7704623147621011,,51677.38171203839,2.902827921565566,False
21,sweep100,step6,step7,optimal,,da39a3ee5e,214054.63091580014,False,not_needed,,-450.578057308549,71447.5407089211,125866.25407464585,step8,868.4035258254562,1318.9815831340052,2.927309845074827,L46-@12;L46-@13;L46-@14;L78-@12;L78-@13;L78-@14;L78-@15,oracle_p33,72394.01569011829,946.4749811971997,0.013247131696990948,L46-@12;L46-@13;L46-@14;L46-@15;L78-@13;L78-@14;L78-@15,step4,125899.78457402189,33.53049937603646,0.0002663978492293174,,1318.9815831340052,2.927309845074827,False
309,audit_selected,step6,step7,optimal,,da39a3ee5e,214058.00032409228,False,not_needed,,-449.55343394845954,71447.54070892128,125866.25407464443,step8,868.4035258254562,1317.9569597739157,2.9317025747044276,L46-@12;L46-@13;L46-@14;L78-@12;L78-@13;L78-@14;L78-@15,oracle_p33,72395.94220016332,948.4014912420389,0.01327409567679657,L46-@12;L46-@13;L46-@14;L46-@15;L78-@13;L78-@14;L78-@15,step4,125899.78457402198,33.53049937754986,0.00026639784924134427,,1317.9569597739157,2.9317025747044276,False
498,oracle_p33,oracle_p75,step7,optimal,,da39a3ee5e,213921.33184093406,True,ma27_optimal,0.591414114809595,-521.8562504190429,71481.04741270712,125865.6572462964,step5,1023.4564914262935,1545.3127418453364,2.9611846952191776,L46-@12;L46-@13;L46-@14;L46-@15;L78-@12;L78-@13;L78-@14;L78-@15,oracle_p33,72225.36139470173,744.3139819946082,0.010412745880697492,L46-@12;L46-@13;L46-@14;L78-@13;L78-@14;L78-@15,step4,125908.41907436191,42.76182806551515,0.00033974182474444126,L46-@11,1545.3127418453364,2.9611846952191776,False
452,oracle_p33,step6,step4,optimal,L46-@11,8b7e44a86e,213921.33646023663,True,ma27_optimal,0.061958678998053074,-521.8562443768785,71482.73253726843,125908.93887515494,step5,1023.6626691527367,1545.5189135296152,2.9615798032177216,L46-@11;L46-@12;L46-@13;L46-@14;L46-@15;L78-@12;L78-@13;L78-@14;L78-@15,oracle_p33,72581.98663079838,1099.2540935299476,0.015377896934155916,L46-@11;L46-@12;L46-@13;L46-@14;L46-@15;L78-@13;L78-@14;L78-@15,step4,125908.93887515494,0.0,0.0,L46-@11,1545.5189135296152,2.9615798032177216,False
520,oracle_p75,step3,oracle_p75,optimal,L46-@11,8b7e44a86e,214342.34700536475,True,ma27_optimal,2.976643736474216e-05,-180.14152840842235,71246.5698816305,123003.4970553272,step8,353.446430428656,533.5879588370783,2.962048582308636,L46-@11;L46-@14;L78-@14,exit,71809.49999999991,562.9301183694188,0.007901153968600517,L46-@11;L46-@12;L46-@13;L46-@14;L46-@15;L78-@13;L78-@14;L78-@15,oracle_p129,125831.47990631728,2827.9828509900835,0.022991076828637252,,2827.9828509900835,2.962048582308636,False
216,step8,sweep100,sweep100,optimal,L46-@11;L46-@12;L46-@13;L46-@14;L46-@15;L46-@16;L78-@12;L78-@13;L78-@14;L78-@15;L78-@16,68997349c3,218527.90211822002,True,ma27_optimal,0.013673809517058544,877.454164827798,75563.45627108683,61637.86567408821,audit_selected,3572.6818051264654,2695.227640298667,3.071644934100473,L46-@11;L46-@12;L46-@13;L46-@14;L46-@15;L46-@16;L78-@12;L78-@13;L78-@14;L78-@15,sweep100,75563.45627108683,0.0,0.0,L46-@11;L46-@12;L46-@13;L46-@14;L46-@15;L46-@16;L78-@12;L78-@13;L78-@14;L78-@15;L78-@16,oracle_p33,118750.59324649685,57112.72757240864,0.9265850942080579,,57112.72757240864,3.071644934100473,False
51,sweep100,exit,oracle_p33,optimal,,da39a3ee5e,214026.2992241238,False,not_needed,,-502.76484432547113,71989.30998680886,127422.01602581955,step5,1049.605891233478,1552.370735558949,3.0876676304638404,L46-@11;L46-@12;L46-@13;L46-@14;L46-@15;L78-@13;L78-@14,oracle_p33,72323.69992607637,334.38993926750845,0.0046449943655354,L46-@13;L46-@14,oracle_p33,127422.01602581955,0.0,0.0,,1552.370735558949,3.0876676304638404,False
11,sweep100,step3,step4,optimal,,da39a3ee5e,214095.130435219,True,ma27_optimal,6.29934947937727e-06,-450.57805810766695,71459.24763215921,125899.78456772242,step5,946.4358563045669,1397.0139144122338,3.100492554562906,L46-@11;L46-@12;L46-@13;L46-@14;L78-@13;L78-@14;L78-@15,oracle_p33,72395.94220481541,936.6945726561971,0.013108094525118553,L46-@12;L46-@13;L46-@14;L46-@15;L78-@13;L78-@14;L78-@15,step4,125899.78456772242,0.0,0.0,,1397.0139144122338,3.100492554562906,False
243,step8,step9,sweep100,optimal,L46-@11;L46-@12;L46-@13;L46-@14;L46-@15;L46-@16;L78-@12;L78-@13;L78-@14;L78-@15;L78-@16,68997349c3,218946.7150959489,True,ma27_optimal,9.913492249324918e-11,877.4543069950889,75238.74913214658,59164.529448376605,sweep100,3599.3379131497863,2721.883606154697,3.1020231873680135,L46-@11;L46-@12;L46-@13;L46-@14;L46-@15;L46-@16;L78-@12;L78-@13;L78-@14;L78-@15,sweep100,75563.45627108683,324.7071389402554,0.004315690288390517,L46-@11;L46-@12;L46-@13;L46-@14;L46-@15;L46-@16;L78-@12;L78-@13;L78-@14;L78-@15;L78-@16,oracle_p129,125831.57904297426,66667.04959459766,1.1268077379499366,,66667.04959459766,3.1020231873680135,False
279,step8,oracle_p75,sweep100,optimal,L46-@11;L46-@12;L46-@13;L46-@14;L46-@15;L46-@16;L78-@12;L78-@13;L78-@14;L78-@15;L78-@16,68997349c3,219413.340168964,True,ma27_optimal,0.00014214536849976867,877.4541648496277,74886.1032564486,59164.52944878759,sweep100,3599.337912149937,2721.8837473003096,3.1020238507464013,L46-@11;L46-@12;L46-@13;L46-@14;L46-@15;L46-@16;L78-@12;L78-@13;L78-@14;L78-@15,sweep100,75563.45627108683,677.35301463824,0.009045109642287493,L46-@11;L46-@12;L46-@13;L46-@14;L46-@15;L46-@16;L78-@12;L78-@13;L78-@14;L78-@15;L78-@16,oracle_p33,122054.49309120918,62889.96364242159,1.0629673594693037,,62889.96364242159,3.1020238507464013,False
299,audit_selected,step3,step4,optimal,,da39a3ee5e,214098.49984366103,True,ma27_optimal,6.303991540335119e-06,-449.5534348946869,71459.2476321678,125899.78456771775,step5,946.4358563045669,1395.9892911992538,3.1052800019785867,L46-@11;L46-@12;L46-@13;L46-@14;L78-@13;L78-@14;L78-@15,oracle_p33,72395.94229529031,936.6946631225146,0.013108095791101724,L46-@12;L46-@13;L46-@14;L46-@15;L78-@13;L78-@14;L78-@15,step4,125899.78456771775,0.0,0.0,,1395.9892911992538,3.1052800019785867,False
272,step8,oracle_p33,step4,optimal,L46-@11;L46-@12;L46-@13;L46-@14;L46-@15;L78-@12;L78-@13;L78-@14;L78-@15,134084a305,219431.36150276117,False,not_needed,,877.4542679968763,72006.82695933935,77955.71887498826,oracle_p33,3603.994282751275,2726.5400147543987,3.107330050349821,L46-@11;L46-@12;L46-@13;L46-@14;L46-@15;L78-@13;L78-@14;L78-@15,step9,75549.46117086754,3542.6342115281877,0.04919858798289549,L46-@11;L46-@12;L46-@13;L46-@14;L46-@15;L78-@12;L78-@13;L78-@14;L78-@15,oracle_p33,99735.5776788797,21779.85880389143,0.27938756922783503,L46-@11;L46-@12;L46-@13;L46-@14;L46-@15;L78-@13;L78-@14,21779.85880389143,3.107330050349821,False
84,step2,step3,step7,optimal,,da39a3ee5e,214230.75945583277,True,ma27_optimal,0.5679573716770392,-304.2808485535493,71459.17772206842,125865.65904389617,step8,669.3235440349324,973.6043925884817,3.1996900140665296,L46-@12;L46-@13;L46-@14;L78-@13;L78-@14;L78-@15,exit,72022.16894255497,562.9912204865541,0.007878501242712846,L46-@12;L46-@13;L46-@14;L46-@15;L78-@12;L78-@13;L78-@14;L78-@15,step4,125906.707390228,41.04834633182327,0.0003261282437452418,L46-@11,973.6043925884817,3.1996900140665296,False
66,sweep100,oracle_p75,step7,optimal,,da39a3ee5e,214121.8318847489,False,not_needed,,-450.5780581147387,71481.1175569727,125866.25406837698,step5,1023.4564914262935,1474.0345495410322,3.2714299398167155,L46-@12;L46-@13;L46-@14;L46-@15;L78-@12;L78-@13;L78-@14;L78-@15,oracle_p33,72394.01569011829,912.898133145587,0.012771178800023354,L46-@12;L46-@13;L46-@14;L46-@15;L78-@13;L78-@14;L78-@15,step4,125899.7845184905,33.53045011352515,0.000266397457854825,,1474.0345495410322,3.2714299398167155,False
20,sweep100,step6,step4,optimal,,da39a3ee5e,214121.83312376754,False,not_needed,,-450.5780573086331,71447.54070892102,125899.78457402189,step5,1023.6626691527367,1474.2407264613698,3.271887528805152,L46-@11;L46-@12;L46-@13;L46-@14;L46-@15;L78-@12;L78-@13;L78-@14;L78-@15,oracle_p33,72395.94220481541,948.4014958943881,0.013274095741912214,L46-@12;L46-@13;L46-@14;L46-@15;L78-@13;L78-@14;L78-@15,step4,125899.78457402189,0.0,0.0,,1474.2407264613698,3.271887528805152,False
354,audit_selected,oracle_p75,step7,optimal,,da39a3ee5e,214125.20138695353,True,ma27_optimal,4.777303183800541e-05,-449.55348172147956,71481.11753823077,125866.25404018068,step5,1023.4564914262935,1473.009973147773,3.276606751008048,L46-@12;L46-@13;L46-@14;L46-@15;L78-@12;L78-@13;L78-@14;L78-@15,oracle_p33,72395.94220016332,914.824661932551,0.012798130379582672,L46-@12;L46-@13;L46-@14;L46-@15;L78-@13;L78-@14;L78-@15,step4,125899.7845671157,33.530526935021044,0.00026639806825677826,,1473.009973147773,3.276606751008048,False
308,audit_selected,step6,step4,optimal,,da39a3ee5e,214125.20253206018,False,not_needed,,-449.55343394844,71447.54070892103,125899.78457402198,step5,1023.6626691527367,1473.2161031011767,3.277065620791459,L46-@11;L46-@12;L46-@13;L46-@14;L46-@15;L78-@12;L78-@13;L78-@14;L78-@15,oracle_p33,72395.94229529031,948.4015863692766,0.013274097008224357,L46-@12;L46-@13;L46-@14;L46-@15;L78-@13;L78-@14;L78-@15,step4,125899.78457402198,0.0,0.0,,1473.2161031011767,3.277065620791459,False
547,oracle_p75,audit_selected,oracle_p75,optimal,L46-@11,8b7e44a86e,214294.81899670497,True,ma27_optimal,3.2014213502407074e-10,-180.14152840825534,71418.36584869793,125763.15889165386,step8,417.5581758596458,597.6997042679011,3.3179451154279778,L46-@11;L46-@13;L46-@14;L78-@14,exit,71809.49999999991,391.134151301987,0.005476660613190409,L46-@11;L46-@12;L46-@13;L46-@14;L46-@15;L78-@13;L78-@14;L78-@15,oracle_p75,125763.15889165386,0.0,0.0,L46-@11,597.6997042679011,3.3179451154279778,False
511,oracle_p75,sweep100,oracle_p75,optimal,L46-@11,8b7e44a86e,214292.3735311265,True,ma27_optimal,5.098991096019745e-08,-180.14152840826068,71439.12554446784,125843.61070705773,step8,417.5582435556724,597.699771963933,3.3179454912214705,L46-@11;L46-@13;L46-@14;L78-@14,exit,71809.49999999991,370.3744555320736,0.005184476331552115,L46-@11;L46-@12;L46-@13;L46-@14;L46-@15;L78-@13;L78-@14;L78-@15,oracle_p75,125843.61070705773,0.0,0.0,L46-@11,597.699771963933,3.3179454912214705,False
521,oracle_p75,step3,oracle_p129,optimal,,da39a3ee5e,214394.18071345473,True,ma27_optimal,6.061891326680779e-07,-180.14152840829797,71458.02166368796,125831.47990631728,step8,421.00658424083866,601.1481126491367,3.3370878883996724,L46-@12;L46-@13;L46-@14;L78-@14;L78-@15,sweep100,72038.7420076093,580.7203439213336,0.008126734135664322,L78-@14,oracle_p129,125831.47990631728,0.0,0.0,,601.1481126491367,3.3370878883996724,False
497,oracle_p33,oracle_p75,step4,optimal,L46-@11,8b7e44a86e,213988.5374478718,True,ma27_optimal,0.643310186904273,-521.8562452486078,71516.24475101865,125908.41907436191,oracle_p75,1222.1587393924647,1744.0149846410725,3.3419452205851035,L46-@11;L46-@12;L46-@13;L46-@14;L46-@15;L78-@12;L78-@13;L78-@14;L78-@15,oracle_p33,72581.98663079838,1065.741879779729,0.014902095090284352,L46-@11;L46-@12;L46-@13;L46-@14;L46-@15;L78-@13;L78-@14;L78-@15,step4,125908.41907436191,0.0,0.0,L46-@11,1744.0149846410725,3.3419452205851035,False
160,step5,step3,oracle_p75,optimal,L46-@11,8b7e44a86e,214390.1914363913,True,ma27_optimal,5.698614404536784e-05,-150.8840721248693,71246.56987469498,123003.49702810639,step8,353.446430428656,504.3305025535253,3.3425032573096867,L46-@11;L46-@14;L78-@14,audit_selected,72298.83977547291,1052.2699007779302,0.014769411392416668,L46-@11;L46-@14;L78-@14,oracle_p75,123003.49702810639,0.0,0.0,L46-@11,1052.2699007779302,3.3425032573096867,False
248,step8,step9,exit,optimal,L46-@11;L46-@12;L46-@13;L46-@14;L46-@15;L46-@16;L78-@12;L78-@13;L78-@14;L78-@15;L78-@16,68997349c3,225776.9096501138,True,ma27_optimal,2.114575181622058e-11,1027.5299363998572,77473.78546137497,54687.23451218942,oracle_p33,4501.1560199674705,3473.626083567613,3.3805594956562626,L46-@11;L46-@12;L46-@13;L46-@14;L46-@15;L46-@16;L78-@12;L78-@13;L78-@14;L78-@15;L78-@16,step3,77645.12433553814,171.33887416317884,0.002211572251734116,L46-@11;L46-@12;L46-@13;L46-@14;L46-@15;L46-@16;L78-@12;L78-@13;L78-@14;L78-@15;L78-@16,oracle_p129,125831.57904297426,71144.34453078485,1.3009314726808365,,71144.34453078485,3.3805594956562626,False
230,step8,step3,exit,optimal,L46-@11;L46-@12;L46-@13;L46-@14;L46-@15;L46-@16;L78-@12;L78-@13;L78-@14;L78-@15;L78-@16,68997349c3,225603.77624668536,False,not_needed,,1027.5299363999234,77645.12433553814,54687.234512187104,oracle_p33,4501.15602321384,3473.6260868139166,3.3805594988153724,L46-@11;L46-@12;L46-@13;L46-@14;L46-@15;L46-@16;L78-@12;L78-@13;L78-@14;L78-@15;L78-@16,step3,77645.12433553814,0.0,0.0,L46-@11;L46-@12;L46-@13;L46-@14;L46-@15;L46-@16;L78-@12;L78-@13;L78-@14;L78-@15;L78-@16,oracle_p33,120019.64844473252,65332.413932545416,1.1946556543828528,,65332.413932545416,3.3805594988153724,False
284,step8,oracle_p75,exit,optimal,L46-@11;L46-@12;L46-@13;L46-@14;L46-@15;L46-@16;L78-@12;L78-@13;L78-@14;L78-@15;L78-@16,68997349c3,226303.86233828258,False,not_needed,,1027.5299363998402,77060.81182635743,54687.234512186864,oracle_p33,4501.15602321411,3473.62608681427,3.38055949881599,L46-@11;L46-@12;L46-@13;L46-@14;L46-@15;L46-@16;L78-@12;L78-@13;L78-@14;L78-@15;L78-@16,step3,77645.12433553814,584.312509180716,0.007582485771073348,L46-@11;L46-@12;L46-@13;L46-@14;L46-@15;L46-@16;L78-@12;L78-@13;L78-@14;L78-@15;L78-@16,oracle_p33,122054.49309120918,67367.25857902231,1.2318644228391133,,67367.25857902231,3.38055949881599,False
239,step8,step6,exit,optimal,L46-@11;L46-@12;L46-@13;L46-@14;L46-@15;L46-@16;L78-@12;L78-@13;L78-@14;L78-@15;L78-@16,68997349c3,225802.8545450365,False,not_needed,,1027.5299363998245,77461.0418037721,54687.23451218992,oracle_p33,4501.15602321446,3473.6260868146355,3.380559498816398,L46-@11;L46-@12;L46-@13;L46-@14;L46-@15;L46-@16;L78-@12;L78-@13;L78-@14;L78-@15;L78-@16,step3,77645.12433553814,184.08253176604921,0.002376453085053718,L46-@11;L46-@12;L46-@13;L46-@14;L46-@15;L46-@16;L78-@12;L78-@13;L78-@14;L78-@15;L78-@16,oracle_p75,123003.49708496177,68316.26257277184,1.2492177229686752,L46-@11,68316.26257277184,3.380559498816398,False
257,step8,audit_selected,exit,optimal,L46-@11;L46-@12;L46-@13;L46-@14;L46-@15;L46-@16;L78-@12;L78-@13;L78-@14;L78-@15,9ba55a9bfc,225326.5151815859,False,not_needed,,1027.5299145501413,77485.16188232359,62321.8664634137,oracle_p33,4501.156023213949,3473.626108663808,3.3805595919653415,L46-@11;L46-@12;L46-@13;L46-@14;L46-@15;L46-@16;L78-@12;L78-@13;L78-@14;L78-@15,step3,77645.12433553814,159.96245321455353,0.0020644269086962466,L46-@11;L46-@12;L46-@13;L46-@14;L46-@15;L46-@16;L78-@12;L78-@13;L78-@14;L78-@15;L78-@16,oracle_p33,118750.59310978862,56428.72664637492,0.9054402547379037,,56428.72664637492,3.3805595919653415,False
261,step8,exit,sweep100,optimal,L46-@11;L46-@12;L46-@13;L46-@14;L46-@15;L46-@16;L78-@12;L78-@13;L78-@14;L78-@15;L78-@16,68997349c3,223392.59345590562,False,not_needed,,1027.5299100391996,72956.62500000032,60184.839220635244,oracle_p33,4501.156019966533,3473.6261099273333,3.3805596080359517,L46-@11;L46-@12;L46-@13;L46-@14;L46-@15;L46-@16;L78-@12;L78-@13;L78-@14;L78-@15;L78-@16,sweep100,75563.45627108683,2606.831271086514,0.035731248136636015,L46-@11;L46-@12;L46-@13;L46-@14;L46-@15;L46-@16;L78-@12;L78-@13;L78-@14;L78-@15;L78-@16,oracle_p33,98889.33916317491,38704.49994253967,0.6430938496097082,L46-@11;L46-@12;L46-@13;L46-@14;L46-@15;L78-@13;L78-@14,38704.49994253967,3.3805596080359517,False
221,step8,sweep100,exit,optimal,L46-@11;L46-@12;L46-@13;L46-@14;L46-@15;L46-@16;L78-@12;L78-@13;L78-@14;L78-@15;L78-@16,68997349c3,225330.07969444385,False,not_needed,,1027.5299072390321,77136.81928205249,56886.534411709246,oracle_p33,4501.156023213956,3473.6261159749242,3.380559623134027,L46-@11;L46-@12;L46-@13;L46-@14;L46-@15;L46-@16;L78-@12;L78-@13;L78-@14;L78-@15;L78-@16,step3,77645.12433553814,508.3050534856593,0.006589655345095714,L46-@11;L46-@12;L46-@13;L46-@14;L46-@15;L46-@16;L78-@12;L78-@13;L78-@14;L78-@15;L78-@16,oracle_p33,118750.59324649685,61864.058834787604,1.0874991678532242,,61864.058834787604,3.380559623134027,False
75,step2,sweep100,step7,optimal,,da39a3ee5e,214224.32782233634,True,ma27_optimal,6.579793989658356e-06,-304.28084853933524,71405.93438501877,125866.25406806402,oracle_p75,726.2173698690501,1030.4982184083854,3.3866680185597353,L46-@12;L46-@13;L46-@14;L78-@14;L78-@15,exit,72022.16894255497,616.2345575361978,0.008630018819072915,L46-@12;L46-@13;L46-@14;L46-@15;L78-@12;L78-@13;L78-@14;L78-@15,step4,125899.78457402148,33.530505957460264,0.0002663979015322737,,1030.4982184083854,3.3866680185597353,False
111,step2,audit_selected,step7,optimal,,da39a3ee5e,214226.7741513236,True,ma27_optimal,6.454618414863944e-06,-304.28084853231235,71407.38005904695,125866.25406818924,oracle_p75,726.2180999916004,1030.4989485239128,3.3866704181169704,L46-@12;L46-@13;L46-@14;L78-@14;L78-@15,exit,72022.16894255497,614.788883508023,0.008609598657724909,L46-@12;L46-@13;L46-@14;L46-@15;L78-@12;L78-@13;L78-@14;L78-@15,step4,125899.78451729336,33.530449104117,0.0002663974498355338,,1030.4989485239128,3.3866704181169704,False
110,step2,audit_selected,step4,optimal,,da39a3ee5e,214293.9764643267,True,ma27_optimal,5.6738004786893725e-05,-304.28085798459574,71407.38001252312,125899.78451729336,step8,748.8025985547258,1053.0834565393216,3.4608928853244985,L46-@12;L46-@13;L46-@14;L78-@13;L78-@14;L78-@15,oracle_p75,72910.01993369835,1502.6399211752287,0.0210432019899302,L46-@11;L46-@12;L46-@13;L46-@14;L46-@15,step4,125899.78451729336,0.0,0.0,,1502.6399211752287,3.4608928853244985,False
262,step8,exit,step1,optimal,L46-@12;L46-@13;L46-@14;L46-@15;L78-@12;L78-@13;L78-@14;L78-@15,fd4d461036,221412.30133515707,False,not_needed,,957.6228761232994,71959.12500000017,73468.95587815209,oracle_p33,4333.740540179313,3376.1176640560134,3.525519020309326,L46-@12;L46-@13;L46-@14;L46-@15;L78-@12;L78-@13;L78-@14;L78-@15,step3,75075.26695108466,3116.141951084486,0.043304333551644474,L46-@12;L46-@13;L46-@14;L46-@15;L78-@12;L78-@13;L78-@14;L78-@15,oracle_p33,98889.33916317491,25420.38328502282,0.3460016952899454,L46-@11;L46-@12;L46-@13;L46-@14;L46-@15;L78-@13;L78-@14,25420.38328502282,3.525519020309326,False
265,step8,exit,audit_selected,optimal,L46-@12;L46-@13;L46-@14;L46-@15;L78-@12;L78-@13;L78-@14;L78-@15,fd4d461036,221462.43774905032,False,not_needed,,957.6228761232796,71959.12500000035,73430.06759422932,oracle_p33,4333.74054017928,3376.1176640560006,3.5255190203093854,L46-@12;L46-@13;L46-@14;L46-@15;L78-@12;L78-@13;L78-@14;L78-@15,step3,75075.26695154449,3116.1419515441376,0.043304333558032045,L46-@12;L46-@13;L46-@14;L46-@15;L78-@12;L78-@13;L78-@14;L78-@15,oracle_p33,98889.33916317491,25459.271568945594,0.346714532657551,L46-@11;L46-@12;L46-@13;L46-@14;L46-@15;L78-@13;L78-@14,25459.271568945594,3.5255190203093854,False
469,oracle_p33,audit_selected,step1,optimal,,da39a3ee5e,214214.5455545749,True,ma27_optimal,8.89136572368443e-06,-521.8562450575675,71041.71122562166,122586.39588904576,oracle_p75,1338.1810036287977,1860.0372486863653,3.564271322423628,L46-@12;L46-@13;L46-@14;L46-@15;L78-@12;L78-@13;L78-@14;L78-@15,oracle_p33,71562.06890771467,520.357682093003,0.00732467832088668,L46-@12;L46-@13;L46-@14;L46-@15;L78-@12;L78-@13;L78-@14;L78-@15,sweep100,122797.09108624716,210.6951972014067,0.001718748607244389,,1860.0372486863653,3.564271322423628,False
339,audit_selected,exit,oracle_p33,optimal,L46-@14,4da644c89c,214029.42719668924,False,not_needed,,-408.9043795007676,71881.48134007801,125243.41486786678,step5,1049.605891233478,1458.5102707342455,3.566873684539511,L46-@11;L46-@12;L46-@13;L46-@14;L46-@15;L78-@13;L78-@14,oracle_p33,72293.01242418475,411.5310841067403,0.005725133600958336,L46-@13;L46-@14,oracle_p33,125243.41486786678,0.0,0.0,L46-@14,1458.5102707342455,3.566873684539511,False
102,step2,step9,step7,optimal,,da39a3ee5e,214253.98211268696,False,not_needed,,-304.280846482226,71437.81663413653,125866.22966662035,step8,791.593408440131,1095.874254922357,3.601522302805775,L46-@12;L46-@13;L46-@14;L46-@15;L78-@12;L78-@13;L78-@14;L78-@15,exit,72022.16894255497,584.3523084184417,0.008179873573280642,L46-@12;L46-@13;L46-@14;L46-@15;L78-@12;L78-@13;L78-@14;L78-@15,step4,125909.01007450257,42.78040788222279,0.0003398878952323788,L46-@11,1095.874254922357,3.601522302805775,False
101,step2,step9,step4,optimal,L46-@11,8b7e44a86e,214321.18775268388,True,ma27_optimal,0.033722770705935545,-304.2808482339972,71473.01949675566,125909.01007450257,step8,791.5936994045878,1095.874547638585,3.6015232440650973,L46-@11;L46-@12;L46-@13;L46-@14;L46-@15;L78-@12;L78-@13;L78-@14;L78-@15,oracle_p75,72910.01993369835,1437.0004369426897,0.020105495011413625,L46-@11;L46-@12;L46-@13;L46-@14;L46-@15,step4,125909.01007450257,0.0,0.0,L46-@11,1437.0004369426897,3.6015232440650973,False
264,step8,exit,step7,optimal,L46-@12;L46-@13;L46-@14;L46-@15;L78-@12;L78-@13;L78-@14;L78-@15,fd4d461036,219070.4198889155,False,not_needed,,877.454267794091,72022.17732225027,78289.31382644031,oracle_p33,4063.3832059080833,3185.9289381139924,3.630877477094479,L46-@12;L46-@13;L46-@14;L78-@13;L78-@14;L78-@15,step9,75514.83040974595,3492.6530874956807,0.048494133575946105,L46-@12;L46-@13;L46-@14;L46-@15;L78-@12;L78-@13;L78-@14;L78-@15,oracle_p33,98889.33916317491,20600.0253367346,0.26312691132282534,L46-@11;L46-@12;L46-@13;L46-@14;L46-@15;L78-@13;L78-@14,20600.0253367346,3.630877477094479,False
263,step8,exit,step4,optimal,L46-@11;L46-@12;L46-@13;L46-@14;L46-@15;L78-@12;L78-@13;L78-@14;L78-@15,134084a305,219514.035383678,False,not_needed,,877.4542679977569,72057.3635073485,77955.55263646423,oracle_p33,4063.39535518352,3185.9410871857635,3.6308913220693433,L46-@11;L46-@12;L46-@13;L46-@14;L78-@13;L78-@14;L78-@15,step9,75549.46117086754,3492.097663519031,0.048462745423136416,L46-@11;L46-@12;L46-@13;L46-@14;L46-@15;L78-@12;L78-@13;L78-@14;L78-@15,oracle_p33,98889.33916317491,20933.786526710683,0.26853489993628454,L46-@11;L46-@12;L46-@13;L46-@14;L46-@15;L78-@13;L78-@14,20933.786526710683,3.6308913220693433,False
74,step2,sweep100,step4,optimal,,da39a3ee5e,214291.53002592002,False,not_needed,,-304.2808464821903,71405.93438658293,125899.78457402148,step8,807.6459634044866,1111.926809886677,3.654278022234168,L46-@12;L46-@13;L46-@14;L78-@13;L78-@14;L78-@15,oracle_p75,72910.01993369835,1504.085547115421,0.0210638731925625,L46-@11;L46-@12;L46-@13;L46-@14;L46-@15,step4,125899.78457402148,0.0,0.0,,1504.085547115421,3.654278022234168,False
143,step2,oracle_p75,oracle_p129,optimal,,da39a3ee5e,214285.08064594772,True,ma27_optimal,0.09618748926732223,-304.28085809810773,71479.88226080677,125831.41305129764,step8,817.0155182180233,1121.296376316131,3.6850703765091826,L46-@12;L46-@13;L46-@14;L46-@15;L78-@12;L78-@13;L78-@14;L78-@15,exit,72020.9477419974,541.0654811906279,0.007569479188794079,L46-@12;L46-@13;L46-@14;L46-@15;L78-@12;L78-@13;L78-@14;L78-@15,step7,125865.66183209875,34.24878080110648,0.0002721798950723401,,1121.296376316131,3.6850703765091826,False
270,step8,oracle_p33,sweep100,optimal,L46-@11;L46-@12;L46-@13;L46-@14;L46-@15;L46-@16;L78-@12;L78-@13;L78-@14;L78-@15;L78-@16,68997349c3,223249.14250902928,False,not_needed,,957.6228865355986,72261.26344756127,59482.448887667,oracle_p33,4501.156019416856,3543.533132881257,3.700342987520621,L46-@11;L46-@12;L46-@13;L46-@14;L46-@15;L46-@16;L78-@12;L78-@13;L78-@14;L78-@15;L78-@16,sweep100,75563.45627108683,3302.192823525562,0.045697966877120896,L46-@11;L46-@12;L46-@13;L46-@14;L46-@15;L46-@16;L78-@12;L78-@13;L78-@14;L78-@15;L78-@16,oracle_p33,99735.5776788797,40253.12879121269,0.6767227904021066,L46-@11;L46-@12;L46-@13;L46-@14;L46-@15;L78-@13;L78-@14,40253.12879121269,3.700342987520621,False
274,step8,oracle_p33,audit_selected,optimal,L46-@12;L46-@13;L46-@14;L46-@15;L78-@12;L78-@13;L78-@14;L78-@15,fd4d461036,221342.06982924393,True,ma27_optimal,0.00014580701167687948,957.6227303162605,71946.26328590892,73430.06752393277,oracle_p33,4501.156019237755,3543.533288921494,3.7003437541120414,L46-@12;L46-@13;L46-@14;L46-@15;L78-@12;L78-@13;L78-@14;L78-@15,step3,75075.26695154449,3129.003665635566,0.04349084334235881,L46-@12;L46-@13;L46-@14;L46-@15;L78-@12;L78-@13;L78-@14;L78-@15,oracle_p33,99735.5776788797,26305.510154946925,0.3582389481852686,L46-@11;L46-@12;L46-@13;L46-@14;L46-@15;L78-@13;L78-@14,26305.510154946925,3.7003437541120414,False
271,step8,oracle_p33,step1,optimal,L46-@12;L46-@13;L46-@14;L46-@15;L78-@12;L78-@13;L78-@14;L78-@15,fd4d461036,221291.93334209322,True,ma27_optimal,0.00014581210257347266,957.6227303111648,71946.26328513949,73468.95587865145,oracle_p33,4501.15601924129,3543.5332889301253,3.7003437541407447,L46-@12;L46-@13;L46-@14;L46-@15;L78-@12;L78-@13;L78-@14;L78-@15,step3,75075.26695108466,3129.0036659451725,0.043490843347127224,L46-@12;L46-@13;L46-@14;L46-@15;L78-@12;L78-@13;L78-@14;L78-@15,oracle_p33,99735.5776788797,26266.62180022824,0.3575200094528739,L46-@11;L46-@12;L46-@13;L46-@14;L46-@15;L78-@13;L78-@14,26266.62180022824,3.7003437541407447,False
65,sweep100,oracle_p75,step4,optimal,,da39a3ee5e,214189.03416012815,True,ma27_optimal,5.553106893785298e-05,-450.57805803832434,71481.11753839122,125899.7845184905,oracle_p75,1222.1587393924647,1672.736797430789,3.712424001988381,L46-@11;L46-@12;L46-@13;L46-@14;L46-@15;L78-@12;L78-@13;L78-@14;L78-@15,oracle_p33,72395.94220481541,914.8246664241888,0.012798130442390648,L46-@12;L46-@13;L46-@14;L46-@15;L78-@13;L78-@14;L78-@15,step4,125899.7845184905,0.0,0.0,,1672.736797430789,3.712424001988381,False
353,audit_selected,oracle_p75,step4,optimal,,da39a3ee5e,214192.40351992048,True,ma27_optimal,2.06740660360083e-05,-449.5534348405415,71481.11753836794,125899.7845671157,oracle_p75,1222.1587393924647,1671.7121742330062,3.71860616486218,L46-@11;L46-@12;L46-@13;L46-@14;L46-@15;L78-@12;L78-@13;L78-@14;L78-@15,oracle_p33,72395.94229529031,914.824756922375,0.012798131708438064,L46-@12;L46-@13;L46-@14;L46-@15;L78-@13;L78-@14;L78-@15,step4,125899.7845671157,0.0,0.0,,1671.7121742330062,3.71860616486218,False
151,step5,sweep100,oracle_p75,optimal,L46-@11;L46-@14;L78-@14,5eda32166c,214340.21798583397,True,ma27_optimal,0.27574738062685356,-150.87095287464007,71439.16842709538,125843.32437390338,step8,417.5582435556724,568.4291964303125,3.767651662561083,L46-@11;L46-@13;L46-@14;L78-@14,audit_selected,72298.83977547291,859.6713483775238,0.012033613594688323,L46-@11;L46-@14;L78-@14,oracle_p75,125843.32437390338,0.0,0.0,L46-@11;L46-@14;L78-@14,859.6713483775238,3.767651662561083,False
93,step2,step6,step7,optimal,,da39a3ee5e,214257.46214481548,True,ma27_optimal,0.13290594940190203,-304.28084824212533,71447.52401275937,125866.11197420464,step8,868.4035258254562,1172.6843740675815,3.8539539403887875,L46-@12;L46-@13;L46-@14;L78-@12;L78-@13;L78-@14;L78-@15,exit,72022.16894255497,574.6449297955987,0.008042894946128244,L46-@12;L46-@13;L46-@14;L46-@15;L78-@12;L78-@13;L78-@14;L78-@15,step4,125908.94143211239,42.82945790774829,0.0003402779130615068,L46-@11,1172.6843740675815,3.8539539403887875,False
37,sweep100,audit_selected,step1,optimal,L46-@14;L78-@14,3dad8f83cf,214370.7313437727,False,not_needed,,271.72505022700943,72287.86506392184,119077.79430309638,oracle_p75,1338.1810036287977,1066.4559534017883,3.924761270669857,L46-@12;L46-@13;L46-@14;L46-@15;L78-@12;L78-@13;L78-@14;L78-@15,audit_selected,72287.86506392184,0.0,0.0,L46-@14;L78-@14,step4,125899.7845740222,6821.990270925817,0.057290196806646966,,6821.990270925817,3.924761270669857,False
530,oracle_p75,step6,oracle_p129,optimal,,da39a3ee5e,214420.88340475,True,ma27_optimal,3.3163814805448055e-07,-180.14152840829934,71446.31473901721,125831.47990700367,step8,534.6155526632785,714.7570810715779,3.9677529517321903,L46-@12;L78-@13;L78-@14;L78-@15,sweep100,72038.7420076093,592.4272685920878,0.008291921994243324,L78-@14,step7,125866.07653523648,34.59662823281542,0.00027494414162802675,,714.7570810715779,3.9677529517321903,False
83,step2,step3,step4,optimal,L46-@11,8b7e44a86e,214297.96515252924,True,ma27_optimal,2.3570841269684024,-304.2808580632018,71494.17843757008,125906.707390228,step5,946.4358563045669,1250.7167143677686,4.110402219609831,L46-@11;L46-@12;L46-@13;L46-@14;L78-@13;L78-@14;L78-@15,oracle_p75,72910.01993369835,1415.8414961282688,0.01980359138422166,L46-@11;L46-@12;L46-@13;L46-@14;L46-@15,step4,125906.707390228,0.0,0.0,L46-@11,1415.8414961282688,4.110402219609831,False
266,step8,exit,exit,optimal,L46-@11;L46-@12;L46-@13;L46-@14;L46-@15;L46-@16;L78-@12;L78-@13;L78-@14;L78-@15;L78-@16,68997349c3,230716.76971460815,False,not_needed,,1027.5299363998206,73597.12499999725,54687.234512192146,oracle_p33,5270.1100243488,4242.58008794898,4.128911419178503,L46-@11;L46-@12;L46-@13;L46-@14;L46-@15;L46-@16;L78-@12;L78-@13;L78-@14;L78-@15;L78-@16,step3,77645.12433553814,4047.999335540895,0.05500213949309904,L46-@11;L46-@12;L46-@13;L46-@14;L46-@15;L46-@16;L78-@12;L78-@13;L78-@14;L78-@15;L78-@16,oracle_p33,98889.33916317491,44202.104650982765,0.8082709803350581,L46-@11;L46-@12;L46-@13;L46-@14;L46-@15;L78-@13;L78-@14,44202.104650982765,4.128911419178503,False
275,step8,oracle_p33,exit,optimal,L46-@11;L46-@12;L46-@13;L46-@14;L46-@15;L46-@16;L78-@12;L78-@13;L78-@14;L78-@15;L78-@16,68997349c3,230563.5318779224,False,not_needed,,1027.529936399842,73617.13298088391,54687.23451219078,oracle_p33,5270.110030745795,4242.580094345953,4.128911425404,L46-@11;L46-@12;L46-@13;L46-@14;L46-@15;L46-@16;L78-@12;L78-@13;L78-@14;L78-@15;L78-@16,step3,77645.12433553814,4027.9913546542375,0.05471540647610092,L46-@11;L46-@12;L46-@13;L46-@14;L46-@15;L46-@16;L78-@12;L78-@13;L78-@14;L78-@15;L78-@16,oracle_p33,99735.5776788797,45048.343166688916,0.8237451311721902,L46-@11;L46-@12;L46-@13;L46-@14;L46-@15;L78-@13;L78-@14,45048.343166688916,4.128911425404,False
138,step2,oracle_p75,step7,optimal,,da39a3ee5e,214324.663113327,True,ma27_optimal,0.5867714140622411,-304.28084849829656,71481.04797477937,125865.66183209875,step5,1023.4564914262935,1327.73733992459,4.363525823190358,L46-@12;L46-@13;L46-@14;L46-@15;L78-@12;L78-@13;L78-@14;L78-@15,exit,72022.16894255497,541.1209677755978,0.00757013198752376,L46-@12;L46-@13;L46-@14;L46-@15;L78-@12;L78-@13;L78-@14;L78-@15,step7,125865.66183209875,0.0,0.0,,1327.73733992459,4.363525823190358,False
92,step2,step6,step4,optimal,L46-@11,8b7e44a86e,214324.6677830514,True,ma27_optimal,0.08331511718279216,-304.28084823397967,71482.7323320392,125908.94143211239,step5,1023.6626691527367,1327.9435173867164,4.364203416330631,L46-@11;L46-@12;L46-@13;L46-@14;L46-@15;L78-@12;L78-@13;L78-@14;L78-@15,oracle_p75,72910.01993369835,1427.2876016591472,0.019966886478672334,L46-@11;L46-@12;L46-@13;L46-@14;L46-@15,step4,125908.94143211239,0.0,0.0,L46-@11,1427.2876016591472,4.364203416330631,False
170,step5,step6,oracle_p129,optimal,,da39a3ee5e,214468.7278592752,True,ma27_optimal,0.22237818303983659,-150.88407210080032,71446.26831312689,125831.25752816995,step8,534.6155526632785,685.4996247640788,4.543220601218402,L46-@12;L78-@13;L78-@14;L78-@15,step3,72174.08951485611,727.8212017292244,0.010186972936632734,L78-@14,step7,125865.87236883077,34.61484066081175,0.000275089364445575,L46-@12;L46-@13;L46-@15;L78-@13;L78-@14;L78-@15,727.8212017292244,4.543220601218402,False
442,oracle_p33,step3,step1,optimal,,da39a3ee5e,214262.414779588,True,ma27_optimal,4.66525534648099e-06,-521.8562481831075,71049.69488142186,122586.39588474773,step2,2063.930562005221,2585.7868101883287,4.954979113867072,L46-@12;L46-@13;L46-@14;L46-@15;L78-@12;L78-@13;L78-@14;L78-@15,oracle_p33,71562.06890771467,512.374026292804,0.0072114880598421836,L46-@12;L46-@13;L46-@14;L46-@15;L78-@12;L78-@13;L78-@14;L78-@15,sweep100,122797.09108180007,210.69519705233688,0.0017187486060886116,,2585.7868101883287,4.954979113867072,False
460,oracle_p33,step9,step1,optimal,,da39a3ee5e,214285.63743805737,True,ma27_optimal,4.105189873371273e-06,-521.856247623042,71028.26674996843,122586.39588015269,step2,2064.3740511628716,2586.230298785914,4.955828948231838,L46-@12;L46-@13;L46-@14;L46-@15;L78-@12;L78-@13;L78-@14;L78-@15,oracle_p33,71562.06890771467,533.802157746235,0.0075153482151733945,L46-@12;L46-@13;L46-@14;L46-@15;L78-@12;L78-@13;L78-@14;L78-@15,step4,125909.03100246639,3322.6351223137026,0.02710443600578727,L46-@11,3322.6351223137026,4.955828948231838,False
463,oracle_p33,step9,audit_selected,optimal,,da39a3ee5e,214293.8432448008,False,not_needed,,-521.8562435178917,71028.2667499694,122589.43819927558,step2,2064.3740511624846,2586.2302946803766,4.955828979349383,L46-@12;L46-@13;L46-@14;L46-@15;L78-@12;L78-@13;L78-@14;L78-@15,oracle_p33,71562.06890849606,533.8021585266542,0.007515348226160737,L46-@12;L46-@13;L46-@14;L46-@15;L78-@12;L78-@13;L78-@14;L78-@15,step4,125909.03100246639,3319.5928031908115,0.027078946212271884,L46-@11,3319.5928031908115,4.955828979349383,False
433,oracle_p33,sweep100,step1,optimal,,da39a3ee5e,214212.09912861022,True,ma27_optimal,4.105196239834186e-06,-521.8562476230611,71040.26564930043,122586.39588021494,step2,2237.596315883937,2759.4525635069986,5.287763778005322,L46-@12;L46-@13;L46-@14;L78-@13;L78-@14;L78-@15,oracle_p33,71562.06890771467,521.8032584142347,0.007345176058183464,L46-@12;L46-@13;L46-@14;L46-@15;L78-@12;L78-@13;L78-@14;L78-@15,audit_selected,124304.5952626175,1718.1993824025558,0.01401623214440117,,2759.4525635069986,5.287763778005322,False
472,oracle_p33,audit_selected,audit_selected,optimal,,da39a3ee5e,214222.75149896299,True,ma27_optimal,6.386828317772597e-05,-521.856248185559,71041.7111622836,122589.43814753744,step2,2237.599252645595,2759.4555008311536,5.287769400913564,L46-@12;L46-@13;L46-@14;L78-@12;L78-@13;L78-@14;L78-@15,oracle_p33,71562.06890849606,520.3577462124667,0.007324679229977885,L46-@12;L46-@13;L46-@14;L46-@15;L78-@12;L78-@13;L78-@14;L78-@15,sweep100,122797.09108624716,207.65293870972528,0.001693889309287911,,2759.4555008311536,5.287769400913564,False
436,oracle_p33,sweep100,audit_selected,optimal,,da39a3ee5e,214220.5235449957,True,ma27_optimal,0.006667119596386328,-521.856245068502,71174.7651763665,124304.5952626175,step2,2237.5992487899853,2759.455493858487,5.2877694191362306,L46-@12;L46-@13;L46-@14;L78-@12;L78-@13;L78-@14;L78-@15,oracle_p33,71562.06890849606,387.303732129556,0.005441587775805683,L46-@12;L46-@13;L46-@14;L46-@15;L78-@12;L78-@13;L78-@14;L78-@15,audit_selected,124304.5952626175,0.0,0.0,,2759.455493858487,5.2877694191362306,False
534,oracle_p75,step9,step7,optimal,,da39a3ee5e,214456.9859214621,True,ma27_optimal,0.5446766663517337,-180.141528408079,71437.7526901093,125865.68541258729,step8,791.593408440131,971.73493684821,5.394286067379839,L46-@12;L46-@13;L46-@14;L46-@15;L78-@12;L78-@13;L78-@14;L78-@15,sweep100,73380.60207754362,1942.8493874343258,0.027196395662979992,L46-@12;L46-@13;L46-@14;L78-@14;L78-@15,step7,125865.68541258729,0.0,0.0,,1942.8493874343258,5.394286067379839,False
484,oracle_p33,exit,oracle_p75,optimal,L46-@11,8b7e44a86e,214421.8259214856,True,ma27_optimal,2.9770104447379708e-05,-521.8562476228278,71625.74999999742,123003.49705532231,audit_selected,2316.4727292633124,2838.3289768861405,5.438909641908793,L46-@12;L46-@13;L46-@14;L78-@13;L78-@14;L78-@15,exit,71625.74999999742,0.0,0.0,L46-@11,oracle_p75,123003.49705532231,0.0,0.0,L46-@11,2838.3289768861405,5.438909641908793,False
575,oracle_p75,oracle_p75,oracle_p129,optimal,,da39a3ee5e,214488.08437043804,True,ma27_optimal,3.7517747841775417e-07,-180.14152840819645,71479.89495774958,125831.50857656213,step8,817.0155182180233,997.1570466262198,5.53540904997034,L46-@12;L46-@13;L46-@14;L46-@15;L78-@12;L78-@13;L78-@14;L78-@15,sweep100,72038.7420076093,558.8470498597162,0.007818241061910348,L78-@14,oracle_p129,125831.50857656213,0.0,0.0,,997.1570466262198,5.53540904997034,False
493,oracle_p33,oracle_p33,oracle_p75,optimal,L46-@11,8b7e44a86e,214339.152159364,True,ma27_optimal,5.794760363642126e-05,-521.8562474896291,71575.19390089739,123003.49702714472,step2,2483.1253634951163,3004.981610984745,5.75825550702919,L46-@11;L46-@12;L46-@13;L46-@14;L46-@15;L78-@13;L78-@14;L78-@15,exit,71625.74999999742,50.55609910003841,0.0007063354822347824,L46-@11,oracle_p75,123003.49702714472,0.0,0.0,L46-@11,3004.981610984745,5.75825550702919,False
445,oracle_p33,step3,audit_selected,optimal,,da39a3ee5e,214270.62058729405,True,ma27_optimal,1.0369112715125084e-05,-521.8562450389043,71049.69488338567,122589.4382096449,step2,2483.125360835713,3004.9816058746173,5.758255524278715,L46-@12;L46-@13;L46-@14;L46-@15;L78-@12;L78-@13;L78-@14;L78-@15,oracle_p33,71562.06890849606,512.3740251103882,0.007211488043000761,L46-@12;L46-@13;L46-@14;L46-@15;L78-@12;L78-@13;L78-@14;L78-@15,sweep100,122797.09108180007,207.6528721551731,0.0016938887655236494,,3004.9816058746173,5.758255524278715,False
496,oracle_p33,oracle_p75,step1,optimal,,da39a3ee5e,214356.31845584093,True,ma27_optimal,2.844860136974603e-05,-521.8562495610993,71071.56478692235,122586.39588900689,step2,2483.1254267144477,3004.981676275547,5.758255609284836,L46-@12;L46-@13;L46-@14;L46-@15;L78-@12;L78-@13;L78-@14;L78-@15,oracle_p33,71562.06890771467,490.50412079232046,0.0069015522911713995,L46-@12;L46-@13;L46-@14;L46-@15;L78-@12;L78-@13;L78-@14;L78-@15,step4,125908.41907436191,3322.0231853550213,0.027099444120723418,L46-@11,3322.0231853550213,5.758255609284836,False
499,oracle_p33,oracle_p75,audit_selected,optimal,,da39a3ee5e,214364.52433205693,True,ma27_optimal,5.503049760591239e-05,-521.8562480954904,71071.56478976145,122589.43814424533,step2,2483.1254269300553,3004.981675025546,5.75825562306133,L46-@12;L46-@13;L46-@14;L46-@15;L78-@12;L78-@13;L78-@14;L78-@15,oracle_p33,71562.06890849606,490.5041187346069,0.006901552261943004,L46-@12;L46-@13;L46-@14;L46-@15;L78-@12;L78-@13;L78-@14;L78-@15,step4,125908.41907436191,3318.9809301165806,0.02707395498632834,L46-@11,3318.9809301165806,5.75825562306133,False
451,oracle_p33,step6,step1,optimal,,da39a3ee5e,214289.1174684242,True,ma27_optimal,4.105178959434852e-06,-521.8562476230297,71037.98795692147,122586.39588015268,step2,2483.1254277049684,3004.9816753279983,5.758255628854116,L46-@12;L46-@13;L46-@14;L46-@15;L78-@12;L78-@13;L78-@14;L78-@15,oracle_p33,71562.06890771467,524.080950793199,0.007377474586006149,L46-@12;L46-@13;L46-@14;L46-@15;L78-@12;L78-@13;L78-@14;L78-@15,step4,125908.93887515494,3322.5429950022663,0.027103684476135266,L46-@11,3322.5429950022663,5.758255628854116,False
454,oracle_p33,step6,audit_selected,optimal,,da39a3ee5e,214297.32327602597,True,ma27_optimal,8.578922461310867e-07,-521.8562443757444,71037.9879569221,122589.43819927535,step2,2483.125427705124,3004.9816720808685,5.758255658462978,L46-@12;L46-@13;L46-@14;L46-@15;L78-@12;L78-@13;L78-@14;L78-@15,oracle_p33,71562.06890849606,524.0809515739675,0.0073774745969969425,L46-@12;L46-@13;L46-@14;L46-@15;L78-@12;L78-@13;L78-@14;L78-@15,step4,125908.93887515494,3319.5006758795935,0.027078194701272526,L46-@11,3319.5006758795935,5.758255658462978,False
525,oracle_p75,step6,step7,optimal,,da39a3ee5e,214460.46592312955,True,ma27_optimal,0.16902756293711718,-180.14152840824704,71447.51984884034,125866.07653523648,step8,868.4035258254562,1048.5450542337032,5.820673686399676,L46-@12;L46-@13;L46-@14;L78-@12;L78-@13;L78-@14;L78-@15,sweep100,73380.60207754362,1933.0822287032788,0.027055973850359686,L46-@12;L46-@13;L46-@14;L78-@14;L78-@15,step7,125866.07653523648,0.0,0.0,,1933.0822287032788,5.820673686399676,False
1,sweep100,sweep100,step1,optimal,L46-@14;L78-@14,3dad8f83cf,214366.24735371268,False,not_needed,,-450.5711176712043,71405.9302823301,126162.67740585291,step2,2237.596315883937,2688.1674335551415,5.966133487315049,L46-@12;L46-@13;L46-@14;L78-@13;L78-@14;L78-@15,audit_selected,72287.86506392184,881.9347815917426,0.012351001914052279,L46-@14;L78-@14,step1,126162.67740585291,0.0,0.0,L46-@14;L78-@14,2688.1674335551415,5.966133487315049,False
4,sweep100,sweep100,audit_selected,optimal,,da39a3ee5e,214374.39157491032,False,not_needed,,-447.64059024058497,71383.01098096557,125941.72525686698,step2,2237.5992487899853,2685.2398390305702,5.998651368025819,L46-@12;L46-@13;L46-@14;L78-@12;L78-@13;L78-@14;L78-@15,audit_selected,72263.4481719881,880.4371910225309,0.012333987862424315,L46-@14;L78-@14,step1,126162.67740585291,220.95214898593258,0.0017543998903880758,L46-@14;L78-@14,2685.2398390305702,5.998651368025819,False
10,sweep100,step3,step1,optimal,,da39a3ee5e,214416.05710884114,True,ma27_optimal,3.487846697680652e-06,-403.7202966200739,71049.69488158161,122586.39588363962,step2,2063.930562005221,2467.650858625295,6.1122784246527715,L46-@12;L46-@13;L46-@14;L46-@15;L78-@12;L78-@13;L78-@14;L78-@15,audit_selected,72287.86506392184,1238.1701823402254,0.017426819135590677,L46-@14;L78-@14,step4,125899.78456772242,3313.3886840828054,0.027029008073847862,,3313.3886840828054,6.1122784246527715,False
28,sweep100,step9,step1,optimal,,da39a3ee5e,214439.2797671041,True,ma27_optimal,7.610651664435863e-09,-403.72029579503624,71028.26674996527,122586.39588015997,step2,2064.3740511628716,2468.094346957908,6.113376941076375,L46-@12;L46-@13;L46-@14;L46-@15;L78-@12;L78-@13;L78-@14;L78-@15,audit_selected,72287.86506392184,1259.598313956565,0.017733761100923683,L46-@14;L78-@14,step4,125899.78457402186,3313.388693861896,0.027029008154388138,,3313.388693861896,6.113376941076375,False
31,sweep100,step9,audit_selected,optimal,,da39a3ee5e,214447.48557795316,True,ma27_optimal,1.760781742632389e-09,-403.7202957941686,71028.2667499686,122589.43819927626,step2,2064.3740511624846,2468.094346956653,6.113376941086406,L46-@12;L46-@13;L46-@14;L46-@15;L78-@12;L78-@13;L78-@14;L78-@15,audit_selected,72263.4481719881,1235.1814220194938,0.017389998074534736,L46-@14;L78-@14,step4,125899.78457402186,3310.346374745597,0.027003520232831448,,3310.346374745597,6.113376941086406,False
298,audit_selected,step3,step1,optimal,,da39a3ee5e,214419.42628705179,True,ma27_optimal,1.830674591474235e-06,-402.69544285670486,71049.69488208648,122586.39588198239,step2,2063.930562005221,2466.626004861926,6.125289095311789,L46-@12;L46-@13;L46-@14;L46-@15;L78-@12;L78-@13;L78-@14;L78-@15,audit_selected,71992.9970302306,943.3021481441247,0.013276653048399737,L46-@14;L78-@14,step4,125899.78456771775,3313.3886857353646,0.027029008087694033,,3313.3886857353646,6.125289095311789,False
316,audit_selected,step9,step1,optimal,,da39a3ee5e,214442.64894510887,True,ma27_optimal,3.055902197957039e-10,-402.6954421457774,71028.2667499685,122586.39588015259,step2,2064.3740511628716,2467.069493308649,6.126390406016961,L46-@12;L46-@13;L46-@14;L46-@15;L78-@12;L78-@13;L78-@14;L78-@15,audit_selected,71992.9970302306,964.730280262098,0.01358234297984648,L46-@14;L78-@14,step4,125899.78457402193,3313.3886938693468,0.027029008154450543,,3313.3886938693468,6.126390406016961,False
319,audit_selected,step9,audit_selected,optimal,,da39a3ee5e,214450.8547559573,False,not_needed,,-402.6954421456701,71028.26674996936,122589.43819927475,step2,2064.3740511624846,2467.069493308155,6.126390406017367,L46-@12;L46-@13;L46-@14;L46-@15;L78-@12;L78-@13;L78-@14;L78-@15,audit_selected,71968.65605792977,940.3893079604022,0.013239648818557267,L46-@14;L78-@14,step4,125899.78457402193,3310.3463747471833,0.027003520232844722,,3310.3463747471833,6.126390406017367,False
215,step5,oracle_p75,oracle_p129,optimal,L46-@12;L78-@14,fb8c50cbaa,214535.92884406753,True,ma27_optimal,0.0955935956153553,-150.88402869488817,71479.87199964652,125831.41298269322,step8,817.0155182180233,967.8995469129115,6.414857525246496,L46-@12;L46-@13;L46-@14;L46-@15;L78-@12;L78-@13;L78-@14;L78-@15,step3,72174.08951485611,694.2175152095879,0.009712069926664402,L78-@14,oracle_p129,125831.41298269322,0.0,0.0,L46-@12;L78-@14,967.8995469129115,6.414857525246496,False
441,oracle_p33,step3,sweep100,optimal,,da39a3ee5e,214830.93959009295,True,ma27_optimal,1.2173768482170999e-05,-521.8562472213823,71049.69488161492,122797.09108180007,sweep100,2868.6341399749717,3390.4903871963543,6.496981506399477,L46-@11;L46-@16;L78-@12;L78-@13;L78-@14;L78-@15,exit,71927.62499999999,877.9301183850621,0.012356564230823156,L46-@11;L46-@12;L46-@13;L46-@14;L46-@15;L46-@16;L78-@12;L78-@13;L78-@14;L78-@15;L78-@16,sweep100,122797.09108180007,0.0,0.0,,3390.4903871963543,6.496981506399477,False
450,oracle_p33,step6,sweep100,optimal,,da39a3ee5e,214857.64227568105,True,ma27_optimal,8.579600034863688e-07,-521.8562443753024,71037.98795692161,122797.09109397167,sweep100,2868.6341407419577,3390.4903851172603,6.496981537848434,L46-@11;L46-@16;L78-@12;L78-@13;L78-@14;L78-@15,exit,71927.62499999999,889.6370430783718,0.012523398658445388,L46-@11;L46-@12;L46-@13;L46-@14;L46-@15;L46-@16;L78-@12;L78-@13;L78-@14;L78-@15;L78-@16,step4,125908.93887515494,3111.847781183271,0.02534138026772881,L46-@11,3390.4903851172603,6.496981537848434,False
289,audit_selected,sweep100,step1,optimal,L46-@14,4da644c89c,214369.63049384972,False,not_needed,,-404.9981156289866,71494.1777141844,125745.12531921809,step2,2237.596315883937,2642.5944315129236,6.524954881354977,L46-@12;L46-@13;L46-@14;L78-@13;L78-@14;L78-@15,audit_selected,71992.9970302306,498.81931604619604,0.006977062076863785,L46-@14;L78-@14,step4,125899.7845199669,154.65920074880705,0.0012299419190699228,,2642.5944315129236,6.524954881354977,False
292,audit_selected,sweep100,audit_selected,optimal,L46-@14,4da644c89c,214377.77564999426,False,not_needed,,-400.556869930728,71474.33698559768,125510.6403302628,step2,2237.5992487899853,2638.1561187207135,6.586221125546928,L46-@12;L46-@13;L46-@14;L78-@12;L78-@13;L78-@14;L78-@15,audit_selected,71968.65605792977,494.31907233208767,0.006916035785427358,L46-@14;L78-@14,step4,125899.7845199669,389.14418970409315,0.0031004876453511626,,2638.1561187207135,6.586221125546928,False
165,step5,step6,step7,optimal,L46-@12;L46-@13;L46-@15;L78-@13;L78-@14;L78-@15,0c40329d55,214508.3103525757,True,ma27_optimal,0.36400974288699217,-150.87658295812952,71447.54183380851,125865.87236883077,step8,868.4035258254562,1019.2801087835858,6.7557210588899075,L46-@12;L46-@13;L46-@14;L78-@12;L78-@13;L78-@14;L78-@15,oracle_p75,75185.5785716823,3738.0367378737865,0.05231861925451117,L46-@12;L46-@13;L46-@14;L46-@15;L78-@12;L78-@13;L78-@14;L78-@15,step7,125865.87236883077,0.0,0.0,L46-@12;L46-@13;L46-@15;L78-@13;L78-@14;L78-@15,3738.0367378737865,6.7557210588899075,False
13,sweep100,step3,audit_selected,optimal,,da39a3ee5e,214424.26291956534,False,not_needed,,-403.7202961438479,71049.69488389064,122589.4382046832,step2,2483.125360835713,2886.8456569795608,7.150608192239512,L46-@12;L46-@13;L46-@14;L46-@15;L78-@12;L78-@13;L78-@14;L78-@15,audit_selected,72263.4481719881,1213.7532880974613,0.017083159752916268,L46-@14;L78-@14,step4,125899.78456772242,3310.3463630392216,0.0270035201361479,,3310.3463630392216,7.150608192239512,False
19,sweep100,step6,step1,optimal,,da39a3ee5e,214442.759797471,False,not_needed,,-403.72029579391074,71037.98795692161,122586.39588015237,step2,2483.1254277049684,2886.845723498879,7.150608363203377,L46-@12;L46-@13;L46-@14;L46-@15;L78-@12;L78-@13;L78-@14;L78-@15,audit_selected,72287.86506392184,1249.8771070002258,0.017594489131057146,L46-@14;L78-@14,step4,125899.78457402189,3313.3886938695214,0.027029008154452017,,3313.3886938695214,7.150608363203377,False
22,sweep100,step6,audit_selected,optimal,,da39a3ee5e,214450.96560832005,False,not_needed,,-403.720295793923,71037.98795692206,122589.43819927458,step2,2483.125427705124,2886.845723499047,7.150608363203575,L46-@12;L46-@13;L46-@14;L46-@15;L78-@12;L78-@13;L78-@14;L78-@15,audit_selected,72263.4481719881,1225.4602150660357,0.017250773147026114,L46-@14;L78-@14,step4,125899.78457402189,3310.3463747473143,0.02700352023284583,,3310.3463747473143,7.150608363203575,False
64,sweep100,oracle_p75,step1,optimal,,da39a3ee5e,214509.9607850908,True,ma27_optimal,2.4524997570551932e-05,-403.7202947188284,71071.56479084711,122586.39586158805,step2,2483.1254267144477,2886.845721433276,7.150608377128586,L46-@12;L46-@13;L46-@14;L46-@15;L78-@12;L78-@13;L78-@14;L78-@15,audit_selected,72287.86506392184,1216.3002730747248,0.017113739885341105,L46-@14;L78-@14,step4,125899.7845184905,3313.388656902447,0.0270290078569859,,3313.388656902447,7.150608377128586,False
67,sweep100,oracle_p75,audit_selected,optimal,,da39a3ee5e,214518.16666135952,True,ma27_optimal,9.077377035282552e-05,-403.72029379807464,71071.5647943692,122589.43810848905,step2,2483.1254269300553,2886.84572072813,7.150608391690161,L46-@12;L46-@13;L46-@14;L46-@15;L78-@12;L78-@13;L78-@14;L78-@15,audit_selected,72263.4481719881,1191.8833776188985,0.01677018623506272,L46-@14;L78-@14,step4,125899.7845184905,3310.3464100014535,0.027003520540422637,,3310.3464100014535,7.150608391690161,False
301,audit_selected,step3,audit_selected,optimal,,da39a3ee5e,214427.6322283112,True,ma27_optimal,6.558235281772795e-05,-402.6955077279397,71049.69488374243,122589.43813891952,step2,2483.125360835713,2885.8208685636528,7.166260395716428,L46-@12;L46-@13;L46-@14;L46-@15;L78-@12;L78-@13;L78-@14;L78-@15,audit_selected,71968.65605792977,918.9611741873377,0.012934062217874692,L46-@14;L78-@14,step4,125899.78456771775,3310.346428798235,0.027003520687050697,,3310.346428798235,7.166260395716428,False
352,audit_selected,oracle_p75,step1,optimal,,da39a3ee5e,214513.33002834217,True,ma27_optimal,6.378956049957196e-05,-402.6955059344939,71071.56479165946,122586.3958566497,step2,2483.1254267144477,2885.8209326489414,7.166260586772913,L46-@12;L46-@13;L46-@14;L46-@15;L78-@12;L78-@13;L78-@14;L78-@15,audit_selected,71992.9970302306,921.4322385711421,0.012964850869292749,L46-@14;L78-@14,step4,125899.7845671157,3313.3887104659952,0.02702900829502004,,3313.3887104659952,7.166260586772913,False
355,audit_selected,oracle_p75,audit_selected,optimal,,da39a3ee5e,214521.53590456018,True,ma27_optimal,0.00010082172229886055,-402.6955046011301,71071.56479594838,122589.4380984377,step2,2483.1254269300553,2885.820931531185,7.16626060772541,L46-@12;L46-@13;L46-@14;L46-@15;L78-@12;L78-@13;L78-@14;L78-@15,audit_selected,71968.65605792977,897.0912619813898,0.012622365422191055,L46-@14;L78-@14,step4,125899.7845671157,3310.3464686779917,0.027003521021279394,,3310.3464686779917,7.16626060772541,False
310,audit_selected,step6,audit_selected,optimal,,da39a3ee5e,214454.33478632345,True,ma27_optimal,7.330527296289802e-10,-402.6954421449493,71037.98795692205,122589.43819927507,step2,2483.125427705124,2885.820869850073,7.166261566008309,L46-@12;L46-@13;L46-@14;L46-@15;L78-@12;L78-@13;L78-@14;L78-@15,audit_selected,71968.65605792977,930.6681010077154,0.013100991846391812,L46-@14;L78-@14,step4,125899.78457402198,3310.346374746907,0.027003520232842394,,3310.346374746907,7.166261566008309,False
307,audit_selected,step6,step1,optimal,,da39a3ee5e,214446.12897546575,True,ma27_optimal,9.944415069185197e-09,-402.69544213574613,71037.9879569216,122586.39588015234,step2,2483.1254277049684,2885.8208698407143,7.1662615661488465,L46-@12;L46-@13;L46-@14;L46-@15;L78-@12;L78-@13;L78-@14;L78-@15,audit_selected,71992.9970302306,955.0090733090037,0.01344363911162763,L46-@14;L78-@14,step4,125899.78457402198,3313.388693869638,0.02702900815445297,,3313.388693869638,7.1662615661488465,False
40,sweep100,audit_selected,audit_selected,optimal,L46-@14;L78-@14,3dad8f83cf,214378.87528605142,True,ma27_optimal,0.1492475262057269,272.97175404052086,72263.4481719881,118873.91408813636,step2,2237.599252645595,1964.627498605074,7.197182380684845,L46-@12;L46-@13;L46-@14;L78-@12;L78-@13;L78-@14;L78-@15,audit_selected,72263.4481719881,0.0,0.0,L46-@14;L78-@14,step4,125899.7845740222,7025.87048588584,0.059103551353383285,,7025.87048588584,7.197182380684845,False
468,oracle_p33,audit_selected,sweep100,optimal,,da39a3ee5e,214783.0704332489,True,ma27_optimal,6.553629646077752e-05,-521.8562474772737,71041.71116061497,122797.09108624716,audit_selected,3424.5526143869865,3946.40886186426,7.5622527869346285,L46-@11;L46-@12;L46-@13;L46-@14;L46-@15;L46-@16;L78-@12;L78-@13;L78-@14;L78-@15,exit,71927.62499999999,885.9138393850153,0.012470333623891647,L46-@11;L46-@12;L46-@13;L46-@14;L46-@15;L46-@16;L78-@12;L78-@13;L78-@14;L78-@15;L78-@16,sweep100,122797.09108624716,0.0,0.0,,3946.40886186426,7.5622527869346285,False
432,oracle_p33,sweep100,sweep100,optimal,,da39a3ee5e,214780.62393873814,True,ma27_optimal,7.942653610371053e-06,-521.8562443121439,71040.26564902022,122797.09108603273,audit_selected,3572.6818051264654,4094.538049438609,7.846103393542027,L46-@11;L46-@12;L46-@13;L46-@14;L46-@15;L46-@16;L78-@12;L78-@13;L78-@14;L78-@15,exit,71927.62499999999,887.3593509797647,0.01249093514604563,L46-@11;L46-@12;L46-@13;L46-@14;L46-@15;L46-@16;L78-@12;L78-@13;L78-@14;L78-@15;L78-@16,audit_selected,124304.5952626175,1507.504176584771,0.012276383448925513,,4094.538049438609,7.846103393542027,False
459,oracle_p33,step9,sweep100,optimal,,da39a3ee5e,214854.16224531416,True,ma27_optimal,8.582460395700764e-07,-521.8562443757521,71028.2667499684,122797.09109397515,sweep100,3599.3379131497863,4121.194157525539,7.8971828007066165,L46-@11;L46-@12;L46-@13;L46-@14;L46-@15;L46-@16;L78-@12;L78-@13;L78-@14;L78-@15,exit,71927.62499999999,899.3582500315824,0.012661976578950978,L46-@11;L46-@12;L46-@13;L46-@14;L46-@15;L46-@16;L78-@12;L78-@13;L78-@14;L78-@15;L78-@16,step4,125909.03100246639,3111.939908491244,0.02534213050787753,L46-@11,4121.194157525539,7.8971828007066165,False
495,oracle_p33,oracle_p75,sweep100,optimal,L46-@11;L46-@12;L46-@13;L46-@14;L46-@15;L46-@16,3a869b83fe,214924.8535226176,True,ma27_optimal,0.05526740296045318,-455.09526840032254,71212.79241090856,121997.32218659903,sweep100,3599.337912149937,4054.4331805502597,8.908976783700146,L46-@11;L46-@12;L46-@13;L46-@14;L46-@15;L46-@16;L78-@12;L78-@13;L78-@14;L78-@15,exit,71927.62499999999,714.8325890914275,0.01003798004390469,L46-@11;L46-@12;L46-@13;L46-@14;L46-@15;L46-@16;L78-@12;L78-@13;L78-@14;L78-@15;L78-@16,step4,125908.41907436191,3911.0968877628766,0.03205887488071846,L46-@11,4054.4331805502597,8.908976783700146,False
137,step2,oracle_p75,step4,optimal,L46-@11;L46-@12;L46-@13;L46-@14;L46-@15,022685a836,214402.22389338183,True,ma27_optimal,1.1933222180814482,121.36759950019905,72910.01993369835,118744.18979741125,oracle_p75,1222.1587393924647,1100.7911398922656,9.069892989771626,L46-@11;L46-@12;L46-@13;L46-@14;L46-@15;L78-@12;L78-@13;L78-@14;L78-@15,oracle_p75,72910.01993369835,0.0,0.0,L46-@11;L46-@12;L46-@13;L46-@14;L46-@15,step7,125865.66183209875,7121.4720346874965,0.05997322518969052,,7121.4720346874965,9.069892989771626,False
533,oracle_p75,step9,step4,optimal,L46-@11;L46-@12;L46-@13;L46-@14;L46-@15,022685a836,214633.63462530993,True,ma27_optimal,0.021929932976490818,71.8525296990291,72941.42527141531,118745.39005885192,step8,791.5936994045878,719.7411697055587,10.016921780212341,L46-@11;L46-@12;L46-@13;L46-@14;L46-@15;L78-@12;L78-@13;L78-@14;L78-@15,oracle_p75,75221.48044593465,2280.055174519337,0.031258714318170275,L46-@11;L46-@12;L46-@13;L46-@14;L46-@15;L78-@12;L78-@13;L78-@14;L78-@15,step7,125865.68541258729,7120.295353735375,0.05996270971198507,,7120.295353735375,10.016921780212341,False
123,step2,exit,oracle_p33,optimal,L46-@11;L46-@14,4ec58983d3,214293.61027821287,True,ma27_optimal,1.8900466329796473e-06,-105.07736451114238,71848.87500000006,120318.63955726934,step5,1049.605891233478,1154.6832557446203,10.988886722812484,L46-@11;L46-@12;L46-@13;L46-@14;L46-@15;L78-@13;L78-@14,oracle_p33,71934.25620551045,85.38120551039174,0.0011883443618343596,L46-@11;L46-@12;L46-@13;L46-@14;L46-@15,oracle_p33,120318.63955726934,0.0,0.0,L46-@11;L46-@14,1154.6832557446203,10.988886722812484,False
174,step5,step9,step7,optimal,L46-@12;L46-@13;L46-@14;L46-@15,659e3c7ddf,214541.34584480384,True,ma27_optimal,0.0532929942564806,60.18268828928177,72906.20722462729,118816.33619310653,step8,791.593408440131,731.4107201508493,12.153174624489312,L46-@12;L46-@13;L46-@14;L46-@15;L78-@12;L78-@13;L78-@14;L78-@15,oracle_p75,75185.5785716823,2279.3713470550138,0.031264434591037886,L46-@12;L46-@13;L46-@14;L46-@15;L78-@12;L78-@13;L78-@14;L78-@15,oracle_p129,125824.97601684452,7008.639823737991,0.05898717338285185,,7008.639823737991,12.153174624489312,False
570,oracle_p75,oracle_p75,step7,optimal,L46-@12;L46-@13;L46-@14;L46-@15,659e3c7ddf,214597.821524582,True,ma27_optimal,8.556877333016018,71.8525294815363,72873.94213822288,118807.85286057545,step5,1023.4564914262935,951.6039619447572,13.243847764458838,L46-@12;L46-@13;L46-@14;L46-@15;L78-@12;L78-@13;L78-@14;L78-@15,sweep100,73380.60207754362,506.65993932074343,0.006952552921588097,L46-@12;L46-@13;L46-@14;L78-@14;L78-@15,oracle_p129,125831.50857656213,7023.655715986679,0.059117773336322704,,7023.655715986679,13.243847764458838,False
524,oracle_p75,step6,step4,optimal,L46-@11;L46-@12;L46-@13;L46-@14;L46-@15,022685a836,214597.74120799665,False,not_needed,,71.85252969689805,72990.51861703515,118745.37734815897,step5,1023.6626691527367,951.8101394558387,13.246717178517507,L46-@11;L46-@12;L46-@13;L46-@14;L46-@15;L78-@12;L78-@13;L78-@14;L78-@15,oracle_p75,75221.48044593465,2230.961828899497,0.030565090797680893,L46-@11;L46-@12;L46-@13;L46-@14;L46-@15;L78-@12;L78-@13;L78-@14;L78-@15,step7,125866.07653523648,7120.699187077509,0.059966116964703116,,7120.699187077509,13.246717178517507,False
60,sweep100,oracle_p33,oracle_p33,optimal,L46-@13;L46-@14,9f90a26bfd,213948.38070261394,True,ma27_optimal,0.05116040362918284,-81.17338915696837,72323.69992607637,123930.03414086974,step5,1048.0409565899395,1129.2143457469078,13.911139567713489,L46-@11;L46-@12;L46-@13;L46-@14;L46-@15;L78-@13;L78-@14,oracle_p33,72323.69992607637,0.0,0.0,L46-@13;L46-@14,oracle_p33,123930.03414086974,0.0,0.0,L46-@13;L46-@14,1129.2143457469078,13.911139567713489,False
348,audit_selected,oracle_p33,oracle_p33,optimal,L46-@13;L46-@14,9f90a26bfd,213951.41271627243,True,ma27_optimal,0.5511425070144469,-69.2218876942236,72293.01242418475,123557.04077568084,step5,1048.0409565899395,1117.262844284163,16.14031170631303,L46-@11;L46-@12;L46-@13;L46-@14;L46-@15;L78-@13;L78-@14,oracle_p33,72293.01242418475,0.0,0.0,L46-@13;L46-@14,oracle_p33,123557.04077568084,0.0,0.0,L46-@13;L46-@14,1117.262844284163,16.14031170631303,False
132,step2,oracle_p33,oracle_p33,optimal,L46-@11;L46-@12;L46-@13;L46-@14;L46-@15,022685a836,214213.08375169346,True,ma27_optimal,4.494866880122572e-05,-65.34809695831177,71934.25620551045,119957.7393477772,step5,1048.0409565899395,1113.3890535482512,17.03781908535956,L46-@11;L46-@12;L46-@13;L46-@14;L46-@15;L78-@13;L78-@14,oracle_p33,71934.25620551045,0.0,0.0,L46-@11;L46-@12;L46-@13;L46-@14;L46-@15,oracle_p33,119957.7393477772,0.0,0.0,L46-@11;L46-@12;L46-@13;L46-@14;L46-@15,1113.3890535482512,17.03781908535956,False
325,audit_selected,audit_selected,step1,optimal,L46-@14;L78-@14,3dad8f83cf,214373.60755550629,True,ma27_optimal,0.8512180434481706,-51.420413017159035,71992.9970302306,122317.90267536583,oracle_p75,1338.1810036287977,1389.6014166459568,27.024314569045675,L46-@12;L46-@13;L46-@14;L46-@15;L78-@12;L78-@13;L78-@14;L78-@15,audit_selected,71992.9970302306,0.0,0.0,L46-@14;L78-@14,step4,125899.78457402224,3581.8818986564147,0.02928338223851664,,3581.8818986564147,27.024314569045675,False
430,exit,oracle_p75,oracle_p75,optimal,L46-@11;L46-@12;L46-@13;L46-@14;L78-@13;L78-@14;L78-@15,63a3647aee,215590.6083780604,False,not_needed,,-9.36283150903389e-19,74197.32396401255,85020.33906914773,step8,29.46819470220538,29.46819470220538,29.46819470220538,L46-@11;L46-@12;L46-@13;L46-@14;L46-@15,step9,74544.83059605907,347.5066320465121,0.00468354670331589,L46-@11;L46-@12;L46-@13;L46-@14;L78-@13;L78-@14;L78-@15,oracle_p33,122054.49309120473,37034.154022057,0.4355916999100277,,37034.154022057,29.46819470220538,False
328,audit_selected,audit_selected,audit_selected,optimal,L46-@14;L78-@14,3dad8f83cf,214381.75448683262,True,ma27_optimal,0.22129906855116133,-50.18646168244072,71968.65605792977,122114.76156804975,step2,2237.599252645595,2287.7857143280353,45.58571450611924,L46-@12;L46-@13;L46-@14;L78-@12;L78-@13;L78-@14;L78-@15,audit_selected,71968.65605792977,0.0,0.0,L46-@14;L78-@14,step4,125899.78457402224,3785.0230059724854,0.03099562212929713,,3785.0230059724854,45.58571450611924,False
376,exit,step3,oracle_p75,optimal,L46-@11;L46-@12;L46-@13;L46-@14;L78-@13;L78-@14;L78-@15,63a3647aee,215337.33570847154,True,ma27_optimal,8.435890777036548e-07,-1.3236297632668215e-18,74323.0143874245,89463.78841717057,step8,353.446430428656,353.446430428656,353.446430428656,L46-@11;L46-@14;L78-@14,step9,74544.83059605907,221.8162086345692,0.0029844888620677453,L46-@11;L46-@12;L46-@13;L46-@14;L78-@13;L78-@14;L78-@15,oracle_p33,120273.66251322295,30809.874096052386,0.34438374051840537,L46-@14,30809.874096052386,353.446430428656,False
403,exit,audit_selected,oracle_p75,optimal,L46-@11;L46-@13;L46-@14;L78-@13;L78-@14,ce4b99bcf0,215410.54920466937,True,ma27_optimal,0.006733756177709438,-6.934411099288895e-19,73935.01952259966,102166.41436261317,step8,417.5581758596458,417.5581758596458,417.5581758596458,L46-@11;L46-@13;L46-@14;L78-@14,step9,74544.83059605907,609.8110734594084,0.008247932811771394,L46-@11;L46-@12;L46-@13;L46-@14;L78-@13;L78-@14;L78-@15,oracle_p33,125641.24199105459,23474.827628441417,0.2297704952737561,L46-@14,23474.827628441417,417.5581758596458,False
367,exit,sweep100,oracle_p75,optimal,L46-@11;L46-@13;L46-@14;L78-@13;L78-@14;L78-@15,44979b14f2,215396.6489762429,False,not_needed,,-2.2484701917727675e-18,74003.73306163838,100401.03077265919,step8,417.5582435556724,417.5582435556724,417.5582435556724,L46-@11;L46-@13;L46-@14;L78-@14,step9,74544.83059605907,541.0975344206818,0.007311759988783224,L46-@11;L46-@12;L46-@13;L46-@14;L78-@13;L78-@14;L78-@15,oracle_p33,125641.24199105935,25240.21121840016,0.25139394510353447,L46-@14,25240.21121840016,417.5582435556724,False
377,exit,step3,oracle_p129,optimal,L46-@12;L46-@13;L46-@14;L78-@13;L78-@14;L78-@15,c51129645a,215695.21600641974,True,ma27_optimal,5.429857992567122e-06,-2.4571581826830418e-18,74569.5574795023,88146.69090154851,step8,421.00658424083866,421.00658424083866,421.00658424083866,L46-@12;L46-@13;L46-@14;L78-@14;L78-@15,step9,75332.07612347903,762.5186439767276,0.01022560237381493,L46-@12;L46-@13;L46-@14;L46-@15;L78-@12;L78-@13;L78-@14;L78-@15,oracle_p33,120273.66251322295,32126.97161167444,0.36447166970291844,L46-@14,32126.97161167444,421.00658424083866,False
404,exit,audit_selected,oracle_p129,optimal,L46-@13;L46-@14;L78-@13;L78-@14,5c24fc1248,215768.63870271287,False,not_needed,,-5.2662692230401264e-18,73914.41364468662,99942.86084363649,oracle_p75,464.2865022264657,464.2865022264657,464.2865022264657,L78-@14,step9,75332.07612347903,1417.6624787924084,0.0191797838728349,L46-@12;L46-@13;L46-@14;L46-@15;L78-@12;L78-@13;L78-@14;L78-@15,oracle_p33,125641.24199105459,25698.3811474181,0.2571307338062292,L46-@14,25698.3811474181,464.2865022264657,False
368,exit,sweep100,oracle_p129,optimal,L46-@13;L46-@14;L78-@13;L78-@14;L78-@15,35c1841dbd,215806.5123326407,False,not_needed,,-1.297234505078428e-18,74124.73241881261,89738.06404896299,oracle_p75,464.28650222654505,464.28650222654505,464.28650222654505,L78-@14,step9,75332.07612347903,1207.3437046664185,0.01628800085030727,L46-@12;L46-@13;L46-@14;L46-@15;L78-@12;L78-@13;L78-@14;L78-@15,oracle_p33,125641.24199105935,35903.17794209636,0.40008861705002713,L46-@14,35903.17794209636,464.28650222654505,False
386,exit,step6,oracle_p129,optimal,L46-@12;L46-@13;L46-@14;L78-@12;L78-@13;L78-@14;L78-@15,abfbc86089,215641.74614512912,False,not_needed,,-2.2606577403286625e-13,74668.08320786282,85286.91330428688,step8,534.6155526632785,534.6155526632788,534.6155526632788,L46-@12;L78-@13;L78-@14;L78-@15,step9,75332.07612347903,663.9929156162107,0.008892593556577195,L46-@12;L46-@13;L46-@14;L46-@15;L78-@12;L78-@13;L78-@14;L78-@15,oracle_p33,122054.49309120284,36767.57978691596,0.43110458993558,,36767.57978691596,534.6155526632788,False
372,exit,step3,step7,optimal,L46-@12;L46-@13;L46-@14;L78-@13;L78-@14;L78-@15,c51129645a,216023.25428715753,True,ma27_optimal,0.047160844289464876,-3.0104240585193305e-18,74570.76934937059,87892.88930151105,step8,669.3235440349324,669.3235440349324,669.3235440349324,L46-@12;L46-@13;L46-@14;L78-@13;L78-@14;L78-@15,step9,75333.30116180964,762.5318124390469,0.010225612784903942,L46-@12;L46-@13;L46-@14;L46-@15;L78-@12;L78-@13;L78-@14;L78-@15,oracle_p33,120273.66251322295,32380.7732117119,0.3684117505869182,L46-@14,32380.7732117119,669.3235440349324,False
363,exit,sweep100,step7,optimal,L46-@12;L46-@13;L46-@14;L78-@13;L78-@14;L78-@15,c51129645a,216122.26869463385,True,ma27_optimal,3.335112705826759e-05,-6.657123230303258e-19,74412.02398567782,87893.0074964335,oracle_p75,726.2173698690501,726.2173698690501,726.2173698690501,L46-@12;L46-@13;L46-@14;L78-@14;L78-@15,step9,75333.30116180964,921.2771761318145,0.012380756856030874,L46-@12;L46-@13;L46-@14;L46-@15;L78-@12;L78-@13;L78-@14;L78-@15,oracle_p33,125641.24199105935,37748.23449462584,0.4294793814645331,L46-@14,37748.23449462584,726.2173698690501,False
399,exit,audit_selected,step7,optimal,L46-@12;L46-@13;L46-@14;L78-@13;L78-@14;L78-@15,c51129645a,216046.3226016677,False,not_needed,,-1.507455996920103e-18,74270.8226025984,95211.90742982172,oracle_p75,726.2180999916004,726.2180999916004,726.2180999916004,L46-@12;L46-@13;L46-@14;L78-@14;L78-@15,step9,75333.30116180964,1062.4785592112312,0.014305463733668944,L46-@12;L46-@13;L46-@14;L46-@15;L78-@12;L78-@13;L78-@14;L78-@15,oracle_p33,125641.24199105459,30429.33456123287,0.31959589281058737,L46-@14,30429.33456123287,726.2180999916004,False
398,exit,audit_selected,step4,optimal,L46-@12;L46-@13;L46-@14;L78-@13;L78-@14;L78-@15,c51129645a,216380.70116198403,False,not_needed,,-1.317192295713079e-18,74493.71562295321,87657.50810214363,step8,748.8025985547258,748.8025985547258,748.8025985547258,L46-@12;L46-@13;L46-@14;L78-@13;L78-@14;L78-@15,step9,75368.51033409867,874.794711145456,0.011743201474513533,L46-@11;L46-@12;L46-@13;L46-@14;L46-@15;L78-@12;L78-@13;L78-@14;L78-@15,oracle_p33,125641.24199105459,37983.73388891095,0.4333198001094224,L46-@14,37983.73388891095,748.8025985547258,False
390,exit,step9,step7,optimal,L46-@12;L46-@13;L46-@14;L46-@15;L78-@12;L78-@13;L78-@14;L78-@15,fd4d461036,215856.90424423383,True,ma27_optimal,0.0318578447913751,-1.3258287500760603e-18,75333.30116180964,78289.31133624747,step8,791.593408440131,791.593408440131,791.593408440131,L46-@12;L46-@13;L46-@14;L46-@15;L78-@12;L78-@13;L78-@14;L78-@15,step9,75333.30116180964,0.0,0.0,L46-@12;L46-@13;L46-@14;L46-@15;L78-@12;L78-@13;L78-@14;L78-@15,oracle_p33,122054.49305205888,43765.18171581141,0.559018606356656,,43765.18171581141,791.593408440131,False
389,exit,step9,step4,optimal,L46-@11;L46-@12;L46-@13;L46-@14;L46-@15;L78-@12;L78-@13;L78-@14;L78-@15,134084a305,216300.51973919736,True,ma27_optimal,0.11608480176073499,-7.689722837069948e-19,75368.51033409867,77955.73458105064,step8,791.5936994045878,791.5936994045878,791.5936994045878,L46-@11;L46-@12;L46-@13;L46-@14;L46-@15;L78-@12;L78-@13;L78-@14;L78-@15,step9,75368.51033409867,0.0,0.0,L46-@11;L46-@12;L46-@13;L46-@14;L46-@15;L78-@12;L78-@13;L78-@14;L78-@15,oracle_p33,122054.49305205888,44098.758471008245,0.5656897303066105,,44098.758471008245,791.5936994045878,False
362,exit,sweep100,step4,optimal,L46-@12;L46-@13;L46-@14;L78-@13;L78-@14;L78-@15,c51129645a,216458.50079626872,False,not_needed,,-1.394571007748915e-18,74412.0239856779,87657.50810214337,step8,807.6459634044866,807.6459634044866,807.6459634044866,L46-@12;L46-@13;L46-@14;L78-@13;L78-@14;L78-@15,step9,75368.51033409867,956.4863484207744,0.012853921949561132,L46-@11;L46-@12;L46-@13;L46-@14;L46-@15;L78-@12;L78-@13;L78-@14;L78-@15,oracle_p33,125641.24199105935,37983.73388891597,0.43331980010948096,L46-@14,37983.73388891597,807.6459634044866,False
431,exit,oracle_p75,oracle_p129,optimal,L46-@12;L46-@13;L46-@14;L46-@15;L78-@12;L78-@13;L78-@14;L78-@15,fd4d461036,216014.75292494195,False,not_needed,,-2.602355345621121e-13,74979.43384189985,78523.76927966146,step8,817.0155182180233,817.0155182180235,817.0155182180235,L46-@12;L46-@13;L46-@14;L46-@15;L78-@12;L78-@13;L78-@14;L78-@15,step9,75332.07612347903,352.64228157917387,0.0047031867741592764,L46-@12;L46-@13;L46-@14;L46-@15;L78-@12;L78-@13;L78-@14;L78-@15,oracle_p33,122054.49309120473,43530.72381154327,0.5543636558824516,,43530.72381154327,817.0155182180235,False
381,exit,step6,step7,optimal,L46-@12;L46-@13;L46-@14;L78-@12;L78-@13;L78-@14;L78-@15,abfbc86089,215946.0416213469,False,not_needed,,-3.809480857229234e-13,74669.29022620092,85056.81320730086,step8,868.4035258254562,868.4035258254565,868.4035258254565,L46-@12;L46-@13;L46-@14;L78-@12;L78-@13;L78-@14;L78-@15,step9,75333.30116180964,664.0109356087196,0.008892691139786982,L46-@12;L46-@13;L46-@14;L46-@15;L78-@12;L78-@13;L78-@14;L78-@15,oracle_p33,122054.49309120284,36997.679883901976,0.43497608820272937,,36997.679883901976,868.4035258254565,False
371,exit,step3,step4,optimal,L46-@11;L46-@12;L46-@13;L46-@14;L78-@13;L78-@14;L78-@15,63a3647aee,216359.4898514978,False,not_needed,,-2.285082703299352e-13,74605.99163734418,87666.80396183398,step5,946.4358563045669,946.4358563045671,946.4358563045671,L46-@11;L46-@12;L46-@13;L46-@14;L78-@13;L78-@14;L78-@15,step9,75368.51033409867,762.5186967544869,0.01022060936420563,L46-@11;L46-@12;L46-@13;L46-@14;L46-@15;L78-@12;L78-@13;L78-@14;L78-@15,oracle_p33,120273.66251322295,32606.85855138897,0.3719407697990732,L46-@14,32606.85855138897,946.4358563045671,False
426,exit,oracle_p75,step7,optimal,L46-@12;L46-@13;L46-@14;L46-@15;L78-@12;L78-@13;L78-@14;L78-@15,fd4d461036,216323.52919768167,True,ma27_optimal,0.7112423439975828,-6.868574469631782e-19,74980.55692462616,78288.47416004154,step5,1023.4564914262935,1023.4564914262935,1023.4564914262935,L46-@12;L46-@13;L46-@14;L46-@15;L78-@12;L78-@13;L78-@14;L78-@15,step9,75333.30116180964,352.7442371834768,0.0047044760888889,L46-@12;L46-@13;L46-@14;L46-@15;L78-@12;L78-@13;L78-@14;L78-@15,oracle_p33,122054.49309120473,43766.018931163184,0.5590352781904309,,43766.018931163184,1023.4564914262935,False
380,exit,step6,step4,optimal,L46-@11;L46-@12;L46-@13;L46-@14;L46-@15;L78-@12;L78-@13;L78-@14;L78-@15,134084a305,216323.49435147148,False,not_needed,,-1.8201487525337878e-13,75358.73564788928,77955.72207944967,step5,1023.6626691527367,1023.662669152737,1023.662669152737,L46-@11;L46-@12;L46-@13;L46-@14;L46-@15;L78-@12;L78-@13;L78-@14;L78-@15,step9,75368.51033409867,9.774686209391803,0.00012970873416804176,L46-@11;L46-@12;L46-@13;L46-@14;L46-@15;L78-@12;L78-@13;L78-@14;L78-@15,oracle_p33,122054.49309120284,44098.77101175317,0.5656899818952262,,44098.77101175317,1023.662669152737,False
420,exit,oracle_p33,oracle_p33,optimal,L46-@11;L46-@12;L46-@13;L46-@14;L46-@15;L78-@13;L78-@14,36c21b2259,216576.73137959902,False,not_needed,,-1.3257686774083194e-18,71705.18544252288,97009.10747149118,step5,1048.0409565899395,1048.0409565899395,1048.0409565899395,L46-@11;L46-@12;L46-@13;L46-@14;L46-@15;L78-@13;L78-@14,audit_selected,71903.28261797375,198.0971754508646,0.002762661782803064,L46-@14,oracle_p33,97009.10747149118,0.0,0.0,L46-@11;L46-@12;L46-@13;L46-@14;L46-@15;L78-@13;L78-@14,1048.0409565899395,1048.0409565899395,False
411,exit,exit,oracle_p33,optimal,L46-@11;L46-@12;L46-@13;L46-@14;L46-@15;L78-@13;L78-@14,36c21b2259,216659.40523295163,False,not_needed,,-1.4236350839835313e-18,71755.74144496853,97009.10747149019,step5,1049.605891233478,1049.605891233478,1049.605891233478,L46-@11;L46-@12;L46-@13;L46-@14;L46-@15;L78-@13;L78-@14,audit_selected,71903.28261797375,147.54117300521466,0.002056158434630183,L46-@14,oracle_p33,97009.10747149019,0.0,0.0,L46-@11;L46-@12;L46-@13;L46-@14;L46-@15;L78-@13;L78-@14,1049.605891233478,1049.605891233478,False
425,exit,oracle_p75,step4,optimal,L46-@11;L46-@12;L46-@13;L46-@14;L46-@15;L78-@12;L78-@13;L78-@14;L78-@15,134084a305,216767.14465143933,False,not_needed,,-2.3289876191593453e-18,75015.85562180825,77955.6608894838,oracle_p75,1222.1587393924647,1222.1587393924647,1222.1587393924647,L46-@11;L46-@12;L46-@13;L46-@14;L46-@15;L78-@12;L78-@13;L78-@14;L78-@15,step9,75368.51033409867,352.6547122904158,0.004701068985579812,L46-@11;L46-@12;L46-@13;L46-@14;L46-@15;L78-@12;L78-@13;L78-@14;L78-@15,oracle_p33,122054.49309120473,44098.83220172093,0.5656912108568866,,44098.83220172093,1222.1587393924647,False
397,exit,audit_selected,step1,optimal,L46-@12;L46-@13;L46-@14;L46-@15;L78-@12;L78-@13;L78-@14;L78-@15,fd4d461036,217963.3165185886,False,not_needed,,-1.1857210404880575e-18,75052.7979396096,73151.3374437766,oracle_p75,1338.1810036287977,1338.1810036287977,1338.1810036287977,L46-@12;L46-@13;L46-@14;L46-@15;L78-@12;L78-@13;L78-@14;L78-@15,step3,75075.26695207409,22.469012464483967,0.0002993760803236597,L46-@12;L46-@13;L46-@14;L46-@15;L78-@12;L78-@13;L78-@14;L78-@15,oracle_p33,125641.24199105459,52489.90454727798,0.7175522195697543,L46-@14,52489.90454727798,1338.1810036287977,False
370,exit,step3,step1,optimal,L46-@12;L46-@13;L46-@14;L46-@15;L78-@12;L78-@13;L78-@14;L78-@15,fd4d461036,217996.7003839903,True,ma27_optimal,5.944748409092426e-07,-8.985258979463877e-19,75075.26695207409,73151.33744377574,step2,2063.930562005221,2063.930562005221,2063.930562005221,L46-@12;L46-@13;L46-@14;L46-@15;L78-@12;L78-@13;L78-@14;L78-@15,step3,75075.26695207409,0.0,0.0,L46-@12;L46-@13;L46-@14;L46-@15;L78-@12;L78-@13;L78-@14;L78-@15,oracle_p33,120273.66251322295,47122.32506944721,0.6441758512708741,L46-@14,47122.32506944721,2063.930562005221,False
391,exit,step9,audit_selected,optimal,L46-@12;L46-@13;L46-@14;L46-@15;L78-@12;L78-@13;L78-@14;L78-@15,fd4d461036,218200.15112927128,True,ma27_optimal,2.1827872842550278e-10,-6.563876818566168e-19,74923.74913214667,73112.44717765576,step2,2064.3740511624846,2064.3740511624846,2064.3740511624846,L46-@12;L46-@13;L46-@14;L46-@15;L78-@12;L78-@13;L78-@14;L78-@15,step3,75075.26695207505,151.5178199283837,0.0020222936209604823,L46-@12;L46-@13;L46-@14;L46-@15;L78-@12;L78-@13;L78-@14;L78-@15,oracle_p33,122054.49305205888,48942.04587440312,0.669407847277755,,48942.04587440312,2064.3740511624846,False
388,exit,step9,step1,optimal,L46-@12;L46-@13;L46-@14;L46-@15;L78-@12;L78-@13;L78-@14;L78-@15,fd4d461036,218150.0127331814,True,ma27_optimal,1.4551915228366852e-11,-7.800961633835318e-19,74923.74913214653,73151.33744377531,step2,2064.3740511628716,2064.3740511628716,2064.3740511628716,L46-@12;L46-@13;L46-@14;L46-@15;L78-@12;L78-@13;L78-@14;L78-@15,step3,75075.26695207409,151.51781992755423,0.0020222936209494152,L46-@12;L46-@13;L46-@14;L46-@15;L78-@12;L78-@13;L78-@14;L78-@15,oracle_p33,122054.49305205888,48903.155608283574,0.6685203212568864,,48903.155608283574,2064.3740511628716,False
361,exit,sweep100,step1,optimal,L46-@12;L46-@13;L46-@14;L46-@15;L78-@13;L78-@14;L78-@15,50d1c683c0,217984.39776493487,False,not_needed,,-6.624962222028686e-19,74675.4567164562,81324.76377968906,step2,2237.596315883937,2237.596315883937,2237.596315883937,L46-@12;L46-@13;L46-@14;L78-@13;L78-@14;L78-@15,step3,75075.26695207409,399.81023561788606,0.005353971079627559,L46-@12;L46-@13;L46-@14;L46-@15;L78-@12;L78-@13;L78-@14;L78-@15,oracle_p33,125641.24199105935,44316.47821137028,0.5449321479915367,L46-@14,44316.47821137028,2237.596315883937,False
364,exit,sweep100,audit_selected,optimal,L46-@12;L46-@13;L46-@14;L46-@15;L78-@12;L78-@13;L78-@14;L78-@15,fd4d461036,218018.34020206396,False,not_needed,,-1.7473548555092924e-21,74996.77748376742,78875.977841936,step2,2237.5992487899853,2237.5992487899853,2237.5992487899853,L46-@12;L46-@13;L46-@14;L78-@12;L78-@13;L78-@14;L78-@15,step3,75075.26695207505,78.48946830762725,0.0010465712120046199,L46-@12;L46-@13;L46-@14;L46-@15;L78-@12;L78-@13;L78-@14;L78-@15,oracle_p33,125641.24199105935,46765.26414912335,0.5928961570890302,L46-@14,46765.26414912335,2237.5992487899853,False
400,exit,audit_selected,audit_selected,optimal,L46-@12;L46-@13;L46-@14;L46-@15;L78-@12;L78-@13;L78-@14;L78-@15,fd4d461036,218013.45491467853,False,not_needed,,-7.97864663668505e-19,75052.79793960977,73112.44717765675,step2,2237.599252645595,2237.599252645595,2237.599252645595,L46-@12;L46-@13;L46-@14;L78-@12;L78-@13;L78-@14;L78-@15,step3,75075.26695207505,22.469012465284322,0.000299376080334323,L46-@12;L46-@13;L46-@14;L46-@15;L78-@12;L78-@13;L78-@14;L78-@15,oracle_p33,125641.24199105459,52528.794813397835,0.7184658268346227,L46-@14,52528.794813397835,2237.599252645595,False
412,exit,exit,oracle_p75,optimal,L46-@11;L46-@12;L46-@13;L46-@14;L46-@15;L78-@13;L78-@14;L78-@15,413e143aad,219483.5369573607,True,ma27_optimal,4.9875612603500485e-05,-8.434195687215132e-19,72155.99999999974,83722.75739145135,audit_selected,2316.4727292633124,2316.4727292633124,2316.4727292633124,L46-@12;L46-@13;L46-@14;L78-@13;L78-@14;L78-@15,step9,74544.83059605907,2388.830596059328,0.03310647203364012,L46-@11;L46-@12;L46-@13;L46-@14;L78-@13;L78-@14;L78-@15,oracle_p33,97009.10747149019,13286.350080038843,0.15869460698621793,L46-@11;L46-@12;L46-@13;L46-@14;L46-@15;L78-@13;L78-@14,13286.350080038843,2316.4727292633124,False
373,exit,step3,audit_selected,optimal,L46-@12;L46-@13;L46-@14;L46-@15;L78-@12;L78-@13;L78-@14;L78-@15,fd4d461036,218046.83878008043,True,ma27_optimal,5.936599336564541e-07,-1.3705552034484156e-18,75075.26695207505,73112.44717765524,step2,2483.125360835713,2483.125360835713,2483.125360835713,L46-@12;L46-@13;L46-@14;L46-@15;L78-@12;L78-@13;L78-@14;L78-@15,step3,75075.26695207505,0.0,0.0,L46-@12;L46-@13;L46-@14;L46-@15;L78-@12;L78-@13;L78-@14;L78-@15,oracle_p33,120273.66251322295,47161.215335567715,0.6450504278836561,L46-@14,47161.215335567715,2483.125360835713,False
421,exit,oracle_p33,oracle_p75,optimal,L46-@11;L46-@12;L46-@13;L46-@14;L46-@15;L78-@13;L78-@14;L78-@15,413e143aad,219399.2370889655,True,ma27_optimal,0.00011331027781125158,-7.173982939440896e-19,71758.94390790428,83277.82349614507,step2,2483.1253634951163,2483.1253634951163,2483.1253634951163,L46-@11;L46-@12;L46-@13;L46-@14;L46-@15;L78-@13;L78-@14;L78-@15,step9,74544.83059605907,2785.8866881547874,0.03882284961899949,L46-@11;L46-@12;L46-@13;L46-@14;L78-@13;L78-@14;L78-@15,oracle_p33,97009.10747149118,13731.283975346116,0.16488524073857114,L46-@11;L46-@12;L46-@13;L46-@14;L46-@15;L78-@13;L78-@14,13731.283975346116,2483.1253634951163,False
424,exit,oracle_p75,step1,optimal,L46-@12;L46-@13;L46-@14;L46-@15;L78-@12;L78-@13;L78-@14;L78-@15,fd4d461036,218616.63766197662,True,ma27_optimal,2.5607994757592678e-05,-7.771900358970395e-19,74571.10325650513,73151.33744377531,step2,2483.1254267144477,2483.1254267144477,2483.1254267144477,L46-@12;L46-@13;L46-@14;L46-@15;L78-@12;L78-@13;L78-@14;L78-@15,step3,75075.26695207409,504.163695568961,0.006760845334884875,L46-@12;L46-@13;L46-@14;L46-@15;L78-@12;L78-@13;L78-@14;L78-@15,oracle_p33,122054.49309120473,48903.15564742942,0.6685203217920215,,48903.15564742942,2483.1254267144477,False
427,exit,oracle_p75,audit_selected,optimal,L46-@12;L46-@13;L46-@14;L46-@15;L78-@12;L78-@13;L78-@14;L78-@15,fd4d461036,218666.77606012832,True,ma27_optimal,2.551618672441691e-05,-5.8389595511197784e-15,74571.1032565971,73112.44717914044,step2,2483.1254269300553,2483.1254269300553,2483.1254269300553,L46-@12;L46-@13;L46-@14;L46-@15;L78-@12;L78-@13;L78-@14;L78-@15,step3,75075.26695207505,504.1636954779533,0.0067608453336561215,L46-@12;L46-@13;L46-@14;L46-@15;L78-@12;L78-@13;L78-@14;L78-@15,oracle_p33,122054.49309120473,48942.04591206429,0.6694078477792745,,48942.04591206429,2483.1254269300553,False
422,exit,oracle_p33,oracle_p129,optimal,L46-@12;L46-@13;L46-@14;L46-@15;L78-@12;L78-@13;L78-@14;L78-@15,fd4d461036,219839.77803622166,True,ma27_optimal,8.478777772616013,-7.163225440243408e-19,71969.36148078436,78515.30935439287,step2,2483.1254272056417,2483.1254272056417,2483.1254272056417,L46-@12;L46-@13;L46-@14;L46-@15;L78-@12;L78-@13;L78-@14;L78-@15,step9,75332.07612347903,3362.714642694671,0.046724252841850035,L46-@12;L46-@13;L46-@14;L46-@15;L78-@12;L78-@13;L78-@14;L78-@15,oracle_p33,97009.10747149118,18493.79811709831,0.2355438483165525,L46-@11;L46-@12;L46-@13;L46-@14;L46-@15;L78-@13;L78-@14,18493.79811709831,2483.1254272056417,False
379,exit,step6,step1,optimal,L46-@12;L46-@13;L46-@14;L46-@15;L78-@12;L78-@13;L78-@14;L78-@15,fd4d461036,218172.9873454553,True,ma27_optimal,1.4551915228366852e-11,-9.970204021978756e-19,74913.97575719249,73151.33744377532,step2,2483.1254277049684,2483.1254277049684,2483.1254277049684,L46-@12;L46-@13;L46-@14;L46-@15;L78-@12;L78-@13;L78-@14;L78-@15,step3,75075.26695207409,161.2911948816036,0.0021530187558643625,L46-@12;L46-@13;L46-@14;L46-@15;L78-@12;L78-@13;L78-@14;L78-@15,oracle_p33,122054.49309120284,48903.15564742751,0.6685203217919953,,48903.15564742751,2483.1254277049684,False
382,exit,step6,audit_selected,optimal,L46-@12;L46-@13;L46-@14;L46-@15;L78-@12;L78-@13;L78-@14;L78-@15,fd4d461036,218223.1257415454,False,not_needed,,-2.1284729497989924e-18,74913.97575719368,73112.4471776551,step2,2483.125427705124,2483.125427705124,2483.125427705124,L46-@12;L46-@13;L46-@14;L46-@15;L78-@12;L78-@13;L78-@14;L78-@15,step3,75075.26695207505,161.29119488137076,0.0021530187558612204,L46-@12;L46-@13;L46-@14;L46-@15;L78-@12;L78-@13;L78-@14;L78-@15,oracle_p33,122054.49309120284,48942.04591354773,0.6694078478131639,,48942.04591354773,2483.125427705124,False
369,exit,step3,sweep100,optimal,L46-@11;L46-@12;L46-@13;L46-@14;L46-@15;L46-@16;L78-@12;L78-@13;L78-@14;L78-@15;L78-@16,68997349c3,219954.2108765372,True,ma27_optimal,5.941255949437618e-07,-1.1646452963303006e-18,75390.26695207463,59164.52944837657,sweep100,2868.6341399749717,2868.6341399749717,2868.6341399749717,L46-@11;L46-@16;L78-@12;L78-@13;L78-@14;L78-@15,sweep100,75563.4562730604,173.18932098576624,0.002297237136669939,L46-@11;L46-@12;L46-@13;L46-@14;L46-@15;L46-@16;L78-@12;L78-@13;L78-@14;L78-@15;L78-@16,oracle_p33,120273.66251322295,61109.133064846385,1.0328677272446924,L46-@14,61109.133064846385,2868.6341399749717,False
378,exit,step6,sweep100,optimal,L46-@11;L46-@12;L46-@13;L46-@14;L46-@15;L46-@16;L78-@12;L78-@13;L78-@14;L78-@15;L78-@16,68997349c3,220130.49783800216,False,not_needed,,-1.4102758395621504e-18,75228.97575719263,59164.52944837665,sweep100,2868.6341407419577,2868.6341407419577,2868.6341407419577,L46-@11;L46-@16;L78-@12;L78-@13;L78-@14;L78-@15,sweep100,75563.4562730604,334.48051586776273,0.004446166021817506,L46-@11;L46-@12;L46-@13;L46-@14;L46-@15;L46-@16;L78-@12;L78-@13;L78-@14;L78-@15;L78-@16,oracle_p33,122054.49309120284,62889.96364282619,1.0629673594835252,,62889.96364282619,2868.6341407419577,False
413,exit,exit,oracle_p129,optimal,L46-@12;L46-@13;L46-@14;L46-@15;L78-@12;L78-@13;L78-@14;L78-@15,fd4d461036,219949.11589609028,True,ma27_optimal,12.993449229747057,-9.844930362979123e-19,72365.8929233916,78930.64127463284,sweep100,2916.2555710167117,2916.2555710167117,2916.2555710167117,L46-@12;L46-@13;L46-@14;L78-@13;L78-@14;L78-@15,step9,75332.07612347903,2966.1832000874274,0.04098869066989204,L46-@12;L46-@13;L46-@14;L46-@15;L78-@12;L78-@13;L78-@14;L78-@15,oracle_p33,97009.10747149019,18078.46619685735,0.22904243402704375,L46-@11;L46-@12;L46-@13;L46-@14;L46-@15;L78-@13;L78-@14,18078.46619685735,2916.2555710167117,False
417,exit,oracle_p33,step7,optimal,L46-@12;L46-@13;L46-@14;L46-@15;L78-@12;L78-@13;L78-@14;L78-@15,fd4d461036,220155.8343463707,False,not_needed,,-1.2140251226209948e-18,72355.81567939316,78690.89874764199,sweep100,2930.296804371216,2930.296804371216,2930.296804371216,L46-@12;L46-@13;L46-@14;L46-@15;L78-@13;L78-@14;L78-@15,step9,75333.30116180964,2977.4854824164795,0.041150603506560475,L46-@12;L46-@13;L46-@14;L46-@15;L78-@12;L78-@13;L78-@14;L78-@15,oracle_p33,97009.10747149118,18318.208723849195,0.23278687898323325,L46-@11;L46-@12;L46-@13;L46-@14;L46-@15;L78-@13;L78-@14,18318.208723849195,2930.296804371216,False
396,exit,audit_selected,sweep100,optimal,L46-@11;L46-@12;L46-@13;L46-@14;L46-@15;L46-@16;L78-@12;L78-@13;L78-@14;L78-@15,9ba55a9bfc,219703.6457669519,False,not_needed,,-1.0935037325189493e-18,75479.07852148946,67073.21139959527,audit_selected,3424.5526143869865,3424.5526143869865,3424.5526143869865,L46-@11;L46-@12;L46-@13;L46-@14;L46-@15;L46-@16;L78-@12;L78-@13;L78-@14;L78-@15,sweep100,75563.4562730604,84.37775157093711,0.0011178958888179078,L46-@11;L46-@12;L46-@13;L46-@14;L46-@15;L46-@16;L78-@12;L78-@13;L78-@14;L78-@15;L78-@16,oracle_p33,125641.24199105459,58568.03059145932,0.8731955630174691,L46-@14,58568.03059145932,3424.5526143869865,False
360,exit,sweep100,sweep100,optimal,L46-@11;L46-@12;L46-@13;L46-@14;L46-@15;L46-@16;L78-@12;L78-@13;L78-@14;L78-@15;L78-@16,68997349c3,219688.7101034265,False,not_needed,,-1.8485953090463508e-18,75563.4562730604,61637.865573277566,audit_selected,3572.6818051264654,3572.6818051264654,3572.6818051264654,L46-@11;L46-@12;L46-@13;L46-@14;L46-@15;L46-@16;L78-@12;L78-@13;L78-@14;L78-@15,sweep100,75563.4562730604,0.0,0.0,L46-@11;L46-@12;L46-@13;L46-@14;L46-@15;L46-@16;L78-@12;L78-@13;L78-@14;L78-@15;L78-@16,oracle_p33,125641.24199105935,64003.37641778178,1.0383775593541928,L46-@14,64003.37641778178,3572.6818051264654,False
423,exit,oracle_p75,sweep100,optimal,L46-@11;L46-@12;L46-@13;L46-@14;L46-@15;L46-@16;L78-@12;L78-@13;L78-@14;L78-@15;L78-@16,68997349c3,220574.14813160317,False,not_needed,,-1.2162784524366726e-18,74886.1032794258,59164.529448376714,sweep100,3599.337912149937,3599.337912149937,3599.337912149937,L46-@11;L46-@12;L46-@13;L46-@14;L46-@15;L46-@16;L78-@12;L78-@13;L78-@14;L78-@15,sweep100,75563.4562730604,677.3529936345876,0.00904510935903756,L46-@11;L46-@12;L46-@13;L46-@14;L46-@15;L46-@16;L78-@12;L78-@13;L78-@14;L78-@15;L78-@16,oracle_p33,122054.49309120473,62889.963642828014,1.0629673594835547,,62889.963642828014,3599.337912149937,False
387,exit,step9,sweep100,optimal,L46-@11;L46-@12;L46-@13;L46-@14;L46-@15;L46-@16;L78-@12;L78-@13;L78-@14;L78-@15;L78-@16,68997349c3,220107.52322572828,True,ma27_optimal,2.1827872842550278e-11,-1.1768080840336295e-18,75238.74913214667,59164.5294483766,sweep100,3599.3379131497863,3599.3379131497863,3599.3379131497863,L46-@11;L46-@12;L46-@13;L46-@14;L46-@15;L46-@16;L78-@12;L78-@13;L78-@14;L78-@15,sweep100,75563.4562730604,324.7071409137279,0.004315690314619982,L46-@11;L46-@12;L46-@13;L46-@14;L46-@15;L46-@16;L78-@12;L78-@13;L78-@14;L78-@15;L78-@16,oracle_p33,122054.49305205888,62889.963603682285,1.062967358821915,,62889.963603682285,3599.3379131497863,False
416,exit,oracle_p33,step4,optimal,L46-@11;L46-@12;L46-@13;L46-@14;L46-@15;L78-@12;L78-@13;L78-@14;L78-@15,134084a305,220615.8175013706,False,not_needed,,-2.1814260933684247e-13,72391.01390197103,78340.85954574423,oracle_p33,3603.994282751275,3603.994282751275,3603.994282751275,L46-@11;L46-@12;L46-@13;L46-@14;L46-@15;L78-@13;L78-@14;L78-@15,step9,75368.51033409867,2977.4964321276348,0.04113074636804562,L46-@11;L46-@12;L46-@13;L46-@14;L46-@15;L78-@12;L78-@13;L78-@14;L78-@15,oracle_p33,97009.10747149118,18668.247925746953,0.23829516339230775,L46-@11;L46-@12;L46-@13;L46-@14;L46-@15;L78-@13;L78-@14,18668.247925746953,3603.994282751275,False
408,exit,exit,step7,optimal,L46-@12;L46-@13;L46-@14;L46-@15;L78-@12;L78-@13;L78-@14;L78-@15,fd4d461036,220276.20261177517,False,not_needed,,-1.3933683969987338e-18,72368.67686143485,78690.89527217606,oracle_p33,4063.3832059080833,4063.3832059080833,4063.3832059080833,L46-@12;L46-@13;L46-@14;L78-@13;L78-@14;L78-@15,step9,75333.30116180964,2964.6243003747804,0.04096557279955776,L46-@12;L46-@13;L46-@14;L46-@15;L78-@12;L78-@13;L78-@14;L78-@15,oracle_p33,97009.10747149019,18318.212199314134,0.23278693343054624,L46-@11;L46-@12;L46-@13;L46-@14;L46-@15;L78-@13;L78-@14,18318.212199314134,4063.3832059080833,False
407,exit,exit,step4,optimal,L46-@11;L46-@12;L46-@13;L46-@14;L46-@15;L78-@12;L78-@13;L78-@14;L78-@15,134084a305,220736.1857668707,False,not_needed,,-2.476098273423983e-18,72403.84067507082,78340.5573094811,oracle_p33,4063.39535518352,4063.39535518352,4063.39535518352,L46-@11;L46-@12;L46-@13;L46-@14;L78-@13;L78-@14;L78-@15,step9,75368.51033409867,2964.6696590278443,0.040946303833970535,L46-@11;L46-@12;L46-@13;L46-@14;L46-@15;L78-@12;L78-@13;L78-@14;L78-@15,oracle_p33,97009.10747149019,18668.550162009094,0.2382999407096348,L46-@11;L46-@12;L46-@13;L46-@14;L46-@15;L78-@13;L78-@14,18668.550162009094,4063.39535518352,False
409,exit,exit,audit_selected,optimal,L46-@12;L46-@13;L46-@14;L46-@15;L78-@12;L78-@13;L78-@14;L78-@15,fd4d461036,222714.5044933049,False,not_needed,,-2.009495218092567e-18,72316.12500000074,73719.73754888435,oracle_p33,4333.74054017928,4333.74054017928,4333.74054017928,L46-@12;L46-@13;L46-@14;L46-@15;L78-@12;L78-@13;L78-@14;L78-@15,step3,75075.26695207505,2759.1419520743075,0.038153896548996216,L46-@12;L46-@13;L46-@14;L46-@15;L78-@12;L78-@13;L78-@14;L78-@15,oracle_p33,97009.10747149019,23289.369922605838,0.3159176998854941,L46-@11;L46-@12;L46-@13;L46-@14;L46-@15;L78-@13;L78-@14,23289.369922605838,4333.74054017928,False
406,exit,exit,step1,optimal,L46-@12;L46-@13;L46-@14;L46-@15;L78-@12;L78-@13;L78-@14;L78-@15,fd4d461036,222663.824599688,False,not_needed,,-6.64544769100332e-19,72316.12500000007,73759.16931252874,oracle_p33,4333.740540179313,4333.740540179313,4333.740540179313,L46-@12;L46-@13;L46-@14;L46-@15;L78-@12;L78-@13;L78-@14;L78-@15,step3,75075.26695207409,2759.1419520740164,0.038153896548992546,L46-@12;L46-@13;L46-@14;L46-@15;L78-@12;L78-@13;L78-@14;L78-@15,oracle_p33,97009.10747149019,23249.93815896145,0.31521420828979174,L46-@11;L46-@12;L46-@13;L46-@14;L46-@15;L78-@13;L78-@14,23249.93815896145,4333.740540179313,False
418,exit,oracle_p33,audit_selected,optimal,L46-@12;L46-@13;L46-@14;L46-@15;L78-@12;L78-@13;L78-@14;L78-@15,fd4d461036,222583.04616822762,False,not_needed,,-1.08984037094086e-18,71946.26342393331,73430.06759423004,oracle_p33,4501.156019237755,4501.156019237755,4501.156019237755,L46-@12;L46-@13;L46-@14;L46-@15;L78-@12;L78-@13;L78-@14;L78-@15,step3,75075.26695207505,3129.0035281417368,0.043490841347861534,L46-@12;L46-@13;L46-@14;L46-@15;L78-@12;L78-@13;L78-@14;L78-@15,oracle_p33,97009.10747149118,23579.039877261137,0.32110878622034555,L46-@11;L46-@12;L46-@13;L46-@14;L46-@15;L78-@13;L78-@14,23579.039877261137,4501.156019237755,False
415,exit,oracle_p33,step1,optimal,L46-@12;L46-@13;L46-@14;L46-@15;L78-@12;L78-@13;L78-@14;L78-@15,fd4d461036,222532.90975433498,False,not_needed,,-1.266941017798635e-18,71946.2634239325,73468.9558781524,oracle_p33,4501.15601924129,4501.15601924129,4501.15601924129,L46-@12;L46-@13;L46-@14;L46-@15;L78-@12;L78-@13;L78-@14;L78-@15,step3,75075.26695207409,3129.0035281415912,0.04349084134786,L46-@12;L46-@13;L46-@14;L46-@15;L78-@12;L78-@13;L78-@14;L78-@15,oracle_p33,97009.10747149118,23540.151593338785,0.320409502380569,L46-@11;L46-@12;L46-@13;L46-@14;L46-@15;L78-@13;L78-@14,23540.151593338785,4501.15601924129,False
414,exit,oracle_p33,sweep100,optimal,L46-@11;L46-@12;L46-@13;L46-@14;L46-@15;L46-@16;L78-@12;L78-@13;L78-@14;L78-@15;L78-@16,68997349c3,224550.2395448463,True,ma27_optimal,0.00017813986050896347,-8.24961078916106e-19,72976.63278808577,60184.839220635324,oracle_p33,4501.156019416856,4501.156019416856,4501.156019416856,L46-@11;L46-@12;L46-@13;L46-@14;L46-@15;L46-@16;L78-@12;L78-@13;L78-@14;L78-@15;L78-@16,sweep100,75563.4562730604,2586.8234849746223,0.03544728478342384,L46-@11;L46-@12;L46-@13;L46-@14;L46-@15;L46-@16;L78-@12;L78-@13;L78-@14;L78-@15;L78-@16,oracle_p33,97009.10747149118,36824.26825085586,0.6118528973029154,L46-@11;L46-@12;L46-@13;L46-@14;L46-@15;L78-@13;L78-@14,36824.26825085586,4501.156019416856,False
405,exit,exit,sweep100,optimal,L46-@11;L46-@12;L46-@13;L46-@14;L46-@15;L46-@16;L78-@12;L78-@13;L78-@14;L78-@15;L78-@16,68997349c3,224703.47718872922,False,not_needed,,-1.024707583419183e-18,72956.62500000041,60184.83922063548,oracle_p33,4501.156019966533,4501.156019966533,4501.156019966533,L46-@11;L46-@12;L46-@13;L46-@14;L46-@15;L46-@16;L78-@12;L78-@13;L78-@14;L78-@15;L78-@16,sweep100,75563.4562730604,2606.8312730599864,0.03573124816368591,L46-@11;L46-@12;L46-@13;L46-@14;L46-@15;L46-@16;L78-@12;L78-@13;L78-@14;L78-@15;L78-@16,oracle_p33,97009.10747149019,36824.268250854715,0.6118528973028948,L46-@11;L46-@12;L46-@13;L46-@14;L46-@15;L78-@13;L78-@14,36824.268250854715,4501.156019966533,False
392,exit,step9,exit,optimal,L46-@11;L46-@12;L46-@13;L46-@14;L46-@15;L46-@16;L78-@12;L78-@13;L78-@14;L78-@15;L78-@16,68997349c3,227087.79340929803,False,not_needed,,-5.6826285544633275e-18,77473.78546137772,54687.23451219213,oracle_p33,4501.1560199674705,4501.1560199674705,4501.1560199674705,L46-@11;L46-@12;L46-@13;L46-@14;L46-@15;L46-@16;L78-@12;L78-@13;L78-@14;L78-@15;L78-@16,step3,77645.12433443117,171.3388730534498,0.002211572237410108,L46-@11;L46-@12;L46-@13;L46-@14;L46-@15;L46-@16;L78-@12;L78-@13;L78-@14;L78-@15;L78-@16,oracle_p33,122054.49305205888,67367.25853986674,1.2318644221230037,,67367.25853986674,4501.1560199674705,False
374,exit,step3,exit,optimal,L46-@11;L46-@12;L46-@13;L46-@14;L46-@15;L46-@16;L78-@12;L78-@13;L78-@14;L78-@15;L78-@16,68997349c3,226914.66000697162,True,ma27_optimal,1.1097290553152561e-06,-1.9318997619417392e-18,77645.12433443117,54687.2345121862,oracle_p33,4501.15602321384,4501.15602321384,4501.15602321384,L46-@11;L46-@12;L46-@13;L46-@14;L46-@15;L46-@16;L78-@12;L78-@13;L78-@14;L78-@15;L78-@16,step3,77645.12433443117,0.0,0.0,L46-@11;L46-@12;L46-@13;L46-@14;L46-@15;L46-@16;L78-@12;L78-@13;L78-@14;L78-@15;L78-@16,oracle_p33,120273.66251322295,65586.42800103675,1.1993005056129111,L46-@14,65586.42800103675,4501.15602321384,False
401,exit,audit_selected,exit,optimal,L46-@11;L46-@12;L46-@13;L46-@14;L46-@15;L46-@16;L78-@12;L78-@13;L78-@14;L78-@15,9ba55a9bfc,226637.39891892095,False,not_needed,,-9.870462725933074e-19,77485.1618823234,62321.86646341365,oracle_p33,4501.156023213949,4501.156023213949,4501.156023213949,L46-@11;L46-@12;L46-@13;L46-@14;L46-@15;L46-@16;L78-@12;L78-@13;L78-@14;L78-@15,step3,77645.12433443117,159.96245210776397,0.0020644268944123613,L46-@11;L46-@12;L46-@13;L46-@14;L46-@15;L46-@16;L78-@12;L78-@13;L78-@14;L78-@15;L78-@16,oracle_p33,125641.24199105459,63319.375527640936,1.0160057636401643,L46-@14,63319.375527640936,4501.156023213949,False
365,exit,sweep100,exit,optimal,L46-@11;L46-@12;L46-@13;L46-@14;L46-@15;L46-@16;L78-@12;L78-@13;L78-@14;L78-@15;L78-@16,68997349c3,226640.96342446795,False,not_needed,,-1.041477689669356e-18,77136.81946482329,56886.52063707307,oracle_p33,4501.156023213956,4501.156023213956,4501.156023213956,L46-@11;L46-@12;L46-@13;L46-@14;L46-@15;L46-@16;L78-@12;L78-@13;L78-@14;L78-@15;L78-@16,step3,77645.12433443117,508.30486960787675,0.0065896529456944885,L46-@11;L46-@12;L46-@13;L46-@14;L46-@15;L46-@16;L78-@12;L78-@13;L78-@14;L78-@15;L78-@16,oracle_p33,125641.24199105935,68754.72135398627,1.208629400849288,L46-@14,68754.72135398627,4501.156023213956,False
428,exit,oracle_p75,exit,optimal,L46-@11;L46-@12;L46-@13;L46-@14;L46-@15;L46-@16;L78-@12;L78-@13;L78-@14;L78-@15;L78-@16,68997349c3,227614.74609746702,False,not_needed,,0.0,77060.81182637317,54687.23451214394,oracle_p33,4501.15602321411,4501.15602321411,4501.15602321411,L46-@11;L46-@12;L46-@13;L46-@14;L46-@15;L46-@16;L78-@12;L78-@13;L78-@14;L78-@15;L78-@16,step3,77645.12433443117,584.3125080579921,0.007582485756502475,L46-@11;L46-@12;L46-@13;L46-@14;L46-@15;L46-@16;L78-@12;L78-@13;L78-@14;L78-@15;L78-@16,oracle_p33,122054.49309120473,67367.25857906078,1.2318644228407836,,67367.25857906078,4501.15602321411,False
383,exit,step6,exit,optimal,L46-@11;L46-@12;L46-@13;L46-@14;L46-@15;L46-@16;L78-@12;L78-@13;L78-@14;L78-@15;L78-@16,68997349c3,227113.73830422066,False,not_needed,,-3.1904975313150564e-18,77461.04180377498,54687.234512192204,oracle_p33,4501.15602321446,4501.15602321446,4501.15602321446,L46-@11;L46-@12;L46-@13;L46-@14;L46-@15;L46-@16;L78-@12;L78-@13;L78-@14;L78-@15;L78-@16,step3,77645.12433443117,184.0825306561892,0.0023764530707256525,L46-@11;L46-@12;L46-@13;L46-@14;L46-@15;L46-@16;L78-@12;L78-@13;L78-@14;L78-@15;L78-@16,oracle_p33,122054.49309120284,67367.25857901064,1.2318644228387796,,67367.25857901064,4501.15602321446,False
410,exit,exit,exit,optimal,L46-@11;L46-@12;L46-@13;L46-@14;L46-@15;L46-@16;L78-@12;L78-@13;L78-@14;L78-@15;L78-@16,68997349c3,232086.32922048698,True,ma27_optimal,0.0005369447899283841,-2.076954844377776e-12,73943.6252211057,54714.638975249945,oracle_p33,5270.1100243488,5270.110024348802,5270.110024348802,L46-@11;L46-@12;L46-@13;L46-@14;L46-@15;L46-@16;L78-@12;L78-@13;L78-@14;L78-@15;L78-@16,step3,77645.12433443117,3701.499113325466,0.05005839384067619,L46-@11;L46-@12;L46-@13;L46-@14;L46-@15;L46-@16;L78-@12;L78-@13;L78-@14;L78-@15;L78-@16,oracle_p33,97009.10747149019,42294.468496240246,0.7730009607734424,L46-@11;L46-@12;L46-@13;L46-@14;L46-@15;L78-@13;L78-@14,42294.468496240246,5270.110024348802,False
419,exit,oracle_p33,exit,optimal,L46-@11;L46-@12;L46-@13;L46-@14;L46-@15;L46-@16;L78-@12;L78-@13;L78-@14;L78-@15;L78-@16,68997349c3,231895.39645303052,True,ma27_optimal,0.00020050100283697248,-1.117291599670768e-18,74001.32716496265,54714.63951219348,oracle_p33,5270.110030745795,5270.110030745795,5270.110030745795,L46-@11;L46-@12;L46-@13;L46-@14;L46-@15;L46-@16;L78-@12;L78-@13;L78-@14;L78-@15;L78-@16,step3,77645.12433443117,3643.797169468511,0.04923961919420462,L46-@11;L46-@12;L46-@13;L46-@14;L46-@15;L46-@16;L78-@12;L78-@13;L78-@14;L78-@15;L78-@16,oracle_p33,97009.10747149118,42294.467959297705,0.7730009433740697,L46-@11;L46-@12;L46-@13;L46-@14;L46-@15;L78-@13;L78-@14,42294.467959297705,5270.110030745795,False
