node,x_power_mw,x_energy_mwh,energy_power_ratio_h
N1,2.978802275173881e-08,7.395120867502643e-08,2.482581985765057
N2,2.9251302504530793e-08,7.361284751656916e-08,2.5165664846947284
N3,20.391325664447827,40.78265133418559,2.000000000259421
N4,2.9494969375419025e-08,7.3455715921116e-08,2.490448963894625
N5,3.059561973567406e-08,7.51103467273035e-08,2.454937908635526
N6,3.204736615712689e-08,7.82290389495296e-08,2.441044251997993
N7,2.917197527220579e-08,7.348230044781449e-08,2.5189346885888213
N8,44.08071936298609,205.9031999076851,4.671048995642727
N9,17.877966346118626,35.755932697520834,2.000000000295536
