{
  "model": "Single Investor Primal-Dual MPEC",
  "investor": "I3",
  "wacc": 0.08,
  "solver_status": "ok",
  "termination": "optimal",
  "profit_eur_per_day": 137789.2370098048,
  "spot_revenue_eur_per_day": 5051.652845635355,
  "degradation_cost_eur_per_day": 4245.896529419166,
  "capex_daily_eur_per_day": 1872.2844175923492,
  "lower_level_primal_objective_eur_per_day": 433857.4434748864,
  "lower_level_dual_objective_eur_per_day": 433857.432964048,
  "strong_duality_gap": 0.01051083841593936,
  "total_power_mw": 82.3500115539018,
  "total_energy_mwh": 282.441784387233,
  "total_charge_mwh": 301.7540347130495,
  "total_discharge_mwh": 264.36550254283924,
  "total_storage_throughput_mwh": 566.1195372558888,
  "total_load_shed_mwh": 0.0,
  "equivalent_cycles_throughput_over_2e": 1.0021880057232047,
  "equivalent_cycles_discharge_over_e": 0.9359999729373936,
  "line_limits_mw": {
    "L14": 400.0,
    "L45": 400.0,
    "L46": 200.0,
    "L69": 200.0,
    "L57": 400.0,
    "L93": 400.0,
    "L72": 400.0,
    "L98": 200.0,
    "L78": 200.0
  },
  "existing_power_mw_per_node": 0.0,
  "existing_ratio_hours": 2.0,
  "storage_units": [
    "I3",
    "RIV"
  ],
  "demand_model": "quadratic",
  "load_shed_allowed": true,
  "quadratic_demand_alpha_eur_per_mwh": 4000,
  "quadratic_demand_beta_eur_per_mwh_per_share": 10000,
  "quadratic_demand_source": "fixed_default"
}