node,x_power_mw,x_energy_mwh,energy_power_ratio_h
N1,8.660121010381649e-08,1.8991766134028342e-07,2.1930139441771357
N2,9.2644908612141e-08,1.9658997115861406e-07,2.121972746302123
N3,10.746930274103473,21.493860544651245,1.9999999996691427
N4,8.676716674360487e-08,1.9023236045591902e-07,2.192446377995165
N5,8.712936765442327e-08,1.9085139571308016e-07,2.1904370575721868
N6,9.65863361367236e-08,2.2305177981030875e-07,2.30935128851524
N7,9.264505562689934e-08,1.965902579472034e-07,2.1219724745906867
N8,2.4690289292737287e-08,1.239538773686341e-07,5.020349332443644
N9,35.31884007092219,70.63768013829382,1.999999999899471
