{
  "model": "Single Investor Primal-Dual MPEC",
  "investor": "I2",
  "wacc": 0.12,
  "solver_status": "ok",
  "termination": "optimal",
  "profit_eur_per_day": 1941.950676182323,
  "spot_revenue_eur_per_day": 4145.427743410358,
  "degradation_cost_eur_per_day": 1384.996917825076,
  "capex_daily_eur_per_day": 818.4801464582449,
  "lower_level_primal_objective_eur_per_day": 433913.4469426129,
  "lower_level_dual_objective_eur_per_day": 433913.43654354545,
  "strong_duality_gap": 0.01039906742516905,
  "total_power_mw": 46.06577091209,
  "total_energy_mwh": 92.13154199413236,
  "total_charge_mwh": 98.43113354801167,
  "total_discharge_mwh": 86.23512216199849,
  "total_storage_throughput_mwh": 184.66625571001015,
  "total_load_shed_mwh": 0.0,
  "equivalent_cycles_throughput_over_2e": 1.0021880222181188,
  "equivalent_cycles_discharge_over_e": 0.9359999875774423,
  "line_limits_mw": {
    "L14": 400.0,
    "L45": 400.0,
    "L46": 200.0,
    "L69": 200.0,
    "L57": 400.0,
    "L93": 400.0,
    "L72": 400.0,
    "L98": 200.0,
    "L78": 200.0
  },
  "existing_power_mw_per_node": 0.0,
  "existing_ratio_hours": 2.0,
  "storage_units": [
    "I2",
    "RIV"
  ],
  "demand_model": "quadratic",
  "load_shed_allowed": true,
  "quadratic_demand_alpha_eur_per_mwh": 4000,
  "quadratic_demand_beta_eur_per_mwh_per_share": 10000,
  "quadratic_demand_source": "fixed_default"
}