unit,hour,node,soc_start_mwh,soc_end_mwh,p_charge_mw,p_discharge_mw,net_injection_mw,lambda_eur_per_mwh,spot_revenue_eur,degradation_cost_eur,rho_charge_dual,sigma_discharge_dual,gamma_soc_transition_dual
I2,1,N1,4.2686279596748485e-06,4.204094502641947e-06,1.5228073137695183e-07,1.9381585541921767e-07,4.153512404226584e-08,67.15000053578878,2.7890836016922045e-06,2.5957244009712715e-06,-1.0218665741022352,-1.037912661260983,-65.80929589416517
I2,2,N1,4.204094502641947e-06,4.139535760949036e-06,1.522718774954952e-07,1.9383176501085828e-07,4.1559887515363085e-08,67.15000048628055,2.790746466866396e-06,2.5957773187976512e-06,-1.0218616895536212,-1.0379210367991392,-65.80810784466232
I2,3,N1,4.139535760949036e-06,4.074441823734779e-06,1.520848443812947e-07,1.9416884905561852e-07,4.208400467432381e-08,67.15000039845111,2.8259409306492626e-06,2.596902700776849e-06,-1.0217684019243092,-1.038085414222862,-65.78375767241002
I2,4,N1,4.074441823734779e-06,4.008295518461555e-06,1.5171912327705546e-07,1.948334587622727e-07,4.3114335485217234e-08,67.15000027818706,2.895127639826188e-06,2.599144365294961e-06,-1.0215862309397739,-1.0384098936402955,-65.73597072747492
I2,5,N1,4.008295518461555e-06,3.940565150374456e-06,1.5117371218477326e-07,1.958383090797556e-07,4.4664596894982344e-08,67.15000042672233,2.9992277005574452e-06,2.6025901594839665e-06,-1.0213145949125342,-1.0389023054911621,-65.66420383394295
I2,6,N1,3.940565150374456e-06,3.87069659128775e-06,1.504471154985662e-07,1.9720308740498934e-07,4.675597190642314e-08,67.15000054363983,3.1396635389347227e-06,2.607376521776666e-06,-1.0209526784325866,-1.039574850874201,-65.5676286035661
I2,7,N1,3.87069659128775e-06,3.7981042425990196e-06,1.4953731361525193e-07,1.989554806817192e-07,4.941816706646728e-08,67.15000061048285,3.318429948682221e-06,2.6136959572272836e-06,-1.0204993617722018,-1.0404449909064846,-65.44510514758854
I2,8,N1,3.7981042425990196e-06,3.7221603715516264e-06,1.484417337231687e-07,2.0113267244829346e-07,5.2690938725124755e-08,67.15000062737404,3.5381965684490546e-06,2.621808046285966e-06,-1.0199532087024719,-1.041536704024367,-65.29514338262676
I2,9,N1,3.7221603715516264e-06,3.6421820872714524e-06,1.471571991454049e-07,2.0378350762873562e-07,5.662630848333071e-08,67.15000057152693,3.8024566470191175e-06,2.632055300806054e-06,-1.0193122908901864,-1.0428825447164476,-65.11584774628658
I2,10,N1,3.6421820872714524e-06,3.7882923382568633e-06,2.9230805607041903e-07,1.193307237687249e-07,-1.7297733230169412e-07,60.00000066173386,-1.0378640052566604e-05,3.0872908487935796e-06,-1.083020090492302,-1.0076670322399446,-64.90483808347874
I2,11,N1,3.7882923382568633e-06,3.929774378933212e-06,2.883384356391229e-07,1.2018496003663113e-07,-1.6815347560249174e-07,60.000000581586406,-1.008920863394528e-05,3.063925467568155e-06,-1.0808636184970897,-1.0080834282179956,-64.75044983245418
I2,12,N1,3.929774378933212e-06,4.068253632196528e-06,2.8577960851258153e-07,1.20753790844975e-07,-1.6502581766760652e-07,60.00000056263664,-9.901549152905963e-06,3.049000495181674e-06,-1.0794890999140596,-1.0083604065682212,-64.6491195844149
I2,13,N1,4.068253632196528e-06,4.20524645648515e-06,2.8451791546601007e-07,1.210397241339593e-07,-1.6347819133205077e-07,60.000000545988826,-9.808691569180311e-06,3.04168229699977e-06,-1.0788159261504602,-1.0084995277180049,-64.5986358788513
I2,14,N1,4.20524645648515e-06,4.342217427199464e-06,2.844993903749166e-07,1.2104394932130496e-07,-1.6345544105361162e-07,60.00000051777493,-9.807326547849826e-06,3.0415750477216615e-06,-1.07880663192377,-1.0085014584525092,-64.59793221666295
I2,15,N1,4.342217427199464e-06,4.480630368843196e-06,2.857232507595247e-07,1.2076648371888323e-07,-1.6495676704064145e-07,60.00000051070892,-9.89740610668338e-06,3.048673008588059e-06,-1.0794607157758465,-1.0083662066601957,-64.64699379961516
I2,16,N1,4.480630368843196e-06,4.621999296874423e-06,2.8824180400354946e-07,1.2020617488306473e-07,-1.6803562912048473e-07,60.00000055415275,-1.008213784034649e-05,3.0633598416496066e-06,-1.0808145615086457,-1.0080931232803272,-64.74685627726922
I2,17,N1,4.621999296874423e-06,4.7679454184653564e-06,2.9216675704309094e-07,1.1936055736930977e-07,-1.7280619967378117e-07,60.00000061276928,-1.03683720863172e-05,3.0864548580930054e-06,-1.0829474319349783,-1.0076806741007434,-64.8996962313782
I2,18,N1,4.7679454184653564e-06,4.687805310592686e-06,1.4710644526362746e-07,2.0389050923850283e-07,5.678406397487537e-08,67.15000051742521,3.8130499252943875e-06,2.632477158765977e-06,-1.0192883724868183,-1.0429342321817292,-65.10903445825397
I2,19,N1,4.687805310592686e-06,4.6116623464448725e-06,1.4837747365542086e-07,2.012627256019724e-07,5.2885251946551534e-08,67.14999983366901,3.5512446594144794e-06,2.6223014944304494e-06,-1.0199226320968455,-1.0415993322574475,-65.2866195624824
I2,20,N1,4.6116623464448725e-06,4.538832771465802e-06,1.4945890720107582e-07,1.9910883294364464e-07,4.9649925742568814e-08,67.14999990125447,3.333992508710788e-06,2.6142580510854035e-06,-1.020461763226988,-1.0405186667218909,-65.43481061813227
I2,21,N1,4.538832771465802e-06,4.468687453187712e-06,1.5035387063708196e-07,1.973804425579564e-07,4.702657192087444e-08,67.15000061654517,3.1578343334807247e-06,2.608007348962788e-06,-1.0209076483980317,-1.0396599706317136,-65.55548285166572
I2,22,N1,4.468687453187712e-06,4.400638917416354e-06,1.510648986989144e-07,1.9604078297251583e-07,4.497588427360143e-08,67.15000060889594,3.020130656357969e-06,2.6032926125357263e-06,-1.0212617054764705,-1.0389995019847924,-65.65010602348205
I2,23,N1,4.400638917416354e-06,4.334130628768821e-06,1.515939528490169e-07,1.950626138893035e-07,4.34686610402866e-08,67.15000057721936,2.918920613946198e-06,2.599924250537403e-06,-1.0215251157214016,-1.0385199605131086,-65.71979916965277
I2,24,N1,4.334130628768821e-06,4.2686279596748485e-06,1.519424808850646e-07,1.9442669800543969e-07,4.248421712037507e-08,67.15000055272638,2.852815203115334e-06,2.5977688416787824e-06,-1.0216987020028119,-1.0382093517598823,-65.76536913111909
I2,1,N2,2.733645273445013e-06,2.841805259317631e-06,2.5023919338079026e-07,1.1799580958736656e-07,-1.3224338379342372e-07,67.15000064885106,-8.880143307534662e-06,2.761762522261176e-06,-1.3989437654356973,-1.3097290770951944,-70.86661201891651
I2,2,N2,2.841805259317631e-06,2.9500765833530715e-06,2.503293812926368e-07,1.1797061033578161e-07,-1.3235877095685515e-07,67.15000060832645,-8.887891550270166e-06,2.762249937213138e-06,-1.3990206257480886,-1.3097080733781363,-70.87136918360191
I2,3,N2,2.9500765833530715e-06,3.0605324199920866e-06,2.52103690189949e-07,1.1748037146653556e-07,-1.3462331872341345e-07,67.15000053359762,-9.039955924111895e-06,2.7718804624236344e-06,-1.400458185233996,-1.3093243899980822,-70.95717812871384
I2,4,N2,3.0605324199920866e-06,3.1753616891267487e-06,2.5568236404524164e-07,1.1652210050053634e-07,-1.391602635447053e-07,67.15000042479201,-9.344611756141129e-06,2.7915334840933348e-06,-1.4033729156687322,-1.308576181184366,-71.12686399550795
I2,5,N2,3.1753616891267487e-06,3.2970011582419064e-06,2.613229095825536e-07,1.1508941270184903e-07,-1.4623349688070458e-07,67.150000562343,-9.819579397772695e-06,2.82309241713302e-06,-1.4080186828667483,-1.307459130236829,-71.38627292391408
I2,6,N2,3.2970011582419064e-06,3.4283195724905508e-06,2.694742433417041e-07,1.1317127095796294e-07,-1.5630297238374115e-07,67.15000065815377,-1.049574469843961e-05,2.8698413572475026e-06,-1.4148522636441403,-1.3059653014242454,-71.74506167143137
I2,7,N2,3.4283195724905508e-06,3.5729070769985603e-06,2.8088645069341686e-07,1.1074959168720244e-07,-1.7013685900621442e-07,67.15000071721856,-1.142469020429261e-05,2.937270317854645e-06,-1.424675034520993,-1.3040807805496355,-72.2182254746544
I2,8,N2,3.5729070769985603e-06,3.7355810470480236e-06,2.968368223567862e-07,1.0779471675319366e-07,-1.8904210560359252e-07,67.15000074828002,-1.2694177532737669e-05,3.0347365433248486e-06,-1.438954354500879,-1.301780601691646,-72.8290613401694
I2,9,N2,3.7355810470480236e-06,3.923372886212471e-06,3.1963352366031537e-07,1.0425649008678491e-07,-2.1537703357353045e-07,67.15000068389554,-1.4462567951757964e-05,3.179175103103252e-06,-1.4606464506993022,-1.299017715124516,-73.61535315443733
I2,10,N2,3.923372886212471e-06,5.403771397155009e-06,1.6636510179987204e-06,7.186499602239182e-08,-1.5917860219763285e-06,60.000000731748514,-9.550716248336676e-05,1.3016370105158342e-05,-4.112455550905183,-1.2778011759032841,-74.64419306734777
I2,11,N2,5.403771397155009e-06,4.512329792532645e-06,7.787536717769869e-08,9.026156396094455e-07,8.247402724317469e-07,100.68355665026111,8.303778394113356e-05,7.3536825509035826e-06,-1.2789986941451401,-2.429917384693376,-87.26803199313152
I2,12,N2,4.512329792532645e-06,3.6338894186280178e-06,7.739627430848622e-08,8.900267563112989e-07,8.126304820028127e-07,100.68357076739629,8.181853864247354e-05,7.255672729648389e-06,-1.2814152198981708,-1.8892482679326605,-88.72958111391874
I2,13,N2,3.6338894186280178e-06,2.8874693602966997e-06,7.894992848820056e-08,7.678168911469124e-07,6.888669626587119e-07,100.68357277489318,6.935758696706804e-05,6.350751147263347e-06,-1.2823376160122146,-1.779367428472887,-89.25582068441962
I2,14,N2,2.8874693602966997e-06,2.0275894457893246e-06,7.739497205669596e-08,8.726530254178862e-07,7.952580533611903e-07,100.68357283956665,8.00694221418434e-05,7.125359981059366e-06,-1.282344242527607,-1.779261959735018,-89.25585101359583
I2,15,N2,2.0275894457893246e-06,1.1554800719048576e-06,7.746379918554158e-08,8.841600985671173e-07,8.066962993815757e-07,100.68357212852978,8.122106504460292e-05,7.2121792331449414e-06,-1.2814151437250503,-1.889210249567728,-88.7297327303575
I2,16,N2,1.1554800719048576e-06,2.682939017487312e-07,7.792047247191225e-08,8.986720695168868e-07,8.207515970449746e-07,100.68355709748167,8.263619028392696e-05,7.324444064915993e-06,-1.2789992472714347,-2.429688823623753,-87.26847733280808
I2,17,N2,2.682939017487312e-07,1.7515764198534727e-06,1.6666645250529207e-06,7.180568679472574e-08,-1.594858838258195e-06,60.00000067433018,-9.569153137095315e-05,1.3038526588857347e-05,-4.129555355130942,-1.277762850267511,-74.66557779006352
I2,18,N2,1.7515764198534727e-06,1.9403902489362152e-06,3.2057506767004634e-07,1.0412479046401006e-07,-2.1645027720603627e-07,67.15000068649246,-1.453463626297682e-05,3.185248936005423e-06,-1.4614639734455144,-1.298928631618379,-73.64039083979183
I2,19,N2,1.9403902489362152e-06,2.104111988503239e-06,2.977736001224713e-07,1.0763471173816265e-07,-1.9013888838430867e-07,67.15000135569987,-1.2767826612777593e-05,3.0405623389547545e-06,-1.4397320379400074,-1.3016695354771035,-72.8583666637721
I2,20,N2,2.104111988503239e-06,2.2498075281981013e-06,2.818510681738055e-07,1.1055756826840711e-07,-1.712934999053984e-07,67.15000140327844,-1.1502358759019977e-05,2.943064773316595e-06,-1.4254562808402493,-1.3039444475040365,-72.25241003986987
I2,21,N2,2.2498075281981013e-06,2.382322456283661e-06,2.704924145328102e-07,1.1294334971445301e-07,-1.575490648183572e-07,67.15000091975968,-1.0579419847459963e-05,2.875768231854474e-06,-1.4156658975885064,-1.3058001836626392,-71.78480669208908
I2,22,N2,2.382322456283661e-06,2.5052737390063194e-06,2.624186384641661e-07,1.1482151885549369e-07,-1.475971196086724e-07,67.15000076119942,-9.911146694073193e-06,2.8293011798974487e-06,-1.408888971855808,-1.3072614652620171,-71.43236465480904
I2,23,N2,2.5052737390063194e-06,2.6215584162116222e-06,2.568809813384715e-07,1.1620994236254591e-07,-1.4067103897592556e-07,67.15000070392111,-9.446060366254715e-06,2.7981819277576302e-06,-1.4043241198243217,-1.3083418354151932,-71.18022416026076
I2,24,N2,2.6215584162116222e-06,2.733645273445013e-06,2.5343424271292857e-07,1.1711942793337223e-07,-1.3631481477955634e-07,67.15000067337208,-9.153539904237798e-06,2.779152529847256e-06,-1.4015176107814487,-1.3090492053155252,-71.01889859640204
I2,1,N3,8.01423736197676,7.361264284130022,9.190436682338174e-08,0.6111828813815933,0.6111827894772265,67.15000062369273,41.040924694586025,4.5838722996447006,-7.565482259497681e-07,-8.958048374362533e-07,-55.83240434206274
I2,2,N3,7.361264284130022,6.713201838611458,9.190436696005497e-08,0.6065865295224243,0.6065864376180573,67.15000058910552,40.73227964339596,4.549399660700935,-7.565482259497688e-07,-8.949496629969014e-07,-55.832404334893084
I2,3,N3,6.713201838611458,6.0668806931471515,9.190436704342609e-08,0.6049566726716387,0.6049565807672717,67.15000051822592,40.622834712026474,4.5371757343200425,-7.565482259497686e-07,-8.953909019821372e-07,-55.83240425550791
I2,4,N3,6.0668806931471515,5.418637552674503,9.190436705987719e-08,0.6067556599994474,0.6067555680950804,67.15000041128931,40.743636647136725,4.550668139278608,-7.565482259497674e-07,-8.972987231712983e-07,-55.832404099936305
I2,5,N3,5.418637552674503,4.709486442436,9.190436564752608e-08,0.6637655197002869,0.6637654277959212,67.15000054563619,44.57184883867055,4.978242087034894,-7.56548225949758e-07,-9.112899990136887e-07,-55.832403859280355
I2,6,N3,4.709486442436,3.9197983751433445,9.190436413725871e-08,0.7391481115029708,0.7391480195986067,67.15000063005212,49.633789981748215,5.543611525555011,-7.565482259497469e-07,-9.313970318509468e-07,-55.83240351074736
I2,7,N3,3.9197983751433445,3.0107196718025424,9.190436240462358e-08,0.8508977468440351,0.8508976549396726,67.15000066056936,57.13777809127593,6.381733790612982,-7.565482259497337e-07,-9.643148996064053e-07,-55.832403010135074
I2,8,N3,3.0107196718025424,1.8654188547075379,9.190435997916934e-08,1.0720016453179664,1.0720015534136065,67.1500006651906,71.98490502480904,8.040013029167447,-7.565482259497144e-07,-1.0377999126253262e-06,-55.83240225403485
I2,9,N3,1.8654188547075379,6.696686422036575e-07,9.190435580088627e-08,1.746031501713445,1.746031409809089,67.15000060838327,117.24601023093662,13.095236952133506,-7.565482259496808e-07,-1.358964513737844e-06,-55.83240085771833
I2,10,N3,6.696686422036575e-07,1.0305128369581646e-07,1.1412069320165305e-07,6.303345303945346e-07,5.162138371928816e-07,60.000000669689065,3.097283057727566e-05,5.583414176971407e-06,-7.565482315692324e-07,-7.565483677646762e-07,-52.4126266267762
I2,11,N3,1.0305128369581646e-07,2.726256813537052e-06,2.931942199099707e-06,1.1334245693106048e-07,-2.8185997421686465e-06,16.67035954344139,-4.698707111100253e-05,2.2839634920230753e-05,-9.076628919131093e-07,-7.565482316097572e-07,-25.823029776864242
I2,12,N3,2.726256813537052e-06,3.719685408622269,3.974020084012052,1.0882855679882008e-07,-3.974019975183495,16.670344392899242,-66.24828161056976,29.805151446304563,-7.798147999818058e-06,-7.565482316097589e-07,-25.82302501715027
I2,13,N3,3.719685408622269,7.439368101513304,3.9740200952572815,1.0882851421037177e-07,-3.9740199864287673,16.670342188345202,-66.24827303709051,29.805151530643467,-9.528800755459535e-06,-7.565482316097483e-07,-25.82302452843405
I2,14,N3,7.439368101513304,11.15910386593075,3.974076792057821,1.0571996096943794e-07,-3.97407668633786,16.670341990686186,-66.24921745846504,29.80557673333336,-9.719728889669529e-06,-7.565482316097549e-07,-25.82302452276734
I2,15,N3,11.15910386593075,14.878786558300858,3.9740200947007365,1.0882851601989865e-07,-3.9740199858722205,16.670342793975934,-66.24827543460131,29.805151526469395,-9.357127050071671e-06,-7.565482316097496e-07,-25.823024990634888
I2,16,N3,14.878786558300858,14.878789181507274,2.931943143312581e-06,1.1334245550986076e-07,-2.8186006878027205e-06,16.670358986368733,-4.6987085304897175e-05,2.2839641991168315e-05,-9.1851126685308e-07,-7.565482316097515e-07,-25.823029471547667
I2,17,N3,14.878789181507274,14.87878861488992,1.1412069339273181e-07,6.303345261716057e-07,5.162138327788739e-07,60.00000060745086,3.097283028030697e-05,5.583414146732531e-06,-7.565482315692302e-07,-7.565483677647414e-07,-52.412625309943195
I2,18,N3,14.87878861488992,13.01835069494423,9.190435582766083e-08,1.7413699735862054,1.7413698816818495,67.15000060075711,116.93298860107653,13.06027549117921,-7.565482259496808e-07,-1.3587041182663825e-06,-55.832400851218786
I2,19,N3,13.01835069494423,11.864618272913084,9.190435989860274e-08,1.0798936275381943,1.0798935356338344,67.1500006832815,72.51485165568326,8.099202895819156,-7.565482259497138e-07,-1.0407460926966344e-06,-55.83240224793824
I2,20,N3,11.864618272913084,10.936681665765445,9.190436213802197e-08,0.8685487448072347,0.8685486529028725,67.15000071969229,58.32304266751566,6.514116275336976,-7.565482259497318e-07,-9.691239063438857e-07,-55.83240300108755
I2,21,N3,10.936681665765445,10.124706954968184,9.19043637335052e-08,0.7600084098232824,0.7600083179189187,67.15000071582082,51.034559092285164,5.700063762957346,-7.565482259497443e-07,-9.365476297801179e-07,-55.83240349619844
I2,22,N3,10.124706954968184,9.385730137337543,9.190436499571853e-08,0.6916823818193264,0.6916822899149614,67.15000067489484,46.44646623460247,5.1876185529276855,-7.565482259497539e-07,-9.174913815425632e-07,-55.832403837511634
I2,23,N3,9.385730137337543,8.688004496327034,9.19043658159212e-08,0.6530712805028848,0.653071188598519,67.15000065584148,43.85373074270173,4.898035293054379,-7.565482259497604e-07,-9.069528518337774e-07,-55.8324040689841
I2,24,N3,8.688004496327034,8.01423736197676,9.190436633832455e-08,0.6306461182689049,0.6306460263645386,67.15000064046502,42.34788107428549,4.7298465762995345,-7.565482259497644e-07,-9.009627880373522e-07,-55.832404211873396
I2,1,N4,4.267773958127219e-06,4.203247315216189e-06,1.5227987396124653e-07,1.9380872622267625e-07,4.1528852261429725e-08,67.15000061761599,2.788662455003889e-06,2.5956645013794206e-06,-1.0221739919442534,-1.0382265782411892,-65.8095251860262
I2,2,N4,4.203247315216189e-06,4.138695379585612e-06,1.5227101688945244e-07,1.9382464056300207e-07,4.1553623673549626e-08,67.15000057883346,2.790325853731485e-06,2.5957174308934087e-06,-1.022169103137992,-1.0382349607992576,-65.8083366909115
I2,3,N4,4.138695379585612e-06,4.073608115950488e-06,1.5208393000033787e-07,1.9416180150005205e-07,4.207787149971418e-08,67.1500005047812,2.8255290924459255e-06,2.5968429862529246e-06,-1.0220757322064216,-1.038399473388502,-65.7839790505135
I2,4,N4,4.073608115950488e-06,4.007468223641812e-06,1.5171810423948008e-07,1.948265634527126e-07,4.310845921323251e-08,67.1500003961093,2.894733053244225e-06,2.5990850076914454e-06,-1.0218933989805732,-1.038724219973338,-65.73617743755898
I2,5,N4,4.007468223641812e-06,3.9397438726248575e-06,1.5117253714855392e-07,1.95831647657569e-07,4.4659110509015084e-08,67.15000053305242,2.99885929448601e-06,2.6025313860459217e-06,-1.02162152062581,-1.039217040167275,-65.66438832450999
I2,6,N4,3.9397438726248575e-06,3.869880786881235e-06,1.5044573195521734e-07,1.971967522390687e-07,4.675102028385137e-08,67.15000062546706,3.1393310413018423e-06,2.6073186314571457e-06,-1.0212592808454266,-1.0398901488989105,-65.56778278186736
I2,7,N4,3.869880786881235e-06,3.7972932019273938e-06,1.4953566748918424e-07,1.9894957966140004e-07,4.9413912172215794e-08,67.15000066907788,3.3181442354260462e-06,2.613639353629382e-06,-1.0208055587386613,-1.040761027447347,-65.44522016595161
I2,8,N4,3.7972932019273938e-06,3.721353194456939e-06,1.484397690556226e-07,2.0112733490290024e-07,5.2687565847277646e-08,67.15000067258083,3.5379700820813405e-06,2.621753279688921e-06,-1.0202589163408398,-1.0418536827964022,-65.2952093884856
I2,9,N4,3.721353194456939e-06,3.641377649883067e-06,1.471548578210357e-07,2.037788920387221e-07,5.662403421768642e-08,67.1500006080113,3.8023039321456955e-06,2.6320031239481835e-06,-1.019617421771749,-1.0432007104455352,-65.11585357809125
I2,10,N4,3.641377649883067e-06,3.7874786041968916e-06,2.9229673124383055e-07,1.193295038180554e-07,-1.7296722742577516e-07,60.00000068263834,-1.037803376362057e-05,3.0871967629641443e-06,-1.083359435590611,-1.007965768312669,-64.90477088294675
I2,11,N4,3.7874786041968916e-06,3.928950179362869e-06,2.883261604377629e-07,1.2018400149952827e-07,-1.6814215893823464e-07,60.000000588234464,-1.008852963520109e-05,3.063826214529684e-06,-1.0812011182482213,-1.0083825413960552,-64.75033043903957
I2,12,N4,3.928950179362869e-06,4.067418232871407e-06,2.857667468807555e-07,1.207530057912505e-07,-1.65013741089505e-07,60.00000056707711,-9.900824558945816e-06,3.048898145040045e-06,-1.0798254418046682,-1.008659771201548,-64.64896650548506
I2,13,N4,4.067418232871407e-06,4.204399501682287e-06,2.8450477294159146e-07,1.2103902594805225e-07,-1.634657469935392e-07,60.00000054968248,-9.80794490946661e-06,3.041578491672328e-06,-1.0791517070683199,-1.0087990182923328,-64.59846621595466
I2,14,N4,4.204399501682287e-06,4.341358913805343e-06,2.844862455290856e-07,1.2104325201586924e-07,-1.6344299351321635e-07,60.000000520963994,-9.806579695940895e-06,3.041471231587161e-06,-1.0791424062923087,-1.0088009504465307,-64.59776240632544
I2,15,N4,4.341358913805343e-06,4.47976064601433e-06,2.857103818169169e-07,1.207657013206627e-07,-1.6494468049625419e-07,60.00000051412314,-9.896680914577128e-06,3.048570623531847e-06,-1.0797970373113004,-1.0086655757326188,-64.64684027114296
I2,16,N4,4.47976064601433e-06,4.621119091333729e-06,2.882295155074561e-07,1.2020522079906252e-07,-1.6802429470839356e-07,60.00000055921611,-1.0081457776465507e-05,3.0632605222988897e-06,-1.0811520242619117,-1.0083922451624419,-64.74673610983537
I2,17,N4,4.621119091333729e-06,4.7670558897766556e-06,2.921554111027428e-07,1.193593437028891e-07,-1.727960673998537e-07,60.00000062983617,-1.0367764152824435e-05,3.086360661042239e-06,-1.083286722781685,-1.0079794209597448,-64.89962788790152
I2,18,N4,4.7670558897766556e-06,4.686918489212894e-06,1.4710409324003065e-07,2.0388591459889839e-07,5.678182135886774e-08,67.15000056988666,3.812899336607171e-06,2.632425058791968e-06,-1.0195934852796218,-1.04325243775682,-65.10903871041796
I2,19,N4,4.686918489212894e-06,4.610779348425815e-06,1.4837549479516814e-07,2.0125741326477408e-07,5.288191846960595e-08,67.14999989226403,3.551020819536755e-06,2.622246810449567e-06,-1.0202283148909723,-1.0419163602475234,-65.28668352662221
I2,20,N4,4.610779348425815e-06,4.537954488669761e-06,1.4945724304967956e-07,1.9910296153851872e-07,4.9645718488839154e-08,67.14999996746053,3.333709994910104e-06,2.614201534411487e-06,-1.0207679293715592,-1.0408347609982413,-65.43492309154351
I2,21,N4,4.537954488669761e-06,4.4678145864716135e-06,1.5035246496822948e-07,1.9737414160627258e-07,4.7021676638043104e-08,67.15000068728932,3.1575056185620907e-06,2.6079495493087652e-06,-1.0212142132476125,-1.0399753352953467,-65.5556339291205
I2,22,N4,4.4678145864716135e-06,4.399772000665156e-06,1.5106369699587206e-07,1.9603416099813904e-07,4.497046400226698e-08,67.15000068480107,3.0197666885480495e-06,2.6032339349550834e-06,-1.0215685863247013,-1.0393143131397629,-65.65028679176952
I2,23,N4,4.399772000665156e-06,4.333270046255251e-06,1.5159290195972002e-07,1.9505576436297425e-07,4.346286240325423e-08,67.15000065904658,2.918531239022572e-06,2.599864997420207e-06,-1.0218322306540937,-1.0388343745924202,-65.7200014572981
I2,24,N4,4.333270046255251e-06,4.267773958127219e-06,1.5194152870203523e-07,1.9441970401757639e-07,4.247817531554115e-08,67.15000063785487,2.8524094995334993e-06,2.597709245397087e-06,-1.022005971398018,-1.0385235103484436,-65.7655852919016
I2,1,N5,3.7549801766617984e-06,3.762210459917262e-06,1.8221942896437577e-07,1.528741677108602e-07,-2.934526125351558e-08,67.15000065041606,-1.9705343122602004e-06,2.51320197506427e-06,-1.243813420308589,-1.2192679517360916,-68.46324353777442
I2,2,N5,3.762210459917262e-06,3.7694431863997784e-06,1.8222077648742133e-07,1.5287306140988806e-07,-2.934771507753327e-08,67.15000060910177,-1.9706990853321043e-06,2.5132037842298205e-06,-1.2438167025725348,-1.2192657417084383,-68.46366413655977
I2,3,N5,3.7694431863997784e-06,3.7767416967954027e-06,1.8225706430478022e-07,1.5284327927885618e-07,-2.941378502592404e-08,67.15000053379569,-1.975135680191751e-06,2.513252576877273e-06,-1.2438855211870217,-1.219217469085725,-68.47196343644215
I2,4,N5,3.7767416967954027e-06,3.784169912766882e-06,1.8232865065405056e-07,1.527845913741066e-07,-2.9544059279943958e-08,67.15000042466961,-1.983883593194701e-06,2.513349315211179e-06,-1.2440207629556728,-1.2191229066392426,-68.48823206174109
I2,5,N5,3.784169912766882e-06,3.791792893790609e-06,1.8243623867255416e-07,1.5269654871786165e-07,-2.9739689954692513e-08,67.15000056286159,-1.9970201971969313e-06,2.5134959054281184e-06,-1.2442244305011376,-1.218981327825888,-68.51264840779976
I2,6,N5,3.791792893790609e-06,3.7996774295875393e-06,1.8258090024670596e-07,1.5257847087661167e-07,-3.000242937009429e-08,67.15000066036549,-2.0146631520144005e-06,2.513695283424882e-06,-1.244499628576498,-1.2187915945998609,-68.54548079776261
I2,7,N5,3.7996774295875393e-06,3.8078926242205847e-06,1.8276407565763375e-07,1.5242945345081992e-07,-3.033462220681383e-08,67.15000072329852,-2.0369699031285363e-06,2.5139514683134027e-06,-1.2448505899302333,-1.218552217419769,-68.58709106956897
I2,8,N5,3.8078926242205847e-06,3.816510511017165e-06,1.8298759799673392e-07,1.5224836061294717e-07,-3.0739237383786745e-08,67.15000076289647,-2.0641398137721355e-06,2.514269689572608e-06,-1.245282844841066,-1.2182613145386243,-68.63793950840855
I2,9,N5,3.816510511017165e-06,3.825606699369835e-06,1.8325372025718615e-07,1.5203381900433993e-07,-3.121990125284621e-08,67.15000069937136,-2.096416390962928e-06,2.5146565444614455e-06,-1.245803311576287,-1.2179166932122134,-68.69859127389877
I2,10,N5,3.825606699369835e-06,4.160508581600836e-06,4.6904337656171264e-07,9.745886426399333e-08,-3.7158451229771933e-07,60.00000073842715,-2.229507101225125e-05,4.248766806192795e-06,-1.4835027603939839,-1.188148596129791,-68.76972421987013
I2,11,N5,4.160508581600836e-06,4.038093888495101e-06,1.296595536815163e-07,2.2817436908912987e-07,9.851481540761356e-08,74.05732688945682,7.295743888096134e-06,2.683754420779846e-06,-1.2012511280238127,-1.2969486296877624,-69.0244723431339
I2,12,N5,4.038093888495101e-06,3.900713042539775e-06,1.260589730997008e-07,2.3902823391094e-07,1.1296926081123919e-07,74.05733175159718,8.366202025630646e-06,2.738154052579806e-06,-1.2017944528803994,-1.293693816943979,-69.18940330379799
I2,13,N5,3.900713042539775e-06,3.765009016171351e-06,1.2639718698802915e-07,2.3775503861230985e-07,1.113578516242807e-07,74.05733243229814,8.246865436685888e-06,2.7311416920025424e-06,-1.2020632154000295,-1.2921411507377436,-69.27057534502619
I2,14,N5,3.765009016171351e-06,3.6232392734660934e-06,1.2505763639740124e-07,2.422589741893387e-07,1.1720133779193745e-07,74.05733243516349,8.679618434703402e-06,2.754874579400549e-06,-1.202065328595877,-1.292135469012696,-69.27079513240183
I2,15,N5,3.6232392734660934e-06,3.4858967271888744e-06,1.2606665079195565e-07,2.3899911180770575e-07,1.129324610157501e-07,74.05733218500288,8.363476779913292e-06,2.7379932194974607e-06,-1.2017966358065741,-1.293680930787019,-69.19007216114524
I2,16,N5,3.4858967271888744e-06,3.3635196371217348e-06,1.2966798900003508e-07,2.2814656279381716e-07,9.847857379378208e-08,74.0573270222921,7.293059944135044e-06,2.683609138453892e-06,-1.2012548231278077,-1.2969257083781092,-69.02561382429
I2,17,N5,3.3635196371217348e-06,3.69852128689472e-06,4.691431134747487e-07,9.745286095525966e-08,-3.716902525194891e-07,60.000000677335514,-2.2301415402928353e-05,4.249469808225063e-06,-1.4836254422615158,-1.1881445569460816,-68.77138187400517
I2,18,N5,3.69852128689472e-06,3.7076501925119334e-06,1.832719488384033e-07,1.5201916563181789e-07,-3.125278320658541e-08,67.15000071845797,-2.0986244147760215e-06,2.5146833585266586e-06,-1.2458221800878457,-1.2179043138622985,-68.70079352753012
I2,19,N5,3.7076501925119334e-06,3.716303371858392e-06,1.830072100183828e-07,1.5223250879997984e-07,-3.0774701218402955e-08,67.15000187020783,-2.066521244370846e-06,2.51429789113772e-06,-1.2453063645137805,-1.2182456036830076,-68.64070928957806
I2,20,N5,3.716303371858392e-06,3.7245567688284547e-06,1.827852587219787e-07,1.524122544613121e-07,-3.03730042606666e-08,67.15000189773096,-2.0395472937435527e-06,2.513981348874681e-06,-1.244878949102305,-1.2185329984565354,-68.59045757951237
I2,21,N5,3.7245567688284547e-06,3.7324827752342967e-06,1.8260385551533602e-07,1.5255976540569544e-07,-3.004409010964059e-08,67.15000096492992,-2.017460679852807e-06,2.513727156907736e-06,-1.244533110393068,-1.2187686355810754,-68.5494797515808
I2,22,N5,3.7324827752342967e-06,3.7401508392483863e-06,1.8246115851543884e-07,1.526761832135543e-07,-2.978497530188454e-08,67.15000077116444,-2.0000611144906607e-06,2.5135300629674486e-06,-1.2442634036102627,-1.2189543456259253,-68.51732242148557
I2,23,N5,3.7401508392483863e-06,3.7476281410283915e-06,1.8235575464719233e-07,1.5276239275730169e-07,-2.959336188989065e-08,67.15000070870263,-1.9871942718790507e-06,2.513386105533705e-06,-1.2440657586708896,-1.2190914987549648,-68.49363117791536
I2,24,N5,3.7476281410283915e-06,3.7549801766617984e-06,1.8228659935186386e-07,1.5281905519290148e-07,-2.946754415896238e-08,67.15000067613973,-1.9787456101985008e-06,2.51329240908574e-06,-1.243937107585932,-1.2191812195376164,-68.47814602525254
I2,1,N6,4.365468230602786e-06,4.125253877438486e-06,1.1768622940586658e-07,3.2794506939934763e-07,2.1025883999348105e-07,67.15000062495261,1.4118881236964065e-05,3.3422347410391067e-06,-0.9016097396734986,-0.9732271729667109,-61.95563275272749
I2,2,N6,4.125253877438486e-06,3.884831352676182e-06,1.1766404984471355e-07,3.2812048659027007e-07,2.1045643674555653e-07,67.1500005879266,1.4132149851197058e-05,3.343384023262377e-06,-0.9016237332480042,-0.973069931856481,-61.96594139571531
I2,3,N6,3.884831352676182e-06,3.6401476566838713e-06,1.1721602524206912e-07,3.317164302992785e-07,2.1450040505720935e-07,67.15000051528475,1.4403702310120395e-05,3.366993416560107e-06,-0.9014831316535193,-0.974378160259607,-61.89118259540191
I2,4,N6,3.6401476566838713e-06,3.3867543753346633e-06,1.1633432982252667e-07,3.3909615236305503e-07,2.2276182254052837e-07,67.15000040742119,1.4958456474354367e-05,3.4157286163918627e-06,-0.9011847750125385,-0.9773174403654933,-61.72799474394038
I2,5,N6,3.3867543753346633e-06,3.1193126358495513e-06,1.15001938130355e-07,3.510782061463161e-07,2.3607626801596111e-07,67.15000054315551,1.5852521525497914e-05,3.495601082075033e-06,-0.9007222615482328,-0.982297382465316,-61.468543413039626
I2,6,N6,3.1193126358495513e-06,2.830790563201933e-06,1.1318843736200537e-07,3.6922059721727413e-07,2.5603215985526875e-07,67.15000063216787,1.7192559696136603e-05,3.618067759344596e-06,-0.9000839158444653,-0.9901487285229227,-61.09867843915333
I2,7,N6,2.830790563201933e-06,2.510921385092354e-06,1.1084113873036716e-07,3.965050289876856e-07,2.856638902573184e-07,67.15000067061094,1.918233042234826e-05,3.8050962578853956e-06,-0.899248843941784,-1.0025939796348702,-60.59385218148961
I2,8,N6,2.510921385092354e-06,2.1426946443553764e-06,1.0786524448765613e-07,4.3916053856446854e-07,3.312952940768124e-07,67.15000067272595,2.2246479220128898e-05,4.102693372890935e-06,-0.8981775401062778,-1.0237252351640609,-59.9096772146378
I2,9,N6,2.1426946443553764e-06,1.6923920677060227e-06,1.0407247466664694e-07,5.126606905093459e-07,4.0858821584269896e-07,67.15000060582501,2.7436698941370197e-05,4.625498738819946e-06,-0.896782514713281,-1.0672909366257577,-58.95791089119626
I2,10,N6,1.6923920677060227e-06,1.6135153573416618e-06,1.5540398590807833e-07,2.0997741133916555e-07,5.457342543108723e-08,60.000000670490515,3.274405562456198e-06,2.740360479354329e-06,-0.9087291342182252,-0.9467293024798613,-57.41993701310073
I2,11,N6,1.6135153573416618e-06,2.4553917591392663e-06,1.0062707628989061e-06,9.359347821012233e-08,-9.126772846887838e-07,44.7850121011567,-4.087426323923803e-05,8.248981808317714e-06,-1.4786794131728491,-0.8935967897779121,-55.284265801130246
I2,12,N6,2.4553917591392663e-06,3.318698541526026e-06,1.0292260548960136e-06,9.36456814761709e-08,-9.355803734198427e-07,44.785006720945084,-4.189997331159197e-05,8.421538022791383e-06,-1.309978609594728,-0.8945288091132954,-54.61746554652366
I2,13,N6,3.318698541526026e-06,4.107847519795157e-06,9.513087332431167e-07,9.479433229945458e-08,-8.565144009436622e-07,44.78500591323086,-3.83590025110293e-05,7.845772991569284e-06,-1.2621385654966428,-0.8949135191050239,-54.35006556125236
I2,14,N6,4.107847519795157e-06,4.957034236247587e-06,1.014511664556166e-06,9.397084467152463e-08,-9.205408198846414e-07,44.785005780475245,-4.122642593969709e-05,8.313618819207678e-06,-1.2646926597009487,-0.8949014631165005,-54.36656296936675
I2,15,N6,4.957034236247587e-06,5.817606175609716e-06,1.0263494660754428e-06,9.36853265878778e-08,-9.32664139487565e-07,44.78500609982719,-4.1769369176040676e-05,8.400260944974905e-06,-1.3198542424025526,-0.894500678698637,-54.67225209467368
I2,16,N6,5.817606175609716e-06,6.656458117987407e-06,1.0030911860972686e-06,9.363875770955474e-08,-9.094524283877138e-07,44.78501187622231,-4.072983780620298e-05,8.225474578551176e-06,-1.509370019098043,-0.8936403783075174,-55.39939108290754
I2,17,N6,6.656458117987407e-06,6.577093321440676e-06,1.552461855517418e-07,2.1029601174487848e-07,5.504982619313668e-08,60.000000613141516,3.3029896053415345e-06,2.7415664797246517e-06,-0.9120430497355254,-0.9344185012647475,-58.55426390233967
I2,18,N6,6.577093321440676e-06,6.124151571361385e-06,1.0397026423327693e-07,5.150414106879342e-07,4.1107114645465734e-07,67.15000057886526,2.7603427722385047e-05,4.6425875619090835e-06,-0.897197207559822,-1.0889165276332256,-58.52073356114141
I2,19,N6,6.124151571361385e-06,5.753424042523278e-06,1.0772890396177439e-07,4.41381828837763e-07,3.336529248759886e-07,67.15000017435818,2.2404793963597752e-05,4.11833049599653e-06,-0.8979178081520156,-1.034925480454547,-59.57401833392358
I2,20,N6,5.753424042523278e-06,5.431050632071244e-06,1.1066935913165204e-07,3.9869849504090765e-07,2.880291359092556e-07,67.15000023923207,1.9341156545212323e-05,3.820258906294198e-06,-0.898916414486841,-1.0094781102468786,-60.327767216238534
I2,21,N6,5.431050632071244e-06,5.139937197655849e-06,1.1297949361802815e-07,3.714630570535901e-07,2.5848356343556195e-07,67.15000070488243,1.7357171466898507e-05,3.6333191300371375e-06,-0.8997745566209923,-0.9948752885695067,-60.88134639229578
I2,22,N6,5.139937197655849e-06,4.86975136639116e-06,1.147537990450675e-07,3.534292823919358e-07,2.386754833468683e-07,67.15000068705548,1.6027058870725505e-05,3.5113731107775246e-06,-0.9004473468580064,-0.9857876418537009,-61.287893863016585
I2,23,N6,4.86975136639116e-06,4.613398046953061e-06,1.1604466796693838e-07,3.4161297642122376e-07,2.255683084542854e-07,67.15000066301808,1.514691206226113e-05,3.432432332911216e-06,-0.9009428750823615,-0.980027669694527,-61.57656289455635
I2,24,N6,4.613398046953061e-06,4.365468230602786e-06,1.1688218243918163e-07,3.344623206100943e-07,2.1758013817091268e-07,67.1500006438725,1.4610506418270654e-05,3.3850837728695695e-06,-0.9012718220171393,-0.9765580863713393,-61.764080219024144
I2,1,N7,2.681090658692509e-06,2.7886769078337378e-06,2.49101238222021e-07,1.1753586920516965e-07,-1.3156536901685137e-07,67.15000064885106,-8.8346146148479e-06,2.7497783057039296e-06,-1.4817052611908839,-1.3824998400105326,-70.94135994716225
I2,2,N7,2.7886769078337378e-06,2.896378030084277e-06,2.4919423013301643e-07,1.1750981781611052e-07,-1.316844123169059e-07,67.15000060832645,-8.842608367187342e-06,2.7502803596184524e-06,-1.4817986636226488,-1.3824759880550175,-70.94626479844557
I2,3,N7,2.896378030084277e-06,3.0063155306315775e-06,2.5100964655867197e-07,1.1700704679919306e-07,-1.3400259975947892e-07,67.15000053359762,-8.998274645352478e-06,2.760125200183988e-06,-1.4835057614826994,-1.3820422330019073,-71.03343431962165
I2,4,N7,3.0063155306315775e-06,3.1207325986460836e-06,2.54673891749702e-07,1.1602440220476901e-07,-1.38649489544933e-07,67.15000042479201,-9.310313281839446e-06,2.7802372046585325e-06,-1.486971050401219,-1.3811959247018462,-71.20583679027106
I2,5,N7,3.1207325986460836e-06,3.2421335958267764e-06,2.60458298078587e-07,1.1455513975232894e-07,-1.4590315832625806e-07,67.150000562343,-9.797397163655848e-06,2.8126007837318695e-06,-1.4925093349555794,-1.379931050294905,-71.46962380243978
I2,6,N7,3.2421335958267764e-06,3.373480043784498e-06,2.6883792428735196e-07,1.1258755482802501e-07,-1.5625036945932696e-07,67.15000065815377,-1.0492212412030575e-05,2.860691093365327e-06,-1.50069171727659,-1.37823676471924,-71.83499233703527
I2,7,N7,3.373480043784498e-06,3.5185019164090958e-06,2.806117504788308e-07,1.1010235937087786e-07,-1.7050939110795294e-07,67.15000071721856,-1.144970573519154e-05,2.9303558238728152e-06,-1.5125403207362094,-1.3760943600244286,-72.31787113153146
I2,8,N7,3.5185019164090958e-06,3.682248802796545e-06,2.9715323195026446e-07,1.0706767224004626e-07,-1.900855597102182e-07,67.15000074828002,-1.2764245476778378e-05,3.0316567814273306e-06,-1.5300100769570324,-1.373470641979658,-72.94325536917904
I2,9,N7,3.682248802796545e-06,3.872183329866231e-06,3.2097821019384955e-07,1.034290087007647e-07,-2.1754920149308485e-07,67.15000068389554,-1.4608429029041577e-05,3.1830541417096066e-06,-1.5578436417333603,-1.3703027524422775,-73.75241029662992
I2,10,N7,3.872183329866231e-06,5.2919568024343425e-06,1.5982774807526496e-06,7.133653745372073e-08,-1.5269409432989289e-06,60.00000073174847,-9.161645771527243e-05,1.2522105136547778e-05,-4.339922127739306,-1.3465819146723303,-74.82200410878113
I2,11,N7,5.2919568024343425e-06,4.41938679529038e-06,7.758996797674536e-08,8.847017872713034e-07,8.07111819294558e-07,100.68355665026112,8.126288858103894e-05,7.217188164360365e-06,-1.3483128691466117,-2.6223318435112035,-87.14166970522768
I2,12,N7,4.41938679529038e-06,3.5623173828007624e-06,7.715107508169287e-08,8.698087183650531e-07,7.926576432833602e-07,100.6835707673963,7.980760192183778e-05,7.102198450850595e-06,-1.351112393800708,-2.0323097162395203,-88.62644171270192
I2,13,N7,3.5623173828007624e-06,2.831547049109606e-06,7.871719725916671e-08,7.529648539848895e-07,6.742476567257228e-07,100.6835727748932,6.788566301424552e-05,6.237615384330421e-06,-1.3521818602989006,-1.908902179988261,-89.16112923637866
I2,14,N7,2.831547049109606e-06,1.993585733684751e-06,7.716892647709106e-08,8.519391790485375e-07,7.747702525714464e-07,100.68357283956666,7.800663715870668e-05,6.9683107914422144e-06,-1.3521882082987298,-1.9091398250346274,-89.16116019993476
I2,15,N7,1.993585733684751e-06,1.1423915060416752e-06,7.721745442684551e-08,8.643677000274604e-07,7.871502456006149e-07,100.68357212852979,7.925309852891945e-05,7.0618886584072935e-06,-1.3511124213203338,-2.0322633833735138,-88.62661792478518
I2,16,N7,1.1423915060416752e-06,2.73840560796892e-07,7.763495685763636e-08,8.80979359912265e-07,8.033444030546286e-07,100.68355709748168,8.088357207389304e-05,7.18960737577426e-06,-1.3483136624194854,-2.62203494583481,-87.14219549089633
I2,17,N7,2.73840560796892e-07,1.6963180088163425e-06,1.6010974281349552e-06,7.1276161053116e-08,-1.5298212670818392e-06,60.00000067433014,-9.178927705651494e-05,1.2542801918910534e-05,-4.357507116604898,-1.3465384347981142,-74.84358575645518
I2,18,N7,1.6963180088163425e-06,1.8873059006397633e-06,3.2195130929112637e-07,1.0329558751799674e-07,-2.1865572177312963e-07,67.15000068649246,-1.468273186717116e-05,3.1893517260684232e-06,-1.5590054174146477,-1.3702039388502136,-73.77730646477772
I2,19,N7,1.8873059006397633e-06,2.0521264188661155e-06,2.98115068717374e-07,1.0690541418315053e-07,-1.9120965453422346e-07,67.15000135569987,-1.283972856119601e-05,3.037653621753934e-06,-1.530924778345224,-1.3733473005191954,-72.9724410110069
I2,20,N7,2.0521264188661155e-06,2.1982802492002704e-06,2.8159851150455024e-07,1.0990734434232164e-07,-1.716911671622286e-07,67.15000140327844,-1.1529062115874162e-05,2.936293918851539e-06,-1.5134506721858285,-1.3759426457044415,-72.35199431409353
I2,21,N7,2.1982802492002704e-06,2.330847352989246e-06,2.698773962111066e-07,1.1235569816448461e-07,-1.57521698046622e-07,67.15000091975968,-1.0577582168712774e-05,2.8667482078169346e-06,-1.5016408910763248,-1.378052583465384,-71.87476575295877
I2,22,N7,2.330847352989246e-06,2.4535861511722102e-06,2.615759788247533e-07,1.1428215364519628e-07,-1.47293825179557e-07,67.15000076119942,-9.890780472927228e-06,2.818935993524622e-06,-1.493527635475141,-1.3797099725417747,-71.51587364178548
I2,23,N7,2.4535861511722102e-06,2.569487939421439e-06,2.558964360665078e-07,1.1570577025084525e-07,-1.4019066581566257e-07,67.15000070392111,-9.413803308204911e-06,2.7870165473801477e-06,-1.4880850007964415,-1.3809330540267506,-71.25953614177462
I2,24,N7,2.569487939421439e-06,2.681090658692509e-06,2.523674972894843e-07,1.1663800966760659e-07,-1.3572948762187772e-07,67.15000067337208,-9.114235185205537e-06,2.7675413021781817e-06,-1.484752467639354,-1.3817325268141645,-71.09573719451437
I2,1,N8,36.95502705576554,33.947419229721575,9.19043591276752e-08,2.815121005694196,2.815120913789837,67.15000064019759,189.03537116322119,21.113408231989165,-1.8449449520213245e-07,-2.2834492205180674e-07,-55.832401304792775
I2,2,N8,33.947419229721575,31.03809866412321,9.190435926426955e-08,2.723124129917112,2.723124038012753,67.1500006017305,182.85778079114314,20.423431663661034,-1.8449449520213253e-07,-2.2708699955786026e-07,-55.83240129381218
I2,3,N8,31.03809866412321,28.30231969377524,9.190435952791001e-08,2.560689196762745,2.5606891048583855,67.1500005284142,171.95027474434505,19.205169665003286,-1.8449449520213261e-07,-2.2504099716157254e-07,-55.832401269051076
I2,4,N8,28.30231969377524,25.78911806240012,9.19043599163894e-08,2.352356807484151,2.352356715579791,67.15000042036134,157.96075444002278,17.642676745413834,-1.844944952021327e-07,-2.2244455149698265e-07,-55.83240123008918
I2,5,N8,25.78911806240012,22.698553322383333,9.190435908559196e-08,2.892768677172755,2.8927685852683958,67.15000055653304,194.2494121106941,21.695765768078356,-1.8449449520213238e-07,-2.310975757269475e-07,-55.8324011762134
I2,6,N8,22.698553322383333,18.904949415751556,9.190435841097127e-08,3.550813337124384,3.550813245220026,67.15000064807012,238.4371117177007,26.63110071771557,-1.8449449520213214e-07,-2.4251004235744665e-07,-55.83240110175487
I2,7,N8,18.904949415751556,14.245993862489502,9.190435785485498e-08,4.360782478370322,4.3607823864659645,67.15000069557196,292.8265402844275,32.7058692770601,-1.8449449520213187e-07,-2.5895194270366164e-07,-55.83240099605799
I2,8,N8,14.245993862489502,8.248566844348336,9.190435728146804e-08,5.613591769497171,5.613591677592814,67.15000070502451,376.9526851080772,42.10193896051146,-1.844944952021316e-07,-2.9044775880293475e-07,-55.83240083406735
I2,9,N8,8.248566844348336,6.477035014525841e-07,9.190435664766759e-08,7.7206580405766045,7.7206579486722475,67.15000062296336,518.4421860630284,57.90493599360721,-1.8449449520213118e-07,-3.8114417882299966e-07,-55.832400518241286
I2,10,N8,6.477035014525841e-07,5.662972259661937e-08,1.1341616498223121e-07,6.526085054854558e-07,5.391923405032246e-07,60.00000066906324,3.235154079094725e-05,5.745185028507652e-06,-1.8449449555532865e-07,-1.8449450461245534e-07,-52.32989666786494
I2,11,N8,5.662972259661937e-08,5.323153820139863,5.687130227499181,1.211456327008092e-07,-5.687130106353548,2.437750532585047e-05,-0.00013863804445643816,42.653477614836106,-3.164077495070881e-07,-1.844944958680081e-07,-8.01284646116833
I2,12,N8,5.323153820139863,19.983515355514065,15.662779539564422,1.0638397970250846e-07,-15.662779433180443,3.432232527912385e-06,-5.375830104807902e-05,117.470847344613,-2.0537248318788607e-05,-1.844944958680067e-07,-8.012845991589455
I2,13,N8,19.983515355514065,34.64387689089274,15.662779539569135,1.0638392005150156e-07,-15.662779433185214,3.886169984076026e-07,-6.086822330044769e-06,117.47084734464791,-2.3494170720494594e-05,-1.8449449586800462e-07,-8.012845899220487
I2,14,N8,34.64387689089274,49.304238667295294,15.662779792403578,1.0229281481302339e-07,-15.662779690110764,1.516189613149923e-07,-2.374774387920151e-06,117.47084921022294,-2.3722275440085854e-05,-1.8449449586800525e-07,-8.012845889735882
I2,15,N8,49.304238667295294,63.96460020267354,15.66277953956867,1.0638392592250401e-07,-15.662779433184744,1.2479618951957155e-06,-1.954655190546971e-05,117.47084734464447,-2.2683770875848018e-05,-1.844944958680058e-07,-8.012845951449759
I2,16,N8,63.96460020267354,74.24750273328323,10.98600711542605,1.211456295394111e-07,-10.98600699428042,2.3623413290985484e-05,-0.00025952698364354357,82.3950542742876,-6.274289523102485e-07,-1.8449449586800726e-07,-8.012846202932
I2,17,N8,74.24750273328323,74.24750214220946,1.1341616551686394e-07,6.526084896748615e-07,5.391923241579975e-07,60.000000603651415,3.235153977496406e-05,5.745184913937941e-06,-1.844944955553285e-07,-1.844945046124629e-07,-52.329894425319324
I2,18,N8,74.24750214220946,67.22501556885517,9.190435699363011e-08,6.573047513176651,6.573047421272294,67.15000062627358,441.3801384549605,49.297857038107566,-1.8449449520213134e-07,-3.3987145954188783e-07,-55.83240060779798
I2,19,N8,67.22501556885517,58.891419971616145,9.190435639893184e-08,7.80024555953277,7.800245467628414,67.15000105305565,523.7864913653406,58.501842385778446,-1.844944952021312e-07,-3.5535126080927326e-07,-55.832400972130856
I2,20,N8,58.891419971616145,51.24695678341435,9.190435655372576e-08,7.155217624673923,7.155217532769567,67.15000112086278,480.47286534549346,53.66413287433709,-1.8449449520213134e-07,-3.2090934643620126e-07,-55.832401120157904
I2,21,N8,51.24695678341435,46.790732638456774,9.190435787187464e-08,4.171025880197331,4.171025788292973,67.15000086143581,280.08438527694415,31.28269479076267,-1.8449449520213187e-07,-2.528841781775485e-07,-55.832401199177035
I2,22,N8,46.790732638456774,43.26507674497707,9.190435857098232e-08,3.3000139968140427,3.300013904909684,67.15000073442975,221.59593613831368,24.750105665388013,-1.844944952021322e-07,-2.3710968013640212e-07,-55.8324012502831
I2,23,N8,43.26507674497707,40.03965387830008,9.190435887014649e-08,3.018995883726709,3.0189957918223502,67.15000068789695,202.7255694976288,22.642469817233007,-1.8449449520213235e-07,-2.3207628492667643e-07,-55.832401282626485
I2,24,N8,40.03965387830008,36.95502705576554,9.190435902990412e-08,2.8872107864093666,2.8872106945050073,67.15000066214478,193.87620004776272,21.654081587352945,-1.8449449520213243e-07,-2.2972345230809023e-07,-55.83240129943478
I2,1,N9,0.00026072140495255516,0.0002398038688994316,9.222544292432782e-08,1.96596120873679e-05,1.9567386644443575e-05,67.15000062617989,0.00131395002542709,0.0001481387814771917,-0.020801074317005088,-0.02381429282563241,-55.93428309772847
I2,2,N9,0.0002398038688994316,0.0002188716859413075,9.22251128064266e-08,1.9673321301233398e-05,1.9581096188426972e-05,67.15000059064424,0.0013148706206183329,0.00014824159810529868,-0.020802142817313865,-0.02381318169127141,-55.934259182608706
I2,3,N9,0.0002188716859413075,0.00019760500302416442,9.221769246348198e-08,1.9986406761942405e-05,1.989418906947892e-05,67.1500005191255,0.0013358948063430904,0.00015058968340804415,-0.02079834409531892,-0.023883533829659416,-55.93231626274694
I2,4,N9,0.00019760500302416442,0.00017563043205781238,9.22027138291925e-08,2.0648976853280424e-05,2.055677413945123e-05,67.15000041187687,0.00138038739193101,0.00015555884675332214,-0.02078791020123744,-0.024039101253572004,-55.92833328520262
I2,5,N9,0.00017563043205781238,0.00015244321902769235,9.217911875392043e-08,2.178398915341619e-05,2.169181003466227e-05,67.15000054671343,0.0014566050556867752,0.0001640712620412758,-0.020768852174804644,-0.024311973606122736,-55.92202963615928
I2,6,N9,0.00015244321902769235,0.00012724769170410045,9.214487691130894e-08,2.3663741332964522e-05,2.3571596456053214e-05,67.15000063289814,0.001582832716942393,0.00017816914657406874,-0.020738007844209278,-0.024774190490282486,-55.9128580799678
I2,7,N9,0.00012724769170410045,9.852999759256727e-05,9.209594365340406e-08,2.696044657624601e-05,2.6868350632592606e-05,67.15000066706324,0.0018042097629014824,0.00020289406889924562,-0.020689492482299725,-0.025610207066582406,-55.899718259377664
I2,8,N9,9.852999759256727e-05,6.243465683793987e-05,9.20227846273334e-08,3.386585973985214e-05,3.377383695522481e-05,67.15000067274516,0.0022679131742645315,0.0002546841189335961,-0.020609696356864687,-0.0274674368570655,-55.88000005914253
I2,9,N9,6.243465683793987e-05,6.664811180455768e-07,9.189075193473308e-08,5.7895517594028056e-05,5.780362684209332e-05,67.1500006106589,0.0038815135777448663,0.00043490556259472094,-0.02045126791788757,-0.03528601187408385,-55.84432164768975
I2,10,N9,6.664811180455768e-07,1.0314572122838848e-07,1.1403043271896658e-07,6.27183537404244e-07,5.131531046852774e-07,60.000000669689065,3.078918662476967e-05,5.55910477592408e-06,-0.020552403862546073,-0.020616653779930782,-52.413793747608565
I2,11,N9,1.0314572122838848e-07,2.7499552492475264e-06,2.9568517985969175e-06,1.1307231511765207e-07,-2.8437794834792656e-06,16.670359543387935,-4.740682645170939e-05,2.302443085285927e-05,-0.05968044700389198,-0.020359095554564294,-25.85397534329992
I2,12,N9,2.7499552492475264e-06,0.00011762963053401624,0.00012285854015806397,1.084995317757088e-07,-0.00012275004062628825,16.67034439259788,-0.0020462854514456063,0.0009222527976737977,-0.04437532988090695,-0.02053612713130882,-25.830386016296778
I2,13,N9,0.00011762963053401624,0.00022891577499053545,0.00011901939583483165,1.0858540201067246e-07,-0.00011891081043282098,16.6703421870034,-0.0019822838996490194,0.0008934598592763174,-0.040372013363662404,-0.020586009569047693,-25.82249089403324
I2,14,N9,0.00022891577499053545,0.00036415843784198446,0.00014461043943739558,1.0549512038828924e-07,-0.0001445049443170073,16.670341989265687,-0.0024089468409043066,0.0010853695091833791,-0.04037204948664709,-0.020586012282452125,-25.82249080301061
I2,15,N9,0.00036415843784198446,0.00047882661652331093,0.00012263258879746238,1.085052693800231e-07,-0.00012252408352808237,16.67034279312153,-0.0020425184728261885,0.0009205582055013179,-0.04437609993927839,-0.02053613564658948,-25.830385703041685
I2,16,N9,0.00047882661652331093,0.00048147195004472,2.9552783969897558e-06,1.1307540645023351e-07,-2.8422029905395224e-06,16.670358986314078,-4.738054416426927e-05,2.301265352579992e-05,-0.059680521649796654,-0.020359117200803446,-25.85397482541303
I2,17,N9,0.00048147195004472,0.0004809085795277248,1.1402937245200223e-07,6.27215480995196e-07,5.131861085431938e-07,60.00000060745086,3.0791166824326967e-05,5.5593364008539864e-06,-0.020552265095735673,-0.02061681953475831,-52.41362019546296
I2,18,N9,0.0004809085795277248,0.0004187377647496802,9.188932244673946e-08,5.827238650008804e-05,5.8180497177641296e-05,67.15000060283634,0.003906820420551931,0.00043773206866901083,-0.0204506136785609,-0.03542406613553083,-55.843949305661795
I2,19,N9,0.0004187377647496802,0.0003823358706903303,9.202033470248596e-08,3.415279148670302e-05,3.4060771152000535e-05,67.15000069467465,0.00228718080651799,0.00025683608866054134,-0.020609602478101695,-0.027538113360742324,-55.879390369758866
I2,20,N9,0.0003823358706903303,0.00035335485390163924,9.209273905202525e-08,2.720691379452738e-05,2.7114821055475356e-05,67.1500007356928,0.0018207602538233489,0.00020474254900184556,-0.020688917041016375,-0.025665682760814983,-55.898918710670245
I2,21,N9,0.00035335485390163924,0.0003279116900252591,9.214101449290053e-08,2.3895525762524935e-05,2.3803384748032034e-05,67.15000073136372,0.001598397303239283,0.00017990750082763377,-0.020736242557082174,-0.0248262608805949,-55.911877969235434
I2,22,N9,0.0003279116900252591,0.0003044794124547867,9.217463716013246e-08,2.2013365636879597e-05,2.1921190999719464e-05,67.15000068438124,0.001472007990633614,0.00016579155205529797,-0.020765320499624346,-0.024365770222841483,-55.920862445763355
I2,23,N9,0.0003044794124547867,0.0002822535171056426,9.219761834830595e-08,2.0884212011443383e-05,2.0792014393095077e-05,67.15000066138053,0.001396183780247768,0.00015732307222343766,-0.020782406080848807,-0.024097763430493198,-55.92696139999246
I2,24,N9,0.0002822535171056426,0.00026072140495255516,9.221196360025148e-08,2.0234843507752178e-05,2.0142631544151927e-05,67.15000064403021,0.001352577721162265,0.00015245291603514322,-0.020791731228738935,-0.023948664600648435,-55.930712751580394
I3,1,N2,0.0011747807437102302,0.0011840134628896004,9.990500167962527e-06,1.1081208326080695e-07,-9.879688084701721e-06,67.15000064885106,-0.0006634210612981667,7.575984188417501e-05,-0.0025964203041257006,-0.002574280752784558,-79.43362638753253
I3,2,N2,0.0011840134628896004,0.0011932461837271635,9.990501939232043e-06,1.1081208299435123e-07,-9.879689856237691e-06,67.15000060832645,-0.0006634211798564377,7.575985516669796e-05,-0.0025964203142898688,-0.002574280756205948,-79.43362653617878
I3,3,N2,0.0011932461837271635,0.0012024800618057646,9.991738072897885e-06,1.1081187714289908e-07,-9.880926195754986e-06,67.15000053359762,-0.000663504199317386,7.576912462530588e-05,-0.0025964226381682727,-0.002574281360295181,-79.43366803157215
I3,4,N2,0.0012024800618057646,0.0012117162541225466,9.99421007985102e-06,1.1081146560925426e-07,-9.883398614241765e-06,67.15000042479201,-0.0006636702211447233,7.578766159095206e-05,-0.002596427314396262,-0.0025742825255661572,-79.4337508916558
I3,5,N2,0.0012117162541225466,0.0012209559112455924,9.997911092861218e-06,1.1081084964053416e-07,-9.887100243220683e-06,67.150000562343,-0.0006639187868922105,7.581541456876314e-05,-0.002596434400203657,-0.0025742841723879546,-79.43387515251075
I3,6,N2,0.0012209559112455924,0.0012302001975776898,1.0002855890557997e-05,1.108100274509867e-07,-9.89204586310701e-06,67.15000065815377,-0.000664250886218123,7.585249438506738e-05,-0.002596444034555855,-0.0025742861803196263,-79.434040868838
I3,7,N2,0.0012302001975776898,0.0012394502830963391,1.000905042840577e-05,1.1080899866867796e-07,-9.898241429737092e-06,67.15000071721856,-0.0006646669191060482,7.589894570305836e-05,-0.0025964563753790902,-0.0025742883874959152,-79.43424811478829
I3,8,N2,0.0012394502830963391,0.0012487073445142593,1.0016501901666297e-05,1.108077628691033e-07,-9.905694138797193e-06,67.15000074828002,-0.0006651673688324645,7.59548224840155e-05,-0.0025964716211456895,-0.0025742905904221026,-79.4344969850324
I3,9,N2,0.0012487073445142593,0.001257972569613206,1.0025222135131688e-05,1.1080631908624152e-07,-9.914415816045447e-06,67.15000068389554,-0.0006657530288278765,7.602021340663447e-05,-0.0025964900162769307,-0.002574292544719266,-79.43478759612093
I3,10,N2,0.001257972569613206,0.0023651438073423446,0.0011829712690178092,8.411838695315343e-08,-0.001182887150630856,60.000000731748514,-0.07097322990342728,0.008872915405535718,-6.8538466237127285,-0.002574235923929399,-79.43512008815071
I3,11,N2,0.0023651438073423446,0.0023628902194539232,1.1542632150170376e-07,2.210482802124401e-06,2.0950564806226973e-06,100.68355665026111,0.000210937737852272,1.7444318427195786e-05,-0.0025744267642747475,-0.004468583402438161,-87.22130992872266
I3,12,N2,0.0023628902194539232,0.001917896286954645,1.0838646272670039e-07,0.0004166092777657735,0.0004165008913030468,100.68357076739629,0.04193479696419394,0.0031253824817137517,-0.002574418717550641,-0.0035418463552990423,-87.22532641431405
I3,13,N2,0.001917896286954645,0.0016497334777061605,1.0840873137292816e-07,0.00025109536591250235,0.0002509869571811294,100.68357277489318,0.02527026356889524,0.0018840283098290646,-0.0025744162965102217,-0.003383385776183906,-87.22673193097378
I3,14,N2,0.0016497334777061605,0.0003906023293457084,1.0551553520508036e-07,0.0011786391966037142,0.0011785336810685092,100.68357283956665,0.11865898172174386,0.008840585341041894,-0.002574416297625794,-0.003383383709182837,-87.22673201300783
I3,15,N2,0.0003906023293457084,5.127074393902785e-06,1.0839209253997924e-07,0.000360899800513596,0.000360791408421056,100.68357212852978,0.036325767793115235,0.0027075614445460196,-0.0025744187213504834,-0.0035419771626177474,-87.22532669945164
I3,16,N2,5.127074393902785e-06,2.8750934983959076e-06,1.1543051856241567e-07,2.2089823337848956e-06,2.09355181522248e-06,100.68355709748167,0.00021078624372448894,1.7433096392604833e-05,-0.002574426774531173,-0.004468614475235298,-87.22131026451271
I3,17,N2,2.8750934983959076e-06,0.001110046333640331,0.0011829712714534028,8.411826238914187e-08,-0.0011828871531910138,60.00000067433018,-0.07097322998911733,0.008872915422868438,-6.853885248246047,-0.002574237420792817,-79.43516129093705
I3,18,N2,0.001110046333640331,0.0011193127183989676,1.002646085392259e-05,1.1080611419435009e-07,-9.91565473972824e-06,67.15000068649246,-0.0006658362225797736,7.602950226087704e-05,-0.0025964915619159624,-0.0025742940152398853,-79.4348287875276
I3,19,N2,0.0011193127183989676,0.00112857092067551,1.0017720536815518e-05,1.1080756057817165e-07,-9.906912976237347e-06,67.15000135569987,-0.0006652492197851385,7.596396073045268e-05,-0.002596473157456288,-0.0025742920142780073,-79.43453816202127
I3,20,N2,0.00112857092067551,0.0011378221427578096,1.0010264475365493e-05,1.1080879677727532e-07,-9.899455678588217e-06,67.15000140327844,-0.0006647484627088914,7.590804954107076e-05,-0.0025964579613065903,-0.0025742897429414757,-79.43428927450387
I3,21,N2,0.0011378221427578096,0.0011470675758205253,1.0004080797601475e-05,1.1080982375376865e-07,-9.893270973847707e-06,67.15000091975968,-0.0006643331549933052,7.586167966016433e-05,-0.002596445729074681,-0.002574287443477395,-79.43408200879922
I3,22,N2,0.0011470675758205253,0.0011563083803572858,9.999136729376214e-06,1.1081064565162711e-07,-9.888326083724586e-06,67.15000076119942,-0.0006640011040490941,7.582460531270881e-05,-0.002596436201013535,-0.002574285316533818,-79.43391627081037
I3,23,N2,0.0011563083803572858,0.0011655457168775125,9.99543228699689e-06,1.1081126197656878e-07,-9.884621025020323e-06,67.15000070392111,-0.000663752308788108,7.579682661730094e-05,-0.0025964292382865206,-0.0025742835207671825,-79.43379198705836
I3,24,N2,0.0011655457168775125,0.0011747807437102302,9.992965140946525e-06,1.1081167269890413e-07,-9.882153468247621e-06,67.15000067337208,-0.0006635866120471939,7.57783261023407e-05,-0.002596424731749792,-0.002574282173180846,-79.43370910366056
I3,1,N3,0.0012955904949374447,0.001192604101950783,1.2619003080189337e-07,9.650581841674094e-05,9.637962838593905e-05,67.15000062369273,0.006471892106227081,0.0007247400633565713,-0.002544247639669883,-0.0027672093014577456,-55.85946187696231
I3,2,N3,0.001192604101950783,0.0010895453215686126,1.261899118128914e-07,9.657357291469104e-05,9.644738300287814e-05,67.15000058910552,0.0064764418254609525,0.0007252482211987795,-0.0025442490531236896,-0.002767379337164455,-55.85944061033641
I3,3,N3,0.0010895453215686126,0.0009848574179692083,1.261872765049795e-07,9.809842993723914e-05,9.797224266073416e-05,67.15000051822592,0.006578836145440055,0.0007366846291030809,-0.0025442560947636686,-0.002771194340055713,-55.85897645165726
I3,4,N3,0.0009848574179692083,0.0008767230964756698,1.2618196092543598e-07,0.00010132427242919103,0.0001011980904682656,67.15000041128931,0.006795451816565728,0.0007608784079258734,-0.002544269329528786,-0.002779299798735132,-55.85804044632302
I3,5,N3,0.0008767230964756698,0.0007626843209781959,1.2617359397050143e-07,0.00010685083404661877,0.00010672466045264826,67.15000054563619,0.007166561007628168,0.0008023275573044195,-0.0025442899287743724,-0.002793298761809409,-55.85656738803587
I3,6,N3,0.0007626843209781959,0.0006388629185396149,1.2616147032255337e-07,0.00011600736224201552,0.00011588120077169297,67.15000063005212,0.007781422704830379,0.0008710014278425355,-0.0025443200275986544,-0.0028168114051860867,-55.85443240899736
I3,7,N3,0.0006388629185396149,0.0004978480309407639,1.26144191019852e-07,0.00013210044921370032,0.00013197430502268046,67.15000066056936,0.008862074669451176,0.0009916994505354013,-0.0025443636489540884,-0.002859125095965194,-55.851388520300674
I3,8,N3,0.0004978480309407639,0.0003204355755016056,1.2611849302476802e-07,0.00016616855019831718,0.0001660424317052924,67.1500006651906,0.01114974939946025,0.0012472100151850647,-0.002544429712703781,-0.0029530824609950755,-55.84685968898699
I3,9,N3,0.0003204355755016056,9.04959796107451e-07,1.2607274830637923e-07,0.0002991911081308465,0.0002990650353825401,67.15000060838327,0.020082217307883732,0.0022448788565936463,-0.0025445492738077544,-0.0033883616097670813,-55.838792746932455
I3,10,N3,9.04959796107451e-07,1.5848462177482305e-07,1.5598820936688507e-07,8.353614094488302e-07,6.793732000819451e-07,60.000000669689065,4.076239245988551e-05,7.4351221411178646e-06,-0.00254472737080883,-0.00254628336052373,-52.41504412630868
I3,11,N3,1.5848462177482305e-07,2.661156130177021e-06,2.850355581528853e-06,1.5468459169064484e-07,-2.695670989838208e-06,16.67035954344139,-4.4937804611427466e-05,2.2537801299146235e-05,-0.004846430516849727,-0.00254474328895851,-25.822488575122822
I3,12,N3,2.661156130177021e-06,0.0005028384074760982,0.0005345451475075749,1.4695829101414813e-07,-0.0005343981892165608,16.670344392899242,-0.008908601857181802,0.0040101907934894186,-0.0037217607538307827,-0.002544735648816727,-25.818400546940975
I3,13,N3,0.0005028384074760982,0.0008255591807585853,0.0003449549369620263,1.4699666027556784e-07,-0.0003448079403017508,16.670342188345202,-0.00574806635408869,0.002588264502167264,-0.0035219852279511424,-0.002544733414400276,-25.81698412774857
I3,14,N3,0.0008255591807585853,0.0019418855841254108,0.0011928180739532324,1.4162976678263235e-07,-0.0011926764441864497,16.670341990686186,-0.019882324208823663,0.008947197777900113,-0.0035219967718135483,-0.002544733414788306,-25.816984012463656
I3,15,N3,0.0019418855841254108,0.002392395603374033,0.00048148187557135074,1.4696724384791566e-07,-0.0004813349083275028,16.670342793975934,-0.008024017920526453,0.00361221632111399,-0.0037219792986689804,-0.00254473564986491,-25.818400162521872
I3,16,N3,0.002392395603374033,0.002394897050349708,2.849052949324438e-06,1.5468952345953526e-07,-2.6943634258649026e-06,16.670358986368733,-4.4916005548910223e-05,2.25280685458798e-05,-0.004846486799238193,-0.002544743290730371,-25.82248811355137
I3,17,N3,0.002394897050349708,0.0023941505625516652,1.559878218089155e-07,8.353728857036408e-07,6.793850638947253e-07,60.00000060745086,4.0763104246376555e-05,7.435205306344173e-06,-0.0025447277592360856,-0.0025462829369612954,-52.415006710348244
I3,18,N3,0.0023941505625516652,0.002072319174477041,1.2607231745967888e-07,0.0003013446306908853,0.00030121855837342564,67.15000060075711,0.02022682637573472,0.0022610302725625873,-0.0025445512264697747,-0.0033965081141925603,-55.83871640409918
I3,19,N3,0.002072319174477041,0.0018934309518925775,1.2611766664125693e-07,0.0001675498675223314,0.00016742374985569014,67.1500006832815,0.011242504917207144,0.0012575698889172949,-0.00254443342391016,-0.002957035780180297,-55.84671350682399
I3,20,N3,0.0018934309518925775,0.0017511526070545275,1.2614308350189746e-07,0.00013328304421929857,0.00013315690113579668,67.15000071969229,0.008941486007100742,0.0010005689047710034,-0.002544368138018609,-0.0028622916858815715,-55.85119291815775
I3,21,N3,0.0017511526070545275,0.0016261393084189557,1.2616012132269515e-07,0.00011712297590054543,0.00011699681577922273,67.15000071582082,0.007856336263323563,0.000879368520164011,-0.0025443248078375075,-0.0028197070204192915,-55.854194471150684
I3,22,N3,0.0016261393084189557,0.0015109172533309763,1.2617201924050835e-07,0.00010795838236371718,0.00010783221034447668,67.15000067489484,0.007240932997407011,0.0008106341578721826,-0.002544294645274365,-0.0027961228966245366,-55.8562899917919
I3,23,N3,0.0015109172533309763,0.001401565994277557,1.261801630844768e-07,0.0001024633244101583,0.00010233714424707382,67.15000065584148,0.006871939303307951,0.0007694212842993208,-0.0025442736755239923,-0.002782173251795301,-55.85772419433548
I3,24,N3,0.001401565994277557,0.0012955904949374447,1.2618525035785654e-07,9.930361777544257e-05,9.917743252508472e-05,67.15000064046502,0.006659764657579116,0.0007457235226935032,-0.002544259774329818,-0.0027742156982851034,-55.85862021027501
I3,1,N7,0.001178210719906653,0.001187476692329974,1.002602049536766e-05,1.108062636812542e-07,-9.915214231686406e-06,67.15000064885106,-0.0006658066420912395,7.602620069286685e-05,-0.0025889676579619984,-0.0025668779933488376,-79.43473661127037
I3,2,N7,0.001187476692329974,0.0011967426664237835,1.0026022279773497e-05,1.1080626341473622e-07,-9.91521601635876e-06,67.15000060832645,-0.000665806761530179,7.602621407391175e-05,-0.0025889676686751953,-0.002566877996156808,-79.43473675972353
I3,3,N7,0.0011967426664237835,0.0012060098033844534,1.002726442448201e-05,1.1080605804382298e-07,-9.916458366438187e-06,67.15000053359762,-0.0006658901845977228,7.603552861894374e-05,-0.002588969997347146,-0.0025668785911585152,-79.43477815823356
I3,4,N7,0.0012060098033844534,0.0012152792658313837,1.0029748449711067e-05,1.1080564747141076e-07,-9.918942802239657e-06,67.15000042479201,-0.0006660570133838807,7.605415572886858e-05,-0.0025889746821518077,-0.002566879739389589,-79.43486082476956
I3,5,N7,0.0012152792658313837,0.0012245522099064879,1.0033467436493562e-05,1.108050329446631e-07,-9.922662403548899e-06,67.150000562343,-0.0006663067859782483,7.608204352078669e-05,-0.0025889817793619523,-0.002566881362273659,-79.43498479545813
I3,6,N7,0.0012245522099064879,0.0012338298056808173,1.0038436264348204e-05,1.1080421267824948e-07,-9.927632051669954e-06,67.15000065815377,-0.0006666404988035459,7.61193035776984e-05,-0.0025889914265372705,-0.002566883340985816,-79.43515012505996
I3,7,N7,0.0012338298056808173,0.0012431132288344704,1.004466092542352e-05,1.1080318630060387e-07,-9.933857739122915e-06,67.15000071721856,-0.000667058554306851,7.616598083793094e-05,-0.0025890037796441204,-0.002566885515872368,-79.4353568877906
I3,8,N7,0.0012431132288344704,0.0012524036618240394,1.0052148659078699e-05,1.1080195338767677e-07,-9.941346705691023e-06,67.15000074828002,-0.0006675614387260633,7.622212959349781e-05,-0.002589019034637526,-0.0025668876862781353,-79.43560517837899
I3,9,N7,0.0012524036618240394,0.0012617022982459795,1.0060911365775085e-05,1.1080051297403612e-07,-9.950110852801049e-06,67.15000068389554,-0.0006681499505704269,7.628783909061841e-05,-0.002589037432852207,-0.002566889611310347,-79.43589511341133
I3,10,N7,0.0012617022982459795,0.0023720677152701815,0.001186383849714705,8.41148650012054e-08,-0.0011862997348497037,60.00000073174847,-0.07117798495905524,0.008898509734347797,-6.854875129703547,-0.0025668333067653463,-79.43622683297804
I3,11,N7,0.0023720677152701815,0.0023698145373250473,1.1542746333064641e-07,2.210100095559636e-06,2.0946726322289897e-06,100.68355665026112,0.00021089909063077907,1.7441456691677122e-05,-0.002567023810496582,-0.004455851907022234,-87.22130530012049
I3,12,N7,0.0023698145373250473,0.0019234964130838553,1.0838645461621461e-07,0.00041784872122909914,0.0004177403347744829,100.6835707673963,0.04205958855866247,0.003134678307627865,-0.002567015891516308,-0.0035317243208860937,-87.22531011571519
I3,13,N7,0.0019234964130838553,0.0016545335587111439,1.0840865753249055e-07,0.0002518442080840873,0.00025173579942655485,100.6835727748932,0.025345659681609452,0.0018896446255621485,-0.0025670135091898252,-0.003373707340336106,-87.22671154322731
I3,14,N7,0.0016545335587111439,0.00039175634854000756,1.055154355714648e-07,0.001182051910371226,0.0011819463949356546,100.68357283956666,0.11900258594696721,0.008866180693550982,-0.0025670135103019196,-0.0033737052727124965,-87.22671162526545
I3,15,N7,0.00039175634854000756,5.129182024004156e-06,1.0839206750914948e-07,0.0003619779897157557,0.0003618695976482465,100.68357212852979,0.03643432373593928,0.0027156478633744863,-0.002567015895303166,-0.003531855141111761,-87.2253104008679
I3,16,N7,5.129182024004156e-06,2.87760570324895e-06,1.1543164787470095e-07,2.2086046412033067e-06,2.093172993328606e-06,100.68355709748168,0.00021074810258870733,1.7430272168085057e-05,-0.002567023820725563,-0.004455882965104106,-87.22130563595651
I3,17,N7,2.87760570324895e-06,0.00111324302513409,0.0011863838521440513,8.411474072759605e-08,-0.0011862997374033238,60.00000067433014,-0.0711779850441571,0.008898509751635843,-6.854913661687015,-0.0025668347905507065,-79.43626793689852
I3,18,N7,0.00111324302513409,0.0011225428268394856,1.0062156093413073e-05,1.1080030856455147e-07,-9.951355784848521e-06,67.15000068649246,-0.0006682335477841089,7.629717301483219e-05,-0.0025890389866028516,-0.00256689106882575,-79.4359362060523
I3,19,N7,0.0011225428268394856,0.0011318344061813702,1.0053373164108367e-05,1.1080175157858908e-07,-9.942571412529778e-06,67.15000135569987,-0.0006676436838305174,7.623131186765217e-05,-0.0025890205788636042,-0.002566889097302029,-79.43564625676984
I3,20,N7,0.0011318344061813702,0.0011411189713652166,1.0045880813256677e-05,1.1080298489071749e-07,-9.93507782836596e-06,67.15000140327844,-0.0006671404901164547,7.617512848610546e-05,-0.0025890053732301934,-0.0025668868587845274,-79.43539794914199
I3,21,N7,0.0011411189713652166,0.001150397719412078,1.0039667092789606e-05,1.1080400946245618e-07,-9.92886308332715e-06,67.15000091975968,-0.000666723165177586,7.612853326689046e-05,-0.002588993128354666,-0.0025668845920788263,-79.43519116695501
I3,22,N7,0.001150397719412078,0.001159671816450221,1.0034699002322605e-05,1.1080482943696691e-07,-9.923894172885637e-06,67.15000076119942,-0.000666389501263333,7.609127873819679e-05,-0.002588983586879871,-0.0025668824950516207,-79.43502581605115
I3,23,N7,0.001159671816450221,0.0011689424286291943,1.0030976564027995e-05,1.1080544431968295e-07,-9.920171119708311e-06,67.15000070392111,-0.0006661394976714309,7.606336506260759e-05,-0.0025889766118916044,-0.0025668807242106685,-79.4349018228825
I3,24,N7,0.0011689424286291943,0.001178210719906653,1.002849743610536e-05,1.108058540806682e-07,-9.91769158202469e-06,67.15000067337208,-0.0006659729964112545,7.604477467639521e-05,-0.0025889720956216336,-0.0025668793950118143,-79.43481913350124
I3,1,N8,27.00556513237486,24.79476101990607,1.2605206873145274e-07,2.0693127597044985,2.0693126336524297,67.15000064019759,138.9543446745296,15.519846643174255,-2.553602823421393e-07,-3.1330199808571484e-07,-55.832401621664324
I3,2,N8,24.79476101990607,22.624584064812804,1.2605206891534028e-07,2.03128574040101,2.031285614348941,67.1500006017305,136.40083022581788,15.23464399839809,-2.553602823421394e-07,-3.121163496128173e-07,-55.83240161053182
I3,3,N8,22.624584064812804,20.5156160206305,1.2605206921656487e-07,1.973994199788352,1.9739940737362829,67.1500005284142,132.5537030944779,14.80495744380316,-2.553602823421395e-07,-3.10416524547998e-07,-55.83240157935243
I3,4,N8,20.5156160206305,18.483804532664383,1.2605206962955995e-07,1.901775663169998,1.9017755371179283,67.15000042036134,127.7042281169018,14.263318419165508,-2.5536028234213974e-07,-3.083303417746576e-07,-55.83240152731558
I3,5,N8,18.483804532664383,16.1379794990899,1.2605206832358975e-07,2.1956923418594267,2.1956922158073584,67.15000055653304,147.4407335134394,16.467693509336215,-2.5536028234213905e-07,-3.1804294051040345e-07,-55.83240145288211
I3,6,N8,16.1379794990899,13.410869596228196,1.2605206714768943e-07,2.5525749795122694,2.5525748534602024,67.15000064807012,171.40540306410008,19.144313291732523,-2.5536028234213847e-07,-3.308335250275975e-07,-55.832401348392956
I3,7,N8,13.410869596228196,10.177947727610736,1.2605206601461338e-07,3.0260149794596516,3.0260148534075855,67.15000069557196,203.19689951113045,22.695113291337883,-2.553602823421379e-07,-3.4983866022372096e-07,-55.83240119939767
I3,8,N8,10.177947727610736,6.056922895393704,1.2605206464710553e-07,3.8572793533888508,3.857279227336786,67.15000070502451,259.0163028351416,28.929596095806865,-2.5536028234213714e-07,-3.879815259050198e-07,-55.83240097190449
I3,9,N8,6.056922895393704,8.727588183001724e-07,1.2605206270410618e-07,5.669279123619962,5.669278997567899,67.15000062296336,380.6920882184375,42.51959437254018,-2.553602823421361e-07,-5.139583629376641e-07,-55.832400535078044
I3,10,N8,8.727588183001724e-07,8.86602281617409e-08,1.549253557618192e-07,8.696457648510787e-07,7.147204090892595e-07,60.00000066906324,4.288322502354873e-05,7.684283404596734e-06,-2.553602829996042e-07,-2.5536029985921953e-07,-52.329896648859396
I3,11,N8,8.86602281617409e-08,3.6336829607855208,3.882140004067337,1.6069410367989924e-07,-3.882139843373233,2.437750532585047e-05,-9.46368847075273e-05,29.116051235710806,-3.949078764337749e-07,-2.5536028358164995e-07,-8.012846236592246
I3,12,N8,3.6336829607855208,14.378921628954396,11.47995599787469,1.3650795868078815e-07,-11.479955861366731,3.432232527912385e-06,-3.940187792638134e-05,86.09967100786986,-2.0128299825127248e-05,-2.5536028358164837e-07,-8.012845477167478
I3,13,N8,14.378921628954396,25.12416029712743,11.479955997879033,1.3650787160766816e-07,-11.479955861371161,3.886169984076026e-07,-4.461305988697825e-06,86.09967100790179,-2.304797761974515e-05,-2.553602835816446e-07,-8.012845345240294
I3,14,N8,25.12416029712743,35.8693992088185,11.479956250714723,1.3008332604472377e-07,-11.479956120631398,1.516189613149923e-07,-1.740579022951821e-06,86.09967285598536,-2.3276218476710432e-05,-2.553602835816459e-07,-8.012845335917056
I3,15,N8,35.8693992088185,46.614637876991196,11.479955997878683,1.365078785369157e-07,-11.479955861370804,1.2479618951957155e-06,-1.4326547473519472e-05,86.09967100789922,-2.2274049651722374e-05,-2.553602835816468e-07,-8.012845436381681
I3,16,N8,46.614637876991196,51.91590563205598,5.663747784985596,1.6069410051947516e-07,-5.663747624291496,2.3623413290985484e-05,-0.00013379705090447517,42.478109592597725,-5.605135677300452e-07,-2.5536028358164874e-07,-8.012845900438213
I3,17,N8,51.91590563205598,51.915904847957414,1.5492535631864288e-07,8.696457491205963e-07,7.147203928019534e-07,60.000000603651415,4.288322399955918e-05,7.684283290794294e-06,-2.553602829996039e-07,-2.5536029985923393e-07,-52.32989434588051
I3,18,N8,51.915904847957414,46.321890611009515,1.2605206313390367e-07,5.235997436216938,5.235997310164875,67.15000062627358,351.59722265673815,39.26998171701751,-2.5536028234213635e-07,-4.744529204627335e-07,-55.83240062111048
I3,19,N8,46.321890611009515,41.370990016601425,1.2605206346533858e-07,4.634043066799683,4.634042940747619,67.15000105305565,311.1759883511077,34.7553239463881,-2.553602823421364e-07,-4.415210324910998e-07,-55.83240110461951
I3,20,N8,41.370990016601425,37.18053246068131,1.260520642715408e-07,3.922268382774939,3.922268256722875,67.15000112086278,263.38031783526554,29.417013816202527,-2.553602823421369e-07,-3.976827253414575e-07,-55.83240131817322
I3,21,N8,37.18053246068131,34.18908404508372,1.2605206638145737e-07,2.7999958274330607,2.799995701380994,67.15000086143581,188.01971375975035,20.999969651138453,-2.553602823421381e-07,-3.4043461323308916e-07,-55.83240144056211
I3,22,N8,34.18908404508372,31.644260053133156,1.2605206757354957e-07,2.381955366899437,2.3819552408473696,67.15000073442975,159.94829617227967,17.864666197136284,-2.553602823421387e-07,-3.240615721274262e-07,-55.8324015216444
I3,23,N8,31.644260053133156,29.279133742221475,1.2605206815733042e-07,2.2137583374470444,2.213758211394976,67.15000068789695,148.65386541801016,16.603188476243346,-2.5536028234213905e-07,-3.181203838976751e-07,-55.83240157446876
I3,24,N8,29.279133742221475,27.00556513237486,1.2605206848769879e-07,2.1280603292501477,2.1280602031980793,67.15000066214478,142.89924405383496,15.96045341476662,-2.553602823421392e-07,-3.152127288803593e-07,-55.83240160410447
I3,1,N9,28.81666171763897,26.48948811688627,1.2605207035137024e-07,2.178234600738242,2.1782344746861715,67.15000062617989,146.26844633914303,16.336760450927343,-1.0249309174536644e-07,-1.123176102418307e-07,-55.83240172170475
I3,2,N9,26.48948811688627,24.21398283450192,1.2605207054976818e-07,2.129873054745466,2.1298729286933953,67.15000059064424,143.02096841975867,15.974048855981524,-1.0249309174536646e-07,-1.1209263677585276e-07,-55.83240171690906
I3,3,N9,24.21398283450192,22.015898858914362,1.2605207087758078e-07,2.0574067115836714,2.0574065855316004,67.1500005191255,138.1548532864992,15.430551282268068,-1.024930917453665e-07,-1.1177167171989124e-07,-55.83240169295076
I3,4,N9,22.015898858914362,19.914643393046877,1.2605207133027873e-07,1.9667752264856813,1.96677510043361,67.15000041187687,132.0689488041861,14.750815144033144,-1.0249309174536652e-07,-1.1137847317367046e-07,-55.832401649425414
I3,5,N9,19.914643393046877,17.481333773526735,1.2605207008791825e-07,2.2775779143045685,2.2775777882524983,67.15000054671343,152.93934972633764,17.08183530267479,-1.024930917453664e-07,-1.128457678627279e-07,-55.83240158532242
I3,6,N9,17.481333773526735,14.653124733921308,1.2605206901511494e-07,2.6472037715043935,2.6472036454523242,67.15000063289814,177.75972646753385,19.85402923167347,-1.024930917453663e-07,-1.1465680104383769e-07,-55.832401493948886
I3,7,N9,14.653124733921308,11.327789054837869,1.2605206806037723e-07,3.112514306055812,3.112514180003744,67.15000066706324,209.00532926349518,23.343858240809098,-1.0249309174536622e-07,-1.1706003107032566e-07,-55.832401363025106
I3,8,N9,11.327789054837869,7.083421314568654,1.2605206689953896e-07,3.9727283153256963,3.9727281892736293,67.15000067274516,266.7687005823579,29.795463310333226,-1.0249309174536613e-07,-1.217712036992376e-07,-55.832401165221896
I3,9,N9,7.083421314568654,9.063367227021368e-07,1.2605206522630314e-07,6.630081612538797,6.630081486486732,67.1500006106589,445.2099758663024,49.725613039431465,-1.0249309174536597e-07,-1.3904383122793382e-07,-55.83240080058968
I3,10,N9,9.063367227021368e-07,1.5851956213844395e-07,1.5598901009303814e-07,8.366182100740869e-07,6.806291999810487e-07,60.000000669689065,4.083775245467286e-05,7.444554151253438e-06,-1.0249309186639076e-07,-1.024930947995479e-07,-52.412626805005544
I3,11,N9,1.5851956213844395e-07,2.6672440978842683e-06,2.856849950970965e-06,1.5470864918776702e-07,-2.7021413017831977e-06,16.670359543387935,-4.504566703776423e-05,2.258668950119049e-05,-1.0407011673681582e-07,-1.0249309186726396e-07,-25.82302519824665
I3,12,N9,2.6672440978842683e-06,0.6460445267659769,0.6902158296364951,1.4696873609100095e-07,-0.690215682667759,16.67034439259788,-11.506133135243594,5.176619824539234,-1.1555250429241734e-07,-1.024930918672639e-07,-25.823016561589586
I3,13,N9,0.6460445267659769,20.43204386857544,21.13888835344798,1.469687033356499e-07,-21.13888820647928,16.6703421870034,-352.39249985482013,158.54166375312514,-4.862152452675585e-07,-1.0249309186726358e-07,-25.823015601225162
I3,14,N9,20.43204386857544,45.7790168771353,27.080099529733754,1.415895918799275e-07,-27.080099388144163,16.670341989265687,-451.43451790366765,203.1007475349251,-6.38652735224714e-07,-1.0249309186726372e-07,-25.82301556284493
I3,15,N9,45.7790168771353,54.1602067553793,8.954262858185738,1.4696870745219846e-07,-8.95426271121703,16.67034279312153,-149.27062885565368,67.15697253865834,-1.7917892812512013e-07,-1.0249309186726379e-07,-25.823015779687378
I3,16,N9,54.1602067553793,54.16020926409923,2.856845057438522e-06,1.5470866823372368e-07,-2.7021363892047983e-06,16.670358986314078,-4.5045583638026485e-05,2.2586652942541842e-05,-1.0405312846465358e-07,-1.0249309186726386e-07,-25.823024509706258
I3,17,N9,54.16020926409923,54.16020851628207,1.5598901009989744e-07,8.366182119411928e-07,6.806292018412954e-07,60.00000060745086,4.0837752523926516e-05,7.444554165308176e-06,-1.0249309186639072e-07,-1.0249309479954931e-07,-52.412625494628045
I3,18,N9,54.16020851628207,47.24493194661975,1.2605206529842627e-07,6.47269897963764,6.472698853585574,67.15000060283634,434.6417319202494,48.545243292672794,-1.0249309174536597e-07,-1.3795184217799886e-07,-55.83240080426976
I3,19,N9,47.24493194661975,42.96081738928595,1.2605206684639394e-07,4.009931336098152,4.009931210046085,67.15000069467465,269.26688354019217,30.074485966126637,-1.0249309174536613e-07,-1.2197584285720064e-07,-55.83240117910277
I3,20,N9,42.96081738928595,39.465064655831206,1.2605206775044086e-07,3.2720246689473464,3.2720245428952786,67.1500007356928,219.71645046262284,24.540185962495606,-1.0249309174536619e-07,-1.1794115748358114e-07,-55.83240138005843
I3,21,N9,39.465064655831206,36.431816120677965,1.2605206852282027e-07,2.8391207393371536,2.8391206132850852,67.15000073136372,190.64695125852327,21.293406490419166,-1.0249309174536627e-07,-1.15672434836018e-07,-55.83240151011995
I3,22,N9,36.431816120677965,33.74183718141826,1.2605206929409556e-07,2.517820397580797,2.517820271528728,67.15000068438124,169.07163295630303,18.8836539272465,-1.0249309174536635e-07,-1.1400050066180445e-07,-55.83240159828889
I3,23,N9,33.74183718141826,31.228212728749064,1.2605206976756446e-07,2.352752598132082,2.352752472080012,67.15000066138053,157.98733005623748,17.645645431381137,-1.024930917453664e-07,-1.1317372618927603e-07,-55.83240165721237
I3,24,N9,31.228212728749064,28.81666171763897,1.2605207007505785e-07,2.2572118568327624,2.2572117307806923,67.15000064403021,151.57176917563604,16.929089871636243,-1.024930917453664e-07,-1.127028743728518e-07,-55.8324016925576
I4,1,N3,24.725100205395318,22.730283965149933,1.2605207136561543e-07,1.867148111303397,1.8671479852513255,67.15000062369273,125.37898837415314,14.003611780166013,-1.2155346488786943e-07,-1.330754971210802e-07,-55.832401918041676
I4,2,N3,22.730283965149933,20.772529156783893,1.260520715586171e-07,1.8324586110643288,1.8324584850122572,67.15000058910552,123.04958834808447,13.743440528373004,-1.2155346488786948e-07,-1.3285491947727623e-07,-55.83240191331414
I4,3,N3,20.772529156783893,18.867764507075155,1.260520718639679e-07,1.7828598225610937,1.7828596965090218,67.15000051822592,119.71902954450492,13.371449614598742,-1.2155346488786948e-07,-1.325569468847541e-07,-55.83240188606409
I4,4,N3,18.867764507075155,17.028272753338644,1.260520722763562e-07,1.7217643919310932,1.7217642658790209,67.15000041128931,115.61647116191949,12.913233884873742,-1.2155346488786954e-07,-1.3219987547579845e-07,-55.832401835680066
I4,5,N3,17.028272753338644,14.924377253223485,1.2605207097468824e-07,1.9692462985415033,1.9692461724894323,67.15000054563619,132.23488155715737,14.769348184451808,-1.215534648878694e-07,-1.3380384220005418e-07,-55.83240176071197
I4,6,N3,14.924377253223485,12.50489006657899,1.2605206982225822e-07,2.264640117132961,2.2646399910808914,67.15000063005212,152.07057682792308,16.984801823887732,-1.2155346488786927e-07,-1.357889754029452e-07,-55.83240165347289
I4,7,N3,12.50489006657899,9.681490581202693,1.2605206875996458e-07,2.6427020287459277,2.642701902693859,67.15000066056936,177.45743451158054,19.820266160984975,-1.2155346488786914e-07,-1.3845892755075393e-07,-55.832401499823185
I4,8,N3,9.681490581202693,6.09098796746007,1.2605206741447162e-07,3.360710556896807,3.3607104308447395,67.1500006651906,225.67170766673726,25.205330122116557,-1.2155346488786895e-07,-1.438232880199323e-07,-55.832401268317675
I4,9,N3,6.09098796746007,9.063367121599457e-07,1.2605206536480853e-07,5.701163999645173,5.701163873593107,67.15000060838327,382.83315758026987,42.758730942729294,-1.215534648878687e-07,-1.6459957663419107e-07,-55.83240084462621
I4,10,N3,9.063367121599457e-07,1.585195618473991e-07,1.5598901009278949e-07,8.366182004787963e-07,6.806291903860068e-07,60.000000669689065,4.0837751878970335e-05,7.444554079286893e-06,-1.2155346505337983e-07,-1.2155346906470806e-07,-52.41262682370808
I4,11,N3,1.585195618473991e-07,2.66724404759089e-06,2.856849897369139e-06,1.5470864902960574e-07,-2.7021412483395332e-06,16.67035954344139,-4.504566614698357e-05,2.2586689097990587e-05,-1.237124826986161e-07,-1.2155346505457396e-07,-25.823025208095384
I4,12,N3,2.66724404759089e-06,0.6435701919675928,0.6875723095528049,1.4696873592625852e-07,-0.687572162584069,16.670344392899242,-11.46206474524694,5.156793423911557,-1.3946198794243656e-07,-1.215534650545739e-07,-25.823016569909015
I4,13,N3,0.6435701919675928,17.00841877975741,17.483812761546645,1.4696870325093876e-07,-17.483812614577943,16.670342188345202,-291.4611390419207,131.1285968138651,-5.193563472873687e-07,-1.2155346505457343e-07,-25.823015606456558
I4,14,N3,17.00841877975741,38.68294695100202,23.1565473531149,1.415895919672638e-07,-23.156547211525307,16.670341990686186,-386.02756133959747,173.67410621028367,-6.625630579642194e-07,-1.2155346505457364e-07,-25.82301556058425
I4,15,N3,38.68294695100202,46.31325933994378,8.15204331833291,1.4696870730213072e-07,-8.152043171364202,16.670342793975934,-135.89735413793193,61.140325989762125,-2.2036255388884333e-07,-1.215534650545737e-07,-25.82301579341454
I4,16,N3,46.31325933994378,46.31326184866366,2.8568449995188545e-06,1.547086680917132e-07,-2.7021363314271415e-06,16.670358986368733,-4.504558267499989e-05,2.2586652507079256e-05,-1.2368986834813868e-07,-1.2155346505457383e-07,-25.82302452225714
I4,17,N3,46.31326184866366,46.3132611008465,1.559890100806155e-07,8.36618202911131e-07,6.806291928305155e-07,60.00000060745086,4.083775198327972e-05,7.4445540974380995e-06,-1.2155346505337975e-07,-1.2155346906470994e-07,-52.412625523446394
I4,18,N3,46.3132611008465,40.3262007855522,1.2605206542611188e-07,5.6038885655491795,5.603888439497114,67.15000060075711,376.301112078807,42.02916518700934,-1.2155346488786866e-07,-1.6368097076407684e-07,-55.83240084655353
I4,19,N3,40.3262007855522,36.7076432565412,1.2605206736310127e-07,3.3869699575880063,3.386969831535939,67.1500006832815,227.43502650189214,25.402275627300554,-1.2155346488786893e-07,-1.4402187645887842e-07,-55.83240127863586
I4,20,N3,36.7076432565412,33.77519805461896,1.2605206848428328e-07,2.744768819432928,2.7447686933808595,67.15000071969229,184.31121973591357,20.58576709113747,-1.2155346488786909e-07,-1.3923009482214975e-07,-55.832401512637915
I4,21,N3,33.77519805461896,31.222964371054626,1.2605206938197365e-07,2.3888908382499294,2.38889071219786,67.15000071582082,160.41401303410402,17.91668223226499,-1.215534648878692e-07,-1.3668739876598415e-07,-55.83240166535973
I4,22,N3,31.222964371054626,28.936328669941574,1.2605207020880862e-07,2.1402911266755336,2.1402910006234634,67.15000067489484,143.72054213633692,16.052184395457026,-1.2155346488786932e-07,-1.3492667342905695e-07,-55.83240176962491
I4,23,N3,28.936328669941574,26.789652726954508,1.2605207072166634e-07,2.0092887930696115,2.009288667017541,67.15000065584148,134.92373530800273,15.069666893412615,-1.2155346488786938e-07,-1.3403009235085805e-07,-55.83240183967383
I4,24,N3,26.789652726954508,24.725100205395318,1.2605207105713676e-07,1.932421270613114,1.932421144561043,67.15000064046502,129.7620810949222,14.493160474988889,-1.2155346488786943e-07,-1.3351166721188862e-07,-55.832401882053084
I4,1,N8,77.33406996828371,71.25411787921567,1.2605206616709858e-07,5.690835265801392,5.690835139749326,67.15000064019759,382.13958327742614,42.681265438900944,-6.445889041165168e-08,-7.617501961030237e-08,-55.83240097033815
I4,2,N8,71.25411787921567,65.47282672343556,1.2605206634818496e-07,5.411288632243889,5.411288506191823,67.1500006017305,363.3680264469182,40.58466568721967,-6.445889041165169e-08,-7.558325332544192e-08,-55.83240095844818
I4,3,N8,65.47282672343556,60.24196484678701,1.260520667292631e-07,4.896086826976757,4.89608670092469,67.1500005284142,328.77222455425465,36.72065214771617,-6.445889041165172e-08,-7.450286079921043e-08,-55.83240094101298
I4,4,N8,60.24196484678701,55.6781929529841,1.2605206730930454e-07,4.27169060303324,4.271690476981172,67.15000042036134,286.8440173249392,32.037680468139804,-6.445889041165173e-08,-7.320104484019409e-08,-55.83240091803089
I4,5,N8,55.6781929529841,49.66540936579329,1.2605206626665727e-07,5.627965548044313,5.627965421992246,67.15000055653304,377.9178812189281,42.20974255572285,-6.445889041165169e-08,-7.623786533938285e-08,-55.832400889606156
I4,6,N8,49.66540936579329,41.75824324256148,1.260520654789865e-07,7.401107601778683,7.401107475726618,67.15000064807012,496.98437179147896,55.50830795873062,-6.445889041165167e-08,-8.055722228161375e-08,-55.8324008530359
I4,7,N8,41.75824324256148,31.530743118419533,1.2605206491220394e-07,9.572940226630573,9.572940100578508,67.15000069557196,642.8229344125156,71.79705264511978,-6.445889041165163e-08,-8.666573891037707e-08,-55.832400803110005
I4,8,N8,31.530743118419533,17.811356653158157,1.2605206441340607e-07,12.841345841918354,12.84134571586629,67.15000070502451,862.2963738738848,96.31009475977814,-6.445889041165161e-08,-9.710254958582332e-08,-55.83240072747663
I4,9,N8,17.811356653158157,8.727588411263251e-07,1.2605206409729218e-07,16.671429120887467,16.671428994835402,67.15000062296336,1119.4864673888867,125.03571935204648,-6.445889041165159e-08,-1.1543123453111471e-07,-55.83240057634982
I4,10,N8,8.727588411263251e-07,8.866022750784974e-08,1.5492535821663036e-07,8.6964578897905e-07,7.147204307624197e-07,60.00000066906324,4.2883226323938346e-05,7.684283603967604e-06,-6.445889046341655e-08,-6.445889179083833e-08,-52.32989674543363
I4,11,N8,8.866022750784974e-08,4.644746757675861,4.962336368266423,1.6069410709309516e-07,-4.962336207572316,2.437750532585047e-05,-0.00012096937732875476,37.217523967203974,-7.42261239911399e-08,-6.445889050924331e-08,-8.012846030606342
I4,12,N8,4.644746757675861,42.93916317191282,40.91283820521238,1.3650796015545062e-07,-40.912838068704424,3.432232527912385e-06,-0.00014042237362861944,306.84628756290255,-1.9827579598242964e-05,-6.445889050924315e-08,-8.01284536332554
I4,13,N8,42.93916317191282,81.23357958615397,40.91283820521675,1.365078724480516e-07,-40.91283806870888,3.886169984076026e-07,-1.5899424326597942e-05,306.84628756293466,-2.2827077287620467e-05,-6.445889050924283e-08,-8.01284531623059
I4,14,N8,81.23357958615397,119.52799624391315,40.91283845805246,1.3008332677554718e-07,-40.91283832796913,1.516189613149923e-07,-6.2031620517348865e-06,306.84628941101846,-2.306171901867996e-05,-6.445889050924292e-08,-8.012845313715824
I4,15,N8,119.52799624391315,157.82241265815392,40.91283820521638,1.3650787983782557e-07,-40.9128380687085,1.2479618951957155e-06,-5.105766293406088e-05,306.84628756293193,-2.2000375287648284e-05,-6.445889050924302e-08,-8.012845351095674
I4,16,N8,157.82241265815392,167.2909185155208,10.115925244710063,1.6069410439914183e-07,-10.115925084015958,2.3623413290985484e-05,-0.00023897267908035602,75.86944054053126,-9.147103785552976e-08,-6.445889050924322e-08,-8.012845630533942
I4,17,N8,167.2909185155208,167.29091773142218,1.549253587663923e-07,8.696457734780058e-07,7.147204147116135e-07,60.000000603651415,4.28832253141388e-05,7.684283491832985e-06,-6.445889046341652e-08,-6.445889179083944e-08,-52.32989449641252
I4,18,N8,167.29091773142218,154.26558648539608,1.2605206455940514e-07,12.191710156714153,12.191710030662088,67.15000062627358,818.6733361943052,91.43782712074663,-6.445889041165161e-08,-9.46736521110961e-08,-55.832400668818295
I4,19,N8,154.26558648539608,130.9135859686834,1.2605206338554291e-07,21.857472594076757,21.857472468024692,67.15000105305565,1467.729299244993,163.93104540096616,-6.445889041165156e-08,-1.5943270930075837e-07,-55.832400890563875
I4,20,N8,130.9135859686834,107.26121406116478,1.2605206331143817e-07,22.138620215871143,22.138620089819078,67.15000112086278,1486.6083638457064,166.03965256442405,-6.445889041165156e-08,-1.6264874177133687e-07,-55.83240094923155
I4,21,N8,107.26121406116478,97.27195137713737,1.2605206483865123e-07,9.349949982683361,9.349949856631296,67.15000086143581,627.8491409271732,70.1246258155157,-6.445889041165163e-08,-8.57346155043524e-08,-55.83240096945702
I4,22,N8,97.27195137713737,90.04264515526185,1.260520656294643e-07,6.7666307341092,6.766630608057135,67.15000073442975,454.37925030065145,50.74973145120949,-6.445889041165165e-08,-7.86086549781247e-08,-55.8324009800833
I4,23,N8,90.04264515526185,83.53347182528304,1.2605206593795618e-07,6.092586347293873,6.092586221241807,67.15000068789695,409.1171689474588,45.69439855009454,-6.445889041165168e-08,-7.701908852456881e-08,-55.83240098442969
I4,24,N8,83.53347182528304,77.33406996828371,1.2605206609413643e-07,5.802640248585093,5.8026401225330275,67.15000066214478,389.64728807028064,43.51980280977869,-6.445889041165169e-08,-7.637483657593143e-08,-55.83240098326643
I4,1,N9,0.003907457336316673,0.0035965315104087266,1.2609723855087106e-07,0.0002911370463361426,0.00029101094909759177,67.15000062617989,0.01954138541412849,0.002184473576810201,-0.000886299425043385,-0.0009682836533631452,-55.841288326618894
I4,2,N9,0.0035965315104087266,0.003285388168514391,1.260971992968218e-07,0.0002913406412650137,0.0002912145440657169,67.15000059064424,0.01955505680601708,0.002186000538482329,-0.0008862994336252183,-0.0009683463306068027,-55.84128138770075
I4,3,N9,0.003285388168514391,0.0029693295065881344,1.260963259580496e-07,0.0002959413800497626,0.00029581528372380454,67.1500005191255,0.019863996455618732,0.0022205060728179046,-0.0008862994716439214,-0.0009697645028179513,-55.841127839588154
I4,4,N9,0.0029693295065881344,0.0026428712634086033,1.2609456402351932e-07,0.00030567538655920374,0.0003055492919951802,67.15000041187687,0.020517635083325037,0.0022935111084242043,-0.0008862995421918006,-0.0009727787215948543,-55.84081809766262
I4,5,N9,0.0026428712634086033,0.00229858788876304,1.260917888735251e-07,0.00032235970718011203,0.0003222336153912385,67.15000054671343,0.02163798744969111,0.0024186434922673916,-0.000886299651707992,-0.0009779887701746918,-55.84033056820088
I4,6,N9,0.00229858788876304,0.0019247719500024624,1.2608776711690784e-07,0.00035000218366832087,0.00034987609590120397,67.15000063289814,0.023494180061201776,0.0026259620357657835,-0.0008862998119816755,-0.0009867448043018327,-55.83962387641942
I4,7,N9,0.0019247719500024624,0.0014990498958687745,1.2608203305119712e-07,0.00039858630263396003,0.00039846022060090885,67.15000066706324,0.026756604079149194,0.0029903428850025842,-0.0008863000452360476,-0.0010025205349568614,-55.83861612645275
I4,8,N9,0.0014990498958687745,0.0009634609930038426,1.2607349917184327e-07,0.0005014216655699065,0.0005012955920707347,67.15000067274516,0.03366199934479402,0.003761608043018088,-0.0008863004006789478,-0.0010376346839052464,-55.8371161042474
I4,9,N9,0.0009634609930038426,9.058848197382942e-07,1.2605828205371718e-07,0.0009010620204169959,0.0009009359621349422,67.1500006106589,0.060497850407525935,0.006758910590242872,-0.0008863010485224295,-0.0012011368757431269,-55.83444078327624
I4,10,N9,9.058848197382942e-07,1.585098302198413e-07,1.5598794761815837e-07,8.3620340714575e-07,6.802154595275917e-07,60.000000669689065,4.0812928027188355e-05,7.441435160729312e-06,-0.0008863092578729094,-0.0008864916269807717,-52.41337443953615
I4,11,N9,1.585098302198413e-07,2.6654767207366938e-06,2.854960956051927e-06,1.5469886422949506e-07,-2.7002620918224318e-06,16.670359543387935,-4.5014339932060744e-05,2.2572448652110665e-05,-0.0017511479686388885,-0.0008863094443424992,-25.822987487068172
I4,12,N9,2.6654767207366938e-06,0.0015537071656751302,0.0016572635687868867,1.4696269860412587e-07,-0.0016571166060882826,16.67034439259788,-0.027624704522184632,0.01243057898614118,-0.0013319789523484867,-0.0008863094638018652,-25.821610952644892
I4,13,N9,0.0015537071656751302,0.0025880605056884474,0.0011052461159247145,1.4697492471375546e-07,-0.0011050991410000007,16.6703421870034,-0.01842238083103353,0.008290448181370712,-0.0012554319492006282,-0.000886309472047623,-25.821136409710306
I4,14,N9,0.0025880605056884474,0.005801005033256201,0.0034327946679205347,1.4159958309088028e-07,-0.0034326530683374437,16.670341989265687,-0.057223500579687385,0.025747022006277192,-0.0012554454460482025,-0.0008863094720625273,-25.821136295978945
I4,15,N9,0.005801005033256201,0.00722009764702995,0.0015162923377544876,1.4696544512633242e-07,-0.0015161453723093613,16.67034279312153,-0.02527466308060192,0.011373294773997105,-0.0013322301620885273,-0.0008863094638126615,-25.82161057277479
I4,16,N9,0.00722009764702995,0.007222604231039194,2.8545536495503136e-06,1.5470040150379627e-07,-2.6998532480465174e-06,16.670358986314078,-4.500752285530151e-05,2.2569405382905823e-05,-0.0017512112706449762,-0.0008863094443773302,-25.822987030546813
I4,17,N9,0.007222604231039194,0.007221856851876857,1.5598781980129607e-07,8.362072009249922e-07,6.802193811236961e-07,60.00000060745086,4.081316328062161e-05,7.441462655447161e-06,-0.0008863092604593793,-0.0008864916249067954,-52.4133610895447
I4,18,N9,0.007221856851876857,0.006252415774709769,1.2605813793949255e-07,0.0009075072872588102,0.0009073812291208707,67.15000060283634,0.06093065008246885,0.006807250090475623,-0.0008863010616304412,-0.0012041973026721434,-55.83441543430724
I4,19,N9,0.006252415774709769,0.005712366223403148,1.2607322414152643e-07,0.0005055968322703744,0.0005054707590462329,67.15000069467465,0.03394236182109226,0.0037929217912088696,-0.0008863004239975169,-0.0010391124488608784,-55.837067778660575
I4,20,N9,0.005712366223403148,0.0052828240213671634,1.2608166483195264e-07,0.00040216196074791493,0.000402035879083083,67.1500007356928,0.026996709576203926,0.0030171603180956016,-0.0008863000723235003,-0.0010037016022852595,-55.838551476310805
I4,21,N9,0.0052828240213671634,0.0049054048350466745,1.2608731888418802e-07,0.0003533748229917031,0.0003532487356728189,67.15000073136372,0.0237206528587831,0.002651256827329405,-0.0008862998397874606,-0.0009878239204929218,-55.83954520139543
I4,22,N9,0.0049054048350466745,0.00455754443234114,1.2609126577239626e-07,0.0003257078049859585,0.0003255817137201861,67.15000068438124,0.021862812299132516,0.0024437542218879813,-0.000886299678099083,-0.0009790409902917087,-55.84023879148052
I4,23,N9,0.00455754443234114,0.004227405947410411,1.2609396660035498e-07,0.0003091200923149256,0.0003089939983483252,67.15000066138053,0.020748947193452653,0.0023193463971114448,-0.0008862995653872472,-0.0009738497297557432,-55.8407133954134
I4,24,N9,0.004227405947410411,0.003907457336316673,1.260956535009955e-07,0.00029958237188138805,0.00029945627622788705,67.15000064403021,0.020108489141561506,0.0022478135065116677,-0.0008862994899809543,-0.0009708896824303757,-55.84100981444009
I1,1,N3,22.523351882024393,20.70680818517146,1.2605207194984672e-07,1.7002850106880614,1.7002848846359895,67.15000062369273,114.17413106376202,12.752138525550999,-1.4372464854031966e-07,-1.5813413264678103e-07,-55.832402044470385
I1,2,N3,20.70680818517146,18.920888161648417,1.2605207214215052e-07,1.671621252451286,1.6716211263992138,67.15000058910552,112.24935962246843,12.537160338775186,-1.4372464854031971e-07,-1.578824374415189e-07,-55.832402039621726
I1,3,N3,18.920888161648417,17.176737709026614,1.2605207243378896e-07,1.6325249340877248,1.6325248080356525,67.15000051822592,109.62404170561074,12.243937951048478,-1.4372464854031971e-07,-1.5756023943571442e-07,-55.832402009962514
I1,4,N3,17.176737709026614,15.482900407730712,1.2605207281861922e-07,1.5854318244466803,1.5854316983946075,67.15000041128931,106.461739199269,11.890739628740649,-1.4372464854031977e-07,-1.57185437349052e-07,-55.83240195473465
I1,5,N3,15.482900407730712,13.55859834307448,1.2605207147378363e-07,1.8011468429519488,1.8011467168998774,67.15000054563619,120.9470030225976,13.508602267530152,-1.4372464854031958e-07,-1.591201533656856e-07,-55.83240187217456
I1,6,N3,13.55859834307448,11.356872540938323,1.2605207025868927e-07,2.0608154612331595,2.0608153351810894,67.15000063005212,138.38375105583123,15.456116904639222,-1.4372464854031937e-07,-1.6153803232076816e-07,-55.83240175391469
I1,7,N3,11.356872540938323,8.793339255677783,1.2605206910675223e-07,2.399467265437578,2.399467139385509,67.15000066056936,161.1242199947514,17.996005436172354,-1.4372464854031916e-07,-1.6485413403481468e-07,-55.83240158450032
I1,8,N3,8.793339255677783,5.537053376301648,1.2605206762714439e-07,3.0478836935297746,3.047883567477707,67.1500006651906,204.66538358355155,22.859128646863816,-1.437246485403189e-07,-1.7159215097233827e-07,-55.8324013294098
I1,9,N3,5.537053376301648,9.06336706226856e-07,1.2605206533554498e-07,5.182681222320896,5.18268109626883,67.15000060838327,348.0170387675084,38.87011011279721,-1.4372464854031847e-07,-1.9825782421284466e-07,-55.83240086316753
I1,10,N3,9.06336706226856e-07,1.585195622773359e-07,1.5598900992219038e-07,8.366181943735423e-07,6.806291844513519e-07,60.000000669689065,4.083775152289103e-05,7.444554032217994e-06,-1.4372464876631914e-07,-1.4372465424367088e-07,-52.412626825262926
I1,11,N3,1.585195622773359e-07,2.6672441255876875e-06,2.8568499794043134e-06,1.54708648297712e-07,-2.7021413311066013e-06,16.67035954344139,-4.504566752674035e-05,2.258668970776519e-05,-1.4668883770079855e-07,-1.437246487679496e-07,-25.82302525550885
I1,12,N3,2.6672441255876875e-06,0.6532945540022368,0.6979615852307589,1.4696873491875457e-07,-0.697961438262024,16.670344392899242,-11.635257548791222,5.234712991496204,-1.69904191120867e-07,-1.4372464876794952e-07,-25.823016646813368
I1,13,N3,0.6532945540022368,15.242510613085413,15.586769461646385,1.469687015764342e-07,-15.586769314677683,16.670342188345202,-259.8367780864758,116.90077206461315,-6.560194051275022e-07,-1.4372464876794886e-07,-25.82301572597403
I1,14,N3,15.242510613085413,33.79099464263993,19.816756603445985,1.4158959049771712e-07,-19.816756461856393,16.670341990686186,-330.35210736528643,148.6256755877668,-7.94112321299337e-07,-1.4372464876794915e-07,-25.823015672798864
I1,15,N3,33.79099464263993,42.137378084728674,8.917076494771996,1.4696870612094047e-07,-8.91707634780329,16.670342793975934,-148.6507194379358,66.87807481305526,-3.0407451412451973e-07,-1.4372464876794926e-07,-25.823015888838285
I1,16,N3,42.137378084728674,42.137380593448654,2.8568451066509404e-06,1.5470866726532354e-07,-2.702136439385617e-06,16.670358986368733,-4.5045584474706426e-05,2.258665330437198e-05,-1.4666078126772143e-07,-1.4372464876794944e-07,-25.82302457892763
I1,17,N3,42.137380593448654,42.13737984563151,1.5598900992114774e-07,8.366181964756553e-07,6.806291865545076e-07,60.00000060745086,4.0837751606719234e-05,7.444554047976023e-06,-1.4372464876631904e-07,-1.4372465424367347e-07,-52.41262552196076
I1,18,N3,42.13737984563151,36.68235231159384,1.260520653951571e-07,5.105905882292973,5.105905756240907,67.15000060075711,342.8615745989861,38.294295062587786,-1.437246485403185e-07,-1.972290269000318e-07,-55.83240086479147
I1,19,N3,36.68235231159384,33.40065809438625,1.2605206757170534e-07,3.071665897740018,3.0716657716879507,67.1500006832815,206.2623586676583,23.037495178440643,-1.437246485403189e-07,-1.7184363237810137e-07,-55.832401339008925
I1,20,N3,33.40065809438625,30.745562211989153,1.260520688255384e-07,2.485169856357394,2.485169730305325,67.15000071969229,166.87914917856006,18.63877486807097,-1.437246485403191e-07,-1.6575183167875483e-07,-55.83240159633676
I1,21,N3,30.745562211989153,28.432617036499593,1.2605206981172171e-07,2.1649167946919414,2.1649166686398718,67.15000071582082,145.37415584885983,16.236876905580083,-1.437246485403193e-07,-1.6257971319085506e-07,-55.832401764619355
I1,22,N3,28.432617036499593,26.354891759980436,1.2605207070017346e-07,1.9447509692556446,1.9447508432035738,67.15000067489484,130.5900204336223,14.585633214807865,-1.4372464854031945e-07,-1.6042456795403761e-07,-55.832401879719754
I1,23,N3,26.354891759980436,24.402421823366655,1.2605207125511183e-07,1.8275119711042154,1.8275118450521441,67.15000065584148,122.71742159380956,13.70634072867215,-1.4372464854031956e-07,-1.593152134614796e-07,-55.83240195716887
I1,24,N3,24.402421823366655,22.523351882024393,1.260520716168144e-07,1.7588095755300743,1.7588094494780027,67.15000064046502,118.10405565890382,13.191072761866096,-1.437246485403196e-07,-1.5867467855723426e-07,-55.83240200416178
I1,1,N8,65.00935387717055,59.821788742500964,1.2605206639204854e-07,4.855561076484443,4.855560950432376,67.15000064019759,326.0509209300525,36.41670901902382,-8.536326668219763e-08,-1.0209457572842936e-07,-55.83240103147881
I1,2,N8,59.821788742500964,54.85407112723516,1.260520665746185e-07,4.649783798322508,4.649783672270441,67.1500006017305,312.2329763908768,34.87337943280931,-8.536326668219763e-08,-1.0134836608793099e-07,-55.83240101992151
I1,3,N8,54.85407112723516,50.28795453240922,1.2605206694863658e-07,4.273885243190784,4.273885117138717,67.1500005284142,286.9913878742464,32.05414026932138,-8.536326668219766e-08,-1.0000702014618175e-07,-55.83240100132952
I1,4,N8,50.28795453240922,46.221438297493016,1.2605206751278345e-07,3.806259306315277,3.8062591802632095,67.15000042036134,255.5903055546787,28.546945742755085,-8.536326668219768e-08,-9.83551717126871e-08,-55.83240097564474
I1,5,N8,46.221438297493016,41.01257635893687,1.2605206644493108e-07,4.875494884922273,4.8754947588702064,67.15000055653304,327.38947577150833,36.56621258230755,-8.536326668219763e-08,-1.0242943351652534e-07,-55.83240094287302
I1,6,N8,41.01257635893687,34.3618119256351,1.2605206561948725e-07,6.22511562000416,6.225115493952094,67.15000064807012,418.01650945319443,46.688368095421694,-8.536326668219756e-08,-1.0804876423100835e-07,-55.83240089974328
I1,7,N8,34.3618119256351,25.955760882315882,1.2605206499673013e-07,7.868063886980497,7.8680637609284325,67.15000069557196,528.3404870191488,59.010480097744214,-8.536326668219752e-08,-1.1593357192598501e-07,-55.83240084004583
I1,8,N8,25.955760882315882,14.85791667686065,1.2605206441121638e-07,10.387582286739809,10.387582160687744,67.15000070502451,697.526149413682,77.90686809593905,-8.53632666821975e-08,-1.297689517416305e-07,-55.83240074918924
I1,9,N8,14.85791667686065,8.727588390853612e-07,1.2605206393152198e-07,13.907009303073005,13.90700917702094,67.15000062296336,933.8556749005133,104.30257071843802,-8.536326668219743e-08,-1.5884891118693894e-07,-55.832400569305015
I1,10,N8,8.727588390853612e-07,8.86602278232784e-08,1.5492535794179194e-07,8.696457865326817e-07,7.147204285908898e-07,60.00000066906324,4.288322619364655e-05,7.684283583558552e-06,-8.536326676710866e-08,-8.536326894450783e-08,-52.32989673343755
I1,11,N8,8.86602278232784e-08,5.11276734602307,5.462358364363867,1.6069410594890992e-07,-5.462358203669761,2.437750532585047e-05,-0.0001331586662016626,40.967688937934795,-1.0384991757485656e-07,-8.536326684227925e-08,-8.01284612079189
I1,12,N8,5.11276734602307,35.01274701055644,31.94442287433248,1.3650795882596308e-07,-31.94442273782452,3.432232527912385e-06,-0.00010964068680614532,239.5831725813033,-1.9992147816265214e-05,-8.536326684227896e-08,-8.01284551662419
I1,13,N8,35.01274701055644,64.91272667509399,31.94442287433685,1.3650787119611158e-07,-31.94442273782898,3.886169984076026e-07,-1.2414145680238668e-05,239.58317258133542,-2.298153306348937e-05,-8.536326684227845e-08,-8.012845458749577
I1,14,N8,64.91272667509399,94.81270658314956,31.944423127172538,1.3008332564330466e-07,-31.944422997089212,1.516189613149923e-07,-4.84338023462542e-06,239.583174429419,-2.3214231927112127e-05,-8.53632668422786e-08,-8.012845454160713
I1,15,N8,94.81270658314956,124.71268624768676,31.94442287433648,1.3650787856852423e-07,-31.944422737828603,1.2479618951957155e-06,-3.986542234083369e-05,239.5831725813327,-2.215628998043532e-05,-8.536326684227873e-08,-8.012845495167273
I1,16,N8,124.71268624768676,135.692922998303,11.731022352882434,1.6069410318115695e-07,-11.73102219218833,2.3623413290985484e-05,-0.00027712678557178746,87.98266885182403,-1.4715097600052e-07,-8.53632668422791e-08,-8.012845729719185
I1,17,N8,135.692922998303,135.6929222142044,1.549253585676793e-07,8.696457685598534e-07,7.147204099921741e-07,60.000000603651415,4.2883225030972435e-05,7.684283453456495e-06,-8.536326676710859e-08,-8.536326894450965e-08,-52.32989448999614
I1,18,N8,135.6929222142044,124.06268706475355,1.260520643864901e-07,10.885900210319717,10.885900084267652,67.15000062627358,730.9881974761245,81.64425252278836,-8.536326668219747e-08,-1.3275409885834842e-07,-55.832400660609714
I1,19,N8,124.06268706475355,106.80693600323465,1.260520633448424e-07,16.151383104015395,16.15138297796333,67.15000105305565,1084.5653839785427,121.13537422550594,-8.536326668219739e-08,-1.919061933045404e-07,-55.832400904989775
I1,20,N8,106.80693600323465,90.15161673263258,1.260520633643846e-07,15.589378947717268,15.589378821665205,67.15000112086278,1046.826805348373,116.92034305326999,-8.53632666821974e-08,-1.851568081170433e-07,-55.83240098017818
I1,21,N8,90.15161673263258,82.01150762381593,1.2605206495276094e-07,7.619142236286087,7.619142110234022,67.15000086143581,511.62539926561647,57.143567717536136,-8.536326668219752e-08,-1.144379749494369e-07,-55.83240101101739
I1,22,N8,82.01150762381593,75.87610214280225,1.2605206578573743e-07,5.742739640662509,5.742739514610443,67.15000073442975,385.62496262373,43.07054825035931,-8.536326668219758e-08,-1.0556652084583212e-07,-55.83240102900053
I1,23,N8,75.87610214280225,70.31448720830875,1.2605206612366342e-07,5.205671689119629,5.205671563067562,67.15000068789695,349.5608490409524,39.04253861378771,-8.53632666821976e-08,-1.0338374575556298e-07,-55.83240103852289
I1,24,N8,70.31448720830875,65.00935387717055,1.2605206629900136e-07,4.965604908379073,4.965604782327007,67.15000066214478,333.4403644212078,37.24203775823355,-8.536326668219762e-08,-1.024614216137426e-07,-55.83240104076254
I1,1,N9,24.238933714604954,22.284036067413766,1.2605207141163616e-07,1.8297843082046688,1.8297841821525973,67.15000062617989,122.87000897732096,13.723383256925551,-1.322418827933474e-07,-1.4551197177778402e-07,-55.83240193995198
I1,2,N9,22.284036067413766,20.365445783263034,1.2605207160887626e-07,1.7958006163987994,1.7958004903467277,67.15000059064424,120.58800398746199,13.468505568381532,-1.3224188279334747e-07,-1.4525638967448675e-07,-55.83240193495574
I1,3,N9,20.365445783263034,18.4976188971522,1.2605207191404897e-07,1.748286075833458,1.748285949781386,67.1500005191255,117.3974024353999,13.112146514141473,-1.322418827933475e-07,-1.4491930889514924e-07,-55.832401907020355
I1,4,N9,18.4976188971522,16.69164154329414,1.2605207232127877e-07,1.6903949136448626,1.6903947875927903,67.15000041187687,113.51001068309039,12.677962797727012,-1.3224188279334752e-07,-1.4452069448148524e-07,-55.832401855503676
I1,5,N9,16.69164154329414,14.628880697411596,1.2605207100780053e-07,1.9307442621797732,1.9307441361277022,67.15000054671343,129.64946979653894,14.480582911738832,-1.3224188279334736e-07,-1.4636170434880434e-07,-55.83240177889247
I1,6,N9,14.628880697411596,12.256978823328,1.2605206983181582e-07,2.22010026457596,2.2201001385238905,67.15000063289814,149.0797257069765,16.650752929710222,-1.3224188279334717e-07,-1.4866402673519633e-07,-55.832401669371755
I1,7,N9,12.256978823328,9.482772871118497,1.2605206872960637e-07,2.5966568817018088,2.59665675564974,67.15000066706324,174.3655028740143,19.474927558154082,-1.3224188279334702e-07,-1.5181979731087612e-07,-55.83240151251337
I1,8,N9,9.482772871118497,5.950887339984432,1.2605206734860983e-07,3.3058449675751964,3.305844841523129,67.15000067274516,221.98748333226925,24.79383820220448,-1.322418827933468e-07,-1.581351827568878e-07,-55.8324012759939
I1,9,N9,5.950887339984432,9.063367120435119e-07,1.2605206528066433e-07,5.570029812327976,5.570029686275911,67.1500006106589,374.0274968348156,41.77522453785031,-1.3224188279334649e-07,-1.823305837298195e-07,-55.83240084194011
I1,10,N9,9.063367120435119e-07,1.5851956243172117e-07,1.5598900993804925e-07,8.366181996873214e-07,6.806291897492722e-07,60.000000669689065,4.0837751840766255e-05,7.444554072190279e-06,-1.32241882986845e-07,-1.3224188767647525e-07,-52.412626815838166
I1,11,N9,1.5851956243172117e-07,2.6672441556478394e-06,2.8568500114631476e-06,1.5470864839253178e-07,-2.702141363070616e-06,16.670359543387935,-4.5045668059447524e-05,2.2586689948917596e-05,-1.3477739032418429e-07,-1.3224188298824104e-07,-25.823025246969134
I1,12,N9,2.6672441556478394e-06,0.6539953113426006,0.6987102576029106,1.4696873506325408e-07,-0.6987101106341755,16.67034439259788,-11.647738174861873,5.240328034287343,-1.545372523927609e-07,-1.3224188298824093e-07,-25.823016637186527
I1,13,N9,0.6539953113426006,16.607059769714155,17.0438724523391,1.469687017165956e-07,-17.0438723053704,16.6703421870034,-284.12718352211505,127.82904449480853,-6.309343815518645e-07,-1.3224188298824038e-07,-25.823015715944763
I1,14,N9,16.607059769714155,36.652908293560785,21.416504994783708,1.4158959052292538e-07,-21.416504853194116,16.670341989265687,-357.02046011751423,160.62378852279974,-7.73402778312693e-07,-1.3224188298824064e-07,-25.823015666527937
I1,15,N9,36.652908293560785,45.43389502648082,9.381396249933642,1.469687062833568e-07,-9.381396102964937,16.67034279312153,-156.39108891447995,70.36047297676761,-2.7427644391601246e-07,-1.3224188298824072e-07,-25.82301587361815
I1,16,N9,45.43389502648082,45.43389753520083,2.8568451385621207e-06,1.547086673607055e-07,-2.7021364712014153e-06,16.670358986314078,-4.5045585004939524e-05,2.2586653544421194e-05,-1.347525975612153e-07,-1.3224188298824088e-07,-25.823024567592057
I1,17,N9,45.43389753520083,45.433896787383674,1.559890099150925e-07,8.366182024404179e-07,6.806291925253254e-07,60.00000060745086,4.083775196496831e-05,7.444554092666328e-06,-1.3224188298684494e-07,-1.3224188767647748e-07,-52.412625519462026
I1,18,N9,45.433896787383674,39.594513976270285,1.260520653495487e-07,5.465662421635842,5.465662295583776,67.15000060283634,367.0192264433504,40.9924691076593,-1.3224188279334649e-07,-1.8112797300828487e-07,-55.83240084504485
I1,19,N9,39.594513976270285,36.03015677387185,1.2605206728827353e-07,3.3362384518786428,3.3362383258265753,67.15000069467465,224.0284058968547,25.021789334480328,-1.322418827933468e-07,-1.5840910691495513e-07,-55.83240128860726
I1,20,N9,36.03015677387185,33.134085661651135,1.2605206841014717e-07,2.7107226714723036,2.7107225454202353,67.1500007356928,182.02502091922787,20.33042098143279,-1.32241882793347e-07,-1.528404852264168e-07,-55.83240152786393
I1,21,N9,33.134085661651135,30.615815922683275,1.2605206932824852e-07,2.3571005861076313,2.357100460055562,67.15000073136372,158.27929761662875,17.678255341197755,-1.322418827933471e-07,-1.4983719576011393e-07,-55.83240168354839
I1,22,N9,30.615815922683275,28.36808897069251,1.2605207020112259e-07,2.1038725374970673,2.103872411444997,67.15000068438124,141.27503386838237,15.77904497661853,-1.3224188279334723e-07,-1.477099398137328e-07,-55.832401789583
I1,23,N9,28.36808897069251,26.262408246851244,1.2605207074401684e-07,1.9709172679491433,1.9709171418970726,67.15000066138053,132.34708738191466,14.781880455009105,-1.322418827933473e-07,-1.466326463610156e-07,-55.83240186071538
I1,24,N9,26.262408246851244,24.238933714604954,1.2605207109480113e-07,1.8939722726162411,1.8939721465641701,67.15000064403021,127.18023086155931,14.204792990012342,-1.3224188279334739e-07,-1.4601890017293955e-07,-55.83240190367463
