unit,hour,node,soc_start_mwh,soc_end_mwh,p_charge_mw,p_discharge_mw,net_injection_mw,lambda_eur_per_mwh,spot_revenue_eur,degradation_cost_eur,rho_charge_dual,sigma_discharge_dual,gamma_soc_transition_dual
I1,1,N1,6.441331056466828e-05,6.43338756651192e-05,1.3663769689614523e-07,1.940588056778599e-07,5.742110878171468e-08,67.15000055358081,3.855827486479364e-06,2.4802237693050387e-06,-0.08246031369753236,-0.08267450193824051,-65.10205384380414
I1,2,N1,6.43338756651192e-05,6.425444066592497e-05,1.3663766671974562e-07,1.9405887250830613e-07,5.7421205788560514e-08,67.15000051069026,3.855833998026289e-06,2.480224044210388e-06,-0.08246021275092487,-0.08267461637566183,-65.10204857692393
I1,3,N1,6.425444066592497e-05,6.41750030214941e-05,1.3663686459716423e-07,1.9406064571341982e-07,5.742378111625559e-08,67.15000043365418,3.856006926858625e-06,2.4802313273293804e-06,-0.08246014892938432,-0.08267469438745097,-65.10191518296003
I1,4,N1,6.41750030214941e-05,6.409556018609447e-05,1.3663529052884838e-07,1.9406412542520724e-07,5.742883489635886e-08,67.15000032667186,3.856346282050882e-06,2.480245619655417e-06,-0.08246010320422364,-0.08267475758523601,-65.10165363927116
I1,5,N1,6.409556018609447e-05,6.401610960480583e-05,1.3663294155683853e-07,1.9406931765234213e-07,5.74363760955036e-08,67.15000045851002,3.856852681148221e-06,2.480266944068855e-06,-0.08246006302423244,-0.08267482015173676,-65.10126391948131
I1,6,N1,6.401610960480583e-05,6.393664873124768e-05,1.3662982067379746e-07,1.9407621702345735e-07,5.744639634965989e-08,67.1500005603144,3.8575255470677046e-06,2.4802952827294112e-06,-0.08246001875232113,-0.08267489294414261,-65.10074599296037
I1,7,N1,6.393664873124768e-05,6.385717501888556e-05,1.3662592802946235e-07,1.9408482381385011e-07,5.745889578438777e-08,67.15000061768497,3.858364887413135e-06,2.4803306388248434e-06,-0.08245995968110721,-0.08267498795525385,-65.1000998250896
I1,8,N1,6.385717501888556e-05,6.377768592032997e-05,1.3662126358960364e-07,1.9409513879381706e-07,5.747387520421342e-08,67.1500006321611,3.859370756295679e-06,2.4803730178756553e-06,-0.08245987028791282,-0.0826751225516877,-65.09932537848626
I1,9,N1,6.377768592032997e-05,6.369817888809551e-05,1.3661582762054398e-07,1.9410716228650843e-07,5.749133466596445e-08,67.15000058328138,3.860543156353138e-06,2.480422424302893e-06,-0.08245972340956809,-0.08267532694164453,-65.09842261664323
I1,10,N1,6.369817888809551e-05,6.385713095861421e-05,2.938286822187135e-07,1.0864299517158205e-07,-1.8518568704713146e-07,60.00000065137121,-1.1111141343452512e-05,3.0185375804272167e-06,-0.08304976789134072,-0.08236205076020094,-65.09739151166568
I1,11,N1,6.385713095861421e-05,6.401606056414734e-05,2.938086599035326e-07,1.0864648092784115e-07,-1.8516217897569144e-07,60.0000005828091,-1.110973084645569e-05,3.018413556235303e-06,-0.08304951214451137,-0.08236218914471984,-65.0966169928184
I1,12,N1,6.401606056414734e-05,6.417497514406599e-05,2.937952683796188e-07,1.0864881264247175e-07,-1.8514645573714706e-07,60.00000056635644,-1.1108787449087711e-05,3.0183306076656795e-06,-0.08304936264477929,-0.08236226006352608,-65.0960989870849
I1,13,N1,6.417497514406599e-05,6.433388213770985e-05,2.9378850724980544e-07,1.0864998999686012e-07,-1.8513851725294532e-07,60.00000055285245,-1.1108311137531002e-05,3.018288729349992e-06,-0.08304929303171885,-0.08236228997271176,-65.09583743979053
I1,14,N1,6.433388213770985e-05,6.44927889836175e-05,2.9378837559887423e-07,1.0865001293912567e-07,-1.8513836265974858e-07,60.00000052992788,-1.1108301857694894e-05,3.018287914034999e-06,-0.08304929236811721,-0.08236228984299089,-65.09583232188017
I1,15,N1,6.44927889836175e-05,6.465170312005097e-05,2.937948731716831e-07,1.0864888150448543e-07,-1.8514599166719764e-07,60.000000521433215,-1.1108759596573129e-05,3.018328160071264e-06,-0.08304936058407324,-0.08236225972946022,-65.09608363288889
I1,16,N1,6.465170312005097e-05,6.48106319836803e-05,2.938079986983966e-07,1.0864659607061593e-07,-1.851614026277807e-07,60.000000559187654,-1.1109684261206812e-05,3.0184094607675937e-06,-0.08304950900586014,-0.08236218826717075,-65.09659140089153
I1,17,N1,6.48106319836803e-05,6.496958301577012e-05,2.9382775672125485e-07,1.0864315631638675e-07,-1.851846004048681e-07,60.00000060948042,-1.1111076137158475e-05,3.018531847782312e-06,-0.083049764094413,-0.08236204888586093,-65.09735567977054
I1,18,N1,6.496958301577012e-05,6.489007506871758e-05,1.3661555038666987e-07,1.9410777567273616e-07,5.7492225286066285e-08,67.15000053683316,3.860602958823084e-06,2.480424945445545e-06,-0.08245972622636409,-0.08267532577545363,-65.09837654194608
I1,19,N1,6.489007506871758e-05,6.481058487090716e-05,1.366209309759027e-07,1.9409587629482405e-07,5.747494531892134e-08,67.14999992612637,3.8594425739196855e-06,2.4803760545304507e-06,-0.082459876438932,-0.0826751180387695,-65.09926906301067
I1,20,N1,6.481058487090716e-05,6.473110985381767e-05,1.3662553303088787e-07,1.9408569898199388e-07,5.746016595110601e-08,67.14999997307216,3.85845014206949e-06,2.480334240096613e-06,-0.08245997221927985,-0.0826749766694439,-65.10003327197049
I1,21,N1,6.473110985381767e-05,6.465164745081372e-05,1.3662935688315228e-07,1.9407724225959996e-07,5.744788537644768e-08,67.15000062284078,3.857625538809347e-06,2.480299493570642e-06,-0.082460043237749,-0.08267486863472862,-65.10066920736607
I1,22,N1,6.465164745081372e-05,6.45721951330158e-05,1.3663241484943947e-07,1.9407048157878782e-07,5.743806672934835e-08,67.15000061628439,3.856966216273925e-06,2.4802717232117047e-06,-0.08246010925993377,-0.0826747717257429,-65.10117690988241
I1,23,N1,6.45721951330158e-05,6.449275035346735e-05,1.3663470072058406e-07,1.9406542841984607e-07,5.743072769926201e-08,67.15000058922878,3.856473398845282e-06,2.480250968553226e-06,-0.08246018825021073,-0.08267466575409826,-65.10155641892759
I1,24,N1,6.449275035346735e-05,6.441331056466828e-05,1.3663621417231555e-07,1.9406208300744697e-07,5.742586883513142e-08,67.15000056821334,3.85614712490922e-06,2.480237228848219e-06,-0.08246030190838474,-0.08267452611002674,-65.10180777172494
I1,1,N2,3.73351743792643e-05,3.785545306268299e-05,6.482147191203463e-07,8.091747488256813e-08,-5.672972442377781e-07,67.15000065029038,-3.8094010319474745e-05,5.468491455021858e-06,-0.1437912251114957,-0.13895492095960957,-76.14922722056862
I1,2,N2,3.785545306268299e-05,3.8375732034470426e-05,6.482150201305128e-07,8.09174686832238e-08,-5.67297551447289e-07,67.15000061509042,-3.809403092862475e-05,5.4684936661030245e-06,-0.14378950407461794,-0.13895665009814895,-76.14922979355408
I1,3,N2,3.8375732034470426e-05,3.8896293311326414e-05,6.485093057354184e-07,8.09110535803705e-08,-5.675982521550479e-07,67.15000054926621,-3.8114222943974007e-05,5.470652694868416e-06,-0.14379232216423474,-0.13895731179925816,-76.1512767026522
I1,4,N2,3.8896293311326414e-05,3.941742015370759e-05,6.490988948092773e-07,8.089822087805626e-08,-5.68200673931221e-07,67.150000452091,-3.81546755113599e-05,5.474978367655002e-06,-0.14379907532985017,-0.13895752070868347,-76.15537161146919
I1,5,N2,3.941742015370759e-05,3.9939398216605156e-05,6.499863280527149e-07,8.087895518954551e-08,-5.691073728631694e-07,67.15000057452448,-3.821556041472794e-05,5.4814896243169525e-06,-0.14380950180648183,-0.1389575799565554,-76.16152240459805
I1,6,N2,3.9939398216605156e-05,4.0462516907936545e-05,6.511755856443882e-07,8.085323079452135e-08,-5.703223548498669e-07,67.150000658259,-3.8297146503588384e-05,5.490216123291822e-06,-0.1438234258282692,-0.13895773258198965,-76.16974112839056
I1,7,N2,4.0462516907936545e-05,4.098707063775968e-05,6.526719739232521e-07,8.082101455181293e-08,-5.718509593714393e-07,67.15000070894287,-3.83997923272018e-05,5.501197413562988e-06,-0.14384056403867884,-0.13895835253715857,-76.18004393851396
I1,8,N2,4.098707063775968e-05,4.1513360202190415e-05,6.544822674025233e-07,8.078226423511326e-08,-5.7370000316741e-07,67.15000073548974,-3.8523955634642054e-05,5.514483987282274e-06,-0.14386024008202744,-0.1389602254808554,-76.19245099108298
I1,9,N2,4.1513360202190415e-05,4.204169429964905e-05,6.566148487285928e-07,8.073692729044596e-08,-5.758779214381469e-07,67.15000067922729,-3.867020281572356e-05,5.530138320142791e-06,-0.14388078446249392,-0.138965117017638,-76.20698618049674
I1,10,N2,4.204169429964905e-05,7.527296671806231e-05,3.55704938483824e-05,5.869639495760532e-08,-3.551179745342479e-05,60.000000711274204,-0.002130707872464113,0.0002672189268250501,-3.9190466980923104,-0.13874064898421998,-76.22367658850727
I1,11,N2,7.527296671806231e-05,7.402373690340321e-05,6.663976949263135e-08,1.2276619420143383e-06,1.161022172521707e-06,100.68355505214923,0.00011689583982385519,9.707262836302272e-06,-0.13874028427533883,-3.9974771971617904,-85.06752188585689
I1,12,N2,7.402373690340321e-05,5.89817984690039e-05,6.610855527368716e-08,1.4137171815438811e-05,1.4071063260165125e-05,100.68357040326623,0.0014167248884036482,0.00010652460278034373,-0.13880574234228332,-1.0018533887082812,-86.45292885498174
I1,13,N2,5.89817984690039e-05,4.447455301539773e-05,6.634118128718986e-08,1.3636902988136353e-05,1.3570561806849162e-05,100.68357272456932,0.0013663326465931604,0.00010277433127067658,-0.1388741334103621,-0.8919430561576902,-86.56197661252799
I1,14,N2,4.447455301539773e-05,1.6568076478999567e-05,6.585113202793725e-08,2.617815395143383e-05,2.6112302819405893e-05,100.6835728827587,0.0026290799440543185,0.00019683003812596327,-0.13881486178914418,-0.7796280944732463,-86.58537185416893
I1,15,N2,1.6568076478999567e-05,1.682754376962187e-06,6.615683657977783e-08,1.3990621227407184e-05,1.3924464390827407e-05,100.68357210035218,0.0014019648144526578,0.00010542583547990221,-0.13878350027831982,-0.9802806505577238,-86.47487400684112
I1,16,N2,1.682754376962187e-06,4.3588801310982985e-07,6.668148179573999e-08,1.225486296041127e-06,1.158804814245387e-06,100.68355612745961,0.00011667258955584583,9.691258333776502e-06,-0.13873656737927428,-3.9782485883777348,-85.08757945804045
I1,17,N2,4.3588801310982985e-07,3.366722171177531e-05,3.5570555125949535e-05,5.869272167299168e-08,-3.5511862404276544e-05,60.00000066215061,-0.002130711767770794,0.00026721935885716893,-3.920921597521303,-0.13874140087985118,-76.22567978364377
I1,18,N2,3.366722171177531e-05,3.419584521135689e-05,6.569167441651144e-07,8.073053628772424e-08,-5.761862078773902e-07,67.150000680834,-3.869090425125391e-05,5.53235460339629e-06,-0.14388403964506025,-0.13896539644280134,-76.2089895515499
I1,19,N2,3.419584521135689e-05,3.472242168899861e-05,6.547815137027039e-07,8.077588195623054e-08,-5.740056317464733e-07,67.15000127359203,-3.854447890282468e-05,5.516680467442008e-06,-0.143863665418327,-0.1389602806490907,-76.19445523253336
I1,20,N2,3.472242168899861e-05,3.524726038287801e-05,6.529691425574114e-07,8.081463644686066e-08,-5.721545061105508e-07,67.15000132299538,-3.842017584228125e-05,5.503378342532041e-06,-0.1438441002995779,-0.13895826283617949,-76.18205015814398
I1,21,N2,3.524726038287801e-05,3.577066260896581e-05,6.514712269290322e-07,8.084685240944053e-08,-5.706243745195917e-07,67.15000088206587,-3.8317427252318864e-05,5.492385595038546e-06,-0.14382709388579568,-0.13895748969698057,-76.17175064798538
I1,22,N2,3.577066260896581e-05,3.629292312273462e-05,6.502808096182409e-07,8.087257529569075e-08,-5.694082343225502e-07,67.15000074644657,-3.823576335979207e-05,5.483650386854487e-06,-0.14381342502107447,-0.1389570682684971,-76.16353670032967
I1,23,N2,3.629292312273462e-05,3.6814331695611946e-05,6.49392603034578e-07,8.089183773501155e-08,-5.685007652995665e-07,67.150000697577,-3.817482678643895e-05,5.477133305771922e-06,-0.143803590120923,-0.13895641270900064,-76.15739233974296
I1,24,N2,3.6814331695611946e-05,3.73351743792643e-05,6.488026615179253e-07,8.090466464660291e-08,-5.678979968713224e-07,67.15000067140218,-3.8134350871197254e-05,5.472804946233962e-06,-0.14379827208911594,-0.13895478414694828,-76.15330579835535
I1,1,N3,0.6648565150821537,0.6108578395546266,8.046887323945944e-08,0.05054283079222329,0.05054275032335005,67.15000062883003,3.393945715995755,0.37907183445822396,-8.306288561573943e-06,-9.90519358757584e-06,-55.832439517746856
I1,2,N3,0.6108578395546266,0.5568574388130195,8.046887325029888e-08,0.050544445592602155,0.0505443651237289,67.15000059870516,3.3940541483195683,0.37908394546106555,-8.30628856157394e-06,-9.905564397404969e-06,-55.832439479827705
I1,3,N3,0.5568574388130195,0.5020753176552714,8.046887118246519e-08,0.05127613590210843,0.051276055433237246,67.1500005361712,3.4431871498346256,0.38457162278234713,-8.306288561575533e-06,-9.934001054819621e-06,-55.832438687559446
I1,4,N3,0.5020753176552714,0.4456071031657563,8.046886689136508e-08,0.05285431926063849,0.0528542387917716,67.15000044058958,3.5491621581544894,0.39640799797129034,-8.306288561578818e-06,-9.995587863541717e-06,-55.83243709060134
I1,5,N3,0.4456071031657563,0.3858323974607147,8.046885899348257e-08,0.055949195038364485,0.05594911456950549,67.15000056029385,3.7569830746902384,0.4196195663041761,-8.306288561584644e-06,-1.011431325683761e-05,-55.832434575141264
I1,6,N3,0.3858323974607147,0.3207377369100405,8.04688479316909e-08,0.060928672773866814,0.06092859230501888,67.15000063429326,4.091355011928614,0.4569656493203606,-8.306288561592903e-06,-1.0312843428855375e-05,-55.83243091609132
I1,7,N3,0.3207377369100405,0.2464742561224923,8.046883238910984e-08,0.0695106885155673,0.06951060804673491,67.15000066059261,4.667637376256443,0.5213307673829977,-8.306288561604598e-06,-1.0675459389640174e-05,-55.83242566349495
I1,8,N3,0.2464742561224923,0.15325293660495076,8.046880910223832e-08,0.08725522556682065,0.08725514509801155,67.150000664533,5.859183051315399,0.6544147952672231,-8.306288561622198e-06,-1.1513240115981788e-05,-55.83241774503992
I1,9,N3,0.15325293660495076,5.999819494206942e-07,8.046876645675753e-08,0.14344425757749368,0.14344417710872723,67.15000061472543,9.632276581029817,1.0758325353469511,-8.306288561654636e-06,-1.532597886729545e-05,-55.83240316593312
I1,10,N3,5.999819494206942e-07,1.0381786041981138e-07,1.0039570787316499e-07,5.523658653896747e-07,4.519701575165097e-07,60.00000065817704,2.7118209748466964e-05,4.895711799471297e-06,-8.306289301592182e-06,-8.306304938987679e-06,-52.45249468533736
I1,11,N3,1.0381786041981138e-07,1.3124813638285208e-06,1.3868351163497896e-06,8.369165890303335e-08,-1.3031434574467561e-06,16.670361251185454,-2.1723872197756244e-05,1.1028950814396172e-05,-5.7980815455525105,-8.306288070015934e-06,-30.220939977402274
I1,12,N3,1.3124813638285208e-06,0.30683277966850303,0.32781149348442745,8.490857060654686e-08,-0.32781140857585683,16.67034480055757,-5.464729210515988,2.4585868379474856,-2.423052083940833,-8.306287590269973e-06,-28.41174039360107
I1,13,N3,0.30683277966850303,0.6136642489388007,0.3278114957100129,8.490856083464737e-08,-0.32781141080145204,16.670342278559104,-5.464728420877552,2.458586854639303,-2.4230493051859887,-8.306287590255793e-06,-28.411734730403147
I1,14,N3,0.6136642489388007,0.92051699431925,0.32783422558225583,8.40196113891799e-08,-0.32783414156264445,16.67034201041368,-5.465107262539657,2.458757322014004,-2.423049572644192,-8.306287590280696e-06,-28.411734730256345
I1,15,N3,0.92051699431925,1.2273484635120013,0.32781149562714346,8.49085427795775e-08,-0.3278114107186007,16.670342863978235,-5.464728611403463,2.4585868540176468,-2.423054020382933,-8.306287590270064e-06,-28.411740393454505
I1,16,N3,1.2273484635120013,1.2273496648360933,1.3789487843917637e-06,8.365216404961641e-08,-1.2952966203421472e-06,16.67036003618942,-2.1593061014762952e-05,1.0969507113310352e-05,-5.826120904786751,-8.306288059415515e-06,-30.232736241247597
I1,17,N3,1.2273496648360933,1.2273491686986924,1.0039653122426694e-07,5.52341606730592e-07,4.5194507550632506e-07,60.000000604929674,2.7116704803774492e-05,4.895536034661442e-06,-8.306289303175308e-06,-8.306341314559611e-06,-52.452627288581574
I1,18,N3,1.2273491686986924,1.073297605585349,8.046876601468773e-08,0.14419233357245367,0.14419225310368766,67.15000060779339,9.682509883551724,1.0814431053091476,-8.306288561655016e-06,-1.5395966395320187e-05,-55.832403002911384
I1,19,N3,1.073297605585349,0.9792879676309305,8.046880830148734e-08,0.08799309162373659,0.08799301115492829,67.1500006802194,5.908730758907988,0.6599487906940866,-8.306288561622844e-06,-1.1551048629730154e-05,-55.83241748912904
I1,20,N3,0.9792879676309305,0.9042670137210603,8.046883123662728e-08,0.07021968335805968,0.07021960288922845,67.1500007118251,4.715246383995766,0.5266482287016819,-8.306288561605484e-06,-1.0706062645450348e-05,-55.83242533434803
I1,21,N3,0.9042670137210603,0.8384324527256164,8.0468846494467e-08,0.06162121959017011,0.061621139121323616,67.15000070778638,4.137859535611484,0.4621597504426246,-8.306288561593968e-06,-1.0340569556138442e-05,-55.832430520087826
I1,22,N3,0.8384324527256164,0.7778712553940834,8.046885719122498e-08,0.05668535120075875,0.05668527073190156,67.15000067283306,3.806415967786914,0.42514073752211956,-8.306288561585938e-06,-1.014206561914933e-05,-55.8324341142377
I1,23,N3,0.7778712553940834,0.7204579438013021,8.046886445199928e-08,0.05373893014929364,0.053738849680429183,67.15000065654904,3.60856379132301,0.40304257963618567,-8.306288561580522e-06,-1.0027012436319699e-05,-55.83243656341499
I1,24,N3,0.7204579438013021,0.6648565150821537,8.046886898600002e-08,0.0520430077795772,0.05204292731070821,67.15000064332465,3.4946826023945543,0.39032316186334637,-8.30628856157714e-06,-9.962013014840538e-06,-55.832438088753875
I1,1,N4,6.441331097619565e-05,6.433387607570099e-05,1.366376965553059e-07,1.9405880626431458e-07,5.7421109709008684e-08,67.15000062359276,3.855827552767322e-06,2.4802237711471537e-06,-0.08246031152068482,-0.08267449986635003,-65.10205388233943
I1,2,N4,6.433387607570099e-05,6.425444107526815e-05,1.366376662813849e-07,1.9405887328360817e-07,5.742120700222328e-08,67.15000058987917,3.855834084070867e-06,2.480224046737448e-06,-0.08246021061679924,-0.08267461426098456,-65.10204861544563
I1,3,N4,6.425444107526815e-05,6.417500342922281e-05,1.3663686403374404e-07,1.9406064673092648e-07,5.7423782697182445e-08,67.15000052463098,3.856007038242097e-06,2.480231330735029e-06,-0.0824601467760643,-0.08267469229171531,-65.10191522148715
I1,4,N4,6.417500342922281e-05,6.40955605918927e-05,1.3663528986028062e-07,1.9406412664640215e-07,5.742883678612153e-08,67.15000042756697,3.856346414742734e-06,2.480245623800121e-06,-0.08246010100815152,-0.08267475553278986,-65.1016536778228
I1,5,N4,6.40955605918927e-05,6.401611000898954e-05,1.3663294099344137e-07,1.940693186699475e-07,5.7436377676506134e-08,67.15000054948682,3.8568527925379194e-06,2.480266947475417e-06,-0.082460060871012,-0.08267481805651652,-65.10126395804156
I1,6,N4,6.401611000898954e-05,6.393664913448563e-05,1.3662982033295627e-07,1.9407621761008857e-07,5.74463972771323e-08,67.15000063032636,3.857525613369413e-06,2.480295284572836e-06,-0.08246001658809583,-0.0826748908594592,-65.10074603154226
I1,7,N4,6.393664913448563e-05,6.385717542181176e-05,1.3662592789959136e-07,1.9408482399186335e-07,5.745889609227199e-08,67.15000066781928,3.858364910968223e-06,2.4803306391859107e-06,-0.08245995751667515,-0.08267498587004386,-65.10009986369991
I1,8,N4,6.385717542181176e-05,6.377768632330987e-05,1.3662126358130864e-07,1.940951387363024e-07,5.747387515499377e-08,67.15000067084033,3.859370755213625e-06,2.480373017382083e-06,-0.08245986812108586,-0.0826751204684142,-65.09932541713087
I1,9,N4,6.377768632330987e-05,6.369817929136753e-05,1.366158276915587e-07,1.9410716207528861e-07,5.749133438372992e-08,67.15000061449767,3.860543139195756e-06,2.480422423251355e-06,-0.08245972120283145,-0.08267532489777167,-65.0984226553266
I1,10,N4,6.369817929136753e-05,6.38571313629153e-05,2.938286831310708e-07,1.0864299500768697e-07,-1.8518568812338383e-07,60.000000669256806,-1.1111141411339812e-05,3.0185375860406836e-06,-0.0830497657263719,-0.08236204862967529,-65.09739155036112
I1,11,N4,6.38571313629153e-05,6.40160609700911e-05,2.9380866137422214e-07,1.0864648067875991e-07,-1.8516218069546224e-07,60.00000058849847,-1.1109730950695396e-05,3.0184135653973653e-06,-0.08304950985548334,-0.08236218713907709,-65.09661703159243
I1,12,N4,6.40160609700911e-05,6.417497555174897e-05,2.9379526993814366e-07,1.0864881237996244e-07,-1.851464575581812e-07,60.00000057013955,-1.110878755905019e-05,3.018330617385796e-06,-0.08304936035250202,-0.08236225806102403,-65.09609902590769
I1,13,N4,6.417497555174897e-05,6.433388254715777e-05,2.9378850883168373e-07,1.0864998973077113e-07,-1.851385191009126e-07,60.00000055603241,-1.1108311248997773e-05,3.0182887392184116e-06,-0.08304929075939531,-0.08236228795070583,-65.09583747863368
I1,14,N4,6.433388254715777e-05,6.449278939484314e-05,2.937883771924209e-07,1.0865001267125703e-07,-1.8513836452116388e-07,60.00000053268761,-1.1108301969890746e-05,3.0182879239775848e-06,-0.08304929009791077,-0.08236228781859002,-65.09583236073085
I1,15,N4,6.449278939484314e-05,6.465170353305836e-05,2.937948747688899e-07,1.0864888123607682e-07,-1.851459935328131e-07,60.000000524343385,-1.1108759709048862e-05,3.0183281700372507e-06,-0.08304935828774117,-0.08236225773005428,-65.09608367173634
I1,16,N4,6.465170353305836e-05,6.481063239839796e-05,2.938080002305862e-07,1.0864659581215707e-07,-1.8516140441842912e-07,60.00000056351207,-1.1109684369446433e-05,3.018409470320575e-06,-0.08304950673409618,-0.08236218624234128,-65.09659143970447
I1,17,N4,6.481063239839796e-05,6.496958343168287e-05,2.938277577846981e-07,1.0864315612946028e-07,-1.8518460165523783e-07,60.00000062408265,-1.1111076214884768e-05,3.0185318543561876e-06,-0.08304976180178883,-0.08236204687935639,-65.0973557185377
I1,18,N4,6.496958343168287e-05,6.489007548448568e-05,1.3661555031240734e-07,1.9410777574306747e-07,5.749222543066013e-08,67.15000058171955,3.8606029711131795e-06,2.480424945416061e-06,-0.08245972409302943,-0.08267532365786164,-65.0983765806399
I1,19,N4,6.489007548448568e-05,6.481058528636343e-05,1.3662093084602127e-07,1.9409587647290373e-07,5.7474945626882456e-08,67.14999997626069,3.859442597480741e-06,2.4803760548919373e-06,-0.08245987427334545,-0.08267511595413636,-65.09926910166455
I1,20,N4,6.481058528636343e-05,6.473111026875446e-05,1.3662553283190795e-07,1.9408569929390032e-07,5.746016646199237e-08,67.15000002971856,3.8584501796304206e-06,2.480334240943562e-06,-0.08245997004431466,-0.08267497459519058,-65.10003331059099
I1,21,N4,6.473111026875446e-05,6.465164786510708e-05,1.3662935664291343e-07,1.9407724265137694e-07,5.744788600846351e-08,67.15000068336998,3.8576255847264855e-06,2.4802994947071775e-06,-0.08246004107744975,-0.08267486654658215,-65.10066924595269
I1,22,N4,6.465164786510708e-05,6.457219554652491e-05,1.3663241456233103e-07,1.9407048206129312e-07,5.743806749896209e-08,67.15000068122936,3.856966271683802e-06,2.4802717246771814e-06,-0.08246010709800765,-0.08267476963978546,-65.10117694844399
I1,23,N4,6.457219554652491e-05,6.449275076603063e-05,1.3663470037968435e-07,1.9406542900648124e-07,5.743072862679689e-08,67.15000065924075,3.8564734651500875e-06,2.480250970396242e-06,-0.08246018609092189,-0.08267466366622855,-65.10155645747237
I1,24,N4,6.449275076603063e-05,6.441331097619565e-05,1.3663621380142627e-07,1.940620836521222e-07,5.7425869850695943e-08,67.1500006410499,3.856147197287081e-06,2.4802372309016138e-06,-0.08246029975222864,-0.0826745240194291,-65.10180781026224
I1,1,N5,6.431851285709833e-05,6.432751095927092e-05,1.7416416500573673e-07,1.441623046713325e-07,-3.000186033440424e-08,67.15000065163531,-2.014624941005516e-06,2.387448522578019e-06,-0.0826512555231146,-0.08247629311772198,-68.57713094038142
I1,2,N5,6.432751095927092e-05,6.433650907169387e-05,1.741641707793748e-07,1.4416230013523357e-07,-3.0001870644141224e-08,67.15000061575847,-2.014625632227989e-06,2.387448531859563e-06,-0.08265114439799996,-0.08247641341733566,-68.5771322457187
I1,3,N5,6.433650907169387e-05,6.434550744201267e-05,1.741643148861627e-07,1.441621849961286e-07,-3.000212989003408e-08,67.15000054943951,-2.0146430386001442e-06,2.387448749117185e-06,-0.08265108438018227,-0.08247647976844913,-68.57716889306631
I1,4,N5,6.434550744201267e-05,6.435450631806054e-05,1.7416459743497108e-07,1.4416195917357524e-07,-3.000263826139584e-08,67.15000045198933,-2.014677172813603e-06,2.3874491745640978e-06,-0.08265105431760744,-0.08247651489872093,-68.57724087405226
I1,5,N5,6.435450631806054e-05,6.436350594035666e-05,1.741650140829417e-07,1.4416162570884427e-07,-3.0003388374097433e-08,67.15000057497257,-2.0147275465717677e-06,2.387449798438395e-06,-0.08265104128511294,-0.0824765327104422,-68.57734818483236
I1,6,N5,6.436350594035666e-05,6.437250655714793e-05,1.7416556941704678e-07,1.4416118138737798e-07,-3.00043880296688e-08,67.15000066015826,-2.014794675999904e-06,2.387450631033186e-06,-0.08265103668545613,-0.08247654245822587,-68.5774908262058
I1,7,N5,6.437250655714793e-05,6.438150841656761e-05,1.7416626337024832e-07,1.4416062625679822e-07,-3.00056371134501e-08,67.15000071415581,-2.0148785535968745e-06,2.387451672202849e-06,-0.08265103389144732,-0.08247655127234263,-68.57766880370498
I1,8,N5,6.438150841656761e-05,6.439051176647325e-05,1.7416709577966553e-07,1.4415996043250553e-07,-3.000713534716e-08,67.15000074797955,-2.0149791610065174e-06,2.3874529215912826e-06,-0.08265102520968334,-0.08247656732252992,-68.57788212835743
I1,9,N5,6.439051176647325e-05,6.439951685682878e-05,1.741680678966971e-07,1.4415918303924244e-07,-3.0008884857454646e-08,67.15000069237111,-2.0150966389553645e-06,2.3874543820195465e-06,-0.08265100028562022,-0.08247660152349069,-68.57813081839699
I1,10,N5,6.439951685682878e-05,6.478666911288596e-05,5.161650286436371e-07,8.98356052650578e-08,-4.2632942337857926e-07,60.00000071698861,-2.5579765708388097e-05,4.545004754315212e-06,-0.08427956422893489,-0.08229377136325185,-68.57841490322055
I1,11,N5,6.478666911288596e-05,6.464603330508625e-05,1.1769873650216594e-07,2.3475050835513926e-07,1.1705177185297332e-07,74.0573263346025,8.668541266159084e-06,2.643369336429789e-06,-0.08234356229474951,-0.08311815209303035,-68.57943383571772
I1,12,N5,6.464603330508625e-05,6.448746638113358e-05,1.1424772938855412e-07,2.485106195460939e-07,1.342628901575398e-07,74.05733162522225,9.943151381357714e-06,2.7206876170098602e-06,-0.0823482219017865,-0.08309934478133332,-68.58011358188816
I1,13,N5,6.448746638113358e-05,6.432890631525011e-05,1.1424883124196572e-07,2.485051657226696e-07,1.3425633448070388e-07,74.05733241672927,9.942665991689078e-06,2.7206549772347646e-06,-0.08234829599695981,-0.08309919320804962,-68.58045414598155
I1,14,N5,6.432890631525011e-05,6.416755393095229e-05,1.1375181810840463e-07,2.506833445402656e-07,1.3693152643186097e-07,74.05733245552298,1.014078357660656e-05,2.733263719865027e-06,-0.08234894188121603,-0.08309627206953782,-68.58045555871298
I1,15,N5,6.416755393095229e-05,6.400898702424002e-05,1.1424773059584504e-07,2.4851060446677435e-07,1.3426287387092931e-07,74.05733217971822,9.943150249663022e-06,2.7206875129696453e-06,-0.08234822336953056,-0.08309934238795331,-68.58011781438155
I1,16,N5,6.400898702424002e-05,6.386835131274672e-05,1.1769875386440862e-07,2.3475043342333022e-07,1.1705167955892161e-07,74.0573266874894,8.668534472414381e-06,2.643368904658041e-06,-0.08234356429201398,-0.08311814852733143,-68.57944088976893
I1,17,N5,6.386835131274672e-05,6.425550400744495e-05,5.161654763032997e-07,8.98355868898679e-08,-4.2632988941343175e-07,60.0000006647223,-2.557979364819689e-05,4.545007973948757e-06,-0.08427957514117193,-0.08229376819820182,-68.57842478154556
I1,18,N5,6.425550400744495e-05,6.426450921077993e-05,1.7416813098251613e-07,1.4415913255971439e-07,-3.0008998422801744e-08,67.15000070793063,-2.0151042653354264e-06,2.387454476566729e-06,-0.08265100623193843,-0.08247659540259505,-68.57814352417526
I1,19,N5,6.426450921077993e-05,6.427351266504308e-05,1.7416715316125938e-07,1.441599130256561e-07,-3.000724013560329e-08,67.15000173051301,-2.01498622703368e-06,2.387452996401866e-06,-0.08265103531132097,-0.08247655671139514,-68.57789766511597
I1,20,N5,6.427351266504308e-05,6.428251464326529e-05,1.7416632874096843e-07,1.4416057232864873e-07,-3.00057564123197e-08,67.15000176974742,-2.014886596189878e-06,2.387451758022129e-06,-0.08265105142621573,-0.08247653263293783,-68.57768717668517
I1,21,N5,6.428251464326529e-05,6.429151541613867e-05,1.7416565633240413e-07,1.4416111144071214e-07,-3.000454489169199e-08,67.1500009207022,-2.0148052171023673e-06,2.3874507582983723e-06,-0.08265106780397433,-0.08247650916266482,-68.57751204298283
I1,22,N5,6.429151541613867e-05,6.430051521310206e-05,1.7416511144731898e-07,1.441615475208216e-07,-3.000356392649738e-08,67.15000075499638,-2.0147393403168813e-06,2.387449942261054e-06,-0.08265109676351491,-0.08247647306222664,-68.57737225619277
I1,23,N5,6.430051521310206e-05,6.430951427806631e-05,1.7416470267721857e-07,1.441618745501472e-07,-3.000282812707137e-08,67.15000070167946,-2.0146899297852107e-06,2.387449329205243e-06,-0.08265115349827927,-0.08247640805224954,-68.57726781489711
I1,24,N5,6.430951427806631e-05,6.431851285709833e-05,1.7416443130404226e-07,1.441620916337849e-07,-3.0002339670257375e-08,67.15000067377764,-2.0146571290726883e-06,2.3874489220337035e-06,-0.08265126031558558,-0.08247629018170403,-68.57719872314101
I1,1,N6,6.116927081416051e-05,6.058415941609138e-05,9.252151639749913e-08,6.287219990224892e-07,5.362004826249901e-07,67.1500006298802,3.6005862746010156e-05,5.409326365649912e-06,-0.08765216744848563,-0.08965222667503112,-58.391461626027905
I1,2,N6,6.058415941609138e-05,5.999904233529615e-05,9.252138967747267e-08,6.287272070352053e-07,5.362058173577326e-07,67.15000059766966,3.600622095604569e-05,5.409364475345084e-06,-0.08765829613637456,-0.08964548401500332,-58.39145673381863
I1,3,N6,5.999904233529615e-05,5.941377657328533e-05,9.251813245712118e-08,6.288635190152855e-07,5.363453865581643e-07,67.15000053362824,3.601559299358978e-05,5.41036238604305e-06,-0.08766086992415463,-0.0896428788530178,-58.390582412693526
I1,4,N6,5.941377657328533e-05,5.8828218895186475e-05,9.251174231711711e-08,6.291311540975859e-07,5.366194117804687e-07,67.15000043725486,3.603399373569792e-05,5.412321723110273e-06,-0.0876602355714763,-0.08964411571370254,-58.388840707446256
I1,5,N6,5.8828218895186475e-05,5.8242225596557354e-05,9.250221522845485e-08,6.295305482696439e-07,5.37028333041189e-07,67.15000055814231,3.606145286345407e-05,5.415245726235741e-06,-0.0876555312957538,-0.08965017735569414,-58.38622860347432
I1,6,N6,5.8242225596557354e-05,5.765565245267942e-05,9.24895500525187e-08,6.300621875125616e-07,5.37572637460043e-07,67.15000063607096,3.609800294737623e-05,5.419138031738102e-06,-0.08764440324338447,-0.08966361649236042,-58.38273684249524
I1,7,N6,5.765565245267942e-05,5.706835451339013e-05,9.247374541349317e-08,6.307267496365502e-07,5.38253004223057e-07,67.15000066914267,3.614368959374633e-05,5.424003712875326e-06,-0.08762220895610515,-0.08968928711238297,-58.37834697962214
I1,8,N6,5.706835451339013e-05,5.648018598406567e-05,9.245480332589263e-08,6.315250268222968e-07,5.390702234964041e-07,67.15000067096128,3.619856586947878e-05,5.4298487261114204e-06,-0.08758027048771648,-0.08973570721036885,-58.3730258969475
I1,9,N6,5.648018598406567e-05,5.589100015566114e-05,9.243273491126866e-08,6.324578847114553e-07,5.400251498001866e-07,67.15000061258665,3.6262689139894726e-05,5.436679647170429e-06,-0.08750179282210245,-0.08981727804068658,-58.36671628814916
I1,10,N6,5.589100015566114e-05,5.5831856404546117e-05,1.5038028815586204e-07,1.8710611997586318e-07,3.672583182000114e-08,60.00000065886289,2.2035499333973558e-06,2.5311480609879395e-06,-0.0876146480432094,-0.08792717381068467,-58.35932088197064
I1,11,N6,5.5831856404546117e-05,5.6987358178096586e-05,1.3224430808018338e-06,7.70374332749205e-08,-1.2454056475269134e-06,44.78501270514538,-5.577550774755262e-05,1.0496103855575657e-05,-3.584880357138343,-0.08758177343133491,-58.351725060055344
I1,12,N6,5.6987358178096586e-05,5.877112914231247e-05,1.9916922118343263e-06,7.530395751314415e-08,-1.916388254321182e-06,44.785006875811426,-8.58254611464984e-05,1.550247127010603e-05,-3.2753250023002045,-0.087683996660215,-58.3461687325549
I1,13,N6,5.877112914231247e-05,6.053212549208771e-05,1.9673691677014547e-06,7.531167495694596e-08,-1.8920574927445087e-06,44.78500596529088,-8.473580609923613e-05,1.5320106319938004e-05,-3.297939343608565,-0.08772144933548252,-58.343406216729754
I1,14,N6,6.053212549208771e-05,6.240710646923022e-05,2.0888581973706514e-06,7.505811667825456e-08,-2.013800080692397e-06,44.78500582284068,-9.018804833984603e-05,1.6229372355366792e-05,-3.278490681474887,-0.08771936347812014,-58.343325417004294
I1,15,N6,6.240710646923022e-05,6.419134335266772e-05,1.9921905077337886e-06,7.530441216603956e-08,-1.916886095567749e-06,44.785006144103335,-8.584775556754789e-05,1.550621189924871e-05,-3.2746915113137796,-0.08767949386831345,-58.34604142893602
I1,16,N6,6.419134335266772e-05,6.533708709738199e-05,1.3120185590840943e-06,7.703806648678484e-08,-1.2349804925973094e-06,44.78501225313935,-5.530861649335857e-05,1.0417924691781593e-05,-3.608027485343007,-0.08757399201084383,-58.35155467452871
I1,17,N6,6.533708709738199e-05,6.527793659931298e-05,1.5037784581641217e-07,1.871102954009728e-07,3.6732449584560626e-08,60.000000609798526,2.2039469974730314e-06,2.5311610591303875e-06,-0.08761011950954121,-0.08793267722421538,-58.359078951267676
I1,18,N6,6.527793659931298e-05,6.468869364732351e-05,9.243149544485948e-08,6.325102664953968e-07,5.400787710505374e-07,67.15000058927262,3.626628979429722e-05,5.437063214551922e-06,-0.0875020948045995,-0.0898197737983427,-58.36640464930242
I1,19,N6,6.468869364732351e-05,6.410045741772938e-05,9.245333119349921e-08,6.315871045453963e-07,5.39133773351897e-07,67.1500002271619,3.620283300305054e-05,5.430303268041716e-06,-0.08757848949164261,-0.08973920893263335,-58.37264552865968
I1,20,N6,6.410045741772938e-05,6.351308110576102e-05,9.247203690650578e-08,6.307986096480358e-07,5.3832657274153e-07,67.15000027577979,3.6148629508053324e-05,5.424529849159062e-06,-0.08761977647041068,-0.08969332912304437,-58.377897177691764
I1,21,N6,6.351308110576102e-05,6.292641883576497e-05,9.248760351239506e-08,6.301439042031106e-07,5.376563006907155e-07,67.15000069841713,3.610362096688992e-05,5.419736307866292e-06,-0.08764127158385637,-0.08966831710566012,-58.38221555334386
I1,22,N6,6.292641883576497e-05,6.234032574357048e-05,9.250003329474065e-08,6.296220434634226e-07,5.37122010168682e-07,67.1500006831768,3.606774334977629e-05,5.415915575686225e-06,-0.0876511721852084,-0.08965608537438893,-58.3856323764964
I1,23,N6,6.234032574357048e-05,6.175465761202738e-05,9.250932608613347e-08,6.292324216710977e-07,5.367230955849642e-07,67.15000066265094,3.604095622419041e-05,5.413063108179233e-06,-0.08765364244831039,-0.08965228353751295,-58.38816418864013
I1,24,N6,6.175465761202738e-05,6.116927081416051e-05,9.251548523451675e-08,6.289744893554101e-07,5.364590041208933e-07,67.15000064620922,3.6023222473382744e-05,5.411174809424451e-06,-0.08765030934405282,-0.089655103392763,-58.389817265989194
I1,1,N7,3.733454464593438e-05,3.7854878599511735e-05,6.482723521081036e-07,8.091623404410119e-08,-5.673561180640025e-07,67.15000065029038,-3.8097963696943993e-05,5.468914396141535e-06,-0.14378773868590866,-0.13895155658652814,-76.14950050054668
I1,2,N7,3.7854878599511735e-05,3.837521229748568e-05,6.482720860657337e-07,8.091624021023931e-08,-5.673558458554945e-07,67.15000061509042,-3.80979453981716e-05,5.468912447069797e-06,-0.14378601009667893,-0.13895329013445332,-76.14950048766208
I1,3,N7,3.837521229748568e-05,3.889582782647113e-05,6.485658789157269e-07,8.090983712417277e-08,-5.676560417915542e-07,67.15000054926621,-3.811810351809715e-05,5.471067870299247e-06,-0.14378882259337378,-0.13895395443507497,-76.15154485909892
I1,4,N7,3.889582782647113e-05,3.9417008515095034e-05,6.491550476818447e-07,8.089701610189453e-08,-5.682580315799502e-07,67.150000452091,-3.8158527077497997e-05,5.475390478378045e-06,-0.1437955707770144,-0.13895416553056786,-76.15563727284344
I1,5,N7,3.9417008515095034e-05,3.993904008520895e-05,6.500421316773752e-07,8.087776176739843e-08,-5.691643699099767e-07,67.15000057452448,-3.82193877664538e-05,5.481899200835803e-06,-0.1438059921954329,-0.13895422718006983,-76.1617856096893
I1,6,N7,3.993904008520895e-05,4.046221201074704e-05,6.512311101905099e-07,8.08520484098043e-08,-5.703790617807055e-07,67.150000658259,-3.830095437403153e-05,5.490623689502357e-06,-0.14381991081194936,-0.13895438251146439,-76.17000191447191
I1,7,N7,4.046221201074704e-05,4.098681876736056e-05,6.527272891175157e-07,8.081984289644796e-08,-5.719074462210676e-07,67.15000070894287,-3.84035854191944e-05,5.501603490104728e-06,-0.1438370437126137,-0.13895500464900853,-76.18030234524822
I1,8,N7,4.098681876736056e-05,4.151316121671023e-05,6.545374429301073e-07,8.078110301000349e-08,-5.737563399201039e-07,67.15000073548974,-3.8527738647626874e-05,5.5148890945508306e-06,-0.14385671676600084,-0.13895687623470102,-76.19270706846604
I1,9,N7,4.151316121671023e-05,4.204154812294356e-05,6.566699544842832e-07,8.073577620946934e-08,-5.759341782748139e-07,67.15000067922729,-3.8673980462343964e-05,5.530542980203144e-06,-0.14387726732121675,-0.1389617543559388,-76.20724000605867
I1,10,N7,4.204154812294356e-05,7.527333508693653e-05,3.557104282903891e-05,5.869574005224513e-08,-3.551234708898666e-05,60.000000711274204,-0.0021307408505982163,0.0002672230392681837,-3.9192810491930428,-0.13873727039330083,-76.2239283051682
I1,11,N7,7.527333508693653e-05,7.403515079263014e-05,6.662700254234596e-08,1.217312149890123e-06,1.1506851473477772e-06,100.68355505214923,0.00011585507138068037,9.629543643243518e-06,-0.13873786752161874,-4.032322868804285,-85.05655692375288
I1,12,N7,7.403515079263014e-05,5.899577552292944e-05,6.611619982391101e-08,1.4134779390640785e-05,1.4068663190816874e-05,100.68357040326623,0.001416483240852451,0.00010650671692848522,-0.13879752535501713,-0.997834044656624,-86.4567155247001
I1,13,N7,5.899577552292944e-05,4.449177598007556e-05,6.634914824803482e-08,1.3633871795494732e-05,1.3567522647246696e-05,100.68357272456932,0.001366026653146304,0.00010275165707807075,-0.1388699526176477,-0.8877500520738779,-86.56592890565557
I1,14,N7,4.449177598007556e-05,1.6592720533321115e-05,6.585913067354066e-08,2.617121481910873e-05,2.610535568843519e-05,100.6835728827587,0.002628380482086904,0.00019677805462336705,-0.1388156605218737,-0.7753790136583162,-86.58939863535412
I1,15,N7,1.6592720533321115e-05,1.7015462840955941e-06,6.616541907171407e-08,1.3996106356262142e-05,1.3929940937190427e-05,100.68357210035218,0.0014025162127032599,0.00010546703831500392,-0.13879114199162754,-0.9755257310240777,-86.47924937581551
I1,16,N7,1.7015462840955941e-06,4.343072719822443e-07,6.672631195003029e-08,1.244594370332269e-06,1.1778680583822388e-06,100.68355612745961,0.00011859194476687002,9.834905117117245e-06,-0.13872844780384208,-3.902259205785108,-85.12043056253053
I1,17,N7,4.343072719822443e-07,3.366617886587855e-05,3.557112890361942e-05,5.869193605842012e-08,-3.5512436967561e-05,60.00000066215061,-0.0021307462415682417,0.00026722365629758385,-3.92119784918041,-0.13873926895324573,-76.22597601894655
I1,18,N7,3.366617886587855e-05,3.419486435247234e-05,6.569814260217118e-07,8.07291839601313e-08,-5.762522420615804e-07,67.150000680834,-3.869533844676724e-05,5.532829574863823e-06,-0.14387999875436813,-0.1389626457843647,-76.20928394461896
I1,19,N7,3.419486435247234e-05,3.472150166087715e-05,6.548449782139459e-07,8.077454536641942e-08,-5.740704328475265e-07,67.15000127359203,-3.854883029684293e-05,5.517146426852739e-06,-0.14385990491886652,-0.1389572343891558,-76.19474721746774
I1,20,N7,3.472150166087715e-05,3.524640013782462e-05,6.530315049332745e-07,8.081331492319013e-08,-5.722181900100844e-07,67.15000132299538,-3.8424452216219186e-05,5.503836148923485e-06,-0.143840478958162,-0.13895506656963066,-76.18233949600338
I1,21,N7,3.524640013782462e-05,3.5769861197285064e-05,6.515325912276998e-07,8.084554538924116e-08,-5.706870458384587e-07,67.15000088206587,-3.8321635631436064e-05,5.492836024627057e-06,-0.14382354201425943,-0.13895421586516177,-76.17203725833973
I1,22,N7,3.5769861197285064e-05,3.629217968515144e-05,6.503412718764336e-07,8.087128228292694e-08,-5.694699895935067e-07,67.15000074644657,-3.823991022628289e-05,5.484094156195204e-06,-0.14380990799094048,-0.1389537531127216,-76.16382057842412
I1,23,N7,3.629217968515144e-05,3.681364545748723e-05,6.494522531607245e-07,8.08905582787994e-08,-5.685616948819251e-07,67.150000697577,-3.8178918207936835e-05,5.477571085796429e-06,-0.14380009123766951,-0.13895307386560937,-76.15767351611343
I1,24,N7,3.681364545748723e-05,3.733454464593438e-05,6.48861584479999e-07,8.090339833004837e-08,-5.679581861499506e-07,67.15000067140218,-3.813839258129755e-05,5.473237371075355e-06,-0.14379478490646533,-0.1389514285638455,-76.15358431978852
I1,1,N8,34.513101416470846,31.700563352079456,8.046878632449785e-08,2.6325356987687223,2.632535618299936,67.15000064287642,176.77476846123577,19.744018344281315,-1.6766756717578857e-07,-2.0739495900832866e-07,-55.832401247414865
I1,2,N8,31.700563352079456,28.970515746486313,8.046878642776151e-08,2.5553246293335645,2.5553245488647782,67.15000060943785,171.59004501358137,19.164935323517632,-1.676675671757885e-07,-2.0632486717616703e-07,-55.8324012377049
I1,3,N8,28.970515746486313,26.38717696393315,8.046878662744072e-08,2.418005170968143,2.4180050904993564,67.15000054482302,162.36904314441662,18.135039385776974,-1.6766756717578846e-07,-2.0456866036934723e-07,-55.83240121524375
I1,4,N8,26.38717696393315,23.996732535713758,8.046878692578085e-08,2.2374560553117346,2.237455974842948,67.15000044829314,150.24516971374013,16.78092101835391,-1.676675671757884e-07,-2.022938043015453e-07,-55.83240117962298
I1,5,N8,23.996732535713758,21.085389396442384,8.046878626548514e-08,2.725017248856389,2.7250171683876028,67.15000056954422,182.9849044092453,20.437629969938815,-1.6766756717578857e-07,-2.1002401255743042e-07,-55.832401130153414
I1,6,N8,21.085389396442384,17.549165236125905,8.04687857281833e-08,3.3099058845546008,3.309905804085815,67.15000064961933,222.26017689454127,24.824294737675398,-1.676675671757887e-07,-2.201002250288398e-07,-55.83240106162199
I1,7,N8,17.549165236125905,13.23907829515104,8.046878527577577e-08,4.034241447250856,4.03424136678207,67.1500006904029,270.899310564668,30.256811457897307,-1.6766756717578886e-07,-2.3458396524400514e-07,-55.83240096427272
I1,8,N8,13.23907829515104,7.723636843136172,8.046878480346871e-08,5.162453269584298,5.162453189115514,67.1500006984523,346.6587352548341,38.71840012539812,-1.6766756717578902e-07,-2.6261362078747573e-07,-55.83240081522439
I1,9,N8,7.723636843136172,7.722810593863427e-07,8.04687842336051e-08,7.229323432818766,7.229323352349981,67.15000062698502,485.44906764297866,54.219926349656625,-1.6766756717578923e-07,-3.455740946274743e-07,-55.83240052557094
I1,10,N8,7.722810593863427e-07,3.872289060482107e-07,1.0467431180556428e-07,4.521135614000993e-07,3.47439249594535e-07,60.000000657641486,2.0846355204162565e-05,4.175909049042477e-06,-1.6766756755088265e-07,-1.6766757308814122e-07,-53.17225082419532
I1,11,N8,3.872289060482107e-07,13.494729991253646,14.41744619277606,3.033917988428751e-08,-14.41744616243688,2.6740075749103795e-05,-0.000385523602492188,108.1308466733643,-37.112603155489666,-1.6766756630732868e-07,-47.66306601472274
I1,12,N8,13.494729991253646,27.24005627624576,14.685177687872914,2.8882088203446506e-08,-14.685177658990826,3.990683794640385e-06,-5.860390050514971e-05,110.13883287566252,-37.11262576486595,-1.6766756630732555e-07,-47.66306586865468
I1,13,N8,27.24005627624576,40.985382561241565,14.685177687876848,2.8882081093737863e-08,-14.685177658994768,5.031489766383592e-07,-7.388832110875713e-06,110.13883287569197,-37.112629221458306,-1.676675663073287e-07,-47.66306583559649
I1,14,N8,40.985382561241565,54.73070897730364,14.685177827668097,2.8674608101951305e-08,-14.68517779899349,1.5949786296134292e-07,-2.3422544761468192e-06,110.13883392257029,-37.11262959310954,-1.6766756630732852e-07,-47.66306586551114
I1,15,N8,54.73070897730364,68.4760352622993,14.685177687876694,2.8882081672129474e-08,-14.685177658994611,1.3348151940004612e-06,-1.960199826582213e-05,110.13883287569082,-37.11262854589334,-1.676675663073295e-07,-47.66306600237132
I1,16,N8,68.4760352622993,68.8591115058726,0.4092695256270712,3.033917349133237e-08,-0.4092694952878977,2.5072696570254717e-05,-1.026148987081475e-05,3.0695216697468353,-37.11261733200616,-1.6766756630733815e-07,-47.663072768315985
I1,17,N8,68.8591115058726,68.85911112082056,1.0467431723900434e-07,4.521134615208519e-07,3.474391442818475e-07,60.00000060167885,2.0846348865957637e-05,4.175908340698922e-06,-1.676675675508801e-07,-1.6766759721218854e-07,-53.17225231072859
I1,18,N8,68.85911112082056,62.21978640276999,8.046878451040235e-08,6.2144080065937155,6.214407926124931,67.15000062929654,417.2974961499945,46.60806065296875,-1.6766756717578915e-07,-3.0924838750283864e-07,-55.832400604345246
I1,19,N8,62.21978640276999,54.64315041371069,8.04687840898945e-08,7.091731356257884,7.091731275789099,67.15000100727268,476.2097623125452,53.18798577545002,-1.6766756717578925e-07,-3.1825321679819133e-07,-55.832400937223404
I1,20,N8,54.64315041371069,47.7418418810865,8.046878422961311e-08,6.459624857034619,6.459624776565835,67.150001070868,433.7638106638013,48.447187031275526,-1.6766756717578918e-07,-2.881639573969496e-07,-55.832401073906574
I1,21,N8,47.7418418810865,43.67738147502449,8.046878532877134e-08,3.804335010572421,3.8043349301036358,67.15000083216263,255.46109372228452,28.532513182809048,-1.676675671757888e-07,-2.2844160413177812e-07,-55.83240114733428
I1,22,N8,43.67738147502449,40.40476899580962,8.046878587917382e-08,3.063165351043505,3.063165270574719,67.15000072351589,205.69155013534115,22.973740736342183,-1.6766756717578862e-07,-2.1508156609988896e-07,-55.83240119513177
I1,23,N8,40.40476899580962,37.39612883215014,8.046878611704309e-08,2.816087263683656,2.8160871832148695,67.15000068385108,189.10025627866273,21.120655081143315,-1.6766756717578854e-07,-2.1070043373656655e-07,-55.83240122554758
I1,24,N8,37.39612883215014,34.513101416470846,8.046878624498708e-08,2.698513731574196,2.6985136511054097,67.15000066178435,181.20519345756236,20.238853590322368,-1.676675671757885e-07,-2.086285047735712e-07,-55.83240124156185
I1,1,N9,5.560763736976892,5.10852456438276,8.046879561323202e-08,0.4232959360464964,0.4232958555777008,67.1500006309412,28.4243169691174,3.1747201238646903,-9.418953560099823e-07,-1.1159275968160952e-06,-55.832405240140936
I1,2,N9,5.10852456438276,4.658520197189257,8.046879571609869e-08,0.42120415819150947,0.42120407772271373,67.15000060000494,28.283854071804758,3.159031789952289,-9.418953560099811e-07,-1.115195662696576e-06,-55.83240523245232
I1,3,N9,4.658520197189257,4.207101051114735,8.046879569390939e-08,0.4225283912241422,0.4225283107553465,67.15000053692374,28.372776294087,3.168963537697034,-9.418953560099819e-07,-1.1165063665749251e-06,-55.83240513544623
I1,4,N9,4.207101051114735,3.7502248165459187,8.046879553457138e-08,0.42763622605480206,0.42763614558600654,67.15000044107526,28.715767364720065,3.207272298926982,-9.418953560099833e-07,-1.1201191007935993e-06,-55.832404943892705
I1,5,N9,3.7502248165459187,3.255874525947958,8.046879415284561e-08,0.46271194249807984,0.4627118620292857,67.15000056119685,31.071101794938976,3.4703401722515546,-9.418953560099937e-07,-1.136258245255626e-06,-55.832404646075304
I1,6,N9,3.255874525947958,2.709537270623065,8.04687925702406e-08,0.511371741482487,0.5113716610136945,67.15000063670848,34.338607362664256,3.8352886646345965,-9.418953560100068e-07,-1.1602803936537727e-06,-55.83240421428179
I1,7,N9,2.709537270623065,2.082191583518809,8.046879063118984e-08,0.587195633627969,0.5871955531591784,67.15000066612387,39.4301817857838,4.403967855725697,-9.418953560100225e-07,-1.2009287269631635e-06,-55.83240359434546
I1,8,N9,2.082191583518809,1.292455913167831,8.046878786436491e-08,0.7391926579468986,0.7391925774781107,67.15000067096678,49.636782073628794,5.543945538117648,-9.41895356010047e-07,-1.292403767130358e-06,-55.832402658776445
I1,9,N9,1.292455913167831,5.923152852464003e-07,8.046878301515448e-08,1.2097382508163617,1.2097381703475787,67.15000061663015,81.23391888480094,9.073037484638585,-9.418953560100916e-07,-1.6967190160184244e-06,-55.83240093340309
I1,10,N9,5.923152852464003e-07,8.829991416020245e-08,1.0015821205213918e-07,5.59506596282712e-07,4.593483842305728e-07,60.00000065817704,2.756090335616693e-05,4.9474860625113836e-06,-9.418953646758003e-07,-9.418955746977344e-07,-52.412626625273646
I1,11,N9,8.829991416020245e-08,2.916977961862667e-06,3.135163221598636e-06,9.90613051401719e-08,-3.036101916458464e-06,16.670361251166206,-5.0612915742720635e-05,2.425668395054106e-05,-1.3059539548280616e-06,-9.418953647383585e-07,-25.823033323872828
I1,12,N9,2.916977961862667e-06,2.5766672274516083,2.752846594601458,9.55406260108489e-08,-2.752846499060832,16.67034480041013,-45.89090032194598,20.64635017606563,-1.215566773656046e-05,-9.418953647383175e-07,-25.823029919187835
I1,13,N9,2.5766672274516083,5.1533315426445885,2.752846599643442,9.554059114132354e-08,-2.752846504102851,16.670342277336093,-45.890893460362626,20.646350213880247,-1.4213416830507682e-05,-9.418953647383236e-07,-25.82302943527729
I1,14,N9,5.1533315426445885,7.730038234092422,2.7528918721663787,9.444230387069667e-08,-2.752891777724075,16.670342009099855,-45.891647448699224,20.64668974956512,-1.4542189872280744e-05,-9.418953647383231e-07,-25.82302950170609
I1,15,N9,7.730038234092422,10.306702549099219,2.752846599444528,9.55405915926677e-08,-2.7528465039039367,16.670342863307276,-45.89089507013538,20.6463502123884,-1.4393310795202026e-05,-9.418953647383268e-07,-25.823030254473668
I1,16,N9,10.306702549099219,10.306703915541892,1.5682100366885847e-06,9.49121979896003e-08,-1.4732978386989844e-06,16.67036003616989,-2.4560405411623023e-05,1.2473416760086388e-05,-2.4789213005489996,-9.418953595664602e-07,-27.15931525689959
I1,17,N9,10.306703915541892,10.30670341323587,1.0020935063736575e-07,5.579514484474702e-07,4.5774209781010443e-07,60.000000604929674,2.7464526145508045e-05,4.93620599313627e-06,-9.418953649881453e-07,-9.418961639071947e-07,-52.42349820012963
I1,18,N9,10.30670341323587,9.014758582261258,8.046878302283548e-08,1.2092604322906153,1.2092603518218323,67.15000060952613,81.20183336191182,9.069453845695486,-9.418953560100922e-07,-1.698276183687001e-06,-55.83240092298322
I1,19,N9,9.014758582261258,8.218634469063968,8.046878776621528e-08,0.7451722404510477,0.7451721599822599,67.15000068997871,50.03831105696168,5.588792406898766,-9.418953560100478e-07,-1.2963426311529684e-06,-55.832402645995835
I1,20,N9,8.218634469063968,7.57964375055984,8.046879036235413e-08,0.5980953830182483,0.5980953025494579,67.15000072556018,40.162100000150225,4.4857159761527905,-9.418953560100251e-07,-1.2064481448899133e-06,-55.83240357650226
I1,21,N9,7.57964375055984,7.020153899101709,8.046879218101615e-08,0.5236825714631981,0.5236824909944059,67.15000072106392,35.165279647882905,3.927619889489927,-9.418953560100096e-07,-1.165980378090358e-06,-55.83240418911776
I1,22,N9,7.020153899101709,6.509567431829151,8.046879357742909e-08,0.4779090038655029,0.4779089233967093,67.15000068091909,32.09158453150634,3.5843181325072235,-9.418953560099977e-07,-1.1427038346341838e-06,-55.83240461203936
I1,23,N9,6.509567431829151,6.027066249325201,8.046879449703585e-08,0.45162117732208634,0.4516210968532918,67.15000066126665,30.326356952340515,3.3871594334316066,-9.418953560099911e-07,-1.1296610015505427e-06,-55.83240489923103
I1,24,N9,6.027066249325201,5.560763736976892,8.046879507676485e-08,0.4364592220564069,0.43645914158761184,67.1500006463567,29.308231639716425,3.2734447689390147,-9.418953560099863e-07,-1.1222819296785196e-06,-55.83240507695388
I2,1,N3,0.17298332262777638,0.15916230263654194,1.0640781621803101e-07,0.012936567935257597,0.012936461527441379,67.15000062883003,0.8686833997025241,0.0970250575730536,-2.1227715630157484e-05,-2.373008485073587e-05,-55.83256689346822
I2,2,N3,0.15916230263654194,0.14533348211910935,1.0640781571336371e-07,0.012943869227778609,0.012943762819962895,67.15000059870516,0.869173681110006,0.09707981726695741,-2.1227715633150712e-05,-2.373167847120535e-05,-55.832566756407054
I2,3,N3,0.14533348211910935,0.13129000244336378,1.0640780153845832e-07,0.013144790199947142,0.013144683792145603,67.1500005361712,0.8826655236903782,0.09858672455811511,-2.122771565029625e-05,-2.3775256720904783e-05,-55.832563773010115
I2,4,N3,0.13129000244336378,0.11679071730040101,1.0640777278866394e-07,0.013571424117237272,0.013571317709464483,67.15000044058958,0.9113139901699212,0.10178647893757546,-2.1227715684486076e-05,-2.386831056066167e-05,-55.83255775665584
I2,5,N3,0.11679071730040101,0.10148839382413526,1.0640772604734837e-07,0.014323067997167906,0.014322961589441859,67.15000056029385,0.961786878756088,0.10742380803670465,-2.12277157415331e-05,-2.403377099705762e-05,-55.832548286638904
I2,6,N3,0.10148839382413526,0.08486367126148953,1.0640765880240675e-07,0.015560833541960653,0.01556072713430185,67.15000063429326,1.0449028369384337,0.11670704962214591,-2.1227715829947904e-05,-2.4311407662201872e-05,-55.83253455050929
I2,7,N3,0.08486367126148953,0.06592328336991685,1.0640756322335923e-07,0.017728296289752542,0.01772818988218932,67.15000066059261,1.190447962300124,0.13296302022986822,-2.1227715961138854e-05,-2.4813442460731446e-05,-55.83251493742795
I2,8,N3,0.06592328336991685,0.042098640947498836,1.0640742079119418e-07,0.02229995853049899,0.0222998521230782,67.150000664533,1.4974350848836886,0.16725048703439835,-2.1227716153161447e-05,-2.5943416947180184e-05,-55.83248567158509
I2,9,N3,0.042098640947498836,7.706365488420706e-07,1.0640716548065575e-07,0.039403699833941236,0.039403593426775754,67.15000061472543,2.6459513228303826,0.2955285468083004,-2.1227716454356185e-05,-3.12709781017177e-05,-55.83243314918096
I2,10,N3,7.706365488420706e-07,1.2757696419615523e-07,1.3191708966633888e-07,7.174758058168977e-07,5.855587161505587e-07,60.00000065817704,3.5133523354434826e-05,6.370446716124275e-06,-2.122772283876321e-05,-2.1228176387374634e-05,-52.4126554394242
I2,11,N3,1.2757696419615523e-07,2.7763214430020993e-06,2.978652936509161e-06,1.3036109090156662e-07,-2.8482918456075944e-06,16.670361251185454,-4.748205401508435e-05,2.331760520558046e-05,-0.0034519807655254355,-2.1227724143337032e-05,-25.825641329637666
I2,12,N3,2.7763214430020993e-06,0.06756770553234076,0.07218489601492617,1.2491769245827828e-07,-0.07218477109723372,16.67034480055757,-1.2033450235402083,0.5413876569946396,-0.0014862920846726744,-2.1227724441673877e-05,-25.82456723202832
I2,13,N3,0.06756770553234076,0.13616540193919752,0.07328827977146808,1.2491784618413089e-07,-0.0732881548536219,16.670342278559104,-1.2217386263739198,0.5496630351698569,-0.0014630461818923566,-2.1227724051650713e-05,-25.824540281137118
I2,14,N3,0.13616540193919752,0.25102664789185847,0.12271514690166016,1.2312826619575834e-07,-0.12271502377339397,16.67034201041368,-2.045701416118523,0.9203645252244477,-0.0014449381045838494,-2.122772396411595e-05,-25.82453575697155
I2,15,N3,0.25102664789185847,0.319666298038397,0.07333310214273529,1.2491768177456315e-07,-0.07333297722505353,16.670342863978235,-1.2224858735779494,0.549999202953128,-0.0014841512496565326,-2.1227724295946633e-05,-25.82456348208869
I2,16,N3,0.319666298038397,0.3196688143480012,2.836734722329865e-06,1.2998615375948834e-07,-2.7067485685703766e-06,16.67036003618942,-4.512247316550853e-05,2.2250406570670148e-05,-0.24191207061528003,-2.122772501461074e-05,-25.95321199705129
I2,17,N3,0.3196688143480012,0.31966817145685983,1.3192219845051198e-07,7.173226187373777e-07,5.854004202868658e-07,60.000000604929674,3.5124025571338034e-05,6.369336128909173e-06,-2.1227722862310725e-05,-2.1228176440129943e-05,-52.413635613321794
I2,18,N3,0.31966817145685983,0.2772862166106378,1.0640716301005286e-07,0.0396696029589537,0.03966949655179069,67.15000060779339,2.6638067175636024,0.29752282024587534,-2.1227716573707183e-05,-3.13712030122241e-05,-55.83243263354377
I2,19,N3,0.2772862166106378,0.2532617416198012,1.0640741613238674e-07,0.02248700181453471,0.022486895407118578,67.1500006802194,1.509995041884035,0.16865331166463132,-2.1227716218579363e-05,-2.5991840696074932e-05,-55.83248473099486
I2,20,N3,0.2532617416198012,0.23414646888335255,1.0640755688796883e-07,0.017891988504550864,0.017891882096993977,67.1500007118251,1.2014398955490364,0.13419071184080814,-2.122771599817914e-05,-2.4852235252088682e-05,-55.83251368895583
I2,21,N3,0.23414646888335255,0.21735571119575894,1.0640765104879213e-07,0.015716242418905096,0.01571613601125405,67.15000070778638,1.0553385442793763,0.11787261619917108,-2.122771585184108e-05,-2.4347216575616103e-05,-55.83253303405969
I2,22,N3,0.21735571119575894,0.2018858574570918,1.0640771683564497e-07,0.01447987632276752,0.014479769915050685,67.15000067283306,0.9723165595381213,0.10859987047863268,-2.1227715755822428e-05,-2.4068986264659718e-05,-55.83254651764731
I2,23,N3,0.2018858574570918,0.18720710757128886,1.064077617798951e-07,0.013739403116526045,0.013739296708764264,67.15000065654904,0.9225937830140424,0.1030463214321587,-2.1227715695708737e-05,-2.3904951347423152e-05,-55.832555736422776
I2,24,N3,0.18720710757128886,0.17298332262777638,1.0640778985048746e-07,0.013313555930566741,0.013313449522776891,67.15000064332465,0.8939981440193384,0.09985246753767443,-2.1227715660554444e-05,-2.3811876885939626e-05,-55.832561490665825
I2,1,N8,42.249167347443574,38.81717748602967,1.0640711928883764e-07,3.2123426035062703,3.212342497099151,67.15000064287642,215.70880074534725,24.092570324350422,-1.2781084196313563e-07,-1.5570313566854832e-07,-55.83240115210635
I2,2,N8,38.81717748602967,35.482170867723674,1.0640711942294689e-07,3.1215662879572563,3.1215661815501368,67.15000060943785,209.61317099349228,23.411747957732818,-1.278108419631356e-07,-1.5482872508651475e-07,-55.83240114225265
I2,3,N8,35.482170867723674,32.319162282767806,1.0640711968121508e-07,2.9605761287415415,2.960576022334422,67.15000054482302,198.8026815127464,22.204321763614956,-1.2781084196313555e-07,-1.533178449583329e-07,-55.83240112216017
I2,4,N8,32.319162282767806,29.38282514815063,1.0640712006647241e-07,2.748411651224532,2.748411544817412,67.15000044829314,184.55583646658326,20.61308818223739,-1.2781084196313553e-07,-1.513603471291713e-07,-55.832401091570304
I2,5,N8,29.38282514815063,25.823838401069825,1.0640711920069e-07,3.3312116884904883,3.331211582083369,67.15000056954422,223.69085963417055,24.984088461732057,-1.2781084196313563e-07,-1.5717693455587872e-07,-55.83240105010263
I2,6,N8,25.823838401069825,21.518916135297864,1.06407118493646e-07,4.029407333985406,4.029407227578288,67.15000064961933,270.57469794946286,30.220555802943938,-1.278108419631357e-07,-1.6478148755775578e-07,-55.83240099342254
I2,7,N8,21.518916135297864,16.28482020660283,1.0640711789476993e-07,4.899113882481401,4.899113776074283,67.1500006904029,328.9754934457505,36.74335491666389,-1.278108419631358e-07,-1.7550525235574555e-07,-55.83240091344865
I2,8,N8,16.28482020660283,9.572650149465193,1.0640711726341149e-07,6.282591266703678,6.282591160296561,67.1500006984523,421.87600080200434,47.11943529833096,-1.2781084196313587e-07,-1.956751123806943e-07,-55.83240079133015
I2,9,N8,9.572650149465193,7.434079846953277e-07,1.0640711649360807e-07,8.959999937292398,8.959999830885282,67.15000062698502,601.6639942617323,67.20000032774635,-1.2781084196313595e-07,-2.5159281411609945e-07,-55.832400553768224
I2,10,N8,7.434079846953277e-07,7.051140958336361e-08,1.3104954213527305e-07,7.446431739713425e-07,6.135936318360694e-07,60.000000657641486,3.681561831368879e-05,6.567695370799617e-06,-1.2781084214046116e-07,-1.278108466876465e-07,-52.32989670688991
I2,11,N8,7.051140958336361e-08,1.8177397001816498,1.942029676048892,1.376963852619635e-07,-1.9420295383525068,2.6740075749103795e-05,-5.1930016962543104e-05,14.565223603089578,-1.5179017127324316e-07,-1.2781084229744315e-07,-8.012848330177066
I2,12,N8,1.8177397001816498,19.520581479096435,18.91329263567072,1.198763384058569e-07,-18.91329251579438,3.990683794640385e-06,-7.547696994607392e-05,141.84969566660297,-2.121025224155391e-05,-1.2781084229743953e-07,-8.012847368829433
I2,13,N8,19.520581479096435,37.22342334597354,18.913292729647477,1.1987626596634997e-07,-18.91329260977121,5.031489766383592e-07,-9.516203821468226e-06,141.84969637142808,-2.4615233887859012e-05,-1.2781084229744117e-07,-8.01284728076543
I2,14,N8,37.22342334597354,54.92626567694849,18.913293222868862,1.1758997104826898e-07,-18.913293105278893,1.5949786296134292e-07,-3.0166298318534847e-06,141.84970005344124,-2.4947243000762165e-05,-1.2781084229744093e-07,-8.01284726833848
I2,15,N8,54.92626567694849,72.62910754382179,18.913292729643423,1.1987627183534967e-07,-18.91329260976715,1.3348151940004612e-06,-2.5245750344093828e-05,141.84969637139773,-2.3813459640294044e-05,-1.2781084229744156e-07,-8.012847312673244
I2,16,N8,72.62910754382179,83.9483810682074,12.09324110202685,1.3769637532995944e-07,-12.093240964330475,2.5072696570254717e-05,-0.00030321016124963256,90.69930929792419,-3.500729546329221e-07,-1.2781084229744344e-07,-8.012847515502935
I2,17,N8,83.9483810682074,83.94838039531085,1.310495424756544e-07,7.446431645792569e-07,6.135936221036026e-07,60.00000060167885,3.681561769540246e-05,6.567695302911834e-06,-1.2781084214046092e-07,-1.2781087573005916e-07,-52.32989447849447
I2,18,N8,83.94838039531085,75.70649885676198,1.0640711683942957e-07,7.71440121330458,7.714401106897463,67.15000062929654,518.0220391828105,57.858009897837725,-1.2781084196313592e-07,-2.20686216227458e-07,-55.832400632650256
I2,19,N8,75.70649885676198,66.55692348897391,1.0640711637178155e-07,8.564002637472479,8.564002531065363,67.15000100727268,575.0727785873248,64.23002057909696,-1.27810841963136e-07,-2.47407260440707e-07,-55.83240091866121
I2,20,N8,66.55692348897391,58.33868730076766,1.0640711657660846e-07,7.692269165383902,7.692269058976785,67.150001070868,516.5358755476959,57.69201953843264,-1.2781084196313598e-07,-2.2689295473778019e-07,-55.832401028162025
I2,21,N8,58.33868730076766,53.42538581343598,1.0640711798328599e-07,4.598850285365303,4.598850178958185,67.15000083216263,308.81279334403337,34.491377938293155,-1.2781084196313576e-07,-1.715496001938447e-07,-55.83240108354693
I2,22,N8,53.42538581343598,49.438949338809145,1.0640711869727785e-07,3.731304633473572,3.7313045270664533,67.15000072351589,250.55710169217045,27.98478554910518,-1.2781084196313566e-07,-1.611141204951684e-07,-55.83240111897257
I2,23,N8,49.438949338809145,45.76828442747469,1.0640711901103173e-07,3.4357424502319005,3.4357423438247814,67.15000068385108,230.71010073737017,25.768069174792647,-1.2781084196313563e-07,-1.579464947655303e-07,-55.83240114091621
I2,24,N8,45.76828442747469,42.249167347443574,1.0640711918103899e-07,3.2938936801319736,3.2938935737248545,67.15000066178435,221.18495565547119,24.704203399043195,-1.278108419631356e-07,-1.564908955802343e-07,-55.83240115156369
I2,1,N9,4.717562726610376,4.33888451642862,1.0640714191914085e-07,0.35444289795299505,0.3544427915458531,67.1500006309412,23.800833675936595,2.6583225327010274,-8.265140632170402e-07,-9.33859388200497e-07,-55.83240653077987
I2,2,N9,4.33888451642862,3.961370345883222,1.0640714204480367e-07,0.35335335685336433,0.3533532504462223,67.15000060000494,23.727670979477523,2.6501509744537977,-8.265140632170407e-07,-9.335046450999243e-07,-55.832406522386115
I2,3,N9,3.961370345883222,3.5811368527775747,1.0640714184346983e-07,0.35589864276975763,0.3558985363626158,67.15000053692374,23.898586907840027,2.6692406188267457,-8.265140632170405e-07,-9.344302815210335e-07,-55.83240640996715
I2,4,N9,3.5811368527775747,3.193824497836278,1.0640714128898537e-07,0.362524457447924,0.36252435104078273,67.15000044107526,24.343510332289085,2.7189342289129894,-8.265140632170399e-07,-9.368032163231916e-07,-55.83240618744839
I2,5,N9,3.193824497836278,2.7783237162714935,1.0640713894371507e-07,0.38890882476750754,0.3889087183603686,67.15000056119685,26.1152206561531,2.9168169838098486,-8.265140632170448e-07,-9.458493937902514e-07,-55.83240584123586
I2,6,N9,2.7783237162714935,2.3219219918653415,1.0640713609522995e-07,0.4271921072670247,0.4271920008598886,67.15000063670848,28.68594312973829,3.203941602556206,-8.265140632170489e-07,-9.593841748210263e-07,-55.832405340162296
I2,7,N9,2.3219219918653415,1.7993713227779704,1.0640713245407071e-07,0.4891075194886424,0.48910741308150996,67.15000066612387,32.84356311422952,3.668307194218311,-8.26514063217052e-07,-9.822113681603129e-07,-55.832404623615226
I2,8,N9,1.7993713227779704,1.1408205632520265,1.0640712720835e-07,0.6164036041391421,0.6164034977320149,67.15000067096678,41.39149528629107,4.62302782909702,-8.265140632170552e-07,-1.0327131618917642e-06,-55.832403550584665
I2,9,N9,1.1408205632520265,7.706387016416053e-07,1.0640711805653934e-07,1.0678074191089224,1.0678073127018044,67.15000061663015,71.70326170636835,8.008556441370303,-8.265140632170575e-07,-1.2627790503496753e-06,-55.832401609297094
I2,10,N9,7.706387016416053e-07,1.2756763816337328e-07,1.3191702897451066e-07,7.17486496832078e-07,5.855694678575673e-07,60.00000065817704,3.513416845686242e-05,6.370526443549415e-06,-8.265140699092168e-07,-8.265148866681025e-07,-52.41263087035267
I2,11,N9,1.2756763816337328e-07,2.7748427719952602e-06,2.9770954897465705e-06,1.3037192491836552e-07,-2.846723564828205e-06,16.670361251166206,-4.745591020789384e-05,2.330600560998702e-05,-9.166191837904894e-07,-8.265140699576553e-07,-25.823027393387893
I2,12,N9,2.7748427719952602e-06,0.9222065706957845,0.9852606082551312,1.2493146766587007e-07,-0.9852604833236636,16.67034480041013,-16.42463197522421,7.3894554988994905,-1.9245288051787533e-06,-8.265140699575994e-07,-25.823018510826046
I2,13,N9,0.9222065706957845,3.386119251497823,2.6323854853373803,1.2493142929566978e-07,-2.632385360405951,16.670342277336093,-43.88276496381594,19.74289207701607,-3.2049905314004538e-06,-8.265140699576373e-07,-25.823017549795082
I2,14,N9,3.386119251497823,6.302547528551902,3.115842316896865,1.2314145751374562e-07,-3.1158421937554075,16.670342009099855,-51.94215501628662,23.36881830028742,-3.3826399911071983e-06,-8.265140699576408e-07,-25.823017474858794
I2,15,N9,6.302547528551902,8.739953556957373,2.6040664122641246,1.2493143110990697e-07,-2.6040662873326936,16.670342863307276,-43.41067784861564,19.530499028966666,-3.1638076653002663e-06,-8.265140699576274e-07,-25.82301812629674
I2,16,N9,8.739953556957373,8.739956204232298,2.9770952697969538e-06,1.3037192745056949e-07,-2.8467233423463843e-06,16.67036003616989,-4.745590304028314e-05,2.3306003979356422e-05,-9.218306994804985e-07,-8.265140699576058e-07,-25.823026554601732
I2,17,N9,8.739956204232298,8.739955561161231,1.3191702893898568e-07,7.174864994267025e-07,5.855694704877169e-07,60.000000604929674,3.5134168583491364e-05,6.3705264627426614e-06,-8.265140699093076e-07,-8.265148866683248e-07,-52.41262566060699
I2,18,N9,8.739955561161231,7.596946231739194,1.0640711803454944e-07,1.0698568255618768,1.0698567191547588,67.15000060952613,71.84087934334768,8.02392698976746,-8.265140632170594e-07,-1.264148786300639e-06,-55.83240159666675
I2,19,N9,7.596946231739194,6.932816652902378,1.0640712702435187e-07,0.6216253790141181,0.6216252726069911,67.15000068997871,41.742137484467655,4.662191140659338,-8.265140632170565e-07,-1.0348906378202322e-06,-55.832403533149225
I2,20,N9,6.932816652902378,6.402182049241435,1.0640713203368065e-07,0.496674082249506,0.49667397584237394,67.15000072556018,33.35165783818227,3.725056414924785,-8.265140632170542e-07,-9.851190639302077e-07,-55.83240459940491
I2,21,N9,6.402182049241435,5.937016426034793,1.0640713550470729e-07,0.4353951165442823,0.4353950101371468,67.15000072106392,29.23677524465704,3.2654641721356334,-8.265140632170515e-07,-9.623918781843257e-07,-55.83240530718958
I2,22,N9,5.937016426034793,5.5109740361144866,1.0640713809299615e-07,0.3987757701882745,0.3987756637811364,67.15000068091909,26.77778609443727,2.9908190744655943,-8.265140632170475e-07,-9.492498293629629e-07,-55.83240579805256
I2,23,N9,5.5109740361144866,5.107706723337173,1.0640713982088075e-07,0.3774582979824358,0.377458191575296,67.15000066126665,25.346317813881637,2.830938032921817,-8.265140632170451e-07,-9.417831042040698e-07,-55.8324061323221
I2,24,N9,5.107706723337173,4.717562726610376,1.0640714090788352e-07,0.36517487415915184,0.3651747677520109,67.1500006463567,24.521485890580692,2.738812354247196,-8.265140632170421e-07,-9.375368830071408e-07,-55.83240633966088
I3,1,N1,6.463704999919796e-05,6.453519256344809e-05,1.785837705359263e-07,2.5179508689333334e-07,7.321131635740705e-08,67.15000055358081,4.916139933928263e-06,3.2278414307194473e-06,-0.08145146338614274,-0.08165247201304811,-65.1021616033576
I3,2,N1,6.453519256344809e-05,6.443333618320031e-05,1.785854397021899e-07,2.5179556129324864e-07,7.321012159105874e-08,67.15000051069026,4.91605970222729e-06,3.227857507465789e-06,-0.08132417029447726,-0.08163976311607447,-65.10215658436287
I3,3,N1,6.443333618320031e-05,6.433147415995034e-05,1.78583782928353e-07,2.517993916503738e-07,7.32156087220208e-08,67.15000043365418,4.916428157433952e-06,3.2278738093404507e-06,-0.08132165480198388,-0.08163556023198444,-65.10202352285917
I3,4,N1,6.433147415995034e-05,6.422960133120495e-05,1.7858049610506636e-07,2.5180662602135155e-07,7.322612991628518e-08,67.15000032667186,4.917134647799466e-06,3.227903415948134e-06,-0.08131935594430584,-0.08163805519326328,-65.10176242369957
I3,5,N1,6.422960133120495e-05,6.412771244270229e-05,1.7857558115178554e-07,2.5181735198324364e-07,7.32417708314581e-08,67.15000045851002,4.918184944914498e-06,3.227946998512719e-06,-0.08131684617113341,-0.08164423370197137,-65.10137328398474
I3,6,N1,6.412771244270229e-05,6.402580225362055e-05,1.785690477948056e-07,2.5183156547734035e-07,7.326251768253474e-08,67.1500005603144,4.919578103432251e-06,3.2280045995410945e-06,-0.08131369362915077,-0.0816540222708986,-65.10085609645064
I3,7,N1,6.402580225362055e-05,6.392386541312894e-05,1.7856090239723714e-07,2.5184937504676107e-07,7.328847264952393e-08,67.15000061768497,4.92132098368472e-06,3.2280770808299868e-06,-0.08130944073904248,-0.08166334830160553,-65.10021085398556
I3,8,N1,6.392386541312894e-05,6.382189635091985e-05,1.785511870052716e-07,2.518710229582874e-07,7.331983595301578e-08,67.1500006321611,4.923427030594958e-06,3.2281665747266924e-06,-0.08130098967797074,-0.08166308471512777,-65.09943755599843
I3,9,N1,6.382189635091985e-05,6.371989126555315e-05,1.7853999135026554e-07,2.5189493216523375e-07,7.33549408149682e-08,67.15000058328138,4.925784318511686e-06,3.2282619263662446e-06,-0.08128176521908087,-0.0817133802048984,-65.09853621859492
I3,10,N1,6.371989126555315e-05,6.39235541272632e-05,3.801472009151516e-07,1.4241700357235388e-07,-2.377301973427977e-07,60.00000065137121,-1.4263811995418468e-05,3.919231533656291e-06,-0.08661361085930204,-0.08133731163024277,-65.0975068901053
I3,11,N1,6.39235541272632e-05,6.41274262505954e-05,3.8037955000135025e-07,1.4242469479904084e-07,-2.3795485520230942e-07,60.0000005828091,-1.427729145082082e-05,3.921031836002933e-06,-0.08190556601416235,-0.08129723180158893,-65.09673345084599
I3,12,N1,6.41274262505954e-05,6.433126563439617e-05,3.8035035891141705e-07,1.4242976480333087e-07,-2.3792059410808618e-07,60.00000056635644,-1.4275235781233032e-05,3.920850927860609e-06,-0.08192268112324275,-0.08127884901617363,-65.09621608821588
I3,13,N1,6.433126563439617e-05,6.453508858819519e-05,3.803357330407327e-07,1.424323296181773e-07,-2.3790340342255542e-07,60.00000055285245,-1.4274204336878805e-05,3.920760469941825e-06,-0.08192936863457229,-0.08126908076404847,-65.09595480300725
I3,14,N1,6.453508858819519e-05,6.473891093760339e-05,3.803351998151387e-07,1.4243242817117096e-07,-2.3790277164396773e-07,60.00000052992788,-1.4274166424709376e-05,3.920757209897322e-06,-0.08193365315621486,-0.08126354875395089,-65.09594959267133
I3,15,N1,6.473891093760339e-05,6.494274829340268e-05,3.803485469844773e-07,1.4243007559077482e-07,-2.3791847139370246e-07,60.000000521433215,-1.427510840768074e-05,3.920839669314391e-06,-0.08193917129057408,-0.08126055165453044,-65.09620045926779
I3,16,N1,6.494274829340268e-05,6.514661552817188e-05,3.803750009151368e-07,1.424252850577769e-07,-2.3794971585735993e-07,60.000000559187654,-1.427698308450014e-05,3.9210021447968526e-06,-0.08195919938657223,-0.08125866318853525,-65.09670741004498
I3,17,N1,6.514661552817188e-05,6.535052801018874e-05,3.804151021153383e-07,1.4241806613505467e-07,-2.3799703598028362e-07,60.00000060948042,-1.4279822303871552e-05,3.921248761877947e-06,-0.08198466896037475,-0.08125674826908424,-65.09747045080545
I3,18,N1,6.535052801018874e-05,6.524851667462349e-05,1.7853578114280724e-07,2.5189709380517334e-07,7.336131266236609e-08,67.15000053683316,4.9262121846606684e-06,3.2282465621098547e-06,-0.08154759192535399,-0.08168077869615771,-65.09848957134639
I3,19,N1,6.524851667462349e-05,6.514654305604556e-05,1.785469559879851e-07,2.518715809422023e-07,7.33246249542172e-08,67.14999992612637,4.923748560258929e-06,3.2281390269764053e-06,-0.08155941617020916,-0.08170177792897458,-65.0993807205277
I3,20,N1,6.514654305604556e-05,6.504460144241712e-05,1.785566383495189e-07,2.518501069876764e-07,7.32934686381575e-08,67.14999997307216,4.9216564170786415e-06,3.2280505900289645e-06,-0.08156072525131608,-0.08170628834147939,-65.10014383916243
I3,21,N1,6.504460144241712e-05,6.494268562789509e-05,1.7856462978438394e-07,2.518329602882057e-07,7.326833050382176e-08,67.15000062284078,4.9199684389661355e-06,3.227981925544422e-06,-0.08156613157608257,-0.08168317516449267,-65.10077890412903
I3,22,N1,6.494268562789509e-05,6.484079310448185e-05,1.7857437364765169e-07,2.518196963700016e-07,7.324532272234993e-08,67.15000061628439,4.918423465945747e-06,3.2279555251324e-06,-0.08132384011013917,-0.08164813438428117,-65.10128591106366
I3,23,N1,6.484079310448185e-05,6.473891613013797e-05,1.7857917874101014e-07,2.5180935216415886e-07,7.323017342314872e-08,67.15000058922878,4.9174061885137625e-06,3.2279139817887675e-06,-0.08132480502391928,-0.08163835368010158,-65.10166485783796
I3,24,N1,6.473891613013797e-05,6.463704999919796e-05,1.7858237981073804e-07,2.518020071825135e-07,7.321962737177548e-08,67.15000056821334,4.9166980196190926e-06,3.2278829024493866e-06,-0.08132402970585327,-0.08165078052703965,-65.10191574528486
I3,1,N3,17.76929427004613,16.339996133895752,1.0640712430505625e-07,1.3378231486596095,1.3378230422524853,67.15000062883003,89.83481812851768,10.033674413000503,-1.5167087549187188e-07,-1.662884559367471e-07,-55.832402187709974
I3,2,N3,16.339996133895752,14.929658994715428,1.0640712444549139e-07,1.3200756554956408,1.3200755490885163,67.15000059870516,88.64307391162991,9.90056821427074,-1.5167087549187185e-07,-1.6608600301293494e-07,-55.832402183208096
I3,3,N3,14.929658994715428,13.541812853866965,1.0640712463492308e-07,1.2990240810570166,1.299023974649892,67.1500005361712,87.2294605942395,9.74268140598106,-1.5167087549187183e-07,-1.658621687319118e-07,-55.83240215166321
I3,4,N3,13.541812853866965,12.179373954085571,1.0640712487197306e-07,1.2752429034182426,1.2752427970111178,67.15000044058958,85.63255438115524,9.564322573690257,-1.516708754918718e-07,-1.6562209801030708e-07,-55.832402092079704
I3,5,N3,12.179373954085571,10.651916246179361,1.0640712377619645e-07,1.4297005078230676,1.4297004014159438,67.15000056029385,96.00438275613297,10.722754606726435,-1.5167087549187196e-07,-1.67420419969321e-07,-55.83240200221088
I3,6,N3,10.651916246179361,8.922445431118241,1.0640712274580223e-07,1.6187847761200633,1.6187846697129407,67.15000063429326,108.70139159800817,12.140886618953894,-1.5167087549187214e-07,-1.6969693786781125e-07,-55.83240187316946
I3,7,N3,8.922445431118241,6.918262134463712,1.0640712170859285e-07,1.8759156588914934,1.8759155524843716,67.15000066059261,125.9677305885415,14.069368239739614,-1.5167087549187233e-07,-1.7292823843696036e-07,-55.83240168845771
I3,8,N3,6.918262134463712,4.37725171638851,1.0640712033868342e-07,2.3783858445412416,2.378385738134121,67.150000664533,159.70860389622203,17.837894632112715,-1.5167087549187257e-07,-1.7959928719701055e-07,-55.832401410999836
I3,9,N3,4.37725171638851,7.706388764789588e-07,1.0640711815521202e-07,4.097106978444507,4.097106872037389,67.15000061472543,275.12072897590645,30.728303136387186,-1.51670875491873e-07,-2.0681482791685895e-07,-55.83240090657932
I3,10,N3,7.706388764789588e-07,1.275676298689096e-07,1.3191703292723377e-07,7.174866717064237e-07,5.8556963877919e-07,60.00000065817704,3.513417871215989e-05,6.370527784752431e-06,-1.516708757418427e-07,-1.5167094301127312e-07,-52.41262684441824
I3,11,N3,1.275676298689096e-07,2.7748402992225192e-06,2.977092876744856e-06,1.3037194242968324e-07,-2.8467209343151726e-06,16.670361251185454,-4.7455866356346105e-05,2.3305986143809046e-05,-1.5466671564266226e-07,-1.5167087574364618e-07,-25.823026276276984
I3,12,N3,2.7748402992225192e-06,0.6080627804802217,0.6496369007625409,1.2493149168736102e-07,-0.6496367758310492,16.67034480055757,-10.829669048226114,4.872277692705245,-1.7528927404560303e-07,-1.51670875743646e-07,-25.823016861659656
I3,13,N3,0.6080627804802217,11.605917703144456,11.749845145446603,1.2493146611316772e-07,-11.749845020515137,16.670342278559104,-195.87393821201064,88.12383952783551,-6.158082031701886e-07,-1.5167087574364602e-07,-25.823015760023857
I3,14,N3,11.605917703144456,26.696091722857954,16.121980930849272,1.231414920604335e-07,-16.12198080770778,16.67034201041368,-268.75893394981404,120.91485790493074,-8.086004688886325e-07,-1.5167087574364562e-07,-25.823015697175105
I3,15,N3,26.696091722857954,33.16411097622256,6.910277122690595,1.2493146919980253e-07,-6.910276997759126,16.670342863978235,-115.19668683770678,51.82707935716549,-3.0659622901720354e-07,-1.5167087574364602e-07,-25.82301593503561
I3,16,N3,33.16411097622256,33.1641136234922,2.9770896576596357e-06,1.303719525216421e-07,-2.8467177051379935e-06,16.67036003618942,-4.745580906604527e-05,2.3305962076359586e-05,-1.5472760843430838e-07,-1.5167087574364657e-07,-25.823025163954508
I3,17,N3,33.1641136234922,33.164112980420946,1.3191703287619612e-07,7.174866747664394e-07,5.855696418902433e-07,60.000000604929674,3.5134178867643054e-05,6.370527807319766e-06,-1.5167087574184255e-07,-1.5167088180009748e-07,-52.412625540401336
I3,18,N3,33.164112980420946,28.833137203888196,1.0640711819471482e-07,4.053793420057505,4.053793313650387,67.15000060779339,272.2122234754923,30.40345144848467,-1.5167087549187296e-07,-2.060762808410553e-07,-55.832400906804715
I3,19,N3,28.833137203888196,26.27187455245028,1.0640712028790564e-07,2.397341934968742,2.3973418285616215,67.1500006802194,160.98150541863131,17.980065310318967,-1.5167093670305907e-07,-1.7985845514118039e-07,-55.83240141738564
I3,20,N3,26.27187455245028,24.20674813952518,1.0640712148618297e-07,1.9329584157207473,1.9329583093136258,67.1500007118251,129.79815184633821,14.497188915959017,-1.5167087549187236e-07,-1.7368319183769704e-07,-55.8324016962371
I3,21,N3,24.20674813952518,22.405237558378268,1.064071224021779e-07,1.6862139971763621,1.6862138907692397,67.15000070778638,113.22926395863367,12.646605776876134,-1.5167087549187222e-07,-1.7055462019143226e-07,-55.8324018795142
I3,22,N3,22.405237558378268,20.77826350392384,1.0640712318811152e-07,1.5228478081922037,1.5228477017850806,67.15000067283306,102.25922419949043,11.42135935949495,-1.5167087549187206e-07,-1.6851685422851673e-07,-55.832402005419794
I3,23,N3,20.77826350392384,19.24609029866194,1.0640712368578001e-07,1.4341142133479916,1.4341141069408678,67.15000065654904,96.30076322264551,10.755857398163366,-1.5167087549187198e-07,-1.674404074708256e-07,-55.83240209043371
I3,24,N3,19.24609029866194,17.76929427004613,1.0640712400766261e-07,1.3822811760072542,1.3822810696001302,67.15000064332465,92.82017471290422,10.367109618107836,-1.5167087549187193e-07,-1.6681757440329287e-07,-55.832402142324106
I3,1,N4,6.462031121957676e-05,6.451845530546299e-05,1.7858367700962894e-07,2.517935807039207e-07,7.320990369429178e-08,67.15000062359276,4.916045078724859e-06,3.2278294328516225e-06,-0.08147857769440778,-0.08168675508991977,-65.10218359429247
I3,2,N4,6.451845530546299e-05,6.441659744128038e-05,1.7858210185128373e-07,2.517940259784278e-07,7.321192412714409e-08,67.15000058987917,4.916180748323914e-06,3.2278209587228366e-06,-0.08158956130434566,-0.08167516440033612,-65.10217857357372
I3,3,N4,6.441659744128038e-05,6.4314736938017e-05,1.7858380043333639e-07,2.5179798427896586e-07,7.321418384562948e-08,67.15000052463098,4.916332483644449e-06,3.2278633853422666e-06,-0.08134053138915101,-0.08166616711944157,-65.10204544823816
I3,4,N4,6.4314736938017e-05,6.421286558853752e-05,1.7858049483201722e-07,2.518052403131578e-07,7.322474548114057e-08,67.15000042756697,4.917041690367072e-06,3.2278930135888124e-06,-0.08133947889009156,-0.08166798380702589,-65.1017842189663
I3,5,N4,6.421286558853752e-05,6.411097815775417e-05,1.7857557137185837e-07,2.5181597898981317e-07,7.32404076179548e-08,67.15000054948682,4.918093411790303e-06,3.2279366277125364e-06,-0.08133742062682607,-0.08167387278390535,-65.10139488323856
I3,6,N4,6.411097815775417e-05,6.400906941843583e-05,1.785690378502691e-07,2.518301997864303e-07,7.326116193616121e-08,67.15000063032636,4.919487070191667e-06,3.227994282275246e-06,-0.0813340574298409,-0.08168363471894229,-65.10087743390689
I3,7,N4,6.400906941843583e-05,6.390713410456999e-05,1.7856090740832265e-07,2.518479505152298e-07,7.328704310690716e-08,67.15000066781928,4.921224993571317e-06,3.2280664344266434e-06,-0.08132842147718627,-0.08169552255846049,-65.10023186365068
I3,8,N4,6.390713410456999e-05,6.38051651974003e-05,1.7854958672776054e-07,2.518694758446645e-07,7.331988911690393e-08,67.15000067084033,4.923430603386037e-06,3.2281429692931877e-06,-0.08143756198855404,-0.08170032378553965,-65.09945817131444
I3,9,N4,6.38051651974003e-05,6.370315941770492e-05,1.7853728679958154e-07,2.518932126108462e-07,7.335592581126466e-08,67.15000061449767,4.9258504633034675e-06,3.228228745578208e-06,-0.08149907740346392,-0.08175765468612384,-65.09855637438393
I3,10,N4,6.370315941770492e-05,6.390680857733543e-05,3.8013202455034466e-07,1.424165327663121e-07,-2.3771549178403256e-07,60.000000669256806,-1.4262929666134665e-05,3.919114179874926e-06,-0.0868922170799086,-0.08136958368827289,-65.0975265220443
I3,11,N4,6.390680857733543e-05,6.411068076114855e-05,3.8037915349789626e-07,1.424242908138024e-07,-2.3795486268409387e-07,60.00000058849847,-1.4277291901081706e-05,3.92102583233774e-06,-0.08193009637245671,-0.08132240873907735,-65.09675267915762
I3,12,N4,6.411068076114855e-05,6.431452010260777e-05,3.8034987112787704e-07,1.4242937708982078e-07,-2.3792049403805626e-07,60.00000057013955,-1.4275229777931259e-05,3.920844361632734e-06,-0.08194852268514366,-0.08130248476704276,-65.09623504401985
I3,13,N4,6.431452010260777e-05,6.451834300136031e-05,3.80335242102414e-07,1.4243195103257752e-07,-2.3790329106983647e-07,60.00000055603241,-1.427419759647213e-05,3.920753948512436e-06,-0.08195513269426025,-0.08129183995549764,-65.09597361807583
I3,14,N4,6.451834300136031e-05,6.472216532825065e-05,3.8033474930793124e-07,1.424320545603275e-07,-2.3790269474760376e-07,60.00000053268761,-1.4274161811584042e-05,3.9207510290119406e-06,-0.08195871547935266,-0.08128575847012234,-65.0959683992126
I3,15,N4,6.472216532825065e-05,6.492600273906107e-05,3.803481820926958e-07,1.4242970442011815e-07,-2.3791847767257765e-07,60.000000524343385,-1.4275108785105638e-05,3.920834148846105e-06,-0.08196288066406872,-0.08128235668354217,-65.09621938978025
I3,16,N4,6.492600273906107e-05,6.512987023339135e-05,3.803748542835369e-07,1.4242491364525825e-07,-2.3794994063827866e-07,60.00000056351207,-1.4276996572384382e-05,3.920998259465964e-06,-0.08197940454961641,-0.08128022617501048,-65.09672659722722
I3,17,N4,6.512987023339135e-05,6.533378267678797e-05,3.804146307923855e-07,1.4241768935943762e-07,-2.379969414329479e-07,60.00000062408265,-1.4279816634506637e-05,3.9212424011386735e-06,-0.08201079187860844,-0.08127851324182078,-65.09749002760263
I3,18,N4,6.533378267678797e-05,6.52317724751018e-05,1.7853565849522595e-07,2.5189592504329197e-07,7.336026654806603e-08,67.15000058171955,4.926141941377735e-06,3.2282368765388843e-06,-0.08157510583754034,-0.08170416195415339,-65.09850967049785
I3,19,N4,6.52317724751018e-05,6.51297999428751e-05,1.7854685980263467e-07,2.5187047984984603e-07,7.332362004721137e-08,67.14999997626069,4.923681084429591e-06,3.228130047393605e-06,-0.08158540655557849,-0.0817221102958203,-65.09940127672472
I3,20,N4,6.51297999428751e-05,6.50278594835357e-05,1.7855657086049863e-07,2.518489674462715e-07,7.329239658577289e-08,67.15000002971856,4.921584432912793e-06,3.228041537300776e-06,-0.08158496637871435,-0.08172768072740501,-65.10016478690929
I3,21,N4,6.50278594835357e-05,6.49259449924223e-05,1.7856458589155796e-07,2.5183168312339255e-07,7.326709723183458e-08,67.15000068336998,4.919885629186227e-06,3.227972017612129e-06,-0.08158894042338899,-0.08170947170283921,-65.10080017766606
I3,22,N4,6.49259449924223e-05,6.482405118377512e-05,1.7857122719844396e-07,2.518181427574096e-07,7.324691555896562e-08,67.15000068122936,4.918530429682491e-06,3.227920274668901e-06,-0.0815747883295818,-0.08168469417093548,-65.10130744420091
I3,23,N4,6.482405118377512e-05,6.472217574880517e-05,1.785791762482592e-07,2.5180790912628e-07,7.322873287802078e-08,67.15000065924075,4.91730946103446e-06,3.2279031403090438e-06,-0.081344989542292,-0.0816705021154079,-65.10168658826571
I3,24,N4,6.472217574880517e-05,6.462031121957676e-05,1.7858236060542864e-07,2.5180049115475345e-07,7.32181305493248e-08,67.1500006410499,4.9165975133236355e-06,3.2278713882013656e-06,-0.08134556033951072,-0.08168557772269387,-65.10193760668979
I3,1,N5,6.513750322286641e-05,6.514445261093331e-05,2.2429726294750594e-07,1.9000130764863746e-07,-3.429595529886848e-08,67.15000065163531,-2.302973420667474e-06,3.107239279471075e-06,-0.08070680141597686,-0.08059375652200967,-68.57713349049816
I3,2,N5,6.514445261093331e-05,6.515140205187732e-05,2.2429731622498807e-07,1.9000130483185986e-07,-3.4296011393128206e-08,67.15000061575847,-2.3029771861666184e-06,3.1072396579263595e-06,-0.08070457954724926,-0.08059358644038714,-68.57713504368304
I3,3,N5,6.515140205187732e-05,6.515835183715308e-05,2.2429750666704164e-07,1.9000114938285518e-07,-3.4296357284186465e-08,67.15000054943951,-2.303000410476895e-06,3.107239920374226e-06,-0.08070386704667074,-0.08059421698925595,-68.57717118020913
I3,4,N5,6.515835183715308e-05,6.516530227768691e-05,2.242978673000235e-07,1.900008520104123e-07,-3.4297015289611186e-08,67.15000045198933,-2.303044592199276e-06,3.1072403948282685e-06,-0.08070309414949589,-0.08059494621750403,-68.57724191627227
I3,5,N5,6.516530227768691e-05,6.517225368682633e-05,2.2429839846767747e-07,1.9000041074944584e-07,-3.429798771823162e-08,67.15000057497257,-2.3031098949996553e-06,3.107241069128425e-06,-0.08070197911156557,-0.08059616724258051,-68.57734726489464
I3,6,N5,6.517225368682633e-05,6.517920640449772e-05,2.242991144163888e-07,1.8999981320331154e-07,-3.429930121307727e-08,67.15000066015826,-2.3031980991011055e-06,3.1072419571477523e-06,-0.08070012096582962,-0.08059841198060101,-68.57748723822615
I3,7,N5,6.517920640449772e-05,6.518616079809897e-05,2.2430003071595176e-07,1.899990472993616e-07,-3.4300983416590155e-08,67.15000071415581,-2.3033110609202754e-06,3.10724308511485e-06,-0.08069677394691348,-0.08060247266401059,-68.57766184916915
I3,8,N5,6.518616079809897e-05,6.51931173005919e-05,2.2430118303779339e-07,1.8999808292128733e-07,-3.430310011650605e-08,67.15000074797955,-2.303453198481399e-06,3.1072444946931054e-06,-0.08069022874279401,-0.08061032548000045,-68.57787111289772
I3,9,N5,6.51931173005919e-05,6.520007649972024e-05,2.2430265454284805e-07,1.8999684805025026e-07,-3.430580649259778e-08,67.15000069237111,-2.3036349297302904e-06,3.1072462694482372e-06,-0.08067660039672013,-0.08062659584333995,-68.57811504835769
I3,10,N5,6.520007649972024e-05,6.567682874310271e-05,6.4534602849622e-07,1.1914497437544633e-07,-5.262010541207737e-07,60.00000071698861,-3.157206362452658e-05,5.733682521537498e-06,-0.08392362844021588,-0.08048812771540115,-68.578393680253
I3,11,N5,6.567682874310271e-05,6.551846857443577e-05,1.5922510512166237e-07,2.8772159556892276e-07,1.284964904472604e-07,74.0573263346025,9.516106525903894e-06,3.3521002551793883e-06,-0.08044941153627629,-0.08109606581308833,-68.57939174992788
I3,12,N5,6.551846857443577e-05,6.533246858781912e-05,1.5321811613959885e-07,3.083297661506225e-07,1.5511165001102362e-07,74.05733162522225,1.1487154903801785e-05,3.46160911717666e-06,-0.08045419641885908,-0.08108730660005574,-68.58005756313702
I3,13,N5,6.533246858781912e-05,6.514648062301967e-05,1.5322026883790208e-07,3.083203997000971e-07,1.5510013086219502e-07,74.05733241672927,1.1486301949139787e-05,3.461555014034994e-06,-0.08045729563619733,-0.08108387990344208,-68.58039108201778
I3,14,N5,6.514648062301967e-05,6.495615557085782e-05,1.523636641659409e-07,3.116294455446077e-07,1.592657813786668e-07,74.05733245552298,1.1794798920348569e-05,3.479948322829115e-06,-0.08045803135124403,-0.08108328134000581,-68.5803922971532
I3,15,N5,6.495615557085782e-05,6.477015520348183e-05,1.5321804341535453e-07,3.0833005882795814e-07,1.551120154126036e-07,74.05733217971822,1.1487182050476758e-05,3.4616107668248452e-06,-0.08046177017873754,-0.08107888095356575,-68.58006120993015
I3,16,N5,6.477015520348183e-05,6.461179475392085e-05,1.592249840643633e-07,2.87721752427927e-07,1.2849676836356371e-07,74.0573266874894,9.51612715298709e-06,3.352100523692177e-06,-0.0804628970230318,-0.08108851542155465,-68.57939783279036
I3,17,N5,6.461179475392085e-05,6.508882959665012e-05,6.456482878722915e-07,1.1914526961715033e-07,-5.265030182551411e-07,60.0000006647223,-3.159018144528677e-05,5.7359516811708145e-06,-0.0820765093927312,-0.08043816586316781,-68.57840220791566
I3,18,N5,6.508882959665012e-05,6.509578794687414e-05,2.2430219897233802e-07,1.8999724350118954e-07,-3.430495547114848e-08,67.15000070793063,-2.3035777841731494e-06,3.1072458185514566e-06,-0.08070204146731577,-0.08059651440800625,-68.57812645091526
I3,19,N5,6.509578794687414e-05,6.510274406729862e-05,2.2430097330499745e-07,1.8999825679131047e-07,-3.4302716513686984e-08,67.15000173051301,-2.303427473255378e-06,3.1072442257223094e-06,-0.08070361464027428,-0.08059497873829523,-68.57788539807278
I3,20,N5,6.510274406729862e-05,6.510969832805168e-05,2.2429995470079473e-07,1.8999910504868075e-07,-3.430084965211398e-08,67.15000176974742,-2.303302114843294e-06,3.107242948121066e-06,-0.08070424233795646,-0.08059418017930048,-68.57767901974105
I3,21,N5,6.510969832805168e-05,6.511665105814714e-05,2.242991166468679e-07,1.89999803528508e-07,-3.4299313118359916e-08,67.1500009207022,-2.3031989074773215e-06,3.1072419013153194e-06,-0.08070510983287076,-0.08059320031131097,-68.5775072927852
I3,22,N5,6.511665105814714e-05,6.512360259307362e-05,2.242984632699481e-07,1.9000034978575565e-07,-3.4298113484192455e-08,67.15000075499638,-2.303118346358475e-06,3.1072410979177784e-06,-0.08070458777533653,-0.08059362955731013,-68.57737019750067
I3,23,N5,6.512360259307362e-05,6.513055322943102e-05,2.2429796920999393e-07,1.9000075800246434e-07,-3.429721120752959e-08,67.15000070167946,-2.3030577566512604e-06,3.1072404540934367e-06,-0.08070438510133068,-0.08059404191386862,-68.57726771497116
I3,24,N5,6.513055322943102e-05,6.513750322286641e-05,2.2429761653676274e-07,1.9000105080186452e-07,-3.4296565734898216e-08,67.15000067377764,-2.3030144122066743e-06,3.1072400050397045e-06,-0.08070543477950318,-0.0805928822190405,-68.57719982412121
I3,1,N8,71.95856314715441,66.28120666250082,1.06407118572058e-07,5.314005762858619,5.3140056564515,67.15000064287642,356.83548324696716,39.85504401949303,-5.9290150150610986e-08,-7.044976122677046e-08,-55.83240093313594
I3,2,N8,66.28120666250082,60.862699726972956,1.0640711870380912e-07,5.071722584876928,5.071722478469809,67.15000060943785,340.5661675201473,38.037920184630345,-5.929015015061097e-08,-6.9913211605321e-08,-55.83240092267867
I3,3,N8,60.862699726972956,55.93229732853504,1.0640711898446732e-07,4.614856738160737,4.614856631753618,67.15000054482302,309.88762533653556,34.611426334258915,-5.9290150150610986e-08,-6.89140811750516e-08,-55.832400907052
I3,4,N8,55.93229732853504,51.60941055964871,1.0640711941802769e-07,4.046222108900464,4.046222002493344,67.15000044829314,271.70380928132164,30.346666614806878,-5.929015015061098e-08,-6.768457639768183e-08,-55.83240088624289
I3,5,N8,51.60941055964871,45.94948729602729,1.0640711862861802e-07,5.297688267972501,5.297688161565382,67.15000056954422,355.7397630663831,39.73266280784715,-5.929015015061098e-08,-7.056326259677454e-08,-55.832400860336364
I3,6,N8,45.94948729602729,38.576576106146604,1.0640711803500684e-07,6.901044966951177,6.901044860544059,67.15000064961933,463.4051668685857,51.75783805018721,-5.929015015061099e-08,-7.457902604332904e-08,-55.832400826822884
I3,7,N8,38.576576106146604,29.11555780182601,1.06407117602719e-07,8.855513226066925,8.855513119659808,67.1500006904029,594.647712099028,66.41634999355533,-5.9290150150611006e-08,-8.018284657221501e-08,-55.8324007809136
I3,8,N8,29.11555780182601,16.63108344218767,1.0640711722805268e-07,11.685468093844337,11.68546798743722,67.1500006984523,784.6791835181513,87.64101150188591,-5.929015015061103e-08,-8.98530429463218e-08,-55.832400711340725
I3,9,N8,16.63108344218767,7.434079910230555e-07,1.0640711694184393e-07,15.56669349928063,15.566693392873512,67.15000062698502,1045.30347109154,116.7502020426581,-5.929015015061103e-08,-1.0791526120354647e-07,-55.83240057292322
I3,10,N8,7.434079910230555e-07,7.051140904922155e-08,1.310495428994342e-07,7.446431810635314e-07,6.135936381640971e-07,60.000000657641486,3.681561869337046e-05,6.567695429722242e-06,-5.9290150195438776e-08,-5.929015134496498e-08,-52.32989674212766
I3,11,N8,7.051140904922155e-08,1.6894172420948064,1.8049330327937207,1.376963875811582e-07,-1.8049328950973331,2.6740075749103795e-05,-4.82640423369519e-05,13.536998778675812,-6.438234268202299e-08,-5.929015023512372e-08,-8.012848148854234
I3,12,N8,1.6894172420948064,36.89851505046455,37.61655762440466,1.198763410539364e-07,-37.61655750452832,3.990683794640385e-06,-0.00015011578644347933,282.12418308210755,-2.08750433345891e-05,-5.9290150235122766e-08,-8.012847084622145
I3,13,N8,36.89851505046455,72.10761285722421,37.61655762268439,1.1987626830649665e-07,-37.61655750280812,5.031489766383592e-07,-1.89267324121959e-05,282.12418306920495,-2.431829186128559e-05,-5.92901502351232e-08,-8.012847037342707
I3,14,N8,72.10761285722421,107.31671107968914,37.61655806420432,1.175899732426088e-07,-37.61655794661435,1.5949786296134292e-07,-5.99976060444651e-06,282.12418636345717,-2.4658025473909616e-05,-5.9290150235123136e-08,-8.012847033160265
I3,15,N8,107.31671107968914,142.52580888644835,37.6165576226839,1.198762741902763e-07,-37.61655750280762,1.3348151940004612e-06,-5.021115250073966e-05,282.1241830692013,-2.3511891920383818e-05,-5.92901502351233e-08,-8.012847064329321
I3,16,N8,142.52580888644835,154.7991847079181,13.11258116301416,1.3769637837814085e-07,-13.112581025317782,2.5072696570254717e-05,-0.0003287677653006722,98.34435975532905,-9.49896002368107e-08,-5.929015023512377e-08,-8.012847263791302
I3,17,N8,154.7991847079181,154.7991840350215,1.310495435050733e-07,7.446431630046935e-07,6.135936194996202e-07,60.00000060167885,3.6815617539163515e-05,6.567695298823251e-06,-5.929015019543871e-08,-5.9290158686869745e-08,-52.32989451611002
I3,18,N8,154.7991840350215,142.5681611359444,1.0640711730015826e-07,11.448237526759035,11.448237420351917,67.15000062929654,768.7491499809674,85.86178224874615,-5.9290150150611026e-08,-8.853402192553698e-08,-55.83240065447749
I3,19,N8,142.5681611359444,121.21003273524488,1.0640711640917094e-07,19.991208276277586,19.99120816987047,67.15000100727268,1342.4096487433997,149.93406287013528,-5.929015749251405e-08,-1.4462327217413927e-07,-55.83240085475789
I3,20,N8,121.21003273524488,99.54535586629383,1.0640711634823819e-07,20.27813764256104,20.27813753615392,67.150001070868,1361.6769572679443,152.08603311726117,-5.9290150150611066e-08,-1.4769211860501504e-07,-55.83240090958254
I3,21,N8,99.54535586629383,90.48114988608825,1.0640711757920254e-07,8.484096890695275,8.484096784288157,67.15000083216263,569.7071061250981,63.63072747826794,-5.929015015061102e-08,-7.888586641356149e-08,-55.83240092905096
I3,22,N8,90.48114988608825,83.7945695821703,1.0640711817208364e-07,6.258639257690041,6.258639151282924,67.15000072351589,420.2676235368732,46.93979523072869,-5.929015015061099e-08,-7.267267083577553e-08,-55.832400939659635
I3,23,N8,83.7945695821703,77.73971795053632,1.0640711840211486e-07,5.667341220432265,5.667341114025146,67.15000068385108,380.56195968240587,42.50505995129538,-5.9290150150610986e-08,-7.123250342728893e-08,-55.8324009443797
I3,24,N8,77.73971795053632,71.95856314715441,1.0640711851848522e-07,5.411160989188315,5.411160882781196,67.15000066178435,363.3594568597789,40.58370821696575,-5.929015015061098e-08,-7.063918097302388e-08,-55.83240094393578
I3,1,N9,17.415639116515074,16.015910741570995,1.0640712446228247e-07,1.3101458521705165,1.310145745763392,67.1500006309412,87.97628765463669,9.826094689332306,-1.5453792717380108e-07,-1.6936083066591816e-07,-55.83240222536823
I3,2,N9,16.015910741570995,14.634753447927434,1.0640712460578863e-07,1.292763320073228,1.2927632136661034,67.15000060000494,86.80905057334316,9.695725698602645,-1.5453792717380105e-07,-1.6915536467308343e-07,-55.83240222063363
I3,3,N9,14.634753447927434,13.275014375189077,1.0640712479446838e-07,1.272715865305957,1.272715758898832,67.15000053692374,85.46286389340789,9.545369787848113,-1.5453792717380103e-07,-1.6893480301449824e-07,-55.83240218835425
I3,4,N9,13.275014375189077,11.938976576362053,1.0640712502670937e-07,1.2505314729249501,1.250531366517825,67.15000044107526,83.9731818132504,9.378986844990564,-1.54537927173801e-07,-1.6870425262664362e-07,-55.83240212750083
I3,5,N9,11.938976576362053,10.442696095458727,1.0640712391966477e-07,1.4005186233483695,1.4005185169412455,67.15000056119685,94.04481919857122,10.503890473166202,-1.5453792717380116e-07,-1.7051258603474264e-07,-55.83240203575486
I3,6,N9,10.442696095458727,8.74869699425099,1.0640712286870822e-07,1.5855832519532984,1.5855831455461755,67.15000063670848,106.47190923297993,11.89187518770316,-1.5453792717380137e-07,-1.7281973170958527e-07,-55.83240190408896
I3,7,N9,8.74869699425099,6.782424567607087,1.0640712179758484e-07,1.8404310845615461,1.8404309781544244,67.15000066612387,123.58494140902461,13.803233932265009,-1.5453792717380153e-07,-1.7613581820185027e-07,-55.83240171570241
I3,8,N9,6.782424567607087,4.287151569971236,1.0640712039597138e-07,2.335575619010009,2.3355755126028885,67.15000067096678,156.83389723837755,17.51681794062847,-1.5453792717380182e-07,-1.8294402440980289e-07,-55.83240143266138
I3,9,N9,4.287151569971236,7.706388746944797e-07,1.0640711818364049e-07,4.012773241397942,4.012773134990824,67.15000061663015,269.45771848903075,30.095800108537947,-1.5453792717380222e-07,-2.1041709312340393e-07,-55.83240091750273
I3,10,N9,7.706388746944797e-07,1.2756762982054813e-07,1.319170329394915e-07,7.174866700921568e-07,5.855696371526653e-07,60.00000065817704,3.5134178614568414e-05,6.370527772737362e-06,-1.5453792743271647e-07,-1.545379792915249e-07,-52.41262684897025
I3,11,N9,1.2756762982054813e-07,2.7748402889744124e-06,2.9770928658261338e-06,1.3037194241079578e-07,-2.846720923415338e-06,16.670361251166206,-4.745586617458713e-05,2.330598606177697e-05,-1.5764095003326707e-07,-1.5453792743458495e-07,-25.82302627632577
I3,12,N9,2.7748402889744124e-06,0.607280003286266,0.648800600341659,1.2493149168383866e-07,-0.6488004754101673,16.67034480041013,-10.815727631757504,4.86600543954863,-1.7895643759335116e-07,-1.545379274345842e-07,-25.823016860181017
I3,13,N9,0.607280003286266,11.347832664237295,11.47494956669318,1.249314661303473e-07,-11.474949441761714,16.670342277336093,-191.2913348092945,86.06212268718484,-6.184145726594596e-07,-1.5453792743458466e-07,-25.82301575625085
I3,14,N9,11.347832664237295,26.175062157573702,15.841057291557513,1.2314149209643816e-07,-15.841057168416022,16.670342009099855,-264.075840783198,118.80793061024254,-8.097317710907792e-07,-1.5453792743458437e-07,-25.823015692279316
I3,15,N9,26.175062157573702,32.520783315331784,6.779616764136613,1.249314692006578e-07,-6.779616639205144,16.670342863307276,-113.01853385733273,50.847126668010624,-3.121484212150951e-07,-1.545379274345841e-07,-25.8230159339187
I3,16,N9,32.520783315331784,32.520785962601416,2.9770896444496643e-06,1.3037195250882983e-07,-2.8467176919408343e-06,16.67036003616989,-4.745580884598827e-05,2.3305961977188708e-05,-1.577040833265893e-07,-1.545379274345853e-07,-25.823025164184937
I3,17,N9,32.520785962601416,32.52078531953017,1.3191703281558813e-07,7.174866753375334e-07,5.855696425219452e-07,60.000000604929674,3.513417890554517e-05,6.370527811148412e-06,-1.5453792743271626e-07,-1.545379337077492e-07,-52.4126255426611
I3,18,N9,32.52078531953017,28.284476696916922,1.0640711822828198e-07,3.96518496398885,3.9651848575817317,67.15000060952613,266.26216560349707,29.73888802796976,-1.5453792717380224e-07,-2.0957245471293048e-07,-55.8324009186037
I3,19,N9,28.284476696916922,25.766602918508344,1.0640712033669624e-07,2.3567299498132814,2.356729843406161,67.15000068997871,158.25441061081713,17.675475421653015,-1.5453797275756394e-07,-1.8324314853064084e-07,-55.832401440880766
I3,20,N9,25.766602918508344,23.73300191187804,1.0640712154262597e-07,1.903450635428815,1.9034505290216934,67.15000072556018,127.81670440487461,14.275880563769524,-1.5453792717380158e-07,-1.7699748268086537e-07,-55.83240172551868
I3,21,N9,23.73300191187804,21.960224023856075,1.0640712247822327e-07,1.659320196411416,1.6593200900042935,67.15000072106392,111.42334524026415,12.444902271139037,-1.5453792717380142e-07,-1.7379029592544115e-07,-55.83240191226107
I3,22,N9,21.960224023856075,20.363464780170084,1.0640712330125799e-07,1.4945667453129443,1.494566638905821,67.15000068091909,100.36015082020484,11.209251387900508,-1.5453792717380126e-07,-1.7166096863312307e-07,-55.83240204035462
I3,23,N9,20.363464780170084,18.862000172393774,1.0640712382305966e-07,1.4053709661014802,1.4053708596943564,67.15000066126665,94.3706541578009,10.54028304381453,-1.5453792717380119e-07,-1.705402388849319e-07,-55.83240212676565
I3,24,N9,18.862000172393774,17.415639116515074,1.0640712415752433e-07,1.353794041525321,1.3537939351181967,67.1500006463567,90.9072636182207,10.153456109493339,-1.5453792717380113e-07,-1.6989860138047202e-07,-55.83240217945002
I4,1,N1,6.064212703135314e-05,6.054055186007781e-05,1.7846607125351233e-07,2.5142777147463177e-07,7.296170022111945e-08,67.15000055358081,4.899378210238368e-06,3.2242038204610806e-06,-0.09263894527876855,-0.09277762793246108,-65.1049592467097
I4,2,N1,6.054055186007781e-05,6.0438977233769546e-05,1.784662397413534e-07,2.5142740899697693e-07,7.296116925562352e-08,67.15000051069026,4.899342552775678e-06,3.2242023655374775e-06,-0.09262179056031875,-0.09279692413459482,-65.10495416764802
I4,3,N1,6.0438977233769546e-05,6.033739703975696e-05,1.784645435554535e-07,2.5143113434653696e-07,7.296659079108347e-08,67.15000043365418,4.899706603263522e-06,3.2242175842649284e-06,-0.0926063446712545,-0.09281456430837512,-65.10480399082992
I4,4,N1,6.033739703975696e-05,6.023580511865078e-05,1.7846096352143234e-07,2.514389744526632e-07,7.297801093123087e-08,67.15000032667186,4.900473457872015e-06,3.2242495348057167e-06,-0.09259401370740424,-0.09282954541865684,-65.10450871959877
I4,5,N1,6.023580511865078e-05,6.013419539849458e-05,1.7845554286503372e-07,2.514508853480834e-07,7.299534248304968e-08,67.15000045851002,4.901637281205882e-06,3.2242982115983785e-06,-0.09258133046045726,-0.09284388168643981,-65.10406834589448
I4,6,N1,6.013419539849458e-05,6.00325619145482e-05,1.7844829951710767e-07,2.514667823875531e-07,7.301848287044541e-08,67.1500005603144,4.903191165663716e-06,3.2243631142849557e-06,-0.09256725684401543,-0.0928605966186278,-65.10348285372784
I4,7,N1,6.00325619145482e-05,5.993089862109518e-05,1.784392229603807e-07,2.51486732150723e-07,7.304750919034228e-08,67.15000061768497,4.905140287251832e-06,3.2244446633332777e-06,-0.09255257433885354,-0.09287723033652052,-65.102752223714
I4,8,N1,5.993089862109518e-05,5.9829199386206085e-05,1.784283151422071e-07,2.515108170390216e-07,7.308250189681449e-08,67.1500006321611,4.907490048571007e-06,3.2245434913592153e-06,-0.09253712877556974,-0.09289076196464012,-65.10187643934563
I4,9,N1,5.9829199386206085e-05,5.972745834003127e-05,1.784155065865269e-07,2.515387308780502e-07,7.312322429152333e-08,67.15000058328138,4.910224553827207e-06,3.2246567809843282e-06,-0.09252605080742334,-0.09291300998230238,-65.10085549718643
I4,10,N1,5.972745834003127e-05,5.992875419742647e-05,3.774819943881394e-07,1.4229754283356523e-07,-2.3518445155457417e-07,60.00000065137121,-1.411106724646683e-05,3.898346529162785e-06,-0.13466635213717196,-0.09254171293810382,-65.09968942350419
I4,11,N1,5.992875419742647e-05,6.0132239677935166e-05,3.798306634873979e-07,1.4230571520250882e-07,-2.3752494828488908e-07,60.0000005828091,-1.4251497035525045e-05,3.916022840174301e-06,-0.09319314231500085,-0.09255806446907115,-65.09881101977378
I4,12,N1,6.0132239677935166e-05,6.033568932076294e-05,3.797987182349898e-07,1.4231127216400158e-07,-2.3748744607098823e-07,60.00000056635644,-1.4249246898761839e-05,3.915824927992435e-06,-0.09319301265183609,-0.09255929444530427,-65.09822302182452
I4,13,N1,6.033568932076294e-05,6.053912080532402e-05,3.797825599208285e-07,1.4231411206723099e-07,-2.3746844785359753e-07,60.00000055285245,-1.4248107002500864e-05,3.915725039910446e-06,-0.09319283834087574,-0.09255681812721082,-65.0979254436868
I4,14,N1,6.053912080532402e-05,6.07425514750223e-05,3.7978185249586015e-07,1.4231425500662159e-07,-2.3746759748923857e-07,60.00000052992788,-1.4248055975195014e-05,3.9157208062686136e-06,-0.0931983046807354,-0.09254837042928357,-65.0979182924694
I4,15,N1,6.07425514750223e-05,6.094599851201221e-05,3.797964464351125e-07,1.423117209134614e-07,-2.3748472552165108e-07,60.000000521433215,-1.424908365513149e-05,3.915811255114304e-06,-0.09321198147187018,-0.09253170376015746,-65.09820158211407
I4,16,N1,6.094599851201221e-05,6.114947897153783e-05,3.798262355409392e-07,1.423065355364975e-07,-2.375197000044417e-07,60.000000559187654,-1.4251182133084586e-05,3.9159957830807755e-06,-0.09323572869963606,-0.09250396817621799,-65.09877533726026
I4,17,N1,6.114947897153783e-05,6.135294354944317e-05,3.798003584833345e-07,1.4229872994640986e-07,-2.3750162853692463e-07,60.00000060948042,-1.425009785696807e-05,3.915743163223083e-06,-0.09448825658931516,-0.09246159404575209,-65.09963958853874
I4,18,N1,6.135294354944317e-05,6.125119464987231e-05,1.7841323961875822e-07,2.515440955753708e-07,7.313085595661259e-08,67.15000053683316,4.910737016745604e-06,3.2246800139559678e-06,-0.09263537121967498,-0.09277377933412594,-65.10079429701179
I4,19,N1,6.125119464987231e-05,6.115025073220267e-05,1.784256703924563e-07,2.508015230669175e-07,7.237585267446121e-08,67.14999992612637,4.860038501743403e-06,3.2192039509453038e-06,-0.0926642506401625,-0.12014769115774326,-65.10180402863456
I4,20,N1,6.115025073220267e-05,6.104857841935002e-05,1.7843644411953664e-07,2.514927397774312e-07,7.305629565789457e-08,67.14999997307216,4.905730251460372e-06,3.224468879227259e-06,-0.09267986828431464,-0.09273585570264285,-65.1026692636055
I4,21,N1,6.104857841935002e-05,6.094693549492445e-05,1.7844544214648114e-07,2.514731153450942e-07,7.302767319861304e-08,67.15000062284078,4.903808300771479e-06,3.2243891811868153e-06,-0.09269005324451232,-0.09271836915672042,-65.10338944705796
I4,22,N1,6.094693549492445e-05,6.084531651724657e-05,1.7845271912591992e-07,2.5145707652183644e-07,7.300435739591652e-08,67.15000061628439,4.90224264412724e-06,3.2243234673581724e-06,-0.092691921482346,-0.09271811733482463,-65.10396454560639
I4,23,N1,6.084531651724657e-05,6.074371564161662e-05,1.7845824601057871e-07,2.5144497508651375e-07,7.298672907593503e-08,67.15000058922878,4.901058900454919e-06,3.2242741582281935e-06,-0.0926870438748892,-0.09272213618086456,-65.10439454563694
I4,24,N1,6.074371564161662e-05,6.064212703135314e-05,1.784620192669102e-07,2.514368004382783e-07,7.297478117136811e-08,67.15000056821334,4.900256597122613e-06,3.224241147788914e-06,-0.0926756552032035,-0.09273078815593133,-65.10467943850185
I4,1,N3,33.16478647511995,30.475959054671684,1.0640712091454726e-07,2.5167425587624344,2.5167424523553135,67.15000062883003,168.99925725826253,18.875569988771666,-7.62775668453628e-08,-8.410711985734172e-08,-55.832401410302985
I4,2,N3,30.475959054671684,27.855223645973854,1.0640712105826015e-07,2.453008435764024,2.453008329356903,67.15000059870516,164.7195107849448,18.397564066283586,-7.62775668453628e-08,-8.39001039823884e-08,-55.83240140646777
I4,3,N3,27.855223645973854,25.343948748928405,1.0640712131333359e-07,2.3505533968573946,2.3505532904502733,67.1500005361712,157.83965471403485,17.62915127448387,-7.627756684536279e-08,-8.35792366250175e-08,-55.832401388403866
I4,4,N3,25.343948748928405,22.974193849913647,1.0640712168230809e-07,2.218090678700668,2.218090572293546,67.15000044058958,148.9447829067792,16.63568088830842,-7.627756684536277e-08,-8.317037885810607e-08,-55.832401355923295
I4,5,N3,22.974193849913647,20.18697015406543,1.064071207930173e-07,2.60884147253678,2.608841366129659,67.15000056029385,175.18369919732436,19.566311842079255,-7.62775668453628e-08,-8.444999885477007e-08,-55.832401308496486
I4,6,N3,20.18697015406543,16.915239240399323,1.0640712006199895e-07,3.0623402284143286,3.0623401220072086,67.15000063429326,205.63614113520578,22.967552511160864,-7.627756684536284e-08,-8.599200041693764e-08,-55.83240124098865
I4,7,N3,16.915239240399323,13.063424807559576,1.0640711945203813e-07,3.605298402360857,3.6052982959537374,67.15000066059261,242.09578295492688,27.039738815759826,-7.627756684536287e-08,-8.793797640828451e-08,-55.83240114408791
I4,8,N3,13.063424807559576,8.145358986585086,1.0640711871829016e-07,4.6033097016549736,4.603309595247855,67.150000664533,309.1122423799446,34.52482356046569,-7.627756684536292e-08,-9.173727563121233e-08,-55.8324009973747
I4,9,N3,8.145358986585086,7.706389102688669e-07,1.0640711766837245e-07,7.624055383348468,7.62405527694135,67.15000061472543,511.9553165333123,57.18041617316689,-7.627756684536297e-08,-1.0546443224500627e-07,-55.83240072594155
I4,10,N3,7.706389102688669e-07,1.2756763045873507e-07,1.319170329825228e-07,7.174867028301396e-07,5.855696698476168e-07,60.00000065817704,3.513418057626552e-05,6.370528018594968e-06,-7.627756691655305e-08,-7.627756864191226e-08,-52.41262677758969
I4,11,N3,1.2756763045873507e-07,2.7748404550539844e-06,2.97709304351463e-06,1.3037194322984e-07,-2.84672110028479e-06,16.670361251185454,-4.745586912311958e-05,2.3305987400583522e-05,-7.712751196116237e-08,-7.627756691706663e-08,-25.823026238289057
I4,12,N3,2.7748404550539844e-06,0.6185649734411598,0.6608571923873091,1.2493149231072078e-07,-0.6608570674558168,16.67034480055757,-11.016715178373799,4.956429879891011,-8.293458627647163e-08,-7.627756691706657e-08,-25.823016831221945
I4,13,N3,0.6185649734411598,24.00773487767301,24.98842952746329,1.2493146647611141e-07,-24.98842940253182,16.670342278559104,-416.5656711438156,187.41322239296068,-4.85422208920885e-07,-7.627756691706657e-08,-25.823015741998006
I4,14,N3,24.00773487767301,52.2844092169275,30.21012229788025,1.2314149195623835e-07,-30.210122174738757,16.67034201041368,-503.6130688292774,226.57591815766307,-7.182355316950497e-07,-7.627756691706647e-08,-25.8230157112993
I4,15,N3,52.2844092169275,62.4144964099077,10.822742870143149,1.249314698233513e-07,-10.822742745211679,16.670342863978235,-180.41883229131173,81.17057246305964,-1.3588156989602462e-07,-7.627756691706657e-08,-25.823015880015355
I4,16,N3,62.4144964099077,62.414499057177494,2.977089823935025e-06,1.3037195332304615e-07,-2.8467178706119788e-06,16.67036003618942,-4.745581182455618e-05,2.3305963329435537e-05,-7.714356262373695e-08,-7.627756691706673e-08,-25.82302511365622
I4,17,N3,62.414499057177494,62.41449841410621,1.3191703287605665e-07,7.174867075525064e-07,5.855696746764498e-07,60.000000604929674,3.513418083481546e-05,6.370528053214223e-06,-7.627756691655298e-08,-7.627758298662947e-08,-52.41262547750917
I4,18,N3,62.41449841410621,54.47823147314062,1.0640711771891231e-07,7.428345949966644,7.428345843559526,67.15000060779339,498.8134279099217,55.71259542280322,-7.627756684536296e-08,-1.045077308063818e-07,-55.83240072843859
I4,19,N3,54.47823147314062,49.52413198455411,1.0640711868880458e-07,4.63703721453982,4.637037108132701,67.1500006802194,311.37704496531353,34.77777990710204,-7.62775668453629e-08,-9.186855479794674e-08,-55.83240100813947
I4,20,N3,49.52413198455411,45.476644508560234,1.0640711925745233e-07,3.788448370753122,3.7884482643460027,67.1500007118251,254.39430364754665,28.413363578701805,-7.627756684536288e-08,-8.863680118533518e-08,-55.8324011576016
I4,21,N3,45.476644508560234,41.96920335121502,1.0640711975135542e-07,3.282965016497972,3.2829649100908522,67.15000070778638,220.45109603623857,24.622238421788186,-7.627756684536285e-08,-8.679704579854458e-08,-55.83240125413745
I4,22,N3,41.96920335121502,38.86049148917643,1.064071202426531e-07,2.9097543960909755,2.909754289683855,67.15000067283306,195.39000251004975,21.82315876873572,-7.627756684536283e-08,-8.545549241761585e-08,-55.83240131949175
I4,23,N3,38.86049148917643,35.95326604459007,1.06407120538814e-07,2.721163109355685,2.7211630029485647,67.15000065654904,182.72609743457306,20.40872411822104,-7.627756684536281e-08,-8.480166355623792e-08,-55.83240136309156
I4,24,N3,35.95326604459007,33.16478647511995,1.0640712073496083e-07,2.6100169702468814,2.6100168638397605,67.15000064332465,175.26263408592808,19.575128074905017,-7.62775668453628e-08,-8.442232089461711e-08,-55.83240138913821
I4,1,N4,6.07025406095696e-05,6.060096573514348e-05,1.784698927637651e-07,2.5143084163360193e-07,7.296094886983683e-08,67.15000062359276,4.899327762107463e-06,3.2242555079802524e-06,-0.09238877796917618,-0.0926249434576933,-65.10499189099049
I4,2,N4,6.060096573514348e-05,6.0499390709913714e-05,1.7846984216590476e-07,2.514309384572469e-07,7.296109629134214e-08,67.15000058987917,4.899337659001855e-06,3.224255854673637e-06,-0.09238777072284017,-0.09262664463643,-65.10498685261008
I4,3,N4,6.0499390709913714e-05,6.039780948117338e-05,1.784679512037863e-07,2.5143508827878676e-07,7.296713707500047e-08,67.15000052463098,4.899743292867102e-06,3.224272796119298e-06,-0.09238694586562543,-0.09262772111250003,-65.10483700495377
I4,4,N4,6.039780948117338e-05,6.0296216008585246e-05,1.7846422059740906e-07,2.514432801510021e-07,7.297905955359306e-08,67.15000042756697,4.900543880227209e-06,3.2243062556130843e-06,-0.09238625034732266,-0.09262861550418978,-65.10454235057368
I4,5,N4,6.0296216008585246e-05,6.0194604243888276e-05,1.7845864769270393e-07,2.514555191653546e-07,7.299687147265067e-08,67.15000054948682,4.901739959499311e-06,3.2243562514354387e-06,-0.09238561004763812,-0.09262945034911865,-65.10410288061487
I4,6,N4,6.0194604243888276e-05,6.009296816549272e-05,1.7845123867049842e-07,2.514717857725072e-07,7.302054710200879e-08,67.15000063032636,4.903329783926665e-06,3.2244226833225423e-06,-0.09238484255821564,-0.09263077194660181,-65.10351857841826
I4,7,N4,6.009296816549272e-05,5.999130171220846e-05,1.784419863594526e-07,2.514921107556326e-07,7.305012439618e-08,67.15000066781928,4.9053159019877694e-06,3.2245057283631394e-06,-0.09238447131912689,-0.0926315029988523,-65.10278942391847
I4,8,N4,5.999130171220846e-05,5.988959883266541e-05,1.7843089227155775e-07,2.5151648624784325e-07,7.308559397628549e-08,67.15000067084033,4.907697684536335e-06,3.2246053388955075e-06,-0.09238436718581892,-0.09263208066757479,-65.10191539995097
I4,9,N4,5.988959883266541e-05,5.978785349830895e-05,1.7841795326916668e-07,2.5154488814494733e-07,7.312693487578065e-08,67.15000061449767,4.910473721845002e-06,3.224721310605855e-06,-0.09238478323815776,-0.09263354523139664,-65.10089650244772
I4,10,N4,5.978785349830895e-05,5.9989083306811344e-05,3.774138551272777e-07,1.4229966806334645e-07,-2.3511418706393125e-07,60.000000669256806,-1.4106851381187645e-05,3.897851423929681e-06,-0.1358947224026986,-0.09225553364864979,-65.0997327568836
I4,11,N4,5.9989083306811344e-05,6.0192575814192764e-05,3.7984062705128424e-07,1.423078670881105e-07,-2.3753275996317372e-07,60.00000058849847,-1.425196573757809e-05,3.91611370604546e-06,-0.09306438825319781,-0.09226712326515477,-65.0988560171936
I4,12,N4,6.0192575814192764e-05,6.0396032541003186e-05,3.798087400029724e-07,1.4231342158708725e-07,-2.3749531841588514e-07,60.00000057013955,-1.4249719240358583e-05,3.9159162119254476e-06,-0.0930642542263362,-0.09226747932134016,-65.0982691148872
I4,13,N4,6.0396032541003186e-05,6.0599471153715686e-05,3.797925994181428e-07,1.4231623568093092e-07,-2.3747636373721186e-07,60.00000055603241,-1.4248581956277267e-05,3.915816263243052e-06,-0.09306425291774258,-0.09226735696119917,-65.09797206444729
I4,14,N4,6.0599471153715686e-05,6.080290932725783e-05,3.797922090233815e-07,1.4231630472109893e-07,-2.3747590430228258e-07,60.00000053268761,-1.4248554384637426e-05,3.915813853083603e-06,-0.09306422721756526,-0.09226727622751923,-65.09796487348959
I4,15,N4,6.080290932725783e-05,6.100636473021514e-05,3.798075628068487e-07,1.4231362937679246e-07,-2.3749393343005625e-07,60.000000524343385,-1.4249636130331748e-05,3.9159089413773085e-06,-0.09306428074040149,-0.09226715889892466,-65.09824755676902
I4,16,N4,6.100636473021514e-05,6.120985504646981e-05,3.798386765185615e-07,1.423082091288303e-07,-2.3753046738973122e-07,60.00000056351207,-1.4251828177235159e-05,3.916101642355438e-06,-0.09306418103986823,-0.0922671162232551,-65.09882014017063
I4,17,N4,6.120985504646981e-05,6.141333051072021e-05,3.798135333242144e-07,1.423000827528358e-07,-2.3751345057137863e-07,60.00000062408265,-1.4250807182510741e-05,3.915852120577877e-06,-0.0943024177818424,-0.0922627212299332,-65.09968265616415
I4,18,N4,6.141333051072021e-05,6.131158250167165e-05,1.7841716597260245e-07,2.515467019093833e-07,7.312953593678085e-08,67.15000058171955,4.910648380695715e-06,3.2247290091148936e-06,-0.09238494184681512,-0.0926302291471448,-65.10083506754854
I4,19,N4,6.131158250167165e-05,6.121065032753543e-05,1.784299713789209e-07,2.507942991966906e-07,7.23643278177697e-08,67.14999997626069,4.859264611245356e-06,3.2191820293170863e-06,-0.09238440464103324,-0.12038346971491318,-65.10184279223002
I4,20,N4,6.121065032753543e-05,6.110898131051117e-05,1.784409490359598e-07,2.5149360162131844e-07,7.305265258535863e-08,67.15000002971856,4.905485623277851e-06,3.224509129929587e-06,-0.09238344944665054,-0.09266290036370799,-65.102706318305
I4,21,N4,6.110898131051117e-05,6.1007341290563194e-05,1.7845004450358199e-07,2.5147442886071347e-07,7.302438435713148e-08,67.15000068336998,4.903587459484051e-06,3.224433550232216e-06,-0.09238517019276252,-0.09262966289529266,-65.10342508529902
I4,22,N4,6.1007341290563194e-05,6.090572516020074e-05,1.7845731993257124e-07,2.514584421829006e-07,7.300112225032934e-08,67.15000068122936,4.9020254088401225e-06,3.2243682158660387e-06,-0.09238612505460801,-0.09262861398468424,-65.10399905975963
I4,23,N4,6.090572516020074e-05,6.080412692313763e-05,1.7846276683998362e-07,2.5144646606851325e-07,7.298369922852963e-08,67.15000065924075,4.9008554513095925e-06,3.2243192468137267e-06,-0.09238637008015053,-0.09262872833342528,-65.10442822785747
I4,24,N4,6.080412692313763e-05,6.07025406095696e-05,1.7846638464010568e-07,2.514384752173391e-07,7.29720905772334e-08,67.1500006410499,4.900075929039974e-06,3.2242864489308356e-06,-0.09238592508214585,-0.09263092742702471,-65.10471258051712
I4,1,N5,6.358344727194285e-05,6.359052082858017e-05,2.2427035564527187e-07,1.8986151248687222e-07,-3.440884315839965e-08,67.15000065163531,-2.3105538405085537e-06,3.105989010991081e-06,-0.08568194437404597,-0.08551349133313135,-68.58109785401909
I4,2,N5,6.359052082858017e-05,6.359759442276613e-05,2.2427037867215236e-07,1.8986149751509795e-07,-3.4408881157054406e-08,67.15000061575847,-2.3105563908837636e-06,3.105989071404377e-06,-0.0856819542123693,-0.08551321370705149,-68.58110068004844
I4,3,N5,6.359759442276613e-05,6.360466838717512e-05,2.2427058241115604e-07,1.8986132948126417e-07,-3.440925292989187e-08,67.15000054943951,-2.3105813531480423e-06,3.1059893391931514e-06,-0.0856819434504121,-0.08551315692365728,-68.581139936345
I4,4,N5,6.360466838717512e-05,6.361174305240644e-05,2.2427096678873614e-07,1.8986101026323644e-07,-3.440995652549969e-08,67.15000045198933,-2.3106285962402375e-06,3.1059898278897946e-06,-0.08568191892451386,-0.08551319465477035,-68.58121564090446
I4,5,N5,6.361174305240644e-05,6.361881873844808e-05,2.2427152602265436e-07,1.8986054472737138e-07,-3.441098129528298e-08,67.15000057497257,-2.3106974137636222e-06,3.105990530625193e-06,-0.08568189092620666,-0.08551327348623643,-68.58132780747451
I4,6,N5,6.361881873844808e-05,6.362589577484814e-05,2.2427226588145358e-07,1.898599289792101e-07,-3.4412336902243486e-08,67.15000066015826,-2.3107884457032384e-06,3.1059914614549776e-06,-0.0856818622353155,-0.08551337073969724,-68.58147644804625
I4,7,N5,6.362589577484814e-05,6.363297448941049e-05,2.2427318557380015e-07,1.898591639581143e-07,-3.441402161568586e-08,67.15000071415581,-2.3109015760702787e-06,3.1059926214893587e-06,-0.08568186614326995,-0.08551342944671216,-68.58166157440087
I4,8,N5,6.363297448941049e-05,6.364005520828981e-05,2.2427428403952027e-07,1.8985825027883765e-07,-3.441603376068262e-08,67.15000074797955,-2.3110366927723273e-06,3.1059940073876844e-06,-0.08568194213312728,-0.08551342049799446,-68.58188319929802
I4,9,N5,6.364005520828981e-05,6.36471382570182e-05,2.2427556038826276e-07,1.898571877441422e-07,-3.441837264412055e-08,67.15000069237111,-2.311193746882982e-06,3.1059956109930372e-06,-0.08568220682742848,-0.08551328277470205,-68.58214133735814
I4,10,N5,6.36471382570182e-05,6.411855384869083e-05,6.395783476876084e-07,1.1908703829016063e-07,-5.204913093974478e-07,60.00000071698861,-3.122947893703321e-05,5.689990394833268e-06,-0.12339112412771554,-0.08532156599246575,-68.58243600609401
I4,11,N5,6.411855384869083e-05,6.396134915021282e-05,1.5921166326396168e-07,2.8662829911431053e-07,1.2741663585034885e-07,74.0573263346025,9.436135381626497e-06,3.3437997178370416e-06,-0.08541253170608647,-0.1093428492370969,-68.58347674373726
I4,12,N5,6.396134915021282e-05,6.377571802498286e-05,1.5320542091087047e-07,3.079733896535718e-07,1.5476796874270135e-07,74.05733162522225,1.1461702786140265e-05,3.458841079233317e-06,-0.08545611839988247,-0.08601069858467875,-68.58417070855367
I4,13,N5,6.377571802498286e-05,6.359010151139729e-05,1.532080871819859e-07,3.079620490638829e-07,1.5475396188189698e-07,74.05733241672927,1.1460665597893494e-05,3.4587760218440158e-06,-0.08541695082722663,-0.08604975856554496,-68.58451669919586
I4,14,N5,6.359010151139729e-05,6.3400155888684e-05,1.5235158464694101e-07,3.1126371676249485e-07,1.5891213211555384e-07,74.05733245552298,1.1768608599297562e-05,3.477114760570769e-06,-0.08541842481458349,-0.08604776640682905,-68.58451470738711
I4,15,N5,6.3400155888684e-05,6.32145265295752e-05,1.532057828043236e-07,3.0797205361758195e-07,1.5476627081325835e-07,74.05733217971822,1.1461577127833702e-05,3.458833773164291e-06,-0.08541473650463252,-0.08605182404931801,-68.58416474729044
I4,16,N5,6.32145265295752e-05,6.305764884825182e-05,1.5921159381511004e-07,2.863221502137264e-07,1.271105563986164e-07,74.0573266874894,9.413468000640878e-06,3.3415030802162736e-06,-0.08541063136163886,-0.11852410623072426,-68.58346685980342
I4,17,N5,6.305764884825182e-05,6.35343379512743e-05,6.452124732272988e-07,1.1908706651550249e-07,-5.261254067117963e-07,60.0000006647223,-3.1567524752435065e-05,5.732246548071009e-06,-0.08847602921841428,-0.08533010280798148,-68.58242286222938
I4,18,N5,6.35343379512743e-05,6.354142061052245e-05,2.2427535406203175e-07,1.8985737153605782e-07,-3.441798252597392e-08,67.15000070793063,-2.311167550984693e-06,3.1059954419856714e-06,-0.08568319063184342,-0.08551134904687405,-68.58213384904926
I4,19,N5,6.354142061052245e-05,6.354806717766429e-05,2.2381019934879263e-07,1.898580335639243e-07,-3.395216578486833e-08,67.15000173051301,-2.2798879912085727e-06,3.102511746845377e-06,-0.1078348618244465,-0.08553559382867312,-68.5818813936226
I4,20,N5,6.354806717766429e-05,6.355514565365652e-05,2.242730361764815e-07,1.8985925637334002e-07,-3.441377980314147e-08,67.15000176974742,-2.3108853746846477e-06,3.105992194123661e-06,-0.08568388691224439,-0.0855130603811563,-68.58166528237348
I4,21,N5,6.355514565365652e-05,6.356222259610085e-05,2.2427221583735808e-07,1.898599730783431e-07,-3.441224275901498e-08,67.1500009207022,-2.3107821329512836e-06,3.1059914168677588e-06,-0.08568198347086149,-0.08551303171920357,-68.58148562813484
I4,22,N5,6.356222259610085e-05,6.356929830220005e-05,2.2427153553364017e-07,1.8986053428603616e-07,-3.4411001247604016e-08,67.15000075499638,-2.3106987597567913e-06,3.1059905236475724e-06,-0.08568135781796266,-0.08551402152534357,-68.58134242862964
I4,23,N5,6.356929830220005e-05,6.357637308343303e-05,2.2427102489818544e-07,1.8986095259512923e-07,-3.441007230305621e-08,67.15000070167946,-2.3106363792950655e-06,3.10598983119986e-06,-0.08568110092855671,-0.08551470450009743,-68.5812356750304
I4,24,N5,6.357637308343303e-05,6.358344727194285e-05,2.2427069719966663e-07,1.898612202886448e-07,-3.440947691102182e-08,67.15000067377764,-2.3105963977594513e-06,3.105989381162336e-06,-0.08568066035485843,-0.08551550560293562,-68.58116535142153
I4,1,N8,58.71697660021629,54.01900553502574,1.0640711880798786e-07,4.397301010241205,4.397300903834086,67.15000064287642,295.27875851937995,32.97975837486243,-8.054924599353206e-08,-9.660835422765893e-08,-55.83240100374675
I4,2,N8,54.01900553502574,49.50052866356259,1.0640711894085729e-07,4.22929444491236,4.229294338505241,67.15000060943785,283.997117408119,31.71970913489609,-8.054924599353205e-08,-9.594799148356134e-08,-55.8324009935601
I4,3,N8,49.50052866356259,45.31586041225574,1.0640711921472095e-07,3.916849576446065,3.916849470038946,67.15000054482302,263.016444047105,29.376372621398883,-8.054924599353204e-08,-9.474125961738834e-08,-55.8324009765868
I4,4,N8,45.31586041225574,41.558881616053654,1.0640711963326327e-07,3.516532246468004,3.5165321400608844,67.15000044829314,236.13513478152564,26.373992646563426,-8.054924599353202e-08,-9.321663174578632e-08,-55.832400952746504
I4,5,N8,41.558881616053654,36.79706141150286,1.0640711882008549e-07,4.457063804682392,4.457063698275273,67.15000056954422,299.29182987767945,33.42797933317133,-8.054924599353205e-08,-9.704647063888948e-08,-55.83240092200654
I4,6,N8,36.79706141150286,30.793689080698783,1.0640711819096445e-07,5.619156594855465,5.619156488448347,67.15000064961933,377.32636184961916,42.14367525946937,-8.054924599353208e-08,-1.0220873767330625e-07,-55.8324008812517
I4,7,N8,30.793689080698783,23.27829535916716,1.0640711770621518e-07,7.03440861657645,7.0344085101693326,67.1500006904029,472.36053631444673,52.75806542237676,-8.054924599353212e-08,-1.093751736179243e-07,-55.832400824629254
I4,8,N8,23.27829535916716,13.491699265145996,1.0640711725047399e-07,9.16025403722666,9.160253930819541,67.1500006984523,615.1110578525327,68.70190607725333,-8.054924599353214e-08,-1.221447885155051e-07,-55.832400738478924
I4,9,N8,13.491699265145996,7.434079887861666e-07,1.0640711681239747e-07,12.628229909569624,12.628229803162508,67.15000062698502,847.9856392000734,94.71172511982556,-8.054924599353216e-08,-1.510252317456201e-07,-55.832400568946554
I4,10,N8,7.434079887861666e-07,7.051140917669926e-08,1.3104954266891508e-07,7.446431786485272e-07,6.135936359796122e-07,60.000000657641486,3.681561856230136e-05,6.567695409880817e-06,-8.054924607008713e-08,-8.05492480332013e-08,-52.329896732152434
I4,11,N8,7.051140917669926e-08,1.7124666338476866,1.8295584513331218,1.3769638698911776e-07,-1.8295583136367348,2.6740075749103795e-05,-4.892252789404889e-05,13.721689417721315,-8.96082596153356e-08,-8.054924613785948e-08,-8.012848193430612
I4,12,N8,1.7124666338476866,28.655193812768147,28.784965071574224,1.1987634041987285e-07,-28.784964951697884,3.990683794640385e-06,-0.0001148716931620322,215.88723893587922,-2.0959161891084028e-05,-8.054924613785788e-08,-8.012847151606548
I4,13,N8,28.655193812768147,55.59792097490418,28.784965053642054,1.1987626777176814e-07,-28.784964933765785,5.031489766383592e-07,-1.448312564899531e-05,215.8872388013874,-2.438975284616681e-05,-8.05492461378586e-08,-8.012847090828297
I4,14,N8,55.59792097490418,82.54064855405116,28.78496549655694,1.1758997274474307e-07,-28.784965378966966,1.5949786296134292e-07,-4.591140463361474e-06,215.88724210610184,-2.472721840775729e-05,-8.054924613785851e-08,-8.012847084224738
I4,15,N8,82.54064855405116,109.48337571619165,28.784965053646822,1.1987627364226463e-07,-28.78496493377055,1.3348151940004612e-06,-3.8422608552367406e-05,215.8872388014232,-2.3585751934423206e-05,-8.054924613785878e-08,-8.012847120372923
I4,16,N8,109.48337571619165,121.54056656123117,12.88161430785369,1.376963776847324e-07,-12.881614170157313,2.5072696570254717e-05,-0.0003229768034234478,96.6121083416255,-1.5044932945748686e-07,-8.054924613785958e-08,-8.012847318694748
I4,17,N8,121.54056656123117,121.54056588833461,1.3104954306170151e-07,7.446431675442713e-07,6.135936244825698e-07,60.00000060167885,3.68156178381405e-05,6.5676953295447965e-06,-8.054924607008703e-08,-8.05492605714117e-08,-52.3298945028878
I4,18,N8,121.54056588833461,110.88348010959008,1.0640711716531437e-07,9.975032382127727,9.97503227572061,67.15000062929654,669.8234235918923,74.81274366401134,-8.054924599353214e-08,-1.2711199783038043e-07,-55.83240064941768
I4,19,N8,110.88348010959008,95.72773260707953,1.0640711640205734e-07,14.185779755572733,14.185779649165617,67.15000100727268,952.5751177304195,106.39334896484887,-8.054924599353218e-08,-1.7460273357221015e-07,-55.83240087552949
I4,20,N8,95.72773260707953,81.18800064681568,1.064071164270259e-07,13.60918920802981,13.609189101622693,67.150001070868,913.857062747609,102.06891985827694,-8.05492459935322e-08,-1.676714315825848e-07,-55.83240094803409
I4,21,N8,81.18800064681568,74.03986234691405,1.0640711771394758e-07,6.690657541930783,6.690657435523665,67.15000083216263,449.2776523631292,50.17993236253425,-8.05492459935321e-08,-1.0738957986226875e-07,-55.832400978870275
I4,22,N8,74.03986234691405,68.53619480316267,1.0640711834551762e-07,5.151432914174144,5.1514328077670255,67.15000072351589,345.91871676869926,38.63574765435947,-8.054924599353208e-08,-9.978331619611499e-08,-55.83240099736909
I4,23,N8,68.53619480316267,63.51695473840281,1.0640711860251236e-07,4.698008793838086,4.698008687430967,67.15000068385108,315.47128657372775,35.235066751839035,-8.054924599353206e-08,-9.781333666680577e-08,-55.83240100761617
I4,24,N8,63.51695473840281,58.71697660021629,1.0640711873634755e-07,4.492779630565433,4.492779524158315,67.15000066178435,301.690148020482,33.69584802729414,-8.054924599353205e-08,-9.696344199979517e-08,-55.83240101077413
I4,1,N9,28.85511092885854,26.52367835499194,1.064071215317346e-07,2.18222098236199,2.1822208759548687,67.1500006309412,146.53613319722248,16.366658165768335,-8.668406188034063e-08,-9.518865341293247e-08,-55.83240155056346
I4,2,N9,26.52367835499194,24.24448292912165,1.0640712167805343e-07,2.1333270118374466,2.1333269054303248,67.15000060000494,143.252902979653,15.999953386834262,-8.668406188034062e-08,-9.4989980023865e-08,-55.832401546401535
I4,3,N9,24.24448292912165,22.044938610303415,1.0640712192390907e-07,2.058773575636722,2.0587734692296,67.15000053692374,138.246639564172,15.440802615328828,-8.66840618803406e-08,-9.469906080745341e-08,-55.83240152586534
I4,4,N9,22.044938610303415,19.94720603422443,1.0640712227111985e-07,1.9634777844327855,1.9634776780256633,67.15000044107526,131.84752694546472,14.726084181299308,-8.668406188034059e-08,-9.433369869252017e-08,-55.83240148863239
I4,5,N9,19.94720603422443,17.511498350472994,1.064071213441451e-07,2.279822485214198,2.2798223788070766,67.15000056119685,153.09007401632434,17.098669437159895,-8.668406188034065e-08,-9.563195874963571e-08,-55.83240143389788
I4,6,N9,17.511498350472994,14.677663491140168,1.0640712055427847e-07,2.6524695215583782,2.652469415151258,67.15000063670848,178.11332291625675,19.89352220974124,-8.668406188034068e-08,-9.721762180651173e-08,-55.832401355895115
I4,7,N9,14.677663491140168,11.34515915844338,1.0640711985578841e-07,3.119224148627047,3.119224042219927,67.15000066612387,209.4558965128577,23.394181912756252,-8.668406188034072e-08,-9.930503061173498e-08,-55.832401244093575
I4,8,N9,11.34515915844338,7.090462782573334,1.0640711900913028e-07,3.982395901037214,3.982395794630095,67.15000067096678,267.4178802814661,29.867970055832497,-8.668406188034079e-08,-1.0339559126043482e-07,-55.83240107510647
I4,9,N9,7.090462782573334,7.706389039169633e-07,1.0640711778621717e-07,6.636672536393476,6.636672429986358,67.15000061663015,445.6525577659563,49.77504482100446,-8.668406188034087e-08,-1.1831766273655613e-07,-55.83240076330709
I4,10,N9,7.706389039169633e-07,1.2756763019811042e-07,1.3191703302063676e-07,7.174866971620941e-07,5.855696641414573e-07,60.00000065817704,3.513418023389595e-05,6.370527976370482e-06,-8.668406196974004e-08,-8.668406413641377e-08,-52.412626793121554
I4,11,N9,1.2756763019811042e-07,2.7748403817885207e-06,2.9770929655500323e-06,1.3037194325789687e-07,-2.8467210222921353e-06,16.670361251166206,-4.7455867822899065e-05,2.330598681605947e-05,-8.775032313331008e-08,-8.668406197038517e-08,-25.82302622880461
I4,12,N9,2.7748403817885207e-06,0.6122954868051582,0.6541590229044798,1.2493149247329293e-07,-0.6541588979729873,16.67034480041013,-10.90505438346601,4.906193608769792,-9.486962394104507e-08,-8.668406197038493e-08,-25.823016807273973
I4,13,N9,0.6122954868051582,20.483414489876427,21.229828137334465,1.2493146690425282e-07,-21.229828012402997,16.670342277336093,-353.90849945573575,159.2237119669945,-4.6104661934100835e-07,-8.668406197038507e-08,-25.82301569629137
I4,14,N9,20.483414489876427,45.71655502457198,26.958483617795917,1.231414924391178e-07,-26.958483494654423,16.670342009099855,-449.4071399025627,202.18862805703057,-6.868499142518628e-07,-8.668406197038497e-08,-25.823015660993914
I4,15,N9,45.71655502457198,54.24434139650978,9.110883018602122,1.249314700192984e-07,-9.110882893670652,16.670342863307276,-151.8815416249309,68.33162357650194,-1.494523278292503e-07,-8.668406197038488e-08,-25.82301585699773
I4,16,N9,54.24434139650978,54.2443440437795,2.9770897372251657e-06,1.303719533731539e-07,-2.846717783852012e-06,16.67036003616989,-4.745581037818069e-05,2.3305962679487397e-05,-8.777047088956359e-08,-8.66840619703853e-08,-25.82302510463842
I4,17,N9,54.2443440437795,54.244343400708225,1.3191703289157443e-07,7.174867025621982e-07,5.855696696706238e-07,60.000000604929674,3.5134180534465896e-05,6.3705280159032945e-06,-8.668406196973996e-08,-8.668408461742926e-08,-52.412625491362384
I4,18,N9,54.244343400708225,47.32596811453544,1.0640711784041886e-07,6.475599361080574,6.475599254673456,67.15000060952613,434.83649389836955,48.56699600615769,-8.668406188034087e-08,-1.1734172494678455e-07,-55.83240076637602
I4,19,N9,47.32596811453544,43.03172695052978,1.0640711896857431e-07,4.019409822732149,4.01940971632503,67.15000068997871,269.9033652245329,30.145574468544506,-8.668406188034079e-08,-1.0357493876261629e-07,-55.83240108717457
I4,20,N9,43.03172695052978,39.52462689109726,1.0640711962531489e-07,3.282645748851692,3.2826456424445722,67.15000072556018,220.42965727190997,24.619843914441084,-8.668406188034074e-08,-1.0007881557560101e-07,-55.8324012589539
I4,21,N9,39.52462689109726,36.4841909479857,1.064071201927961e-07,2.8458481359752748,2.8458480295681547,67.15000072106392,191.0986972375399,21.34386181786796,-8.668406188034071e-08,-9.809672990451212e-08,-55.83240137004755
I4,22,N9,36.4841909479857,33.78926757021259,1.064071207588862e-07,2.5224483748184845,2.5224482684113636,67.15000068091909,169.38240294140624,18.918363609192042,-8.668406188034066e-08,-9.66475667991807e-08,-55.832401445336245
I4,23,N9,33.78926757021259,31.271049192459106,1.064071211049599e-07,2.3570524948001164,2.3570523883929955,67.15000066126665,158.27606943922976,17.67789450905428,-8.668406188034066e-08,-9.593130336115866e-08,-55.8324014956319
I4,24,N9,31.271049192459106,28.85511092885854,1.064071213297645e-07,2.2613183079529797,2.2613182015458584,67.1500006463567,151.84751869542256,16.959888107700756,-8.668406188034065e-08,-9.552290123589293e-08,-55.83240152577726
