{
  "termination": "optimal",
  "joint_lower_level_objective_eur_per_day": 444468.8272884974,
  "lambda_solver_dual_max_abs_diff": 0.0,
  "lambda_min_eur_per_mwh": 0.03657587659445108,
  "lambda_max_eur_per_mwh": 100.69381288126729,
  "settlement_price_basis": "nodal",
  "investors": {
    "I1": {
      "wacc": 0.08,
      "total_power_mw": 24.95396462927957,
      "total_energy_mwh": 87.01287110595663,
      "settled_spot_revenue_eur_per_day": 4727.342766892888,
      "settled_generation_rent_eur_per_day": 0.0,
      "owned_generation_shares": {},
      "settled_degradation_eur_per_day": 1308.0490659785887,
      "capex_daily_eur_per_day": 575.9234823462547,
      "settled_profit_eur_per_day": 2843.3702185680445,
      "capacity_proportional_profit_eur_per_day": 2675.4007436310153,
      "dispatch_attribution_band_eur_per_day": 167.9694749370292,
      "last_optimistic_mpec_profit_eur_per_day": 1271.4209481176508,
      "optimistic_mpec_minus_settled_eur_per_day": -1571.9492704503937,
      "mpec_lambda_max_abs_diff_vs_joint_eur_per_mwh": 44.56752624494671,
      "throughput_mwh": 174.4065421304785
    },
    "I2": {
      "wacc": 0.12,
      "total_power_mw": 24.774097148504026,
      "total_energy_mwh": 86.33652932576571,
      "settled_spot_revenue_eur_per_day": 4683.172844523312,
      "settled_generation_rent_eur_per_day": 0.0,
      "owned_generation_shares": {},
      "settled_degradation_eur_per_day": 1297.8817367188847,
      "capex_daily_eur_per_day": 718.1969658026658,
      "settled_profit_eur_per_day": 2667.0941420017616,
      "capacity_proportional_profit_eur_per_day": 2496.562785506895,
      "dispatch_attribution_band_eur_per_day": 170.5313564948665,
      "last_optimistic_mpec_profit_eur_per_day": 1195.4426069923588,
      "optimistic_mpec_minus_settled_eur_per_day": -1471.6515350094028,
      "mpec_lambda_max_abs_diff_vs_joint_eur_per_mwh": 44.567279622703836,
      "throughput_mwh": 173.0508982291846
    },
    "I3": {
      "wacc": 0.08,
      "total_power_mw": 50.71928331650284,
      "total_energy_mwh": 186.46417029961907,
      "settled_spot_revenue_eur_per_day": 11046.33079255784,
      "settled_generation_rent_eur_per_day": 118857.12758960843,
      "owned_generation_shares": {
        "RES_Wind_N1": 0.8,
        "RES_PV_N6": 0.19999999999999996,
        "RES_PV_N8": 0.19999999999999996
      },
      "settled_degradation_eur_per_day": 2803.0830503719103,
      "capex_daily_eur_per_day": 1228.3570854857376,
      "settled_profit_eur_per_day": 125872.01824630862,
      "capacity_proportional_profit_eur_per_day": 126043.13328530983,
      "dispatch_attribution_band_eur_per_day": 171.11503900120442,
      "last_optimistic_mpec_profit_eur_per_day": 140858.47531610468,
      "optimistic_mpec_minus_settled_eur_per_day": 14986.457069796059,
      "mpec_lambda_max_abs_diff_vs_joint_eur_per_mwh": 44.59319551619553,
      "throughput_mwh": 373.74440671625473
    },
    "I4": {
      "wacc": 0.08,
      "total_power_mw": 50.568682423911135,
      "total_energy_mwh": 186.40416280810658,
      "settled_spot_revenue_eur_per_day": 11043.635927253317,
      "settled_generation_rent_eur_per_day": 120201.29452994597,
      "owned_generation_shares": {
        "RES_Wind_N1": 0.19999999999999996,
        "RES_PV_N6": 0.8,
        "RES_PV_N8": 0.8
      },
      "settled_degradation_eur_per_day": 2802.1807706821937,
      "capex_daily_eur_per_day": 1227.678304476151,
      "settled_profit_eur_per_day": 127215.07138204093,
      "capacity_proportional_profit_eur_per_day": 127382.45717447161,
      "dispatch_attribution_band_eur_per_day": 167.38579243067943,
      "last_optimistic_mpec_profit_eur_per_day": 208350.82367811102,
      "optimistic_mpec_minus_settled_eur_per_day": 81135.75229607009,
      "mpec_lambda_max_abs_diff_vs_joint_eur_per_mwh": 44.593290957723575,
      "throughput_mwh": 373.62410275762585
    }
  },
  "node_shares": {
    "N1": {
      "I1": 2.2359323859477273e-08,
      "I2": 1.3853275818209551e-08,
      "I3": 6.47841275120535e-07,
      "I4": 3.3328665598893344e-07,
      "total_mw": 1.0173405307871552e-06,
      "limit_mw": 100.0
    },
    "N2": {
      "I1": 1.2218710335079418e-08,
      "I2": 8.914203756660825e-09,
      "I3": 6.337807222136551e-07,
      "I4": 3.3315662241901166e-07,
      "total_mw": 9.88070258724407e-07,
      "limit_mw": 100.0
    },
    "N3": {
      "I1": 6.585115104985001,
      "I2": 6.5822010187246125,
      "I3": 8.725363384371622,
      "I4": 8.107321325787813,
      "total_mw": 30.00000083386905,
      "limit_mw": 100.0
    },
    "N4": {
      "I1": 2.2341387534797213e-08,
      "I2": 1.3854221035871199e-08,
      "I3": 6.31061670585299e-07,
      "I4": 3.3327948134776934e-07,
      "total_mw": 1.0005367605037368e-06,
      "limit_mw": 100.0
    },
    "N5": {
      "I1": 1.8901458649438665e-08,
      "I2": 1.3752954038018527e-08,
      "I3": 6.557657007224632e-07,
      "I4": 3.3338496761668716e-07,
      "total_mw": 1.0218050810266076e-06,
      "limit_mw": 100.0
    },
    "N6": {
      "I1": 1.7077888064557526e-08,
      "I2": 1.5138619131043536e-08,
      "I3": 6.120554142503016e-07,
      "I4": 2.3662837717615414e-07,
      "total_mw": 8.809002986220568e-07,
      "limit_mw": 100.0
    },
    "N7": {
      "I1": 1.2293187880650212e-08,
      "I2": 8.8459694763707e-09,
      "I3": 6.33777538281684e-07,
      "I4": 3.3320383668169676e-07,
      "total_mw": 9.881205323204017e-07,
      "limit_mw": 100.0
    },
    "N8": {
      "I1": 10.174445309564726,
      "I2": 9.994985297202776,
      "I3": 35.4232814739792,
      "I4": 35.42330787835388,
      "total_mw": 91.01601995910059,
      "limit_mw": 100.0
    },
    "N9": {
      "I1": 8.194404109537889,
      "I2": 8.196910758217394,
      "I3": 6.5706346438696945,
      "I4": 7.038051316829497,
      "total_mw": 30.000000828454475,
      "limit_mw": 100.0
    }
  }
}