node,x_power_mw,x_energy_mwh,energy_power_ratio_h
N1,8.156395071799164e-08,1.7779370117271257e-07,2.1798073733264403
N2,7.197710233598346e-08,2.237568386421333e-07,3.108722515636347
N3,4.972632154988508e-06,1.5839660952220867e-05,3.1853675193590654
N4,8.142448161535453e-08,1.7747913560121735e-07,2.1796778079548673
N5,7.374511644740802e-08,1.6167543328163317e-07,2.1923544374214043
N6,9.99142015074426e-08,2.2062102561071786e-07,2.208104776719692
N7,7.197601944928988e-08,2.2375489595086118e-07,3.1087422958768354
N8,22.70290925703273,114.53052230209255,5.044750917401221
N9,14.793392187816695,51.457450355096434,3.478407771645163
