{
  "model": "Single Investor Primal-Dual MPEC",
  "investor": "I2",
  "wacc": 0.12,
  "solver_status": "ok",
  "termination": "optimal",
  "profit_eur_per_day": 5659.004168060193,
  "spot_revenue_eur_per_day": 9508.170112400205,
  "degradation_cost_eur_per_day": 2495.2676401429203,
  "capex_daily_eur_per_day": 1353.8983041970916,
  "lower_level_primal_objective_eur_per_day": 434613.1625751002,
  "lower_level_dual_objective_eur_per_day": 434613.1520825398,
  "strong_duality_gap": 0.01049256039550528,
  "total_power_mw": 37.49630689808245,
  "total_energy_mwh": 165.98798968193097,
  "total_charge_mwh": 177.33759479383906,
  "total_discharge_mwh": 155.364757225217,
  "total_storage_throughput_mwh": 332.7023520190561,
  "total_load_shed_mwh": 0.0,
  "equivalent_cycles_throughput_over_2e": 1.002188027750038,
  "equivalent_cycles_discharge_over_e": 0.9359999932701735,
  "line_limits_mw": {
    "L14": 400.0,
    "L45": 400.0,
    "L46": 200.0,
    "L69": 200.0,
    "L57": 400.0,
    "L93": 400.0,
    "L72": 400.0,
    "L98": 200.0,
    "L78": 200.0
  },
  "existing_power_mw_per_node": 0.0,
  "existing_ratio_hours": 2.0,
  "storage_units": [
    "I2",
    "RIV"
  ],
  "demand_model": "quadratic",
  "load_shed_allowed": true,
  "quadratic_demand_alpha_eur_per_mwh": 4000,
  "quadratic_demand_beta_eur_per_mwh_per_share": 10000,
  "quadratic_demand_source": "fixed_default"
}