node,x_power_mw,x_energy_mwh,energy_power_ratio_h
N1,-2.4516212236733576e-09,-9.900566552505952e-09,0.0
N2,-2.4497516310176945e-09,-9.874780376106642e-09,0.0
N3,14.270478546825466,53.42866210900972,3.7439993293634273
N4,-2.4510591310048607e-09,-9.898629470145234e-09,0.0
N5,-2.452509193117468e-09,-9.90432587940552e-09,0.0
N6,-2.444234051846811e-09,-9.849641109377611e-09,0.0
N7,-2.4497507050693122e-09,-9.874776579028057e-09,0.0
N8,52.3429806878058,254.0321522165773,4.853222894044291
N9,17.59793572378947,65.86225727680784,3.742612674040687
