node,x_power_mw,x_energy_mwh,energy_power_ratio_h
N1,0.0,0.0,0.0
N2,0.0,0.0,0.0
N3,18.742230369485853,37.48446078064708,2.0000000022236084
N4,0.0,0.0,0.0
N5,0.0,0.0,0.0
N6,0.0,0.0,0.0
N7,0.0,0.0,0.0
N8,77.72783268031695,363.0168367241712,4.670358405813341
N9,0.013340516868486661,0.0266810754253545,2.000003124944977
