{
  "model": "Single Investor Primal-Dual MPEC",
  "investor": "I4",
  "wacc": 0.08,
  "solver_status": "ok",
  "termination": "optimal",
  "profit_eur_per_day": 204820.5698377769,
  "spot_revenue_eur_per_day": 7436.792369419645,
  "degradation_cost_eur_per_day": 6021.06517755794,
  "capex_daily_eur_per_day": 2612.2211300272334,
  "lower_level_primal_objective_eur_per_day": 433857.358363067,
  "lower_level_dual_objective_eur_per_day": 433857.347829031,
  "strong_duality_gap": 0.010534035973250866,
  "total_power_mw": 96.48340356667129,
  "total_energy_mwh": 400.5279785802436,
  "total_charge_mwh": 427.91450470074176,
  "total_discharge_mwh": 374.89418564031683,
  "total_storage_throughput_mwh": 802.8086903410585,
  "total_load_shed_mwh": 0.0,
  "equivalent_cycles_throughput_over_2e": 1.0021880283953999,
  "equivalent_cycles_discharge_over_e": 0.9359999942306373,
  "line_limits_mw": {
    "L14": 400.0,
    "L45": 400.0,
    "L46": 200.0,
    "L69": 200.0,
    "L57": 400.0,
    "L93": 400.0,
    "L72": 400.0,
    "L98": 200.0,
    "L78": 200.0
  },
  "existing_power_mw_per_node": 0.0,
  "existing_ratio_hours": 2.0,
  "storage_units": [
    "I4",
    "RIV"
  ],
  "demand_model": "quadratic",
  "load_shed_allowed": true,
  "quadratic_demand_alpha_eur_per_mwh": 4000,
  "quadratic_demand_beta_eur_per_mwh_per_share": 10000,
  "quadratic_demand_source": "fixed_default"
}