node,x_power_mw,x_energy_mwh,energy_power_ratio_h
N1,1.3598008049573882e-07,7.376616392160898e-07,5.424777191827046
N2,3.4523623898570334e-09,2.7932510460092867e-08,8.0908396355371
N3,35.77150934910651,229.30454703998544,6.410256408308724
N4,1.1847271582197525e-07,3.350417839162869e-07,2.8280079644645126
N5,9.832060434356271e-08,2.4641940426786307e-07,2.506284475294692
N6,31.72204042120537,63.444082066554344,2.0000000385896866
N7,61.832495710964025,207.7998716210793,3.360690349495833
N8,46.05025794501749,158.65833707030689,3.445330040490539
N9,7.224165655206875e-08,1.8535327372333283e-07,2.5657395271623926
