{
  "model": "Single Investor Primal-Dual MPEC",
  "investor": "I1",
  "wacc": 0.08,
  "solver_status": "ok",
  "termination": "optimal",
  "profit_eur_per_day": 14181.241884255192,
  "spot_revenue_eur_per_day": 30761.587133216373,
  "degradation_cost_eur_per_day": 12246.034004665724,
  "capex_daily_eur_per_day": 4334.311244295457,
  "lower_level_primal_objective_eur_per_day": 417458.6047491021,
  "lower_level_dual_objective_eur_per_day": 417458.5937913399,
  "strong_duality_gap": 0.010957762191537768,
  "total_power_mw": 175.3763038547608,
  "total_energy_mwh": 659.2068393303346,
  "total_charge_mwh": 870.320353404114,
  "total_discharge_mwh": 762.4841805513157,
  "total_storage_throughput_mwh": 1632.8045339554296,
  "total_load_shed_mwh": 0.0,
  "equivalent_cycles_throughput_over_2e": 1.2384614634870441,
  "equivalent_cycles_discharge_over_e": 1.1566690984667225,
  "line_limits_mw": {
    "L12": 350.0,
    "L23": 400.0,
    "L34": 300.0,
    "L45": 320.0,
    "L56": 240.0,
    "L67": 300.0,
    "L78": 250.0,
    "L89": 220.0,
    "L29": 250.0,
    "L37": 300.0,
    "L16": 280.0,
    "L59": 300.0
  },
  "existing_power_mw_per_node": 0.0,
  "existing_ratio_hours": 2.0,
  "storage_units": [
    "I1",
    "RIV"
  ],
  "demand_model": "quadratic",
  "load_shed_allowed": true,
  "quadratic_demand_alpha_eur_per_mwh": 4000,
  "quadratic_demand_beta_eur_per_mwh_per_share": 10000,
  "quadratic_demand_source": "fixed_default"
}