{
  "model": "Single Investor Primal-Dual MPEC",
  "investor": "I1",
  "wacc": 0.08,
  "solver_status": "ok",
  "termination": "optimal",
  "profit_eur_per_day": 6458.658244367605,
  "spot_revenue_eur_per_day": 19106.37066718125,
  "degradation_cost_eur_per_day": 10014.79795558616,
  "capex_daily_eur_per_day": 2632.914467227485,
  "lower_level_primal_objective_eur_per_day": 437569.9793514646,
  "lower_level_dual_objective_eur_per_day": 437569.9793514619,
  "strong_duality_gap": 2.6775524020195007e-09,
  "total_power_mw": 100.00000162248793,
  "total_energy_mwh": 402.7346306610512,
  "total_charge_mwh": 711.7473701122728,
  "total_discharge_mwh": 623.5590239658819,
  "total_storage_throughput_mwh": 1335.3063940781549,
  "total_load_shed_mwh": -1.1990012978816133e-06,
  "equivalent_cycles_throughput_over_2e": 1.6577993204686352,
  "equivalent_cycles_discharge_over_e": 1.5483124034860576,
  "line_limits_mw": {
    "L12": 400.0,
    "L14": 400.0,
    "L15": 250.0,
    "L23": 400.0,
    "L34": 240.0,
    "L45": 180.0
  },
  "existing_power_mw_per_node": 0.0,
  "existing_ratio_hours": 2.0,
  "storage_units": [
    "I1",
    "RIV"
  ],
  "demand_model": "quadratic",
  "load_shed_allowed": true,
  "quadratic_demand_alpha_eur_per_mwh": 4000,
  "quadratic_demand_beta_eur_per_mwh_per_share": 10000,
  "quadratic_demand_source": "fixed_default"
}