{
  "model": "Single Investor Primal-Dual MPEC",
  "investor": "I2",
  "wacc": 0.12,
  "solver_status": "ok",
  "termination": "optimal",
  "profit_eur_per_day": 4703.171923336491,
  "spot_revenue_eur_per_day": 10512.417683400103,
  "degradation_cost_eur_per_day": 3716.724941586207,
  "capex_daily_eur_per_day": 2092.520818477404,
  "lower_level_primal_objective_eur_per_day": 418503.9499203993,
  "lower_level_dual_objective_eur_per_day": 418503.93873270584,
  "strong_duality_gap": 0.011187693453393877,
  "total_power_mw": 84.45040106297914,
  "total_energy_mwh": 247.240689658019,
  "total_charge_mwh": 264.146045490648,
  "total_discharge_mwh": 231.41728005417957,
  "total_storage_throughput_mwh": 495.5633255448276,
  "total_load_shed_mwh": 0.0,
  "equivalent_cycles_throughput_over_2e": 1.002188042409779,
  "equivalent_cycles_discharge_over_e": 0.935999977893096,
  "line_limits_mw": {
    "L12": 350.0,
    "L23": 400.0,
    "L34": 300.0,
    "L45": 320.0,
    "L56": 240.0,
    "L67": 300.0,
    "L78": 250.0,
    "L89": 220.0,
    "L29": 250.0,
    "L37": 300.0,
    "L16": 280.0,
    "L59": 300.0
  },
  "existing_power_mw_per_node": 0.0,
  "existing_ratio_hours": 2.0,
  "storage_units": [
    "I2",
    "RIV"
  ],
  "demand_model": "quadratic",
  "load_shed_allowed": true,
  "quadratic_demand_alpha_eur_per_mwh": 4000,
  "quadratic_demand_beta_eur_per_mwh_per_share": 10000,
  "quadratic_demand_source": "fixed_default"
}