iteration,investor,node,x_power_mw,x_energy_mwh,proposed_x_power_mw,private_headroom_limit_mw,private_headroom_slack_mw,access_shadow_price_eur_per_mw_day,headroom_complementarity_residual_eur_per_day,headroom_mw
1,I3,N1,0.0,0.0,5.267184382996755e-07,100.0,99.99999947328156,9.081817824376865e-08,9.081817776541256e-06,100.0
1,I3,N2,5.387932725229027,10.775866378814749,5.398338646999684e-07,98.56702406424101,98.56702352440715,9.213982228393507e-08,9.081948030595323e-06,94.18216906699516
1,I3,N3,4.514608410656956,9.029218828567513,1.465473495202925e-06,15.04869128275169,15.048689817278195,6.040087798227483e-07,9.08954077446522e-06,62.68379171572851
1,I3,N4,0.0,0.0,5.276742450576321e-07,100.0,99.99999947232575,9.081817822767586e-08,9.081817774845172e-06,100.0
1,I3,N5,0.0,0.0,4.7489255568160894e-07,100.0,99.99999952510744,9.081817906515219e-08,9.081817863386341e-06,100.0
1,I3,N6,0.0,0.0,5.215933570060716e-07,100.0,99.99999947840664,9.081817885640986e-08,9.081817838270827e-06,100.0
1,I3,N7,5.395995131525177,10.791991191097654,5.395445466926378e-07,69.83145744517915,69.83145690563461,1.3009266674672953e-07,9.084560451663328e-06,85.55343227497123
1,I3,N8,10.846378115480748,49.57498218332765,3.103186297364416,28.91382569108552,25.810639393721104,3.5212465993828446e-07,9.088562619303732e-06,0.6459448278382922
1,I3,N9,10.771855287964968,21.543712541031304,1.4666236512270967e-06,35.906180871094705,35.906179404471054,2.5309416271372077e-07,9.087644412623247e-06,49.26202407712593
1,I4,N1,0.0,0.0,1.301269075560519e-05,100.0,99.99998698730924,-4.943626301569899e-07,-4.943625658271096e-05,100.0
1,I4,N2,0.0,0.0,1.6268021147012277e-05,93.17909133901199,93.17907507099085,-1.0518869470906647e-06,-9.801385280915642e-05,94.18216906699516
1,I4,N3,11.816562251185916,24.35056367072137,2.240288953175051e-05,49.922571435972216,49.92254903308268,2.054347252902953e-08,1.0255825146402638e-06,62.68379171572851
1,I4,N4,0.0,0.0,1.2980527580986645e-05,100.0,99.99998701947241,-4.892752699896334e-07,-4.8927520647912195e-05,100.0
1,I4,N5,0.0,0.0,1.104116689663098e-05,100.0,99.9999889588331,-2.9765459852441554e-07,-2.9765456565987454e-05,100.0
1,I4,N6,0.0,0.0,1.3331093632204537e-05,100.0,99.99998666890637,-4.915072376714854e-07,-4.915071721481954e-05,100.0
1,I4,N7,0.0,0.0,1.627616072053489e-05,64.43546231365397,64.43544603749325,-1.008420057556209e-06,-6.497799620178895e-05,85.55343227497123
1,I4,N8,40.722770216475176,166.5886466008763,45.390034738539434,47.89993390726334,2.509899168723905,3.903168817657218e-06,9.796560170826919e-06,0.6459448278382922
1,I4,N9,7.804980948495818,17.195695773958935,2.1947639382886722e-05,51.15087753362389,51.15085558598451,1.3571733710774643e-07,6.942057910912714e-06,49.26202407712593
1,I1,N1,0.0,0.0,1.5011586979908168e-05,100.0,99.99998498841302,1.0169334876840256e-05,0.0010169333350261705,100.0
1,I1,N2,0.0,0.0,9.845272936199666e-06,93.17909133901199,93.17908149373905,-1.1933350815513572e-06,-0.00011119386681321164,94.18216906699516
1,I1,N3,14.227157674384557,29.808180957814308,5.375586071003688,72.98683393372622,67.61124786272254,2.475358518450389e-07,1.673620783400509e-05,62.68379171572851
1,I1,N4,0.0,0.0,1.506188277172045e-05,100.0,99.99998493811722,1.0160173181478458e-05,0.0010160171651165083,100.0
1,I1,N5,0.0,0.0,1.6070135016258255e-05,100.0,99.99998392986498,9.943336939703864e-06,0.0009943335341796194,100.0
1,I1,N6,0.0,0.0,1.5499178175154364e-05,100.0,99.99998450082182,1.0090761078166155e-05,0.0010090759514181117,100.0
1,I1,N7,0.0,0.0,9.258239686277206e-06,64.43546231365397,64.43545305541429,-1.5002711257654152e-06,-9.667064969465095e-05,85.55343227497123
1,I1,N8,34.856500920730014,140.18914316738525,37.009650012647626,37.0096500637104,5.106277711774965e-08,21.585441802883693,1.1022126037688062e-06,0.6459448278382922
1,I1,N9,26.08873176438476,53.2685607111722,24.600041539130054,72.90823887510716,48.308197335977106,2.8886588259925104e-07,1.3954590060235814e-05,49.26202407712593
1,I2,N1,0.0,0.0,1.1330368209293627e-05,100.0,99.99998866963179,3.4934239710711733e-06,0.00034934235752533745,100.0
1,I2,N2,0.42989820777581644,0.8597975224630285,7.752925885958133e-06,94.61206727477098,94.6120595218451,2.855926303580028e-06,0.0002702050694243167,94.18216906699516
1,I2,N3,6.75787994804406,22.578758557920892,5.076116181021123,69.44167166377257,64.36555548275145,-3.0621010431578314e-06,-0.00019709383458716648,62.68379171572851
1,I2,N4,0.0,0.0,1.1559963232090378e-05,100.0,99.99998844003677,3.4810501639523058e-06,0.0003481049761544187,100.0
1,I2,N5,0.0,0.0,8.814983460372896e-06,100.0,99.99999118501654,3.0826914177679737e-06,0.0003082691146029235,100.0
1,I2,N6,0.0,0.0,5.913246922528188e-06,100.0,99.99999408675308,2.3361954160829237e-06,0.00023361952779379203,100.0
1,I2,N7,9.050572593503592,18.10114632839327,1.4038653338438138e-05,94.60400486847482,94.60399082982148,4.148819339953186e-06,0.0003924948667915172,85.55343227497123
1,I2,N8,12.928405919475768,68.66638485211979,13.574350625965236,13.574350747314057,1.2134882076964004e-07,35.36048384615624,4.290953016574966e-06,0.6459448278382922
1,I2,N9,6.072407922028521,20.039230006973973,5.025614936427006,55.334431999154454,50.30881706272745,-3.080223324075296e-06,-0.0001549623917232503,49.26202407712593
2,I3,N1,0.0,0.0,2.899164150766714e-05,100.0,99.99997100835849,-3.264366572539004e-07,-3.2643656261455496e-05,100.0
2,I3,N2,1.6163996920723642,3.2328014855655347,2.8392148079953283e-05,99.57010179222418,99.5700734000761,-2.744867663710786e-07,-2.7330667474917837e-05,98.25462852820648
2,I3,N3,4.103405048127007,8.206811749679963,3.927175035614171,67.19840012638547,63.271225090771296,1.3019212336106336e-07,8.237415142223304e-06,64.00101689002265
2,I3,N4,0.0,0.0,2.8973099406138176e-05,100.0,99.9999710269006,-3.2530088390599015e-07,-3.253007896562417e-05,100.0
2,I3,N5,0.0,0.0,2.977589780270458e-05,100.0,99.9999702241022,-3.764564779488909e-07,-3.7645636585559476e-05,100.0
2,I3,N6,0.0,0.0,2.8736779993026396e-05,100.0,99.99997126322,-3.1058966382210077e-07,-3.105895745686324e-05,100.0
2,I3,N7,1.618818662597587,3.237639478651786,2.8747342905587945e-05,90.94942740649641,90.9493986591535,-2.8971759817683957e-07,-2.6349641335157827e-05,95.66600674498511
2,I3,N8,11.298539230155054,52.46469673295807,11.49232256501547,11.492322943319039,3.783035680271496e-07,18.431498688925114,6.972701718108101e-06,0.00683324069701996
2,I3,N9,16.36081084609952,32.7216233329799,18.75607751387147,60.0338793650909,41.27780185121942,2.3355610224841057e-07,9.640682509753035e-06,45.232805363829634
2,I4,N1,0.0,0.0,9.3964336900305e-06,100.0,99.9999906035663,1.466995078153493e-07,1.4669949403082731e-05,100.0
2,I4,N2,0.0,0.0,1.0365134768580711e-05,97.95370210015182,97.95369173501705,1.4466718400168325e-07,1.4170684745873872e-05,98.25462852820648
2,I4,N3,18.21363711291698,36.642507027593894,20.955240625087438,74.91155732944438,53.95631670435694,1.922508358133986e-07,1.0373146983825061e-05,64.00101689002265
2,I4,N4,0.0,0.0,9.415930184736323e-06,100.0,99.99999058406982,1.4662385734200084e-07,1.466238435360008e-05,100.0
2,I4,N5,0.0,0.0,9.28874531886519e-06,100.0,99.99999071125468,1.4652973983699022e-07,1.4652972622621587e-05,100.0
2,I4,N6,0.0,0.0,1.003559475039757e-05,100.0,99.99998996440524,1.4317272131804436e-07,1.4317270694981025e-05,100.0
2,I4,N7,0.0,0.0,1.0364752108669687e-05,89.33060874389882,89.3305983791467,1.5363083015963506e-07,1.372393398764526e-05,95.66600674498511
2,I4,N8,40.85841875868838,167.45556356524435,40.91655384820832,40.916553929639164,8.143084073708451e-08,18.530335105084017,1.5089407667469028e-06,0.00683324069701996
2,I4,N9,2.961231472409035,6.3981841591646065,0.8853388398004136,51.478049467487196,50.592710627686785,2.0282618450800322e-07,1.0261526460531215e-05,45.232805363829634
2,I1,N1,0.0,0.0,1.921770753646223e-05,100.0,99.99998078229247,-0.016242677053087438,-1.6242673931617266,100.0
2,I1,N2,0.0,0.0,3.1767092570758016e-08,97.95370210015182,97.95370206838473,-1.4365488733505762e-06,-0.00014071528034685608,98.25462852820648
2,I1,N3,5.23961320825552,10.885390105336352,1.38780843705736,70.92507789091195,69.53726945385459,-0.05598571639511637,-3.8930938465342915,64.00101689002265
2,I1,N4,0.0,0.0,7.202088997056113e-06,100.0,99.999992797911,0.012422419152083641,1.242241825740996,100.0
2,I1,N5,0.0,0.0,3.216898879439875e-05,100.0,99.9999678310112,-0.011757438629760107,-1.1757434847510992,100.0
2,I1,N6,0.0,0.0,6.760996296014521e-09,100.0,99.999999993239,-1.48847884952147e-06,-0.0001488478849420834,100.0
2,I1,N7,0.0,0.0,2.3416683503994042e-08,89.33060874389882,89.33060872048213,-1.715573241801449e-06,-0.00015325320199469433,95.66600674498511
2,I1,N8,34.891858920383456,139.06496145439286,34.90701234880636,34.91463609168079,0.00762374287442924,0.005546443606786011,4.228465992565847e-05,0.00683324069701996
2,I1,N9,27.21377573735347,54.75588840740963,27.695937440054344,74.60554975946292,46.90961231940857,-0.03661635675873515,-1.7176591001014216,45.232805363829634
2,I2,N1,0.0,0.0,7.692898934911138e-06,100.0,99.99999230710107,6.699325528354744e-06,0.0006699325012982402,100.0
2,I2,N2,0.12897177972115406,0.2579446919525993,3.3105548701422906e-06,98.38360030792764,98.38359699737276,2.1695093802839037e-06,0.0002134441365518715,98.25462852820648
2,I2,N3,8.44232774067784,23.374244543257756,9.164233937520887,72.4433446307005,63.279110693179604,-1.337707419691425e-06,-8.464893588574135e-05,64.00101689002265
2,I2,N4,0.0,0.0,7.694179419665522e-06,100.0,99.99999230582058,6.700638320687459e-06,0.0006700637805128325,100.0
2,I2,N5,0.0,0.0,7.692633370063059e-06,100.0,99.99999230736663,6.7199213001829926e-06,0.0006719920783244084,100.0
2,I2,N6,0.0,0.0,4.682616826395607e-06,100.0,99.99999531738317,3.5594957600356858e-06,0.0003559495593358138,100.0
2,I2,N7,2.715174592417308,5.430350342949489,4.020523185297231e-06,98.38118133740241,98.38117731687923,3.0733603663614617e-06,0.00030236081116167586,95.66600674498511
2,I2,N8,12.944349850076094,69.71333193446883,12.951182963190519,12.951183090773114,1.2758259515521786e-07,35.36019526452988,4.511345477043967e-06,0.00683324069701996
2,I2,N9,8.231376580308343,23.014365330691923,9.156648862428266,53.46418194413798,44.30753308170971,-1.259996454706162e-06,-5.582733459973021e-05,45.232805363829634
3,I3,N1,0.0,0.0,3.989280292046834e-06,100.0,99.99999601071971,9.081669345665798e-08,9.081668983372554e-06,100.0
3,I3,N2,0.48492275636706994,0.9698477468227643,4.069636229430922e-06,99.87102822027884,99.87102415064261,9.093411428738854e-08,9.081683124113076e-06,99.47638570971658
3,I3,N3,3.451615337257925,6.90323222181594,3.1722768897426046,68.10442193814966,64.93214504840705,1.2712060329321854e-07,8.254213451676277e-06,64.1753223034379
3,I3,N4,0.0,0.0,3.9892880067106945e-06,100.0,99.999996010712,9.08166934596049e-08,9.081668983666545e-06,100.0
3,I3,N5,0.0,0.0,4.043626863888747e-06,100.0,99.99999595637314,9.081670508860654e-08,9.081670141631786e-06,100.0
3,I3,N6,0.0,0.0,4.047750548589453e-06,100.0,99.99999595224945,9.081670854133152e-08,9.08167048652977e-06,100.0
3,I3,N7,0.4856484475251763,0.9712991447496864,4.069637000124244e-06,97.28482540758269,97.28482133794569,9.335394676366891e-08,9.081922032095622e-06,98.69979917474963
3,I3,N8,11.30332223252556,52.77883346609736,11.30537209068435,11.305372470852063,3.8016771419790985e-07,18.431698965241058,7.0071368643996735e-06,5.548390168996775e-05
3,I3,N9,20.29195729639589,40.58391613629925,21.976734346522907,61.59361620992915,39.61688186340625,2.4217482499873685e-07,9.59421143226604e-06,41.801708721037876
3,I4,N1,0.0,0.0,1.4122710978084384e-05,100.0,99.99998587728902,9.081819374777012e-08,9.08181809217791e-06,100.0
3,I4,N2,0.0,0.0,1.1407576408864969e-05,99.38610546391178,99.38609405633537,9.137972456595235e-08,9.08187390055376e-06,99.47638570971658
3,I4,N3,21.230214172419508,42.52499923665015,22.523032912206308,82.8664437138087,60.3434108016024,1.505619601197849e-07,9.085422210602658e-06,64.1753223034379
3,I4,N4,0.0,0.0,1.4074944343705428e-05,100.0,99.99998592505565,9.081819370448614e-08,9.081818092187592e-06,100.0
3,I4,N5,0.0,0.0,1.2156882036832794e-05,100.0,99.99998784311796,9.081819196076003e-08,9.081818092009956e-06,100.0
3,I4,N6,0.0,0.0,1.0983844986769397e-05,100.0,99.99998901615501,9.081819089453686e-08,9.081818091920755e-06,100.0
3,I4,N7,0.0,0.0,1.140811914061828e-05,96.79917696005752,96.79916555193839,9.38242496625023e-08,9.08210907586696e-06,98.69979917474963
3,I4,N8,40.85985386815172,167.54980718966596,40.86046891506458,40.86046899701489,8.195031142577136e-08,18.53188383335925,1.518693651450008e-06,5.548390168996775e-05
3,I4,N9,0.9284611481782852,1.999639712012581,0.057273866365106445,44.2628903859423,44.20561651957719,2.0555959127841737e-07,9.086888463974743e-06,41.801708721037876
3,I1,N1,0.0,0.0,1.3402888077821352e-05,100.0,99.99998659711193,3.6215316093621385e-06,0.00036215311239723105,100.0
3,I1,N2,0.0,0.0,9.42259860756773e-06,99.38610546391178,99.38609604131317,2.20494908364808e-06,0.00021914128139365353,99.47638570971658
3,I1,N3,2.095392307840884,4.312634742859705,0.7478690648060394,66.87584274964473,66.1279736848387,-2.700662876042286e-06,-0.00017858936359854506,64.1753223034379
3,I1,N4,0.0,0.0,1.3404802469713057e-05,100.0,99.99998659519753,3.622669124882972e-06,0.00036226686392713315,100.0
3,I1,N5,0.0,0.0,1.1931678511549066e-05,100.0,99.99998806832149,3.4662844624802778e-06,0.0003466284048894359,100.0
3,I1,N6,0.0,0.0,9.367032354205236e-06,100.0,99.99999063296765,1.7199676506792063e-06,0.000171996748956928,100.0
3,I1,N7,0.0,0.0,9.423430853364021e-06,96.79917696005752,96.79916753662667,2.2081548536985293e-06,0.0002137475516299793,98.69979917474963
3,I1,N8,34.892289400739045,138.92876892479285,34.892473892320005,34.89247404924663,1.5692662458377526e-07,17.97150232906475,2.820207199199587e-06,5.548390168996775e-05
3,I1,N9,28.145900573935496,56.39030324820976,28.545382646756366,70.54820497511749,42.00282232836112,-2.728628956701444e-06,-0.00011461011726835212,41.801708721037876
3,I2,N1,0.0,0.0,0.0,100.0,100.0,9.081818090682919e-08,9.08181809068292e-06,100.0
3,I2,N2,0.03869153391634622,0.0773834075857798,0.0,99.51507724363293,99.51507724363293,9.126116791664177e-08,9.08186217456876e-06,99.47638570971658
3,I2,N3,9.04745587904379,24.232442604654437,9.306796509772054,73.22277818248168,63.91598167270962,1.4214126419947632e-07,9.085098437509504e-06,64.1753223034379
3,I2,N4,0.0,0.0,0.0,100.0,100.0,9.081818090682919e-08,9.08181809068292e-06,100.0
3,I2,N5,0.0,0.0,0.0,100.0,100.0,9.08181809068292e-08,9.08181809068292e-06,100.0
3,I2,N6,0.0,0.0,0.0,100.0,100.0,9.08181809068292e-08,9.08181809068292e-06,100.0
3,I2,N7,0.8145523777251925,1.629105102884847,0.0,99.51435155247482,99.51435155247482,9.126183408582765e-08,9.081862240540682e-06,98.69979917474963
3,I2,N8,12.944479014681985,69.83688826788823,12.944534370941653,12.944534498583678,1.2764202494963683e-07,35.36116558081999,4.513570779315265e-06,5.548390168996775e-05
3,I2,N9,8.831972260452456,23.72397188801235,9.089370409085648,50.63368098149033,41.54431057240468,2.1873349450145213e-07,9.0871322281557e-06,41.801708721037876
4,I3,N1,0.0,0.0,4.167382465925123e-06,100.0,99.99999583261753,3.340523088403299e-07,3.340522949190926e-05,100.0
4,I3,N2,0.14547990405800196,0.2909622845568304,4.395925544224227e-06,99.96130846608365,99.9613040701581,3.4232537467375004e-07,3.421929086869353e-05,99.8429091004198
4,I3,N3,1.0355296849628663,2.0710609641099413,6.440540784090893e-05,67.62693764069581,67.62687323528797,5.762662923573895e-06,0.0003897108750302258,66.86360264196418
4,I3,N4,0.0,0.0,4.142617300230051e-06,100.0,99.9999958573827,3.3550979693483984e-07,3.3550978303595295e-05,100.0
4,I3,N5,0.0,0.0,3.7159653408438313e-06,100.0,99.99999628403467,4.800733338062905e-07,4.800733159669318e-05,100.0
4,I3,N6,0.0,0.0,3.70482327281186e-06,100.0,99.99999629517673,2.69416241756615e-07,2.6941623177521937e-05,100.0
4,I3,N7,0.14569761152396485,0.29139770420687705,4.3960948741792635e-06,99.18544762227481,99.18544322617993,3.4302916413577425e-07,3.4023499684312796e-05,99.60993309846332
4,I3,N8,11.303360805126584,52.81594928625026,11.303377336241308,11.30337771642725,3.8018594139543893e-07,18.431763287986236,7.007497277220938e-06,5.358250518838759e-07
4,I3,N9,23.70764584739755,47.415293209225595,25.171512369255407,62.09366601743376,36.92215364817835,-5.3631796725016516e-06,-0.00019802014391089284,38.11399047725625
4,I4,N1,0.0,0.0,7.136860244846518e-06,100.0,99.99999286313975,9.0818187397146e-08,9.081818091557888e-06,100.0
4,I4,N2,0.0,0.0,7.2728815405826255e-06,99.81582856202566,99.81582128914411,9.098592504809642e-08,9.081834834428253e-06,99.8429091004198
4,I4,N3,22.179757532132847,44.378887383230506,22.586704686295704,87.82162212815246,65.23491744185675,1.392655785849819e-07,9.084978521483708e-06,66.86360264196418
4,I4,N4,0.0,0.0,7.1446413592658175e-06,100.0,99.99999285535864,9.081818740421976e-08,9.081818091558598e-06,100.0
4,I4,N5,0.0,0.0,7.1681367765358166e-06,100.0,99.99999283186322,9.081818742557915e-08,9.081818091560725e-06,100.0
4,I4,N6,0.0,0.0,7.137099099060978e-06,100.0,99.9999928629009,9.081818739736312e-08,9.081818091557908e-06,100.0
4,I4,N7,0.0,0.0,7.273141884432546e-06,99.03975001075084,99.03974273760895,9.16996059964029e-08,9.081905387023845e-06,99.60993309846332
4,I4,N8,40.85986564871946,167.56094454183108,40.85987069753421,40.859870779452386,8.191817357783293e-08,18.533324755670773,1.5182161143093863e-06,5.358250518838759e-07
4,I4,N9,0.27879835821248833,0.6004130044945698,0.00037144822714678914,39.3144813182145,39.31410986998735,2.3114690934279687e-07,9.087334990010721e-06,38.11399047725625
4,I1,N1,0.0,0.0,2.074365683754456e-05,100.0,99.99997925634317,1.8274995363045692e-06,0.00018274991572143367,100.0
4,I1,N2,0.0,0.0,8.396524376370803e-06,99.81582856202566,99.81582016550128,1.0861560374853528e-06,0.00010841555570931144,99.8429091004198
4,I1,N3,0.6292339830936565,1.2954670099077148,0.0008804153448446603,67.7372569038605,67.73637648851566,8.239015506461e-06,0.0005580810562403609,66.86360264196418
4,I1,N4,0.0,0.0,2.0741711830687487e-05,100.0,99.99997925828816,1.8274958763600828e-06,0.00018274954973061542,100.0
4,I1,N5,0.0,0.0,1.6688916845767845e-05,100.0,99.99998331108316,1.744314878260395e-06,0.00017443145871531355,100.0
4,I1,N6,0.0,0.0,8.086053675532081e-06,100.0,99.99999191394632,1.3070010155112089e-06,0.0001307000909826405,100.0
4,I1,N7,0.0,0.0,8.404154682980694e-06,99.03975001075084,99.03974160659615,1.0874365375933335e-06,0.00010769943369681533,99.60993309846332
4,I1,N8,34.89229304322103,138.9320469796139,34.892294604284736,34.892294531471975,0.0,32.92493188766218,0.0,5.358250518838759e-07
4,I1,N9,28.949880941563656,57.95829531628066,29.294443956261436,67.1815835339375,37.887139577676066,-9.74879637166116e-06,-0.0003693540088474684,38.11399047725625
4,I2,N1,0.0,0.0,5.880301057119498e-06,100.0,99.99999411969894,9.139554252318628e-08,9.139553714885322e-06,100.0
4,I2,N2,0.011610995522191369,0.02322281755441702,5.050496125001381e-06,99.854520095942,99.85451504544586,9.143153194167043e-08,9.129851281897694e-06,99.8429091004198
4,I2,N3,9.291876157846447,24.685674246697864,9.396627705904729,76.15547879981062,66.75885109390589,1.3727108362754442e-07,9.164059831390341e-06,66.86360264196418
4,I2,N4,0.0,0.0,5.880291540147541e-06,100.0,99.99999411970846,9.139557337991943e-08,9.139556800559327e-06,100.0
4,I2,N5,0.0,0.0,5.843137531677871e-06,100.0,99.99999415686247,9.14125054765909e-08,9.141250013523249e-06,100.0
4,I2,N6,0.0,0.0,5.394246559851561e-06,100.0,99.99999460575344,8.86542956065255e-08,8.865429082429422e-06,100.0
4,I2,N7,0.24436929001272578,0.48873940404933963,5.109564525675894e-06,99.85430238847603,99.8542972789115,9.140897381437692e-08,9.12757884522103e-06,99.60993309846332
4,I2,N8,12.944479967107867,69.83787922460006,12.94448037529039,12.944480502932919,1.2764252943497922e-07,35.36117048635507,4.513589244659896e-06,5.358250518838759e-07
4,I2,N9,8.949684375570051,23.818601203981856,9.000132424906162,47.0636748528263,38.06354242792014,2.406857883739811e-07,9.161353717570436e-06,38.11399047725625
5,I3,N1,0.0,0.0,2.0808210518150283e-05,100.0,99.99997919178948,0.0,0.0,100.0
5,I3,N2,0.043658350744325086,0.08731976473474243,2.054218132069942e-05,99.98838900447781,99.98836846229649,0.0,0.0,99.95285595229734
5,I3,N3,0.31089973491634204,0.6218010104778436,0.0003440420392601157,67.89913232692706,67.8987882848878,9.156575305643504e-07,6.2172036809252e-05,67.53836439490738
5,I3,N4,0.0,0.0,2.078919200889523e-05,100.0,99.999979210808,0.0,0.0,100.0
5,I3,N5,0.0,0.0,2.3321013572422763e-05,100.0,99.99997667898643,-6.546821187550456e-08,-6.546819660765398e-06,100.0
5,I3,N6,0.0,0.0,2.3055031704016045e-05,100.0,99.9999769449683,-5.692861905935439e-08,-5.692860593444322e-06,100.0
5,I3,N7,0.043723661567975435,0.08745038776931816,2.0540158265674803e-05,99.75563070998727,99.75561016982901,0.0,0.0,99.88296324701507
5,I3,N8,11.303360914178679,52.81629957646903,11.30336096091529,11.30336134095164,3.800363490569225e-07,18.437361377535264,7.0068675041616135e-06,9.072419970834744e-08
5,I3,N9,24.732272135937713,49.464545777948345,25.17139768816921,61.8216363246538,36.65023863648459,-5.339189891408288e-07,-1.9568258364562e-05,37.139237552112775
5,I4,N1,0.0,0.0,2.4782886855341274e-05,100.0,99.99997521711315,-3.2819504649817107e-06,-0.00032819496516196404,100.0
5,I4,N2,0.0,0.0,2.3847819957696756e-05,99.94473065373349,99.94470680591353,-2.7578432314694374e-06,-0.00027563183318588604,99.95285595229734
5,I4,N3,22.464836785744616,44.93548631934259,22.587013608721087,89.76799012414355,67.18097651542246,-4.169998724465714e-06,-0.00028014458637767273,67.53836439490738
5,I4,N4,0.0,0.0,2.4302400276753656e-05,100.0,99.99997569759972,-3.0164072136305934e-06,-0.00030164064805712385,100.0
5,I4,N5,0.0,0.0,2.4337838938791992e-05,100.0,99.99997566216106,-3.056250016014694e-06,-0.00030562492721894876,100.0
5,I4,N6,0.0,0.0,2.4301204278187614e-05,100.0,99.99997569879572,-3.0094464471355163e-06,-0.00030094457158037877,100.0
5,I4,N7,0.0,0.0,2.4644281765674815e-05,99.71190704841929,99.71188240413753,-3.1794762161276723e-06,-0.0003170315585692746,99.88296324701507
5,I4,N8,40.859865890252316,167.56105223497804,40.8598659937664,40.85986607549242,8.172602150580133e-08,18.540594819728568,1.5152490509674857e-06,9.072419970834744e-08
5,I4,N9,0.08371773244325675,0.1802814564570698,0.00011174997072891037,37.36816254692858,37.36805079695785,4.54803018378905e-06,0.00016995102293392678,37.139237552112775
5,I1,N1,0.0,0.0,1.329793676503254e-05,100.0,99.99998670206324,8.923611223586784e-08,8.923610036930607e-06,100.0
5,I1,N2,0.0,0.0,8.88920781550872e-06,99.94473065373349,99.94472176452567,9.00839373235477e-08,9.003414051254944e-06,99.95285595229734
5,I1,N3,0.18888757417593754,0.3889619279742305,0.00016768463977222598,67.9323873214926,67.93221963685282,1.5955183081083848e-07,1.083871001410386e-05,67.53836439490738
5,I1,N4,0.0,0.0,1.3299381345181096e-05,100.0,99.99998670061865,8.923589369909152e-08,8.923588183126972e-06,100.0
5,I1,N5,0.0,0.0,1.0162656374653216e-05,100.0,99.99998983734362,8.96042519996672e-08,8.960424289349496e-06,100.0
5,I1,N6,0.0,0.0,6.5911691271753875e-06,100.0,99.99999340883087,9.002533561332985e-08,9.002532967960771e-06,100.0
5,I1,N7,0.0,0.0,8.797011266198461e-06,99.71190704841929,99.71189825140803,9.031223672955864e-08,9.005204559634827e-06,99.88296324701507
5,I1,N8,34.892293223878895,138.9320158930878,34.892293301303695,34.89229322846114,0.0,32.92848673544325,0.0,9.072419970834744e-08
5,I1,N9,29.191581851541137,58.453544766775735,29.295167955817202,66.23432575604897,36.93915780023177,2.217867904714796e-07,8.192617251232925e-06,37.139237552112775
5,I2,N1,0.0,0.0,4.07569674319521e-06,100.0,99.99999592430326,2.6054044731791715e-07,2.6054043669907864e-05,100.0
5,I2,N2,0.003485696958337479,0.006972273795650349,3.426145257239993e-06,99.95634164925568,99.95633822311042,4.647047769235298e-08,4.645018785606342e-06,99.95285595229734
5,I2,N3,9.497011510255739,25.17252642210492,9.584926661288293,77.03537590516311,67.45044924387481,2.9468073923644885e-07,1.9876348245015603e-05,67.53836439490738
5,I2,N4,0.0,0.0,4.068404701271766e-06,100.0,99.9999959315953,2.5905460642306867e-07,2.590545958836789e-05,100.0
5,I2,N5,0.0,0.0,3.7194139208239035e-06,100.0,99.99999628058607,2.0856706482479612e-07,2.0856705706732368e-05,100.0
5,I2,N6,0.0,0.0,3.675404860575512e-06,100.0,99.99999632459514,-1.815828205133418e-07,-1.81582813839438e-05,100.0
5,I2,N7,0.07331309141695919,0.14662704772656213,3.2920187735011964e-06,99.95627633843202,99.95627304641324,0.0,0.0,99.88296324701507
5,I2,N8,12.944479880965918,69.83787816100381,12.94447984404794,12.944479971690114,1.2764217416361134e-07,35.36122012862908,4.513583018296272e-06,9.072419970834744e-08
5,I2,N9,8.85319072796512,23.503164011764927,8.81183630756301,45.992428280077895,37.18059197251489,4.0674990538241207e-07,1.51232022668825e-05,37.139237552112775
6,I3,N1,0.0,0.0,3.061195993059721e-05,100.0,99.99996938804007,-4.4365930402015436e-07,-4.43659168207346e-05,100.0
6,I3,N2,0.013118422876994947,0.026239833019911448,2.9882362424882975e-05,99.99651430304166,99.99648442067924,-3.882942447186338e-07,-3.882805939264627e-05,99.9858286637484
6,I3,N3,0.09515025319946913,0.19030202302117208,0.002686189606523571,67.84926412982371,67.84657794021719,1.4147750682185474e-05,0.0009598764693376576,70.67973217884922
6,I3,N4,0.0,0.0,3.053631478730502e-05,100.0,99.99996946368522,-4.3719584358059977e-07,-4.3719571007710075e-05,100.0
6,I3,N5,0.0,0.0,3.060769273457378e-05,100.0,99.99996939230726,-4.4328544109990815e-07,-4.432853054204624e-05,100.0
6,I3,N6,0.0,0.0,2.9804880428501403e-05,100.0,99.99997019511957,-3.8231479133555973e-07,-3.823146773870933e-05,100.0
6,I3,N7,0.013138016216006645,0.026279020110317877,2.98824937343059e-05,99.92668690858304,99.9266570260893,-3.8823991793278096e-07,-3.879551712310606e-05,99.96486082895882
6,I3,N8,11.303360711934971,52.81635178444627,11.303360625259097,11.303361004902868,3.796437706427014e-07,18.45205245850231,7.0052067714427445e-06,8.721676181266957e-08
6,I3,N9,25.038024131425054,50.07604976772859,25.169060700919626,61.87150968805049,36.702448987130865,-1.3766166758015833e-05,-0.0005052520331844128,33.90788998812896
6,I4,N1,0.0,0.0,2.5553090592873727e-06,100.0,99.99999744469095,0.0002437544362483995,0.02437544300197203,100.0
6,I4,N2,0.0,0.0,3.315186663525247e-06,99.98339588016466,99.983392564978,0.00031594990422540516,0.03158974330503589,99.9858286637484
6,I4,N3,22.549937559084178,45.101619996733675,22.58640931908685,90.21895066236885,67.632541343282,4.262495069137549e-05,0.002882833739889809,70.67973217884922
6,I4,N4,0.0,0.0,2.5503048234301845e-06,100.0,99.99999744969517,0.00024297685915159378,0.02429768529549432,100.0
6,I4,N5,0.0,0.0,2.5652732563621974e-06,100.0,99.99999743472674,0.0002453284981293195,0.02453284918359731,100.0
6,I4,N6,0.0,0.0,3.028666009055601e-06,100.0,99.99999697133399,0.000304805157679986,0.030480514844845576,100.0
6,I4,N7,0.0,0.0,3.3136166667285924e-06,99.91354889236703,99.91354557875036,0.00031610021237571064,0.03158269297665323,99.96486082895882
6,I4,N8,40.85986603696537,167.56107017929327,40.8598660998424,40.85986618322022,8.337782020362283e-08,18.478116090469662,1.5406650410928495e-06,8.721676181266957e-08
6,I4,N9,0.02561739548915092,0.05508965039235525,0.0007172510802484098,36.91720328906869,36.91648603798844,-4.280771314221992e-05,-0.0015803103445329759,33.90788998812896
6,I1,N1,0.0,0.0,1.507034912792869e-05,100.0,99.99998492965088,1.6396207101037127e-06,0.00016396204630071475,100.0
6,I1,N2,0.0,0.0,1.2014863678165894e-05,99.98339588016466,99.983383865301,1.237642841239935e-06,0.0001237437192838342,99.9858286637484
6,I1,N3,0.05713167116153445,0.11795229599863999,0.0006648555839331129,67.8579006774606,67.85723582187667,2.1984289967579928e-07,1.4917931487065886e-05,70.67973217884922
6,I1,N4,0.0,0.0,1.5138397674856503e-05,100.0,99.99998486160233,1.6525305663411226e-06,0.00016525303161744737,100.0
6,I1,N5,0.0,0.0,1.528164099677046e-05,100.0,99.999984718359,1.6721838791478815e-06,0.00016721836236107443,100.0
6,I1,N6,0.0,0.0,1.5067079690856127e-05,100.0,99.99998493292031,1.6947650341404595e-06,0.00016947647787888612,100.0
6,I1,N7,0.0,0.0,1.2026186608147066e-05,99.91354889236703,99.91353686618042,1.2360349847501533e-06,0.0001234966270167232,99.96486082895882
6,I1,N8,34.89229337724413,138.9319576870742,34.89229344297208,34.89229337013374,0.0,32.927983937651106,0.0,8.721676181266957e-08
6,I1,N9,29.263731037166842,58.60326019182956,29.294652116720712,66.08316774512068,36.78851562839996,-1.9614555510979467e-06,-7.215903819597867e-05,33.90788998812896
6,I2,N1,0.0,0.0,1.0834129361590896e-05,100.0,99.99998916587064,1.4366070104844865e-07,1.4366068548406246e-05,100.0
6,I2,N2,0.0010529133746042824,0.0021071499438622037,1.0291838718626225e-05,99.986881577123,99.98687128528428,1.4532350466501566e-07,1.453044255566733e-05,99.9858286637484
6,I2,N3,6.618048337705593,17.78334958269217,5.384206978041244,77.29778051655482,71.91357353851357,9.914563449276362e-08,7.1299168771179445e-06,70.67973217884922
6,I2,N4,0.0,0.0,9.735225430127042e-06,100.0,99.99999026477457,1.3621886077459345e-07,1.3621884751338027e-05,100.0
6,I2,N5,0.0,0.0,1.0116704038180002e-05,100.0,99.99998988329597,1.8253884985318436e-07,1.8253883138626918e-05,100.0
6,I2,N6,0.0,0.0,1.0854544686305175e-05,100.0,99.99998914545532,6.602289871244196e-08,6.602289154595692e-06,100.0
6,I2,N7,0.022001154825170302,0.04400363065728269,1.0324857260775197e-05,99.986861983784,99.98685165892674,1.4604744920166353e-07,1.460282463849137e-05,99.96486082895882
6,I2,N8,12.944479786638759,69.83786784727421,12.944479746212831,12.944479873855528,1.2764269641252213e-07,35.361148529730066,4.513592346578438e-06,8.721676181266957e-08
6,I2,N9,11.764737447789997,30.944388600150994,13.012543184857801,45.672627435918955,32.66008425106115,2.0041361857117197e-07,6.54552566759451e-06,33.90788998812896
7,I3,N1,0.0,0.0,9.617113933742642e-07,100.0,99.9999990382886,7.760495735198915e-07,7.760495660565343e-05,100.0
7,I3,N2,0.003936223633454408,0.007874369889360815,9.953862227481298e-07,99.99894708662539,99.99894609123918,6.890049879580726e-07,6.88997726474142e-05,99.99574293737524
7,I3,N3,0.029947477082760698,0.05989646766850248,0.0020034301755999387,70.7748824320487,70.7728790018731,1.6565567719802572e-07,1.1723929198309221e-05,71.06836281385705
7,I3,N4,0.0,0.0,9.619855596791013e-07,100.0,99.99999903801444,7.750358962814311e-07,7.750358888256976e-05,100.0
7,I3,N5,0.0,0.0,9.954368952516538e-07,100.0,99.99999900456311,6.489990977463475e-07,6.48999091285971e-05,100.0
7,I3,N6,0.0,0.0,8.966318643035653e-07,100.0,99.99999910336814,1.053139665897965e-07,1.0531396564551792e-05,100.0
7,I3,N7,0.003942101635616527,0.007886126017563734,9.95386877904322e-07,99.97799884517482,99.97799784978794,6.890211425085261e-07,6.888695430417585e-05,99.9894525387426
7,I3,N8,11.30336050839574,52.816402862651316,11.30336042116464,11.303360799151733,3.7798709229264205e-07,18.514309288889695,6.998169933914069e-06,8.681789154252328e-08
7,I3,N9,25.130243610414002,50.26048872962673,25.169766244266413,58.94591411955401,33.7761478752876,2.301926470098804e-07,7.7750208852096e-06,33.49222671308827
7,I4,N1,0.0,0.0,1.4505279653759625e-05,100.0,99.99998549472035,6.632870075586692e-07,6.632869113470339e-05,100.0
7,I4,N2,0.0,0.0,1.4594558320826613e-05,99.99501086299195,99.99499626843362,6.58719764853307e-07,6.58686804284499e-05,99.99574293737524
7,I4,N3,22.57591707691988,45.152358679780534,22.58705115599232,93.29487251405011,70.7078213580578,-2.621240903799534e-06,-0.00018534223356229143,71.06836281385705
7,I4,N4,0.0,0.0,1.454757750181251e-05,100.0,99.9999854524225,6.613862697589736e-07,6.613861735432934e-05,100.0
7,I4,N5,0.0,0.0,1.465550950163144e-05,100.0,99.9999853444905,6.634378992548807e-07,6.634378020246764e-05,100.0
7,I4,N6,0.0,0.0,1.1461144670215604e-05,100.0,99.99998853885533,7.026049531433528e-07,7.026048726167827e-05,100.0
7,I4,N7,0.0,0.0,1.4595059696646789e-05,99.97405674353921,99.97404214847951,6.587133422767292e-07,6.585423544453954e-05,99.9894525387426
7,I4,N8,40.85986618586277,167.5610881045742,40.859866249675946,40.85986632772137,7.804542434541872e-08,18.680816698291625,1.4579522663371538e-06,8.681789154252328e-08
7,I4,N9,0.007742607733652969,0.016642788093218144,8.198440986813241e-05,33.841287904629155,33.84120592021929,3.018234877009028e-06,0.00010214070798845025,33.49222671308827
7,I1,N1,0.0,0.0,1.4414226795933775e-05,100.0,99.9999855857732,1.1513140769661784e-06,0.00011513139110131562,100.0
7,I1,N2,0.0,0.0,9.064241872697543e-06,99.99501086299195,99.99500179875007,7.527137845892931e-07,7.526761624395034e-05,99.99574293737524
7,I1,N3,0.01729457005910937,0.03580892655391752,0.00022152672949861285,70.77608710829176,70.77586558156226,-2.2211338357831317e-06,-0.0001572026698000467,71.06836281385705
7,I1,N4,0.0,0.0,1.4414436400620594e-05,100.0,99.99998558556359,1.15132561534695e-06,0.00011513254493898513,100.0
7,I1,N5,0.0,0.0,1.4257591272764578e-05,100.0,99.99998574240873,1.144463742331042e-06,0.00011444635791580793,100.0
7,I1,N6,0.0,0.0,1.0658030034715472e-05,100.0,99.99998934196996,9.133852722985161e-07,9.133851749496394e-05,100.0
7,I1,N7,0.0,0.0,9.064735391222952e-06,99.97405674353921,99.97404767880381,7.527620461208258e-07,7.525666868967736e-05,99.9894525387426
7,I1,N8,34.89229352753697,138.93189945529966,34.89229359194819,34.892293519102736,0.0,32.92883192780638,0.0,8.681789154252328e-08
7,I1,N9,29.285699386015978,58.64922147909232,29.295114392665607,63.09727633406235,33.80216194139675,1.3314660408252012e-06,4.500643073144383e-05,33.49222671308827
7,I2,N1,0.0,0.0,1.1892367384296994e-05,100.0,99.99998810763262,3.105650000525793e-06,0.00031056496311904853,100.0
7,I2,N2,0.00032083899130721534,0.0006428526710377742,7.092827037043694e-06,99.99606377636654,99.9960566835395,-6.176145806583624e-07,-6.175902261609409e-05,99.99574293737524
7,I2,N3,6.308478062081208,17.169269721075924,6.1758050868136145,77.37684087593826,71.20103578912465,2.150750002684107e-06,0.00015313562791457102,71.06836281385705
7,I2,N4,0.0,0.0,1.1838637251939876e-05,100.0,99.99998816136275,3.050298016803016e-06,0.0003050297655689299,100.0
7,I2,N5,0.0,0.0,1.1821171670298263e-05,100.0,99.99998817882833,3.0565631629825685e-06,0.000305656280166099,100.0
7,I2,N6,0.0,0.0,8.9852423057339e-06,100.0,99.9999910147577,-1.927196676513756e-06,-0.0001927196503350465,100.0
7,I2,N7,0.00660535962178176,0.013211892566220693,7.161677472383326e-06,99.99605789836438,99.99605073668691,-5.58820529555655e-07,-5.587984602614952e-05,99.9894525387426
7,I2,N8,12.944479691386633,69.83785787767852,12.944479650564295,12.944479778204524,1.276402290528722e-07,35.36148795478406,4.513548422199019e-06,8.681789154252328e-08
7,I2,N9,12.084087682748102,31.574155461573916,12.220952069158717,45.57631439583637,33.35536232667765,2.2689356447849244e-06,7.568117052771513e-05,33.49222671308827
8,I3,N1,0.0,0.0,3.721702191283402e-05,100.0,99.99996278297809,9.081821297943804e-08,9.081817917960381e-06,100.0
8,I3,N2,0.001214638194824119,0.0024324029065413053,4.824443541113766e-05,99.99967916100869,99.99963091657328,9.08185161827773e-08,9.081818098668568e-06,99.99846452281386
8,I3,N3,0.009248483219506384,0.018498499179938465,0.000377485849540245,71.0983102909398,71.09793280509027,1.2777369034588355e-07,9.08444525047004e-06,71.0934067025215
8,I3,N4,0.0,0.0,3.725135454268552e-05,100.0,99.99996274864546,9.081821301861885e-08,9.081817918760432e-06,100.0
8,I3,N5,0.0,0.0,3.641033203408146e-05,100.0,99.99996358966797,9.081821205610932e-08,9.081817898889676e-06,100.0
8,I3,N6,0.0,0.0,3.663297688969264e-05,100.0,99.99996336702311,9.081821231412212e-08,9.08181790447074e-06,100.0
8,I3,N7,0.0012231084122850107,0.002449283895189501,5.7825602285789035e-05,99.99339464037821,99.99333681477593,9.082423889346815e-08,9.081818710620233e-06,99.99217153196594
8,I3,N8,11.303360308062453,52.81645338580938,11.303360222205331,11.303360595213633,3.7300830157960263e-07,18.70390293721395,6.9767110675199165e-06,-1.085919620891218e-08
8,I3,N9,25.1590364720297,50.31807446814727,25.171376269865004,58.62247032350227,33.45109405363726,2.7167627311745365e-07,9.087868564193587e-06,33.462053272915924
8,I4,N1,0.0,0.0,2.0808091046270994e-05,100.0,99.99997919190895,9.081819982553963e-08,9.081818092800592e-06,100.0
8,I4,N2,0.0,0.0,8.396367263504556e-06,99.99846452281386,99.9984561264466,9.081958445215761e-08,9.081818231261195e-06,99.99846452281386
8,I4,N3,22.583517275991127,45.16719300202668,22.58677450416452,93.66497888464018,71.07820438047565,1.278091841981158e-07,9.084447316135534e-06,71.0934067025215
8,I4,N4,0.0,0.0,2.1511469410672314e-05,100.0,99.99997848853059,9.081820046497545e-08,9.081818092864604e-06,100.0
8,I4,N5,0.0,0.0,2.464241000803557e-05,100.0,99.99997535758999,9.08182033112847e-08,9.081818093149066e-06,100.0
8,I4,N6,0.0,0.0,1.8907034021463247e-06,100.0,99.9999981092966,9.08181826279122e-08,9.081818091080974e-06,100.0
8,I4,N7,0.0,0.0,8.49771267461064e-06,99.99217153196594,99.99216303425327,9.0825305981724e-08,9.081818803360485e-06,99.99217153196594
8,I4,N8,40.85986633924527,167.56110588342352,40.859866404980636,40.859866473013945,6.80333087643703e-08,19.073219108851855,1.2976142047630062e-06,-1.085919620891218e-08
8,I4,N9,0.0025703376944669013,0.005489040429779036,0.0003536505348157293,33.47117645920622,33.47082280867141,2.715160678818288e-07,9.08786619777989e-06,33.462053272915924
8,I1,N1,0.0,0.0,6.537980844742841e-06,100.0,99.99999346201915,1.0387776595391577e-07,1.0387775916240732e-05,100.0
8,I1,N2,0.0,0.0,4.908491683290651e-06,99.99846452281386,99.99845961432217,1.0247793765977806e-07,1.0247635910430342e-05,99.99846452281386
8,I1,N3,0.005349476186648463,0.011175684060457495,0.00023015024130807293,71.09875617870816,71.09852602846685,8.21008422066319e-08,5.837248866587268e-06,71.0934067025215
8,I1,N4,0.0,0.0,6.5379141715063465e-06,100.0,99.99999346208583,1.0387772675439535e-07,1.0387771996295873e-05,100.0
8,I1,N5,0.0,0.0,6.516931028684291e-06,100.0,99.99999348306898,1.0431647811568999e-07,1.0431647131745706e-05,100.0
8,I1,N6,0.0,0.0,5.270391539531927e-06,100.0,99.99999472960846,1.1404774670143235e-07,1.1404774069066955e-05,100.0
8,I1,N7,0.0,0.0,4.908459155957703e-06,99.99217153196594,99.99216662350678,1.0248196597937598e-07,1.0247393818114316e-05,99.99217153196594
8,I1,N8,34.89229367216484,138.93184172527125,34.89229373414822,34.892293661305644,0.0,32.92848829665648,0.0,-1.085919620891218e-08
8,I1,N9,29.29225223461181,58.66295566612157,29.29506059829573,62.75430550752773,33.459244909232,2.9325685201808297e-07,9.812152832983445e-06,33.462053272915924
8,I2,N1,0.0,0.0,0.0,100.0,100.0,nan,nan,100.0
8,I2,N2,0.00032083899130721534,0.0006428526710377742,0.00032083899130721534,99.99878536180518,99.99846452281386,nan,nan,99.99846452281386
8,I2,N3,6.308478062081208,17.169269721075924,6.308478062081208,77.40188476460271,71.0934067025215,nan,nan,71.0934067025215
8,I2,N4,0.0,0.0,0.0,100.0,100.0,nan,nan,100.0
8,I2,N5,0.0,0.0,0.0,100.0,100.0,nan,nan,100.0
8,I2,N6,0.0,0.0,0.0,100.0,100.0,nan,nan,100.0
8,I2,N7,0.00660535962178176,0.013211892566220693,0.00660535962178176,99.99877689158771,99.99217153196592,nan,nan,99.99217153196594
8,I2,N8,12.944479691386633,69.83785787767852,12.944479691386633,12.944479680527436,0.0,nan,nan,-1.085919620891218e-08
8,I2,N9,12.084087682748102,31.574155461573916,12.084087682748102,45.54614095566402,33.462053272915924,nan,nan,33.462053272915924
9,I3,N1,0.0,0.0,2.880505389412642e-05,100.0,99.99997119494611,9.081820709550902e-08,9.081818093527553e-06,100.0
9,I3,N2,0.00038457151258849883,0.0007721475035632866,2.882864877323298e-05,99.99967916100869,99.9996503323599,9.08184987898701e-08,9.081818122696862e-06,99.9992945894961
9,I3,N3,0.0030512621035723555,0.006104076011108202,0.00039531019674348566,71.10265518574101,71.10225987554428,1.2776591312103273e-07,9.084445157967883e-06,71.10118940107189
9,I3,N4,0.0,0.0,2.880345856348695e-05,100.0,99.99997119654144,9.081820709405848e-08,9.081818093527383e-06,100.0
9,I3,N5,0.0,0.0,2.879255740924634e-05,100.0,99.99997120744258,9.081820708414862e-08,9.08181809352642e-06,100.0
9,I3,N6,0.0,0.0,2.8850047555991354e-05,100.0,99.99997114995244,9.081820713641224e-08,9.081818093531629e-06,100.0
9,I3,N7,0.000387112573627696,0.0007772117921031605,2.8828642774561085e-05,99.99339464037821,99.99336581173544,9.08242123894092e-08,9.08181869401695e-06,99.9930075278046
9,I3,N8,11.303360042443982,52.81649652170099,11.303359928607495,11.303360297203255,3.6859576013625883e-07,18.87531160362092,6.957359828345399e-06,-1.377686942305445e-08
9,I3,N9,25.169736907788668,50.339475357394306,25.174322808828222,58.62108974494562,33.4467669361174,2.717114133256131e-07,9.087868315384845e-06,33.45304235232756
9,I4,N1,0.0,0.0,1.2015629258979543e-05,100.0,99.99998798437075,9.081818833640797e-08,9.081817742403116e-06,100.0
9,I4,N2,0.0,0.0,1.273817492749842e-05,99.9992945894961,99.99928185132117,9.081883041280465e-08,9.081817819857391e-06,99.9992945894961
9,I4,N3,22.585610625000307,45.17126988162949,22.58650777457567,93.68312119962857,71.09661342505291,1.2777629916539416e-07,9.084462146645939e-06,71.10118940107189
9,I4,N4,0.0,0.0,1.2168431945088729e-05,100.0,99.99998783156805,9.08181885094354e-08,9.081817745828593e-06,100.0
9,I4,N5,0.0,0.0,1.216580210293439e-05,100.0,99.9999878341979,9.081818850701075e-08,9.081817745824966e-06,100.0
9,I4,N6,0.0,0.0,1.278285944128753e-05,100.0,99.99998721714056,9.081818917062324e-08,9.081817756146178e-06,100.0
9,I4,N7,0.0,0.0,1.2476266437433331e-05,99.9930075278046,99.99299505153816,9.082454608724125e-08,9.081818387459713e-06,99.9930075278046
9,I4,N8,40.85986646996859,167.5611214337463,40.859866525992864,40.859866594004544,6.801167984349377e-08,19.13131764019851,1.3011530503293657e-06,-1.377686942305445e-08
9,I4,N9,0.0018277017559653903,0.003761011728261616,0.0015094292108933137,33.453923174851425,33.452413745640534,2.716644859351151e-07,9.087832783498214e-06,33.45304235232756
9,I1,N1,0.0,0.0,1.013058165184838e-05,100.0,99.99998986941834,1.2290303752535485e-07,1.2290302507456228e-05,100.0
9,I1,N2,0.0,0.0,1.0530075181145017e-05,99.9992945894961,99.99928405942092,1.2136127901037219e-07,1.2136041013572845e-05,99.9992945894961
9,I1,N3,0.0016706497430260296,0.003533218738244741,9.400983861641489e-05,71.10286005081491,71.10276604097629,1.2198853910946174e-06,8.673722555980545e-05,71.10118940107189
9,I1,N4,0.0,0.0,1.006669926227442e-05,100.0,99.99998993330074,1.2268741809280432e-07,1.226874057422309e-05,100.0
9,I1,N5,0.0,0.0,9.424519003964688e-06,100.0,99.999990575481,1.123628123702999e-07,1.123628017806453e-05,100.0
9,I1,N6,0.0,0.0,1.899981745845408e-05,100.0,99.99998100018254,1.424597862317943e-07,1.4245975916469498e-05,100.0
9,I1,N7,0.0,0.0,1.0530248125181098e-05,99.9930075278046,99.99299699755647,1.2136702641308827e-07,1.2135852707726292e-05,99.9930075278046
9,I1,N8,34.89229380997767,138.93178190008638,34.89229386904031,34.8922937962008,0.0,32.92812235909205,0.0,-1.377686942305445e-08
9,I1,N9,29.291305355379713,58.66128435278745,29.290899549994528,62.74434770770726,33.453448157712735,-8.689029772935972e-07,-2.9067800704973602e-05,33.45304235232756
9,I2,N1,0.0,0.0,0.0,100.0,100.0,nan,nan,100.0
9,I2,N2,0.00032083899130721534,0.0006428526710377742,0.00032083899130721534,99.99961542848742,99.9992945894961,nan,nan,99.9992945894961
9,I2,N3,6.308478062081208,17.169269721075924,6.308478062081208,77.4096674631531,71.10118940107189,nan,nan,71.10118940107189
9,I2,N4,0.0,0.0,0.0,100.0,100.0,nan,nan,100.0
9,I2,N5,0.0,0.0,0.0,100.0,100.0,nan,nan,100.0
9,I2,N6,0.0,0.0,0.0,100.0,100.0,nan,nan,100.0
9,I2,N7,0.00660535962178176,0.013211892566220693,0.00660535962178176,99.99961288742637,99.99300752780458,nan,nan,99.9930075278046
9,I2,N8,12.944479691386633,69.83785787767852,12.944479691386633,12.944479677609763,0.0,nan,nan,-1.377686942305445e-08
9,I2,N9,12.084087682748102,31.574155461573916,12.084087682748102,45.537130035075656,33.45304235232756,nan,nan,33.45304235232756
10,I3,N1,0.0,0.0,1.0109105917126773e-06,100.0,99.9999989890894,9.081818182810055e-08,9.081818091000992e-06,100.0
10,I3,N2,0.00011609654018014676,0.00023415361775974632,1.0358377194244105e-06,99.99967916100869,99.99967812517097,9.081847352351077e-08,9.081818120170439e-06,99.9997873937958
10,I3,N3,0.0010709535692297388,0.0021434763540223484,0.00022224991165433145,71.10424066317546,71.1040184132638,1.2776275098161176e-07,9.08444499832576e-06,73.65981788820821
10,I3,N4,0.0,0.0,1.0109135723438793e-06,100.0,99.99999898908642,9.081818182810325e-08,9.081818091000992e-06,100.0
10,I3,N5,0.0,0.0,1.0365713494950773e-06,100.0,99.99999896342865,9.08181818514285e-08,9.081818091003325e-06,100.0
10,I3,N6,0.0,0.0,9.209503950809489e-07,100.0,99.9999990790496,9.081818174631855e-08,9.081818090992815e-06,100.0
10,I3,N7,0.00011685885849217935,0.00023567290432272126,1.0358377198150346e-06,99.99339464037821,99.99339360454049,9.082418711987898e-08,9.081818691490496e-06,99.99790127496847
10,I3,N8,11.303359776190005,52.81654046836995,11.303359662081158,11.3033600286671,3.665859420465267e-07,18.95441759742806,6.948423030896429e-06,8.479767643621017e-08
10,I3,N9,25.175360719230987,50.35072299180023,25.17777092413484,58.62277926011622,33.44500833598138,2.7172570522227076e-07,9.087868476259264e-06,30.890782619031114
10,I4,N1,0.0,0.0,1.4432529559612662e-08,100.0,99.99999998556747,7.867374654439089e-08,7.867374653303628e-06,100.0
10,I4,N2,0.0,0.0,6.537271283854773e-08,99.99956306446852,99.9995629990958,-1.0210225784453549e-06,-0.00010210181165674551,99.9997873937958
10,I4,N3,22.587982218552582,45.17598011614964,22.588998615789272,93.68878033460653,71.09978171881727,6.332173950448234e-06,0.00045021618568245024,73.65981788820821
10,I4,N4,0.0,0.0,1.3425218945759955e-08,100.0,99.99999998657478,8.680365081903814e-08,8.680365080738455e-06,100.0
10,I4,N5,0.0,0.0,1.549852210539774e-08,100.0,99.99999998450147,7.441796709476791e-08,7.441796708323422e-06,100.0
10,I4,N6,0.0,0.0,1.2031816131079626e-08,100.0,99.99999998796818,9.109124213683944e-08,9.109124212587951e-06,100.0
10,I4,N7,0.0,0.0,5.268351236331393e-08,99.99327778151972,99.9932777288362,-6.507034641064286e-07,-6.506597220550992e-05,99.99790127496847
10,I4,N8,40.85986660307219,167.5611264499555,40.8598666601166,40.85986672244569,6.232908589254293e-08,19.217726716571907,1.1978233391766274e-06,8.479767643621017e-08
10,I4,N9,0.0005483252983945078,0.0011283810368479578,2.1102292700997307e-08,33.449246242641195,33.4492462215389,-9.404807317517942e-07,-3.145837156297884e-05,30.890782619031114
10,I1,N1,0.0,0.0,4.5161053241436356e-08,100.0,99.99999995483894,9.127460952141813e-08,9.127460948019755e-06,100.0
10,I1,N2,0.0,0.0,2.7469411118998634e-08,99.99956306446852,99.9995630369991,9.281336050484746e-08,9.281295494480216e-06,99.9997873937958
10,I1,N3,0.0005012646170652506,0.0010604754419130636,9.956308205953244e-08,71.10246876579698,71.1024686662339,1.29700411255119e-07,9.22201942726475e-06,73.65981788820821
10,I1,N4,0.0,0.0,4.5190649840306984e-08,100.0,99.99999995480935,9.127344002956997e-08,9.12734399883229e-06,100.0
10,I1,N5,0.0,0.0,4.192174695353235e-08,100.0,99.99999995807825,9.140852950402658e-08,9.140852946570651e-06,100.0
10,I1,N6,0.0,0.0,2.7927986688090122e-08,100.0,99.99999997207202,9.315277379574615e-08,9.315277376973046e-06,100.0
10,I1,N7,0.0,0.0,2.7013854738162604e-08,99.99327778151972,99.99327775450587,9.29438586323112e-08,9.293761071796221e-06,99.99790127496847
10,I1,N8,34.89229394447038,138.93173266919763,34.89229400211012,34.89229392935117,0.0,32.91860326310185,0.0,8.479767643621017e-08
10,I1,N9,29.288131011221463,58.65504721020485,29.286770578010785,62.74000327272252,33.45323269471173,-1.858890831338149e-06,-6.218590753482123e-05,30.890782619031114
10,I2,N1,0.0,0.0,6.738958670050615e-07,100.0,99.99999932610413,8.951631463878486e-08,8.951631403553812e-06,100.0
10,I2,N2,9.650966401658754e-05,0.0001933600026712103,3.6852374917560805e-07,99.99988390345982,99.99988353493607,9.371601068675753e-08,9.371590154034577e-06,99.9997873937958
10,I2,N3,3.7506276750529084,12.106580197857099,2.6544060806122087,77.41044556326112,74.75603948264892,3.975732205499841e-05,0.00297209993726785,73.65981788820821
10,I2,N4,0.0,0.0,6.737996328366783e-07,100.0,99.99999932620037,8.951624184826823e-08,8.951624124510812e-06,100.0
10,I2,N5,0.0,0.0,6.59833408422104e-07,100.0,99.9999993401666,8.950164749441916e-08,8.95016469038574e-06,100.0
10,I2,N6,0.0,0.0,3.8396562976706366e-07,100.0,99.99999961603437,9.740323277870871e-08,9.740323240471378e-06,100.0
10,I2,N7,0.001981866173040408,0.003964072641639704,3.6898072268563213e-07,99.99988314114151,99.99988277216079,9.370818566884008e-08,9.370807581675884e-06,99.99790127496847
10,I2,N8,12.944479591469747,69.83785033158426,12.944479548648223,12.94447967626742,1.276191969878937e-07,35.36048925394749,4.5126772436878235e-06,8.479767643621017e-08
10,I2,N9,14.645177325218036,36.64219487977534,15.742787171990866,45.53595994424916,29.79317277225829,-3.3598803216864574e-05,-0.001001014949181154,30.890782619031114
11,I3,N1,0.0,0.0,1.050081880743023e-05,100.0,99.9999894991812,8.664602382712794e-08,8.664601472858597e-06,100.0
11,I3,N2,0.0,0.0,1.1279487186080937e-05,99.99990349033598,99.9998922108488,8.506379179928998e-08,8.506370010975082e-06,100.0
11,I3,N3,0.00033766163359887227,0.0006779234335746,2.3393661185643658e-05,73.66088884177745,73.66086544811627,1.2661081438196007e-07,9.326262162465985e-06,72.16367580670871
11,I3,N4,0.0,0.0,1.1349665964986327e-05,100.0,99.99998865033403,8.485175938626497e-08,8.485174975587372e-06,100.0
11,I3,N5,0.0,0.0,1.731567521323731e-05,100.0,99.99998268432479,5.353026892209967e-08,5.3530259652972165e-06,100.0
11,I3,N6,0.0,0.0,8.649220374741059e-07,100.0,99.99999913507796,9.077108975094732e-08,9.077108896584815e-06,100.0
11,I3,N7,0.0,0.0,1.1282047063857378e-05,99.99801813382696,99.99800685177989,8.505952863256126e-08,8.50578332700803e-06,99.99940356558545
11,I3,N8,11.303359598380643,52.8165899651637,11.303359522176631,11.303359860987683,3.38811052102983e-07,20.119545611816175,6.816724416573393e-06,8.3534317241174e-08
11,I3,N9,25.177195931780116,50.35439352002926,25.177982451444027,56.06614333826211,30.88816088681808,2.913726796696981e-07,8.999966207660942e-06,32.385749181143
11,I4,N1,0.0,0.0,2.0497833339035375e-06,100.0,99.99999795021667,6.23480436556955e-07,6.234804237769569e-05,100.0
11,I4,N2,0.0,0.0,2.042508711858636e-06,99.99990349033598,99.99990144782727,5.517416599669067e-07,5.51741116213513e-05,100.0
11,I4,N3,22.58866955350806,45.17734501498106,22.588964125631836,96.24853339869642,73.65956927306459,-3.4135187834796454e-05,-0.002514383232966261,72.16367580670871
11,I4,N4,0.0,0.0,2.032578960877293e-06,100.0,99.99999796742104,5.341302651034383e-07,5.341302542468189e-05,100.0
11,I4,N5,0.0,0.0,2.048896908800233e-06,100.0,99.9999979511031,6.017006903704445e-07,6.017006780422177e-05,100.0
11,I4,N6,0.0,0.0,2.0523816356058776e-06,100.0,99.99999794761837,6.085751583652371e-07,6.085751458749523e-05,100.0
11,I4,N7,0.0,0.0,2.046714703468483e-06,99.99801813382696,99.99801608711226,5.75358714108542e-07,5.7534729949286205e-05,99.99940356558545
11,I4,N8,40.85986676032745,167.56114390198107,40.859866827722556,40.85986686567923,3.795667424810745e-08,20.357862263745655,7.727167463328331e-07,8.3534317241174e-08
11,I4,N9,0.0001913180464424936,0.0003932983926030933,3.831493846305889e-05,30.889495731780386,30.88945741684192,3.4487299401386174e-05,0.0010652939662809961,32.385749181143
11,I1,N1,0.0,0.0,1.688591433542844e-05,100.0,99.99998311408567,8.243865842736602e-08,8.243864450684478e-06,100.0
11,I1,N2,0.0,0.0,1.1020424112609384e-05,99.99990349033598,99.99989246991187,8.546673878604023e-08,8.54666468835807e-06,100.0
11,I1,N3,0.005815933240960674,0.014638565985363896,0.008093648365487285,73.66036510980544,73.65227146143995,-1.06328130570439e-05,-0.0007831308336761405,72.16367580670871
11,I1,N4,0.0,0.0,1.6886091161351417e-05,100.0,99.99998311390884,8.243852317351865e-08,8.243850925287447e-06,100.0
11,I1,N5,0.0,0.0,1.6915455466399757e-05,100.0,99.99998308454454,8.240477946117664e-08,8.240476552203287e-06,100.0
11,I1,N6,0.0,0.0,1.4099141764258064e-05,100.0,99.99998590085823,8.402611983798118e-08,8.402610799101942e-06,100.0
11,I1,N7,0.0,0.0,1.1020356735994045e-05,99.99801813382696,99.99800711347022,8.546821664743225e-08,8.546651336285544e-06,99.99940356558545
11,I1,N8,34.89229406920709,138.93167826090706,34.892294122665675,34.892294049822155,0.0,32.928601086914135,0.0,8.3534317241174e-08
11,I1,N9,29.281572184658046,58.63895573030196,29.278761258988013,60.177435424955405,30.898674165967392,1.1075465195700896e-05,0.00034221719031847427,32.385749181143
11,I2,N1,0.0,0.0,4.149725521511985e-06,100.0,99.99999585027447,9.84525178924642e-07,9.845251380695493e-05,100.0
11,I2,N2,0.0,0.0,2.6778263182523434e-06,100.0,99.99999732217368,4.449547876193399e-07,4.449547757042235e-05,100.0
11,I2,N3,5.241501044908681,14.663658838628647,5.880446774846869,77.40517685161738,71.52473007677051,1.719118007511231e-07,1.2295945145735632e-05,72.16367580670871
11,I2,N4,0.0,0.0,4.149607714685948e-06,100.0,99.99999585039228,9.844386511079304e-07,9.844386102575881e-05,100.0
11,I2,N5,0.0,0.0,4.051789011456895e-06,100.0,99.999995948211,9.542513630843177e-07,9.542513244200658e-05,100.0
11,I2,N6,0.0,0.0,2.889544769162001e-06,100.0,99.99999711045523,4.837531368287765e-07,4.8375312285051303e-05,100.0
11,I2,N7,0.000596434414548132,0.001193682367662484,2.67794662287067e-06,100.0,99.99999732205337,4.450239888520928e-07,4.4502397693458794e-05,99.99940356558545
11,I2,N8,12.944479488550497,69.83784254623998,12.944479444442246,12.944479572084816,1.2764257029118653e-07,35.361166247645734,4.513590148343453e-06,8.3534317241174e-08
11,I2,N9,13.155291384372397,34.086756220010614,12.516768838295693,45.541040565515395,33.0242717272197,3.1019701295252097e-07,1.024403044471594e-05,32.385749181143
12,I3,N1,0.0,0.0,5.210462178342194e-08,100.0,99.99999994789538,9.056227686968178e-08,9.056227682249466e-06,100.0
12,I3,N2,0.0,0.0,3.23223561102653e-08,100.0,99.99999996767764,9.117533467124297e-08,9.117533464177295e-06,100.0
12,I3,N3,0.00010144572811569984,0.00020393475683250432,2.1034005148305774e-07,72.1640134683423,72.16401325800226,1.3766665935426882e-07,9.934578630826335e-06,72.1682040819703
12,I3,N4,0.0,0.0,5.201152199147274e-08,100.0,99.99999994798848,9.056443743611192e-08,9.056443738900799e-06,100.0
12,I3,N5,0.0,0.0,4.9808372710622716e-08,100.0,99.99999995019162,9.048215331522096e-08,9.048215327015326e-06,100.0
12,I3,N6,0.0,0.0,6.192543741409919e-08,100.0,99.99999993807457,9.034469280550632e-08,9.034469274955998e-06,100.0
12,I3,N7,0.0,0.0,2.8349706815941827e-08,99.99940356558545,99.99940353723575,9.140865849675729e-08,9.140811327814606e-06,99.99940356558545
12,I3,N8,11.303359474648909,52.816637749756694,11.303359421621023,11.30335968191497,2.602939463969278e-07,23.633719417965477,6.151714095339938e-06,-4.360535399428045e-08
12,I3,N9,25.177713000788515,50.35542956694916,25.177934601792114,57.56294511292312,32.385010511131,1.8412010483529517e-06,5.9627315304015756e-05,32.38119845243695
12,I4,N1,0.0,0.0,1.3681077407390671e-05,100.0,99.9999863189226,8.954859074860684e-05,0.008954857849739482,100.0
12,I4,N2,0.0,0.0,1.3640445260534226e-05,100.0,99.99998635955474,0.00010950867435642204,0.010950865941895127,100.0
12,I4,N3,22.588404593541924,45.17681301221869,22.588291039270725,94.75258157612224,72.16429053685151,7.61889610364521e-05,0.005498122319935389,72.1682040819703
12,I4,N4,0.0,0.0,1.3717102867402392e-05,100.0,99.99998628289713,9.136304867511701e-05,0.009136303614275363,100.0
12,I4,N5,0.0,0.0,1.3880280330537908e-05,100.0,99.99998611971967,5.248997652834226e-05,0.005248996924258636,100.0
12,I4,N6,0.0,0.0,1.376227914854277e-05,100.0,99.99998623772085,9.322396469436669e-05,0.009322395186462443,100.0
12,I4,N7,0.0,0.0,1.3533887276975905e-05,99.99940356558545,99.99939003169817,8.461320817644597e-05,0.008461269206269693,99.99940356558545
12,I4,N8,40.859866942991744,167.56115947088344,40.85986702127644,40.859866967593504,0.0,25.61424793464699,0.0,-4.360535399428045e-08
12,I4,N9,0.0005404943633125952,0.0010862350668737989,0.0006901413562569245,32.38542343018105,32.38473328882479,-7.861516918539466e-05,-0.0025459312865248433,32.38119845243695
12,I1,N1,0.0,0.0,3.898709368179658e-06,100.0,99.99999610129063,1.0880474195136358e-07,1.0880473770938292e-05,100.0
12,I1,N2,0.0,0.0,2.093606430722821e-06,100.0,99.99999790639357,1.0448078668090073e-07,1.0448078449348428e-05,100.0
12,I1,N3,0.0017888338509824673,0.0045125772460454785,6.293411242037846e-05,72.16999291582128,72.16992998170886,1.6879509633144007e-06,0.00012181930283495832,72.1682040819703
12,I1,N4,0.0,0.0,3.9042874742773035e-06,100.0,99.99999609571253,1.0875108781861744e-07,1.0875108357266234e-05,100.0
12,I1,N5,0.0,0.0,3.560418089985339e-06,100.0,99.9999964395819,1.115782597119347e-07,1.1157825573928214e-05,100.0
12,I1,N6,0.0,0.0,2.925126381889303e-06,100.0,99.99999707487362,1.0280816432160069e-07,1.0280816131433195e-05,100.0
12,I1,N7,0.0,0.0,2.084347768446418e-06,99.99940356558545,99.99940148123768,1.0420323023366591e-07,1.0420260655778201e-05,99.99940356558545
12,I1,N8,34.892294137414204,138.93162797884787,34.892294166645826,34.89229409380886,0.0,32.92781998646208,0.0,-4.360535399428045e-08
12,I1,N9,29.285256668038823,58.64839186662449,29.286835732344873,61.666455120475774,32.379619388130905,-2.233969148455678e-06,-7.233507075182175e-05,32.38119845243695
12,I2,N1,0.0,0.0,0.0,100.0,100.0,nan,nan,100.0
12,I2,N2,0.0,0.0,0.0,100.0,100.0,nan,nan,100.0
12,I2,N3,5.241501044908681,14.663658838628647,5.241501044908681,77.40970512687898,72.16820408197029,nan,nan,72.1682040819703
12,I2,N4,0.0,0.0,0.0,100.0,100.0,nan,nan,100.0
12,I2,N5,0.0,0.0,0.0,100.0,100.0,nan,nan,100.0
12,I2,N6,0.0,0.0,0.0,100.0,100.0,nan,nan,100.0
12,I2,N7,0.000596434414548132,0.001193682367662484,0.000596434414548132,100.0,99.99940356558545,nan,nan,99.99940356558545
12,I2,N8,12.944479488550497,69.83784254623998,12.944479488550497,12.944479444945145,0.0,nan,nan,-4.360535399428045e-08
12,I2,N9,13.155291384372397,34.086756220010614,13.155291384372397,45.53648983680935,32.381198452436955,nan,nan,32.38119845243695
13,I3,N1,0.0,0.0,8.259737007171153e-06,100.0,99.999991740263,-0.0007498427245680239,-0.0749842662632987,100.0
13,I3,N2,0.0,0.0,7.714102464823646e-06,100.0,99.99999228589753,-0.0004793006412352962,-0.04793006042615536,100.0
13,I3,N3,6.353947488133914e-05,0.00012967470586209862,4.729393778089883e-05,72.16830552769841,72.16825823376062,-0.0017591738129686392,-0.12695651001239006,74.4027411518517
13,I3,N4,0.0,0.0,8.251184830529638e-06,100.0,99.99999174881516,-0.0007453548292240712,-0.07453547677234665,100.0
13,I3,N5,0.0,0.0,8.330598672806118e-06,100.0,99.99999166940133,-0.0008113865170135399,-0.08113864494201856,100.0
13,I3,N6,0.0,0.0,7.908315989885763e-06,100.0,99.999992091684,-0.0004402387188870388,-0.044023868407156976,100.0
13,I3,N7,0.0,0.0,7.713659422174495e-06,99.99940356558545,99.99939585192602,-0.00047902618084065215,-0.047902328681320674,99.99981865833705
13,I3,N8,11.303359278368784,52.81667724632475,11.303359194248731,11.30335943104356,2.3679482907823513e-07,26.046522177814108,6.167681767177952e-06,7.521916245423199e-08
13,I3,N9,25.17801565967015,50.3560342868052,25.178145370619422,57.55891145322547,32.380766082606044,0.0011230868244844435,0.0363664117540876,30.14638155189762
13,I4,N1,0.0,0.0,4.367588228529504e-06,100.0,99.99999563241177,8.810646889584519e-08,8.810646504771742e-06,100.0
13,I4,N2,0.0,0.0,1.8205834966507115e-06,100.0,99.99999817941651,9.093977154689872e-08,9.093976989126425e-06,100.0
13,I4,N3,22.588851273389462,45.17770562802594,22.589042707609835,94.75664658176545,72.16760387415562,1.3036710527408764e-07,9.4082816116407e-06,74.4027411518517
13,I4,N4,0.0,0.0,4.291656960118257e-06,100.0,99.99999570834304,8.845282419749858e-08,8.84528204014068e-06,100.0
13,I4,N5,0.0,0.0,3.4269948471998397e-06,100.0,99.99999657300515,9.061520800954882e-08,9.06152049041703e-06,100.0
13,I4,N6,0.0,0.0,4.004393343871693e-06,100.0,99.99999599560665,8.936405596499537e-08,8.936405238650706e-06,100.0
13,I4,N7,0.0,0.0,2.176842879465446e-06,99.99940356558545,99.99940138874257,9.189388620196467e-08,9.189333611481698e-06,99.99981865833705
13,I4,N8,40.859867082701314,167.56117167354995,40.859867142576846,40.859867095666516,0.0,25.13471438407399,0.0,7.521916245423199e-08
13,I4,N9,0.00017343239583435038,0.0003508288045184616,1.6120124057959748e-05,32.38143628791863,32.38142016779457,2.760633088240762e-07,8.939321995944043e-06,30.14638155189762
13,I1,N1,0.0,0.0,6.1562493842066185e-06,100.0,99.99999384375062,9.127155763316701e-08,9.12715520142623e-06,100.0
13,I1,N2,0.0,0.0,4.741086165423514e-06,100.0,99.99999525891384,9.134299711797617e-08,9.134299278732597e-06,100.0
13,I1,N3,0.0008580431178769652,0.002234696552869415,0.00045913280368889284,72.16958414222698,72.1691250094233,-4.323278240735055e-07,-3.120072078061278e-05,74.4027411518517
13,I1,N4,0.0,0.0,6.156250506332533e-06,100.0,99.9999938437495,9.127155794773294e-08,9.12715523288272e-06,100.0
13,I1,N5,0.0,0.0,6.168257422038526e-06,100.0,99.99999383174257,9.134965899688905e-08,9.134965336220691e-06,100.0
13,I1,N6,0.0,0.0,5.590328804808819e-06,100.0,99.99999440967119,9.165598963178991e-08,9.165598450791872e-06,100.0
13,I1,N7,0.0,0.0,4.748679076954419e-06,99.99940356558545,99.99939881690638,9.134446730401868e-08,9.134391815652429e-06,99.99981865833705
13,I1,N8,34.89229419748146,138.93157539380752,34.89229422322457,34.8922941503794,0.0,32.928798121174154,0.0,7.521916245423199e-08
13,I1,N9,29.28584207459096,58.649975427185,29.2860929631133,61.66651952356162,32.38042656044831,8.38541739473106e-07,2.7152339212879493e-05,30.14638155189762
13,I2,N1,0.0,0.0,5.43523306850428e-06,100.0,99.99999456476694,9.256427756659384e-08,9.256427253550963e-06,100.0
13,I2,N2,0.0,0.0,3.44776149729095e-06,100.0,99.9999965522385,9.247443790591376e-08,9.24744347176157e-06,100.0
13,I2,N3,3.007485992166079,8.669573540657684,2.0500509695621063,77.41022714401778,75.36017617445567,1.7891614007343597e-07,1.3483151836387724e-05,74.4027411518517
13,I2,N4,0.0,0.0,5.435470373176264e-06,100.0,99.99999456452963,9.25651799762399e-08,9.256517494488697e-06,100.0
13,I2,N5,0.0,0.0,5.271149327885202e-06,100.0,99.99999472885067,9.189115388757847e-08,9.189114904385853e-06,100.0
13,I2,N6,0.0,0.0,4.304326799109114e-06,100.0,99.9999956956732,9.440076959948805e-08,9.440076553617044e-06,100.0
13,I2,N7,0.00018134166295765938,0.0003636692452517245,3.4447694188853534e-06,100.0,99.99999655523058,9.24880665375714e-08,9.248806335157076e-06,99.99981865833705
13,I2,N8,12.944479366229274,69.83783138184853,12.944479313805893,12.944479441448436,1.2764254364583394e-07,35.361170002814724,4.513589685452032e-06,7.521916245423199e-08
13,I2,N9,15.389587281445442,40.08131316031654,16.347142665905317,45.535968833343055,29.18882616743774,2.516283218198101e-07,7.344735344402517e-06,30.14638155189762
14,I3,N1,0.0,0.0,3.0975979760368165e-07,100.0,99.9999996902402,9.081818118326396e-08,9.081818090194575e-06,100.0
14,I3,N2,0.0,0.0,1.5906056163067142e-07,100.0,99.99999984093944,9.081818103977109e-08,9.081818089531517e-06,100.0
14,I3,N3,0.0,0.0,1.6092746055780793e-07,74.40280469132658,74.40280453039912,1.2209412223961895e-07,9.084145111305025e-06,64.78893785233473
14,I3,N4,0.0,0.0,8.24065959691338e-08,100.0,99.9999999175934,9.081818096007609e-08,9.081818088523592e-06,100.0
14,I3,N5,0.0,0.0,1.296886515249709e-07,100.0,99.99999987031134,9.081818101068445e-08,9.081818089290357e-06,100.0
14,I3,N6,0.0,0.0,6.835598572098478e-08,100.0,99.99999993164401,9.081818094366907e-08,9.081818088158941e-06,100.0
14,I3,N7,0.0,0.0,1.5906158600959747e-07,99.99981865833705,99.99981849927546,9.081834589612718e-08,9.081818106017137e-06,99.99994559750111
14,I3,N8,11.303359208490422,52.81672862248868,11.303359178542552,11.30335935358795,1.7504539862045476e-07,31.57035966879213,5.526246192814846e-06,7.116486244740372e-08
14,I3,N9,25.17813519894158,50.35628005846162,25.178186430057906,55.324397211567764,30.146210781509858,3.014689145562909e-07,9.08814544228693e-06,39.760100186604184
14,I4,N1,0.0,0.0,0.0,100.0,100.0,8.954450973790319e-08,8.954450973790318e-06,100.0
14,I4,N2,0.0,0.0,8.547992111896085e-10,100.0,99.9999999991452,8.938886385754193e-08,8.938886385677784e-06,100.0
14,I4,N3,22.58900498185539,45.17801837986024,22.589070856912215,96.99165596471605,74.40258510780383,2.1475990619499206e-06,0.00015978692198416865,64.78893785233473
14,I4,N4,0.0,0.0,1.300839600646304e-12,100.0,99.99999999999869,8.954316111801308e-08,8.95431611180119e-06,100.0
14,I4,N5,0.0,0.0,1.4954557987206817e-11,100.0,99.99999999998505,8.95405154927444e-08,8.954051549273103e-06,100.0
14,I4,N6,0.0,0.0,0.0,100.0,100.0,8.986850248489366e-08,8.986850248489367e-06,100.0
14,I4,N7,0.0,0.0,4.0237539021134046e-10,99.99981865833705,99.99981865793467,8.946806069065176e-08,8.946789844742269e-06,99.99994559750111
14,I4,N8,40.859867260011725,167.56118375355047,40.859867336001905,40.859867227798844,0.0,30.25167343310507,0.0,7.116486244740372e-08
14,I4,N9,5.202971875030512e-05,0.000105250219307269,0.0,30.14643544502202,30.14643544502202,3.010249779539252e-07,9.074830065227184e-06,39.760100186604184
14,I1,N1,0.0,0.0,6.305403331328053e-08,100.0,99.99999993694597,9.033157548701598e-08,9.033157543005828e-06,100.0
14,I1,N2,0.0,0.0,2.0951344042182933e-08,100.0,99.99999997904865,9.081735949656488e-08,9.081735947753742e-06,100.0
14,I1,N3,0.0002575806225141822,0.0006714007365409724,2.3955307298944684e-07,74.40350902597854,74.40350878642546,1.2485525296990712e-07,9.289668911377859e-06,64.78893785233473
14,I1,N4,0.0,0.0,6.304013976365093e-08,100.0,99.99999993695987,9.033162116553641e-08,9.033162110859123e-06,100.0
14,I1,N5,0.0,0.0,5.353545950587427e-08,100.0,99.99999994646454,9.045106584100246e-08,9.045106579257907e-06,100.0
14,I1,N6,0.0,0.0,3.05907526832181e-08,100.0,99.99999996940925,9.144444890271405e-08,9.144444887474051e-06,100.0
14,I1,N7,0.0,0.0,2.0962495851007856e-08,99.99981865833705,99.99981863737455,9.08227934145751e-08,9.082262869597245e-06,99.99994559750111
14,I1,N8,34.89229422588494,138.93151678468647,34.89229423805785,34.89229416526858,0.0,32.92224250680552,0.0,7.116486244740372e-08
14,I1,N9,29.28635147754492,58.651368102588144,29.28656979309661,59.43222548989423,30.14565569679762,-7.303463511332649e-07,-2.201676964067586e-05,39.760100186604184
14,I2,N1,0.0,0.0,0.0,100.0,100.0,9.081818090899152e-08,9.081818090899152e-06,100.0
14,I2,N2,0.0,0.0,0.0,100.0,100.0,9.081818090899855e-08,9.081818090899855e-06,100.0
14,I2,N3,12.621799585187372,33.522510748027564,16.742219696482213,77.4107374375221,60.66851774103989,1.5084500063330628e-07,9.151542597068915e-06,64.78893785233473
14,I2,N4,0.0,0.0,0.0,100.0,100.0,9.081818090899153e-08,9.081818090899154e-06,100.0
14,I2,N5,0.0,0.0,0.0,100.0,100.0,9.081818090899473e-08,9.081818090899474e-06,100.0
14,I2,N6,0.0,0.0,0.0,100.0,100.0,9.081818090896963e-08,9.081818090896963e-06,100.0
14,I2,N7,5.440249888729782e-05,0.00010910077357551736,0.0,100.0,100.0,9.081818090899016e-08,9.081818090899016e-06,99.99994559750111
14,I2,N8,12.944479234448053,69.83785107140407,12.944479177970388,12.944479305612916,1.2764252765862238e-07,35.361172421787174,4.513589428889284e-06,7.116486244740372e-08
14,I2,N9,5.775361107190565,15.228532776941298,1.6549784610813312,45.535461293794754,43.880482832713426,2.0599314188873245e-07,9.039078526305226e-06,39.760100186604184
15,I3,N1,0.0,0.0,1.817236632930892e-05,100.0,99.99998182763368,3.878678141598783e-06,0.00038786774367511825,100.0
15,I3,N2,0.0,0.0,1.5626884807684605e-05,100.0,99.9999843731152,3.678860671663712e-06,0.00036788600967723926,100.0
15,I3,N3,0.00015351766481599957,0.00031430940951823435,0.00021931094973714227,64.78893785233473,64.788718541385,2.8803190501270804e-06,0.0001866121802480728,64.78895856776077
15,I3,N4,0.0,0.0,1.816253490076767e-05,100.0,99.9999818374651,3.87807871035508e-06,0.00038780780059976806,100.0
15,I3,N5,0.0,0.0,1.82100252759797e-05,100.0,99.99998178997473,3.881024206009505e-06,0.00038810234992740165,100.0
15,I3,N6,0.0,0.0,1.8135638943397758e-05,100.0,99.99998186436106,3.876364390839222e-06,0.0003876363687835772,100.0
15,I3,N7,0.0,0.0,1.4535175431791351e-05,99.99994559750111,99.99993106232567,3.522776014939718e-06,0.00035227735864198613,99.99994559750111
15,I3,N8,11.303359131676793,52.81675741457417,11.303359098756665,11.303359279655282,1.808986169749005e-07,30.928591002288506,5.594939337296342e-06,-6.115382689131366e-08
15,I3,N9,25.17799937193725,50.35600922659035,25.177941160363968,64.93823538554577,39.760294225181795,-2.5010167124097034e-06,-9.944116034750669e-05,39.760074161855435
15,I4,N1,0.0,0.0,4.976968463862122e-06,100.0,99.99999502303153,9.081818543360786e-08,9.08181809136154e-06,100.0
15,I4,N2,0.0,0.0,4.540654093136335e-06,100.0,99.99999545934591,9.081818503695839e-08,9.081818091321876e-06,100.0
15,I4,N3,22.589010984690166,45.178030964125746,22.589013557333644,87.3777893165253,64.78877575919165,1.402252006329913e-07,9.085019079598533e-06,64.78895856776077
15,I4,N4,0.0,0.0,4.533239220213131e-06,100.0,99.99999546676078,9.08181850302176e-08,9.081818091321201e-06,100.0
15,I4,N5,0.0,0.0,4.467502249319651e-06,100.0,99.99999553249775,9.081818497045672e-08,9.081818091315226e-06,100.0
15,I4,N6,0.0,0.0,4.776889457553645e-06,100.0,99.99999522311055,9.081818525171783e-08,9.081818091343351e-06,100.0
15,I4,N7,0.0,0.0,1.1321528161469986e-06,99.99994559750111,99.99994446534829,9.081823139516545e-08,9.081818095957695e-06,99.99994559750111
15,I4,N8,40.859867442204916,167.56119488503856,40.859867520287715,40.859867407990215,0.0,30.680850892467504,0.0,-6.115382689131366e-08
15,I4,N9,4.999310496259199e-05,0.00010606151353108472,4.912027048214351e-05,39.760288043327265,39.76023892305678,2.2855230951731733e-07,9.087294432824961e-06,39.760074161855435
15,I1,N1,0.0,0.0,3.504106103816178e-08,100.0,99.99999996495895,8.990085985306534e-08,8.990085982156313e-06,100.0
15,I1,N2,0.0,0.0,4.4514655516919557e-10,100.0,99.99999999955486,9.109414712209423e-08,9.109414712168873e-06,100.0
15,I1,N3,7.734469688127068e-05,0.0002018771438428297,1.0072875287999803e-07,64.78903591245765,64.7890358117289,1.4262964837576083e-07,9.240837396431468e-06,64.78895856776077
15,I1,N4,0.0,0.0,3.4856438432552884e-08,100.0,99.99999996514356,8.99149465791399e-08,8.991494654779876e-06,100.0
15,I1,N5,0.0,0.0,3.3964518636259716e-08,100.0,99.99999996603547,8.99953116410131e-08,8.999531161044662e-06,100.0
15,I1,N6,0.0,0.0,1.534688582814811e-08,100.0,99.99999998465312,9.098858294755785e-08,9.098858293359394e-06,100.0
15,I1,N7,0.0,0.0,1.5640024823148317e-09,99.99994559750111,99.9999455959371,9.100382858655614e-08,9.1003779076776e-06,99.99994559750111
15,I1,N8,34.89229425282406,138.9314405872329,34.8922942643694,34.89229419167023,0.0,32.91136487651973,0.0,-6.115382689131366e-08
15,I1,N9,29.28651536591179,58.6518060147934,29.286585603783305,69.04658952776722,39.760003923983916,-3.572810260293827e-05,-0.0014205494996893256,39.760074161855435
15,I2,N1,0.0,0.0,0.0,100.0,100.0,nan,nan,100.0
15,I2,N2,0.0,0.0,0.0,100.0,100.0,nan,nan,100.0
15,I2,N3,12.621799585187372,33.522510748027564,12.621799585187372,77.41075815294813,64.78895856776076,nan,nan,64.78895856776077
15,I2,N4,0.0,0.0,0.0,100.0,100.0,nan,nan,100.0
15,I2,N5,0.0,0.0,0.0,100.0,100.0,nan,nan,100.0
15,I2,N6,0.0,0.0,0.0,100.0,100.0,nan,nan,100.0
15,I2,N7,5.440249888729782e-05,0.00010910077357551736,5.440249888729782e-05,100.0,99.99994559750111,nan,nan,99.99994559750111
15,I2,N8,12.944479234448053,69.83785107140407,12.944479234448053,12.94447917329424,0.0,nan,nan,-6.115382689131366e-08
15,I2,N9,5.775361107190565,15.228532776941298,5.775361107190565,45.535435269046,39.760074161855435,nan,nan,39.760074161855435
16,I3,N1,0.0,0.0,1.521553849431313e-07,100.0,99.99999984784462,8.767460218209305e-08,8.767460204869143e-06,100.0
16,I3,N2,0.0,0.0,1.0614460754819196e-07,100.0,99.99999989385539,8.885256079539693e-08,8.885256070108472e-06,100.0
16,I3,N3,0.0,0.0,1.067909186628825e-07,64.78911208542559,64.78911197863466,1.4297788321308808e-07,9.263410085960912e-06,65.25002702889614
16,I3,N4,0.0,0.0,2.856996894092844e-07,100.0,99.99999971430032,8.804774555626856e-08,8.804774530471642e-06,100.0
16,I3,N5,0.0,0.0,1.775938728166215e-07,100.0,99.99999982240612,8.75282215489963e-08,8.752822139355154e-06,100.0
16,I3,N6,0.0,0.0,1.0467439505336896e-07,100.0,99.9999998953256,8.892497601986719e-08,8.89249759267855e-06,100.0
16,I3,N7,0.0,0.0,1.0614278139367937e-07,99.99994559750111,99.99994549135833,8.885269776810286e-08,8.885264933570423e-06,100.0
16,I3,N8,11.303358960920296,52.816812936943,11.303358887738938,11.303359070522973,1.8278403501881257e-07,30.725904064341208,5.616204724481219e-06,6.951241005026532e-08
16,I3,N9,25.178117012100934,50.3562439186408,25.17816742931394,64.93807353379268,39.75990610447873,-1.6372175059016086e-06,-6.509561430725681e-05,39.298992859295836
16,I4,N1,0.0,0.0,7.038627387290467e-09,100.0,99.99999999296138,8.61169810445333e-08,8.611698103847185e-06,100.0
16,I4,N2,0.0,0.0,1.8755870508092734e-08,100.0,99.99999998124413,8.178640677320939e-08,8.178640675786964e-06,100.0
16,I4,N3,22.58908297280832,45.17818201269349,22.58911382485896,87.37812307011575,64.78900924525679,-0.0001534066214342951,-0.009939063014390155,65.25002702889614
16,I4,N4,0.0,0.0,7.128978485611519e-09,100.0,99.99999999287103,8.60863272639954e-08,8.608632725785832e-06,100.0
16,I4,N5,0.0,0.0,7.205959503358102e-09,100.0,99.99999999279405,8.605983475229955e-08,8.605983474609811e-06,100.0
16,I4,N6,0.0,0.0,4.552030819551314e-09,100.0,99.99999999544796,8.69467152574282e-08,8.694671525347036e-06,100.0
16,I4,N7,0.0,0.0,1.882141149210111e-08,99.99994559750111,99.9999455786797,8.176412768407e-08,8.176408318695218e-06,100.0
16,I4,N8,40.859867602256394,167.56122689559794,40.85986767084988,40.859867551807596,0.0,31.39441436258362,0.0,6.951241005026532e-08
16,I4,N9,0.0,0.0,4.601241746126131e-09,39.760006514796714,39.760006510195474,2.2634278439506148e-07,8.999390581083414e-06,39.298992859295836
16,I1,N1,0.0,0.0,5.333707855379031e-06,100.0,99.99999466629214,8.909090042077931e-08,8.909089566893094e-06,100.0
16,I1,N2,0.0,0.0,2.675785622791609e-06,100.0,99.99999732421438,8.975078831956566e-08,8.975078591802697e-06,100.0
16,I1,N3,0.0002188955190617083,0.0005944698755411112,0.00027956015713903875,64.78911744200431,64.78883788184717,1.1644506865049744e-07,7.544340674937643e-06,65.25002702889614
16,I1,N4,0.0,0.0,5.362185425729602e-06,100.0,99.99999463781458,8.907837708161539e-08,8.907837230506763e-06,100.0
16,I1,N5,0.0,0.0,4.358541619522546e-06,100.0,99.99999564145838,8.938511914963104e-08,8.938511525374343e-06,100.0
16,I1,N6,0.0,0.0,3.12566350317353e-06,100.0,99.9999968743365,8.957587233562957e-08,8.957586953578923e-06,100.0
16,I1,N7,0.0,0.0,2.679435096240286e-06,99.99994559750111,99.99994291806601,8.975008818591725e-08,8.975003695483116e-06,100.0
16,I1,N8,34.89229426849984,138.93138579050026,34.892294275218035,34.892294202375254,0.0,32.928513496663825,0.0,6.951241005026532e-08
16,I1,N9,29.286372536978384,58.65138161140847,29.286311324578353,69.0465218807085,39.76021055613015,2.5336210266772056e-07,1.0073730549012433e-05,39.298992859295836
16,I2,N1,0.0,0.0,3.7306956453876767e-06,100.0,99.99999626930436,9.078570129059285e-08,9.078569790365466e-06,100.0
16,I2,N2,0.0,0.0,1.025261698054311e-06,100.0,99.9999989747383,9.081010726788118e-08,9.081010633683993e-06,100.0
16,I2,N3,12.16067110277647,32.21130121460579,11.963044610314656,77.41069813167262,65.44765352135796,1.3611065483778029e-07,8.90812297838819e-06,65.25002702889614
16,I2,N4,0.0,0.0,3.730338731202352e-06,100.0,99.99999626966127,9.078570593022149e-08,9.078570254360714e-06,100.0
16,I2,N5,0.0,0.0,3.4903983234012137e-06,100.0,99.99999650960167,9.078724066317619e-08,9.078723749433985e-06,100.0
16,I2,N6,0.0,0.0,1.989161765871639e-06,100.0,99.99999801083824,9.080460052047765e-08,9.080459871422726e-06,100.0
16,I2,N7,0.0,0.0,1.0260500458832815e-06,100.0,99.99999897394996,9.081010656821e-08,9.081010563645285e-06,100.0
16,I2,N8,12.944479098811064,69.83783947589643,12.944479040680925,12.944479168323468,1.2764254364583394e-07,35.36117051257063,4.513589750518573e-06,6.951241005026532e-08
16,I2,N9,6.236517591624846,16.53979123379448,6.434156084953824,45.53551045092068,39.101354365966856,2.351128289119887e-07,9.193230039272609e-06,39.298992859295836
17,I3,N1,0.0,0.0,1.4309869856490102e-06,100.0,99.99999856901302,9.081818220998374e-08,9.081818091038738e-06,100.0
17,I3,N2,0.0,0.0,3.103200556189903e-06,100.0,99.99999689679944,9.08181837301823e-08,9.081818091191192e-06,100.0
17,I3,N3,0.0,0.0,4.3507357209934634e-05,65.25002702889614,65.24998352153894,1.3923340195655572e-07,9.084977183313069e-06,63.501341732238345
17,I3,N4,0.0,0.0,3.4528823980756776e-06,100.0,99.9999965471176,9.081818404807425e-08,9.081818091222915e-06,100.0
17,I3,N5,0.0,0.0,3.6440166793248657e-06,100.0,99.99999635598333,9.081818422183338e-08,9.08181809124036e-06,100.0
17,I3,N6,0.0,0.0,3.823315735790386e-06,100.0,99.99999617668426,9.081818438483252e-08,9.081818091256659e-06,100.0
17,I3,N7,0.0,0.0,2.229754843848636e-06,100.0,99.99999777024516,9.081818293614076e-08,9.081818091111793e-06,100.0
17,I3,N8,11.303358890162244,52.81685247720653,11.303358859837365,11.303359030432702,1.7059533696794915e-07,32.050790998164125,5.4677154904211205e-06,7.000954838076723e-08
17,I3,N9,25.178093172816116,50.356205488132865,25.178082955979765,64.47710987139678,39.299026915417016,2.312356568648979e-07,9.087336302937756e-06,41.047658347329346
17,I4,N1,0.0,0.0,3.823206115191148e-06,100.0,99.99999617679389,4.7074868365019e-06,0.0004707486656524976,100.0
17,I4,N2,0.0,0.0,4.811119203850018e-06,100.0,99.9999951888808,6.399021370779855e-06,0.0006399021062915309,100.0
17,I4,N3,22.589098771439357,45.178216355502954,22.589105542281228,87.83911000170447,65.25000445942324,-3.4487290593134426e-06,-0.00022502958649954464,63.501341732238345
17,I4,N4,0.0,0.0,3.6651400365214066e-06,100.0,99.99999633485996,4.456709040577818e-06,0.000445670887723319,100.0
17,I4,N5,0.0,0.0,4.666951732773675e-06,100.0,99.99999533304826,6.119818744316243e-06,0.0006119818458707255,100.0
17,I4,N6,0.0,0.0,3.3445738566196293e-06,100.0,99.99999665542614,-2.3706162909574258e-07,-2.370616211670413e-05,100.0
17,I4,N7,0.0,0.0,5.166084758444808e-06,100.0,99.99999483391524,7.000868917041702e-06,0.0007000868555370879,100.0
17,I4,N8,40.85986778732403,167.56124115518196,40.85986786663872,40.85986774252685,0.0,31.95546107408072,0.0,7.000954838076723e-08
17,I4,N9,0.0,0.0,8.796739946928608e-06,39.29901669858066,39.29900790184071,3.6546918862797342e-06,0.00014362576531770042,41.047658347329346
17,I1,N1,0.0,0.0,1.629728623104613e-05,100.0,99.99998370271376,-1.4428541066940515e-08,-1.4428538715479878e-06,100.0
17,I1,N2,0.0,0.0,1.0393786647937764e-05,100.0,99.99998960621335,1.2284849543130503e-08,1.2284848266269452e-06,100.0
17,I1,N3,0.00044535844128527804,0.0012309269170692522,0.0005424139793810936,65.25023012578417,65.2496877118048,-1.243933757935001e-05,-0.0008116628923943059,63.501341732238345
17,I1,N4,0.0,0.0,1.62984640713064e-05,100.0,99.99998370153592,-1.4441816106175987e-08,-1.4441813752381778e-06,100.0
17,I1,N5,0.0,0.0,1.6332434817691397e-05,100.0,99.99998366756519,-1.485597501083978e-08,-1.4855972584497345e-06,100.0
17,I1,N6,0.0,0.0,1.1354605036669745e-05,100.0,99.99998864539496,-4.9495467995750255e-08,-4.949546237573535e-06,100.0
17,I1,N7,0.0,0.0,1.0394487877375493e-05,100.0,99.99998960551213,1.2265765398956083e-08,1.2265764123992585e-06,100.0
17,I1,N8,34.892294288162276,138.93133996480915,34.892294296589036,34.89229422370266,0.0,32.93370812544539,0.0,7.000954838076723e-08
17,I1,N9,29.28615745952595,58.65074666143098,29.28606528347491,68.58538923555903,39.29932395208412,1.3181346827114786e-05,0.0005180180190835601,41.047658347329346
17,I2,N1,0.0,0.0,8.179928423065313e-08,100.0,99.99999991820071,8.88702492626174e-08,8.887024918992217e-06,100.0
17,I2,N2,0.0,0.0,8.572609622009049e-08,100.0,99.9999999142739,8.920963017756836e-08,8.920963010109242e-06,100.0
17,I2,N3,13.909114137881016,34.01566183455328,14.658446867211536,77.41045587011936,62.752009002907826,-3.173859953875701e-05,-0.001991660883995766,63.501341732238345
17,I2,N4,0.0,0.0,8.173405394966093e-08,100.0,99.99999991826594,8.887176018192222e-08,8.887176010928373e-06,100.0
17,I2,N5,0.0,0.0,8.534747751595486e-08,100.0,99.99999991465252,8.878513012208616e-08,8.87851300463103e-06,100.0
17,I2,N6,0.0,0.0,1.037409043584459e-07,100.0,99.9999998962591,8.798434877219875e-08,8.798434868092299e-06,100.0
17,I2,N7,0.0,0.0,8.587682278434148e-08,100.0,99.99999991412318,8.921071765369467e-08,8.921071757708335e-06,100.0
17,I2,N8,12.944478964341902,69.83772215126542,12.944478906712263,12.944479034351446,1.276391827786938e-07,35.34296612001025,4.511147312533171e-06,7.000954838076723e-08
17,I2,N9,4.4880910203285875,14.735598973378245,3.7387653469159052,45.535749367657935,41.79698402074203,-2.580981200809954e-05,-0.0010787723000808922,41.047658347329346
18,I3,N1,0.0,0.0,1.588211006287242e-05,100.0,99.99998411788994,9.081819534737401e-08,9.081818092352826e-06,100.0
18,I3,N2,0.0,0.0,1.6069165970714387e-05,100.0,99.99998393083403,9.081819551742489e-08,9.081818092369833e-06,100.0
18,I3,N3,8.562833772228724e-05,0.00017325896824697855,0.00012232619674612465,63.501341732238345,63.5012194060416,1.4307026300959336e-07,9.085136161852266e-06,63.501502530803506
18,I3,N4,0.0,0.0,1.5918394290265096e-05,100.0,99.9999840816057,9.081819538035967e-08,9.081818092356125e-06,100.0
18,I3,N5,0.0,0.0,1.3687975540623629e-05,100.0,99.99998631202446,9.081819335270584e-08,9.081818092153376e-06,100.0
18,I3,N6,0.0,0.0,1.612209570727722e-05,100.0,99.9999838779043,9.081819556554285e-08,9.081818092374644e-06,100.0
18,I3,N7,0.0,0.0,1.607899635193469e-05,100.0,99.99998392100365,9.081819552636158e-08,9.081818092370723e-06,100.0
18,I3,N8,11.303358767535842,52.81696831720028,11.30335871498167,11.303358960171792,2.4519012242762983e-07,25.37771098984515,6.222364064533139e-06,-4.6210388404688274e-08
18,I3,N9,25.177990457085734,50.355988678183124,25.17794643605843,66.22575152014547,41.04780508408703,2.213803468159e-07,9.087177325546651e-06,41.047510488773106
18,I4,N1,0.0,0.0,1.0068905443271775e-05,100.0,99.99998993109456,9.081819006260927e-08,9.08181809182116e-06,100.0
18,I4,N2,0.0,0.0,6.1022019642518285e-06,100.0,99.99999389779803,9.081818645656086e-08,9.08181809146517e-06,100.0
18,I4,N3,22.589083109135807,45.17817405297188,22.58907639672,86.09035487533998,63.50127847861998,1.4307012932384459e-07,9.08513612416563e-06,63.501502530803506
18,I4,N4,0.0,0.0,9.838549870411644e-06,100.0,99.99999016145013,9.081818985320938e-08,9.081818091801647e-06,100.0
18,I4,N5,0.0,0.0,8.1274817477456e-06,100.0,99.99999187251825,9.081818829766728e-08,9.08181809164356e-06,100.0
18,I4,N6,0.0,0.0,7.724142978636257e-06,100.0,99.99999227585702,9.081818793100855e-08,9.081818091608186e-06,100.0
18,I4,N7,0.0,0.0,6.19663291054824e-06,100.0,99.99999380336709,9.081818654239727e-08,9.081818091472763e-06,100.0
18,I4,N8,40.859867964028446,167.56127835392405,40.85986803975891,40.85986797995998,0.0,26.06340249123662,0.0,-4.6210388404688274e-08
18,I4,N9,0.0,0.0,1.631217817281195e-05,41.04776106305973,41.047744750881556,2.2138067370053798e-07,9.08717738683788e-06,41.047510488773106
18,I1,N1,0.0,0.0,9.385063614931085e-06,100.0,99.99999061493638,9.109449094326637e-08,9.109448239399044e-06,100.0
18,I1,N2,0.0,0.0,7.223723225351912e-06,100.0,99.99999277627677,9.102399536863817e-08,9.102398879331666e-06,100.0
18,I1,N3,0.00021459384195021957,0.0005954662222492184,0.00011569472794948023,63.50171712464545,63.5016014299175,1.5724607273570346e-07,9.985377437282458e-06,63.501502530803506
18,I1,N4,0.0,0.0,9.38503074769325e-06,100.0,99.99999061496925,9.109449076165848e-08,9.109448221241251e-06,100.0
18,I1,N5,0.0,0.0,9.37088864450423e-06,100.0,99.99999062911135,9.109632941572725e-08,9.109632087919166e-06,100.0
18,I1,N6,0.0,0.0,9.504032676901525e-06,100.0,99.99999049596732,9.107721437280486e-08,9.107720571679665e-06,100.0
18,I1,N7,0.0,0.0,7.14436510501704e-06,100.0,99.9999928556349,9.102174961077437e-08,9.102174310784826e-06,100.0
18,I1,N8,34.8922943503042,138.9312986672865,34.892294376936455,34.89229430409381,0.0,32.92849590062691,0.0,-4.6210388404688274e-08
18,I1,N9,29.28640803381257,58.65133234775672,29.28651542279255,70.33391852258568,41.04740309979313,2.0692551253784833e-07,8.493754924772358e-06,41.047510488773106
18,I2,N1,0.0,0.0,0.0,100.0,100.0,nan,nan,100.0
18,I2,N2,0.0,0.0,0.0,100.0,100.0,nan,nan,100.0
18,I2,N3,13.909114137881016,34.01566183455328,13.909114137881016,77.41061666868453,63.501502530803506,nan,nan,63.501502530803506
18,I2,N4,0.0,0.0,0.0,100.0,100.0,nan,nan,100.0
18,I2,N5,0.0,0.0,0.0,100.0,100.0,nan,nan,100.0
18,I2,N6,0.0,0.0,0.0,100.0,100.0,nan,nan,100.0
18,I2,N7,0.0,0.0,0.0,100.0,100.0,nan,nan,100.0
18,I2,N8,12.944478964341902,69.83772215126542,12.944478964341902,12.944478918131509,0.0,nan,nan,-4.6210388404688274e-08
18,I2,N9,4.4880910203285875,14.735598973378245,4.4880910203285875,45.535601509101696,41.047510488773106,nan,nan,41.047510488773106
19,I3,N1,0.0,0.0,2.8652742780118335e-06,100.0,99.99999713472572,2.4665596564560828e-06,0.0002466559585782383,100.0
19,I3,N2,0.0,0.0,2.6643159519881596e-06,100.0,99.99999733568404,2.1010892977281126e-06,0.0002101089241748455,100.0
19,I3,N3,0.0,0.0,2.672991458310664e-05,63.50158815914123,63.50156142922665,1.2240729521700181e-06,7.773054376607922e-05,66.66314945053776
19,I3,N4,0.0,0.0,2.865657643959972e-06,100.0,99.99999713434235,2.4672360251187087e-06,0.0002467235954416171,100.0
19,I3,N5,0.0,0.0,2.9087647484773247e-06,100.0,99.99999709123526,2.5387069679637493e-06,0.0002538706894118736,100.0
19,I3,N6,0.0,0.0,3.030016088907454e-06,100.0,99.99999696998391,2.780214368602666e-06,0.0002780214284361724,100.0
19,I3,N7,0.0,0.0,2.663538131906812e-06,100.0,99.99999733646187,2.099786238745335e-06,0.00020997861828167278,100.0
19,I3,N8,11.303358611185663,52.81700616257206,11.303358544178444,11.303358721325452,1.7714700817350604e-07,31.328450929266666,5.549741352830085e-06,6.953300157874764e-08
19,I3,N9,25.17803123473653,50.356074246696146,25.178048710872584,66.22550094585884,41.04745223498625,-7.937024012089413e-07,-3.257946140241791e-05,37.88586109126078
19,I4,N1,0.0,0.0,1.7497375333129105e-06,100.0,99.99999825026246,9.081818249927757e-08,9.081818091019775e-06,100.0
19,I4,N2,0.0,0.0,2.9617821474382353e-06,100.0,99.99999703821786,9.081818360064795e-08,9.08181809108112e-06,100.0
19,I4,N3,22.589107305153092,45.17822590585732,22.589117674874785,86.09067126827703,63.50155359340225,1.4306950909494746e-07,9.085136099374557e-06,66.66314945053776
19,I4,N4,0.0,0.0,1.7654219381681445e-06,100.0,99.99999823457806,9.081818251350365e-08,9.081818091017953e-06,100.0
19,I4,N5,0.0,0.0,1.7496507114285885e-06,100.0,99.9999982503493,9.081818249920661e-08,9.081818091020564e-06,100.0
19,I4,N6,0.0,0.0,1.7177769737616074e-06,100.0,99.99999828222303,9.08181824701214e-08,9.081818091006757e-06,100.0
19,I4,N7,0.0,0.0,6.467258288841584e-06,100.0,99.99999353274171,9.081818678800867e-08,9.081818091456196e-06,100.0
19,I4,N8,40.85986812439085,167.56129211269106,40.85986819311759,40.85986807416823,0.0,31.382186111960568,0.0,6.953300157874764e-08
19,I4,N9,0.0,0.0,8.284577151914132e-06,41.04746971112231,41.04746142654516,2.2138220237217977e-07,9.087177412395663e-06,37.88586109126078
19,I1,N1,0.0,0.0,8.14174032377151e-06,100.0,99.99999185825968,8.404896253105151e-06,0.0008404895568800324,100.0
19,I1,N2,0.0,0.0,3.4630264346325266e-06,100.0,99.99999653697357,4.1887495451075205e-06,0.00041887494000500164,100.0
19,I1,N3,0.0005125604242612617,0.001399454065016456,0.0006402603881088511,63.50177855696589,63.50113829657778,-9.08646966653618e-06,-0.0005770011669223729,66.66314945053776
19,I1,N4,0.0,0.0,8.143084879724524e-06,100.0,99.99999185691512,8.406863277244478e-06,0.0008406862592666466,100.0
19,I1,N5,0.0,0.0,8.200081985259123e-06,100.0,99.99999179991802,8.626947963271228e-06,0.0008626947255854423,100.0
19,I1,N6,0.0,0.0,4.074933288658808e-06,100.0,99.99999592506671,5.429512901244796e-06,0.0005429512679995768,100.0
19,I1,N7,0.0,0.0,3.4629755824227294e-06,100.0,99.99999653702442,4.187610516667974e-06,0.0004187610371652045,100.0
19,I1,N8,34.89229436614601,138.93125451195505,34.89229437293536,34.89229430008159,0.0,32.92982301334606,0.0,6.953300157874764e-08
19,I1,N9,29.28613122624599,58.65054605820207,29.28601259443174,70.33387774493488,41.04786515050314,4.333485245209316e-06,0.00017788031797704706,37.88586109126078
19,I2,N1,0.0,0.0,4.4677130634271605e-06,100.0,99.99999553228693,3.1300328091919826e-06,0.00031300326693510977,100.0
19,I2,N2,0.0,0.0,3.560383863628998e-06,100.0,99.99999643961614,2.5300773305223524e-06,0.0002530077240441887,100.0
19,I2,N3,10.747230683884897,27.621056691349622,9.392137775029418,77.41038013442264,68.01824235939321,-1.3894501330020874e-06,-9.450795589282711e-05,66.66314945053776
19,I2,N4,0.0,0.0,4.46007840760933e-06,100.0,99.9999955399216,3.1236477693227628e-06,0.00031236476300056234,100.0
19,I2,N5,0.0,0.0,4.215736703478114e-06,100.0,99.99999578426329,2.9596302361078468e-06,0.00029596301113376286,100.0
19,I2,N6,0.0,0.0,3.6041346770492976e-06,100.0,99.99999639586532,2.6576613942989377e-06,0.0002657661298513242,100.0
19,I2,N7,0.0,0.0,3.5633680963260936e-06,100.0,99.9999964366319,2.5328952875931745e-06,0.0002532895197336792,100.0
19,I2,N8,12.944478828744476,69.83771042268336,12.944478770631292,12.944478898277481,1.276461887300684e-07,35.36066949044919,4.513654691399449e-06,6.953300157874764e-08
19,I2,N9,7.649976447756705,21.130206063421916,9.005070202368755,45.53583753901748,36.53076733664872,-1.2928620089725717e-06,-4.7229241248169267e-05,37.88586109126078
20,I3,N1,0.0,0.0,1.244276796626868e-05,100.0,99.99998755723203,9.081819222069693e-08,9.08181809204e-06,100.0
20,I3,N2,0.0,0.0,1.024619867867775e-05,100.0,99.99998975380132,9.081819022381349e-08,9.081818091840128e-06,100.0
20,I3,N3,0.0,0.0,1.870818501862409e-05,66.66314945053776,66.66313074235273,1.3627995886510168e-07,9.084848715386725e-06,65.9606062830957
20,I3,N4,0.0,0.0,1.2444044850842902e-05,100.0,99.99998755595514,9.081819222185909e-08,9.081818092040251e-06,100.0
20,I3,N5,0.0,0.0,1.3366097144439837e-05,100.0,99.99998663390285,9.08181930600887e-08,9.081818092124078e-06,100.0
20,I3,N6,0.0,0.0,7.312183662589978e-06,100.0,99.99999268781633,9.08181875565281e-08,9.081818091573543e-06,100.0
20,I3,N7,0.0,0.0,1.0246200199061267e-05,100.0,99.9999897537998,9.08181902238171e-08,9.081818091840351e-06,100.0
20,I3,N8,11.303358540529599,52.81704702434665,11.303358510248428,11.30335868071866,1.7047023170846387e-07,32.06611443932438,5.466317958461746e-06,7.007081137544446e-08
20,I3,N9,25.17801851600948,50.35605780615357,25.178013065126464,63.06389232599731,37.885879260870844,2.398641643280491e-07,9.087464768742152e-06,38.58840503942401
20,I4,N1,0.0,0.0,1.796712781620116e-08,100.0,99.99999998203288,8.784669023369808e-08,8.784669021791455e-06,100.0
20,I4,N2,0.0,0.0,5.369434073292391e-09,100.0,99.99999999463057,9.034268385157889e-08,9.0342683846728e-06,100.0
20,I4,N3,22.58911339976838,45.17824646313666,22.589116011746363,89.25225675569084,66.66314074394447,9.672326313853574e-06,0.0006447876503817785,65.9606062830957
20,I4,N4,0.0,0.0,1.897636152393082e-08,100.0,99.99999998102363,8.765517725778133e-08,8.765517724114756e-06,100.0
20,I4,N5,0.0,0.0,1.4879452393030453e-08,100.0,99.99999998512055,8.853737120137772e-08,8.853737118820385e-06,100.0
20,I4,N6,0.0,0.0,7.772154410121514e-09,100.0,99.99999999222784,8.992535998305847e-08,8.992535997606933e-06,100.0
20,I4,N7,0.0,0.0,5.48078810279531e-09,100.0,99.99999999451921,9.032406322310932e-08,9.032406321815886e-06,100.0
20,I4,N8,40.859868308829185,167.56130630465384,40.85986838787419,40.859868264579916,0.0,31.849922292361704,0.0,7.007081137544446e-08
20,I4,N9,0.0,0.0,0.0,37.88587380998783,37.88587380998783,2.403426185214038e-07,9.105590116463948e-06,38.58840503942401
20,I1,N1,0.0,0.0,1.0247903909427212e-05,100.0,99.99998975209608,7.502246131253426e-07,7.502245362430452e-05,100.0
20,I1,N2,0.0,0.0,1.2153971499103573e-05,100.0,99.9999878460285,7.317270975941274e-07,7.317270086602246e-05,100.0
20,I1,N3,0.0002134978857285387,0.0005843827670469597,8.532822635737171e-05,66.66365591634673,66.66357058812036,-1.6174691395868224e-07,-1.0782626816095245e-05,65.9606062830957
20,I1,N4,0.0,0.0,1.0246947162871812e-05,100.0,99.99998975305283,7.501718564021104e-07,7.501717795323966e-05,100.0
20,I1,N5,0.0,0.0,9.755181281051032e-06,100.0,99.99999024481872,7.271506534579773e-07,7.271505825231128e-05,100.0
20,I1,N6,0.0,0.0,8.755389275095094e-06,100.0,99.99999124461073,7.202362705113133e-07,7.202362074518241e-05,100.0
20,I1,N7,0.0,0.0,1.2151362502428804e-05,100.0,99.9999878486375,7.316808227009987e-07,7.316807337918096e-05,100.0
20,I1,N8,34.89229438615985,138.9312089263596,34.892294394737206,34.89229432189674,0.0,32.928235619400766,0.0,7.007081137544446e-08
20,I1,N9,29.286432222676254,58.651343352826345,29.286561221146368,67.17200503623381,37.88544381508744,-8.389792899889134e-07,-3.178510275289693e-05,38.58840503942401
20,I2,N1,0.0,0.0,4.245024088621269e-06,100.0,99.99999575497591,5.362715292634181e-08,5.362715064985625e-06,100.0
20,I2,N2,0.0,0.0,2.9229947981523768e-06,100.0,99.9999970770052,9.70513089746527e-08,9.705130613784799e-06,100.0
20,I2,N3,11.450066819250194,29.83218833004819,11.751282305835321,77.4106731023459,65.65939079651058,1.4040399910338817e-07,9.218841046522285e-06,65.9606062830957
20,I2,N4,0.0,0.0,4.228555512804471e-06,100.0,99.99999577144449,5.3954460263658654e-08,5.395445798216435e-06,100.0
20,I2,N5,0.0,0.0,4.157764677050081e-06,100.0,99.99999584223532,5.6378967946294354e-08,5.637896560218954e-06,100.0
20,I2,N6,0.0,0.0,4.145021212655549e-06,100.0,99.99999585497879,3.328483141046085e-08,3.3284830030797527e-06,100.0
20,I2,N7,0.0,0.0,3.04466376521694e-06,100.0,99.99999695533623,8.62561980276321e-08,8.625619540142088e-06,100.0
20,I2,N8,12.944478694410554,69.8377004681858,12.944478636838873,12.944478764481374,1.276425010132698e-07,35.36117687266293,4.5135890547992905e-06,7.007081137544446e-08
20,I2,N9,6.947144221890257,18.91908489681734,6.645930410804636,45.535549261314266,38.88961885050963,2.686325998489294e-07,1.0447019418946335e-05,38.58840503942401
21,I3,N1,0.0,0.0,1.081175691148825e-06,100.0,99.9999989188243,9.081818189197791e-08,9.08181809100738e-06,100.0
21,I3,N2,0.0,0.0,1.1034757696602209e-06,100.0,99.99999889652423,9.081818191225072e-08,9.081818091009409e-06,100.0
21,I3,N3,0.0,0.0,3.508143651069358e-06,65.9606062830957,65.96060277495205,1.3773240691207806e-07,9.084912581565642e-06,62.7668629525296
21,I3,N4,0.0,0.0,1.0818917177022802e-06,100.0,99.99999891810828,9.081818189262883e-08,9.081818091007443e-06,100.0
21,I3,N5,0.0,0.0,1.0872259044772157e-06,100.0,99.99999891277409,9.081818189747812e-08,9.081818091007931e-06,100.0
21,I3,N6,0.0,0.0,1.0174962718910206e-06,100.0,99.99999898250373,9.081818183408754e-08,9.081818091001592e-06,100.0
21,I3,N7,0.0,0.0,1.1034760612529513e-06,100.0,99.99999889652393,9.0818181912251e-08,9.08181809100941e-06,100.0
21,I3,N8,11.303358471850068,52.81708823993565,11.303358442415982,11.303358610600412,1.6818442993837834e-07,32.32682976497914,5.436869435738018e-06,6.996944534876093e-08
21,I3,N9,25.178017698956836,50.356065979515904,25.178017348791414,63.76642355543349,38.58840620664208,2.3549562671990267e-07,9.087400903755358e-06,41.78215151037493
21,I4,N1,0.0,0.0,2.0509362874701956e-05,100.0,99.99997949063713,7.107783621793882e-05,0.007107782164032747,100.0
21,I4,N2,0.0,0.0,2.6129596275787528e-05,100.0,99.99997387040372,-8.429068313344407e-06,-0.0008429066110862887,100.0
21,I4,N3,22.589044323687254,45.17810870265547,22.58901471965249,88.54971968286408,65.96070496321158,-2.1319495950587518e-06,-0.00014062489823610873,62.7668629525296
21,I4,N4,0.0,0.0,2.3344258139292645e-05,100.0,99.99997665574186,-3.747390844799523e-06,-0.0003747389969998931,100.0
21,I4,N5,0.0,0.0,2.387441165296247e-05,100.0,99.99997612558835,-4.4057956144670715e-06,-0.000440579456260929,100.0
21,I4,N6,0.0,0.0,6.38918364301844e-06,100.0,99.99999361081636,1.8881660108231754e-07,1.8881658901847815e-05,100.0
21,I4,N7,0.0,0.0,2.6128067706304797e-05,100.0,99.9999738719323,-8.427070979161079e-06,-0.0008427068777330268,100.0
21,I4,N8,40.85986849291377,167.56132105459554,40.85986857180716,40.85986844757953,0.0,31.968547391097506,0.0,6.996944534876093e-08
21,I4,N9,6.951557653527417e-05,0.00015139302664469762,9.930796647896311e-05,38.588405856476655,38.588306548510175,1.6466245573510467e-06,6.354045318936706e-05,41.78215151037493
21,I1,N1,0.0,0.0,5.8894253324475424e-06,100.0,99.99999411057466,1.1373690895877497e-06,0.00011373690226032464,100.0
21,I1,N2,0.0,0.0,3.1841994001214606e-06,100.0,99.9999968158006,7.333951638908804e-07,7.33395140538116e-05,100.0
21,I1,N3,0.0006912673377083296,0.0018886821231324103,0.0008960256742710972,65.96088885706254,65.95999283138828,-8.320674580274715e-06,-0.0005488316356672348,62.7668629525296
21,I1,N4,0.0,0.0,5.889527137181439e-06,100.0,99.99999411047287,1.137382105130769e-06,0.00011373820381443414,100.0
21,I1,N5,0.0,0.0,5.833041418892921e-06,100.0,99.99999416695859,1.1388925770499414e-06,0.00011388925106178657,100.0
21,I1,N6,0.0,0.0,3.805793736927232e-06,100.0,99.99999619420626,8.649222525785776e-07,8.649222196614207e-05,100.0
21,I1,N7,0.0,0.0,3.184356468168487e-06,100.0,99.99999681564353,7.334210347635381e-07,7.334210114087979e-05,100.0
21,I1,N8,34.89229440542842,138.93116242746243,34.892294413686386,34.892294340825615,0.0,32.93065841370597,0.0,6.996944534876093e-08
21,I1,N9,29.28596350755386,58.65003407705491,29.285762629644257,67.87476856357637,38.589005933932114,7.847776812290973e-06,0.0003028379059776712,41.78215151037493
21,I2,N1,0.0,0.0,1.6513660432370727e-05,100.0,99.99998348633957,4.3640866919928374e-07,4.3640859713223804e-05,100.0
21,I2,N2,0.0,0.0,1.3203209243348033e-05,100.0,99.99998679679075,4.0968768747384843e-07,4.096876333819258e-05,100.0
21,I2,N3,14.643401456445439,37.898206181204486,16.01197344381483,77.41026440897504,61.39829096516021,-3.690548056304469e-07,-2.2659334338188822e-05,62.7668629525296
21,I2,N4,0.0,0.0,1.6513996125115925e-05,100.0,99.99998348600387,4.364155649898502e-07,4.364154929202007e-05,100.0
21,I2,N5,0.0,0.0,1.6399488190196324e-05,100.0,99.99998360051181,4.3485672482059704e-07,4.348566535063198e-05,100.0
21,I2,N6,0.0,0.0,1.3370983244791513e-05,100.0,99.99998662901676,3.6677525419199764e-07,3.6677520515053986e-05,100.0
21,I2,N7,0.0,0.0,1.3204500295625914e-05,100.0,99.99998679549971,4.0960361002702166e-07,4.0960355594091174e-05,100.0
21,I2,N8,12.944478559838299,69.83768620310633,12.944478502164474,12.944478629807747,1.2764327372849493e-07,35.36107093707522,4.513602856953819e-06,6.996944534876093e-08
21,I2,N9,3.7537977675378356,10.85304009093122,2.385220715672512,45.53594927791277,43.15072856224026,-1.0837204248987569e-07,-4.676332589216194e-06,41.78215151037493
22,I3,N1,0.0,0.0,1.244518818067026e-08,100.0,99.99999998755482,9.133364704664015e-08,9.133364703527351e-06,100.0
22,I3,N2,0.0,0.0,1.9004713096821615e-08,100.0,99.99999998099528,9.131557604076523e-08,9.131557602341097e-06,100.0
22,I3,N3,0.0,0.0,6.101787343486918e-09,62.7668629525296,62.766862946427814,1.4526943765831094e-07,9.118106883803842e-06,61.96785976573262
22,I3,N4,0.0,0.0,1.6220827093921162e-08,100.0,99.99999998377918,9.132164060739023e-08,9.13216405925771e-06,100.0
22,I3,N5,0.0,0.0,1.603706016975057e-08,100.0,99.99999998396294,9.132183223792657e-08,9.132183222328123e-06,100.0
22,I3,N6,0.0,0.0,8.32040960983105e-09,100.0,99.99999999167959,9.132659823184924e-08,9.132659822425049e-06,100.0
22,I3,N7,0.0,0.0,1.8952820554131594e-08,100.0,99.99999998104718,9.131554185801994e-08,9.131554184071308e-06,100.0
22,I3,N8,11.303358404116377,52.81713400072651,11.303358375087653,11.303358541819506,1.6673185321280926e-07,32.474216884781924,5.414486362834392e-06,6.981436229125393e-08
22,I3,N9,25.178023421124184,50.356088284869315,25.17802587348162,66.96016920933177,41.78214333585015,-2.2959860723849142e-06,-9.59312191735021e-05,42.58115345690191
22,I4,N1,0.0,0.0,2.3934297062280307e-05,100.0,99.99997606570294,9.081820266754832e-08,9.081818093084992e-06,100.0
22,I4,N2,0.0,0.0,2.286948945110608e-05,100.0,99.99997713051054,9.081820169954119e-08,9.081818092988213e-06,100.0
22,I4,N3,22.588841340743926,45.177706623577926,22.588754348053932,85.35590727621685,62.76715292816292,1.4474454294379706e-07,9.085202862470356e-06,61.96785976573262
22,I4,N4,0.0,0.0,2.3714358915966304e-05,100.0,99.99997628564108,9.081820246760454e-08,9.081818093065005e-06,100.0
22,I4,N5,0.0,0.0,2.2452686747394762e-05,100.0,99.99997754731325,9.081820132062879e-08,9.081818092950252e-06,100.0
22,I4,N6,0.0,0.0,2.2235678182499138e-05,100.0,99.99997776432181,9.081820112334912e-08,9.081818092930618e-06,100.0
22,I4,N7,0.0,0.0,2.286970663539047e-05,100.0,99.99997713029336,9.081820169973864e-08,9.081818092988233e-06,100.0
22,I4,N8,40.859868677704085,167.5613359872744,40.859868756899935,40.8598686306169,0.0,32.20122556641686,0.0,6.981436229125393e-08
22,I4,N9,0.00027155821061992664,0.0005638395075097128,0.00035814791094192065,41.78221530378412,41.781857155873176,2.1748939056130193e-07,9.087110649350228e-06,42.58115345690191
22,I1,N1,0.0,0.0,2.3194748041278e-05,100.0,99.99997680525196,6.844516287532362e-08,6.844514699964054e-06,100.0
22,I1,N2,0.0,0.0,1.5117520638813743e-05,100.0,99.99998488247937,7.733943747124265e-08,7.733942577943723e-06,100.0
22,I1,N3,0.0002921806270548002,0.0007998635468262912,0.00012114346534614469,62.767757202810635,62.76763605934529,-7.654756131162977e-07,-4.8047094696387975e-05,61.96785976573262
22,I1,N4,0.0,0.0,2.3195382714577644e-05,100.0,99.99997680461729,6.844503779725542e-08,6.8445021921166955e-06,100.0
22,I1,N5,0.0,0.0,2.21824658220434e-05,100.0,99.99997781753417,6.855583781664041e-08,6.855582260926511e-06,100.0
22,I1,N6,0.0,0.0,1.6803336799360504e-05,100.0,99.9999831966632,6.380017144135881e-08,6.380016072080112e-06,100.0
22,I1,N7,0.0,0.0,1.5117802275311471e-05,100.0,99.99998488219772,7.733875441721567e-08,7.733874272529569e-06,100.0
22,I1,N8,34.8922944234593,138.93111345288597,34.89229443118681,34.892294358341246,0.0,32.92882603036574,0.0,6.981436229125393e-08
22,I1,N9,29.28635856367567,58.65108976847676,29.286527873442157,71.06790725312736,41.781379379685205,1.1273662652249138e-06,4.710291762722094e-05,42.58115345690191
22,I2,N1,0.0,0.0,1.1241908017388324e-05,100.0,99.99998875809199,1.463820664582008e-07,1.4638205000206354e-05,100.0
22,I2,N2,0.0,0.0,9.12558584572187e-06,100.0,99.99999087441415,9.282925815798191e-08,9.282924968676827e-06,100.0
22,I2,N3,15.4430067128964,40.12036464136829,15.785694679946813,77.41086647862902,61.6251717986822,1.254259004659819e-07,7.72939266422055e-06,61.96785976573262
22,I2,N4,0.0,0.0,1.1246291608351888e-05,100.0,99.9999887537084,1.467836116095054e-07,1.467835951017924e-05,100.0
22,I2,N5,0.0,0.0,9.775462488149513e-06,100.0,99.99999022453751,7.939659756801016e-08,7.939658980662554e-06,100.0
22,I2,N6,0.0,0.0,9.365039131893475e-06,100.0,99.99999063496087,-1.1788310308721173e-07,-1.1788309204741299e-05,100.0
22,I2,N7,0.0,0.0,9.124934884446451e-06,100.0,99.99999087506511,9.279465773636589e-08,9.27946492689138e-06,100.0
22,I2,N8,12.944478424905874,69.83767419884171,12.944478367077691,12.944478494720244,1.2764255252761814e-07,35.361170130019225,4.5135900157590205e-06,6.981436229125393e-08
22,I2,N9,2.954193000087618,8.630883815442433,2.6115052426089527,45.53534645698953,42.92384121438057,2.7714895927776016e-07,1.1896297920769405e-05,42.58115345690191
23,I3,N1,0.0,0.0,2.338542349350093e-05,100.0,99.99997661457651,9.081820216857032e-08,9.081818093034913e-06,100.0
23,I3,N2,0.0,0.0,2.2041640941241034e-05,100.0,99.99997795835905,9.081820094694926e-08,9.08181809291275e-06,100.0
23,I3,N3,0.0,0.0,4.539732452726915e-05,61.96785976573262,61.96781436840809,1.4661281271446715e-07,9.085275562320282e-06,60.16800533442114
23,I3,N4,0.0,0.0,2.3386495679825814e-05,100.0,99.99997661350432,9.081820216954506e-08,9.081818093035013e-06,100.0
23,I3,N5,0.0,0.0,2.346323799976278e-05,100.0,99.999976536762,9.081820223931086e-08,9.081818093041993e-06,100.0
23,I3,N6,0.0,0.0,2.4083800982916756e-05,100.0,99.99997591619902,9.081820280345926e-08,9.081818093098405e-06,100.0
23,I3,N7,0.0,0.0,1.6385845360385012e-05,100.0,99.99998361415464,9.081819580531527e-08,9.081818092398615e-06,100.0
23,I3,N8,11.303358335805777,52.81717866937324,11.303358306529805,11.303358473930743,1.674009375562946e-07,32.417065252896585,5.426647116158468e-06,6.967040633298893e-08
23,I3,N9,25.17799831347456,50.356037277335076,25.177987553053295,67.7591768780261,42.5811893249728,2.1340498170830373e-07,9.087037929013638e-06,44.381006493292816
23,I4,N1,0.0,0.0,2.6954012747808502e-05,100.0,99.99997304598725,-4.397163291068273e-06,-0.00043971621058563193,100.0
23,I4,N2,0.0,0.0,4.568403053835483e-06,100.0,99.99999543159694,2.3465990785203287e-07,2.3465989713182248e-05,100.0
23,I4,N3,22.588975149272255,45.17798481170559,22.589032495784394,84.55670110647654,61.967668610692144,-1.869935556083311e-05,-0.0011587554686272095,60.16800533442114
23,I4,N4,0.0,0.0,2.6865768269731186e-05,100.0,99.99997313423172,-6.0653584902757986e-06,-0.0006065356860770641,100.0
23,I4,N5,0.0,0.0,2.0134402390076467e-05,100.0,99.99997986559761,4.882188618502352e-06,0.000488218763550285,100.0
23,I4,N6,0.0,0.0,1.100749614018075e-05,100.0,99.99998899250386,5.838048768027303e-07,5.83804812540431e-05,100.0
23,I4,N7,0.0,0.0,4.577002137053608e-06,100.0,99.99999542299787,2.3585205362904033e-07,2.3585204283408683e-05,100.0
23,I4,N8,40.85986886448016,167.5613518907099,40.85986894452705,40.85986881582905,0.0,32.47870794670016,0.0,6.967040633298893e-08
23,I4,N9,0.00015894029066310778,0.0003449462229655187,0.00011067546782447113,42.58145012276215,42.581339447294326,1.7421117212638885e-05,0.0007418145055824784,44.381006493292816
23,I1,N1,0.0,0.0,1.0348085640469978e-05,100.0,99.99998965191436,4.427292984048717e-07,4.4272925259086476e-05,100.0
23,I1,N2,0.0,0.0,7.0510553680562625e-06,100.0,99.99999294894464,3.6231222178962463e-07,3.623121962427893e-05,100.0
23,I1,N3,0.0017331962476019253,0.004759153291907596,0.0023507743706935504,61.96801813783134,61.96566736346065,-8.628553645933514e-06,-0.0005346740850516918,60.16800533442114
23,I1,N4,0.0,0.0,1.0347992156045822e-05,100.0,99.99998965200784,4.4272550084845504e-07,4.4272545503525495e-05,100.0
23,I1,N5,0.0,0.0,1.0336250647952352e-05,100.0,99.99998966374935,4.445397242776375e-07,4.4453967832889735e-05,100.0
23,I1,N6,0.0,0.0,8.439223572666255e-06,100.0,99.99999156077642,4.551605414524457e-07,4.5516050304043e-05,100.0
23,I1,N7,0.0,0.0,7.051725803078367e-06,100.0,99.9999929482742,3.62337365825026e-07,3.623373402739885e-05,100.0
23,I1,N8,34.892294440410936,138.93106590299854,34.89229444767593,34.89229437480819,0.0,32.93148980264746,0.0,6.967040633298893e-08
23,I1,N9,29.28492754563277,58.64713283120196,29.284314252185812,71.86764974614715,42.58333549396134,8.497581024395893e-06,0.00036185534364897,44.381006493292816
23,I2,N1,0.0,0.0,1.1166471098383776e-05,100.0,99.9999888335289,6.876761683125795e-08,6.876760915234189e-06,100.0
23,I2,N2,0.0,0.0,8.558358126042776e-06,100.0,99.99999144164187,1.0563243482413435e-07,1.0563242578373228e-05,100.0
23,I2,N3,17.241286320059007,45.35251500620147,18.011977580271555,77.40929165448014,59.39731407420859,-2.164407702819185e-06,-0.00012856000410898743,60.16800533442114
23,I2,N4,0.0,0.0,1.1125453535338262e-05,100.0,99.99998887454646,6.883140526270989e-08,6.883139760490388e-06,100.0
23,I2,N5,0.0,0.0,1.1692321829859895e-05,100.0,99.99998830767817,6.40005025867796e-08,6.400049510363486e-06,100.0
23,I2,N6,0.0,0.0,1.05545027374825e-05,100.0,99.99998944549726,7.362015404105122e-08,7.362014627081005e-06,100.0
23,I2,N7,0.0,0.0,8.55846885290084e-06,100.0,99.99999144153115,1.0525322848635376e-07,1.0525321947828899e-05,100.0
23,I2,N8,12.944478289632716,69.83766121994842,12.944478231658508,12.944478359303119,1.27644611325195e-07,35.36088682877683,4.513626655373426e-06,6.967040633298893e-08
23,I2,N9,1.1559087073091925,3.3987240892909725,0.3852154389755814,45.53691520060201,45.15169976162643,-1.5158395933196507e-06,-6.844273420435478e-05,44.381006493292816
24,I3,N1,0.0,0.0,4.431502001219279e-08,100.0,99.99999995568498,9.7455461073123e-08,9.74554610299356e-06,100.0
24,I3,N2,0.0,0.0,2.267125165945406e-08,100.0,99.99999997732874,1.0471907859284534e-07,1.047190785691042e-05,100.0
24,I3,N3,0.0,0.0,4.1306631118813046e-07,60.16800533442114,60.16800492135483,1.4054569485670211e-07,8.456354059813288e-06,59.357577564727855
24,I3,N4,0.0,0.0,4.394147389554964e-08,100.0,99.99999995605853,9.777112458486915e-08,9.777112454190709e-06,100.0
24,I3,N5,0.0,0.0,5.023895235915038e-08,100.0,99.99999994976105,9.374759599624312e-08,9.37475959491453e-06,100.0
24,I3,N6,0.0,0.0,5.923128041475943e-08,100.0,99.99999994076872,8.907098078250678e-08,8.90709807297489e-06,100.0
24,I3,N7,0.0,0.0,2.6549233187150586e-08,100.0,99.99999997345077,9.543831538221698e-08,9.543831535687885e-06,100.0
24,I3,N8,11.303358264932852,52.817232011359295,11.303358234558742,11.303358405476189,1.7091744730635128e-07,32.00025639519828,5.469402136216032e-06,6.965161958305544e-08
24,I3,N9,25.178008312501547,50.35606251053373,25.178012597798826,69.55900480676738,44.38099220896855,-0.00019379816627203479,-0.008600954907431568,45.191429473939706
24,I4,N1,0.0,0.0,3.619733805779173e-06,100.0,99.9999963802662,1.3145673237959934e-07,1.3145672762121557e-05,100.0
24,I4,N2,0.0,0.0,4.008704985301958e-06,100.0,99.99999599129501,1.1140188751707797e-07,1.1140188305130495e-05,100.0
24,I4,N3,22.589006263818515,45.17805968256456,22.589019598624056,82.75698048369338,60.16796088506933,1.0782335349634103e-07,6.48751131566485e-06,59.357577564727855
24,I4,N4,0.0,0.0,3.618004976195623e-06,100.0,99.99999638199502,1.3542681386954324e-07,1.3542680896979436e-05,100.0
24,I4,N5,0.0,0.0,3.7257183821185725e-06,100.0,99.99999627428161,-3.4178975949908473e-08,-3.4178974676496084e-06,100.0
24,I4,N6,0.0,0.0,9.614791622545903e-06,100.0,99.99999038520838,-1.5309099129056838e-06,-0.00015309097657118857,100.0
24,I4,N7,0.0,0.0,3.96190960407781e-06,100.0,99.9999960380904,1.1255622665752279e-07,1.1255622219814684e-05,100.0
24,I4,N8,40.85986905389755,167.56136169612043,40.85986913507643,40.8598690050235,0.0,32.63694889493625,0.0,6.965161958305544e-08
24,I4,N9,0.00012439639657642817,0.0002746134331593137,0.00010959187053927977,44.38115543455649,44.38104584268595,-4.310607433935978e-06,-0.0001913092661353355,45.191429473939706
24,I1,N1,0.0,0.0,1.802365809723358e-05,100.0,99.9999819763419,1.2024997396915566e-07,1.2024995229571149e-05,100.0
24,I1,N2,0.0,0.0,1.3679522134943696e-05,100.0,99.99998632047786,1.0952953315319761e-07,1.0952951817008087e-05,100.0
24,I1,N3,0.0030392627975610663,0.008268553825896753,0.0035990056046864122,60.16970741612248,60.16610841051779,-7.497256307372346e-06,-0.00045108073577080287,59.357577564727855
24,I1,N4,0.0,0.0,1.8023663603115696e-05,100.0,99.9999819763364,1.2024997842067802e-07,1.2024995674722643e-05,100.0
24,I1,N5,0.0,0.0,1.708107834040601e-05,100.0,99.99998291892166,1.1524042873222259e-07,1.1524040904791468e-05,100.0
24,I1,N6,0.0,0.0,1.773295427182435e-05,100.0,99.99998226704572,1.1833191331681344e-07,1.1833189233306935e-05,100.0
24,I1,N7,0.0,0.0,1.367815254568144e-05,100.0,99.99998632184746,1.0952060020840626e-07,1.095205852280115e-05,100.0
24,I1,N8,34.892294457200116,138.93101539317178,34.892294464395476,34.89229439153688,0.0,32.930393416360744,0.0,6.965161958305544e-08
24,I1,N9,29.283615191058495,58.64359045825121,29.283052753383803,73.66595858379269,44.38290583040889,7.842186076823645e-06,0.00034805900615220755,45.191429473939706
24,I2,N1,0.0,0.0,3.851992455216441e-06,100.0,99.99999614800754,1.0089507927015393e-07,1.0089507538368308e-05,100.0
24,I2,N2,0.0,0.0,2.0159396553440254e-06,100.0,99.99999798406034,9.662363230357782e-08,9.66236303557037e-06,100.0
24,I2,N3,18.05037690865607,47.731500686621665,18.397130018054813,77.40795447338392,59.010824455329114,-3.1797873470522275e-07,-1.876418729421757e-05,59.357577564727855
24,I2,N4,0.0,0.0,3.850891655157868e-06,100.0,99.99999614910834,1.0089261789674367e-07,1.0089261401147826e-05,100.0
24,I2,N5,0.0,0.0,2.3908246387941216e-06,100.0,99.99999760917537,9.846962935825221e-08,9.846962700401605e-06,100.0
24,I2,N6,0.0,0.0,2.8042138998236234e-06,100.0,99.9999971957861,9.764883521734093e-08,9.764883247905871e-06,100.0
24,I2,N7,0.0,0.0,2.004524338402075e-06,100.0,99.99999799547567,9.660489979878546e-08,9.660489786231674e-06,100.0
24,I2,N8,12.94447815431786,69.83765090890991,12.944478096325778,12.944478223969483,1.276437053832069e-07,35.361011955399945,4.513610592087128e-06,6.965161958305544e-08
24,I2,N9,0.346822626103677,1.0197548736765711,7.144844417023995e-05,45.53825210004338,45.53818065159921,6.677011237286251e-07,3.0405894393629926e-05,45.191429473939706
25,I3,N1,0.0,0.0,9.963581339362004e-06,100.0,99.99999003641867,9.081818996689187e-08,9.081818091814764e-06,100.0
25,I3,N2,0.0,0.0,9.923961938290829e-06,100.0,99.99999007603806,9.081818993087466e-08,9.081818091811207e-06,100.0
25,I3,N3,0.00018384973848180173,0.00039065995380236523,0.00026264248354543107,59.357577564727855,59.357314922244306,1.5306475524279955e-07,9.085512880443097e-06,59.11689068072361
25,I3,N4,0.0,0.0,9.963552425795049e-06,100.0,99.99999003644757,9.081818996686647e-08,9.081818091814849e-06,100.0
25,I3,N5,0.0,0.0,9.958586230654707e-06,100.0,99.99999004141377,9.081818996235071e-08,9.081818091814295e-06,100.0
25,I3,N6,0.0,0.0,9.969607904730907e-06,100.0,99.9999900303921,9.0818189972371e-08,9.081818091815355e-06,100.0
25,I3,N7,0.0,0.0,9.923965673583355e-06,100.0,99.99999007603432,9.081818993087829e-08,9.081818091811229e-06,100.0
25,I3,N8,11.303358196224737,52.817275020177256,11.303358166778402,11.303358334584473,1.678060712606566e-07,32.37006639391805,5.431893668009998e-06,6.955193043722829e-08
25,I3,N9,25.177826579808922,50.35569319797057,25.177748694369228,70.36943778644125,45.191689092072025,2.0107238292050959e-07,9.086800613945722e-06,45.432122057573345
25,I4,N1,0.0,0.0,1.3568629828500275e-06,100.0,99.99999864313702,9.08181821426027e-08,9.081818091032441e-06,100.0
25,I4,N2,0.0,0.0,1.3907573357684785e-06,100.0,99.99999860924267,9.081818217341574e-08,9.081818091035521e-06,100.0
25,I4,N3,22.5890895335698,45.178239658010746,22.589125220606068,81.94639997880789,59.357274758201825,1.5306485829289009e-07,9.085512849516305e-06,59.11689068072361
25,I4,N4,0.0,0.0,1.3587482717526774e-06,100.0,99.99999864125172,9.081818214431661e-08,9.081818091032612e-06,100.0
25,I4,N5,0.0,0.0,1.3824932589286005e-06,100.0,99.99999861750675,9.081818216590295e-08,9.081818091034772e-06,100.0
25,I4,N6,0.0,0.0,1.2261400736139168e-06,100.0,99.99999877385993,9.08181820237637e-08,9.081818091020559e-06,100.0
25,I4,N7,0.0,0.0,1.3896201014492247e-06,100.0,99.9999986103799,9.081818217238191e-08,9.08181809103542e-06,100.0
25,I4,N8,40.8598692423011,167.5613770831988,40.85986932304548,40.859869192257285,0.0,32.7234161252511,0.0,6.955193043722829e-08
25,I4,N9,0.0,0.0,6.860377693519282e-06,45.1917356030289,45.19172874265121,2.0107220754419442e-07,9.0868006610233e-06,45.432122057573345
25,I1,N1,0.0,0.0,4.144839698594899e-06,100.0,99.99999585516031,-4.0994130667315053e-07,-4.099412896817405e-05,100.0
25,I1,N2,0.0,0.0,1.880360307141408e-06,100.0,99.9999981196397,-1.9248039108198025e-07,-1.9248038746265537e-05,100.0
25,I1,N3,0.0009225725061910378,0.0025113042490898002,1.541952417531113e-05,59.36034970803565,59.360334288511474,-3.3441662213424204e-07,-1.9851082481523432e-05,59.11689068072361
25,I1,N4,0.0,0.0,4.143126091018138e-06,100.0,99.99999585687391,-4.09819182483433e-07,-4.098191655041075e-05,100.0
25,I1,N5,0.0,0.0,4.33114000086172e-06,100.0,99.99999566886,-4.2962668449003736e-07,-4.2962666588230414e-05,100.0
25,I1,N6,0.0,0.0,2.2685202240549213e-06,100.0,99.99999773147978,-2.2387972494702963e-07,-2.238797198682728e-05,100.0
25,I1,N7,0.0,0.0,1.8833341200464527e-06,100.0,99.99999811666588,-1.9289579705158763e-07,-1.9289579341871525e-05,100.0
25,I1,N8,34.89229447315694,138.93096990029213,34.89229447999558,34.8922944071563,0.0,32.92809478054488,0.0,6.955193043722829e-08
25,I1,N9,29.285764668695546,58.64940744469892,29.286685873397136,74.4753507940874,45.18866492069027,-3.2402153072006228e-06,-0.00014642100378798044,45.432122057573345
25,I2,N1,0.0,0.0,1.0090083333576384e-05,100.0,99.99998990991666,1.3899166130897688e-06,0.00013899164728460242,100.0
25,I2,N2,0.0,0.0,8.72042096059452e-06,100.0,99.99999127957904,1.2354428719111263e-06,0.00012354427641753072,100.0
25,I2,N3,18.29291336346192,48.44467473647539,18.396857558378713,77.40980404418553,59.01294648580682,-1.893790927481384e-06,-0.00011175818265876539,59.11689068072361
25,I2,N4,0.0,0.0,1.008939181928254e-05,100.0,99.99998991060818,1.3898993061084728e-06,0.00013898991658760858,100.0
25,I2,N5,0.0,0.0,9.807854051027537e-06,100.0,99.99999019214594,1.3364255446528478e-06,0.0001336425413578181,100.0
25,I2,N6,0.0,0.0,8.490763717151531e-06,100.0,99.99999150923628,1.320889690379195e-06,0.00013208895782255726,100.0
25,I2,N7,0.0,0.0,8.719903690247939e-06,100.0,99.99999128009631,1.2354189495916878e-06,0.0001235418841864345,100.0
25,I2,N8,12.944478018765286,69.83763658836443,12.944477960671328,12.944478088317226,1.2764589740754673e-07,35.36071079505762,4.513649662403855e-06,6.955193043722829e-08
25,I2,N9,0.10428669392218504,0.3065812300872022,0.0003427229872599037,45.53640875149553,45.536066028508266,-1.015069503098033e-07,-4.62222719165971e-06,45.432122057573345
26,I3,N1,0.0,0.0,3.5653489766059587e-07,100.0,99.9999996434651,3.959766050693643e-08,3.959766036575695e-06,100.0
26,I3,N2,0.0,0.0,1.561100400188742e-08,100.0,99.99999998438899,2.0108421123432124e-07,2.0108421120292996e-05,100.0
26,I3,N3,5.522516149579758e-05,0.00011741958742011279,1.0034278751007478e-07,59.117074530462084,59.117074430119295,1.0493708943929232e-07,6.203573726862729e-06,59.12966285649624
26,I3,N4,0.0,0.0,3.56669743685174e-07,100.0,99.99999964333026,4.07493213639283e-08,4.07493212185878e-06,100.0
26,I3,N5,0.0,0.0,2.9462858831565773e-07,100.0,99.99999970537141,-1.23581693208746e-07,-1.23581692844639e-05,100.0
26,I3,N6,0.0,0.0,6.783248250484512e-07,100.0,99.99999932167518,9.431931095003811e-07,9.431931031024681e-05,100.0
26,I3,N7,0.0,0.0,3.4441835950682895e-08,100.0,99.99999996555816,2.1156160628294768e-08,2.1156160621008195e-06,100.0
26,I3,N8,11.303358129574345,52.81731799439929,11.303358101009891,11.30335826577668,1.64766788657289e-07,31.905848979574447,5.257024275748923e-06,6.947455233330402e-08
26,I3,N9,25.17796547553655,50.355962037537076,25.17802500227696,70.60994863738227,45.43192363510531,-0.0025221505967301934,-0.11458615330688145,45.41934053398204
26,I4,N1,0.0,0.0,1.4346947163949607e-05,100.0,99.99998565305283,-1.1945726347375276e-07,-1.1945724633528229e-05,100.0
26,I4,N2,0.0,0.0,1.4470489324393318e-05,100.0,99.99998552951068,-1.2991663402367127e-07,-1.2991661522409862e-05,100.0
26,I4,N3,22.589027989244794,45.17812443971478,22.589001613105506,81.70610883887039,59.11710722576488,1.500450976300363e-06,8.870232125295217e-05,59.12966285649624
26,I4,N4,0.0,0.0,1.4352712884307539e-05,100.0,99.99998564728712,-1.1993863852724038e-07,-1.1993862131279195e-05,100.0
26,I4,N5,0.0,0.0,1.4977303744621988e-05,100.0,99.99998502269625,-1.7664256578181412e-07,-1.766425393255205e-05,100.0
26,I4,N6,0.0,0.0,1.4157545134963114e-05,100.0,99.99998584245486,-1.038954860493737e-07,-1.0389547134032337e-05,100.0
26,I4,N7,0.0,0.0,1.4470520605644413e-05,100.0,99.99998552947939,-1.2991932947750703e-07,-1.2991931067750369e-05,100.0
26,I4,N8,40.859869429365965,167.56139348723912,40.85986950953662,40.85986937850343,0.0,32.74933204480594,0.0,6.947455233330402e-08
26,I4,N9,6.213308078682242e-05,0.00014570237948784764,8.876154398117488e-05,45.43198316184572,45.43189440030174,-8.844819752819163e-07,-4.018369169997832e-05,45.41934053398204
26,I1,N1,0.0,0.0,2.7169193148588042e-05,100.0,99.99997283080685,7.683841104597425e-08,7.683839016959794e-06,100.0
26,I1,N2,0.0,0.0,1.4142334067431447e-05,100.0,99.99998585766593,8.539993884960544e-08,8.53999267720608e-06,100.0
26,I1,N3,0.000400433819869366,0.0010875727328690465,0.00017666009716007795,59.11800342213179,59.11782676203463,-4.4504614162586625e-07,-2.631016070174989e-05,59.12966285649624
26,I1,N4,0.0,0.0,2.7079667097600016e-05,100.0,99.99997292033291,7.693753478544778e-08,7.693751395101949e-06,100.0
26,I1,N5,0.0,0.0,1.8941469602351343e-05,100.0,99.9999810585304,8.20929176291089e-08,8.209290207950385e-06,100.0
26,I1,N6,0.0,0.0,1.6664197372741318e-05,100.0,99.99998333580263,8.079933218610737e-08,8.079931872154718e-06,100.0
26,I1,N7,0.0,0.0,1.4142061618131019e-05,100.0,99.99998585793838,8.539988684905934e-08,8.539987477175471e-06,100.0
26,I1,N8,34.89229448854435,138.93091878920077,34.892294495138955,34.8922944222944,0.0,32.92871927193426,0.0,6.947455233330402e-08
26,I1,N9,29.286281845841017,58.650806823342826,29.286503493189077,74.71768569746048,45.43118220427141,8.063440861067806e-07,3.663316509525387e-05,45.41934053398204
26,I2,N1,0.0,0.0,2.764533756531205e-06,100.0,99.99999723546624,9.081785077892444e-08,9.08178482682343e-06,100.0
26,I2,N2,0.0,0.0,2.3263299137074958e-06,100.0,99.99999767367008,9.08179109181914e-08,9.081790880546717e-06,100.0
26,I2,N3,18.2808534952776,48.42549222836116,18.275684980341463,77.41051635177384,59.13483137143237,2.182382823427469e-07,1.2905484025129384e-05,59.12966285649624
26,I2,N4,0.0,0.0,2.76454936125219e-06,100.0,99.99999723545064,9.081785076884622e-08,9.08178482581419e-06,100.0
26,I2,N5,0.0,0.0,2.6974939761092653e-06,100.0,99.99999730250602,9.081785318814006e-08,9.081785073833393e-06,100.0
26,I2,N6,0.0,0.0,2.6741358179000303e-06,100.0,99.99999732586419,9.08178717161321e-08,9.081786928753886e-06,100.0
26,I2,N7,0.0,0.0,2.3117991463858986e-06,100.0,99.99999768820085,9.081791393860378e-08,9.0817911839076e-06,100.0
26,I2,N8,12.944477883040788,69.83762580628479,12.944477824873147,12.944477952515342,1.2764219547989342e-07,35.36122003389847,4.5135837599743915e-06,6.947455233330402e-08
26,I2,N9,0.11635001155960917,0.32577861083141757,0.12152000483279093,45.53569054554165,45.41417054070886,1.3548991647786382e-07,6.153162173472107e-06,45.41934053398204
