node,x_power_mw,x_energy_mwh,energy_power_ratio_h
N1,37.70570260405264,106.19827056348812,2.8165042216206797
N2,8.21664479898694,16.43328960996076,2.0000000014588535
N3,9.494699237864908e-08,2.0941704232304224e-07,2.2056206002596275
N4,9.495499344665865e-10,8.06590264190131e-09,0.0
N5,40.30242598326441,218.89682037489902,5.431355930429497
