{
  "model": "Single Investor Primal-Dual MPEC",
  "investor": "I2",
  "wacc": 0.12,
  "solver_status": "ok",
  "termination": "optimal",
  "profit_eur_per_day": 6373.702249262619,
  "spot_revenue_eur_per_day": 16487.21372195163,
  "degradation_cost_eur_per_day": 7303.724818074784,
  "capex_daily_eur_per_day": 2809.786654614227,
  "lower_level_primal_objective_eur_per_day": 427797.94657465507,
  "lower_level_dual_objective_eur_per_day": 427797.94657465833,
  "strong_duality_gap": 3.259629011154175e-09,
  "total_power_mw": 86.22477348220053,
  "total_energy_mwh": 341.52838076583083,
  "total_charge_mwh": 519.0725718424347,
  "total_discharge_mwh": 454.75740390086975,
  "total_storage_throughput_mwh": 973.8299757433044,
  "total_load_shed_mwh": -1.199286083231695e-06,
  "equivalent_cycles_throughput_over_2e": 1.4256940719825735,
  "equivalent_cycles_discharge_over_e": 1.3315362046373371,
  "line_limits_mw": {
    "L12": 400.0,
    "L14": 400.0,
    "L15": 250.0,
    "L23": 400.0,
    "L34": 240.0,
    "L45": 180.0
  },
  "existing_power_mw_per_node": 0.0,
  "existing_ratio_hours": 2.0,
  "storage_units": [
    "I2",
    "RIV"
  ],
  "demand_model": "quadratic",
  "load_shed_allowed": true,
  "quadratic_demand_alpha_eur_per_mwh": 4000,
  "quadratic_demand_beta_eur_per_mwh_per_share": 10000,
  "quadratic_demand_source": "fixed_default"
}