unit,hour,node,soc_start_mwh,soc_end_mwh,p_charge_mw,p_discharge_mw,net_injection_mw,lambda_eur_per_mwh,spot_revenue_eur,degradation_cost_eur,rho_charge_dual,sigma_discharge_dual,gamma_soc_transition_dual
I3,1,N1,6.519717462401423e-05,6.515547281297814e-05,9.190606728432094e-08,1.1955143305331754e-07,2.7645365768996603e-08,67.15000053066296,1.8563863260584936e-06,1.5859312525322886e-06,-0.046027992397553896,-0.04608199432435396,-67.99308205967938
I3,2,N1,6.515547281297814e-05,6.511376976569079e-05,9.190564297490053e-08,1.1955221844869e-07,2.7646575473789483e-08,67.15000053513603,1.8564675578596424e-06,1.585933960676929e-06,-0.04602598787105135,-0.04608426690810629,-67.99288242899081
I3,3,N1,6.511376976569079e-05,6.507206490883592e-05,9.190502145933955e-08,1.19553367696606e-07,2.7648346237266457e-08,67.15000058117919,1.856586465901086e-06,1.5859379186695914e-06,-0.04602627595080537,-0.046083946814697595,-67.99268643201452
I3,4,N1,6.507206490883592e-05,6.503035768809479e-05,9.190420951951877e-08,1.195548689568906e-07,2.7650659437371823e-08,67.1500005465583,1.8567417963322154e-06,1.58594308857307e-06,-0.046027224139967016,-0.0460829175874206,-67.99249393342917
I3,5,N1,6.503035768809479e-05,6.498864754589665e-05,9.19032058851024e-08,1.195567241605769e-07,2.7653518275474506e-08,67.15000054911084,1.8569337673829598e-06,1.5859494753425947e-06,-0.04602827055659901,-0.04608176422532779,-67.99230504378812
I3,6,N1,6.498864754589665e-05,6.494693392420239e-05,9.190201035728769e-08,1.1955893357180316e-07,2.7656923214515467e-08,67.15000060480962,1.8571624105818869e-06,1.5859570794681814e-06,-0.046029424756625414,-0.046080495439097084,-67.99211993739213
I3,7,N1,6.494693392420239e-05,6.490521627348143e-05,9.190062607846768e-08,1.195614919796721e-07,2.766086590120441e-08,67.15000062306149,1.8574271625002963e-06,1.5859658854360483e-06,-0.04603018220665123,-0.046079678031840925,-67.991938827975
I3,8,N1,6.490521627348143e-05,6.48634940602432e-05,9.189905856669284e-08,1.195643892050256e-07,2.766533063833276e-08,67.15000065339058,1.8577269704403113e-06,1.5859758582878883e-06,-0.046027900197971,-0.046082286955988906,-67.99176181234013
I3,9,N1,6.48634940602432e-05,6.482176683211728e-05,9.18973362584304e-08,1.1956757423252584e-07,2.767023797409544e-08,67.15000063030975,1.8580564974013296e-06,1.5859868286821715e-06,-0.046010944330127486,-0.04610134053096085,-67.99158796999424
I3,10,N1,6.482176683211728e-05,6.494726762599347e-05,2.1048447433784067e-07,6.693586296137812e-08,-1.4354861137646255e-07,60.00000067207049,-8.612916779062538e-06,2.0806525297441408e-06,-0.04640300595671217,-0.04604460875339418,-67.9914112105952
I3,11,N1,6.494726762599347e-05,6.507278094472298e-05,2.104988665354921e-07,6.693674864544658e-08,-1.4356211789004554e-07,60.00000058862362,-8.613727157906786e-06,2.0807671138570403e-06,-0.04641574628633773,-0.046065176148515116,-67.99143964092185
I3,12,N1,6.507278094472298e-05,6.519831407821665e-05,2.1052064862240047e-07,6.69372852254313e-08,-1.4358336339696918e-07,60.00000058681032,-8.61500188807435e-06,2.0809345038587383e-06,-0.046426018479868464,-0.046070419050920866,-67.99163228666131
I3,13,N1,6.519831407821665e-05,6.532387345497408e-05,2.105488790573172e-07,6.693745410164433e-08,-1.436114249556729e-07,60.00000057746952,-8.616685580271595e-06,2.0811474986922114e-06,-0.04641977071266889,-0.04607371561131384,-67.99194272034818
I3,14,N1,6.532387345497408e-05,6.544946580747402e-05,2.1058387763780287e-07,6.693725092303203e-08,-1.4364662671477085e-07,60.00000057155593,-8.618797684988332e-06,2.0814084642062617e-06,-0.04638383930421958,-0.04607814042436918,-67.99232207049198
I3,15,N1,6.544946580747402e-05,6.557509663349704e-05,2.1062432429847117e-07,6.693667486302876e-08,-1.436876494354424e-07,60.00000056091364,-8.621259046722908e-06,2.0817074937112496e-06,-0.04631025843652533,-0.04608350693857342,-67.99271462489722
I3,16,N1,6.557509663349704e-05,6.570076074973804e-05,2.1065880923623326e-07,6.69357273350551e-08,-1.4372308190117815e-07,60.00000058123623,-8.62338499760775e-06,2.0819590242846625e-06,-0.04622771788914906,-0.04608495095505177,-67.99305752870833
I3,17,N1,6.570076074973804e-05,6.582639577676385e-05,2.1062621788794569e-07,6.693440169059362e-08,-1.4369181619735207e-07,60.00000061035287,-8.621509059543836e-06,2.0817046468390446e-06,-0.0463269908766068,-0.04606115852077527,-67.99332091063799
I3,18,N1,6.582639577676385e-05,6.578467717744992e-05,9.190029805100104e-08,1.1956209247913545e-07,2.766179442813441e-08,67.15000062089705,1.8574895130243522e-06,1.5859679289760236e-06,-0.046027362928083126,-0.046082935018615864,-67.99360450016508
I3,19,N1,6.578467717744992e-05,6.574296475582562e-05,9.19024182371327e-08,1.1955816764822115e-07,2.7655749411088445e-08,67.15000057136785,1.8570835887561952e-06,1.585954394140154e-06,-0.04615764641039013,-0.045934623583792744,-67.99392534897106
I3,20,N1,6.574296475582562e-05,6.549924725483602e-05,4.69507880582029e-08,2.6925297854090625e-07,2.2230219048270335e-07,88.5290318775952,1.9680197707702485e-05,2.3715282494933187e-06,-0.04579754972062281,-8.948064182146007,-67.99426886225804
I3,21,N1,6.549924725483602e-05,6.532227606261712e-05,6.55231352075888e-08,2.2304959257972362e-07,1.5752645737213484e-07,74.37532421806615,1.1716081339975905e-05,2.164295458404843e-06,-0.04607121362061205,-0.04607283109668651,-67.99411905380516
I3,22,N1,6.532227606261712e-05,6.528057525594489e-05,9.190640941879883e-08,1.1955079271138726e-07,2.7644383292588426e-08,67.1500006658767,1.8563203565050636e-06,1.5859290159763957e-06,-0.04604311001257807,-0.04606514749691937,-67.9938977619137
I3,23,N1,6.528057525594489e-05,6.52388750174261e-05,9.19066061084585e-08,1.1955043323877413e-07,2.7643827130315635e-08,67.15000064012905,1.8562830094963118e-06,1.5859277951042446e-06,-0.04602148892017299,-0.04608934339414234,-67.99369017166676
I3,24,N1,6.52388750174261e-05,6.519717462401423e-05,9.190655342454822e-08,1.1955053206254248e-07,2.764397863799426e-08,67.1500006287106,1.856293182921377e-06,1.5859281411531804e-06,-0.04602355979524312,-0.04608695681485526,-67.99348634926446
I3,1,N2,6.428097330813888e-05,6.432810426122269e-05,1.3991094486439228e-07,7.846084706547086e-08,-6.145009779892142e-08,67.1500005753825,-4.126374102554884e-06,1.6377884394739735e-06,-0.04599195711679148,-0.04601826627432225,-70.30171939879641
I3,2,N2,6.432810426122269e-05,6.437522268079202e-05,1.399017307996537e-07,7.846450602975561e-08,-6.143722476989808e-08,67.15000058327186,-4.12550967913326e-06,1.6377467762205696e-06,-0.045990091610034506,-0.046020383795431045,-70.30081716354135
I3,3,N2,6.437522268079202e-05,6.442232918221446e-05,1.398929695061986e-07,7.846798568109654e-08,-6.142498382510206e-08,67.15000063090675,-4.12468770260904e-06,1.6377071639047136e-06,-0.04599042590165796,-0.04602002225317611,-70.29995857500953
I3,4,N2,6.442232918221446e-05,6.446942439997383e-05,1.398846751865475e-07,7.847128056946729e-08,-6.14133946170802e-08,67.15000059902336,-4.123909485324993e-06,1.6376696681701108e-06,-0.045991385854621036,-0.04601899616815591,-70.29914352675188
I3,5,N2,6.446942439997383e-05,6.451650896473892e-05,1.3987684484035072e-07,7.847439163712808e-08,-6.140245320322264e-08,67.1500005999226,-4.12317476943312e-06,1.637634273581091e-06,-0.04599244550731117,-0.046017840759701556,-70.29837213344024
I3,6,N2,6.451650896473892e-05,6.456358350595065e-05,1.3986947741654066e-07,7.847731911254421e-08,-6.139215830399645e-08,67.15000065029042,-4.122483470036094e-06,1.6376009739681365e-06,-0.045993676061235084,-0.046016499363957665,-70.29764456301832
I3,7,N2,6.456358350595065e-05,6.461064866165e-05,1.3986257935210296e-07,7.848006058547087e-08,-6.138251876663209e-08,67.1500006691689,-4.121836176254617e-06,1.6375697995318037e-06,-0.045994609746356906,-0.046015496788829637,-70.29696100257596
I3,8,N2,6.461064866165e-05,6.46577050887699e-05,1.3985616450801724e-07,7.848261051658025e-08,-6.137355399143699e-08,67.1500007078659,-4.12123419396924e-06,1.6375408126844812e-06,-0.04599240756737064,-0.04601802185399639,-70.29632139282766
I3,9,N2,6.46577050887699e-05,6.470475354250294e-05,1.3985030568948672e-07,7.848494071920527e-08,-6.136536497028145e-08,67.15000068270285,-4.120684299648709e-06,1.63751434806519e-06,-0.04597417123085667,-0.046038470232291163,-70.2957239505414
I3,10,N2,6.470475354250294e-05,6.531251816478838e-05,7.067466982524522e-07,5.031026889301554e-08,-6.564364293594366e-07,60.000000711256725,-3.938618622846102e-05,5.677927253591008e-06,-0.04669406220966248,-0.04599191877767179,-70.29515838526163
I3,11,N2,6.531251816478838e-05,6.561914203125644e-05,3.8996976778123537e-07,5.465101465996068e-08,-3.353187531212747e-07,60.00000073457826,-2.0119125433594347e-05,3.3346558683089705e-06,-0.046967587883042866,-0.046008660527765206,-70.29486680037411
I3,12,N2,6.561914203125644e-05,6.586709157093325e-05,3.2945985419639516e-07,5.655769128454936e-08,-2.729021629118458e-07,60.00000064364919,-1.6374129950364003e-05,2.895131591107084e-06,-0.047064465298973346,-0.04601003501858175,-70.29486585815738
I3,13,N2,6.586709157093325e-05,6.611506107616187e-05,3.294796537646573e-07,5.6556349850614536e-08,-2.729233039140428e-07,60.000000682707515,-1.637539842116936e-05,2.895270027114539e-06,-0.04712280668094108,-0.04600974868880166,-70.29518036364105
I3,14,N2,6.611506107616187e-05,6.63564486717828e-05,3.227482057604495e-07,5.681962257271659e-08,-2.6592858318773294e-07,60.000000695490314,-1.595571517621473e-05,2.8467587124987454e-06,-0.04718366494745575,-0.04601057490958335,-70.2958370139048
I3,15,N2,6.63564486717828e-05,6.660449746013114e-05,3.2955943118333763e-07,5.6552033527959775e-08,-2.7300739765537783e-07,60.00000164645185,-1.6380444308816205e-05,2.8958359853347308e-06,-0.04723476006129524,-0.046013453291827815,-70.29686253841669
I3,16,N2,6.660449746013114e-05,6.69113154594067e-05,3.901670104774426e-07,5.4642109889326075e-08,-3.355249005881165e-07,60.000000638851404,-2.0131494249637542e-05,3.3360684027507648e-06,-0.04724937908527789,-0.046014700271848896,-70.29828387094634
I3,17,N2,6.69113154594067e-05,6.751306087570937e-05,7.003035496423818e-07,5.0299428968186727e-08,-6.500041206741951e-07,60.00000064384854,-3.9000247658955903e-05,5.629522339579264e-06,-0.047049874519988946,-0.045998919351459513,-70.30013213475448
I3,18,N2,6.751306087570937e-05,6.756021194400923e-05,1.3992573750352713e-07,7.845497899522205e-08,-6.147075850830508e-08,67.150000707162,-4.127761477302471e-06,1.6378553737406187e-06,-0.04599127310447471,-0.04601872731171372,-70.30234411241372
I3,19,N2,6.756021194400923e-05,6.7607393017984e-05,1.3994779573976904e-07,7.844621881605049e-08,-6.150157692371855e-08,67.15000084525145,-4.129830942411998e-06,1.6379551091686463e-06,-0.04612569453422538,-0.045866363187057876,-70.30472609813904
I3,20,N2,6.7607393017984e-05,6.429689260158024e-05,3.709409509428187e-08,3.1311263780896277e-06,3.094032282995346e-06,88.52903209874849,0.000273911683295859,2.3761653548879323e-05,-0.045756049543966455,-6.181054137061638,-70.30720020540873
I3,21,N2,6.429689260158024e-05,6.41394593213335e-05,6.509804650632953e-08,2.0438968846296446e-07,1.3929164195663493e-07,81.15877251381536,1.1304738682634355e-05,2.021158012269705e-06,-0.045976304302159036,-0.0470257848902527,-70.30670733103976
I3,22,N2,6.41394593213335e-05,6.41866447850944e-05,1.3995102450869844e-07,7.844493868776984e-08,-6.15060858209286e-08,67.15000073786163,-4.130133708258336e-06,1.6379697239735121e-06,-0.046007336865315565,-0.0460012360975127,-70.30562450771603
I3,23,N2,6.41866447850944e-05,6.423381596243173e-05,1.3994052003680837e-07,7.844910785442652e-08,-6.149141218238185e-08,67.15000069456784,-4.129148370756898e-06,1.6379222091842617e-06,-0.045984887907705545,-0.04602624604186718,-70.30459506376522
I3,24,N2,6.423381596243173e-05,6.428097330813888e-05,1.3993034957127126e-07,7.845314395610149e-08,-6.147720561516978e-08,67.1500006786141,-4.12819439877795e-06,1.6378762014552957e-06,-0.04598708902686101,-0.04602370134085849,-70.3036088936447
I3,1,N3,6.526097637310485e-05,6.520256201066465e-05,8.666737629467995e-08,1.3060478494628804e-07,4.393740865160809e-08,67.15000056441156,2.9503970157542642e-06,1.62954120930726e-06,-0.0458439202934147,-0.045993878050163826,-65.67858490406253
I3,2,N3,6.520256201066465e-05,6.514414614556701e-05,8.666694899492993e-08,1.3060581707805212e-07,4.3938868083122193e-08,67.15000057095236,2.9504950168686557e-06,1.6295457455473654e-06,-0.045841530300540126,-0.045996576225612616,-65.67849792533862
I3,3,N3,6.514414614556701e-05,6.508572791521502e-05,8.666627629087164e-08,1.306074416027899e-07,4.3941165311918254e-08,67.15000062216531,2.9506492780339796e-06,1.6295528842024616e-06,-0.045841345109559783,-0.04599676790800685,-65.6783761949156
I3,4,N3,6.508572791521502e-05,6.502730647727766e-05,8.666536412503789e-08,1.306096447578624e-07,4.394428063282452e-08,67.15000058998751,2.950858470420743e-06,1.6295625666217522e-06,-0.04584176811796927,-0.04599630678807702,-65.6782195363037
I3,5,N3,6.502730647727766e-05,6.496888098717535e-05,8.666421176572669e-08,1.3061242800688217e-07,4.3948216241155475e-08,67.15000058854778,2.9511227464592152e-06,1.6295747982945664e-06,-0.04584213681485498,-0.04599589086691669,-65.67802801176812
I3,6,N3,6.496888098717535e-05,6.491045059978604e-05,8.666281904113308e-08,1.3061579170705958e-07,4.3952972665926504e-08,67.1500006371793,2.951442142522889e-06,1.6295895806114448e-06,-0.045842412959237834,-0.04599558319171541,-65.67780170554397
I3,7,N3,6.491045059978604e-05,6.485201447605716e-05,8.666118787582049e-08,1.3061973186347446e-07,4.395854398765397e-08,67.15000064306695,2.9518162570392505e-06,1.6296068980447122e-06,-0.045842488552966174,-0.04599550479905901,-65.67754069070745
I3,8,N3,6.485201447605716e-05,6.479357177542162e-05,8.665931781172133e-08,1.3062424949245585e-07,4.396493168073452e-08,67.15000066538168,2.952245191614783e-06,1.629626754781329e-06,-0.045842167818718596,-0.045995876961643055,-65.67724501471687
I3,9,N3,6.479357177542162e-05,6.47351216609216e-05,8.665720997550382e-08,1.3062934220271428e-07,4.3972132227210454e-08,67.15000064215121,2.95272870729394e-06,1.6296491413366358e-06,-0.04584108355565454,-0.045997110682841055,-65.676914672909
I3,10,N3,6.47351216609216e-05,6.483497046400687e-05,1.873824500667398e-07,7.070653528585172e-08,-1.1667591478088809e-07,60.0000006808271,-7.00055496628941e-06,1.9356673901444365e-06,-0.046030025008775094,-0.045932600519041744,-65.67654957250295
I3,11,N3,6.483497046400687e-05,6.49987982652545e-05,2.4769187249427944e-07,6.365903675696728e-08,-1.8403283573731217e-07,60.00000042674834,-1.1041970222774437e-05,2.3351318193843503e-06,-0.045996121837986445,-0.04593451614293741,-65.67629510522237
I3,12,N3,6.49987982652545e-05,6.519867398036382e-05,2.833799667700487e-07,6.118438602505224e-08,-2.2219558074499645e-07,60.00000051866024,-1.3331734959943799e-05,2.584232645963257e-06,-0.04597645817769617,-0.04593551292672451,-65.67615126986601
I3,13,N3,6.519867398036382e-05,6.539854552878226e-05,2.8337583201450905e-07,6.118466360492054e-08,-2.221911684095885e-07,60.000000433890776,-1.3331470200982008e-05,2.584203717145722e-06,-0.04597662772975409,-0.04593557733698889,-65.67611813290667
I3,14,N3,6.539854552878226e-05,6.560397733626213e-05,2.889503645176375e-07,6.086408675128877e-08,-2.2808627776634874e-07,60.00000039913996,-1.3685176757019271e-05,2.623608384516947e-06,-0.04597213787785393,-0.04593689085801644,-65.67619561125561
I3,15,N3,6.560397733626213e-05,6.580386371044958e-05,2.833905441188672e-07,6.118367590091431e-08,-2.222068682179529e-07,59.999999343397775,-1.333241194717565e-05,2.5843066501483614e-06,-0.04597419451340716,-0.04593805998762021,-65.67638342173184
I3,16,N3,6.580386371044958e-05,6.596770546117212e-05,2.4770534109636257e-07,6.365777983685988e-08,-1.8404756125950268e-07,60.00000050751216,-1.1042853768976537e-05,2.3352234069991686e-06,-0.045993040354115174,-0.04593796697726888,-65.67668116692417
I3,17,N3,6.596770546117212e-05,6.606756693968392e-05,1.873935736279761e-07,7.070441639411728e-08,-1.1668915723385882e-07,60.00000061200729,-7.001349505446144e-06,1.9357349251657003e-06,-0.04602674494624329,-0.04593319311305748,-65.67708841763123
I3,18,N3,6.606756693968392e-05,6.600912881922586e-05,8.666061961436683e-08,1.306211029504156e-07,4.396048333604878e-08,67.15000065680921,2.951946484889326e-06,1.6296129192358684e-06,-0.045847459492689445,-0.045989878326897306,-65.67760541155464
I3,19,N3,6.600912881922586e-05,6.595070046912185e-05,8.666339752703762e-08,1.3061439161720021e-07,4.395099409016259e-08,67.15000068913189,2.9513092834424497e-06,1.6295834185817838e-06,-0.04589001293584897,-0.0459415145761601,-65.67809097116127
I3,20,N3,6.595070046912185e-05,6.549463532140451e-05,3.504514220131626e-08,4.575798871654317e-07,4.225347449641154e-07,88.52903192270406,3.740659192537979e-05,3.6946877202506094e-06,-0.04621819464641095,-13.61696355241626,-65.67856564922445
I3,21,N3,6.549463532140451e-05,6.543621670291875e-05,8.666610130982044e-08,1.3060765159579192e-07,4.394155028597147e-08,67.15067625655303,2.9507048174643155e-06,1.6295531467920928e-06,-0.04588985486828069,-0.0459420082690955,-65.67862874359061
I3,22,N3,6.543621670291875e-05,6.537780249799214e-05,8.666741956270213e-08,1.3060467542052196e-07,4.393725585781982e-08,67.15000067932775,2.950386760700398e-06,1.6295407123741807e-06,-0.045847499935049135,-0.045990684383614394,-65.67868119286376
I3,23,N3,6.537780249799214e-05,6.531938936415038e-05,8.666772510217645e-08,1.3060394056699593e-07,4.3936215464819484e-08,67.1500006642469,2.9503168976471236e-06,1.6295374925187927e-06,-0.04583890979469756,-0.04599982890770761,-65.67870198839256
I3,24,N3,6.531938936415038e-05,6.526097637310485e-05,8.666776596852172e-08,1.3060384271257145e-07,4.393607674404973e-08,67.15000065779026,2.950307582263663e-06,1.6295370651081986e-06,-0.04584152490047796,-0.04599670504994429,-65.67868732338945
I3,1,N4,6.520456288293042e-05,6.516296336106873e-05,9.194174429801475e-08,1.194869468750566e-07,2.7545202577041835e-08,67.15000056119645,1.8496603685066291e-06,1.5857151837980349e-06,-0.04600651474227889,-0.046053664092808366,-68.23083370579089
I3,2,N4,6.516296336106873e-05,6.512136259069844e-05,9.194131501678588e-08,1.194877393875451e-07,2.7546424370759215e-08,67.15000056811724,1.8497424121460797e-06,1.5857179080324823e-06,-0.046004611021928356,-0.04605582257319609,-68.23062961274447
I3,3,N4,6.512136259069844e-05,6.507976000073261e-05,9.194068904060301e-08,1.1948889411372156e-07,2.754820507311855e-08,67.15000061700152,1.8498619876571952e-06,1.5857218736574343e-06,-0.046004963270669164,-0.04605543141942193,-68.23043304262733
I3,4,N4,6.507976000073261e-05,6.503815503905741e-05,9.193987313161643e-08,1.1949039921911362e-07,2.7550526087497187e-08,67.15000058454306,1.850017842879905e-06,1.5857270426304754e-06,-0.046005951819228716,-0.046054359382507785,-68.23024388527388
I3,5,N4,6.503815503905741e-05,6.499654715047015e-05,9.193886610099427e-08,1.194922565532804e-07,2.755339045228614e-08,67.15000058493318,1.8502101849879066e-06,1.5857334199070602e-06,-0.04600701757474499,-0.04605318361196137,-68.23006226487307
I3,6,N4,6.499654715047015e-05,6.495493577915898e-05,9.193766769513049e-08,1.1949446646428435e-07,2.755679876915386e-08,67.1500006353431,1.8504390548567038e-06,1.5857410061956113e-06,-0.04600817955701356,-0.046051905413698316,-68.22988836458681
I3,7,N4,6.495493577915898e-05,6.4913320377779e-05,9.193628102749217e-08,1.1949702375472648e-07,2.7560742727234306e-08,67.15000064742226,1.850703891977222e-06,1.5857497858666398e-06,-0.04600892966193725,-0.04605109727415907,-68.2297224022499
I3,8,N4,6.4913320377779e-05,6.487170041540715e-05,9.19347117599999e-08,1.194999180141505e-07,2.756520625415061e-08,67.1500006735216,1.8510036185319754e-06,1.5857597233061281e-06,-0.046006592362693506,-0.04605376815730571,-68.22956445450241
I3,9,N4,6.487170041540715e-05,6.483007544413189e-05,9.193298896442538e-08,1.195030970134126e-07,2.757010804898722e-08,67.15000064735692,1.8513327733371921e-06,1.5857706448337849e-06,-0.045989433290872093,-0.04607304026769947,-68.22941345736835
I3,10,N4,6.483007544413189e-05,6.495577055744098e-05,2.106660202306348e-07,6.691303160267251e-08,-1.437529886279623e-07,60.000000684435015,-8.625179416067316e-06,2.081842888749805e-06,-0.046395087968584776,-0.04601976542780779,-68.22926261781124
I3,11,N4,6.495577055744098e-05,6.508147843795743e-05,2.1068067044899716e-07,6.69139164942888e-08,-1.4376675395470835e-07,60.00000059244515,-8.626005322456417e-06,2.081959402074645e-06,-0.04640957186871631,-0.04603980217502676,-68.22929227595829
I3,12,N4,6.508147843795743e-05,6.520720429270927e-05,2.1070048349273757e-07,6.691445073834196e-08,-1.437860327543956e-07,60.00000059024098,-8.627162050132145e-06,2.0821120067330965e-06,-0.046420438490997765,-0.04604468512705611,-68.22946346849588
I3,13,N4,6.520720429270927e-05,6.533295293052472e-05,2.107250130511045e-07,6.691461603876275e-08,-1.4381039701234177e-07,60.000000579849115,-8.628623904128838e-06,2.0822972181740045e-06,-0.04641609851381053,-0.04604755393710605,-68.22973693264825
I3,14,N4,6.533295293052472e-05,6.545872960878987e-05,2.1075473364914217e-07,6.691440827489479e-08,-1.4384032537424738e-07,60.000000573663954,-8.630419604970853e-06,2.082518564430277e-06,-0.046387848377827265,-0.04605151509096101,-68.23007317807182
I3,15,N4,6.545872960878987e-05,6.558453823756085e-05,2.1078820480437464e-07,6.691382654665851e-08,-1.4387437825771613e-07,60.00000056278045,-8.632462776432655e-06,2.0827652351327487e-06,-0.04633222434034739,-0.046056402133815726,-68.23042827951231
I3,16,N4,6.558453823756085e-05,6.571037237413495e-05,2.1081436635529562e-07,6.691287127304232e-08,-1.4390149508225329e-07,60.00000058447464,-8.634089789041972e-06,2.0829542822125347e-06,-0.046277311948834735,-0.046057512431466475,-68.23075495547872
I3,17,N4,6.571037237413495e-05,6.583617422659792e-05,2.107783526431723e-07,6.691153773193378e-08,-1.4386681491123854e-07,60.000000620367715,-8.632008983924639e-06,2.0826741778132954e-06,-0.046367524002161056,-0.0460339758669231,-68.23103756005726
I3,18,N4,6.583617422659792e-05,6.579455798625006e-05,9.193599129183114e-08,1.194975551924027e-07,2.7561563900571553e-08,67.15000064338989,1.8507590336562113e-06,1.5857515986317537e-06,-0.04600557961197899,-0.04605494081003296,-68.23135705352941
I3,19,N4,6.579455798625006e-05,6.575294792515443e-05,9.193811519366513e-08,1.1949363215420945e-07,2.7555516960544325e-08,67.15000059572863,1.8503529803161618e-06,1.5857381051090595e-06,-0.04613726150782967,-0.04590511854563035,-68.23171422433677
I3,20,N4,6.575294792515443e-05,6.550608911699149e-05,4.6961931226508775e-08,2.722030045403381e-07,2.2524107331382933e-07,88.5290319041255,1.994037416551947e-05,2.393737018251352e-06,-0.045779470723819396,-8.657037398184361,-68.23210884598694
I3,21,N4,6.550608911699149e-05,6.532935731887613e-05,6.554275128900477e-08,2.2284270526926684e-07,1.5729995398026207e-07,74.37532424581829,1.1699235081134286e-05,2.1628909241870373e-06,-0.046047138555668846,-0.0460370151474278,-68.23193406342534
I3,22,N4,6.532935731887613e-05,6.528775886269745e-05,9.194210862895976e-08,1.1948626858464174e-07,2.7544159955681975e-08,67.15000069495827,1.8495903601660862e-06,1.5857128291020113e-06,-0.04602148000918545,-0.046037008681270544,-68.23169376741244
I3,23,N4,6.528775886269745e-05,6.524616095832251e-05,9.194229976935128e-08,1.1948591955369042e-07,2.7543619784339135e-08,67.15000067066255,1.8495540869908472e-06,1.5857116449228128e-06,-0.04599965542984192,-0.046061412615227205,-68.23147055642664
I3,24,N4,6.524616095832251e-05,6.520456288293042e-05,9.194224133292669e-08,1.1948602842979925e-07,2.7543787096872557e-08,67.15000066002145,1.8495653217344825e-06,1.5857120232204446e-06,-0.04600180224316954,-0.04605893887016412,-68.23125467177157
I3,1,N5,0.0025369283086757476,0.0025369974363062533,1.568521893532603e-07,7.271411352981582e-08,-8.413807582344449e-08,67.15000057635291,-5.649871840037522e-06,1.721747271623071e-06,-0.0009823598980430812,-0.000982296511274975,-68.40250701708604
I3,2,N5,0.0025369974363062533,0.0025370666729166175,1.5692833511825177e-07,7.267881938300538e-08,-8.424951573524639e-08,67.15000058344779,-5.657355030776989e-06,1.7220536587594288e-06,-0.000982359922458816,-0.0009822964501508852,-68.40229298101133
I3,3,N5,0.0025370666729166175,0.0025371359435364623,1.5696764433518418e-07,7.268142515658011e-08,-8.428621917860408e-08,67.15000063106373,-5.65981967103324e-06,1.7223680211882323e-06,-0.0009823600815811618,-0.0009822962803301754,-68.4020789969448
I3,4,N5,0.0025371359435364623,0.00253720516118992,1.5692051619002795e-07,7.268971291543552e-08,-8.423080327459243e-08,67.150000598871,-5.6560984903322675e-06,1.7220767182909762e-06,-0.0009823603341077138,-0.000982295970652354,-68.40186506523212
I3,5,N5,0.00253720516118992,0.0025372743664966884,1.569117030028368e-07,7.269354821900364e-08,-8.421815478383316e-08,67.15000060000528,-5.655249144265735e-06,1.7220393841638034e-06,-0.0009823607511365512,-0.0009822954876101012,-68.4016511864164
I3,6,N5,0.0025372743664966884,0.0025373435430805554,1.568886405084563e-07,7.270022789531445e-08,-8.418841261314184e-08,67.15000065152114,-5.6532519618230054e-06,1.7219165130282806e-06,-0.000982361303893953,-0.0009822948481929318,-68.40143736129447
I3,7,N5,0.0025373435430805554,0.00253741271427266,1.5688587227633685e-07,7.270284934790397e-08,-8.418302292843289e-08,67.15000067204039,-5.65289004621866e-06,1.7219154121818063e-06,-0.0009823620073644063,-0.000982294040763069,-68.4012235908943
I3,8,N5,0.00253741271427266,0.0025374819682034704,1.5689348853165428e-07,7.263207848998143e-08,-8.426141004167285e-08,67.15000071364227,-5.658153744430836e-06,1.721441752662268e-06,-0.000982362858628898,-0.0009822929562165533,-68.40100987649264
I3,9,N5,0.0025374819682034704,0.002537551130176501,1.5687805919476854e-07,7.270463339179626e-08,-8.417342580297228e-08,67.15000068799286,-5.652245600580304e-06,1.721870194399236e-06,-0.0009823638458341091,-0.0009822919273359664,-68.40079621967048
I3,10,N5,0.002537551130176501,0.002539074619403799,1.6821270416122959e-06,4.7718855897329435e-08,-1.6344081857149664e-06,60.00000071592264,-9.806449231300781e-05,1.297384423132219e-05,-0.0009822397140435413,-0.0009822516124342658,-68.400582622142
I3,11,N5,0.002539074619403799,0.002539793729844901,8.242768019077445e-07,4.905823617284584e-08,-7.752185657348986e-07,60.00000065214065,-4.651311444964545e-05,6.5500127856044275e-06,-0.0009824267673921062,-0.0009822579837650601,-68.40036922275833
I3,12,N5,0.002539793729844901,0.002540418396908757,7.239942736203832e-07,4.9600115372068157e-08,-6.743941582483151e-07,60.00000061863746,-4.0463649912104394e-05,5.801957917443385e-06,-0.0009824545015339355,-0.0009822565482261057,-68.40015599705445
I3,13,N5,0.002540418396908757,0.002541041711250041,7.225530844824865e-07,4.9603643661132906e-08,-6.729494408213536e-07,60.00000062410222,-4.037696686927045e-05,5.791175461077146e-06,-0.000982456128507399,-0.0009822546566919412,-68.39994294639538
I3,14,N5,0.002541041711250041,0.002541654471652501,7.113609822041026e-07,4.967677436223356e-08,-6.616842078418691e-07,60.000000624046805,-3.970105288343406e-05,5.707783174247522e-06,-0.0009824610049220589,-0.0009822525727874603,-68.39973007352177
I3,15,N5,0.002541654471652501,0.0025422780189792472,7.228008729802611e-07,4.960265578018353e-08,-6.731982172000776e-07,60.00000094533733,-4.039189366840406e-05,5.7930264657033355e-06,-0.000982459999204343,-0.0009822502258035337,-68.39951738155325
I3,16,N5,0.0025422780189792472,0.0025429884497984614,8.150106240828807e-07,4.906430093203007e-08,-7.659463231508507e-07,60.00000061269651,-4.595677985834368e-05,6.48056193761183e-06,-0.0009824363903922428,-0.0009822474342856108,-68.39930487415081
I3,17,N5,0.0025429884497984614,0.005531327319256822,0.0031927241952890125,4.77147828974009e-08,-0.003192676480506115,60.00000064661125,-0.19156059089478744,0.023945789325539323,-0.37526539428526406,-0.0009813116992481846,-68.39909255569614
I3,18,N5,0.005531327319256822,0.005531396304424894,1.567306882665562e-07,7.274101175189892e-08,-8.398967651465727e-08,67.15000072438694,-5.639906838800261e-06,1.7210377501384135e-06,-0.0009823716769273316,-0.0009822829666588629,-68.40065863065622
I3,19,N5,0.005531396304424894,0.00553146515797695,1.5661894284690754e-07,7.276630462810632e-08,-8.385263821880122e-08,67.15000091996075,-5.630704733533638e-06,1.720389356062604e-06,-0.0009823664848283677,-0.0009822889466175595,-68.40222515462011
I3,20,N5,0.00553146515797695,0.002536769466561411,3.351076128224028e-08,0.002803064525808861,0.0028030310150475787,88.5290321316928,0.2481496227972786,0.021023235274276075,-0.0009823094236078766,-7.921479675435626,-68.40379206780443
I3,21,N5,0.002536769466561411,0.0025367218767302353,8.54258805651703e-08,1.1938535423977525e-07,3.3959473674604953e-08,76.7191987675019,2.6053436108817654e-06,1.5360842610370915e-06,-0.0009823212147307746,-0.000982517123384639,-68.40357786608021
I3,22,N5,0.0025367218767302353,0.0025367906785854965,1.565717944163657e-07,7.277338627669881e-08,-8.379840813966688e-08,67.15000073887794,-5.627063168495426e-06,1.7200888551979838e-06,-0.0009823610309118902,-0.0009822952510926933,-68.40336359643136
I3,23,N5,0.0025367906785854965,0.002536859495383283,1.5658095499587142e-07,7.276742561989152e-08,-8.38135293759799e-08,67.15000069587724,-5.628078555920978e-06,1.720112854618222e-06,-0.0009823605294988153,-0.0009822958015132948,-68.40314938015636
I3,24,N5,0.002536859495383283,0.0025369283086757476,1.5657730027656546e-07,7.276750471609001e-08,-8.380979556047545e-08,67.1500006794634,-5.627827828831615e-06,1.7200860374449158e-06,-0.0009823601596692698,-0.0009822962013142406,-68.40293521652053
I3,1,N6,6.529954148957544e-05,6.524690219069448e-05,8.83654893430459e-08,1.2668703550406104e-07,3.832154616101514e-08,67.15000056465185,2.5732918463504983e-06,1.6128939363533022e-06,-0.04584528153796034,-0.04600667175793646,-65.50276157196016
I3,2,N6,6.524690219069448e-05,6.519426217397262e-05,8.836527127206806e-08,1.266875163520442e-07,3.832224507997614e-08,67.15000057166318,2.5733387790278146e-06,1.6128959071808419e-06,-0.04584284803193195,-0.046009372560827135,-65.50269651193054
I3,3,N6,6.519426217397262e-05,6.514162068382395e-05,8.836482349938343e-08,1.2668850318766473e-07,3.83236796882813e-08,67.1500006216087,2.5734351148904217e-06,1.6128999501528614e-06,-0.04584263925326897,-0.04600957028807554,-65.5025931960283
I3,4,N6,6.514162068382395e-05,6.508897698463547e-05,8.836415229283573e-08,1.2668998280757214e-07,3.8325830514736404e-08,67.15000058917539,2.573579541645186e-06,1.612906013253059e-06,-0.04584305300361238,-0.04600911706358239,-65.50245144649645
I3,5,N6,6.508897698463547e-05,6.5036330338286e-05,8.836325678329766e-08,1.266919567979152e-07,3.832870001461755e-08,67.15000058893587,2.5737722285547146e-06,1.6129141018590965e-06,-0.04584342446635728,-0.04600870327516383,-65.50227132704084
I3,6,N6,6.5036330338286e-05,6.498368000634654e-05,8.836213685881865e-08,1.2669442534879683e-07,3.8332288489978174e-08,67.15000063838549,2.5740131965728114e-06,1.6129242165571162e-06,-0.04584370809369987,-0.04600839573517925,-65.50205292532993
I3,7,N6,6.498368000634654e-05,6.493102525628798e-05,8.83607945162261e-08,1.2669738468730985e-07,3.833659017108376e-08,67.15000064763272,2.5743020548163044e-06,1.6129363440265197e-06,-0.045843783519928474,-0.04600831712613516,-65.50179631926335
I3,8,N6,6.493102525628798e-05,6.487836535463371e-05,8.835922942787834e-08,1.2670083541323773e-07,3.834160598535939e-08,67.15000067211089,2.5746388676866942e-06,1.6129504863083704e-06,-0.04584341704152047,-0.04600873253495955,-65.5015015606038
I3,9,N6,6.487836535463371e-05,6.482569957167131e-05,8.83574428115902e-08,1.2670477507027864e-07,3.834733225868845e-08,67.15000064435375,2.575023385880177e-06,1.6129666341140163e-06,-0.045842196547247895,-0.04601011530081976,-65.50116864112607
I3,10,N6,6.482569957167131e-05,6.493370976586865e-05,1.9460845400150846e-07,6.939814634819363e-08,-1.2521030765331481e-07,60.00000067961611,-7.512618544293831e-06,1.9800495026227656e-06,-0.046020048148876135,-0.04594194511134928,-65.50079744100286
I3,11,N6,6.493370976586865e-05,6.50622630053553e-05,2.1365724650268492e-07,6.685842687251478e-08,-1.4679881963017014e-07,60.000000521493114,-8.807929254364782e-06,2.1038675503139978e-06,-0.04600378742717981,-0.04594049402449531,-65.50053103850787
I3,12,N6,6.50622630053553e-05,6.519990536129796e-05,2.2226489710158996e-07,6.5892142128771e-08,-1.5637275497281898e-07,60.00000054907485,-9.382365384229486e-06,2.1611777942277073e-06,-0.0459997084868623,-0.045940338960388134,-65.50036930189866
I3,13,N6,6.519990536129796e-05,6.533754520184934e-05,2.2226253798879055e-07,6.589242972574254e-08,-1.5637010826304803e-07,60.000000499818576,-9.382206573939567e-06,2.161162257858998e-06,-0.0459995867571477,-0.045940478935333484,-65.50031234910212
I3,14,N6,6.533754520184934e-05,6.547645501302939e-05,2.2347286398023056e-07,6.576409897708957e-08,-1.5770876500314098e-07,60.0000004783581,-9.462525975629724e-06,2.169277222179901e-06,-0.04599808641853634,-0.045941493855586824,-65.50036009134756
I3,15,N6,6.547645501302939e-05,6.561410031547321e-05,2.2226766103170754e-07,6.589180567181472e-08,-1.5637585535989284e-07,60.000000090337046,-9.382551335720102e-06,2.161196000276417e-06,-0.045997443108588956,-0.045942882839167656,-65.50051226311622
I3,16,N6,6.561410031547321e-05,6.574265811724242e-05,2.1366147059685007e-07,6.685785728803948e-08,-1.4680361330881058e-07,60.00000054229071,-8.80821687813887e-06,2.1038949591366716e-06,-0.04600087587281401,-0.04594378015241874,-65.50076844791069
I3,17,N6,6.574265811724242e-05,6.585067390347362e-05,1.946134607023147e-07,6.939729855505352e-08,-1.2521616214726118e-07,60.000000613312054,-7.512969805632253e-06,1.9800806944302614e-06,-0.04601204780513826,-0.04594147855438496,-65.50112821186677
I3,18,N6,6.585067390347362e-05,6.579801289696222e-05,8.835889398761809e-08,1.2670157568163575e-07,3.834268169401766e-08,67.15000064736148,2.574711100574861e-06,1.6129535225194038e-06,-0.04584859725110338,-0.04600286302415685,-65.50159183693452
I3,19,N6,6.579801289696222e-05,6.574535853144923e-05,8.836091140056072e-08,1.2669712715455566e-07,3.8336215753994947e-08,67.15000063132601,2.574276912083411e-06,1.6129352891633728e-06,-0.04589076793847057,-0.04595491897800907,-65.50202062354728
I3,20,N6,6.574535853144923e-05,6.559042187111202e-05,4.166523204133665e-08,1.8152345720611527e-07,1.3985822516477862e-07,88.52903191597613,1.2381513279324463e-05,1.6739151693558894e-06,-0.046219642963690646,-16.293364078902005,-65.50243530830791
I3,21,N6,6.559042187111202e-05,6.545746231366979e-05,7.070634077470674e-08,1.8639568809328334e-07,1.1568934731857661e-07,71.83842495719337,8.310940495692246e-06,1.9282652165099255e-06,-0.045847800600944844,-0.04612727946382686,-65.50265727610638
I3,22,N6,6.545746231366979e-05,6.540482077493336e-05,8.836480876991314e-08,1.2668853576138567e-07,3.832372699147253e-08,67.15000069287247,2.573438294030836e-06,1.612900083984741e-06,-0.04584859519983645,-0.04600285942673585,-65.50274562330735
I3,23,N6,6.540482077493336e-05,6.535218077394676e-05,8.836527608375826e-08,1.2668750583933446e-07,3.8322229755576194e-08,67.15000067117892,2.573337753808014e-06,1.6128958644231955e-06,-0.04583999519951594,-0.04601260149621615,-65.50279885610806
I3,24,N6,6.535218077394676e-05,6.529954148957544e-05,8.83654937569379e-08,1.2668702579002907e-07,3.832153203309117e-08,67.15000066189036,2.5732909013867247e-06,1.6128938966022522e-06,-0.04584260940353916,-0.04600965808305986,-65.50281313296149
I3,1,N7,6.428104202229246e-05,6.432817789465831e-05,1.3991455093570367e-07,7.84594018821161e-08,-6.145514905358757e-08,67.1500005753825,-4.126713294308623e-06,1.6378046461336482e-06,-0.045991865563659286,-0.04601817440347943,-70.30203654502407
I3,2,N7,6.432817789465831e-05,6.437530123195968e-05,1.399053355051388e-07,7.84630611006324e-08,-6.14422744045064e-08,67.15000058327186,-4.125848762100154e-06,1.637762974543284e-06,-0.04599000896383417,-0.04602028212172738,-70.30113431369794
I3,3,N7,6.437530123195968e-05,6.442241264962548e-05,1.3989657290195608e-07,7.846654099792952e-08,-6.143003190402656e-08,67.15000063090675,-4.125026681112005e-06,1.637723354249142e-06,-0.045990354376476444,-0.04601990834835828,-70.30027573412917
I3,4,N7,6.442241264962548e-05,6.446951278221577e-05,1.3988827733997715e-07,7.846983611992672e-08,-6.141844122005042e-08,67.15000059902336,-4.1242483647174665e-06,1.637685850949279e-06,-0.045991325399746284,-0.04601887016443673,-70.29946070187727
I3,5,N7,6.446951278221577e-05,6.451660226051066e-05,1.3988044584461105e-07,7.84729473986564e-08,-6.140749844595465e-08,67.1500005999226,-4.123513557485601e-06,1.6376504493245059e-06,-0.04599239077969324,-0.046017708807590325,-70.2986893341256
I3,6,N7,6.451660226051066e-05,6.456368171413097e-05,1.398730774155226e-07,7.847587504281495e-08,-6.139720237270766e-08,67.15000065029042,-4.122822179253332e-06,1.6376171434375317e-06,-0.0459936114087632,-0.04601637924138353,-70.29796180107424
I3,7,N7,6.456368171413097e-05,6.461075178137154e-05,1.3986617854473242e-07,7.847861662116097e-08,-6.138756192357146e-08,67.1500006691689,-4.122174824246471e-06,1.6375859637442004e-06,-0.04599450825894701,-0.04601541886927572,-70.29727828989552
I3,8,N7,6.461075178137154e-05,6.465781311931242e-05,1.3985976301534686e-07,7.84811666260355e-08,-6.137859638931135e-08,67.1500007078659,-4.1215727909900725e-06,1.6375569723103677e-06,-0.04599225699210576,-0.04601799956455407,-70.29663873718773
I3,9,N7,6.465781311931242e-05,6.470486648234088e-05,1.3985390292957122e-07,7.848349714633148e-08,-6.137040578323973e-08,67.15000068270285,-4.121022790242299e-06,1.6375305005692702e-06,-0.04597409554382359,-0.0460383639545905,-70.29604135717564
I3,10,N7,6.470486648234088e-05,6.531273280910779e-05,7.068545915367323e-07,5.030959837314072e-08,-6.565449931635915e-07,60.000000711256725,-3.9392700056787535e-05,5.678731424324048e-06,-0.04668094455161382,-0.045990140606523684,-70.29547590547867
I3,11,N7,6.531273280910779e-05,6.56193799380841e-05,3.89993740043773e-07,5.465024295557797e-08,-3.3534349708819505e-07,60.00000073457826,-2.0120610071627744e-05,3.334829872495132e-06,-0.04696715935662872,-0.04600856768003709,-70.29518405812439
I3,12,N7,6.56193799380841e-05,6.586734683306289e-05,3.294774624023404e-07,5.6556873200687765e-08,-2.729205892016526e-07,60.00000064364919,-1.6375235527764272e-05,2.8952575170227115e-06,-0.04706405140382762,-0.04601002439730144,-70.29518279319372
I3,13,N7,6.586734683306289e-05,6.611533368221248e-05,3.2949724971527915e-07,5.655553168253686e-08,-2.7294171803274226e-07,60.000000682707515,-1.63765032683039e-05,2.8953958604836203e-06,-0.04712250483320474,-0.04600967944411356,-70.2954969281699
I3,14,N7,6.611533368221248e-05,6.635673800494614e-05,3.2276513514492575e-07,5.681879776122572e-08,-2.659463373837e-07,60.000000695490314,-1.5956780427985102e-05,2.8468794967961364e-06,-0.04718347072316903,-0.04601046360448536,-70.29615321270167
I3,15,N7,6.635673800494614e-05,6.660480412349205e-05,3.295770121266437e-07,5.6551215057128846e-08,-2.7302579706951483e-07,60.00000164645185,-1.638154827369472e-05,2.895961703878294e-06,-0.047234708348085394,-0.04601333660382751,-70.29717843068892
I3,16,N7,6.660480412349205e-05,6.691164526320677e-05,3.9019085139719126e-07,5.46413373726958e-08,-3.3554951402449545e-07,60.000000638851404,-2.0132971055836004e-05,3.3362414157741533e-06,-0.04724968328624382,-0.04601461307213462,-70.29859956491453
I3,17,N7,6.691164526320677e-05,6.751344386615506e-05,7.003596050293606e-07,5.0298756168208806e-08,-6.500608488611518e-07,60.00000064384854,-3.900365135020984e-05,5.6299377089817706e-06,-0.04705151100031129,-0.04599893805342105,-70.30044777143209
I3,18,N7,6.751344386615506e-05,6.756059985249066e-05,1.3992934285896116e-07,7.845353435123354e-08,-6.147580850772762e-08,67.150000707162,-4.128100584767265e-06,1.6378715790764603e-06,-0.04599129892887487,-0.0460184733275439,-70.30265480297247
I3,19,N7,6.756059985249066e-05,6.76077858512815e-05,1.399514067010819e-07,7.844477273697828e-08,-6.150663396410361e-08,67.15000084525145,-4.130170522678129e-06,1.6379713457854513e-06,-0.04612563713592503,-0.04586621539972899,-70.30503975221612
I3,20,N7,6.76077858512815e-05,6.429693674649241e-05,3.709445536018502e-08,3.1314530660458264e-06,3.0943586106856414e-06,88.52903209874849,0.0002739405727704279,2.3764106410545087e-05,-0.04575618316371261,-6.180650706028189,-70.30751728831008
I3,21,N7,6.429693674649241e-05,6.413951326257841e-05,6.50989608117227e-08,2.0438132011479954e-07,1.3928235930307685e-07,81.15877251381536,1.130398531386591e-05,2.021102106948917e-06,-0.045976181848557084,-0.04702567338748101,-70.30702444915103
I3,22,N7,6.413951326257841e-05,6.418670365242349e-05,1.3995463656522552e-07,7.844349238125432e-08,-6.151114418397121e-08,67.15000073786163,-4.13047337734038e-06,1.6379859670985987e-06,-0.04600720879431634,-0.04600118547412619,-70.30594164852177
I3,23,N7,6.418670365242349e-05,6.423387975403636e-05,1.399441305055101e-07,7.84476618497148e-08,-6.14964686557953e-08,67.15000069456784,-4.129487912950124e-06,1.6379384426641866e-06,-0.04598476609029442,-0.04602618798799221,-70.30491220789345
I3,24,N7,6.423387975403636e-05,6.428104202229246e-05,1.3993395852088193e-07,7.845169823659897e-08,-6.148226028428296e-08,67.1500006786141,-4.1285338198123295e-06,1.6378924256811068e-06,-0.04598697795845345,-0.04602363112876121,-70.3039260379028
I3,1,N8,106.86240364979973,106.86240392517588,3.20117954241104e-07,2.270198217657103e-08,-2.97415972064533e-07,67.15000056990094,-1.9971482693631033e-05,2.5711495231325624e-06,-1.8597949888679915e-08,-1.8597948997759666e-08,-59.23955494182066
I3,2,N8,106.86240392517588,106.8624042013261,3.2031237686050255e-07,2.214777966341732e-08,-2.981645971970852e-07,67.15000057965618,-2.0021752874617223e-05,2.568451173929399e-06,-1.8597949891548316e-08,-1.8597948997474286e-08,-59.239554957282465
I3,3,N8,106.8624042013261,81.48846057464603,7.245828582003735e-08,23.750011298052957,23.750011225594672,67.15000062765249,1594.8132687054358,178.12508527883432,-1.8597949034128105e-08,-4.021587943674683e-08,-59.23955497274427
I3,4,N8,81.48846057464603,81.48846085159637,3.2114881587212675e-07,2.213167396639174e-08,-2.99017141905735e-07,67.15000059644447,-2.0079001257317227e-05,2.5746036737888888e-06,-1.8597949904055373e-08,-1.8597948997463152e-08,-59.23955497365542
I3,5,N8,81.48846085159637,81.48846112680394,3.1956164100673355e-07,2.2372378290299365e-08,-2.971892627164342e-07,67.15000059670058,-1.995625916874156e-05,2.5645051447277468e-06,-1.8597949880557515e-08,-1.859794899759013e-08,-59.23955497456657
I3,6,N8,81.48846112680394,81.48846140359475,3.211896329087316e-07,2.2316761549878034e-08,-2.9887287135885357e-07,67.15000064409786,-2.0069313504250392e-05,2.576297958439572e-06,-1.8597949904672887e-08,-1.8597948997564564e-08,-59.23955497547772
I3,7,N8,81.48846140359475,81.48846168016279,3.2147158857915483e-07,2.2772291566408884e-08,-2.986992970127459e-07,67.15000065662946,-2.0057657990540646e-05,2.581829101091728e-06,-1.8597949908956557e-08,-1.8597948997804354e-08,-59.23955497638888
I3,8,N8,81.48846168016279,24.323683918746916,7.305761572160593e-08,53.50623204869074,53.50623197563313,67.1500006835629,3592.9435137386395,401.29674091311267,-1.859794903457081e-08,-7.321676301297425e-07,-59.23955497730004
I3,9,N8,24.323683918746916,4.388891477612196e-07,7.329121674216865e-08,22.766967801357012,22.766967728065794,67.15000064697848,1528.8018976693563,170.75225905986173,-1.8597949034800364e-08,-3.8403751923067145e-08,-59.23955492366529
I3,10,N8,4.388891477612196e-07,7.348346920239633e-07,3.4107654778751936e-07,2.1810769780526427e-08,-3.192657780069929e-07,60.000000681562014,-1.9155946898019e-05,2.7216548817603436e-06,-1.8597949394814523e-08,-1.8597948997757453e-08,-55.57588789998441
I3,11,N8,7.348346920239633e-07,2.0908563445497555e-06,1.4723305166344065e-06,2.066660953719573e-08,-1.4516639070972108e-06,60.00000036964325,-8.709983496243041e-05,1.1197478446287017e-05,-1.8597950920130434e-08,-1.859794899761079e-08,-54.19594148336101
I3,12,N8,2.0908563445497555e-06,9.349900260216671,9.989207469360812,2.0555866255182247e-08,-9.989207448804946,60.000000492759575,-599.3524518505743,74.91905617437509,-2.487600391032552e-08,-1.859794899774687e-08,-53.85369135831029
I3,13,N8,9.349900260216671,55.69829348210824,49.517514149766996,2.0863752569498964e-08,-49.517514128903244,60.00000038598193,-2971.05086684706,371.3813562797306,-2.4901242239181815e-07,-1.8597948997919193e-08,-53.853691201466646
I3,14,N8,55.69829348210824,107.78576421435295,55.64900720399745,1.001230122766021e-08,-55.64900719398515,60.00000034207171,-3338.9404506750598,417.3675541050731,-32.15168256247799,-1.8597948991571677e-08,-53.85369118825192
I3,15,N8,107.78576421435295,159.34337423635824,55.08291671398742,2.086056723163864e-08,-55.082916693126855,59.999998896947616,-3304.9749408282687,413.1218755113599,-1.3813022985638782e-06,-1.8597948997031946e-08,-53.85369120435348
I3,16,N8,159.34337423635824,159.34337491204704,7.458672532338491e-07,2.1006625911343315e-08,-7.248606273225058e-07,60.00000048608483,-4.34916379916941e-05,5.751554093588943e-06,-1.8597949567674936e-08,-1.8597948997836846e-08,-54.35421925959247
I3,17,N8,159.34337491204704,159.3433752250455,3.592020890365517e-07,2.1728956503706934e-08,-3.3747313253284476e-07,60.000000611111275,-2.0248388158204323e-05,2.8569828415519396e-06,-1.8597949511191824e-08,-1.859794899762079e-08,-55.09569771603594
I3,18,N8,159.3433752250455,159.34337545094468,2.6884490019049046e-07,2.4092280329746914e-08,-2.4475261986074354e-07,67.15000067589122,-1.6435138589075076e-05,2.1970288539017803e-06,-1.8597949360034665e-08,-1.859794899865224e-08,-56.405292194786796
I3,19,N8,159.34337545094468,119.67681624719926,7.277291431042873e-08,37.12789947846178,37.127899405688865,67.15000076992007,2493.138473677522,278.4592466342602,-1.8597949034365562e-08,-7.522680162918839e-08,-59.23955482916107
I3,20,N8,119.67681624719926,95.77562606480622,7.2726987854783e-08,22.37151407443571,22.37151400170872,88.52903204670035,1980.528479990477,167.7863561037202,-1.8597949034334407e-08,-3.7828939532295354e-08,-59.239554856077724
I3,21,N8,95.77562606480622,106.86240278880241,11.844846954596115,2.3873391895915374e-08,-11.844846930722722,83.14417193384377,-984.8299897380716,88.8363523385213,-2.6332607916376423e-08,-1.859794899995738e-08,-59.23955486451162
I3,22,N8,106.86240278880241,106.86240307568833,3.309721898641577e-07,2.143818931469458e-08,-3.095340005494631e-07,67.15000072523006,-2.078520836137981e-05,2.6430778438413916e-06,-1.8597950075000002e-08,-1.8597948997115137e-08,-59.239554879973426
I3,23,N8,106.86240307568833,106.8624033632897,3.3161762750220596e-07,2.1334005268483586e-08,-3.102836222337224e-07,67.15000068636269,-2.083554544596156e-05,2.6471372457801715e-06,-1.85979500880591e-08,-1.859794899706095e-08,-59.239554895435234
I3,24,N8,106.8624033632897,106.86240364979973,3.302315202186627e-07,2.1141119550810317e-08,-3.090904006678524e-07,67.15000067270924,-2.0755420612774255e-05,2.6352947982710475e-06,-1.8597950060332277e-08,-1.859794899696104e-08,-59.23955491089704
I3,1,N9,6.52595840415655e-05,6.520130975775052e-05,8.670714740430581e-08,1.3050851466313426e-07,4.380136725882846e-08,67.15000056494115,2.9412618361755257e-06,1.6291174655058006e-06,-0.04584502176026744,-0.045994429269877755,-65.68718754744776
I3,2,N9,6.520130975775052e-05,6.51430339550261e-05,8.670671480453894e-08,1.3050955736346515e-07,4.380284255892621e-08,67.15000057190969,2.941360902883165e-06,1.6291220412600307e-06,-0.04584260670667171,-0.04599715864716947,-65.68709938412235
I3,3,N9,6.51430339550261e-05,6.50847557734779e-05,8.670603716231744e-08,1.3051119026287503e-07,4.3805153100557594e-08,67.15000062286745,2.9415160579872464e-06,1.6291292056889435e-06,-0.04584238834884041,-0.045997390536215654,-65.68697667080374
I3,4,N9,6.50847557734779e-05,6.502647437377855e-05,8.670512053164018e-08,1.3051339939587042e-07,4.380827886423024e-08,67.15000059039744,2.941725951597356e-06,1.6291388994563296e-06,-0.045842763393949264,-0.04599698470979128,-65.68681922633267
I3,5,N9,6.502647437377855e-05,6.496818891403206e-05,8.670396407832775e-08,1.3051618643587788e-07,4.3812222357550124e-08,67.15000058960857,2.9419907571415525e-06,1.6291511288565423e-06,-0.04584306927759475,-0.04599663925009435,-65.68662710287059
I3,6,N9,6.496818891403206e-05,6.490989855179346e-05,8.670256763298763e-08,1.3051955174832501e-07,4.381698411533739e-08,67.1500006382982,2.9423105113132077e-06,1.6291658953598446e-06,-0.045843287026349024,-0.045996395342555806,-65.6864003678327
I3,7,N9,6.490989855179346e-05,6.48516024502134e-05,8.670093298655761e-08,1.305234916647389e-07,4.382255867818129e-08,67.15000064490286,2.942684843501167e-06,1.6291831848847238e-06,-0.04584336640927825,-0.04599630782762346,-65.68613907292728
I3,8,N9,6.48516024502134e-05,6.479329976996088e-05,8.669905940168171e-08,1.3052800786193238e-07,4.382894846025066e-08,67.15000066950465,2.9431139184495167e-06,1.6292030044771056e-06,-0.045843261430597367,-0.04599643297584606,-65.68584325178865
I3,9,N9,6.479329976996088e-05,6.473498967298847e-05,8.669694734146433e-08,1.3053309954425505e-07,4.383615220279072e-08,67.15000064338358,2.943597648620857e-06,1.6292253516428954e-06,-0.04584290426609268,-0.04599684013611872,-65.68551293182728
I3,10,N9,6.473498967298847e-05,6.483502737371279e-05,1.8754811011542593e-07,7.067486120171624e-08,-1.1687324891370969e-07,60.0000006808271,-7.012395014393056e-06,1.9366722848785666e-06,-0.04600997642061381,-0.045927654552977926,-65.68514820302107
I3,11,N9,6.483502737371279e-05,6.499914722556627e-05,2.479737753583601e-07,6.363265136150414e-08,-1.8434112399685597e-07,60.00000042674834,-1.1060467518478628e-05,2.3370482003989815e-06,-0.045998369021715925,-0.04593446138942351,-65.68489408962941
I3,12,N9,6.499914722556627e-05,6.519939095301116e-05,2.837450110348308e-07,6.115974029914465e-08,-2.2258527073568613e-07,60.00000051794296,-1.335511635942764e-05,2.5867856350048154e-06,-0.04597738338275226,-0.04593641485800957,-65.68475101103107
I3,13,N9,6.519939095301116e-05,6.539963053054178e-05,2.837408916207781e-07,6.11600156167383e-08,-2.225808760040398e-07,60.00000043316669,-1.3354852656657009e-05,2.586756804281373e-06,-0.04597775130096449,-0.04593661094421962,-65.68471882655355
I3,14,N9,6.539963053054178e-05,6.560544324668742e-05,2.893294338593696e-07,6.083965737413251e-08,-2.2848977648523705e-07,60.000000398340426,-1.3709386680130937e-05,2.626268184251266e-06,-0.04597312194859162,-0.045937963965671694,-65.68479744123304
I3,15,N9,6.560544324668742e-05,6.580569779136027e-05,2.8375574759244875e-07,6.115902162896107e-08,-2.2259672596348767e-07,59.999999343272556,-1.3355803411623882e-05,2.5868607691605738e-06,-0.0459750226972847,-0.045939143150585414,-65.68498657968223
I3,16,N9,6.580569779136027e-05,6.596983180329586e-05,2.479874510023665e-07,6.363137870166422e-08,-1.843560723007023e-07,60.00000050751216,-1.1061364431605086e-05,2.3371412227802303e-06,-0.04599441856379662,-0.04593889071197317,-65.6852858534291
I3,17,N9,6.596983180329586e-05,6.606988219113942e-05,1.8755920966705444e-07,7.067271033088771e-08,-1.1688649933616673e-07,60.00000061200729,-7.013190031705394e-06,1.9367393999845664e-06,-0.04602828928084138,-0.04593408096892894,-65.6856948650916
I3,18,N9,6.606988219113942e-05,6.601158423198438e-05,8.670040323031048e-08,1.305247662375737e-07,4.382436300726322e-08,67.1500006593108,2.942806004831601e-06,1.6291887710091313e-06,-0.04584853206367097,-0.04599046038117784,-65.68621386211395
I3,19,N9,6.601158423198438e-05,6.595329607100822e-05,8.670319353726845e-08,1.3051803971892108e-07,4.381484618165263e-08,67.15000069681983,2.942166951629028e-06,1.6291592494214214e-06,-0.04589117701847928,-0.04594198268900849,-65.68670162217883
I3,20,N9,6.595329607100822e-05,6.54926823862237e-05,3.505379132839974e-08,4.61844895325951e-07,4.267911039975513e-07,88.52903193486328,3.7783403275314774e-05,3.726740149907631e-06,-0.046219628855618415,-13.556422400597913,-65.68717871996945
I3,21,N9,6.54926823862237e-05,6.543440395795504e-05,8.670590243090735e-08,1.3051130315558768e-07,4.380540072468033e-08,67.15067626871192,2.9415622828842072e-06,1.6291290418987127e-06,-0.045891031495283764,-0.04594218802669102,-65.6872395722622
I3,22,N9,6.543440395795504e-05,6.537612991272895e-05,8.670721478155983e-08,1.3050835037288306e-07,4.3801135591323226e-08,67.15000068593147,2.941246285001932e-06,1.6291167386583218e-06,-0.045848538689899306,-0.04599045767556003,-65.68729001207114
I3,23,N9,6.537612991272895e-05,6.53178569163328e-05,8.670751380276174e-08,1.305076306393481e-07,4.380011683658635e-08,67.15000066813023,2.941177874840956e-06,1.6291135833158239e-06,-0.045839991037485206,-0.04600011626946669,-65.68730901192816
I3,24,N9,6.53178569163328e-05,6.52595840415655e-05,8.67075485384764e-08,1.3050754722657e-07,4.379999868809361e-08,67.15000066044337,2.9411699408329046e-06,1.6291132182378478e-06,-0.04584262086614619,-0.045997134343104006,-65.68729275027712
I4,1,N3,110.41532984847974,100.13051509581884,1.0593560806352e-07,9.626586701300374,9.626586595364765,67.15000056441156,646.4252953121007,72.19940105426987,-2.997930494663906e-08,-4.533385488425102e-08,-62.868604175488606
I4,2,N3,100.13051509581884,69.07996317091802,1.0609747411568644e-07,29.063316694658745,29.06331658856127,67.15000057095236,1951.6017255156585,217.97487600567163,-2.9979304946801594e-08,-1.6965479543104545e-07,-62.86860429408367
I4,3,N3,69.07996317091802,69.07992387011309,1.0789164493798301e-07,3.688007684636122e-05,3.6772185201423234e-05,67.15000062216531,0.002469252259153948,0.00027740976368474397,-2.9979304948617884e-08,-2.9979341886333806e-08,-62.86860430527467
I4,4,N3,69.07992387011309,69.07758795533623,1.055748837408259e-07,0.0021865087248839066,0.002186403150000166,67.15000058998751,0.1468169728124617,0.016399607248257356,-2.997930494627668e-08,-2.998150141772475e-08,-62.868604316465635
I4,5,N3,69.07758795533623,36.25659707624269,1.0632965104102172e-07,30.720447555986528,30.720447449656877,67.15000058854778,2062.8780643249106,230.40335746737134,-2.997930494703482e-08,-2.0039498755795166e-07,-62.868604327653884
I4,6,N3,36.25659707624269,31.58495117647964,1.0611647062206525e-07,4.3726606551464355,4.372660549029965,67.1500006371793,293.62415865353097,32.79495570947179,-2.997930494682071e-08,-3.4243626962804595e-08,-62.86860429657415
I4,7,N3,31.58495117647964,0.006691297329434605,1.0610068552829573e-07,29.557251339838977,29.55725123373829,67.15000064306695,1984.7694393528175,221.67938584454748,-2.997930494680486e-08,-9.958155717025842e-08,-62.86860425675013
I4,8,N3,0.006691297329434605,0.0005781295841798062,1.0602492313469285e-07,0.00572201789756955,0.005721911872646416,67.15000066538168,0.38422638605546217,0.04291592941869513,-2.997930494672877e-08,-2.998504999371895e-08,-62.86836657600517
I4,9,N3,0.0005781295841798062,1.1420938812168254e-06,1.0631972891531265e-07,0.0005401534372087035,0.0005400471174797883,67.15000064215121,0.036264164285559695,0.004051948177032141,-2.997930494702514e-08,-2.997984138473897e-08,-62.86564527722255
I4,10,N3,1.1420938812168254e-06,1.2661821463595723e-06,2.9315734743322773e-07,1.4068736328324995e-07,-1.5246998414997778e-07,60.0000006808271,-9.148199152804365e-06,3.2538353303735827e-06,-2.997930522375002e-08,-2.9979304964327526e-08,-62.753230007332334
I4,11,N3,1.2661821463595723e-06,3.1673677693320393e-06,2.1273748299016706e-06,8.42748358753047e-08,-2.0430999940263658e-06,60.00000042674834,-0.00012258600051347148,1.6587372493327316e-05,-2.99793090346631e-08,-2.997930492120081e-08,-62.64256648236186
I4,12,N3,3.1673677693320393e-06,33.10715044233547,35.37088393708687,8.437629885971865e-08,-35.37088385271058,60.00000051866024,-2122.2530495081055,265.28163016097375,-3.852271674438276e-07,-2.9979304922933536e-08,-62.55513658469752
I4,13,N3,33.10715044233547,66.64857761139355,35.83485820339393,1.0232225211327664e-07,-35.834858101071674,60.000000433890776,-2150.0915016127146,268.7614372928714,-4.210176223243162e-07,-2.997930494011101e-08,-62.555136557858184
I4,14,N3,66.64857761139355,103.90145353278626,39.80008122829352,1.0135944901944506e-07,-39.800081126934074,60.00000039913996,-2388.004883501847,298.5006099723973,-0.10107671388067944,-2.997930493995921e-08,-62.55513657108947
I4,15,N3,103.90145353278626,110.42620246605344,6.970885695886668,7.308545827824375e-08,-6.97088562280121,59.999999343397775,-418.25313279097355,52.28164326729095,-3.748927626426531e-08,-2.997930491204845e-08,-62.55513682596546
I4,16,N3,110.42620246605344,110.42620410309554,1.8499117374255963e-06,8.842886256951257e-08,-1.7614828748560838e-06,60.00000050751216,-0.00010568897338533901,1.4537554499963317e-05,-2.997930813207371e-08,-2.99793049250026e-08,-62.64149408728538
I4,17,N3,110.42620410309554,110.42620473044127,7.89285753987478e-07,1.0429449585626718e-07,-6.849912581312108e-07,60.00000061200729,-4.109947590709229e-05,6.7018518738280894e-06,-2.997930763872757e-08,-2.997930493300559e-08,-62.7444852435168
I4,18,N3,110.42620473044127,110.41546562879257,1.2396832802070843e-07,0.010051907751327988,0.010051783782999967,67.15000065680921,0.674977287630552,0.07539023789742007,-2.9979304964752505e-08,-2.9989393647398334e-08,-62.86743206986674
I4,19,N3,110.41546562879257,110.41532990522221,1.6009832154830423e-07,0.00012717752337212224,0.00012701742505057394,67.15000068913189,0.008529220179677797,0.0009550321627025292,-2.9979305001041164e-08,-2.9979432589240665e-08,-62.86758020390077
I4,20,N3,110.41532990522221,110.4153298417414,8.670471054589957e-08,1.3537968631511845e-07,4.867497576921888e-08,88.52903192270406,4.309148483710025e-06,1.6656329764576351e-06,-2.9979304900536324e-08,-2.997930517117512e-08,-62.867726489196684
I4,21,N3,110.4153298417414,110.4153297908031,1.809969930378859e-07,2.0624899144263833e-07,2.525199840475243e-08,67.15067625655303,1.695688769708524e-06,2.9043448836039317e-06,-2.99793050270191e-08,-2.9979305042428034e-08,-62.86787277049608
I4,22,N3,110.4153297908031,110.41532977645868,1.9926222176023333e-07,1.8799921205767346e-07,-1.1263009702559877e-08,67.15000067932775,-7.563111091781708e-07,2.904460753634301e-06,-2.997930504038439e-08,-2.9979305029073825e-08,-62.86801905122443
I4,23,N3,110.41532977645868,110.41532980212564,2.2170568297135861e-07,1.702111958767569e-07,-5.149448709460171e-08,67.1500006642469,-3.4578548426075588e-06,2.939376591360866e-06,-2.997930506292926e-08,-2.997930501120531e-08,-62.868165331742034
I4,24,N3,110.41532980212564,110.41532984847974,2.3622078791079973e-07,1.6356463521848314e-07,-7.265615269231659e-08,67.15000065779026,-4.878860701081568e-06,2.9983906734696216e-06,-2.997930507751009e-08,-2.997930500452841e-08,-62.86831161258708
I4,1,N4,5.454311562817914,5.4543115302658345,1.0668715788292406e-07,1.239369383618251e-07,1.724978047890104e-08,67.15000056119645,1.1583227688387206e-06,1.7296807218356187e-06,-2.501466346195248e-07,-2.5014663254968135e-07,-69.90218022036076
I4,2,N4,5.4543115302658345,5.454311497754825,1.0669149544829163e-07,1.2390229706492805e-07,1.7210801616636426e-08,67.15000056811724,1.155705338334889e-06,1.7294534438491477e-06,-2.5014663461983406e-07,-2.501466325488147e-07,-69.90218016336618
I4,3,N4,5.454311497754825,5.454311464980219,1.0660317456393635e-07,1.240716460956005e-07,1.746847153166414e-08,67.15000061700152,1.1730078741293206e-06,1.7300611549465264e-06,-2.5014663461408017e-07,-2.501466325524715e-07,-69.9021801063716
I4,4,N4,5.454311464980219,5.4543114319794554,1.065594423476985e-07,1.2424501543745545e-07,1.7685573089756948e-08,67.15000058454306,1.1875862433151581e-06,1.7310334333886548e-06,-2.50146634610348e-07,-2.5014663255740847e-07,-69.90218004937702
I4,5,N4,5.4543114319794554,5.4543113994095975,1.0679336407166396e-07,1.2404662581800766e-07,1.7253261746343702e-08,67.15000058493318,1.158556536358985e-06,1.7312999241725372e-06,-2.50146634627154e-07,-2.501466325524366e-07,-69.90217999238244
I4,6,N4,5.4543113994095975,5.454311366299732,1.0659732612645484e-07,1.2438032549171874e-07,1.7782999365263904e-08,67.1500006353431,1.1941284186757772e-06,1.7323323871363018e-06,-2.501466346130689e-07,-2.5014663256079776e-07,-69.90217993538786
I4,7,N4,5.454311366299732,5.4543113330711,1.0660628559116622e-07,1.244993396924624e-07,1.7893054101296178e-08,67.15000064742226,1.2015185944864e-06,1.7332921896272147e-06,-2.501466346137124e-07,-2.5014663256377784e-07,-69.9021798783933
I4,8,N4,5.4543113330711,5.454311299987652,1.06738461204958e-07,1.244792460159645e-07,1.7740784811006516e-08,67.1500006735216,1.1912937120078893e-06,1.7341328041569188e-06,-2.501466346232088e-07,-2.501466325632748e-07,-69.90217982139872
I4,9,N4,5.454311299987652,5.45431126711751,1.0683040507382462e-07,1.2436014368753265e-07,1.7529738613708022e-08,67.15000064735692,1.1771219592584912e-06,1.7339291157101796e-06,-2.5014663462981994e-07,-2.501466325602907e-07,-69.90217976440415
I4,10,N4,5.45431126711751,5.454311359539057,1.8239412651503576e-07,7.328819730771474e-08,-1.0910592920732102e-07,60.000000684435015,-6.546355827115179e-06,1.9176174286706288e-06,-2.5014664137259316e-07,-2.5014663115702583e-07,-69.9021797074096
I4,11,N4,5.454311359539057,5.454311452075191,1.8241207456007103e-07,7.319666640260693e-08,-1.092154081574641e-07,60.00000059244515,-6.552924554151984e-06,1.9170655572200847e-06,-2.5014664137458104e-07,-2.5014663115426636e-07,-69.90217965041505
I4,12,N4,5.454311452075191,5.454311544653339,1.8263325678120273e-07,7.335112006151232e-08,-1.0928213671969041e-07,60.00000059024098,-6.5569282676842205e-06,1.9198828263203625e-06,-2.5014664139909926e-07,-2.5014663115891673e-07,-69.90217959342054
I4,13,N4,5.454311544653339,5.45431163525344,1.812776705929353e-07,7.401494783097217e-08,-1.0726272276196314e-07,60.000000579849115,-6.435763427913983e-06,1.9146946381793057e-06,-2.501466412493918e-07,-2.501466311789084e-07,-69.90217953642603
I4,14,N4,5.45431163525344,5.454311726385188,1.8174538835750804e-07,7.39270905684203e-08,-1.0781829778908774e-07,60.000000573663954,-6.469097929196735e-06,1.9175435919444626e-06,-2.501466413009031e-07,-2.5014663117625904e-07,-69.90217947943155
I4,15,N4,5.454311726385188,5.4543118168476985,1.8117755450652417e-07,7.4056021669701e-08,-1.0712153283682318e-07,60.00000056278045,-6.427292030495295e-06,1.9142518213216888e-06,-2.501466412383983e-07,-2.5014663118013215e-07,-69.90217942243709
I4,16,N4,5.4543118168476985,5.454311907375963,1.8128982170858154e-07,7.409283148500771e-08,-1.0719699022357382e-07,60.00000058447464,-6.431819476068352e-06,1.9153698989519195e-06,-2.5014664125073636e-07,-2.501466311812407e-07,-69.90217936544263
I4,17,N4,5.454311907375963,5.454311999703141,1.8235483977709367e-07,7.334210696759231e-08,-1.0901273280950136e-07,60.000000620367715,-6.540764036198061e-06,1.917727100585145e-06,-2.501466413682442e-07,-2.5014663115864965e-07,-69.90217930844821
I4,18,N4,5.454311999703141,5.454311966017835,1.0655294381091094e-07,1.248800548393374e-07,1.8327111028426447e-08,67.15000064338989,1.2306655173503139e-06,1.7357474898768624e-06,-2.501466346098831e-07,-2.501466325733012e-07,-69.9021792514538
I4,19,N4,5.454311966017835,5.454311932805828,1.0667075634565589e-07,1.2454026195945833e-07,1.7869505613802443e-08,67.15000059572863,1.1999373126122102e-06,1.7340826372883565e-06,-2.501466346197416e-07,-2.501466325634041e-07,-69.90217919445939
I4,20,N4,5.454311932805828,11.17933297116858,6.116475531513796,5.534957352946746e-08,-6.116475476164222,88.5290319041255,-541.4856525701437,45.87356690147527,-0.7338934435029238,-2.501466326449435e-07,-69.902179137465
I4,21,N4,11.17933297116858,5.454311663507086,6.82224555106426e-08,5.3586200037405805,5.358619935518125,74.37532424581829,398.54909521426646,40.18965053972277,-2.501466316295307e-07,-4.594635311619543,-69.90218050533369
I4,22,N4,5.454311663507086,5.454311630031056,1.068118658716396e-07,1.2491101227092613e-07,1.8099146399286523e-08,67.15000069495827,1.2153576932902413e-06,1.737921586069243e-06,-2.501466346284878e-07,-2.5014663257407394e-07,-69.9021804483391
I4,23,N4,5.454311630031056,5.45431159645127,1.0680760344024561e-07,1.2500439396846462e-07,1.8196790528219004e-08,67.15000067066255,1.221914496173812e-06,1.7385899805653268e-06,-2.501466346281815e-07,-2.5014663257640794e-07,-69.90218039134452
I4,24,N4,5.45431159645127,5.454311562817914,1.0688341056004738e-07,1.2512095005214134e-07,1.8237539492093958e-08,67.15000066002145,1.2246507889312764e-06,1.7400327045914155e-06,-2.5014663463363297e-07,-2.5014663257932004e-07,-69.90218033434992
I4,1,N5,5.531672788420662e-05,5.542240795369802e-05,2.065664944811177e-07,8.205553450497786e-08,-1.2451095997613983e-07,67.15000057635291,-8.360911034160044e-06,2.164665217395717e-06,-0.05395413083983925,-0.052345970656031485,-71.66178584077083
I4,2,N5,5.542240795369802e-05,5.552785971623091e-05,2.0635839147718609e-07,8.208691160880801e-08,-1.2427147986837808e-07,67.15000058344779,-8.34482994566751e-06,2.1633397731449556e-06,-0.05633775596639477,-0.05180356233367345,-71.65668971611262
I4,3,N5,5.552785971623091e-05,5.563313325101677e-05,2.062004933551489e-07,8.21153988669096e-08,-1.240850944882393e-07,67.15000063106373,-8.332314173190872e-06,2.162369191665439e-06,-0.05711004485226879,-0.051709748270337794,-71.65167621273095
I4,4,N5,5.563313325101677e-05,5.573826503204395e-05,2.0607840949109242e-07,8.214112320006226e-08,-1.2393728629103016e-07,67.150000598871,-8.322388848665121e-06,2.1616464951836604e-06,-0.056754423189366424,-0.0520395862550862,-71.64674510823524
I4,5,N5,5.573826503204395e-05,5.584326660212309e-05,2.0596807892768973e-07,8.216634048216645e-08,-1.2380173844552328e-07,67.15000060000528,-8.313286810898585e-06,2.1610081455739215e-06,-0.05608763268494719,-0.052369637930118645,-71.64189620902758
I4,6,N5,5.584326660212309e-05,5.5948140427658183e-05,2.0586022377959108e-07,8.2191417911555e-08,-1.2366880586803608e-07,67.15000065152114,-8.304360394611464e-06,2.1603873126835956e-06,-0.055425314857934,-0.05263114789362223,-71.63712933416609
I4,7,N5,5.5948140427658183e-05,5.605289240780214e-05,2.0575789479496977e-07,8.221581518355269e-08,-1.2354207961141708e-07,67.15000067204039,-8.295850728931924e-06,2.1598028248389185e-06,-0.05466293798255085,-0.05292525747365071,-71.63244430580164
I4,8,N5,5.605289240780214e-05,5.615753685755288e-05,2.056695949663889e-07,8.223910450498128e-08,-1.234304904614076e-07,67.15000071364227,-8.288357522568736e-06,2.1593152460352762e-06,-0.053508555591896025,-0.05333220080907694,-71.62784095205706
I4,9,N5,5.615753685755288e-05,5.6262071793893616e-05,2.0557659664463255e-07,8.22601335990446e-08,-1.2331646304558795e-07,67.15000068799286,-8.280700578352077e-06,2.1587754768275787e-06,-0.05260257810524387,-0.05406749346690112,-71.62331911335616
I4,10,N5,5.6262071793893616e-05,6.218601328748371e-05,6.3920432144948055e-06,5.523425404571067e-08,-6.336808960449095e-06,60.00000071592264,-0.00038020854216361065,4.835458101405387e-05,-0.05803008834211723,-0.0537555815216919,-71.6188786322008
I4,11,N5,6.218601328748371e-05,6.384466401696688e-05,1.8370189677492905e-06,5.690788677304031e-08,-1.7801110809762502e-06,60.00000065214065,-0.00010680666601945781,1.420445140891748e-05,-0.07106729269082893,-0.05488846625572509,-71.61682169563798
I4,12,N5,6.384466401696688e-05,6.512614925618864e-05,1.434822776315706e-06,5.75723111275167e-08,-1.3772504651881892e-06,60.00000061863746,-8.263502876331008e-05,1.119296315582417e-05,-0.07026252651032106,-0.06243788303365977,-71.61705555958056
I4,13,N5,6.512614925618864e-05,6.627052390922191e-05,1.2883515319611387e-06,5.758494850587904e-08,-1.2307665834552596e-06,60.00000062410222,-7.384599577543973e-05,1.0094523603502634e-05,-0.2211011429357171,-0.05452565981262658,-71.61958748063938
I4,14,N5,6.627052390922191e-05,6.752183921852335e-05,1.4026606429034016e-06,5.763424909894844e-08,-1.3450263938044532e-06,60.000000624046805,-8.070158446762661e-05,1.0952211690017625e-05,-0.0697303080412117,-0.06561071921326381,-71.62392569509674
I4,15,N5,6.752183921852335e-05,6.866316069140479e-05,1.2850560926279787e-06,5.755560390998313e-08,-1.2275004887179957e-06,60.00000094533733,-7.365003048348177e-05,1.0069587724034714e-05,-0.23662833323726024,-0.05448956160250858,-71.63066697751418
I4,16,N5,6.866316069140479e-05,7.036265905705316e-05,1.8805868307717776e-06,5.6844129844963964e-08,-1.8237427009268136e-06,60.00000061269651,-0.00010942456317300961,1.4530732204625563e-05,-0.07151374031764529,-0.054695327612436215,-71.63929270217969
I4,17,N5,7.036265905705316e-05,7.699803668573694e-05,7.152025467102007e-06,5.5147443178177566e-08,-7.096878023923829e-06,60.00000064661125,-0.0004258126860243509,5.4053796827101384e-05,-0.058127903082445885,-0.054150077432037015,-71.65055938814395
I4,18,N5,7.699803668573694e-05,7.710384748833977e-05,2.066806302618982e-07,8.203316221367528e-08,-1.2464746804822293e-07,67.15000072438694,-8.370077569731167e-06,2.165353443566801e-06,-0.0524673505368305,-0.05382806080063768,-71.66476932811123
I4,19,N5,7.710384748833977e-05,7.720972094704226e-05,2.0666149887294642e-07,8.195775517106239e-08,-1.2470374370188403e-07,67.15000091996075,-8.373856504304061e-06,2.164644405330066e-06,-0.06657667861378562,-0.052653309865752056,-71.67907775019067
I4,20,N5,7.720972094704226e-05,5.5026258479180095e-05,4.1716030298713737e-08,2.0800268117199572e-05,2.0758552086900857e-05,88.5290321316928,0.0018377345247086647,0.00015631488110623716,-0.052226921918214556,-4.510327029772832,-71.693484944813
I4,21,N5,5.5026258479180095e-05,5.499896807048184e-05,1.1361906447163782e-07,1.2508503044891453e-07,1.1465965977276714e-08,76.7191987675019,8.796597228721063e-07,1.7902807119041427e-06,-0.05323303694381725,-0.06826153798060418,-71.688180089291
I4,22,N5,5.499896807048184e-05,5.510485215146088e-05,2.0665215402788696e-07,8.193962573883269e-08,-1.2471252828905428e-07,67.15000073887794,-8.37444636675733e-06,2.164438348250397e-06,-0.07040922213940501,-0.05205593733521228,-71.68275140568646
I4,23,N5,5.510485215146088e-05,5.5210901339179835e-05,2.0686074018122002e-07,8.196782732486402e-08,-1.24892912856356e-07,67.15000069587724,-8.386559185214442e-06,2.1662142562956303e-06,-0.05838914248819891,-0.05239309777621981,-71.67740596419122
I4,24,N5,5.5210901339179835e-05,5.531672788420662e-05,2.0665703725483055e-07,8.199775756574055e-08,-1.2465927968908998e-07,67.1500006794634,-8.370870715823811e-06,2.1649109611542833e-06,-0.06043176018532341,-0.05230903598843612,-71.67214386525302
I4,1,N8,187.8803682871296,140.91027698119697,1.22242416078955e-07,43.96400556944903,43.96400544720661,67.15000056990094,2952.182990835052,329.73004268768585,-2.619269691231408e-08,-0.012137458172605507,-42.98426605374606
I4,2,N8,140.91027698119697,140.91027706629222,2.4917234034908607e-07,1.3864973063202005e-07,-1.1052260971706601e-07,67.15000057965618,-7.421593306566096e-06,2.908665532358296e-06,-2.6192697016806875e-08,-2.61926969257903e-08,-42.984266062739565
I4,3,N8,140.91027706629222,140.91027722153444,3.058652393183823e-07,1.2266058089909337e-07,-1.8320465841928891e-07,67.15000062765249,-1.230219292784411e-05,3.2139436516310674e-06,-2.619269706348972e-08,-2.6192696912616092e-08,-42.98426607173306
I4,4,N8,140.91027722153444,140.91027741284535,3.4376018021099847e-07,1.220999235433001e-07,-2.2166025666769838e-07,67.15000059644447,-1.4884486367443981e-05,3.4939507781572393e-06,-2.6192697094674644e-08,-2.619269691216595e-08,-42.984266080726556
I4,5,N8,140.91027741284535,140.91027756818497,3.066022365657831e-07,1.2321511643096187e-07,-1.8338712013482121e-07,67.15000059670058,-1.2314445226480445e-05,3.223630147475587e-06,-2.619269706408501e-08,-2.6192696913084015e-08,-42.98426608972005
I4,6,N8,140.91027756818497,93.94018565194982,1.226134830945619e-07,43.964006141017286,43.9640060184038,67.15000064409786,2952.1830324529374,329.7300469772308,-2.6192696912619563e-08,-0.012134256234004721,-42.98426609871355
I4,7,N8,93.94018565194982,46.970091825313126,1.2207348444150996e-07,43.96400792868003,43.964007806606546,67.15000065662946,2952.183153081692,329.7300603806514,-2.619269691217501e-08,-0.012315477574119053,-42.984266094463266
I4,8,N8,46.970091825313126,46.970091967662235,3.001844990221057e-07,1.297516787476799e-07,-1.704328202744258e-07,67.1500006835629,-1.1444563997929244e-05,3.224521333273392e-06,-2.6192697058801743e-08,-2.6192696918465116e-08,-42.98426606981751
I4,9,N8,46.970091967662235,4.182958174099786e-07,1.1982825224509975e-07,43.96400579518802,43.96400567535977,67.15000064697848,2952.183009544174,329.73004436262204,-2.619269691032669e-08,-0.012134889527302517,-42.98426604517176
I4,10,N8,4.182958174099786e-07,6.648166440770642e-07,3.610054129715105e-07,8.553190452229634e-08,-2.7547350844921417e-07,60.000000681562014,-1.652841069470513e-05,3.349029881203551e-06,-2.6192697289702415e-08,-2.619269687432571e-08,-40.97320096132209
I4,11,N8,6.648166440770642e-07,18.71436629385247,19.99398044403931,6.232352954693822e-08,-19.99398038171578,60.00000036964325,-1199.6388302935868,149.95485379772128,-4.54378547834165e-08,-2.6192696861989125e-08,-39.702376592494716
I4,12,N8,18.71436629385247,59.864797044587334,43.96413548289045,5.733055530479292e-08,-43.964135425559896,60.000000492759575,-2637.8481471973423,329.7310165516575,-2.0087621291985096,-2.6192696860477098e-08,-39.70237648886832
I4,13,N8,59.864797044587334,101.01522733900099,43.96413500534528,6.607180222408308e-08,-43.96413493927348,60.00000038598193,-2637.84811332577,329.73101303562805,-0.5518843571533648,-2.6192696868121137e-08,-39.70237646987262
I4,14,N8,101.01522733900099,142.16565782112838,43.96413520460174,6.4939526401362e-08,-43.96413513966221,60.00000034207171,-2637.8481234186193,329.7310145215595,-0.5012988937260985,-2.619269686757494e-08,-39.70237646635982
I4,15,N8,142.16565782112838,183.31608814188388,43.96413503452494,6.698001211016795e-08,-43.96413496754493,59.999998896947616,-2637.848049557952,329.73101326128716,-0.5997656414728968,-2.619269686892824e-08,-39.70237647430427
I4,16,N8,183.31608814188388,219.3490172339611,38.49671918819048,6.371267333779964e-08,-38.496719124477806,60.00000048608483,-2309.8031661813397,288.7253943892737,-2.1533738289447606e-06,-2.61926968630949e-08,-39.702376504734694
I4,17,N8,219.3490172339611,219.34901751155382,3.7490294549645347e-07,6.862416340314037e-08,-3.062787820933131e-07,60.000000611111275,-1.8376727112769203e-05,3.3264533167469538e-06,-2.619269735203688e-08,-2.619269686235545e-08,-40.615397116306774
I4,18,N8,219.34901751155382,219.34901705790762,1.896716734337418e-07,5.907834531159699e-07,4.011117796822281e-07,67.15000067589122,2.6934656276769548e-05,5.853413449122837e-06,-2.6192696977848604e-08,-2.6192697216402228e-08,-41.94639504859689
I4,19,N8,219.34901705790762,187.88036768694795,1.2928437440953065e-07,29.45465592448378,29.454655795199407,67.15000076992007,1977.8801593253709,220.90992040326117,-2.6192696918094813e-08,-3.6299569618033566e-08,-42.98426564645213
I4,20,N8,187.88036768694795,187.88036723942977,0.0,4.152255386870179e-07,4.152255386870179e-07,88.52903204670035,3.675951502103142e-05,3.114191540152634e-06,-2.619269680816764e-08,-4.7487770161743556e-08,-42.98426579402987
I4,21,N8,187.88036723942977,187.8803671093349,1.1992506774815184e-07,2.2683466433527094e-07,1.069095965871191e-07,83.14417193384377,8.888909880017307e-06,2.600697990625671e-06,-2.6192696872499755e-08,-2.939337538798092e-08,-42.98426584327167
I4,22,N8,187.8803671093349,187.88036749794125,5.089039588183134e-07,8.211318675299167e-08,-4.2679077206532177e-07,67.15000072523006,-2.8659000653707853e-05,4.432628591784788e-06,-2.619269723062632e-08,-2.6192696879247566e-08,-42.98426588536655
I4,23,N8,187.88036749794125,187.88036789169018,5.112491512614082e-07,7.935434788589834e-08,-4.3189480337550987e-07,67.15000068636269,-2.9001736343101967e-05,4.4295262436047994e-06,-2.61926972325566e-08,-2.6192696876976767e-08,-42.98426592746143
I4,24,N8,187.88036789169018,187.8803682871296,5.119981055437339e-07,7.842818615429124e-08,-4.335699193894427e-07,67.15000067270924,-2.9114220378667568e-05,4.4281971877351885e-06,-2.619269723317225e-08,-2.619269687621523e-08,-42.984265969556304
I4,1,N9,162.36990718918466,138.95870945430852,8.645327675019279e-08,21.912881155585445,21.91288106913217,67.15000056494115,1471.4499761717134,164.3466093152904,-1.8319633873014856e-08,-4.061321514323578e-08,-65.99554833200354
I4,2,N9,138.95870945430852,115.75036802836291,8.650765642823768e-08,21.72300765047409,21.723007563966434,67.15000057190969,1458.6999703439444,162.92255802736312,-1.831963387304227e-08,-3.956870765462856e-08,-65.99554838045962
I4,3,N9,115.75036802836291,115.75032725769645,8.718374334064946e-08,3.823772512901928e-05,3.815054138567863e-05,67.15000062286745,0.0025618088778110505,0.0002874368165426995,-1.8319633873390075e-08,-1.8319653102344556e-08,-65.99554839651353
I4,4,N9,115.75032725769645,91.29553987349136,8.64856456927673e-08,22.8896810673857,22.889680980900053,67.15000059039744,1537.0420913814476,171.6726086540351,-1.8319633873031184e-08,-4.109879496845486e-08,-65.99554841256742
I4,5,N9,91.29553987349136,82.35098470827148,8.65138901581309e-08,8.37210371044027,8.37210362392638,67.15000058960857,562.1867632829204,62.79077847715619,-1.8319633873045415e-08,-2.370159023254079e-08,-65.99554841365345
I4,6,N9,82.35098470827148,63.8315861572538,8.644963274542217e-08,17.334157119490726,17.334157033041095,67.1500006382982,1163.9886558330707,130.00617904455268,-1.8319633873013043e-08,-2.415838175544192e-08,-65.99554841008135
I4,7,N9,63.8315861572538,3.809423165925368,8.647825132658851e-08,56.18074463564667,56.180744549168416,67.15000064490286,3772.537032707782,421.3555854159369,-1.8319633873027465e-08,-0.0002852763155022932,-65.99554840116572
I4,8,N9,3.809423165925368,3.8028156903345423,8.629853139465699e-08,0.0061846727588111845,0.00618458646027979,67.15000066950465,0.4152949849483973,0.04638569293006935,-1.8319633872936866e-08,-1.8322750632512024e-08,-65.99554796515373
I4,9,N9,3.8028156903345423,1.3624226771631824e-06,8.656577478737543e-08,3.5594342867654345,3.5594342001996595,67.15000064338358,239.01600883348866,26.695757799984072,-1.8319633873071574e-08,-2.0105448632605853e-08,-65.99554752831388
I4,10,N9,1.3624226771631824e-06,1.3108210407889793e-06,1.7652128800526927e-07,2.0294872598251852e-07,2.6427437977249254e-08,60.0000006808271,1.5856462966274711e-06,2.8460251049084085e-06,-1.8319633930707468e-08,-1.8319633917673285e-08,-65.89027536129056
I4,11,N9,1.3108210407889793e-06,2.071403139162515e-06,9.323561856970656e-07,1.0492868078682687e-07,-8.274275049102387e-07,60.00000042674834,-4.964565064771764e-05,7.779636498629193e-06,-1.8319634338673932e-08,-1.8319633880643086e-08,-65.78500118403169
I4,12,N9,2.071403139162515e-06,32.893776461919295,35.14292147812818,1.0577906105917389e-07,-35.14292137234912,60.00000051794296,-2108.575300542976,263.5719118793043,-9.35442205603044e-08,-1.8319633881203835e-08,-65.68524339443675
I4,13,N9,32.893776461919295,78.21548522406717,48.420629172835945,1.344344818417515e-07,-48.420629038401465,60.00000043316669,-2905.2377632782914,363.15471980452816,-2.2473698523079216e-07,-1.8319633894803104e-08,-65.6852433656358
I4,14,N9,78.21548522406717,130.80600904804223,56.18645722813128,1.3249624639500568e-07,-56.186457095635035,60.000000398340426,-3371.1874481194395,421.3984302047065,-0.08957203369367103,-1.831963389450778e-08,-65.68524336723299
I4,15,N9,130.80600904804223,162.37747334218636,33.73019704214835,1.2851907194292672e-07,-33.73019691362928,59.999999343272556,-2023.8117926662107,252.97647878000564,-4.473762343493444e-08,-1.8319633892011145e-08,-65.68524341849272
I4,16,N9,162.37747334218636,162.377473829661,6.494390692998743e-07,1.1269472307227344e-07,-5.367443462276008e-07,60.00000050751216,-3.220466104606034e-05,5.716003442791108e-06,-1.831963417088511e-08,-1.831963388448399e-08,-65.78485046460453
I4,17,N9,162.377473829661,162.3774740899139,4.281672457369008e-07,1.3151889947666687e-07,-2.966483462602339e-07,60.00000061200729,-1.7798900957164984e-05,4.1976460891017575e-06,-1.8319634140458766e-08,-1.8319633888600616e-08,-65.88778284899938
I4,18,N9,162.3774740899139,162.3709928357361,9.926984543750804e-08,0.006066540880306582,0.006066441610461144,67.1500006593108,0.4073615581421363,0.045499801126140146,-1.8319633879468307e-08,-1.8322668045081616e-08,-65.99380750889551
I4,19,N9,162.3709928357361,162.37033206194346,1.0497687668225864e-07,0.0006185762397465111,0.0006184712628698289,67.15000069681983,0.04153034573267205,0.00464010912467395,-1.8319633882336533e-08,-1.831994518609051e-08,-65.99405435588999
I4,20,N9,162.37033206194346,162.37033195832933,5.478586205630234e-08,1.4498047031274696e-07,9.019460825644463e-08,88.52903193486328,7.98484135468727e-06,1.4982474927678697e-06,-1.8319633850394917e-08,-1.831963402445138e-08,-65.99427827836381
I4,21,N9,162.37033195832933,162.36992512104806,1.0044354003262089e-07,0.00038088769346469523,0.0003807872499246626,67.15067626871192,0.025570121346944117,0.002857411027535459,-1.831963388254779e-08,-1.8319862433653463e-08,-65.99450218899493
I4,22,N9,162.36992512104806,162.3699078470956,1.0683131932995939e-07,1.626201400077641e-05,1.615518268144645e-05,67.15000068593147,0.0010848205281404775,0.00012276633990079778,-1.8319633883266942e-08,-1.83196420255864e-08,-65.99471180779095
I4,23,N9,162.3699078470956,162.36990746018876,1.2552443424346958e-07,4.7211624096821413e-07,3.4659180672474455e-07,67.15000066813023,2.327364005313506e-05,4.482305064087628e-06,-1.8319633892693602e-08,-1.831963406741633e-08,-65.9949209505941
I4,24,N9,162.36990746018876,162.36990718918466,1.292584598925608e-07,3.66902684239028e-07,2.376442243464672e-07,67.15000066044337,1.5957809821815824e-05,3.7212085809869156e-06,-1.8319633894580424e-08,-1.831963401438033e-08,-65.99513008272221
I2,1,N2,4.729226949022386e-05,4.7463780778010404e-05,2.6663571708816087e-07,7.306391982986131e-08,-1.9357179725829956e-07,67.1500005753825,-1.2998346297272642e-05,2.5477472768851665e-06,-0.050367647380198576,-0.10655833921874959,-72.25289274589863
I2,2,N2,4.7463780778010404e-05,4.763459671222394e-05,2.6597027309126434e-07,7.313177795028969e-08,-1.9283849514097465e-07,67.15000058327186,-1.2949105061193715e-05,2.543265382811655e-06,-0.050423189329468654,-0.10669017305773325,-72.23558335108878
I2,3,N2,4.763459671222394e-05,4.7804730602857095e-05,2.6531789176992004e-07,7.319862207542747e-08,-1.9211926969449258e-07,67.15000063090675,-1.290080908119452e-05,2.538873853840106e-06,-0.050419449699655894,-0.10691221879206518,-72.21838747206336
I2,4,N2,4.7804730602857095e-05,4.7974195791233695e-05,2.646786707144307e-07,7.326450837773358e-08,-1.914141623366971e-07,67.15000059902336,-1.2853461115570764e-05,2.534573843191232e-06,-0.05035008436025081,-0.10721141123560514,-72.2013041471352
I2,5,N2,4.7974195791233695e-05,4.814300727515087e-05,2.6405431948322317e-07,7.33293841354971e-08,-1.9072493534772607e-07,67.1500005999226,-1.2807179523020006e-05,2.530377777140402e-06,-0.05017394097893455,-0.10760053926910859,-72.1843324291147
I2,6,N2,4.814300727515087e-05,4.8311177575304056e-05,2.634421365920015e-07,7.339320115632582e-08,-1.9004893543567567e-07,67.15000065029042,-1.2761786138092624e-05,2.526265033112455e-06,-0.04994330065123628,-0.10809092818172361,-72.1674713909441
I2,7,N2,4.8311177575304056e-05,4.847871472643429e-05,2.62837276319089e-07,7.345591297614935e-08,-1.8938136334293967e-07,67.1500006691689,-1.2716958675206519e-05,2.5221989197142874e-06,-0.0497575698111794,-0.10869313743085238,-72.15072012185375
I2,8,N2,4.847871472643429e-05,4.86456237776341e-05,2.622364575624145e-07,7.351743960158747e-08,-1.88719017960827e-07,67.1500007078659,-1.267248218965729e-05,2.5181542287300148e-06,-0.04968411036661165,-0.10942571990937017,-72.13407772450242
I2,9,N2,4.86456237776341e-05,4.881191079370865e-05,2.6164065729086535e-07,7.357768624411386e-08,-1.880629710467515e-07,67.15000068270285,-1.2628428634180489e-05,2.514137576512344e-06,-0.04970008845328987,-0.11031033533092395,-72.1175433121798
I2,10,N2,4.881191079370865e-05,7.069382536788077e-05,2.343608277352406e-05,5.078633212823067e-08,-2.3385296441395828e-05,60.000000711256725,-0.001403117803116699,0.00017615151829239217,-0.12321290546943013,-0.11302395113498051,-72.10111601305348
I2,11,N2,7.069382536788077e-05,7.323409176790175e-05,2.7769537793830194e-06,5.5188747882703815e-08,-2.7217650315003155e-06,60.00000073457826,-0.00016330590388936834,2.1241068954492925e-05,-0.2051701935390017,-0.11311012253035012,-72.09398913927065
I2,12,N2,7.323409176790175e-05,7.433821932663711e-05,1.2448071408168642e-06,5.71071618647879e-08,-1.1876999789520763e-06,60.00000064364919,-7.12619995015867e-05,9.76435727011239e-06,-0.22346989465136502,-0.11506370571664688,-72.09176844961382
I2,13,N2,7.433821932663711e-05,7.544774132818993e-05,1.2505495571395902e-06,5.708887135832853e-08,-1.1934606857812616e-06,60.000000682707515,-7.160764196166027e-05,9.80728821373439e-06,-0.22410847961659894,-0.11505822780872872,-72.0939185358409
I2,14,N2,7.544774132818993e-05,7.648100991652298e-05,1.1693591904525343e-06,5.7331510638974454e-08,-1.11202767981356e-06,60.000000695490314,-6.672166156221808e-05,9.200180258186316e-06,-0.22587052314304265,-0.11708855980483227,-72.1005736301593
I2,15,N2,7.648100991652298e-05,7.760372349533242e-05,1.264593293064923e-06,5.704521591536706e-08,-1.207548077149556e-06,60.00000164645185,-7.245288661714312e-05,9.912288817352175e-06,-0.2316154599492105,-0.11488712222592665,-72.11218228774025
I2,16,N2,7.760372349533242e-05,8.030173010713929e-05,2.945368386310223e-06,5.5091273121615314e-08,-2.8902771131886075e-06,60.000000638851404,-0.00017341662863777405,2.2503447445738787e-05,-0.2188243421904145,-0.11281433421422467,-72.12957295328347
I2,17,N2,8.030173010713929e-05,0.00010970543382924837,3.1472049014851334e-05,5.0669569821097594e-08,-3.1421379445030236e-05,60.00000064384854,-0.0018852827869324234,0.00023642038938504324,-0.11970908346101129,-0.11146255235066259,-72.15513683136189
I2,18,N2,0.00010970543382924837,0.000109875855725371,2.6558129018196406e-07,7.315981123247185e-08,-1.924214789494922e-07,67.150000707162,-1.2921102447531558e-05,2.5405582606082693e-06,-0.05114450582342088,-0.10870973846430836,-72.22229522959191
I2,19,N2,0.000109875855725371,0.00011004880005061594,2.679904962315108e-07,7.290951335717495e-08,-1.9508098287433582e-07,67.15000084525145,-1.3099688164904135e-05,2.556750071915143e-06,-0.053994700878972034,-0.10608603492616829,-72.28994065495242
I2,20,N2,0.00011004880005061594,4.681895008307862e-05,5.322266361350965e-08,5.922976773231607e-05,5.9176545068702566e-05,88.52903209874849,0.005238842257880206,0.00044462242796947186,-0.1178256529736526,-3.7482963399602927,-72.35808813726631
I2,21,N2,4.681895008307862e-05,4.6773781926146086e-05,1.046252194543533e-07,1.3393913115193669e-07,2.9313911697583382e-08,81.15877251381536,2.379081090954241e-06,1.7892326295471749e-06,-0.12645879914411579,-0.048719667799665634,-72.34070941784296
I2,22,N2,4.6773781926146086e-05,4.694739837066822e-05,2.685801324222709e-07,7.279698762190004e-08,-1.9578314480037085e-07,67.15000073786163,-1.3146838317805772e-05,2.560328400331282e-06,-0.06648708224089357,-0.10403871399365291,-72.32293587203766
I2,23,N2,4.694739837066822e-05,4.7120230416974315e-05,2.678222111608264e-07,7.286717256664788e-08,-1.9495503859417852e-07,67.15000069456784,-1.3091230977008587e-05,2.5551703779560572e-06,-0.06780090037770374,-0.10404493764502068,-72.30527993277586
I2,24,N2,4.7120230416974315e-05,4.729226949022386e-05,2.6705393786673714e-07,7.293631418772672e-08,-1.941176236790104e-07,67.1500006786141,-1.3034998561776507e-05,2.549926890408479e-06,-0.06956497961477283,-0.10414723515169456,-72.28774054855695
I2,1,N5,0.00012864546802273077,0.0001287799067486406,2.323148638903419e-07,7.769547554327917e-08,-1.5461938834706274e-07,67.15000057635291,-1.0382692016620597e-05,2.325077545752158e-06,-0.02137086944262553,-0.05776261286804894,-72.19415991317575
I2,2,N5,0.0001287799067486406,0.00012891352734726932,2.3147699739349733e-07,7.772719119195654e-08,-1.537498062015408e-07,67.15000058344779,-1.0324299576138449e-05,2.319031414390904e-06,-0.03824521122209783,-0.05795041294227138,-72.18789215556298
I2,3,N5,0.00012891352734726932,0.00012904679191996172,2.3113287588121084e-07,7.775894798794095e-08,-1.533739278932699e-07,67.15000063106373,-1.0299059354821797e-05,2.3166886790186384e-06,-0.04175284402312886,-0.05811758249362122,-72.18163766620769
I2,4,N5,0.00012904679191996172,0.00012917977384619716,2.3086724488814894e-07,7.779078682114188e-08,-1.5307645806700706e-07,67.150000598871,-1.0279084250872576e-05,2.314935237819681e-06,-0.04314883594471803,-0.05825537869424404,-72.17539639281625
I2,5,N5,0.00012917977384619716,0.0001293125085805961,2.306395820974829e-07,7.782270391988997e-08,-1.5281687817759292e-07,67.15000060000528,-1.0261653461316298e-05,2.3134671451302966e-06,-0.043531969065655096,-0.058365040382388905,-72.16916828913484
I2,6,N5,0.0001293125085805961,0.00012944501523403482,2.3043241045023956e-07,7.785468544715347e-08,-1.5257772500308607e-07,67.15000065152114,-1.0245594333364844e-05,2.312153219230448e-06,-0.043377351343835115,-0.05844954392501899,-72.16295331363571
I2,7,N5,0.00012944501523403482,0.00012957730901310668,2.3024158033493736e-07,7.788675035383982e-08,-1.5235482998109754e-07,67.15000067204039,-1.02306269356193e-05,2.3109624801658285e-06,-0.04279672077623161,-0.058504793008535165,-72.1567514268559
I2,8,N5,0.00012957730901310668,0.0001297094265960719,2.3009007196424556e-07,7.791893403216323e-08,-1.5217113793208232e-07,67.15000071364227,-1.0218292020735085e-05,2.310067544973066e-06,-0.04115331923047467,-0.05852369005352052,-72.15056259103315
I2,9,N5,0.0001297094265960719,0.00012984155645076782,2.301400744909319e-07,7.795125470581178e-08,-1.5218881978512013e-07,67.15000068799286,-1.0219479353275638e-05,2.3106849689755777e-06,-0.033964480937478406,-0.05850250384471178,-72.1443867720465
I2,10,N5,0.00012984155645076782,0.0002166010352228151,9.275229675544168e-05,5.304404761915159e-08,-9.269925270782252e-05,60.00000071592264,-0.005561955228834845,0.0006960400560229563,-0.04713295663552974,-0.06268897127978802,-72.13822395325316
I2,11,N5,0.0002166010352228151,0.00022714534122902807,1.1327616703609692e-05,5.4609261750292557e-08,-1.1273007441859398e-05,60.00000065214065,-0.0006763804538631503,8.536669474019988e-05,-0.11495808297870568,-0.061505752399470835,-72.13753747021107
I2,12,N5,0.00022714534122902807,0.00023109205510853773,4.279634647224663e-06,5.5246604673916245e-08,-4.224388042550747e-06,60.00000061863746,-0.00025346328516640947,3.251160938923935e-05,-0.1313176848738948,-0.061831780291059825,-72.13815523777518
I2,13,N5,0.00023109205510853773,0.0002350681336966948,4.310997425099314e-06,5.523804162477856e-08,-4.2557593834745355e-06,60.00000062410222,-0.000255345565664501,3.2746766000430696e-05,-0.13229303740705484,-0.06183962175686656,-72.13990656100016
I2,14,N5,0.0002350681336966948,0.00023874866152465818,3.995326593186366e-06,5.531560001047305e-08,-3.940010993175893e-06,60.000000624046805,-0.00023640066204930486,3.037981644897629e-05,-0.13448530121421126,-0.06207550724440599,-72.14285023598593
I2,15,N5,0.00023874866152465818,0.00024279577641683205,4.3868679446916634e-06,5.521791979784887e-08,-4.331650024893815e-06,60.00000094533733,-0.00025989900558849935,3.3315643983671336e-05,-0.13638218380659275,-0.06182568326520792,-72.1470848069415
I2,16,N5,0.00024279577641683205,0.00025422236213951414,1.2270169733311034e-05,5.4562386244436185e-08,-1.2215607347066598e-05,60.00000061269651,-0.0007329364483084559,9.243549089666603e-05,-0.1244651717755968,-0.06146609210968997,-72.15278301312718
I2,17,N5,0.00025422236213951414,0.0003358495775289594,8.726904143398583e-05,5.2984519628494764e-08,-8.721605691435734e-05,60.00000064661125,-0.005232963471256324,0.0006549151946521074,-0.06637145246094814,-0.06115932682858036,-72.16052646556099
I2,18,N5,0.0003358495775289594,0.00033598276336535397,2.3103089439454658e-07,7.774329959019359e-08,-1.53287594804353e-07,67.15000072438694,-1.0293262102151836e-05,2.315806454885551e-06,-0.04789578125647288,-0.057525959468002937,-72.18427612555617
I2,19,N5,0.00033598276336535397,0.00033611676940517246,2.3177267123793136e-07,7.762545691072097e-08,-1.541472143272104e-07,67.15000091996075,-1.0350985583881566e-05,2.3204859611148922e-06,-0.04968251434014012,-0.05675480346352246,-72.20808444989592
I2,20,N5,0.00033611676940517246,0.00012825436725470268,4.299631245086945e-08,0.00019459687731019268,0.0001945538809977418,88.5290321316928,0.01722366678219462,0.0014597990521698265,-0.06342870341586519,-3.977122161152147,-72.23195203042596
I2,21,N5,0.00012825436725470268,0.0001282432469227459,1.2117086460832583e-07,1.1656594051145482e-07,-4.604924096871012e-09,76.7191987675019,-3.532860870971063e-07,1.7830260383983549e-06,-0.06566635016109655,-0.00914203930237513,-72.22564556322206
I2,22,N5,0.0001282432469227459,0.0001283775572014987,2.3204038535572176e-07,7.75752325359888e-08,-1.5446515281973294e-07,67.15000073887794,-1.037233512597596e-05,2.3221171341878294e-06,-0.05256868005453558,-0.05556406195249584,-72.21932439598945
I2,23,N5,0.0001283775572014987,0.00012851162660953094,2.3181828395694284e-07,7.760610538336523e-08,-1.5421217857357761e-07,67.15000069587724,-1.0355347898528482e-05,2.3206829200523106e-06,-0.052650809074005434,-0.05596002292184763,-72.2130166002187
I2,24,N5,0.00012851162660953094,0.00012864546802273077,2.3160994561491906e-07,7.763698415841166e-08,-1.539729614565074e-07,67.1500006794634,-1.0339284466423464e-05,2.3193519732999805e-06,-0.05238376837773913,-0.05634219145721787,-72.20672215706671
I2,1,N7,4.72663219382623e-05,4.743783211321612e-05,2.666338764765832e-07,7.306334888885206e-08,-1.9357052758773116e-07,67.1500005753825,-1.2998261038893243e-05,2.547729190240765e-06,-0.05044834162663527,-0.10664169890340551,-72.25288573527004
I2,2,N7,4.743783211321612e-05,4.760864554874492e-05,2.659669742719745e-07,7.313122663681687e-08,-1.9283574763515766e-07,67.15000058327186,-1.2948920566176502e-05,2.5432365068159355e-06,-0.05052846345493651,-0.10677568202002621,-72.23556620429228
I2,3,N7,4.760864554874492e-05,4.7778776023357664e-05,2.653136367401937e-07,7.319809165601007e-08,-1.9211554508418363e-07,67.15000063090675,-1.2900558973609924e-05,2.5388379629715286e-06,-0.05053923887994269,-0.10699941367049044,-72.21836032164175
I2,4,N7,4.7778776023357664e-05,4.794823738665291e-05,2.6467400640547565e-07,7.326400227145942e-08,-1.9141000413401624e-07,67.15000059902336,-1.2853181892258253e-05,2.534535065077013e-06,-0.050473222277492194,-0.10729933645730765,-72.20126712354168
I2,5,N7,4.794823738665291e-05,4.811704533451817e-05,2.640499951507502e-07,7.332890534971389e-08,-1.907210898010363e-07,67.1500005999226,-1.280692129455748e-05,2.5303417537534806e-06,-0.05028481772974707,-0.10768833965245765,-72.18428566107823
I2,6,N7,4.811704533451817e-05,4.8285212889560245e-05,2.6343869245362e-07,7.339275318446108e-08,-1.9004593926915893e-07,67.15000065029042,-1.2761584945509077e-05,2.5262358422856083e-06,-0.0500305311085726,-0.10817764125350449,-72.16741500595556
I2,7,N7,4.8285212889560245e-05,4.845274815194818e-05,2.628347902773372e-07,7.345550282771018e-08,-1.8937928744962703e-07,67.1500006691689,-1.2716819278969185e-05,2.5221771982878555e-06,-0.04981948165047024,-0.10877699859445644,-72.15065424651576
I2,8,N7,4.845274815194818e-05,4.861965573457238e-05,2.622344805491346e-07,7.351708213491818e-08,-1.8871739841421645e-07,67.1500007078659,-1.2672373437101246e-05,2.518136720130396e-06,-0.04973030306764801,-0.10950317482715069,-72.13400248458672
I2,9,N7,4.861965573457238e-05,4.878594111767136e-05,2.6163858455056867e-07,7.357739878977323e-08,-1.8806118576079543e-07,67.15000068270285,-1.262830875222732e-05,2.5141198750525643e-06,-0.04974363844717025,-0.11037727942370615,-72.11745883234875
I2,10,N7,4.878594111767136e-05,7.064721992561081e-05,2.341403621223243e-05,5.078650516065782e-08,-2.3363249707071772e-05,60.000000711256725,-0.0014017949990415748,0.00017598617038044819,-0.1232899186520039,-0.11295583697615595,-72.10102241650111
I2,11,N7,7.064721992561081e-05,7.318739690735854e-05,2.7768580674910484e-06,5.51885905807518e-08,-2.7216694769102965e-06,60.00000073457826,-0.00016330017061389702,2.1240349935538503e-05,-0.20514516356911353,-0.11317684958234267,-72.09388675074499
I2,12,N7,7.318739690735854e-05,7.429151137342872e-05,1.2447929641008505e-06,5.710699643521604e-08,-1.1876859676656344e-06,60.00000064364919,-7.126115882439117e-05,9.7642497040205e-06,-0.22343940448424882,-0.11512867218516838,-72.09166184281953
I2,13,N7,7.429151137342872e-05,7.540102189362692e-05,1.2505370915654135e-06,5.708869686657543e-08,-1.193448394698838e-06,60.000000682707515,-7.160690449670647e-05,9.807193413239917e-06,-0.22407779467549974,-0.11512409315339607,-72.09381174064904
I2,14,N7,7.540102189362692e-05,7.643428752031e-05,1.1693558356914291e-06,5.733134365053911e-08,-1.1120244920408901e-06,60.000000695490314,-6.672147029585567e-05,9.200153845064761e-06,-0.22583084853166027,-0.1171479236022028,-72.1004707528894
I2,15,N7,7.643428752031e-05,7.755700104053612e-05,1.2645930035928022e-06,5.704501714399988e-08,-1.2075479864488024e-06,60.00000164645185,-7.245288117509776e-05,9.912285155526015e-06,-0.23157800929366654,-0.11495382610966037,-72.1120882117815
I2,16,N7,7.755700104053612e-05,8.025499407641985e-05,2.9453536311872e-06,5.5091053281415084e-08,-2.890262577905785e-06,60.000000638851404,-0.0001734157565207954,2.2503335133514613e-05,-0.21879936794974883,-0.11288770358845465,-72.12949390660029
I2,17,N7,8.025499407641985e-05,0.00010963598105823247,3.144777874253788e-05,5.066935024585599e-08,-3.139710939229202e-05,60.00000064384854,-0.0018838265837525044,0.00023623836069587806,-0.11974518817939914,-0.11153991067400806,-72.15508250778646
I2,18,N7,0.00010963598105823247,0.00010980640244915775,2.655801839572381e-07,7.315931493813817e-08,-1.924208690190999e-07,67.150000707162,-1.2921061490705284e-05,2.540546241715322e-06,-0.05120452286117449,-0.10878200451370038,-72.22227691633572
I2,19,N7,0.00010980640244915775,0.00010997934062361774,2.679832222016163e-07,7.290889774338348e-08,-1.9507432445823283e-07,67.15000084525145,-1.3099241052257192e-05,2.5566908995874984e-06,-0.054202822962914926,-0.10616169196997252,-72.28995888197433
I2,20,N7,0.00010997934062361774,4.679304698320953e-05,5.322278931660209e-08,5.918899912025122e-05,5.913577633093461e-05,88.52903209874849,0.0052352330409857215,0.0004443166643217587,-0.11785678785031574,-3.7482527038763718,-72.35814343992321
I2,21,N7,4.679304698320953e-05,4.674788074315943e-05,1.0462554661040207e-07,1.3393762357007848e-07,2.9312076959676407e-08,81.15877251381536,2.3789321858778264e-06,1.789223776353604e-06,-0.1264935615852161,-0.04875099599717818,-72.34075452721676
I2,22,N7,4.674788074315943e-05,4.692148647234409e-05,2.685678169136708e-07,7.27962276099609e-08,-1.9577158930370992e-07,67.15000073786163,-1.3146062366196465e-05,2.560230333927238e-06,-0.06680656514070903,-0.10413805340376174,-72.32297032406967
I2,23,N7,4.692148647234409e-05,4.709430102174787e-05,2.6780273971612203e-07,7.286649081239162e-08,-1.9493624890373041e-07,67.15000069456784,-1.3089969249281946e-05,2.5550192289638527e-06,-0.06826239960496114,-0.10413323083463656,-72.30530386096177
I2,24,N7,4.709430102174787e-05,4.72663219382623e-05,2.6703378742325495e-07,7.29356551688619e-08,-1.9409813225439306e-07,67.1500006786141,-1.3033689712600225e-05,2.5497708194408763e-06,-0.0700363869700673,-0.10423725684085287,-72.28775408024705
I2,1,N8,5.672756901756965e-05,5.67471304655429e-05,1.4170188543437542e-07,1.0583493971854928e-07,-3.586694571582614e-08,67.15000056990094,-2.4084654252583312e-06,1.8565261886469354e-06,-0.03832108585176967,-0.1076560565777139,-72.29525159842666
I2,2,N8,5.67471304655429e-05,5.676635435304434e-05,1.4149095837983063e-07,1.0596610397138379e-07,-3.552485440844684e-08,67.15000057965618,-2.3854939941194065e-06,1.8559279676341081e-06,-0.039108346737333544,-0.10789331919760227,-72.2810144639691
I2,3,N8,5.676635435304434e-05,5.678525222899082e-05,1.4129177092118515e-07,1.0609674345106521e-07,-3.5195027470119946e-08,67.15000062765249,-2.363346116708801e-06,1.8554138577918776e-06,-0.03912741529657921,-0.10821526237270014,-72.26684557405538
I2,4,N8,5.678525222899082e-05,5.680382521576948e-05,1.4109349378457075e-07,1.0622712990586172e-07,-3.4866363878709024e-08,67.15000059644447,-2.3412763552511608e-06,1.8549046776782434e-06,-0.03913036854895217,-0.1085892077116095,-72.25274445277394
I2,5,N8,5.680382521576948e-05,5.682208448478361e-05,1.4090696140241391e-07,1.0635734945958196e-07,-3.454961194283196e-08,67.15000059670058,-2.3200064625769393e-06,1.854482331464969e-06,-0.038355763920859605,-0.10900531280880633,-72.23871062779537
I2,6,N8,5.682208448478361e-05,5.684004076464592e-05,1.4073154094301419e-07,1.0648726214288878e-07,-3.42442788001254e-08,67.15000064409786,-2.2995033434850874e-06,1.8541410231442722e-06,-0.03684215356978932,-0.1094799658860487,-72.2247436478807
I2,7,N8,5.684004076464592e-05,5.68576723539963e-05,1.405324209643845e-07,1.0661672424525722e-07,-3.3915696719127286e-08,67.15000065662946,-2.277439056959443e-06,1.8536185890723128e-06,-0.03703881857057839,-0.11002954734023003,-72.21084308002402
I2,8,N8,5.68576723539963e-05,5.687498636663747e-05,1.4034058965822183e-07,1.0674591340507679e-07,-3.359467625314504e-08,67.1500006835629,-2.255882533362764e-06,1.8531487729747395e-06,-0.036767277666652866,-0.11063319625116964,-72.19700846740415
I2,9,N8,5.687498636663747e-05,5.689198026426926e-05,1.4014492445606978e-07,1.068741195529057e-07,-3.3270804903164085e-08,67.15000064697848,-2.234134570772963e-06,1.8526428300673158e-06,-0.03681199395124112,-0.11137338865031925,-72.18323936669935
I2,10,N8,5.689198026426926e-05,5.723061624916551e-05,4.3789533047350806e-07,6.66750655836248e-08,-3.7122026488988325e-07,60.000000681562014,-2.2273216146402627e-05,3.7842779704284964e-06,-0.27526718867965244,-0.11494265422588454,-72.16953533582394
I2,11,N8,5.723061624916551e-05,5.8712150624171186e-05,1.649207345937957e-06,5.8147783941553935e-08,-1.591059561996403e-06,60.00000036964325,-9.546357430790862e-05,1.280516347409633e-05,-0.2568841888669564,-0.1146304600989625,-72.15936336725477
I2,12,N8,5.8712150624171186e-05,7.690601653306935e-05,1.9500993530680405e-05,5.5283937526306235e-08,-1.94457095931541e-05,60.000000492759575,-0.0011667425851713056,0.0001466720810115503,-0.14643170636626576,-0.11323947204698637,-72.1524444205828
I2,13,N8,7.690601653306935e-05,9.521286747629315e-05,1.9621723732091998e-05,5.53011919333867e-08,-1.9566422540158612e-05,60.00000038598193,-0.0011739853599618021,0.00014757768693019038,-0.1445971191365278,-0.11185512074942393,-72.15117069964754
I2,14,N8,9.521286747629315e-05,0.00012818104864159054,3.5285113772450694e-05,5.492946487059767e-08,-3.5230184307580096e-05,60.00000034207171,-0.002113811070506055,0.0002650503242799097,-0.10361055748666181,-0.10840814111388533,-72.15539546254352
I2,15,N8,0.00012818104864159054,0.00014717644093476396,2.035726807530064e-05,5.5233945288273975e-08,-2.0302034130012367e-05,59.999998896947616,-0.0012181220254065348,0.00015309376515441686,-0.15499453249305845,-0.11214523780061468,-72.17082893670069
I2,16,N8,0.00014717644093476396,0.00014873179816295346,1.727910450150879e-06,5.800106815001076e-08,-1.6699093820008682e-06,60.00000048608483,-0.00010019456373176972,1.3394336387256674e-05,-0.2801375827440898,-0.11366248380140155,-72.19761352563964
I2,17,N8,0.00014873179816295346,0.00014907998344759976,4.477462051775144e-07,6.636723294224919e-08,-3.813789722352652e-07,60.000000611111275,-2.2882738567180903e-05,3.855850785898227e-06,-0.3110279069621787,-0.11326665866718601,-72.23322191539107
I2,18,N8,0.00014907998344759976,0.00014909942457738435,1.4162959379899007e-07,1.0588422313055221e-07,-3.574537066843786e-08,67.15000067589122,-2.4003016645455847e-06,1.856353626971567e-06,-0.03808510320385593,-0.1077899112056751,-72.28226479268585
I2,19,N8,0.00014909942457738435,0.00014911950153211328,1.4185570833383704e-07,1.0548718902219535e-07,-3.636851931164169e-08,67.15000076992007,-2.4421460997775923e-06,1.8550717301702432e-06,-0.06669311237477227,-0.10471225616059335,-72.33157560212112
I2,20,N8,0.00014911950153211328,5.6971665541289594e-05,4.656773995653748e-08,8.629117229811592e-05,8.624460455815939e-05,88.52903204670035,0.007635151360784292,0.0006475330502855435,-0.12417407440999266,-3.717181106466365,-72.38115846807739
I2,21,N8,5.6971665541289594e-05,5.666785901526657e-05,7.042113750483307e-08,3.4605858524098666e-07,2.756374477361536e-07,83.14417193384377,2.2917647345980627e-05,3.1235979205936482e-06,-0.12864004789280134,-0.037088782177116746,-72.36719518834158
I2,22,N8,5.666785901526657e-05,5.668808712625063e-05,1.418564146593088e-07,1.0534632557628933e-07,-3.651008908301948e-08,67.15000072523006,-2.451652508402972e-06,1.8540205517669859e-06,-0.08333028495928636,-0.10266328386820216,-72.35268172823525
I2,23,N8,5.668808712625063e-05,5.6707991494279824e-05,1.4165884559186552e-07,1.0547625951232028e-07,-3.618258607954524e-08,67.15000068636269,-2.4296606800758403e-06,1.8535132882813935e-06,-0.08312382517286555,-0.10295364269736638,-72.33823795456216
I2,24,N8,5.6707991494279824e-05,5.672756901756965e-05,1.4145768849019157e-07,1.0560595325623303e-07,-3.585173523395855e-08,67.15000067270924,-2.40744404507811e-06,1.8529773130981845e-06,-0.08321603878565247,-0.10329458646386488,-72.32386337558395
I1,1,N3,4.596374144269728e-05,4.600904243837091e-05,1.5711816547116923e-07,9.524886434610803e-08,-6.18693011250612e-08,67.15000056441156,-4.1545236054676085e-06,1.8927527236295795e-06,-0.20077373615241703,-0.20181499881857903,-72.5523415228672
I1,2,N3,4.600904243837091e-05,4.605404826011585e-05,1.5690581969947808e-07,9.533911186217335e-08,-6.156670783730473e-08,67.15000057095236,-4.134204466426669e-06,1.8918369867123858e-06,-0.20013461981578884,-0.20339589999968627,-72.53427231242316
I1,3,N3,4.605404826011585e-05,4.60987677234355e-05,1.5670079348784663e-07,9.542752070433108e-08,-6.127327278351555e-08,67.15000062216531,-4.114500305535174e-06,1.8909623564413326e-06,-0.19914371331480385,-0.20521307380879844,-72.51634124492844
I1,4,N3,4.60987677234355e-05,4.614321193555404e-05,1.5650502564373884e-07,9.551364440342654e-08,-6.09913812403123e-08,67.15000058998751,-4.095571286271124e-06,1.8901400253537404e-06,-0.1976847351133742,-0.20732901477771898,-72.49854713607532
I1,5,N3,4.614321193555404e-05,4.618738967901502e-05,1.5631670546956293e-07,9.559807251559171e-08,-6.071863295397122e-08,67.15000058854778,-4.0772562385949845e-06,1.8893608348886598e-06,-0.1958597820384159,-0.20965859058357875,-72.4808888375871
I1,6,N3,4.618738967901502e-05,4.623131032112288e-05,1.5613640478503506e-07,9.568075867358837e-08,-6.045564611144669e-08,67.1500006371793,-4.059596674904732e-06,1.8886287259396756e-06,-0.19363228568250404,-0.21220759445844048,-72.46336523689652
I1,7,N3,4.623131032112288e-05,4.627498392187105e-05,1.5596484641749302e-07,9.57616877866933e-08,-6.020315863079972e-08,67.15000064306695,-4.0426421407728625e-06,1.8879490065313974e-06,-0.19095701303755816,-0.21497702759523601,-72.44597525554967
I1,8,N3,4.627498392187105e-05,4.6318421623691594e-05,1.5580318011033456e-07,9.584085397792288e-08,-5.996232613241168e-08,67.15000066538168,-4.026470239689278e-06,1.887330255661931e-06,-0.18776304806265162,-0.21796699323974988,-72.4287178500151
I1,9,N3,4.6318421623691594e-05,4.636163527108373e-05,1.5565231314639632e-07,9.591839497926539e-08,-5.973391816713093e-08,67.15000064215121,-4.01113264328105e-06,1.8867803109424629e-06,-0.18399381920963578,-0.2211570292187043,-72.41159201356332
I1,10,N3,4.636163527108373e-05,4.6868573122826465e-05,6.121173791377237e-07,6.177975816184204e-08,-5.503376209758816e-07,60.0000006808271,-3.3020257633237666e-05,5.054228529746744e-06,-0.6564664633976728,-0.2304426457888494,-72.39459677773642
I1,11,N3,4.6868573122826465e-05,4.9017365036631505e-05,2.3598699873761814e-06,5.620342513880985e-08,-2.3036665622373718e-06,60.00000042674834,-0.0001382199947173282,1.8120550593862433e-05,-0.5383653792063609,-0.22468808528125733,-72.38154398595448
I1,12,N3,4.9017365036631505e-05,5.924279691327816e-05,1.0986542496536028e-05,5.426169850395393e-08,-1.0932280798032075e-05,60.00000051866024,-0.0006559368535520639,8.280603146279986e-05,-0.395873936417769,-0.21105275933806086,-72.37338368375391
I1,13,N3,5.924279691327816e-05,6.967021899472768e-05,1.1202346849380454e-05,5.426419711806424e-08,-1.114808265226239e-05,60.000000433890776,-0.0006688849639727936,8.442458284873888e-05,-0.39294082097738825,-0.21163944474185784,-72.37362417687372
I1,14,N3,6.967021899472768e-05,8.09240189140066e-05,1.208487562534728e-05,5.3954471419179065e-08,-1.20309211539281e-05,60.00000039913996,-0.0007218552740377073,9.104122572574843e-05,-0.3965316028141016,-0.22239835783516904,-72.3824898241299
I1,15,N3,8.09240189140066e-05,9.179223641998058e-05,1.1673212970020632e-05,5.420360459156275e-08,-1.161900936542907e-05,59.999999343397775,-0.0006971405542966768,8.795562430959146e-05,-0.4121960395247448,-0.20629885381139595,-72.40189195974412
I1,16,N3,9.179223641998058e-05,9.41076246805858e-05,2.5377155981595995e-06,5.6079072758746225e-08,-2.481636525400853e-06,60.00000050751216,-0.0001488981927835119,1.9453460031887595e-05,-0.5726859209804276,-0.21608816060798525,-72.43664468807474
I1,17,N3,9.41076246805858e-05,9.46319865253966e-05,6.304668291063357e-07,6.154678036983336e-08,-5.689200487365023e-07,60.00000061200729,-3.413520327237336e-05,5.190102071071268e-06,-0.7182497408998874,-0.2192313621068096,-72.48361452212964
I1,18,N3,9.46319865253966e-05,9.467720968245304e-05,1.5706253787385972e-07,9.52729861763036e-08,-6.178955169755612e-08,67.15000065680921,-4.14916843707484e-06,1.892516430376225e-06,-0.20289676012957925,-0.19958649850982635,-72.54296161871312
I1,19,N3,9.467720968245304e-05,9.472306216169442e-05,1.5752194754684306e-07,9.50864275880755e-08,-6.243551995876756e-08,67.15000068913189,-4.1925452082575494e-06,1.894562813511889e-06,-0.21612101483287427,-0.18184964197708697,-72.60275597012638
I1,20,N3,9.472306216169442e-05,4.5780778065587815e-05,5.4571635494655e-08,4.58577879055261e-05,4.5803216270031447e-05,88.52903192270406,0.004054914395332132,0.00034434269655765566,-0.27552280967099674,-3.426095517119785,-72.66300834022898
I1,21,N3,4.5780778065587815e-05,4.5826959168602635e-05,1.5778781382236567e-07,9.501176011664932e-08,-6.277605370571635e-08,67.15067625655303,-4.215454459056544e-06,1.8959968045426123e-06,-0.2275339502239323,-0.16271575958492213,-72.64423085684749
I1,22,N3,4.5826959168602635e-05,4.587284727669552e-05,1.5756962494855232e-07,9.509484896398118e-08,-6.247477598457114e-08,67.15000067932775,-4.195181249804801e-06,1.8949835543440012e-06,-0.22695082941308142,-0.16547024109578484,-72.62559784727726
I1,23,N3,4.587284727669552e-05,4.591844231735253e-05,1.5735310859726166e-07,9.51794709746724e-08,-6.217363762258926e-08,67.1500006642469,-4.174959807655515e-06,1.8939943467895055e-06,-0.22634848021339532,-0.16797237143004484,-72.60710750032742
I1,24,N3,4.591844231735253e-05,4.596374144269728e-05,1.571362376846785e-07,9.526644796790423e-08,-6.186978971677426e-08,67.15000065779026,-4.1545564201787365e-06,1.8930201423943704e-06,-0.22584466423809618,-0.17010552466436424,-72.58875865951167
I1,1,N5,0.00016246990622694645,0.0001626107712138788,2.383047081519887e-07,7.69281738244463e-08,-1.613765343275424e-07,67.15000057635291,-1.0836434373104308e-05,2.3642466148232623e-06,-0.008506067318826204,-0.06021246827483678,-72.20729728141842
I1,2,N5,0.0001626107712138788,0.00016275143770280416,2.3812392159756692e-07,7.695558158177728e-08,-1.6116834001578964e-07,67.15000058344779,-1.0822454126093586e-05,2.3630962738450816e-06,-0.008505957495946959,-0.05978488147312507,-72.20230111330652
I1,3,N5,0.00016275143770280416,0.00016289190597423421,2.3794266257079993e-07,7.69823128491146e-08,-1.6096034972168533e-07,67.15000063106373,-1.080848758538741e-05,2.361937315649359e-06,-0.00850584847363999,-0.05949236460259038,-72.19731341808514
I1,4,N5,0.00016289190597423421,0.0001630321724297051,2.3775705763873436e-07,7.70086048483262e-08,-1.6074845279040816e-07,67.150000598871,-1.0794258701143495e-05,2.3607424686529544e-06,-0.008505739288991617,-0.05928435943196678,-72.19233417653176
I1,5,N5,0.0001630321724297051,0.00016317223810124334,2.375720955275263e-07,7.703449404348852e-08,-1.6053760148403778e-07,67.15000060000528,-1.0780100035976547e-05,2.359549421782611e-06,-0.008505629253458871,-0.059153417619477615,-72.18736336695058
I1,6,N5,0.00016317223810124334,0.00016331210073335307,2.3738438061969317e-07,7.70600826686848e-08,-1.6032429795100838e-07,67.15000065152114,-1.0765776711864882e-05,2.3583334746628346e-06,-0.00850551599339027,-0.05907794692572152,-72.18240096846556
I1,7,N5,0.00016331210073335307,0.00016345176979553431,2.372065149523309e-07,7.708543672201747e-08,-1.6012107823031342e-07,67.15000067204039,-1.0752130510773378e-05,2.357189637557613e-06,-0.008505400444179096,-0.059043728548615615,-72.17744696004276
I1,8,N5,0.00016345176979553431,0.00016359123051983666,2.3701268072048298e-07,7.711062358151561e-08,-1.5990205713896737e-07,67.15000071364227,-1.0737423250994525e-05,2.3559247822649897e-06,-0.008505277481591961,-0.059036666296809454,-72.17250132110975
I1,9,N5,0.00016359123051983666,0.00016373047067658333,2.3680570696589208e-07,7.713574593509733e-08,-1.5966996103079475e-07,67.15000068799286,-1.072183799306966e-05,2.3545608967574206e-06,-0.008505142860560824,-0.059035097405331666,-72.16756402932846
I1,10,N5,0.00016373047067658333,0.0002705972615714857,0.00011423397437371964,5.2611735289659446e-08,-0.00011418136263842998,60.00000071592264,-0.006850881840050821,0.0008571493958175697,-0.07614901611889124,-0.06681533109965417,-72.16263505790054
I1,11,N5,0.0002705972615714857,0.0002835294400961009,1.387826838948503e-05,5.4176323914462244e-08,-1.3824092065570569e-05,60.00000065214065,-0.0008294455329494865,0.0001044933353504962,-0.17260205524433936,-0.05803687424328425,-72.16291045596036
I1,12,N5,0.0002835294400961009,0.00028988914997190766,6.8571178434897455e-06,5.480507045484508e-08,-6.802312773034901e-06,60.00000061863746,-0.0004081387705902595,5.183942185458443e-05,-0.1458421177364253,-0.05915839925101494,-72.16378962744456
I1,13,N5,0.00028988914997190766,0.00029630119009012854,6.913023191872761e-06,5.480241565221572e-08,-6.858220776220545e-06,60.00000062410222,-0.0004114932508534635,5.225869205643733e-05,-0.1469249171316361,-0.05774707999777893,-72.16545726633977
I1,14,N5,0.00029630119009012854,0.00030201485541718,6.166985025948936e-06,5.4880167173620316e-08,-6.1121048587753155e-06,60.000000624046805,-0.0003667262953407584,4.666398894841917e-05,-0.14892685309135073,-0.05829547041679221,-72.16795455850274
I1,15,N5,0.00030201485541718,0.0003085598082692502,7.055016008715882e-06,5.479543563424721e-08,-7.000220573081634e-06,60.00000094533733,-0.0004200132410024678,5.332358583262597e-05,-0.15078018778829497,-0.05440906394976096,-72.17134333599269
I1,16,N5,0.0003085598082692502,0.0003218629490621054,1.4274591905122429e-05,5.417308759768714e-08,-1.4220418817524741e-05,60.00000061269651,-0.0008532251377642854,0.00010746573744540088,-0.18011549530611945,-0.04524268719515133,-72.1757229867779
I1,17,N5,0.0003218629490621054,0.0004243288829602084,0.0001095322672302858,5.266706276008342e-08,-0.00010947960016752572,60.00000064661125,-0.0065687760808422835,0.0008218870071978441,-0.09411986529711029,-0.024487648397066592,-72.18097641575376
I1,18,N5,0.0004243288829602084,0.0004244671623601024,2.357998376092952e-07,7.715377622936677e-08,-1.5864606137992844e-07,67.15000072438694,-1.0653083136583329e-05,2.3471521037899647e-06,-0.05953865852518171,-0.008496323409900076,-72.19974464299455
I1,19,N5,0.0004244671623601024,0.0004246059872451045,2.3640336959549777e-07,7.71719541271481e-08,-1.5923141546834966e-07,67.15000091996075,-1.0692389695186331e-05,2.351814927919844e-06,-0.061223231406012636,-0.008495613380749709,-72.21854951509401
I1,20,N5,0.0004246059872451045,0.00016206195731927682,4.322311746857543e-08,0.00024577907961089644,0.00024573585649342785,88.5290321316928,0.021754757535415725,0.0018436672704627377,-0.06619922381895813,-3.962289323552164,-72.23739126843705
I1,21,N5,0.00016206195731927682,0.00016205327840937767,1.2254452048613312e-07,1.1548422388542755e-07,-7.060296600705562e-09,76.7191987675019,-5.41660298267048e-07,1.785215582786705e-06,-0.07189764777135868,-0.006465728706569249,-72.23237078915813
I1,22,N5,0.00016205327840937767,0.0001621923566422726,2.3662174395237918e-07,7.7126137400059e-08,-1.5949560655232018e-07,67.15000073887794,-1.0710130097836085e-05,2.3531091101432864e-06,-0.06364990290115927,-0.00849508496506565,-72.22734101289367
I1,23,N5,0.0001621923566422726,0.00016233123402632205,2.36436093719767e-07,7.715148449323574e-08,-1.5928460922653126e-07,67.15000069587724,-1.0695961620404107e-05,2.3519068365975204e-06,-0.0638005970928844,-0.008495384626658678,-72.22231961720935
I1,24,N5,0.00016233123402632205,0.00016246990622694645,2.3624588618366464e-07,7.717689611753891e-08,-1.5906899006612574e-07,67.1500006794634,-1.0681482791021901e-05,2.3506708672590266e-06,-0.06408786907430601,-0.008495626740982927,-72.21730659671564
I1,1,N8,8.92637689880403e-05,8.931633913396613e-05,1.6323519565683454e-07,9.380404538758941e-08,-6.943115026924513e-08,67.15000056990094,-4.6623017801486885e-06,1.9277943078331795e-06,-0.0269604147747186,-0.2246145261678143,-72.73921545664548
I1,2,N8,8.931633913396613e-05,8.936867864677704e-05,1.6306896001626476e-07,9.387427960339651e-08,-6.919468041286825e-08,67.15000057965618,-4.646422829833227e-06,1.9270742971474595e-06,-0.026996870038931732,-0.2242777542010877,-72.72987371282007
I1,3,N8,8.936867864677704e-05,8.942079141942971e-05,1.6290371421057748e-07,9.394173720213557e-08,-6.896197700844192e-08,67.15000062765249,-4.630796799401031e-06,1.9263408855953478e-06,-0.02700936284208115,-0.22435076107163676,-72.7205641917572
I1,4,N8,8.942079141942971e-05,8.947268016995797e-05,1.627393417768425e-07,9.400741587888979e-08,-6.873192589795272e-08,67.15000059644447,-4.615348865042302e-06,1.9256006824179925e-06,-0.027004187473307635,-0.22468472573029788,-72.71128674124748
I1,5,N8,8.947268016995797e-05,8.952434694492935e-05,1.625758544641063e-07,9.407195441937177e-08,-6.850390004473453e-08,67.15000059670058,-4.600036928880241e-06,1.9248585666260855e-06,-0.02698006026385025,-0.22518514546621526,-72.70204120844427
I1,6,N8,8.952434694492935e-05,8.957579366721059e-05,1.6241338700513184e-07,9.413558664640614e-08,-6.82778003587257e-08,67.15000064409786,-4.584854338066016e-06,1.924117302386535e-06,-0.02692943654543993,-0.22581712948319368,-72.69282744347883
I1,7,N8,8.957579366721059e-05,8.96270218160388e-05,1.622518511200324e-07,9.41986504556416e-08,-6.805320066439081e-08,67.15000065662946,-4.569772469299579e-06,1.923378761817555e-06,-0.026857006502770567,-0.22653040979321146,-72.68364529808576
I1,8,N8,8.96270218160388e-05,8.967803348003151e-05,1.6209178457071527e-07,9.426104659809932e-08,-6.783073797261595e-08,67.1500006835629,-4.554834101227737e-06,1.9226462337661095e-06,-0.026733384927367265,-0.22733938192295508,-72.67449462560181
I1,9,N8,8.967803348003151e-05,8.972884704488662e-05,1.6193389083850062e-07,9.4308137323659e-08,-6.762575351484162e-08,67.15000064697848,-4.541069392274022e-06,1.921815211216197e-06,-0.02652020013702101,-0.23038599066970777,-72.66537528091531
I1,10,N8,8.972884704488662e-05,9.028225694587238e-05,6.609815740872211e-07,6.109164580884722e-08,-5.998899282783738e-07,60.000000681562014,-3.599339610556462e-05,5.415549149220512e-06,-0.867302611506656,-0.21804398722550886,-72.65628712348942
I1,11,N8,9.028225694587238e-05,9.655731340247326e-05,6.765424860096597e-06,5.370881485276585e-08,-6.711716045243831e-06,60.00000036964325,-0.00040270296519557045,5.114350256212022e-05,-0.7358260976804964,-0.2091663795392949,-72.64814019013525
I1,12,N8,9.655731340247326e-05,0.00012663726960566402,3.2195141898472904e-05,5.11960304979774e-08,-3.214394586797493e-05,60.000000492759575,-0.0019286367679177327,0.0002418475344672816,-0.544870962877819,-0.20277086947957484,-72.64133321323996
I1,13,N8,0.00012663726960566402,0.0001570410027687034,3.254108698890912e-05,5.122190603046595e-08,-3.248986508287865e-05,60.00000038598193,-0.0019493919175132197,0.0002444423167120469,-0.5427477297194457,-0.19393711081410922,-72.6396817361496
I1,14,N8,0.0001570410027687034,0.00019701775917545583,4.276832095440843e-05,5.0910918153126575e-08,-4.271741003625531e-05,60.00000034207171,-0.002563044616787736,0.00032114423904421166,-0.5327583633734618,-0.18345284271422926,-72.64279545509538
I1,15,N8,0.00019701775917545583,0.00022804134131981617,3.3203296408982334e-05,5.120228360253055e-08,-3.31520941253798e-05,59.999998896947616,-0.001989125610954292,0.0002494087401943865,-0.5549193865236848,-0.18669328021601433,-72.6539592481146
I1,16,N8,0.00022804134131981617,0.00023444293442798062,6.900539747964813e-06,5.364412179106068e-08,-6.8468956261737515e-06,60.00000048608483,-0.0004108137408985972,5.215637902316905e-05,-0.7579476795255684,-0.20296242914941662,-72.67678264782472
I1,17,N8,0.00023444293442798062,0.00023500887486383257,6.741897919993387e-07,6.093473205404912e-08,-6.132550599452897e-07,60.000000611111275,-3.679530397148446e-05,5.513433930400409e-06,-0.9060483163237831,-0.21411550864465737,-72.70384274099487
I1,18,N8,0.00023500887486383257,0.00023506136863559205,1.6321451036394639e-07,9.385740930492536e-08,-6.935710105902103e-08,67.15000067589122,-4.657329382991118e-06,1.928039397516538e-06,-0.024394716132480294,-0.22090717304455462,-72.73429826648075
I1,19,N8,0.00023506136863559205,0.00023511373869858945,1.628771610687255e-07,9.367765033808958e-08,-6.919951073063594e-08,67.15000076992007,-4.646747198840295e-06,1.924161085551113e-06,-0.07079084304778438,-0.21524648905168853,-72.76487356444527
I1,20,N8,0.00023511373869858945,8.931699529519633e-05,4.902351673862857e-08,0.00013650870113249663,0.000136459677615758,88.52903204670035,0.01208064317272784,0.0010241829348692643,-0.21654554984770516,-3.3123002927278784,-72.79556891883674
I1,21,N8,8.931699529519633e-05,8.911011274421202e-05,7.523713267359574e-08,2.5955701870813014e-07,1.843198860345344e-07,83.14417193384377,1.5325124295281817e-05,2.5109561353629443e-06,-0.27815593895601676,-0.02430003222628995,-72.78627680748495
I1,22,N8,8.911011274421202e-05,8.916160450188534e-05,1.6192549257931548e-07,9.366599116454108e-08,-6.82595014147744e-08,67.15000072523006,-4.583625569505943e-06,1.916936128078924e-06,-0.13307456783189814,-0.2048042663635861,-72.77680713649474
I1,23,N8,8.916160450188534e-05,8.92128424102697e-05,1.6173532137540488e-07,9.373698586793219e-08,-6.79983355074727e-08,67.15000068636269,-4.5660882759983115e-06,1.916042304325028e-06,-0.13452065896132348,-0.20436783257283034,-72.76736948801702
I1,24,N8,8.92128424102697e-05,8.92637689880403e-05,1.61490234487092e-07,9.381367167992356e-08,-6.767656280716843e-08,67.15000067270924,-4.544481238028009e-06,1.9147792962526163e-06,-0.13901594335029244,-0.20309141504745282,-72.75796369752646
I1,1,N9,4.5975941564482794e-05,4.602126951123502e-05,1.5713780413198866e-07,9.524084348874479e-08,-6.189696064324388e-08,67.15000056494115,-4.1563809421619665e-06,1.8928398571555008e-06,-0.2002005053424759,-0.202333109436204,-72.55421322901148
I1,2,N9,4.602126951123502e-05,4.6066302337619e-05,1.5692543623761334e-07,9.533102149062157e-08,-6.159441474699177e-08,67.15000057190969,-4.13606498548694e-06,1.8919234329617618e-06,-0.19957342337906173,-0.20390679658512204,-72.53614161002642
I1,3,N9,4.6066302337619e-05,4.6111048881854456e-05,1.5672037028996578e-07,9.541932412517188e-08,-6.13010461647939e-08,67.15000062286745,-4.116365288148336e-06,1.8910477081135325e-06,-0.19859569620500148,-0.2057220137172052,-72.51820825030983
I1,4,N9,4.6111048881854456e-05,4.6155520829088754e-05,1.565251546747636e-07,9.550531929863626e-08,-6.101983537612735e-08,67.15000059039744,-4.097481981532906e-06,1.890228554800499e-06,-0.19711542617172773,-0.2078391682928315,-72.50041196368394
I1,5,N9,4.6155520829088754e-05,4.6199726761662606e-05,1.563371706071549e-07,9.55896169311194e-08,-6.07475536760355e-08,67.15000058960857,-4.079198265163062e-06,1.8894509065370573e-06,-0.1952818347302808,-0.21017020886516632,-72.48275160128104
I1,6,N9,4.6199726761662606e-05,4.6243676257639416e-05,1.5615740097107945e-07,9.567214612686303e-08,-6.048525484421641e-08,67.1500006382982,-4.061584901396761e-06,1.8887216032345685e-06,-0.19303430661013385,-0.21272442069490752,-72.46522604953722
I1,7,N9,4.6243676257639416e-05,4.628737933765685e-05,1.559863425023199e-07,9.575292782459204e-08,-6.023341467772786e-08,67.15000064490286,-4.044673834454127e-06,1.8880445274518396e-06,-0.19034087162656996,-0.21549766163052156,-72.44783422945945
I1,8,N9,4.628737933765685e-05,4.633084722176071e-05,1.5582525760088442e-07,9.583194536189339e-08,-5.999331223899103e-08,67.15000066950465,-4.028550957014049e-06,1.8874290222208335e-06,-0.18712402346720408,-0.2184915703507136,-72.43057509693476
I1,9,N9,4.633084722176071e-05,4.63740918067297e-05,1.5567503528826293e-07,9.590934418493434e-08,-5.97656911033286e-08,67.15000064338358,-4.0132661960407795e-06,1.8868828460489796e-06,-0.18332827533431126,-0.22168459176259486,-72.41344764483888
I1,10,N9,4.63740918067297e-05,4.688106459020431e-05,6.121509683023816e-07,6.177648939360277e-08,-5.503744789087788e-07,60.0000006808271,-3.302246910923659e-05,5.0544559327198834e-06,-0.6585716351268971,-0.23068100454987114,-72.39645090448246
I1,11,N9,4.688106459020431e-05,4.903085431466111e-05,2.360932787382107e-06,5.620058920274398e-08,-2.304732198179363e-06,60.00000042674834,-0.00013828393287430241,1.8128500324386383e-05,-0.5400375983028596,-0.22493163552054096,-72.38339348249397
I1,12,N9,4.903085431466111e-05,5.924625543451833e-05,1.0975822596805953e-05,5.425882558494949e-08,-1.0921563771221004e-05,60.00000051794296,-0.0006552938319300073,8.272561066793177e-05,-0.3975918845073782,-0.21135832757390272,-72.37523036842767
I1,13,N9,5.924625543451833e-05,6.966455425958566e-05,1.1192596571330243e-05,5.4261385493120584e-08,-1.1138335185837122e-05,60.00000043316669,-0.0006683001159749831,8.435143467617523e-05,-0.3946428979364045,-0.21191537403446045,-72.37546960619271
I1,14,N9,6.966455425958566e-05,8.090605931843177e-05,1.2071734828849376e-05,5.394986153566955e-08,-1.2017784967313706e-05,60.000000398340426,-0.0007210671028259919,9.094263517788784e-05,-0.3982587351979702,-0.22339013361928287,-72.38433630391987
I1,15,N9,8.090605931843177e-05,9.176499239209385e-05,1.1663290492692167e-05,5.4200790537938716e-08,-1.1609089702154228e-05,59.999999343272556,-0.0006965453745052458,8.788118462422579e-05,-0.4139164281430046,-0.20659627703089672,-72.40374089553919
I1,16,N9,9.176499239209385e-05,9.408155047508013e-05,2.5389621721299867e-06,5.607623747922261e-08,-2.482885934650764e-06,60.00000050751216,-0.00014897315733914066,1.946278807206907e-05,-0.5743641977773665,-0.2163777488847949,-72.43850008965128
I1,17,N9,9.408155047508013e-05,9.46059520085045e-05,6.305056811983051e-07,6.154366998989836e-08,-5.689620112084068e-07,60.00000061200729,-3.4137721020713304e-05,5.190370133911526e-06,-0.7203059865115085,-0.21950326424371816,-72.48548289248542
I1,18,N9,9.46059520085045e-05,9.465120147752299e-05,1.570806064945959e-07,9.526418802618644e-08,-6.181641846840947e-08,67.1500006593108,-4.150972540909928e-06,1.8925859589058676e-06,-0.20242357973055344,-0.2002050973227233,-72.54483614230979
I1,19,N9,9.465120147752299e-05,9.46970790666045e-05,1.5753815536149974e-07,9.507712437929869e-08,-6.246103098220104e-08,67.15000069681983,-4.194258273978885e-06,1.894614598055988e-06,-0.21571540616580015,-0.18259636789043945,-72.60463703466927
I1,20,N9,9.46970790666045e-05,4.5792882872485275e-05,5.457315409407998e-08,4.582213895970481e-05,4.576756580561073e-05,88.52903193486328,0.004051758294785869,0.0003440753408534917,-0.2754189847694703,-3.4240785139924244,-72.66489634102557
I1,21,N9,4.5792882872485275e-05,4.583908802436952e-05,1.5780091148175676e-07,9.500072518187495e-08,-6.28001862998818e-08,67.15067626871192,-4.21707497983816e-06,1.896012274977238e-06,-0.22727877768855337,-0.1637502030200566,-72.64611587577704
I1,22,N9,4.583908802436952e-05,4.58849987720947e-05,1.575829954200599e-07,9.508537208475438e-08,-6.249762333530551e-08,67.15000068593147,-4.196715449834852e-06,1.8950127562861072e-06,-0.22669146651447042,-0.16626237518979442,-72.62747999989314
I1,23,N9,4.58849987720947e-05,4.5930617989481646e-05,1.5736798967851325e-07,9.516987881120658e-08,-6.219811086730667e-08,67.15000066813023,-4.176603186296081e-06,1.8940340136728987e-06,-0.22601292947807475,-0.16876373273895395,-72.6089868994391
I1,24,N9,4.5930617989481646e-05,4.5975941564482794e-05,1.571512819494702e-07,9.525674330972493e-08,-6.189453863974526e-08,67.15000066044337,-4.156218310536732e-06,1.8930601894439632e-06,-0.22551098660154426,-0.17089558882268854,-72.5906354192378
