node,x_power_mw,x_energy_mwh,energy_power_ratio_h
N1,-2.4817833436646836e-09,-9.987494350968188e-09,0.0
N2,-2.4817730104325437e-09,-9.987485621734389e-09,0.0
N3,29.64433586277176,59.288671789905315,2.000000002171133
N4,-2.481783902149637e-09,-9.987494599056193e-09,0.0
N5,-2.4817591688537756e-09,-9.987513738043284e-09,0.0
N6,-2.481851454994449e-09,-9.987459509475959e-09,0.0
N7,-2.481773009939527e-09,-9.987485621389195e-09,0.0
N8,11.143259995776972,41.72036561732335,3.744000017331945
N9,2.3716146761420367,4.743229416852112,2.0000000272253495
