node,x_power_mw,x_energy_mwh,energy_power_ratio_h
N1,4.173814618170204e-08,1.0528059461207625e-07,2.5224070602884407
N2,6.437379971815767e-08,1.41941257038053e-07,2.2049538423939916
N3,25.32806905403872,50.65613811455571,2.000000000255774
N4,5.3361305233029694e-08,1.1974186326192857e-07,2.2439830273831176
N5,4.952411580519379e-08,1.020793138640331e-07,2.0612041669874226
N6,1.1612332717653505e-08,6.163977804914753e-08,5.308130549466639
N7,6.44465816933334e-08,1.4209820381563254e-07,2.2048990044468364
N8,13.810872777109807,60.058883636746415,4.34866677914
N9,23.475758886923753,46.9515177803055,2.000000000275092
