{
  "model": "Single Investor Primal-Dual MPEC",
  "investor": "I3",
  "wacc": 0.08,
  "solver_status": "ok",
  "termination": "optimal",
  "profit_eur_per_day": 140166.33036460774,
  "spot_revenue_eur_per_day": 2715.103097196891,
  "degradation_cost_eur_per_day": 2370.172772752569,
  "capex_daily_eur_per_day": 1080.297607292411,
  "lower_level_primal_objective_eur_per_day": 434617.7116793438,
  "lower_level_dual_objective_eur_per_day": 434617.7011524116,
  "strong_duality_gap": 0.010526932193897665,
  "total_power_mw": 62.614701003128566,
  "total_energy_mwh": 157.66654020438864,
  "total_charge_mwh": 168.44715655273032,
  "total_discharge_mwh": 147.57587981427884,
  "total_storage_throughput_mwh": 316.0230363670091,
  "total_load_shed_mwh": 0.0,
  "equivalent_cycles_throughput_over_2e": 1.002188022764175,
  "equivalent_cycles_discharge_over_e": 0.9359999884754944,
  "line_limits_mw": {
    "L14": 400.0,
    "L45": 400.0,
    "L46": 200.0,
    "L69": 200.0,
    "L57": 400.0,
    "L93": 400.0,
    "L72": 400.0,
    "L98": 200.0,
    "L78": 200.0
  },
  "existing_power_mw_per_node": 0.0,
  "existing_ratio_hours": 2.0,
  "storage_units": [
    "I3",
    "RIV"
  ],
  "demand_model": "quadratic",
  "load_shed_allowed": true,
  "quadratic_demand_alpha_eur_per_mwh": 4000,
  "quadratic_demand_beta_eur_per_mwh_per_share": 10000,
  "quadratic_demand_source": "fixed_default"
}