path,rho,investor,s_from,s_to,width,dprofit,dlmp,lines_priced_entered,lines_priced_left,lines_binding_changes,generation_changes,generation_changed,storage_changes
I1_incumbent_start,25.0,I1,0.0,1e-06,1e-06,0.0001278045951949025,2.425060589672512e-06,,,0,0,,0
I1_incumbent_start,25.0,I1,1e-06,1e-05,9e-06,0.001150236975718144,2.1825440208900204e-05,,,0,0,,0
I1_incumbent_start,25.0,I1,1e-05,0.0001,9e-05,0.011502360746362683,0.00021825439977085637,,,0,0,,0
I1_incumbent_start,25.0,I1,0.0001,0.001,0.0009,0.11502270444816531,0.002182544013086485,,,0,0,,0
I1_incumbent_start,25.0,I1,0.001,0.0025,0.0015,0.19170209455114673,0.00363762924331823,,,0,0,,0
I1_incumbent_start,25.0,I1,0.0025,0.005,0.0025,0.31949120304716416,0.006062616950169186,,,0,0,,0
I1_incumbent_start,25.0,I1,0.005,0.01,0.005,0.6389446265552579,0.01212523466253046,,,0,0,,146
I1_incumbent_start,25.0,I1,0.01,0.02,0.01,1.2777381142668673,0.024250471842840682,,,0,0,,0
I1_incumbent_start,25.0,I1,0.02,0.03,0.009999999999999998,1.2775365600286932,0.024250474447713444,,,0,0,,0
I1_incumbent_start,25.0,I1,0.03,0.05,0.020000000000000004,2.5544735432927155,0.04850125669078409,,,0,0,,0
I1_incumbent_start,25.0,I1,0.05,0.075,0.024999999999999994,3.1919460943850027,0.06062612625670738,,,0,0,,0
I1_incumbent_start,25.0,I1,0.075,0.1,0.02500000000000001,3.1906910004704514,0.06062620367845284,,,0,0,,0
I1_incumbent_start,25.0,I1,0.1,0.125,0.024999999999999994,3.18943063586903,0.06062620568256882,,,0,0,,0
I1_incumbent_start,25.0,I1,0.125,0.15,0.024999999999999994,3.1881702252439936,0.06062620696587295,,,0,0,,0
I1_incumbent_start,25.0,I1,0.15,0.175,0.024999999999999994,3.1869098004208354,0.060626207801092846,,,0,0,,0
I1_incumbent_start,25.0,I1,0.175,0.2,0.025000000000000022,3.185649329393982,0.060626207976376634,,,0,0,,50
I1_incumbent_start,25.0,I1,0.2,0.225,0.024999999999999994,3.1843888913022056,0.06062620794998885,,,0,0,,0
I1_incumbent_start,25.0,I1,0.225,0.25,0.024999999999999994,3.1831284179634167,0.060626207313340785,,,0,0,,0
I1_incumbent_start,25.0,I1,0.25,0.275,0.025000000000000022,3.181892955528383,0.0606266595962861,,,0,0,,26
I1_incumbent_start,25.0,I1,0.275,0.3,0.024999999999999967,3.1806094803305314,0.06062622248289529,,,0,0,,4
I1_incumbent_start,25.0,I1,0.3,0.325,0.025000000000000022,3.1793489907058756,0.060626222481486636,,,0,0,,0
I1_incumbent_start,25.0,I1,0.325,0.35,0.024999999999999967,3.1780885002017385,0.060626222485032244,,,0,0,,0
I1_incumbent_start,25.0,I1,0.35,0.375,0.025000000000000022,3.176828012604801,0.06062622250012417,,,0,0,,0
I1_incumbent_start,25.0,I1,0.375,0.4,0.025000000000000022,3.1755675216318195,0.06062622247732463,,,0,0,,0
I1_incumbent_start,25.0,I1,0.4,0.425,0.024999999999999967,3.1743070310676558,0.060626222477107916,,,0,0,,0
I1_incumbent_start,25.0,I1,0.425,0.45,0.025000000000000022,3.1730080675661156,0.06062574471050475,,,0,0,,20
I1_incumbent_start,25.0,I1,0.45,0.475,0.024999999999999967,3.1717842565790306,0.06062619538822922,,,0,0,,0
I1_incumbent_start,25.0,I1,0.475,0.5,0.025000000000000022,3.1705658350092563,0.060626842449620355,,,0,0,,14
I1_incumbent_start,25.0,I1,0.5,0.525,0.025000000000000022,3.1692855976725696,0.06062508359307017,,,0,0,,2
I1_incumbent_start,25.0,I1,0.525,0.55,0.025000000000000022,3.1680260919256398,0.060625030523361545,,,0,0,,70
I1_incumbent_start,25.0,I1,0.55,0.575,0.02499999999999991,3.1667656301415263,0.060625030521537226,,,0,0,,0
I1_incumbent_start,25.0,I1,0.575,0.6,0.025000000000000022,3.1655110706433334,0.0606242871016196,,,0,0,,1
I1_incumbent_start,25.0,I1,0.6,0.625,0.025000000000000022,3.1642388048048815,0.060625870989179376,,,0,0,,0
I1_incumbent_start,25.0,I1,0.625,0.65,0.025000000000000022,3.1629842445845497,0.06062503051722601,,,0,0,,0
I1_incumbent_start,25.0,I1,0.65,0.675,0.025000000000000022,3.161723781627188,0.06062503051987278,,,0,0,,0
I1_incumbent_start,25.0,I1,0.675,0.7,0.02499999999999991,3.1604633207771258,0.06062503050831047,,,0,0,,0
I1_incumbent_start,25.0,I1,0.7,0.725,0.025000000000000022,3.159202859299512,0.06062503049759904,,,0,0,,0
I1_incumbent_start,25.0,I1,0.725,0.75,0.025000000000000022,3.157942397066563,0.0606250305043492,,,0,0,,2
I1_incumbent_start,25.0,I1,0.75,0.775,0.025000000000000022,3.156681935679444,0.060625030464626306,,,0,0,,0
I1_incumbent_start,25.0,I1,0.775,0.8,0.025000000000000022,3.155355950655121,0.06062503052918977,,,0,0,,2
I1_incumbent_start,25.0,I1,0.8,0.825,0.02499999999999991,3.1540248739770504,0.06062503050575785,,,0,0,,0
I1_incumbent_start,25.0,I1,0.825,0.85,0.025000000000000022,3.152764444211698,0.060625030402489344,,,0,0,,4
I1_incumbent_start,25.0,I1,0.85,0.875,0.025000000000000022,3.151504016625495,0.06062503048439183,,,0,0,,2
I1_incumbent_start,25.0,I1,0.875,0.9,0.025000000000000022,3.1502435872230308,0.06062503037185607,,,0,0,,2
I1_incumbent_start,25.0,I1,0.9,0.925,0.025000000000000022,3.148980054886124,0.06062503030591326,,,0,0,,2
I1_incumbent_start,25.0,I1,0.925,0.95,0.02499999999999991,3.1477181106347416,0.06062503015868348,,,0,0,,8
I1_incumbent_start,25.0,I1,0.95,0.975,0.025000000000000022,3.1466112295211133,0.06061615311530044,,,0,0,,6
I1_incumbent_start,25.0,I1,0.975,1.0,0.025000000000000022,3.143340321696087,0.06053114025565787,,,0,0,,67
I1_incumbent_start,50.0,I1,0.0,1e-06,1e-06,0.0007643391177225567,5.606101074251413e-06,,,0,0,,14
I1_incumbent_start,50.0,I1,1e-06,1e-05,9e-06,0.006878862674057018,5.045439490003467e-05,,,0,0,,0
I1_incumbent_start,50.0,I1,1e-05,0.0001,9e-05,0.0687885957704566,0.0005045439486397463,,,0,0,,0
I1_incumbent_start,50.0,I1,0.0001,0.001,0.0009,0.6878828772578345,0.00504543948938152,,,0,0,,0
I1_incumbent_start,50.0,I1,0.001,0.0025,0.0015,1.1464354928011744,0.008409013963348144,,,0,0,,8
I1_incumbent_start,50.0,I1,0.0025,0.005,0.0025,1.9107256701931874,0.014015078840700523,,,0,0,,0
I1_incumbent_start,50.0,I1,0.005,0.01,0.005,3.8213177878537863,0.028030132241043892,,,0,0,,146
I1_incumbent_start,50.0,I1,0.01,0.02,0.01,7.642069417069706,0.05605995277177622,,,0,0,,0
I1_incumbent_start,50.0,I1,0.02,0.025,0.005000000000000001,3.8206143780862476,0.02802891731471724,,,0,0,,0
I1_incumbent_start,50.0,I1,0.025,0.0275,0.0024999999999999988,1.9094637836892616,0.014009334966940568,,,0,0,,0
I1_incumbent_start,50.0,I1,0.0275,0.027812499999999997,0.0003124999999999968,0.23820030987826613,0.0017480104123270834,,,0,0,,0
I1_incumbent_start,50.0,I1,0.027812499999999997,0.027968749999999997,0.00015625000000000014,0.11881777624057577,0.00087214854383455,,,0,0,,0
I1_incumbent_start,50.0,I1,0.027968749999999997,0.027988281249999997,1.9531249999999584e-05,0.014825340663264797,0.00010884173900560512,,,0,0,,0
I1_incumbent_start,50.0,I1,0.027988281249999997,0.027998046874999998,9.765625000001527e-06,0.007409536961858976,5.440025653857816e-05,,,0,0,,0
I1_incumbent_start,50.0,I1,0.027998046874999998,0.028002929687499997,4.8828124999990286e-06,0.0037039273574919207,2.7194593387402932e-05,,,0,0,,0
I1_incumbent_start,50.0,I1,0.028002929687499997,0.02800537109375,2.441406250001249e-06,0.0018517454927859944,1.3595861821036337e-05,,,0,0,,0
I1_incumbent_start,50.0,I1,0.02800537109375,0.028006591796875,1.2207031250023592e-06,0.000925815451410017,6.797564643612475e-06,,,0,0,,0
I1_incumbent_start,50.0,I1,0.028006591796875,0.0280072021484375,6.103515624994449e-07,0.0004628944361684262,3.3986908192229492e-06,,,0,0,,0
I1_incumbent_start,50.0,I1,0.0280072021484375,0.02800722122192383,1.9073486328541334e-08,1.4467062101175543e-05,1.0620949231210375e-07,,,0,0,,0
I1_incumbent_start,50.0,I1,0.02800722122192383,0.02800723075866699,9.536743162535943e-09,7.232691132230684e-06,5.3103442310131754e-08,,,0,0,,0
I1_incumbent_start,50.0,I1,0.02800723075866699,0.028007231950759888,1.1920928966180355e-09,9.040386430569924e-07,6.636744043220233e-09,,,0,0,,0
I1_incumbent_start,50.0,I1,0.028007231950759888,0.028007232546806336,5.960464483090178e-10,4.5206525101093575e-07,3.3185734160667835e-09,,,0,2,RES_PV_N8:cap@14;RES_PV_N8:marg@14,0
I1_incumbent_start,50.0,I1,0.028007232546806336,0.028007233142852785,5.960464483090178e-10,4.5204569687484764e-07,3.31859806301793e-09,,,0,0,,0
I1_incumbent_start,50.0,I1,0.028007233142852785,0.028007235527038574,2.384185789766624e-09,1.8081177586282138e-06,1.3276442833998203e-08,,,0,0,,0
I1_incumbent_start,50.0,I1,0.028007235527038574,0.028007240295410157,4.768371583002695e-09,3.61624188371934e-06,2.655294761844118e-08,,,0,0,,0
I1_incumbent_start,50.0,I1,0.028007240295410157,0.028007278442382814,3.814697265708267e-08,2.8930717235198244e-05,2.1241525871573685e-07,,,0,2,RES_PV_N8:cap@15;RES_PV_N8:marg@15,0
I1_incumbent_start,50.0,I1,0.028007278442382814,0.028007354736328125,7.629394531069589e-08,5.786074416391784e-05,4.248304215082044e-07,,,0,0,,0
I1_incumbent_start,50.0,I1,0.028007354736328125,0.02800750732421875,1.5258789062486122e-07,0.00011571607865334954,8.496615619968395e-07,,,0,0,,0
I1_incumbent_start,50.0,I1,0.02800750732421875,0.0280078125,3.0517578124972244e-07,0.00023144716396927834,1.6993057507797005e-06,,,0,0,,0
I1_incumbent_start,50.0,I1,0.0280078125,0.028046875,3.906249999999917e-05,0.029603224810671236,0.00021737125359067022,,,0,0,,0
I1_incumbent_start,50.0,I1,0.028046875,0.028124999999999997,7.812499999999833e-05,0.0590361837553246,0.0004336221870964163,,,0,0,,0
I1_incumbent_start,50.0,I1,0.028124999999999997,0.028749999999999998,0.0006250000000000006,0.2425512704421635,0.00195707026132097,,,0,0,,0
I1_incumbent_start,50.0,I1,0.028749999999999998,0.03,0.0012500000000000011,-0.024545123624193366,0.0013225833044074875,,,0,0,,0
I1_incumbent_start,50.0,I1,0.03,0.05,0.020000000000000004,-0.4410438050522316,0.02108626482880993,,,0,0,,0
I1_incumbent_start,50.0,I1,0.05,0.075,0.024999999999999994,-0.5521460862632921,0.02635785874561236,,,0,0,,0
I1_incumbent_start,50.0,I1,0.075,0.1,0.02500000000000001,-0.30906723456746477,0.03314918892692731,,,0,0,,23
I1_incumbent_start,50.0,I1,0.1,0.125,0.024999999999999994,1.5690076659166152,0.08561239556410172,,,0,0,,0
I1_incumbent_start,50.0,I1,0.125,0.13125,0.0062500000000000056,0.3928216248496028,0.021421178607603508,,,0,0,,0
I1_incumbent_start,50.0,I1,0.13125,0.1328125,0.0015624999999999944,0.09820435942810946,0.00535539441669286,,,0,0,,0
I1_incumbent_start,50.0,I1,0.1328125,0.13359375,0.0007812500000000111,0.0491019002261055,0.0026777087754012996,L46-@15,,0,0,,0
I1_incumbent_start,50.0,I1,0.13359375,0.13398437500000002,0.00039062500000000555,0.024550895954234875,0.001338856769081076,,,0,0,,0
I1_incumbent_start,50.0,I1,0.13398437500000002,0.13417968750000003,0.00019531250000001665,0.012275403289095266,0.0006694294495730446,,,0,0,,0
I1_incumbent_start,50.0,I1,0.13417968750000003,0.13418579101562503,6.103515624994449e-06,0.0003836028809018899,2.091969870576804e-05,,,0,0,,0
I1_incumbent_start,50.0,I1,0.13418579101562503,0.1341888427734375,3.0517578124833467e-06,0.00019180746494384948,1.0459802439299892e-05,,,0,0,,0
I1_incumbent_start,50.0,I1,0.1341888427734375,0.13419036865234377,1.5258789062555511e-06,9.590012132321135e-05,5.229947031892834e-06,,,0,0,,0
I1_incumbent_start,50.0,I1,0.13419036865234377,0.1341904163360596,4.7683715836965845e-08,2.9970965442771558e-06,1.6343515341077364e-07,,,0,0,,0
I1_incumbent_start,50.0,I1,0.1341904163360596,0.1341904401779175,2.3841857904605135e-08,1.4993611330282874e-06,8.17013230403063e-08,,,0,0,,0
I1_incumbent_start,50.0,I1,0.1341904401779175,0.134190446138382,5.960464483090178e-09,3.746126822079532e-07,2.043159597064914e-08,,,0,0,,0
I1_incumbent_start,50.0,I1,0.134190446138382,0.1341904476284981,1.4901161138336505e-09,9.369114195578732e-08,5.110020850906949e-09,L46-@14,,0,0,,0
I1_incumbent_start,50.0,I1,0.1341904476284981,0.13419044911861422,1.4901161138336505e-09,9.358836905448698e-08,5.104070055494958e-09,,,0,0,,0
I1_incumbent_start,50.0,I1,0.13419044911861422,0.13419045209884645,2.980232227667301e-09,1.8743594409897923e-07,1.0216410828434164e-08,,,0,0,,0
I1_incumbent_start,50.0,I1,0.13419045209884645,0.1341904640197754,1.1920928966180355e-08,7.491976248275023e-07,4.0857823790929615e-08,,,0,0,,0
I1_incumbent_start,50.0,I1,0.1341904640197754,0.13419055938720703,9.536743161842054e-08,5.995958872517804e-06,3.268270809542173e-07,,,0,0,,0
I1_incumbent_start,50.0,I1,0.13419055938720703,0.13419075012207032,1.9073486329235223e-07,1.1983152944594622e-05,6.538177714787707e-07,,,0,0,,0
I1_incumbent_start,50.0,I1,0.13419075012207032,0.1341911315917969,3.8146972658470446e-07,2.397627076788922e-05,1.307463552535637e-06,,,0,0,,0
I1_incumbent_start,50.0,I1,0.1341911315917969,0.13419189453125002,7.629394531138978e-07,4.795406084667775e-05,2.6149170047062853e-06,,,0,0,,0
I1_incumbent_start,50.0,I1,0.13419189453125002,0.13420410156250004,1.2207031250016653e-05,0.000767203013310791,4.1839470739546414e-05,,,0,0,,0
I1_incumbent_start,50.0,I1,0.13420410156250004,0.13422851562500004,2.441406250000555e-05,0.0015344447456300259,8.367838678324802e-05,,,0,0,,0
I1_incumbent_start,50.0,I1,0.13422851562500004,0.13427734375000003,4.882812499998335e-05,0.003068843034270685,0.0001673575417981965,,,0,0,,0
I1_incumbent_start,50.0,I1,0.13427734375000003,0.13437500000000002,9.765624999999445e-05,0.0061377038887258095,0.0003347148329915228,,,0,0,,0
I1_incumbent_start,50.0,I1,0.13437500000000002,0.1375,0.003124999999999989,0.19640470854619707,0.010710924144884615,,,0,0,,0
I1_incumbent_start,50.0,I1,0.1375,0.15,0.012499999999999983,0.785595639463736,0.04284435459791425,,,0,0,,0
I1_incumbent_start,50.0,I1,0.15,0.175,0.024999999999999994,8.793364251977891,0.12733615506988016,,,2,0,,0
I1_incumbent_start,50.0,I1,0.175,0.2,0.025000000000000022,12.089164462769531,0.18551517696852216,,,0,0,,50
I1_incumbent_start,50.0,I1,0.2,0.225,0.024999999999999994,12.084333001595041,0.18551542432854085,,,0,0,,0
I1_incumbent_start,50.0,I1,0.225,0.25,0.024999999999999994,12.079487399189475,0.18551545598270636,,,0,0,,0
I1_incumbent_start,50.0,I1,0.25,0.275,0.025000000000000022,12.07463905624354,0.18551545970945504,,,0,0,,0
I1_incumbent_start,50.0,I1,0.275,0.3,0.024999999999999967,12.069789608510291,0.1855154562060939,,,0,0,,0
I1_incumbent_start,50.0,I1,0.3,0.325,0.025000000000000022,12.064940833483888,0.185516060011917,,,0,0,,20
I1_incumbent_start,50.0,I1,0.325,0.35,0.024999999999999967,12.060098211405602,0.185515463983295,,,0,0,,0
I1_incumbent_start,50.0,I1,0.35,0.375,0.025000000000000022,12.055227606750577,0.18551481122693225,,,0,0,,20
I1_incumbent_start,50.0,I1,0.375,0.4,0.025000000000000022,12.050415825960954,0.18551612861459432,,,0,0,,20
I1_incumbent_start,50.0,I1,0.4,0.425,0.024999999999999967,12.045545220997155,0.18551546396386165,,,0,0,,2
I1_incumbent_start,50.0,I1,0.425,0.45,0.025000000000000022,12.040643257354532,0.18551461199643526,,,0,0,,20
I1_incumbent_start,50.0,I1,0.45,0.475,0.024999999999999967,12.035870938216704,0.18551532940785442,,,0,0,,14
I1_incumbent_start,50.0,I1,0.475,0.5,0.025000000000000022,12.031015497122098,0.18551646254069976,,,0,0,,0
I1_incumbent_start,50.0,I1,0.5,0.525,0.025000000000000022,12.026291548248992,0.18551449737547632,,,0,0,,2
I1_incumbent_start,50.0,I1,0.525,0.55,0.025000000000000022,12.021447507888297,0.1855144521698362,,,0,0,,70
I1_incumbent_start,50.0,I1,0.55,0.575,0.02499999999999991,12.01659359855239,0.1855144176945709,,,0,0,,0
I1_incumbent_start,50.0,I1,0.575,0.5753906249999999,0.0003906249999999778,0.18771233463030512,0.002898561288177781,,,0,0,,0
I1_incumbent_start,50.0,I1,0.5753906249999999,0.57548828125,9.76562500000222e-05,0.046727564346838335,0.0007222343496859907,,,0,0,,0
I1_incumbent_start,50.0,I1,0.57548828125,0.5755371093749999,4.882812499995559e-05,0.020387924168062455,0.00032537798025433773,,,0,0,,0
I1_incumbent_start,50.0,I1,0.5755371093749999,0.5755432128906249,6.1035156250222045e-06,0.002067854734377761,3.489991004546056e-05,,,0,0,,0
I1_incumbent_start,50.0,I1,0.5755432128906249,0.5755434036254883,1.9073486334786338e-07,7.687574270676123e-05,1.2378058436013362e-06,,,0,0,,0
I1_incumbent_start,50.0,I1,0.5755434036254883,0.5755434989929199,9.536743161842054e-08,0.001011475434552267,3.333886281353671e-05,,,0,0,,0
I1_incumbent_start,50.0,I1,0.5755434989929199,0.5755435019731521,2.9802321721561498e-09,-0.0009948885704034183,3.4101694815547035e-05,,,0,0,,0
I1_incumbent_start,50.0,I1,0.5755435019731521,0.5755435034632682,1.4901161415892261e-09,-0.027846468091865972,0.0009527549181242989,,,0,4,RES_PV_N8:cap@12;RES_PV_N8:cap@13;RES_PV_N8:marg@12;RES_PV_N8:marg@13,26
I1_incumbent_start,50.0,I1,0.5755435034632682,0.5755435049533844,1.4901161415892261e-09,6.356549420161173e-07,1.0099772573823884e-08,,,0,0,,0
I1_incumbent_start,50.0,I1,0.5755435049533844,0.5755435109138489,5.9604645663569045e-09,2.053599473583745e-06,3.4474903820580494e-08,,,0,0,,0
I1_incumbent_start,50.0,I1,0.5755435109138489,0.5755435228347778,1.1920928910669204e-08,2.689979737624526e-06,6.922595119362995e-08,,,0,0,,0
I1_incumbent_start,50.0,I1,0.5755435228347778,0.5755435466766357,2.3841857821338408e-08,7.371601896011271e-06,1.27840171337823e-07,,,0,0,,0
I1_incumbent_start,50.0,I1,0.5755435466766357,0.5755435943603515,4.768371586472142e-08,1.7484326235717162e-05,2.8861811607328036e-07,,,0,0,,0
I1_incumbent_start,50.0,I1,0.5755435943603515,0.575543975830078,3.8146972647368216e-07,0.00014294979973783484,2.3458874967019483e-06,,,0,0,,0
I1_incumbent_start,50.0,I1,0.575543975830078,0.5755447387695312,7.629394531694089e-07,0.0002819064825416717,4.643810124882464e-06,,,0,0,,0
I1_incumbent_start,50.0,I1,0.5755447387695312,0.5755462646484375,1.5258789063388178e-06,0.0005662301659867808,9.316653409641162e-06,,,0,0,,0
I1_incumbent_start,50.0,I1,0.5755462646484375,0.57554931640625,3.051757812455591e-06,0.0011315252136228082,1.8622130530943082e-05,,,0,0,,0
I1_incumbent_start,50.0,I1,0.57554931640625,0.5755615234374999,1.2207031249933387e-05,0.031218878049458,0.0009030249897996612,,,0,0,,14
I1_incumbent_start,50.0,I1,0.5755615234374999,0.5755859374999999,2.4414062499977796e-05,0.00680538696315125,0.00012199289783776379,,,0,0,,6
I1_incumbent_start,50.0,I1,0.5755859374999999,0.5757812499999999,0.0001953125000000444,0.05213073409640856,0.0009481731913956182,,,0,0,,8
I1_incumbent_start,50.0,I1,0.5757812499999999,0.5765625,0.0007812500000000666,0.20822390078956232,0.0037891198629651512,,,0,0,,0
I1_incumbent_start,50.0,I1,0.5765625,0.578125,0.0015625000000000222,0.4164320493273408,0.007578139225672409,,,0,0,,1
I1_incumbent_start,50.0,I1,0.578125,0.5812499999999999,0.0031249999999999334,0.8328331477396205,0.015156261593659792,,,0,0,,0
I1_incumbent_start,50.0,I1,0.5812499999999999,0.5874999999999999,0.006249999999999978,1.665547598440753,0.030312516773188136,,,0,0,,0
I1_incumbent_start,50.0,I1,0.5874999999999999,0.6,0.012500000000000067,3.330622318649148,0.06062503112710882,,,0,0,,0
I1_incumbent_start,50.0,I1,0.6,0.625,0.025000000000000022,6.6593538659499245,0.12125006131052807,,,0,0,,0
I1_incumbent_start,50.0,I1,0.625,0.65,0.025000000000000022,6.65683292736594,0.12125006112965764,,,0,0,,0
I1_incumbent_start,50.0,I1,0.65,0.675,0.025000000000000022,6.6543119997277245,0.12125006108265612,,,0,0,,0
I1_incumbent_start,50.0,I1,0.675,0.7,0.02499999999999991,6.651777350993143,0.12124936248739893,,,0,0,,0
I1_incumbent_start,50.0,I1,0.7,0.725,0.025000000000000022,6.649283872285196,0.12125140563703152,,,0,0,,0
I1_incumbent_start,50.0,I1,0.725,0.75,0.025000000000000022,6.646749226871634,0.12125006104121994,,,0,0,,2
I1_incumbent_start,50.0,I1,0.75,0.775,0.025000000000000022,6.644228302817282,0.12125006103273961,,,0,0,,0
I1_incumbent_start,50.0,I1,0.775,0.8,0.025000000000000022,6.641575639127495,0.12125006107738567,,,0,0,,2
I1_incumbent_start,50.0,I1,0.8,0.825,0.02499999999999991,6.638912735288159,0.12125006099971447,,,0,0,,0
I1_incumbent_start,50.0,I1,0.825,0.85,0.025000000000000022,6.636391876623293,0.12125006098811042,,,0,0,,2
I1_incumbent_start,50.0,I1,0.85,0.875,0.025000000000000022,6.633871017715592,0.12125006095567681,,,0,0,,2
I1_incumbent_start,50.0,I1,0.875,0.9,0.025000000000000022,6.631350160942475,0.12125006089200774,,,0,0,,4
I1_incumbent_start,50.0,I1,0.9,0.925,0.025000000000000022,6.628829294936622,0.1212500607229936,,,0,0,,6
I1_incumbent_start,50.0,I1,0.925,0.95,0.02499999999999991,6.626308455255639,0.1212500605662914,,,0,0,,6
I1_incumbent_start,50.0,I1,0.95,0.975,0.025000000000000022,6.623787579486816,0.1212500599223123,,,0,0,,0
I1_incumbent_start,50.0,I1,0.975,1.0,0.025000000000000022,6.616840847475032,0.12110475404576437,,,0,0,,52
I1_incumbent_start,100.0,I1,0.0,1e-06,1e-06,0.0013293816271016112,1.900481147742994e-05,,,0,0,,2
I1_incumbent_start,100.0,I1,1e-06,1e-05,9e-06,0.014175197438135001,0.00010080340986284853,,,0,0,,2
I1_incumbent_start,100.0,I1,1e-05,0.0001,9e-05,0.13972956349357446,0.0010109826233311026,,,0,0,,6
I1_incumbent_start,100.0,I1,0.0001,0.001,0.0009,1.3923950245771266,0.010080266263843285,,,0,0,,3
I1_incumbent_start,100.0,I1,0.001,0.0025,0.0015,2.320261890319216,0.01680050669408395,,,0,0,,1
I1_incumbent_start,100.0,I1,0.0025,0.005,0.0025,3.86570518076428,0.028000803877553437,,,0,0,,0
I1_incumbent_start,100.0,I1,0.005,0.01,0.005,7.730035660782505,0.056001617602433384,L46-@15,,0,0,,146
I1_incumbent_start,100.0,I1,0.01,0.02,0.01,15.461278283771662,0.1120033357407717,L46-@14,,0,0,,0
I1_incumbent_start,100.0,I1,0.02,0.03,0.009999999999999998,15.458534237839558,0.11200339872299736,,,0,0,,0
I1_incumbent_start,100.0,I1,0.03,0.05,0.020000000000000004,30.914585503161334,0.22400749496353,,,0,0,,1
I1_incumbent_start,100.0,I1,0.05,0.075,0.024999999999999994,41.43665969497147,0.3533905515419242,,,2,0,,1
I1_incumbent_start,100.0,I1,0.075,0.1,0.02500000000000001,41.649989399537844,0.3695327621606346,,,0,0,,0
I1_incumbent_start,100.0,I1,0.1,0.125,0.024999999999999994,41.642956257242076,0.36953227985880766,,,0,0,,2
I1_incumbent_start,100.0,I1,0.125,0.15,0.024999999999999994,41.54881109195776,0.3682562037110344,,,0,0,,51
I1_incumbent_start,100.0,I1,0.15,0.175,0.024999999999999994,41.618831663624405,0.36956190094752905,,,0,0,,10
I1_incumbent_start,100.0,I1,0.175,0.2,0.025000000000000022,41.60492884610812,0.36956814440818064,,,0,0,,51
I1_incumbent_start,100.0,I1,0.2,0.225,0.024999999999999994,41.59536557106367,0.3695687012477702,,,0,0,,0
I1_incumbent_start,100.0,I1,0.225,0.25,0.024999999999999994,41.58064498368503,0.36956887700736196,,,0,0,,0
I1_incumbent_start,100.0,I1,0.25,0.275,0.025000000000000022,41.57030462223838,0.3695689554056507,,,0,0,,0
I1_incumbent_start,100.0,I1,0.275,0.3,0.024999999999999967,41.5561494903468,0.36956899703437074,,,0,0,,0
I1_incumbent_start,100.0,I1,0.3,0.325,0.025000000000000022,41.54526035764957,0.36956902179445983,,,0,0,,0
I1_incumbent_start,100.0,I1,0.325,0.35,0.024999999999999967,41.53386514478734,0.3695689289474675,,,0,4,G_N1_a:marg@11;G_N1_a:marg@16;G_N1_a:off@11;G_N1_a:off@16,22
I1_incumbent_start,100.0,I1,0.35,0.375,0.025000000000000022,41.519956016978995,0.36956912857794855,,,0,0,,0
I1_incumbent_start,100.0,I1,0.375,0.4,0.025000000000000022,41.5076815321363,0.3695691286447911,,,0,0,,0
I1_incumbent_start,100.0,I1,0.4,0.425,0.024999999999999967,41.495397798315025,0.36956912845536927,,,0,0,,0
I1_incumbent_start,100.0,I1,0.425,0.45,0.025000000000000022,41.48314174758525,0.36956912873221803,,,0,0,,2
I1_incumbent_start,100.0,I1,0.45,0.475,0.024999999999999967,41.47085801420371,0.3695691285375977,,,0,0,,4
I1_incumbent_start,100.0,I1,0.475,0.5,0.025000000000000022,41.45850868214711,0.3695691284459368,,,0,0,,11
I1_incumbent_start,100.0,I1,0.5,0.525,0.025000000000000022,41.44630010705987,0.3695691285796521,,,0,0,,3
I1_incumbent_start,100.0,I1,0.525,0.55,0.025000000000000022,41.43408925840686,0.3695691285658276,,,0,0,,82
I1_incumbent_start,100.0,I1,0.55,0.575,0.02499999999999991,41.42151344457625,0.36956912856688984,,,0,0,,2
I1_incumbent_start,100.0,I1,0.575,0.6,0.025000000000000022,41.409757213215016,0.36956912857433366,,,0,0,,2
I1_incumbent_start,100.0,I1,0.6,0.6125,0.012500000000000067,20.700077009085362,0.1847845642795809,,,0,0,,0
I1_incumbent_start,100.0,I1,0.6125,0.6156250000000001,0.0031250000000000444,5.174599621011566,0.04619614107391001,,,0,0,,0
I1_incumbent_start,100.0,I1,0.6156250000000001,0.6171875,0.0015624999999999112,2.587213373221857,0.02309807053289603,,,0,0,,0
I1_incumbent_start,100.0,I1,0.6171875,0.617578125,0.0003906249999999778,0.6467887030939892,0.005774517631315312,,,0,0,,0
I1_incumbent_start,100.0,I1,0.617578125,0.6177734374999999,0.0001953124999999334,0.3233895463135923,0.002887258820833516,,,0,0,,0
I1_incumbent_start,100.0,I1,0.6177734374999999,0.6178222656249999,4.882812499995559e-05,0.08084850707564328,0.0007218147020777721,,,0,0,,0
I1_incumbent_start,100.0,I1,0.6178222656249999,0.6178466796875,2.4414062500088818e-05,0.04020009258374557,0.0003609073523671569,,,0,0,,2
I1_incumbent_start,100.0,I1,0.6178466796875,0.617852783203125,6.1035156250222045e-06,0.010351992596952186,9.022683750536942e-05,,,0,0,,2
I1_incumbent_start,100.0,I1,0.617852783203125,0.617853546142578,7.629394530583866e-07,0.001263273651147756,1.127835825265322e-05,,,0,0,,0
I1_incumbent_start,100.0,I1,0.617853546142578,0.6178539276123046,3.8146972658470446e-07,0.0006316365806924296,5.639179296856867e-06,,,0,0,,0
I1_incumbent_start,100.0,I1,0.6178539276123046,0.6178539395332336,1.1920929021691506e-08,1.9738671653612982e-05,1.7621848158455578e-07,,,0,0,,0
I1_incumbent_start,100.0,I1,0.6178539395332336,0.6178539454936981,5.960464455334602e-09,9.869269888440613e-06,8.811221885451914e-08,,,0,0,,0
I1_incumbent_start,100.0,I1,0.6178539454936981,0.6178539469838142,1.4901161415892261e-09,2.4673090592841618e-06,2.2037497160454222e-08,,,0,0,,0
I1_incumbent_start,100.0,I1,0.6178539469838142,0.6178539484739303,1.4901160305669237e-09,-0.0010341608513044775,9.083162288092694e-05,,,0,4,G_N1_a:marg@11;G_N1_a:marg@16;G_N1_a:off@11;G_N1_a:off@16,6
I1_incumbent_start,100.0,I1,0.6178539484739303,0.6178539514541626,2.9802322831784522e-09,4.970935151504818e-06,4.40551142233403e-08,,,0,0,,0
I1_incumbent_start,100.0,I1,0.6178539514541626,0.6178539752960204,2.3841857821338408e-08,3.9481170460931025e-05,3.524483798145184e-07,,,0,0,,0
I1_incumbent_start,100.0,I1,0.6178539752960204,0.6178540229797362,4.768371586472142e-08,7.903908044681884e-05,7.048995573910588e-07,,,0,0,,0
I1_incumbent_start,100.0,I1,0.6178540229797362,0.617854118347168,9.536743172944284e-08,0.00015805187103978824,1.4097931799739172e-06,,,0,0,,0
I1_incumbent_start,100.0,I1,0.617854118347168,0.6178543090820312,1.9073486323684108e-07,0.00031609085090167355,2.8195904553385276e-06,,,0,0,,0
I1_incumbent_start,100.0,I1,0.6178543090820312,0.6178558349609375,1.5258789063388178e-06,0.0025288467413702165,2.255670815287658e-05,,,0,0,,0
I1_incumbent_start,100.0,I1,0.6178558349609375,0.61785888671875,3.051757812455591e-06,0.005057683682935021,4.511342550905795e-05,,,0,0,,0
I1_incumbent_start,100.0,I1,0.61785888671875,0.6178710937499999,1.2207031249933387e-05,0.020230759466357995,0.00018045367116137356,,,0,0,,2
I1_incumbent_start,100.0,I1,0.6178710937499999,0.61796875,9.76562500000222e-05,0.1617544607001946,0.0014436294069257727,,,0,0,,6
I1_incumbent_start,100.0,I1,0.61796875,0.61875,0.0007812500000000666,1.2926201164864324,0.011549035267877095,,,0,0,,10
I1_incumbent_start,100.0,I1,0.61875,0.625,0.006249999999999978,10.349235953783591,0.09239228214626127,,,0,0,,0
I1_incumbent_start,100.0,I1,0.625,0.65,0.025000000000000022,41.38547300362097,0.3695691285555318,,,0,4,G_N1_a:marg@11;G_N1_a:marg@16;G_N1_a:off@11;G_N1_a:off@16,6
I1_incumbent_start,100.0,I1,0.65,0.675,0.025000000000000022,41.372747815684306,0.3695691285567362,,,0,0,,0
I1_incumbent_start,100.0,I1,0.675,0.7,0.02499999999999991,41.36046729490954,0.3695691285528673,,,0,0,,8
I1_incumbent_start,100.0,I1,0.7,0.725,0.025000000000000022,41.34819480586884,0.3695691285431968,,,0,0,,26
I1_incumbent_start,100.0,I1,0.725,0.75,0.025000000000000022,41.33588172188911,0.36956912853661894,,,0,0,,24
I1_incumbent_start,100.0,I1,0.75,0.775,0.025000000000000022,41.32183491415071,0.36956911550887694,,,0,4,G_N1_a:marg@11;G_N1_a:marg@16;G_N1_a:off@11;G_N1_a:off@16,22
I1_incumbent_start,100.0,I1,0.775,0.7750007629394531,7.629394530583866e-07,0.0019295539805170847,5.8593127473471895e-05,,,0,0,,9
I1_incumbent_start,100.0,I1,0.7750007629394531,0.7750007644295692,1.4901161415892261e-09,0.001023207113121316,8.946768539530581e-05,,,0,4,G_N1_a:marg@11;G_N1_a:marg@16;G_N1_a:off@11;G_N1_a:off@16,2
I1_incumbent_start,100.0,I1,0.7750007644295692,0.7750007659196854,1.4901161415892261e-09,4.179051211394835e-05,3.4460151283610685e-06,,,0,0,,11
I1_incumbent_start,100.0,I1,0.7750007659196854,0.7750007688999175,2.9802321721561498e-09,5.461881301016547e-06,4.697656663665839e-08,,,0,0,,0
I1_incumbent_start,100.0,I1,0.7750007688999175,0.775000774860382,5.960464455334602e-09,9.883712664304767e-06,8.811486873483432e-08,,,0,0,,0
I1_incumbent_start,100.0,I1,0.775000774860382,0.775000786781311,1.1920929021691506e-08,1.969907316379249e-05,1.7622210179979447e-07,,,0,0,,0
I1_incumbent_start,100.0,I1,0.775000786781311,0.775000810623169,2.384185793236071e-08,-1.1764468581532128e-06,3.5557478881287352e-06,,,0,0,,11
I1_incumbent_start,100.0,I1,0.775000810623169,0.7750008583068847,4.768371575369912e-08,0.00011879094063260709,3.5034088661234364e-06,,,0,0,,11
I1_incumbent_start,100.0,I1,0.7750008583068847,0.7750009536743163,9.536743161842054e-08,0.00015888790721874102,1.409795509665912e-06,,,0,0,,0
I1_incumbent_start,100.0,I1,0.7750009536743163,0.7750011444091797,1.9073486334786338e-07,0.00031519906951871235,2.8195864594238174e-06,,,0,0,,0
I1_incumbent_start,100.0,I1,0.7750011444091797,0.7750015258789062,3.8146972658470446e-07,0.0006300381110122544,5.63917420270954e-06,,,0,0,,0
I1_incumbent_start,100.0,I1,0.7750015258789062,0.7750030517578126,1.5258789063388178e-06,0.0024426270174444653,2.2556704699638885e-05,,,0,0,,17
I1_incumbent_start,100.0,I1,0.7750030517578126,0.775006103515625,3.051757812455591e-06,0.005123261077642383,4.511342604862634e-05,,,0,0,,17
I1_incumbent_start,100.0,I1,0.775006103515625,0.77501220703125,6.103515624911182e-06,0.010087253996061918,9.022684066195552e-05,,,0,0,,0
I1_incumbent_start,100.0,I1,0.77501220703125,0.7750244140625,1.2207031250044409e-05,0.02017451334177167,0.00018045367226404707,,,0,0,,0
I1_incumbent_start,100.0,I1,0.7750244140625,0.7750488281250001,2.4414062500088818e-05,0.04034905104253994,0.0003609073543371366,,,0,0,,0
I1_incumbent_start,100.0,I1,0.7750488281250001,0.77509765625,4.882812499995559e-05,0.08069794118500795,0.0007218147061949232,,,0,0,,0
I1_incumbent_start,100.0,I1,0.77509765625,0.7751953125,9.765624999991118e-05,0.16139595190952605,0.001443629405648128,,,0,0,,0
I1_incumbent_start,100.0,I1,0.7751953125,0.775390625,0.0001953125000000444,0.3227910377372609,0.002887258819520344,,,0,0,,0
I1_incumbent_start,100.0,I1,0.775390625,0.7757812500000001,0.0003906250000000888,0.6455790724044164,0.005774517627571196,,,0,0,,0
I1_incumbent_start,100.0,I1,0.7757812500000001,0.7765625,0.0007812499999999556,1.2911509220516564,0.011549035265710828,,,0,0,,0
I1_incumbent_start,100.0,I1,0.7765625,0.778125,0.0015624999999999112,2.582269295004153,0.02309806927265301,,,0,0,,0
I1_incumbent_start,100.0,I1,0.778125,0.78125,0.0031250000000000444,5.164388081745074,0.046196142322209255,,,0,0,,9
I1_incumbent_start,100.0,I1,0.78125,0.7875000000000001,0.006250000000000089,10.328208786143477,0.09239228212591,,,0,0,,9
I1_incumbent_start,100.0,I1,0.7875000000000001,0.8,0.012499999999999956,20.654194599200764,0.18478504764258563,,,0,0,,2
I1_incumbent_start,100.0,I1,0.8,0.8125,0.012499999999999956,20.651129238588055,0.18478506650212312,,,0,0,,1
I1_incumbent_start,100.0,I1,0.8125,0.81875,0.006249999999999978,10.324414405457901,0.09239253324871788,,,0,0,,1
I1_incumbent_start,100.0,I1,0.81875,0.8218749999999999,0.0031249999999999334,5.1618954158916495,0.04619626661750198,,,0,0,,17
I1_incumbent_start,100.0,I1,0.8218749999999999,0.8234374999999999,0.0015625000000000222,2.580911549837765,0.023098133327323467,,,0,0,,16
I1_incumbent_start,100.0,I1,0.8234374999999999,0.8238281249999999,0.0003906249999999778,0.6452145300081611,0.005774533312146168,,,0,0,,1
I1_incumbent_start,100.0,I1,0.8238281249999999,0.8239257812499999,9.76562500000222e-05,0.16130313501298588,0.0014436333325900108,,,0,0,,0
I1_incumbent_start,100.0,I1,0.8239257812499999,0.823974609375,4.882812500006661e-05,0.08065134657181261,0.0007218166693676586,,,0,0,,1
I1_incumbent_start,100.0,I1,0.823974609375,0.8239990234375,2.4414062499977796e-05,0.0403258778151212,0.00036090833198931804,,,0,0,,1
I1_incumbent_start,100.0,I1,0.8239990234375,0.8240020751953125,3.0517578125666134e-06,0.005040723475758568,4.5113539180796636e-05,,,0,0,,0
I1_incumbent_start,100.0,I1,0.8240020751953125,0.8240036010742188,1.5258789062277955e-06,0.002520322773307271,2.2556773762616444e-05,,,0,0,,0
I1_incumbent_start,100.0,I1,0.8240036010742188,0.8240043640136718,7.629394530583866e-07,0.0012602150763996178,1.1278386911950378e-05,,,0,0,,0
I1_incumbent_start,100.0,I1,0.8240043640136718,0.8240047454833984,3.8146972658470446e-07,0.0006300891145656351,5.639189691208912e-06,,,0,0,,0
I1_incumbent_start,100.0,I1,0.8240047454833984,0.8240049362182618,1.9073486334786338e-07,0.00031504500338996877,2.8195975319000866e-06,,,0,0,,0
I1_incumbent_start,100.0,I1,0.8240049362182618,0.8240050315856934,9.536743161842054e-08,0.00015752207173136412,1.4097975631344184e-06,,,0,0,,0
I1_incumbent_start,100.0,I1,0.8240050315856934,0.8240050792694091,4.768371575369912e-08,7.876157496866654e-05,7.048979795420962e-07,,,0,0,,0
I1_incumbent_start,100.0,I1,0.8240050792694091,0.8240051031112671,2.384185793236071e-08,3.9380254293064354e-05,3.524477176775065e-07,,,0,0,,0
I1_incumbent_start,100.0,I1,0.8240051031112671,0.8240051150321961,1.1920929021691506e-08,1.9690374756464735e-05,1.7623197834382154e-07,,,0,0,,0
I1_incumbent_start,100.0,I1,0.8240051150321961,0.8240051209926605,5.960464455334602e-09,9.845216482062824e-06,8.81086825721411e-08,,,0,0,,0
I1_incumbent_start,100.0,I1,0.8240051209926605,0.8240051239728927,2.9802321721561498e-09,4.922347670799354e-06,4.405430109599706e-08,,,0,0,,0
I1_incumbent_start,100.0,I1,0.8240051239728927,0.8240051254630089,1.4901161415892261e-09,2.4615314941911492e-06,2.2029707835713452e-08,,,0,0,,0
I1_incumbent_start,100.0,I1,0.8240051254630089,0.824005126953125,1.4901161415892261e-09,-0.0009080868649107288,8.439356926714936e-05,,,0,4,G_N1_a:marg@11;G_N1_a:marg@16;G_N1_a:off@11;G_N1_a:off@16,0
I1_incumbent_start,100.0,I1,0.824005126953125,0.8240112304687499,6.103515624911182e-06,0.00920450273588358,9.237681312024293e-05,,,0,0,,8
I1_incumbent_start,100.0,I1,0.8240112304687499,0.8240234375,1.2207031250044409e-05,0.02016272931405183,0.0001804541704180096,,,0,0,,0
I1_incumbent_start,100.0,I1,0.8240234375,0.82421875,0.0001953125000000444,0.32260332182477214,0.0028872666628454446,,,0,0,,0
I1_incumbent_start,100.0,I1,0.82421875,0.825,0.0007812499999999556,1.2904028899151854,0.011549066653377515,,,0,0,,0
I1_incumbent_start,100.0,I1,0.825,0.85,0.025000000000000022,41.28601466107875,0.36957013288476137,,,0,0,,2
I1_incumbent_start,100.0,I1,0.85,0.875,0.025000000000000022,41.274769950268364,0.3695701327682004,,,0,0,,2
I1_incumbent_start,100.0,I1,0.875,0.88125,0.006249999999999978,10.317288041876509,0.09239253319432605,,,0,0,,2
I1_incumbent_start,100.0,I1,0.88125,0.8843749999999999,0.0031249999999999334,5.158424105165977,0.046196266607743564,,,0,0,,2
I1_incumbent_start,100.0,I1,0.8843749999999999,0.8851562499999999,0.0007812499999999556,1.289558537638186,0.011549066643904204,,,0,0,,4
I1_incumbent_start,100.0,I1,0.8851562499999999,0.885546875,0.0003906250000000888,0.6447733820041321,0.005774533331540432,,,0,0,,0
I1_incumbent_start,100.0,I1,0.885546875,0.8857421875,0.0001953125000000444,0.32238370360119006,0.0028872666578056982,,,0,0,,0
I1_incumbent_start,100.0,I1,0.8857421875,0.8858398437499999,9.765624999991118e-05,0.1611914473660363,0.0014436333315146488,,,0,0,,0
I1_incumbent_start,100.0,I1,0.8858398437499999,0.8858886718749999,4.882812499995559e-05,0.08059567396549028,0.0007218166659355152,,,0,0,,0
I1_incumbent_start,100.0,I1,0.8858886718749999,0.8858917236328123,3.051757812455591e-06,0.005037228535456961,4.5113540055430335e-05,,,0,0,,0
I1_incumbent_start,100.0,I1,0.8858917236328123,0.8858932495117187,1.5258789063388178e-06,0.0025186363691318547,2.255677002205303e-05,,,0,0,,0
I1_incumbent_start,100.0,I1,0.8858932495117187,0.8858936309814452,3.8146972658470446e-07,0.0006296538008427888,5.6391965512769815e-06,,,0,0,,0
I1_incumbent_start,100.0,I1,0.8858936309814452,0.885893678665161,4.768371575369912e-08,7.86779378358915e-05,7.048996402136964e-07,,,0,0,,0
I1_incumbent_start,100.0,I1,0.885893678665161,0.8858937025070189,2.384185793236071e-08,3.938180179829942e-05,3.5245069529565853e-07,,,0,0,,0
I1_incumbent_start,100.0,I1,0.8858937025070189,0.8858937084674834,5.960464455334602e-09,9.838574442255776e-06,8.811188134671966e-08,,,0,0,,0
I1_incumbent_start,100.0,I1,0.8858937084674834,0.8858937114477157,2.9802322831784522e-09,4.8997358135238755e-06,4.405240261462495e-08,,,0,0,,0
I1_incumbent_start,100.0,I1,0.8858937114477157,0.8858937129378318,1.4901161415892261e-09,2.4570522327849176e-06,2.2031890534179865e-08,,,0,0,,0
I1_incumbent_start,100.0,I1,0.8858937129378318,0.885893714427948,1.4901161415892261e-09,0.001563397871905181,0.00013677314385773798,,,0,4,G_N1_a:marg@11;G_N1_a:marg@16;G_N1_a:off@11;G_N1_a:off@16,8
I1_incumbent_start,100.0,I1,0.885893714427948,0.8858937263488769,1.1920928910669204e-08,1.9675790099427104e-05,1.7621915193721804e-07,,,0,0,,0
I1_incumbent_start,100.0,I1,0.8858937263488769,0.8858938217163086,9.536743172944284e-08,0.0001574072239236557,1.409803763730011e-06,,,0,0,,0
I1_incumbent_start,100.0,I1,0.8858938217163086,0.8858940124511718,1.9073486323684108e-07,0.00031485338377024163,2.819592779701452e-06,,,0,0,,0
I1_incumbent_start,100.0,I1,0.8858940124511718,0.8858947753906249,7.629394530583866e-07,0.001259239691989933,1.1278386135904483e-05,,,0,0,,0
I1_incumbent_start,100.0,I1,0.8858947753906249,0.8859008789062499,6.1035156250222045e-06,0.01007399195623293,9.022708704553573e-05,,,0,0,,0
I1_incumbent_start,100.0,I1,0.8859008789062499,0.8859130859375,1.2207031250044409e-05,0.02014804759710387,0.00018045416605394493,,,0,0,,0
I1_incumbent_start,100.0,I1,0.8859130859375,0.8859374999999999,2.4414062499977796e-05,0.04029601167894725,0.0003609083293976134,,,0,0,,0
I1_incumbent_start,100.0,I1,0.8859374999999999,0.8875,0.0015625000000000222,2.578921882199211,0.023098133296407086,,,0,0,,0
I1_incumbent_start,100.0,I1,0.8875,0.9,0.012500000000000067,20.629649701669223,0.18478506989811527,,,0,0,,2
I1_incumbent_start,100.0,I1,0.9,0.925,0.025000000000000022,41.25005765169135,0.36957007642308604,,,0,0,,10
I1_incumbent_start,100.0,I1,0.925,0.95,0.02499999999999991,41.23785024980498,0.36957018121890595,,,0,0,,10
I1_incumbent_start,100.0,I1,0.95,0.975,0.025000000000000022,41.23426489464873,0.36928541483140837,,,0,0,,28
I1_incumbent_start,100.0,I1,0.975,1.0,0.025000000000000022,41.25119726637331,0.3684094055397996,,,0,0,,52
I1_selected_replace_N6_10mw_4h,25.0,I1,0.0,1e-06,1e-06,0.00012779993585354532,2.4249524734898387e-06,,,0,0,,0
I1_selected_replace_N6_10mw_4h,25.0,I1,1e-06,1e-05,9e-06,0.001150195053924108,2.1824475499698792e-05,,,0,0,,0
I1_selected_replace_N6_10mw_4h,25.0,I1,1e-05,0.0001,9e-05,0.011501941325150256,0.0002182447437952817,,,0,0,,0
I1_selected_replace_N6_10mw_4h,25.0,I1,0.0001,0.001,0.0009,0.11501851536922914,0.002182447448944913,,,0,0,,0
I1_selected_replace_N6_10mw_4h,25.0,I1,0.001,0.0025,0.0015,0.19169389570834028,0.0036374124120701623,,,0,0,,0
I1_selected_replace_N6_10mw_4h,25.0,I1,0.0025,0.005,0.0025,0.3194797429450773,0.006062354017981164,,,0,0,,0
I1_selected_replace_N6_10mw_4h,25.0,I1,0.005,0.01,0.005,0.6389218809999875,0.012124712083956268,,,0,0,,0
I1_selected_replace_N6_10mw_4h,25.0,I1,0.01,0.02,0.01,1.2776921056156425,0.024249418860868843,,,0,0,,146
I1_selected_replace_N6_10mw_4h,25.0,I1,0.02,0.03,0.009999999999999998,1.277490061233948,0.024249401679277582,,,0,0,,0
I1_selected_replace_N6_10mw_4h,25.0,I1,0.03,0.05,0.020000000000000004,2.55437536057525,0.04849880857601008,,,0,0,,0
I1_selected_replace_N6_10mw_4h,25.0,I1,0.05,0.075,0.024999999999999994,3.191835170617196,0.06062351699872259,,,0,0,,0
I1_selected_replace_N6_10mw_4h,25.0,I1,0.075,0.1,0.02500000000000001,3.1905749838983866,0.06062352108993885,,,0,0,,0
I1_selected_replace_N6_10mw_4h,25.0,I1,0.1,0.125,0.024999999999999994,3.189314719078993,0.060623523408454005,,,0,0,,0
I1_selected_replace_N6_10mw_4h,25.0,I1,0.125,0.15,0.024999999999999994,3.1880544203122554,0.06062352486322986,,,0,0,,0
I1_selected_replace_N6_10mw_4h,25.0,I1,0.15,0.175,0.024999999999999994,3.186794067806659,0.06062352548289418,,,0,0,,0
I1_selected_replace_N6_10mw_4h,25.0,I1,0.175,0.2,0.025000000000000022,3.185533727496477,0.060623525549608814,,,0,0,,0
I1_selected_replace_N6_10mw_4h,25.0,I1,0.2,0.225,0.024999999999999994,3.1842733672360737,0.060623525330052885,,,0,0,,0
I1_selected_replace_N6_10mw_4h,25.0,I1,0.225,0.25,0.024999999999999994,3.1830130101543546,0.06062352523927217,,,0,0,,0
I1_selected_replace_N6_10mw_4h,25.0,I1,0.25,0.275,0.025000000000000022,3.181752653698368,0.060623524738508294,,,0,0,,0
I1_selected_replace_N6_10mw_4h,25.0,I1,0.275,0.3,0.024999999999999967,3.1804922692199398,0.06062352413487382,,,0,0,,0
I1_selected_replace_N6_10mw_4h,25.0,I1,0.3,0.325,0.025000000000000022,3.179231911066836,0.060623523004522895,,,0,0,,0
I1_selected_replace_N6_10mw_4h,25.0,I1,0.325,0.35,0.024999999999999967,3.177971542087562,0.060623521829345606,,,0,0,,0
I1_selected_replace_N6_10mw_4h,25.0,I1,0.35,0.375,0.025000000000000022,3.1767111871877205,0.060623520878571924,,,0,0,,0
I1_selected_replace_N6_10mw_4h,25.0,I1,0.375,0.4,0.025000000000000022,3.175450822660423,0.06062351932823873,,,0,0,,0
I1_selected_replace_N6_10mw_4h,25.0,I1,0.4,0.425,0.024999999999999967,3.174190462559636,0.06062351770356145,,,0,0,,2
I1_selected_replace_N6_10mw_4h,25.0,I1,0.425,0.45,0.025000000000000022,3.1729301106215644,0.06062351585241288,,,0,0,,2
I1_selected_replace_N6_10mw_4h,25.0,I1,0.45,0.475,0.024999999999999967,3.1716697568817835,0.060623513681644425,,,0,0,,2
I1_selected_replace_N6_10mw_4h,25.0,I1,0.475,0.5,0.025000000000000022,3.170409420170472,0.060623511211193915,,,0,0,,0
I1_selected_replace_N6_10mw_4h,25.0,I1,0.5,0.525,0.025000000000000022,3.169149071120046,0.060623508272421134,,,0,0,,0
I1_selected_replace_N6_10mw_4h,25.0,I1,0.525,0.55,0.025000000000000022,3.167888752566796,0.06062350493456137,,,0,0,,0
I1_selected_replace_N6_10mw_4h,25.0,I1,0.55,0.575,0.02499999999999991,3.166628430652054,0.06062350093689517,,,0,0,,0
I1_selected_replace_N6_10mw_4h,25.0,I1,0.575,0.6,0.025000000000000022,3.1653681273091934,0.06062349626632901,,,0,0,,2
I1_selected_replace_N6_10mw_4h,25.0,I1,0.6,0.625,0.025000000000000022,3.1641078495276815,0.0606234906929668,,,0,0,,0
I1_selected_replace_N6_10mw_4h,25.0,I1,0.625,0.65,0.025000000000000022,3.162857344931126,0.060624387684447,,,0,0,,65
I1_selected_replace_N6_10mw_4h,25.0,I1,0.65,0.675,0.025000000000000022,3.161577567097538,0.06062266142483175,,,0,0,,50
I1_selected_replace_N6_10mw_4h,25.0,I1,0.675,0.7,0.02499999999999991,3.160327137227341,0.0606234647932169,,,0,0,,0
I1_selected_replace_N6_10mw_4h,25.0,I1,0.7,0.725,0.025000000000000022,3.159066997716309,0.06062345172757588,,,0,0,,1
I1_selected_replace_N6_10mw_4h,25.0,I1,0.725,0.75,0.025000000000000022,3.157806919120503,0.06062343414735416,,,0,0,,0
I1_selected_replace_N6_10mw_4h,25.0,I1,0.75,0.775,0.025000000000000022,3.1565469736337946,0.060623409854565935,,,0,0,,0
I1_selected_replace_N6_10mw_4h,25.0,I1,0.775,0.8,0.025000000000000022,3.15528734153213,0.06062336814380842,,,0,0,,0
I1_selected_replace_N6_10mw_4h,25.0,I1,0.8,0.825,0.02499999999999991,3.154033876082849,0.06062298533457877,,,0,0,,2
I1_selected_replace_N6_10mw_4h,25.0,I1,0.825,0.85,0.025000000000000022,3.152774950367075,0.06062466502584751,,,0,0,,44
I1_selected_replace_N6_10mw_4h,25.0,I1,0.85,0.875,0.025000000000000022,3.1515170772627243,0.060622808750443014,,,0,0,,4
I1_selected_replace_N6_10mw_4h,25.0,I1,0.875,0.9,0.025000000000000022,3.1502567078705397,0.060622808693048036,,,0,0,,2
I1_selected_replace_N6_10mw_4h,25.0,I1,0.9,0.925,0.025000000000000022,3.148996337537028,0.060622808648092885,,,0,0,,5
I1_selected_replace_N6_10mw_4h,25.0,I1,0.925,0.95,0.02499999999999991,3.147735972717328,0.06062280830900679,,,0,0,,0
I1_selected_replace_N6_10mw_4h,25.0,I1,0.95,0.975,0.025000000000000022,3.1463690165396656,0.06062280773427631,,,0,0,,38
I1_selected_replace_N6_10mw_4h,25.0,I1,0.975,1.0,0.025000000000000022,3.1447250044084285,0.060606425214674964,,,0,0,,143
I1_selected_replace_N6_10mw_4h,50.0,I1,0.0,1e-06,1e-06,0.0007643219587407657,5.606218645981542e-06,,,0,0,,0
I1_selected_replace_N6_10mw_4h,50.0,I1,1e-06,1e-05,9e-06,0.006878917523408745,5.045601346354012e-05,,,0,0,,14
I1_selected_replace_N6_10mw_4h,50.0,I1,1e-05,0.0001,9e-05,0.06878893547582265,0.0005045595917418932,,,0,0,,0
I1_selected_replace_N6_10mw_4h,50.0,I1,0.0001,0.001,0.0009,0.6878862733801725,0.005045595905706524,,,0,0,,0
I1_selected_replace_N6_10mw_4h,50.0,I1,0.001,0.0025,0.0015,1.1464646713011462,0.00840932650565196,,,0,0,,0
I1_selected_replace_N6_10mw_4h,50.0,I1,0.0025,0.005,0.0025,1.9107398658788952,0.014015544175946637,,,0,0,,0
I1_selected_replace_N6_10mw_4h,50.0,I1,0.005,0.01,0.005,3.8213083680439013,0.028030918490633994,,,0,0,,8
I1_selected_replace_N6_10mw_4h,50.0,I1,0.01,0.02,0.01,7.642107126053361,0.05606169069552358,,,0,0,,146
I1_selected_replace_N6_10mw_4h,50.0,I1,0.02,0.025,0.005000000000000001,3.8206332099721294,0.02802978616908325,,,0,0,,0
I1_selected_replace_N6_10mw_4h,50.0,I1,0.025,0.0275,0.0024999999999999988,1.909472942098546,0.0140097676802724,,,0,0,,0
I1_selected_replace_N6_10mw_4h,50.0,I1,0.0275,0.027812499999999997,0.0003124999999999968,0.2382011283561951,0.0017480623853443067,,,0,0,,0
I1_selected_replace_N6_10mw_4h,50.0,I1,0.027812499999999997,0.027968749999999997,0.00015625000000000014,0.11881788343907829,0.0008721725299449812,,,0,0,,0
I1_selected_replace_N6_10mw_4h,50.0,I1,0.027968749999999997,0.027988281249999997,1.9531249999999584e-05,0.0148253183469933,0.00010884450482651076,,,0,0,,0
I1_selected_replace_N6_10mw_4h,50.0,I1,0.027988281249999997,0.027998046874999998,9.765625000001527e-06,0.007409521666886576,5.44016067345332e-05,,,0,0,,0
I1_selected_replace_N6_10mw_4h,50.0,I1,0.027998046874999998,0.028002929687499997,4.8828124999990286e-06,0.0037039163726149127,2.719526008365669e-05,,,0,0,,0
I1_selected_replace_N6_10mw_4h,50.0,I1,0.028002929687499997,0.02800537109375,2.441406250001249e-06,0.0018517423568482627,1.3596194322840205e-05,,,0,0,,0
I1_selected_replace_N6_10mw_4h,50.0,I1,0.02800537109375,0.028006591796875,1.2207031250023592e-06,0.000925814466427255,6.79772978262605e-06,,,0,0,,0
I1_selected_replace_N6_10mw_4h,50.0,I1,0.028006591796875,0.02800689697265625,3.0517578124972244e-07,0.00023144789975049207,1.6993952374200205e-06,,,0,0,,0
I1_selected_replace_N6_10mw_4h,50.0,I1,0.02800689697265625,0.028006973266601565,7.629394531416533e-08,5.7861647292156704e-05,4.2484567197575984e-07,,,0,0,,0
I1_selected_replace_N6_10mw_4h,50.0,I1,0.028006973266601565,0.028007011413574222,3.814697265708267e-08,2.8930644475622103e-05,2.1242245873409615e-07,,,0,2,RES_PV_N8:cap@14;RES_PV_N8:marg@14,0
I1_selected_replace_N6_10mw_4h,50.0,I1,0.028007011413574222,0.02800701379776001,2.384185789766624e-09,1.807876287784893e-06,1.3275529120448937e-08,,,0,0,,0
I1_selected_replace_N6_10mw_4h,50.0,I1,0.02800701379776001,0.028007014989852905,1.1920928931485886e-09,9.02762621990405e-07,6.638680938308994e-09,,,0,0,,0
I1_selected_replace_N6_10mw_4h,50.0,I1,0.028007014989852905,0.028007015585899353,5.960464483090178e-10,4.535859261523001e-07,3.3195766135918348e-09,,,0,0,,0
I1_selected_replace_N6_10mw_4h,50.0,I1,0.028007015585899353,0.0280070161819458,5.960464483090178e-10,4.5046272134641185e-07,3.319261976386656e-09,,,0,2,RES_PV_N8:cap@15;RES_PV_N8:marg@15,0
I1_selected_replace_N6_10mw_4h,50.0,I1,0.0280070161819458,0.028007020950317384,4.768371583002695e-09,3.6180990719003603e-06,2.65551891587279e-08,,,0,0,,0
I1_selected_replace_N6_10mw_4h,50.0,I1,0.028007020950317384,0.028007030487060547,9.536743162535943e-09,7.226688467198983e-06,5.3104894481847964e-08,,,0,0,,0
I1_selected_replace_N6_10mw_4h,50.0,I1,0.028007030487060547,0.028007049560546875,1.9073486328541334e-08,1.4465353615378262e-05,1.0621040025249329e-07,,,0,0,,0
I1_selected_replace_N6_10mw_4h,50.0,I1,0.028007049560546875,0.0280072021484375,1.5258789062486122e-07,0.00011572833864192944,8.496876149344246e-07,,,0,0,,0
I1_selected_replace_N6_10mw_4h,50.0,I1,0.0280072021484375,0.0280078125,6.103515624994449e-07,0.00046288371913760784,3.3987098209120603e-06,,,0,0,,0
I1_selected_replace_N6_10mw_4h,50.0,I1,0.0280078125,0.028046875,3.906249999999917e-05,0.02960310784919784,0.00021737630302398614,,,0,0,,0
I1_selected_replace_N6_10mw_4h,50.0,I1,0.028046875,0.028124999999999997,7.812499999999833e-05,0.05903565008156875,0.00043363031691767695,,,0,0,,0
I1_selected_replace_N6_10mw_4h,50.0,I1,0.028124999999999997,0.028749999999999998,0.0006250000000000006,0.24237214788490746,0.0019559845590499947,,,0,0,,0
I1_selected_replace_N6_10mw_4h,50.0,I1,0.028749999999999998,0.03,0.0012500000000000011,-0.024551351162699575,0.0013229786294282064,,,0,0,,0
I1_selected_replace_N6_10mw_4h,50.0,I1,0.03,0.05,0.020000000000000004,-0.4410984936657769,0.02109265955830608,,,0,0,,0
I1_selected_replace_N6_10mw_4h,50.0,I1,0.05,0.075,0.024999999999999994,-0.5522143206726469,0.026365854126137123,,,0,0,,0
I1_selected_replace_N6_10mw_4h,50.0,I1,0.075,0.1,0.02500000000000001,-0.30821209153782547,0.033182974131431564,,,0,0,,24
I1_selected_replace_N6_10mw_4h,50.0,I1,0.1,0.125,0.024999999999999994,1.5691879916730613,0.08562734222718404,,,0,0,,1
I1_selected_replace_N6_10mw_4h,50.0,I1,0.125,0.13125,0.0062500000000000056,0.39286317565120044,0.02142481656778017,,,0,0,,0
I1_selected_replace_N6_10mw_4h,50.0,I1,0.13125,0.1328125,0.0015624999999999944,0.09821472541989351,0.0053563039905171195,,,0,0,,0
I1_selected_replace_N6_10mw_4h,50.0,I1,0.1328125,0.133203125,0.00039062500000000555,0.02455768187337526,0.0013391954785788585,,,0,0,,0
I1_selected_replace_N6_10mw_4h,50.0,I1,0.133203125,0.133251953125,4.882812499998335e-05,0.003065090094878542,0.00016727051269427307,,,0,0,,0
I1_selected_replace_N6_10mw_4h,50.0,I1,0.133251953125,0.1332763671875,2.441406250000555e-05,0.001534599766273459,8.369276243413992e-05,,,0,0,,0
I1_selected_replace_N6_10mw_4h,50.0,I1,0.1332763671875,0.13328857421875,1.2207031250016653e-05,0.0007673018890272942,4.184638022408649e-05,,,0,0,,0
I1_selected_replace_N6_10mw_4h,50.0,I1,0.13328857421875,0.133294677734375,6.103515624994449e-06,0.000383649084596982,2.0923199397060444e-05,,,0,0,,0
I1_selected_replace_N6_10mw_4h,50.0,I1,0.133294677734375,0.1332977294921875,3.0517578124833467e-06,0.0001918265625135973,1.0461600133737647e-05,,,0,0,,0
I1_selected_replace_N6_10mw_4h,50.0,I1,0.1332977294921875,0.1332984924316406,7.629394531138978e-07,4.8051522753667086e-05,2.615284898865866e-06,,,0,0,,0
I1_selected_replace_N6_10mw_4h,50.0,I1,0.1332984924316406,0.1332986831665039,1.9073486329235223e-07,1.1893961982423207e-05,6.539648715886415e-07,,,0,0,,0
I1_selected_replace_N6_10mw_4h,50.0,I1,0.1332986831665039,0.13329877853393554,9.536743164617612e-08,6.089642738515977e-06,3.2680999950684964e-07,,,0,0,,0
I1_selected_replace_N6_10mw_4h,50.0,I1,0.13329877853393554,0.13329880237579345,2.3841857904605135e-08,1.4034803825779818e-06,8.184953870227218e-08,,,0,0,,0
I1_selected_replace_N6_10mw_4h,50.0,I1,0.13329880237579345,0.1332988142967224,1.1920928966180355e-08,7.494600140489638e-07,4.086406235614959e-08,,,0,0,,0
I1_selected_replace_N6_10mw_4h,50.0,I1,0.1332988142967224,0.13329881727695464,2.980232227667301e-09,2.463948476361111e-07,1.0135927652754617e-08,,,0,0,,0
I1_selected_replace_N6_10mw_4h,50.0,I1,0.13329881727695464,0.13329881876707078,1.4901161415892261e-09,1.2960117601323873e-07,5.072955389096023e-09,,,0,0,,0
I1_selected_replace_N6_10mw_4h,50.0,I1,0.13329881876707078,0.1332988202571869,1.4901161138336505e-09,-4.329194780439138e-09,5.224443100360077e-09,L46-@15,,0,0,,0
I1_selected_replace_N6_10mw_4h,50.0,I1,0.1332988202571869,0.13329882621765138,5.960464483090178e-09,3.8033840610296465e-07,2.0429666847121553e-08,,,0,0,,0
I1_selected_replace_N6_10mw_4h,50.0,I1,0.13329882621765138,0.1332988739013672,4.768371580921027e-08,2.9930010896350723e-06,1.6346606912520656e-07,,,0,0,,0
I1_selected_replace_N6_10mw_4h,50.0,I1,0.1332988739013672,0.13329925537109374,3.814697265569489e-07,2.3978132048796397e-05,1.307701758435087e-06,,,0,0,,0
I1_selected_replace_N6_10mw_4h,50.0,I1,0.13329925537109374,0.13330078125,1.5258789062555511e-06,9.591271373210475e-05,5.230803605371648e-06,,,0,0,,0
I1_selected_replace_N6_10mw_4h,50.0,I1,0.13330078125,0.13339843750000002,9.76562500000222e-05,0.006138735184322286,0.0003347803756987844,,,0,0,,0
I1_selected_replace_N6_10mw_4h,50.0,I1,0.13339843750000002,0.13359375,0.0001953124999999889,0.012276837614990654,0.0006695411814270358,,,0,0,,0
I1_selected_replace_N6_10mw_4h,50.0,I1,0.13359375,0.13437500000000002,0.0007812500000000111,0.04910690227734449,0.0026781705341782924,L46-@14,,0,0,,0
I1_selected_replace_N6_10mw_4h,50.0,I1,0.13437500000000002,0.1375,0.003124999999999989,0.196425266798542,0.010712740439394963,,,0,0,,0
I1_selected_replace_N6_10mw_4h,50.0,I1,0.1375,0.15,0.012499999999999983,0.7856779851254032,0.04285161251916847,,,0,0,,0
I1_selected_replace_N6_10mw_4h,50.0,I1,0.15,0.175,0.024999999999999994,8.792765731412146,0.12732267440164158,,,2,0,,0
I1_selected_replace_N6_10mw_4h,50.0,I1,0.175,0.2,0.025000000000000022,12.08922114171537,0.1855132509754398,,,0,0,,0
I1_selected_replace_N6_10mw_4h,50.0,I1,0.2,0.225,0.024999999999999994,12.084389637517688,0.18551349838499043,,,0,0,,0
I1_selected_replace_N6_10mw_4h,50.0,I1,0.225,0.25,0.024999999999999994,12.079543980282779,0.18551353010501614,,,0,0,,0
I1_selected_replace_N6_10mw_4h,50.0,I1,0.25,0.275,0.025000000000000022,12.074695606901969,0.18551353375539748,,,0,0,,0
I1_selected_replace_N6_10mw_4h,50.0,I1,0.275,0.3,0.024999999999999967,12.06984610386462,0.1855135302822255,,,0,0,,0
I1_selected_replace_N6_10mw_4h,50.0,I1,0.3,0.325,0.025000000000000022,12.064995981845186,0.18551352396652376,,,0,0,,0
I1_selected_replace_N6_10mw_4h,50.0,I1,0.325,0.35,0.024999999999999967,12.060145411547182,0.18551351593462329,,,0,0,,0
I1_selected_replace_N6_10mw_4h,50.0,I1,0.35,0.375,0.025000000000000022,12.05529446635046,0.18551350579804904,,,0,0,,0
I1_selected_replace_N6_10mw_4h,50.0,I1,0.375,0.4,0.025000000000000022,12.050443131592147,0.18551349266678585,,,0,0,,0
I1_selected_replace_N6_10mw_4h,50.0,I1,0.4,0.425,0.024999999999999967,12.045591287866046,0.18551347456243406,,,0,0,,0
I1_selected_replace_N6_10mw_4h,50.0,I1,0.425,0.45,0.025000000000000022,12.04073865803366,0.18551344749213605,,,0,0,,0
I1_selected_replace_N6_10mw_4h,50.0,I1,0.45,0.475,0.024999999999999967,12.035884561429157,0.18551340300218921,,,0,0,,0
I1_selected_replace_N6_10mw_4h,50.0,I1,0.475,0.5,0.025000000000000022,12.031027212772642,0.1855133184553015,,,0,0,,1
I1_selected_replace_N6_10mw_4h,50.0,I1,0.5,0.525,0.025000000000000022,12.026160197970057,0.18551311724819275,,,0,0,,1
I1_selected_replace_N6_10mw_4h,50.0,I1,0.525,0.55,0.025000000000000022,12.02124607751557,0.18551234761930768,,,0,0,,0
I1_selected_replace_N6_10mw_4h,50.0,I1,0.55,0.5625,0.012499999999999956,6.00866645119595,0.09275451730499373,,,0,0,,0
I1_selected_replace_N6_10mw_4h,50.0,I1,0.5625,0.56875,0.006249999999999978,3.003635766706793,0.04637416577126707,,,0,0,,60
I1_selected_replace_N6_10mw_4h,50.0,I1,0.56875,0.5718749999999999,0.0031249999999999334,1.5012295592200644,0.023181647104316916,,,0,0,,60
I1_selected_replace_N6_10mw_4h,50.0,I1,0.5718749999999999,0.5734374999999999,0.0015625000000000222,0.7498868182728984,0.011582333710634884,,,0,0,,0
I1_selected_replace_N6_10mw_4h,50.0,I1,0.5734374999999999,0.57421875,0.0007812500000000666,0.37403431717848434,0.005780334312558644,,,0,0,,0
I1_selected_replace_N6_10mw_4h,50.0,I1,0.57421875,0.574609375,0.0003906249999999778,0.18615688330373814,0.002879856635058964,,,0,0,,0
I1_selected_replace_N6_10mw_4h,50.0,I1,0.574609375,0.5748046874999999,0.0001953124999999334,0.09249947907665046,0.0014329804377837263,,,0,0,,0
I1_selected_replace_N6_10mw_4h,50.0,I1,0.5748046874999999,0.5749023437499999,9.76562500000222e-05,0.04596986164006012,0.000713130201949852,,,0,0,,0
I1_selected_replace_N6_10mw_4h,50.0,I1,0.5749023437499999,0.5749027252197265,3.8146972658470446e-07,0.0001790609298950585,2.7795545474162964e-06,,,0,0,,0
I1_selected_replace_N6_10mw_4h,50.0,I1,0.5749027252197265,0.5749027490615845,2.384185793236071e-08,1.1191045814484823e-05,1.7371995042481103e-07,,,0,0,,0
I1_selected_replace_N6_10mw_4h,50.0,I1,0.5749027490615845,0.5749027609825135,1.1920929021691506e-08,5.595412403636146e-06,8.685792618479127e-08,,,0,0,,12
I1_selected_replace_N6_10mw_4h,50.0,I1,0.5749027609825135,0.5749027639627458,2.9802322831784522e-09,1.3989324543217663e-06,2.1715619524798058e-08,,,0,0,,0
I1_selected_replace_N6_10mw_4h,50.0,I1,0.5749027639627458,0.5749027654528618,1.4901160305669237e-09,6.995301191636827e-07,1.0859268151364176e-08,,,0,2,RES_PV_N8:cap@13;RES_PV_N8:marg@13,0
I1_selected_replace_N6_10mw_4h,50.0,I1,0.5749027654528618,0.5749027669429779,1.4901161415892261e-09,6.993132046773098e-07,1.0855607079918173e-08,,,0,2,RES_PV_N8:cap@12;RES_PV_N8:marg@12,0
I1_selected_replace_N6_10mw_4h,50.0,I1,0.5749027669429779,0.5749027729034424,5.960464455334602e-09,2.7978499019809533e-06,4.343071768886375e-08,,,0,0,,0
I1_selected_replace_N6_10mw_4h,50.0,I1,0.5749027729034424,0.5749028205871581,4.768371575369912e-08,2.2382404495147057e-05,3.47441792669656e-07,,,0,0,,0
I1_selected_replace_N6_10mw_4h,50.0,I1,0.5749028205871581,0.5749029159545898,9.536743161842054e-08,4.476397725738934e-05,6.948746564816588e-07,,,0,0,,0
I1_selected_replace_N6_10mw_4h,50.0,I1,0.5749029159545898,0.574903106689453,1.9073486323684108e-07,8.95275238690374e-05,1.389741289159474e-06,,,0,0,,0
I1_selected_replace_N6_10mw_4h,50.0,I1,0.574903106689453,0.5749038696289062,7.629394531694089e-07,0.0003580991128728783,5.558838847008474e-06,,,0,0,,0
I1_selected_replace_N6_10mw_4h,50.0,I1,0.5749038696289062,0.5749053955078125,1.5258789063388178e-06,0.0007161442772485316,1.1117027839624427e-05,,,0,0,,0
I1_selected_replace_N6_10mw_4h,50.0,I1,0.5749053955078125,0.574908447265625,3.051757812455591e-06,0.0014320731588668423,2.2231470850897495e-05,,,0,0,,0
I1_selected_replace_N6_10mw_4h,50.0,I1,0.574908447265625,0.5749145507812499,6.103515624911182e-06,0.0028632413923332933,4.445216235104965e-05,,,0,0,,0
I1_selected_replace_N6_10mw_4h,50.0,I1,0.5749145507812499,0.5749267578124999,1.2207031250044409e-05,0.00572288381817998,8.886085456705217e-05,,,0,0,,0
I1_selected_replace_N6_10mw_4h,50.0,I1,0.5749267578124999,0.574951171875,2.4414062500088818e-05,0.011430369649133354,0.00017753698232780835,,,0,0,,0
I1_selected_replace_N6_10mw_4h,50.0,I1,0.574951171875,0.575,4.882812499995559e-05,0.022791433475049416,0.00035424182341259325,,,0,0,,2
I1_selected_replace_N6_10mw_4h,50.0,I1,0.575,0.6,0.025000000000000022,6.777391426777285,0.12263762959692137,,,0,0,,16
I1_selected_replace_N6_10mw_4h,50.0,I1,0.6,0.625,0.025000000000000022,6.659141703502428,0.12124774550337758,,,0,0,,0
I1_selected_replace_N6_10mw_4h,50.0,I1,0.625,0.65,0.025000000000000022,6.656580040380959,0.12124724571218248,,,0,0,,1
I1_selected_replace_N6_10mw_4h,50.0,I1,0.65,0.675,0.025000000000000022,6.654049786817723,0.12124712257652792,,,0,0,,50
I1_selected_replace_N6_10mw_4h,50.0,I1,0.675,0.7,0.02499999999999991,6.651557350935491,0.12124829442510343,,,0,0,,48
I1_selected_replace_N6_10mw_4h,50.0,I1,0.7,0.725,0.025000000000000022,6.648971356521088,0.12124630632914002,,,0,0,,49
I1_selected_replace_N6_10mw_4h,50.0,I1,0.725,0.75,0.025000000000000022,6.646481693178885,0.12124700301155578,,,0,0,,0
I1_selected_replace_N6_10mw_4h,50.0,I1,0.75,0.775,0.025000000000000022,6.643960643467381,0.12124697195842327,,,0,0,,0
I1_selected_replace_N6_10mw_4h,50.0,I1,0.775,0.8,0.025000000000000022,6.641440111765405,0.12124693134103204,,,0,0,,0
I1_selected_replace_N6_10mw_4h,50.0,I1,0.8,0.825,0.02499999999999991,6.6389304004410405,0.12124629947286181,,,0,0,,2
I1_selected_replace_N6_10mw_4h,50.0,I1,0.825,0.85,0.025000000000000022,6.636426616236804,0.12124535435101436,,,0,0,,0
I1_selected_replace_N6_10mw_4h,50.0,I1,0.85,0.875,0.025000000000000022,6.633907843955967,0.12124523638071594,,,0,0,,4
I1_selected_replace_N6_10mw_4h,50.0,I1,0.875,0.9,0.025000000000000022,6.631413675161639,0.12124505286195308,,,0,0,,46
I1_selected_replace_N6_10mw_4h,50.0,I1,0.9,0.925,0.025000000000000022,6.628852248638395,0.12124471120139635,,,0,0,,49
I1_selected_replace_N6_10mw_4h,50.0,I1,0.925,0.95,0.02499999999999991,6.6263113635245645,0.12124970539437374,,,0,0,,44
I1_selected_replace_N6_10mw_4h,50.0,I1,0.95,0.975,0.025000000000000022,6.623603478170935,0.12124561684975621,,,0,0,,39
I1_selected_replace_N6_10mw_4h,50.0,I1,0.975,1.0,0.025000000000000022,6.62032367417487,0.1212128591890691,,,0,0,,143
I1_selected_replace_N6_10mw_4h,100.0,I1,0.0,1e-06,1e-06,0.0014696799435114372,1.1200435597658043e-05,,,0,0,,2
I1_selected_replace_N6_10mw_4h,100.0,I1,1e-06,1e-05,9e-06,0.014033990285270193,0.0001008039508878511,,,0,0,,2
I1_selected_replace_N6_10mw_4h,100.0,I1,1e-05,0.0001,9e-05,0.14184894920640545,0.0010080394028051387,,,0,0,,1
I1_selected_replace_N6_10mw_4h,100.0,I1,0.0001,0.001,0.0009,1.3903101707317091,0.010083271314297093,,,0,0,,8
I1_selected_replace_N6_10mw_4h,100.0,I1,0.001,0.0025,0.0015,2.319038635501329,0.016800559687100147,,,0,0,,0
I1_selected_replace_N6_10mw_4h,100.0,I1,0.0025,0.005,0.0025,3.8640806276584954,0.028001028943146267,,,0,0,,3
I1_selected_replace_N6_10mw_4h,100.0,I1,0.005,0.01,0.005,7.732965908367078,0.05600189654092702,L46-@15,,0,0,,3
I1_selected_replace_N6_10mw_4h,100.0,I1,0.01,0.01125,0.0012499999999999994,1.93245750306005,0.014000480974592833,,,0,0,,1
I1_selected_replace_N6_10mw_4h,100.0,I1,0.01125,0.0115625,0.0003125000000000003,0.4831942539085503,0.0035001227660007572,,,0,0,,0
I1_selected_replace_N6_10mw_4h,100.0,I1,0.0115625,0.01171875,0.00015625000000000014,0.2425728478790461,0.0017500696743208977,,,0,0,,0
I1_selected_replace_N6_10mw_4h,100.0,I1,0.01171875,0.011796875,7.812500000000007e-05,0.12080176240647233,0.0008750308690324005,,,0,0,,0
I1_selected_replace_N6_10mw_4h,100.0,I1,0.011796875,0.011835937500000001,3.90625000000009e-05,0.06040010638889726,0.0004375154202822529,,,0,0,,0
I1_selected_replace_N6_10mw_4h,100.0,I1,0.011835937500000001,0.011845703125,9.765624999999792e-06,0.0151000763146385,0.00010937885035389172,,,0,0,,0
I1_selected_replace_N6_10mw_4h,100.0,I1,0.011845703125,0.01184814453125,2.4414062499995143e-06,0.003775025157210621,2.734471551057993e-05,,,0,0,,0
I1_selected_replace_N6_10mw_4h,100.0,I1,0.01184814453125,0.011849365234375001,1.2207031250006245e-06,0.0018875115586070024,1.3672354249649743e-05,,,0,0,,0
I1_selected_replace_N6_10mw_4h,100.0,I1,0.011849365234375001,0.011849975585937502,6.103515625011796e-07,0.0009437558094305132,6.836178085833922e-06,,,0,0,,0
I1_selected_replace_N6_10mw_4h,100.0,I1,0.011849975585937502,0.011849980354309085,4.768371583002695e-09,7.372451591436402e-06,5.3408402145294076e-08,,,0,0,,0
I1_selected_replace_N6_10mw_4h,100.0,I1,0.011849980354309085,0.011849982738494875,2.384185789766624e-09,3.682576107166824e-06,2.6708676159614697e-08,,,0,0,,0
I1_selected_replace_N6_10mw_4h,100.0,I1,0.011849982738494875,0.011849983334541323,5.960464483090178e-10,9.26123675526469e-07,6.6863616865475706e-09,L46-@14,,0,0,,0
I1_selected_replace_N6_10mw_4h,100.0,I1,0.011849983334541323,0.011849983930587771,5.960464483090178e-10,9.189875527226832e-07,6.6806515874873185e-09,,,0,0,,0
I1_selected_replace_N6_10mw_4h,100.0,I1,0.011849983930587771,0.011849985122680666,1.192092894883312e-09,1.8430405361868907e-06,1.3351455052657002e-08,,,0,0,,0
I1_selected_replace_N6_10mw_4h,100.0,I1,0.011849985122680666,0.01184999465942383,9.536743164270667e-09,1.474950545343745e-05,1.0682021311936296e-07,,,0,0,,0
I1_selected_replace_N6_10mw_4h,100.0,I1,0.01184999465942383,0.01185001373291016,1.9073486328541334e-08,2.9492127850971883e-05,2.1363090141335306e-07,,,0,0,,0
I1_selected_replace_N6_10mw_4h,100.0,I1,0.01185001373291016,0.011850051879882815,3.8146972655347944e-08,5.89848868912668e-05,4.272598488341828e-07,,,0,0,,0
I1_selected_replace_N6_10mw_4h,100.0,I1,0.011850051879882815,0.011850128173828127,7.629394531243061e-08,0.00011796937860708567,8.545195893105983e-07,,,0,0,,0
I1_selected_replace_N6_10mw_4h,100.0,I1,0.011850128173828127,0.011850280761718752,1.5258789062486122e-07,0.00023593598530169402,1.7090467121505526e-06,,,0,0,,0
I1_selected_replace_N6_10mw_4h,100.0,I1,0.011850280761718752,0.011850585937500002,3.0517578124972244e-07,0.0004718762429547496,3.4180870276401265e-06,,,0,0,,0
I1_selected_replace_N6_10mw_4h,100.0,I1,0.011850585937500002,0.01185546875,4.8828124999990286e-06,0.007550055772981068,5.4689427164689164e-05,,,0,0,,0
I1_selected_replace_N6_10mw_4h,100.0,I1,0.01185546875,0.011875,1.9531249999999584e-05,0.03020025730870657,0.00021875769463797212,,,0,0,,0
I1_selected_replace_N6_10mw_4h,100.0,I1,0.011875,0.0125,0.0006250000000000006,0.9653657958212989,0.007000244238991371,,,0,0,,1
I1_selected_replace_N6_10mw_4h,100.0,I1,0.0125,0.015,0.0024999999999999988,3.865805074075297,0.028000984213845115,,,0,0,,1
I1_selected_replace_N6_10mw_4h,100.0,I1,0.015,0.02,0.005000000000000001,7.728668019395855,0.056001970312809846,,,0,0,,148
I1_selected_replace_N6_10mw_4h,100.0,I1,0.02,0.03,0.009999999999999998,15.460300895151704,0.11200402721777714,,,0,0,,2
I1_selected_replace_N6_10mw_4h,100.0,I1,0.03,0.05,0.020000000000000004,30.90502635685425,0.22400872235519032,,,0,0,,0
I1_selected_replace_N6_10mw_4h,100.0,I1,0.05,0.075,0.024999999999999994,41.4453248648249,0.35338128192108265,,,2,0,,0
I1_selected_replace_N6_10mw_4h,100.0,I1,0.075,0.1,0.02500000000000001,41.63633745649099,0.3695300896688529,,,0,0,,0
I1_selected_replace_N6_10mw_4h,100.0,I1,0.1,0.125,0.024999999999999994,41.65225890936108,0.36952955939007204,,,0,0,,2
I1_selected_replace_N6_10mw_4h,100.0,I1,0.125,0.15,0.024999999999999994,41.55624144686044,0.36825777900039647,,,0,0,,56
I1_selected_replace_N6_10mw_4h,100.0,I1,0.15,0.175,0.024999999999999994,41.61761752764869,0.3695610344215332,,,0,0,,5
I1_selected_replace_N6_10mw_4h,100.0,I1,0.175,0.2,0.025000000000000022,41.60541405020376,0.369566322052151,,,0,0,,2
I1_selected_replace_N6_10mw_4h,100.0,I1,0.2,0.225,0.024999999999999994,41.59373492797204,0.36956687522372533,,,0,0,,1
I1_selected_replace_N6_10mw_4h,100.0,I1,0.225,0.25,0.024999999999999994,41.58338138631507,0.3695670517949683,,,0,0,,0
I1_selected_replace_N6_10mw_4h,100.0,I1,0.25,0.275,0.025000000000000022,41.569226489586526,0.36956712980003026,,,0,0,,0
I1_selected_replace_N6_10mw_4h,100.0,I1,0.275,0.3,0.024999999999999967,41.555674272680335,0.3695671707626573,,,0,0,,4
I1_selected_replace_N6_10mw_4h,100.0,I1,0.3,0.325,0.025000000000000022,41.54131433683824,0.36956718384998055,,,0,0,,21
I1_selected_replace_N6_10mw_4h,100.0,I1,0.325,0.35,0.024999999999999967,41.53717407922204,0.36956722514640106,,,0,0,,17
I1_selected_replace_N6_10mw_4h,100.0,I1,0.35,0.375,0.025000000000000022,41.520042894753715,0.3695672215567658,,,0,0,,0
I1_selected_replace_N6_10mw_4h,100.0,I1,0.375,0.4,0.025000000000000022,41.5077329267383,0.36956722978501055,,,0,0,,0
I1_selected_replace_N6_10mw_4h,100.0,I1,0.4,0.425,0.024999999999999967,41.495879540083024,0.36956723266496105,,,0,0,,0
I1_selected_replace_N6_10mw_4h,100.0,I1,0.425,0.45,0.025000000000000022,41.483247402219604,0.36956723589631935,,,0,0,,0
I1_selected_replace_N6_10mw_4h,100.0,I1,0.45,0.475,0.024999999999999967,41.471131395165685,0.36956723693208904,,,0,0,,0
I1_selected_replace_N6_10mw_4h,100.0,I1,0.475,0.5,0.025000000000000022,41.458775131095535,0.3695672374628982,,,0,0,,0
I1_selected_replace_N6_10mw_4h,100.0,I1,0.5,0.525,0.025000000000000022,41.44649774166646,0.36956723518554835,,,0,0,,0
I1_selected_replace_N6_10mw_4h,100.0,I1,0.525,0.55,0.025000000000000022,41.434196571208304,0.3695672324853474,,,0,0,,0
I1_selected_replace_N6_10mw_4h,100.0,I1,0.55,0.575,0.02499999999999991,41.42196906969912,0.36956722845255197,,,0,0,,0
I1_selected_replace_N6_10mw_4h,100.0,I1,0.575,0.6,0.025000000000000022,41.409672591809795,0.369567222916074,,,0,0,,2
I1_selected_replace_N6_10mw_4h,100.0,I1,0.6,0.625,0.025000000000000022,41.39739615389681,0.36956721556260685,,,0,0,,0
I1_selected_replace_N6_10mw_4h,100.0,I1,0.625,0.65,0.025000000000000022,41.385117291241386,0.3695672059251578,,,0,0,,2
I1_selected_replace_N6_10mw_4h,100.0,I1,0.65,0.675,0.025000000000000022,41.37284055592363,0.36956719351644374,,,0,0,,50
I1_selected_replace_N6_10mw_4h,100.0,I1,0.675,0.7,0.02499999999999991,41.36057107371062,0.36956717704691844,,,0,0,,0
I1_selected_replace_N6_10mw_4h,100.0,I1,0.7,0.725,0.025000000000000022,41.34827918432211,0.3695671552765427,,,0,0,,2
I1_selected_replace_N6_10mw_4h,100.0,I1,0.725,0.75,0.025000000000000022,41.336029795751074,0.3695671256777926,,,0,0,,0
I1_selected_replace_N6_10mw_4h,100.0,I1,0.75,0.775,0.025000000000000022,41.3237419586535,0.3695670844320764,,,0,0,,0
I1_selected_replace_N6_10mw_4h,100.0,I1,0.775,0.8,0.025000000000000022,41.3114674537419,0.36956702491119486,,,0,0,,0
I1_selected_replace_N6_10mw_4h,100.0,I1,0.8,0.825,0.02499999999999991,41.299193510820714,0.36956693455913703,,,0,0,,4
I1_selected_replace_N6_10mw_4h,100.0,I1,0.825,0.8374999999999999,0.012499999999999956,20.644994366865376,0.1847834175450358,,,0,0,,0
I1_selected_replace_N6_10mw_4h,100.0,I1,0.8374999999999999,0.84375,0.006250000000000089,10.321346675195855,0.09239169201541797,,,0,0,,0
I1_selected_replace_N6_10mw_4h,100.0,I1,0.84375,0.8439453125,0.0001953125000000444,0.32252972665992274,0.0028872401927300118,,,0,0,,0
I1_selected_replace_N6_10mw_4h,100.0,I1,0.8439453125,0.84404296875,9.765624999991118e-05,0.16126458113512854,0.0014436200703578095,,,0,0,,0
I1_selected_replace_N6_10mw_4h,100.0,I1,0.84404296875,0.8440917968749999,4.882812499995559e-05,0.08063222092641809,0.0007218100386929827,,,0,0,,0
I1_selected_replace_N6_10mw_4h,100.0,I1,0.8440917968749999,0.8441162109375,2.4414062500088818e-05,0.040316092340617615,0.00036090501587793256,,,0,0,,0
I1_selected_replace_N6_10mw_4h,100.0,I1,0.8441162109375,0.84412841796875,1.2207031250044409e-05,0.02015803763652002,0.00018045246149389627,,,0,0,,0
I1_selected_replace_N6_10mw_4h,100.0,I1,0.84412841796875,0.8441299438476563,1.5258789062277955e-06,0.0025197557024512207,2.2556569448273223e-05,,,0,0,,0
I1_selected_replace_N6_10mw_4h,100.0,I1,0.8441299438476563,0.8441300392150879,9.536743161842054e-08,0.00015748475152577157,1.4097909897259342e-06,,,0,0,,0
I1_selected_replace_N6_10mw_4h,100.0,I1,0.8441300392150879,0.8441300868988038,4.768371586472142e-08,7.874210996305919e-05,7.048878418736138e-07,,,0,0,,0
I1_selected_replace_N6_10mw_4h,100.0,I1,0.8441300868988038,0.8441301107406617,2.384185793236071e-08,3.9371400816889945e-05,3.5244777940590666e-07,,,0,0,,0
I1_selected_replace_N6_10mw_4h,100.0,I1,0.8441301107406617,0.8441301226615907,1.1920929021691506e-08,1.9685610368469497e-05,1.7622356107693804e-07,,,0,0,,0
I1_selected_replace_N6_10mw_4h,100.0,I1,0.8441301226615907,0.8441301241517069,1.4901161415892261e-09,2.4608166313555557e-06,2.202951110419349e-08,,,0,0,,0
I1_selected_replace_N6_10mw_4h,100.0,I1,0.8441301241517069,0.844130125641823,1.4901161415892261e-09,0.0009161734742519911,8.33297389348786e-05,,,0,4,G_N1_a:marg@11;G_N1_a:marg@16;G_N1_a:off@11;G_N1_a:off@16,44
I1_selected_replace_N6_10mw_4h,100.0,I1,0.844130125641823,0.8441301286220552,2.9802321721561498e-09,4.9216650950256735e-06,4.405514175687131e-08,,,0,0,,0
I1_selected_replace_N6_10mw_4h,100.0,I1,0.8441301286220552,0.8441301345825196,5.960464455334602e-09,9.842663530434947e-06,8.811229257332798e-08,,,0,0,,0
I1_selected_replace_N6_10mw_4h,100.0,I1,0.8441301345825196,0.8441303253173829,1.9073486323684108e-07,0.0003148869891447248,2.819574972168226e-06,,,0,0,,0
I1_selected_replace_N6_10mw_4h,100.0,I1,0.8441303253173829,0.8441307067871093,3.8146972647368216e-07,0.0006300205054685648,5.639151996472691e-06,,,0,0,,0
I1_selected_replace_N6_10mw_4h,100.0,I1,0.8441307067871093,0.8441314697265625,7.629394531694089e-07,0.0012598066091413784,1.1278297437300466e-05,,,0,0,,0
I1_selected_replace_N6_10mw_4h,100.0,I1,0.8441314697265625,0.844134521484375,3.051757812455591e-06,0.005039506808316219,4.511319018307702e-05,,,0,0,,0
I1_selected_replace_N6_10mw_4h,100.0,I1,0.844134521484375,0.844140625,6.1035156250222045e-06,0.010079011301513674,9.022640078493183e-05,,,0,0,,1
I1_selected_replace_N6_10mw_4h,100.0,I1,0.844140625,0.84453125,0.0003906249999999778,0.6450552821247584,0.005774489103778535,,,0,0,,1
I1_selected_replace_N6_10mw_4h,100.0,I1,0.84453125,0.8453125,0.0007812500000000666,1.2901013059176876,0.011548976410991507,,,0,0,,0
I1_selected_replace_N6_10mw_4h,100.0,I1,0.8453125,0.846875,0.0015625000000000222,2.5801674380932127,0.023097958231648175,,,0,0,,0
I1_selected_replace_N6_10mw_4h,100.0,I1,0.846875,0.85,0.0031249999999999334,5.160190534788853,0.04619591285922153,,,0,0,,0
I1_selected_replace_N6_10mw_4h,100.0,I1,0.85,0.875,0.025000000000000022,41.27461978316569,0.3695673027932391,,,0,0,,6
I1_selected_replace_N6_10mw_4h,100.0,I1,0.875,0.8875,0.012499999999999956,20.63270688237435,0.18478365132576857,,,0,0,,3
I1_selected_replace_N6_10mw_4h,100.0,I1,0.8875,0.89375,0.006250000000000089,10.315202696834604,0.09239182564011861,,,0,0,,0
I1_selected_replace_N6_10mw_4h,100.0,I1,0.89375,0.8953125000000001,0.0015625000000000222,2.578680805539534,0.023097956409154907,,,0,0,,0
I1_selected_replace_N6_10mw_4h,100.0,I1,0.8953125000000001,0.895703125,0.0003906249999999778,0.6446627096329394,0.005774489102372993,,,0,0,,0
I1_selected_replace_N6_10mw_4h,100.0,I1,0.895703125,0.8958984375000001,0.0001953125000000444,0.3223302314072498,0.0028872445460299545,,,0,0,,0
I1_selected_replace_N6_10mw_4h,100.0,I1,0.8958984375000001,0.8959228515625001,2.4414062499977796e-05,0.040291172917477525,0.00036090557265744394,,,0,0,,0
I1_selected_replace_N6_10mw_4h,100.0,I1,0.8959228515625001,0.89593505859375,1.2207031249933387e-05,0.020145606652022252,0.00018045278003087084,,,0,0,,0
I1_selected_replace_N6_10mw_4h,100.0,I1,0.89593505859375,0.895941162109375,6.1035156250222045e-06,0.010072805372601579,9.02263979130069e-05,,,0,0,,0
I1_selected_replace_N6_10mw_4h,100.0,I1,0.895941162109375,0.8959412097930908,4.768371575369912e-08,7.87464718996489e-05,7.048928170050317e-07,,,0,0,,1
I1_selected_replace_N6_10mw_4h,100.0,I1,0.8959412097930908,0.8959412336349487,2.384185793236071e-08,3.934714277420426e-05,3.524511902330829e-07,,,0,0,,1
I1_selected_replace_N6_10mw_4h,100.0,I1,0.8959412336349487,0.8959412366151809,2.9802321721561498e-09,4.918087142868899e-06,4.405279119268357e-08,,,0,0,,0
I1_selected_replace_N6_10mw_4h,100.0,I1,0.8959412366151809,0.895941238105297,1.4901161415892261e-09,2.4590676730440464e-06,2.202780069460175e-08,,,0,0,,0
I1_selected_replace_N6_10mw_4h,100.0,I1,0.895941238105297,0.8959412395954132,1.4901161415892261e-09,-0.0008394319529543282,7.987971284251216e-05,,,0,4,G_N1_a:marg@11;G_N1_a:marg@16;G_N1_a:off@11;G_N1_a:off@16,47
I1_selected_replace_N6_10mw_4h,100.0,I1,0.8959412395954132,0.8959412455558777,5.9604645663569045e-09,9.836793196882354e-06,8.811158513921669e-08,,,0,0,,0
I1_selected_replace_N6_10mw_4h,100.0,I1,0.8959412455558777,0.8959412574768066,1.1920928910669204e-08,1.967360731214285e-05,1.7622258430272097e-07,,,0,0,,0
I1_selected_replace_N6_10mw_4h,100.0,I1,0.8959412574768066,0.8959413528442384,9.536743172944284e-08,0.00015738772162876558,1.4097789624578638e-06,,,0,0,,0
I1_selected_replace_N6_10mw_4h,100.0,I1,0.8959413528442384,0.8959415435791016,1.9073486323684108e-07,0.00031477478205488296,2.819572836987305e-06,,,0,0,,0
I1_selected_replace_N6_10mw_4h,100.0,I1,0.8959415435791016,0.8959419250488281,3.8146972647368216e-07,0.0006295485072769225,5.639086757769363e-06,,,0,0,,0
I1_selected_replace_N6_10mw_4h,100.0,I1,0.8959419250488281,0.8959426879882812,7.629394531694089e-07,0.0012591083304869244,1.1278301654593648e-05,,,0,0,,0
I1_selected_replace_N6_10mw_4h,100.0,I1,0.8959426879882812,0.8959442138671876,1.5258789063388178e-06,0.002518196248274762,2.255644151660796e-05,,,0,0,,0
I1_selected_replace_N6_10mw_4h,100.0,I1,0.8959442138671876,0.895947265625,3.051757812455591e-06,0.005036414070218598,4.5113056707846155e-05,,,0,0,,0
I1_selected_replace_N6_10mw_4h,100.0,I1,0.895947265625,0.8959960937500001,4.882812500006661e-05,0.08058248466295481,0.0007218079833539726,,,0,0,,0
I1_selected_replace_N6_10mw_4h,100.0,I1,0.8959960937500001,0.8960937500000001,9.76562500000222e-05,0.16116483744417565,0.0014436160141357846,,,0,0,,0
I1_selected_replace_N6_10mw_4h,100.0,I1,0.8960937500000001,0.8968750000000001,0.0007812499999999556,1.28931194879533,0.011548927388576491,,,0,0,,0
I1_selected_replace_N6_10mw_4h,100.0,I1,0.8968750000000001,0.9,0.0031249999999999334,5.157128185457623,0.046195698091159754,,,0,0,,0
I1_selected_replace_N6_10mw_4h,100.0,I1,0.9,0.925,0.025000000000000022,41.25014813256894,0.369564476573367,,,0,0,,10
I1_selected_replace_N6_10mw_4h,100.0,I1,0.925,0.95,0.02499999999999991,41.238103446350124,0.3695562581873434,,,0,0,,0
I1_selected_replace_N6_10mw_4h,100.0,I1,0.95,0.953125,0.0031250000000000444,5.153989475048093,0.046191887587041736,,,0,0,,0
I1_selected_replace_N6_10mw_4h,100.0,I1,0.953125,0.95390625,0.0007812499999999556,1.2884794983197025,0.01154764376015871,,,0,0,,0
I1_selected_replace_N6_10mw_4h,100.0,I1,0.95390625,0.9542968749999999,0.0003906249999999778,0.6442370104118709,0.005773761704841229,,,0,0,,0
I1_selected_replace_N6_10mw_4h,100.0,I1,0.9542968749999999,0.95439453125,9.76562500000222e-05,0.16105902684466855,0.0014434334798015813,,,0,0,,0
I1_selected_replace_N6_10mw_4h,100.0,I1,0.95439453125,0.9543949127197265,3.8146972658470446e-07,0.0006291400673035241,5.638387358564145e-06,,,0,0,,0
I1_selected_replace_N6_10mw_4h,100.0,I1,0.9543949127197265,0.9543950080871582,9.536743161842054e-08,0.00015728440848761238,1.4096038171151903e-06,,,0,0,,0
I1_selected_replace_N6_10mw_4h,100.0,I1,0.9543950080871582,0.9543950095772743,1.4901161415892261e-09,2.4569362722104415e-06,2.203571702885654e-08,,,0,0,,0
I1_selected_replace_N6_10mw_4h,100.0,I1,0.9543950095772743,0.9543950110673904,1.4901161415892261e-09,0.00026754476903079194,0.00016327822907291623,,,0,4,G_N1_a:marg@11;G_N1_a:marg@16;G_N1_a:off@11;G_N1_a:off@16,44
I1_selected_replace_N6_10mw_4h,100.0,I1,0.9543950110673904,0.9543950140476226,2.9802321721561498e-09,4.9154969019582495e-06,4.404256948031815e-08,,,0,0,,0
I1_selected_replace_N6_10mw_4h,100.0,I1,0.9543950140476226,0.9543950200080871,5.960464455334602e-09,9.829868758970406e-06,8.8112501073212e-08,,,0,0,,0
I1_selected_replace_N6_10mw_4h,100.0,I1,0.9543950200080871,0.9543950319290161,1.1920929021691506e-08,1.9659535155369667e-05,1.762503618607525e-07,,,0,0,,0
I1_selected_replace_N6_10mw_4h,100.0,I1,0.9543950319290161,0.954395055770874,2.384185793236071e-08,3.931994478989509e-05,3.524456722026059e-07,,,0,0,,0
I1_selected_replace_N6_10mw_4h,100.0,I1,0.954395055770874,0.9543951034545899,4.768371586472142e-08,7.863920382078504e-05,7.048668505538203e-07,,,0,0,,0
I1_selected_replace_N6_10mw_4h,100.0,I1,0.9543951034545899,0.9543952941894531,1.9073486323684108e-07,0.0003145620630675694,2.8190684107087804e-06,,,0,0,,0
I1_selected_replace_N6_10mw_4h,100.0,I1,0.9543952941894531,0.9543960571289062,7.629394530583866e-07,0.0012582240387928323,1.127884007412483e-05,,,0,0,,0
I1_selected_replace_N6_10mw_4h,100.0,I1,0.9543960571289062,0.9543975830078124,1.5258789062277955e-06,0.002516457981073472,2.2556643873739013e-05,,,0,0,,0
I1_selected_replace_N6_10mw_4h,100.0,I1,0.9543975830078124,0.954400634765625,3.0517578125666134e-06,0.005032915074934863,4.511331472567548e-05,,,0,0,,0
I1_selected_replace_N6_10mw_4h,100.0,I1,0.954400634765625,0.95440673828125,6.1035156250222045e-06,0.010065830917938001,9.022659518609366e-05,,,0,0,,0
I1_selected_replace_N6_10mw_4h,100.0,I1,0.95440673828125,0.9544189453124999,1.2207031249933387e-05,0.020131658778154815,0.0001804531825246869,,,0,0,,0
I1_selected_replace_N6_10mw_4h,100.0,I1,0.9544189453124999,0.9544433593749999,2.4414062499977796e-05,0.04026330904162023,0.00036090636739982696,,,0,0,,0
I1_selected_replace_N6_10mw_4h,100.0,I1,0.9544433593749999,0.9544921874999999,4.882812499995559e-05,0.08052658252790934,0.000721812709730707,,,0,0,,0
I1_selected_replace_N6_10mw_4h,100.0,I1,0.9544921874999999,0.9546874999999999,0.0001953125000000444,0.32210586306837286,0.0028872508925650298,,,0,0,,0
I1_selected_replace_N6_10mw_4h,100.0,I1,0.9546874999999999,0.9562499999999999,0.0015625000000000222,2.5768197295169557,0.02309797292907434,,,0,0,,2
I1_selected_replace_N6_10mw_4h,100.0,I1,0.9562499999999999,0.9624999999999999,0.006249999999999978,10.306800187244335,0.09239204022730796,,,0,0,,38
I1_selected_replace_N6_10mw_4h,100.0,I1,0.9624999999999999,0.975,0.012500000000000067,20.6218570700662,0.18444160391402986,,,0,0,,15
I1_selected_replace_N6_10mw_4h,100.0,I1,0.975,1.0,0.025000000000000022,41.24852892477975,0.3684425905999162,,,0,0,,135
I2_bridge_between_responses,25.0,I2,0.0,1e-06,1e-06,-3.198510967195034e-08,5.892815124752815e-10,,,0,0,,0
I2_bridge_between_responses,25.0,I2,1e-06,1e-05,9e-06,-2.8927752282470465e-07,5.29986987629627e-09,,,0,0,,0
I2_bridge_between_responses,25.0,I2,1e-05,0.0001,9e-05,-0.007276718562934548,2.5863004691650815e-05,,,0,0,,62
I2_bridge_between_responses,25.0,I2,0.0001,0.001,0.0009,0.007244922351674177,2.5871146910105836e-05,,,0,0,,62
I2_bridge_between_responses,25.0,I2,0.001,0.0025,0.0015,-4.8176065320149064e-05,8.83459632561312e-07,,,0,0,,0
I2_bridge_between_responses,25.0,I2,0.0025,0.005,0.0025,-8.029339369386435e-05,1.4724316477199295e-06,,,0,0,,0
I2_bridge_between_responses,25.0,I2,0.005,0.01,0.005,-0.00016058693290688097,2.9448608795945574e-06,,,0,0,,0
I2_bridge_between_responses,25.0,I2,0.01,0.02,0.01,-0.007594972848892212,3.1080918404313707e-05,,,0,0,,62
I2_bridge_between_responses,25.0,I2,0.02,0.03,0.009999999999999998,0.006952624840778299,2.594662852217766e-05,,,0,0,,62
I2_bridge_between_responses,25.0,I2,0.03,0.05,0.020000000000000004,-0.0006423477025236934,1.177945375818723e-05,,,0,0,,0
I2_bridge_between_responses,25.0,I2,0.05,0.075,0.024999999999999994,-0.0008029348391573876,1.4724314564062979e-05,,,0,0,,0
I2_bridge_between_responses,25.0,I2,0.075,0.1,0.02500000000000001,-0.0008093985525192693,1.4283894132383068e-05,,,0,0,,0
I2_bridge_between_responses,25.0,I2,0.1,0.125,0.024999999999999994,-0.0007964709948282689,1.5164739164852392e-05,,,0,0,,0
I2_bridge_between_responses,25.0,I2,0.125,0.15,0.024999999999999994,-0.008076672238530591,3.991551679494165e-05,,,0,0,,62
I2_bridge_between_responses,25.0,I2,0.15,0.175,0.024999999999999994,0.006470802254625596,2.6070193010596654e-05,,,0,0,,62
I2_bridge_between_responses,25.0,I2,0.175,0.2,0.025000000000000022,-0.0008029346790863201,1.4724315467340432e-05,,,0,0,,0
I2_bridge_between_responses,25.0,I2,0.2,0.225,0.024999999999999994,-0.0008029351592995226,1.4724317948910937e-05,,,0,0,,0
I2_bridge_between_responses,25.0,I2,0.225,0.25,0.024999999999999994,-0.000802935115643777,1.4724315830605406e-05,,,0,0,,0
I2_bridge_between_responses,25.0,I2,0.25,0.275,0.025000000000000022,-0.0008093717915471643,1.4283778817514303e-05,,,0,0,,0
I2_bridge_between_responses,25.0,I2,0.275,0.3,0.024999999999999967,-0.0007964981050463393,1.5164851265403456e-05,,,0,0,,0
I2_bridge_between_responses,25.0,I2,0.3,0.325,0.025000000000000022,-0.000802935057436116,1.472431537319352e-05,,,0,0,,0
I2_bridge_between_responses,25.0,I2,0.325,0.35,0.024999999999999967,-0.008076660305960104,3.991538945857798e-05,,,0,0,,62
I2_bridge_between_responses,25.0,I2,0.35,0.375,0.025000000000000022,-0.0008029326709220186,1.4724295185786218e-05,,,0,0,,0
I2_bridge_between_responses,25.0,I2,0.375,0.4,0.025000000000000022,0.006470787862781435,2.606945344751921e-05,,,0,0,,62
I2_bridge_between_responses,25.0,I2,0.4,0.425,0.024999999999999967,-0.008076653874013573,3.991532361524719e-05,,,0,0,,62
I2_bridge_between_responses,25.0,I2,0.425,0.45,0.025000000000000022,0.006470783308031969,2.606934225468649e-05,,,0,0,,62
I2_bridge_between_responses,25.0,I2,0.45,0.475,0.024999999999999967,-0.008076650032307953,3.991527873647982e-05,,,0,0,,62
I2_bridge_between_responses,25.0,I2,0.475,0.5,0.025000000000000022,-0.0008029337332118303,1.4724295299473056e-05,,,0,0,,0
I2_bridge_between_responses,25.0,I2,0.5,0.525,0.025000000000000022,-0.0008029336022445932,1.4724294438828167e-05,,,0,0,,0
I2_bridge_between_responses,25.0,I2,0.525,0.55,0.025000000000000022,0.006470776628702879,2.6069181983778833e-05,,,0,0,,62
I2_bridge_between_responses,25.0,I2,0.55,0.575,0.02499999999999991,-0.008076644531683996,3.991519745927263e-05,,,0,0,,62
I2_bridge_between_responses,25.0,I2,0.575,0.6,0.025000000000000022,-0.0008029339223867282,1.4724293542656142e-05,,,0,0,,0
I2_bridge_between_responses,25.0,I2,0.6,0.625,0.025000000000000022,-0.0008029342134250328,1.4724295694712453e-05,,,0,0,,0
I2_bridge_between_responses,25.0,I2,0.625,0.65,0.025000000000000022,-0.0008029340824577957,1.4724294449486308e-05,,,0,0,,0
I2_bridge_between_responses,25.0,I2,0.65,0.675,0.025000000000000022,-0.0008029343880480155,1.472429499926875e-05,,,0,0,,0
I2_bridge_between_responses,25.0,I2,0.675,0.7,0.02499999999999991,-0.0008029344317037612,1.4724294237211666e-05,,,0,0,,0
I2_bridge_between_responses,25.0,I2,0.7,0.725,0.025000000000000022,0.006470767984865233,2.606903232127422e-05,,,0,0,,62
I2_bridge_between_responses,25.0,I2,0.725,0.75,0.025000000000000022,-0.0008029352757148445,1.4724315295921997e-05,,,0,0,,0
I2_bridge_between_responses,25.0,I2,0.75,0.775,0.025000000000000022,-0.008076635946054012,3.9915024014902656e-05,,,0,0,,62
I2_bridge_between_responses,25.0,I2,0.775,0.8,0.025000000000000022,-0.0008029345190152526,1.4724293837531377e-05,,,0,0,,0
I2_bridge_between_responses,25.0,I2,0.8,0.825,0.02499999999999991,-0.000802934548119083,1.4724293426304769e-05,,,0,0,,0
I2_bridge_between_responses,25.0,I2,0.825,0.85,0.025000000000000022,-0.0008029347809497267,1.4724295394508147e-05,,,0,0,,0
I2_bridge_between_responses,25.0,I2,0.85,0.875,0.025000000000000022,0.00647076204768382,2.606900305668347e-05,,,0,0,,62
I2_bridge_between_responses,25.0,I2,0.875,0.9,0.025000000000000022,-0.008076631274889223,3.991491470145547e-05,,,0,0,,62
I2_bridge_between_responses,25.0,I2,0.9,0.925,0.025000000000000022,-0.0008029346790863201,1.4724291608203544e-05,,,0,0,,0
I2_bridge_between_responses,25.0,I2,0.925,0.95,0.02499999999999991,-0.0008029349410207942,1.4724295573920188e-05,,,0,0,,0
I2_bridge_between_responses,25.0,I2,0.95,0.975,0.025000000000000022,-0.000802934548119083,1.4724293911250186e-05,,,0,0,,0
I2_bridge_between_responses,25.0,I2,0.975,1.0,0.025000000000000022,-0.0008029351592995226,1.4724295658297137e-05,,,0,0,,0
I2_bridge_between_responses,50.0,I2,0.0,1e-06,1e-06,-2.6775524020195007e-08,1.172943533966908e-09,,,0,0,,0
I2_bridge_between_responses,50.0,I2,1e-06,1e-05,9e-06,-2.7689384296536446e-07,1.0332178737582076e-08,,,0,0,,0
I2_bridge_between_responses,50.0,I2,1e-05,0.0001,9e-05,-2.5310146156698465e-06,1.2491072960696403e-07,,,0,0,,0
I2_bridge_between_responses,50.0,I2,0.0001,0.001,0.0009,-2.6191919459961355e-05,1.2566649369230576e-06,,,0,0,,0
I2_bridge_between_responses,50.0,I2,0.001,0.0025,0.0015,-4.3675448978319764e-05,2.0951793642531857e-06,,,0,0,,0
I2_bridge_between_responses,50.0,I2,0.0025,0.005,0.0025,-7.279796409420669e-05,3.491969560495689e-06,,,0,0,,0
I2_bridge_between_responses,50.0,I2,0.005,0.01,0.005,-0.0001455893216188997,6.984012963975189e-06,,,0,0,,0
I2_bridge_between_responses,50.0,I2,0.01,0.02,0.01,-0.0002911782939918339,1.3968034150348835e-05,,,0,0,,0
I2_bridge_between_responses,50.0,I2,0.02,0.03,0.009999999999999998,0.00905817051534541,7.638139911136932e-05,,,0,0,,63
I2_bridge_between_responses,50.0,I2,0.03,0.05,0.020000000000000004,-0.0005827689165016636,2.7953051091367948e-05,,,0,0,,0
I2_bridge_between_responses,50.0,I2,0.05,0.075,0.024999999999999994,-0.010076885810121894,9.776629014268678e-05,,,0,0,,63
I2_bridge_between_responses,50.0,I2,0.075,0.1,0.02500000000000001,0.008619961692602374,7.168962470416318e-05,,,0,0,,63
I2_bridge_between_responses,50.0,I2,0.1,0.125,0.024999999999999994,-0.010075851576402783,9.77221840656739e-05,,,0,0,,63
I2_bridge_between_responses,50.0,I2,0.125,0.15,0.024999999999999994,0.008618933206889778,7.169503723147841e-05,,,0,0,,63
I2_bridge_between_responses,50.0,I2,0.15,0.175,0.024999999999999994,-0.0007284646562766284,3.494131149756399e-05,,,0,0,,0
I2_bridge_between_responses,50.0,I2,0.175,0.2,0.025000000000000022,-0.0007284663442987949,3.49413143591118e-05,,,0,0,,0
I2_bridge_between_responses,50.0,I2,0.2,0.225,0.024999999999999994,-0.0007284556777449325,3.4941323337062125e-05,,,0,0,,0
I2_bridge_between_responses,50.0,I2,0.225,0.25,0.024999999999999994,-0.010073246332467534,9.761069553348989e-05,,,0,0,,63
I2_bridge_between_responses,50.0,I2,0.25,0.275,0.025000000000000022,0.008616313920356333,7.170823158730855e-05,,,0,0,,63
I2_bridge_between_responses,50.0,I2,0.275,0.3,0.024999999999999967,-0.000728463230188936,3.494131421783245e-05,,,0,0,,0
I2_bridge_between_responses,50.0,I2,0.3,0.325,0.025000000000000022,-0.0007284631574293599,3.494131789522417e-05,,,0,0,,0
I2_bridge_between_responses,50.0,I2,0.325,0.35,0.024999999999999967,-0.010071123135276139,9.752023981590696e-05,,,0,0,,63
I2_bridge_between_responses,50.0,I2,0.35,0.375,0.025000000000000022,0.008899401378585026,7.03182869656871e-05,,,0,0,,63
I2_bridge_between_responses,50.0,I2,0.375,0.4,0.025000000000000022,-0.0010136604541912675,4.940000758270682e-05,,,0,0,,0
I2_bridge_between_responses,50.0,I2,0.4,0.425,0.024999999999999967,-0.00044220009294804186,2.043824644768974e-05,,,0,0,,0
I2_bridge_between_responses,50.0,I2,0.425,0.45,0.025000000000000022,-0.0010147689754376188,4.944417643548346e-05,,,0,0,,0
I2_bridge_between_responses,50.0,I2,0.45,0.475,0.024999999999999967,-0.00044108531437814236,2.0393842313566612e-05,,,0,0,,0
I2_bridge_between_responses,50.0,I2,0.475,0.5,0.025000000000000022,-0.0010158095537917688,4.948897992905141e-05,,,0,0,,0
I2_bridge_between_responses,50.0,I2,0.5,0.525,0.025000000000000022,-0.0007284642342710868,3.494131339155243e-05,,,0,0,,0
I2_bridge_between_responses,50.0,I2,0.525,0.55,0.025000000000000022,-0.0007284646126208827,3.494131503298942e-05,,,0,0,,0
I2_bridge_between_responses,50.0,I2,0.55,0.575,0.02499999999999991,-0.0007284572347998619,3.494132169850825e-05,,,0,0,,0
I2_bridge_between_responses,50.0,I2,0.575,0.6,0.025000000000000022,-0.0004384365020086989,2.028097163817369e-05,,,0,0,,0
I2_bridge_between_responses,50.0,I2,0.6,0.625,0.025000000000000022,-0.0010185002902289852,4.960164753986529e-05,,,0,0,,0
I2_bridge_between_responses,50.0,I2,0.625,0.65,0.025000000000000022,-0.0007284646999323741,3.4941313688093e-05,,,0,0,,0
I2_bridge_between_responses,50.0,I2,0.65,0.675,0.025000000000000022,-0.0007284986204467714,3.4941122682805026e-05,,,0,0,,0
I2_bridge_between_responses,50.0,I2,0.675,0.7,0.02499999999999991,-0.0004361747996881604,2.0189398652874918e-05,,,0,0,,0
I2_bridge_between_responses,50.0,I2,0.7,0.725,0.025000000000000022,-0.01035521473386325,0.000111853490103897,,,0,0,,63
I2_bridge_between_responses,50.0,I2,0.725,0.75,0.025000000000000022,0.008606026982306503,7.176032150368883e-05,,,0,0,,63
I2_bridge_between_responses,50.0,I2,0.75,0.775,0.025000000000000022,-0.010061840774142183,9.712283744534034e-05,,,0,0,,63
I2_bridge_between_responses,50.0,I2,0.775,0.8,0.025000000000000022,0.008899384571122937,7.031811460223025e-05,,,0,0,,63
I2_bridge_between_responses,50.0,I2,0.8,0.825,0.02499999999999991,-0.0010229749896097928,4.978599977089118e-05,,,0,0,,0
I2_bridge_between_responses,50.0,I2,0.825,0.85,0.025000000000000022,-0.00043282478873152286,2.004983529496282e-05,,,0,0,,0
I2_bridge_between_responses,50.0,I2,0.85,0.875,0.025000000000000022,-0.0010240741539746523,4.983298669497538e-05,,,0,0,,0
I2_bridge_between_responses,50.0,I2,0.875,0.9,0.025000000000000022,-0.0004317310231272131,2.000252056563387e-05,,,0,0,,0
I2_bridge_between_responses,50.0,I2,0.9,0.925,0.025000000000000022,-0.0010252017236780375,4.988010347609442e-05,,,0,0,,0
I2_bridge_between_responses,50.0,I2,0.925,0.95,0.02499999999999991,-0.0007284665334736928,3.494131556808916e-05,,,0,0,,0
I2_bridge_between_responses,50.0,I2,0.95,0.975,0.025000000000000022,-0.01005730098404456,9.692835018171309e-05,,,0,0,,63
I2_bridge_between_responses,50.0,I2,0.975,1.0,0.025000000000000022,0.00889937745523639,7.031808122448524e-05,,,0,0,,63
I2_bridge_between_responses,100.0,I2,0.0,1e-06,1e-06,0.000166821526363492,2.0227623807045347e-06,,,0,0,,0
I2_bridge_between_responses,100.0,I2,1e-06,1e-05,9e-06,0.031302200397476554,0.0002943157779995431,,,0,0,,46
I2_bridge_between_responses,100.0,I2,1e-05,0.0001,9e-05,-0.02577049535466358,0.00022755455873024744,,,0,0,,46
I2_bridge_between_responses,100.0,I2,0.0001,0.001,0.0009,-0.005630097351968288,6.827279881349568e-05,,,0,0,,0
I2_bridge_between_responses,100.0,I2,0.001,0.0025,0.0015,0.001381787529680878,1.6661748052371195e-05,,,0,0,,0
I2_bridge_between_responses,100.0,I2,0.0025,0.005,0.0025,0.004269008088158444,5.166692516667126e-05,,,0,0,,0
I2_bridge_between_responses,100.0,I2,0.005,0.01,0.005,2.7362941182218492e-05,3.084451473678307e-07,,,0,0,,0
I2_bridge_between_responses,100.0,I2,0.01,0.02,0.01,5.4642485338263214e-05,6.210298820891191e-07,,,0,0,,0
I2_bridge_between_responses,100.0,I2,0.02,0.03,0.009999999999999998,0.025869176140986383,0.00022772826795502965,,,0,0,,46
I2_bridge_between_responses,100.0,I2,0.03,0.05,0.020000000000000004,-0.025760684933629818,0.0002288473013365433,,,0,0,,46
I2_bridge_between_responses,100.0,I2,0.05,0.075,0.024999999999999994,0.00019136776973027736,1.555984810316935e-06,,,0,0,,0
I2_bridge_between_responses,100.0,I2,0.075,0.1,0.02500000000000001,0.00013626113650389016,1.5557975251156986e-06,,,0,0,,0
I2_bridge_between_responses,100.0,I2,0.1,0.125,0.024999999999999994,7.401136099360883e-05,1.555344968012795e-06,,,0,0,,0
I2_bridge_between_responses,100.0,I2,0.125,0.15,0.024999999999999994,0.00013599082012660801,1.5557779000779925e-06,,,0,0,,0
I2_bridge_between_responses,100.0,I2,0.15,0.175,0.024999999999999994,0.00019824557239189744,1.5561746849745983e-06,,,0,0,,0
I2_bridge_between_responses,100.0,I2,0.175,0.2,0.025000000000000022,7.032896974124014e-05,1.5552246700051287e-06,,,0,0,,0
I2_bridge_between_responses,100.0,I2,0.2,0.225,0.024999999999999994,0.00020141995628364384,1.556140823644192e-06,,,0,0,,0
I2_bridge_between_responses,100.0,I2,0.225,0.25,0.024999999999999994,6.851759098935872e-05,1.5551397280072488e-06,,,0,0,,0
I2_bridge_between_responses,100.0,I2,0.25,0.275,0.025000000000000022,0.00013543838576879352,1.5555959406166053e-06,,,0,0,,0
I2_bridge_between_responses,100.0,I2,0.275,0.3,0.024999999999999967,0.00020285935897845775,1.5560508640627413e-06,,,0,0,,0
I2_bridge_between_responses,100.0,I2,0.3,0.325,0.025000000000000022,6.699217192362994e-05,1.555019737017882e-06,,,0,0,,0
I2_bridge_between_responses,100.0,I2,0.325,0.35,0.024999999999999967,0.00013485545059666038,1.555476839262826e-06,,,0,0,,0
I2_bridge_between_responses,100.0,I2,0.35,0.375,0.025000000000000022,0.026453426602529362,0.0002335505862625098,,,0,0,,37
I2_bridge_between_responses,100.0,I2,0.375,0.4,0.025000000000000022,-0.02618323909700848,0.00023432901077669044,,,0,0,,37
I2_bridge_between_responses,100.0,I2,0.4,0.425,0.024999999999999967,0.0002050023467745632,1.5558914218116726e-06,,,0,0,,0
I2_bridge_between_responses,100.0,I2,0.425,0.45,0.025000000000000022,0.00013512106670532376,1.5553292666004026e-06,,,0,0,,0
I2_bridge_between_responses,100.0,I2,0.45,0.475,0.024999999999999967,0.00013482609938364476,1.5552979713284731e-06,,,0,0,,0
I2_bridge_between_responses,100.0,I2,0.475,0.5,0.025000000000000022,6.305190618149936e-05,1.5547168668028633e-06,,,0,0,,0
I2_bridge_between_responses,100.0,I2,0.5,0.525,0.025000000000000022,0.0002067259920295328,1.555765564709155e-06,,,0,0,,0
I2_bridge_between_responses,100.0,I2,0.525,0.55,0.025000000000000022,0.00013489628327079117,1.555179748632951e-06,,,0,0,,0
I2_bridge_between_responses,100.0,I2,0.55,0.575,0.02499999999999991,0.00013475934974849224,1.5551501031801918e-06,,,0,0,,0
I2_bridge_between_responses,100.0,I2,0.575,0.6,0.025000000000000022,0.00013462945935316384,1.555101110148338e-06,,,0,0,,0
I2_bridge_between_responses,100.0,I2,0.6,0.625,0.025000000000000022,0.00013453129213303328,1.5550742314546229e-06,,,0,0,,0
I2_bridge_between_responses,100.0,I2,0.625,0.65,0.025000000000000022,0.00013443843636196107,1.5550367837569024e-06,,,0,0,,0
I2_bridge_between_responses,100.0,I2,0.65,0.675,0.025000000000000022,0.00013436394510790706,1.5550014835080672e-06,,,0,0,,0
I2_bridge_between_responses,100.0,I2,0.675,0.7,0.02499999999999991,5.7187280617654324e-05,1.5543690436020663e-06,,,0,0,,0
I2_bridge_between_responses,100.0,I2,0.7,0.725,0.025000000000000022,0.0001341496972599998,1.5549264012482134e-06,,,0,0,,0
I2_bridge_between_responses,100.0,I2,0.725,0.75,0.025000000000000022,0.00021112241665832698,1.5554707585019312e-06,,,0,0,,0
I2_bridge_between_responses,100.0,I2,0.75,0.775,0.025000000000000022,0.00013407498772721738,1.5548499851386621e-06,,,0,0,,0
I2_bridge_between_responses,100.0,I2,0.775,0.8,0.025000000000000022,0.00013395558926276863,1.554810996742817e-06,,,0,0,,0
I2_bridge_between_responses,100.0,I2,0.8,0.825,0.02499999999999991,0.00013387799845077097,1.5547743257016133e-06,,,0,0,,0
I2_bridge_between_responses,100.0,I2,0.825,0.85,0.025000000000000022,5.376877379603684e-05,1.5541394557949673e-06,,,0,0,,0
I2_bridge_between_responses,100.0,I2,0.85,0.875,0.025000000000000022,0.00021367620502132922,1.5553174842891648e-06,,,0,0,,0
I2_bridge_between_responses,100.0,I2,0.875,0.9,0.025000000000000022,0.00013359742297325283,1.5546651318809612e-06,,,0,0,,0
I2_bridge_between_responses,100.0,I2,0.9,0.925,0.025000000000000022,5.2688264986500144e-05,1.5540286712467655e-06,,,0,0,,0
I2_bridge_between_responses,100.0,I2,0.925,0.95,0.02499999999999991,0.00021551708050537854,1.5552147420577755e-06,,,0,0,,0
I2_bridge_between_responses,100.0,I2,0.95,0.975,0.025000000000000022,4.9177760956808925e-05,1.5539296352590215e-06,,,0,0,,0
I2_bridge_between_responses,100.0,I2,0.975,1.0,0.025000000000000022,0.0002160987351089716,1.5551665716317942e-06,,,0,0,,0
I2_incumbent_start,25.0,I2,0.0,1e-06,1e-06,0.0007011946727288887,4.198872069594017e-06,,,0,0,,0
I2_incumbent_start,25.0,I2,1e-06,1e-05,9e-06,0.006310738419415429,3.778989464287008e-05,,,0,0,,0
I2_incumbent_start,25.0,I2,1e-05,0.0001,9e-05,0.06310736371960957,0.000377898941202659,,,0,0,,0
I2_incumbent_start,25.0,I2,0.0001,0.001,0.0009,0.6310716651933035,0.003778989399094712,,,0,0,,0
I2_incumbent_start,25.0,I2,0.001,0.0025,0.0015,1.0517782056413125,0.006298315695465462,,,0,0,,0
I2_incumbent_start,25.0,I2,0.0025,0.005,0.0025,1.7529413811280392,0.010497192767683572,,,0,0,,0
I2_incumbent_start,25.0,I2,0.005,0.01,0.005,3.505828163397382,0.020995117248578055,,,0,0,,0
I2_incumbent_start,25.0,I2,0.01,0.02,0.01,7.011264632514212,0.04198876127748363,,,0,0,,146
I2_incumbent_start,25.0,I2,0.02,0.03,0.009999999999999998,7.010822681768332,0.0419887613237897,,,0,0,,2
I2_incumbent_start,25.0,I2,0.03,0.05,0.020000000000000004,14.020318974697147,0.08397752307805106,,,0,0,,0
I2_incumbent_start,25.0,I2,0.05,0.075,0.024999999999999994,17.52291089956998,0.10497190459798666,,,0,0,,4
I2_incumbent_start,25.0,I2,0.075,0.1,0.02500000000000001,17.520146016264334,0.10497190540389667,,,0,0,,0
I2_incumbent_start,25.0,I2,0.1,0.125,0.024999999999999994,17.51738076469337,0.10497190605705775,,,0,0,,2
I2_incumbent_start,25.0,I2,0.125,0.15,0.024999999999999994,17.514615321153542,0.1049719068845425,,,0,0,,0
I2_incumbent_start,25.0,I2,0.15,0.175,0.024999999999999994,17.511854077180033,0.10497190707557014,,,0,0,,0
I2_incumbent_start,25.0,I2,0.175,0.2,0.025000000000000022,17.509079656534595,0.10497190766384623,,,0,0,,0
I2_incumbent_start,25.0,I2,0.2,0.225,0.024999999999999994,17.506318327286863,0.10497190819691316,,,0,0,,0
I2_incumbent_start,25.0,I2,0.225,0.25,0.024999999999999994,17.503552559268428,0.10497190825246161,,,0,0,,0
I2_incumbent_start,25.0,I2,0.25,0.275,0.025000000000000022,17.500786782518844,0.10497190906052367,,,0,0,,0
I2_incumbent_start,25.0,I2,0.275,0.3,0.024999999999999967,17.498020950559294,0.10497190887674623,,,0,0,,0
I2_incumbent_start,25.0,I2,0.3,0.325,0.025000000000000022,17.49525516120775,0.10497190908431087,,,0,0,,0
I2_incumbent_start,25.0,I2,0.325,0.35,0.024999999999999967,17.49248928563611,0.10497190909044907,,,0,0,,0
I2_incumbent_start,25.0,I2,0.35,0.375,0.025000000000000022,17.489723474092898,0.1049719089849761,,,0,0,,0
I2_incumbent_start,25.0,I2,0.375,0.4,0.025000000000000022,17.486957616580185,0.10497190879612806,,,0,0,,0
I2_incumbent_start,25.0,I2,0.4,0.425,0.024999999999999967,17.484191755836946,0.10497190817556312,,,0,0,,0
I2_incumbent_start,25.0,I2,0.425,0.45,0.025000000000000022,17.481425874488195,0.10497190496224107,,,0,0,,0
I2_incumbent_start,25.0,I2,0.45,0.475,0.024999999999999967,17.478659335974953,0.10497171327538357,,,0,0,,4
I2_incumbent_start,25.0,I2,0.475,0.5,0.025000000000000022,17.475891698442865,0.10497052596604917,,,0,0,,4
I2_incumbent_start,25.0,I2,0.5,0.525,0.025000000000000022,17.473126063792733,0.10497050247299367,,,0,0,,0
I2_incumbent_start,25.0,I2,0.525,0.55,0.025000000000000022,17.470360222112504,0.10497050123751794,,,0,0,,72
I2_incumbent_start,25.0,I2,0.55,0.575,0.02499999999999991,17.467594404370175,0.10497050049408951,,,0,0,,0
I2_incumbent_start,25.0,I2,0.575,0.6,0.025000000000000022,17.46482854813803,0.10497049970361072,,,0,0,,0
I2_incumbent_start,25.0,I2,0.6,0.625,0.025000000000000022,17.46206270904804,0.10497049877000819,,,0,0,,0
I2_incumbent_start,25.0,I2,0.625,0.65,0.025000000000000022,17.459296872766572,0.10497049763271882,,,0,0,,0
I2_incumbent_start,25.0,I2,0.65,0.675,0.025000000000000022,17.44926725635014,0.10494139546849279,,,0,0,,74
I2_incumbent_start,25.0,I2,0.675,0.7,0.02499999999999991,17.453860395020456,0.10497125903452087,,,0,0,,4
I2_incumbent_start,25.0,I2,0.7,0.725,0.025000000000000022,17.4510945128568,0.10497125794198148,,,0,0,,1
I2_incumbent_start,25.0,I2,0.725,0.75,0.025000000000000022,17.455306790812756,0.10499805759534109,,,0,0,,23
I2_incumbent_start,25.0,I2,0.75,0.775,0.025000000000000022,17.445467610945343,0.10497048341467075,,,0,0,,3
I2_incumbent_start,25.0,I2,0.775,0.8,0.025000000000000022,17.442728567752056,0.10497046111906005,,,0,0,,46
I2_incumbent_start,25.0,I2,0.8,0.825,0.02499999999999991,17.439936826034682,0.10497051579893402,,,0,0,,3
I2_incumbent_start,25.0,I2,0.825,0.85,0.025000000000000022,17.437170975885238,0.1049705157948928,,,0,0,,0
I2_incumbent_start,25.0,I2,0.85,0.875,0.025000000000000022,17.43440511461813,0.10497051576165539,,,0,0,,0
I2_incumbent_start,25.0,I2,0.875,0.9,0.025000000000000022,17.425199564677314,0.10494876968085975,,,0,0,,70
I2_incumbent_start,25.0,I2,0.9,0.925,0.025000000000000022,17.428966716688592,0.10497469789936442,,,0,0,,5
I2_incumbent_start,25.0,I2,0.925,0.95,0.02499999999999991,17.432116439536912,0.10499656598694251,,,0,0,,74
I2_incumbent_start,25.0,I2,0.95,0.975,0.025000000000000022,17.423203481768724,0.10496152838796124,,,0,0,,38
I2_incumbent_start,25.0,I2,0.975,1.0,0.025000000000000022,17.420267325025634,0.10497527728458422,,,0,0,,19
I2_incumbent_start,50.0,I2,0.0,1e-06,1e-06,0.0006498901784652844,5.507396845239043e-06,,,0,0,,0
I2_incumbent_start,50.0,I2,1e-06,1e-05,9e-06,0.0058490080264164135,4.9567273490147556e-05,,,0,0,,14
I2_incumbent_start,50.0,I2,1e-05,0.0001,9e-05,0.058490095878369175,0.0004956657121333308,,,0,0,,0
I2_incumbent_start,50.0,I2,0.0001,0.001,0.0009,0.5848991174134426,0.004956657134432163,,,0,0,,0
I2_incumbent_start,50.0,I2,0.001,0.0025,0.0015,0.9748244159272872,0.008261095225014614,,,0,0,,0
I2_incumbent_start,50.0,I2,0.0025,0.005,0.0025,1.6246866750298068,0.013768492042760094,,,0,0,,0
I2_incumbent_start,50.0,I2,0.005,0.01,0.005,3.2492915553448256,0.027537745231737354,,,0,0,,8
I2_incumbent_start,50.0,I2,0.01,0.02,0.01,6.49827474707854,0.05507414901683383,,,0,0,,146
I2_incumbent_start,50.0,I2,0.02,0.03,0.009999999999999998,6.49785463612352,0.05507425551134837,,,0,0,,2
I2_incumbent_start,50.0,I2,0.03,0.05,0.020000000000000004,12.99397345368925,0.11014646398210548,,,0,0,,3
I2_incumbent_start,50.0,I2,0.05,0.05078125,0.0007812499999999972,0.5071915369044291,0.004299898465448315,,,0,0,,3
I2_incumbent_start,50.0,I2,0.05078125,0.051171875000000006,0.00039062500000000555,0.25334680984087754,0.002147931324250507,,,0,0,,0
I2_incumbent_start,50.0,I2,0.051171875000000006,0.051220703125,4.8828124999997224e-05,0.0316398852301063,0.0002682593075311601,,,0,0,,0
I2_incumbent_start,50.0,I2,0.051220703125,0.051232910156250006,1.2207031250002776e-05,0.007908445040811785,6.705235755433137e-05,,,0,0,,0
I2_incumbent_start,50.0,I2,0.051232910156250006,0.051234436035156254,1.5258789062486122e-06,0.0009885094041237608,8.38116718959725e-06,,,0,0,,0
I2_incumbent_start,50.0,I2,0.051234436035156254,0.05123481750488282,3.814697265638878e-07,0.00024712384038139135,2.0952769776982905e-06,,,0,0,,0
I2_incumbent_start,50.0,I2,0.05123481750488282,0.05123491287231446,9.536743163923722e-08,6.178341573104262e-05,5.238222504644341e-07,,,0,0,,0
I2_incumbent_start,50.0,I2,0.05123491287231446,0.05123496055603027,4.7683715816149164e-08,3.088836092501879e-05,2.6190683755089594e-07,,,0,2,RES_PV_N8:cap@14;RES_PV_N8:marg@14,0
I2_incumbent_start,50.0,I2,0.05123496055603027,0.051234972476959226,1.1920928952302567e-08,7.724753231741488e-06,6.547804698442405e-08,,,0,0,,0
I2_incumbent_start,50.0,I2,0.051234972476959226,0.05123497843742371,5.960464483090178e-09,3.861438017338514e-06,3.27396758592613e-08,,,0,0,,0
I2_incumbent_start,50.0,I2,0.05123497843742371,0.05123498141765595,2.980232241545089e-09,1.930035068653524e-06,1.636977131624917e-08,,,0,0,,0
I2_incumbent_start,50.0,I2,0.05123498141765595,0.051234982907772064,1.4901161138336505e-09,9.659124771133065e-07,8.184415811740564e-09,,,0,2,RES_PV_N8:cap@15;RES_PV_N8:marg@15,0
I2_incumbent_start,50.0,I2,0.051234982907772064,0.051234984397888185,1.4901161207725444e-09,9.652285370975733e-07,8.18442735806002e-09,,,0,0,,0
I2_incumbent_start,50.0,I2,0.051234984397888185,0.051235008239746097,2.384185791154403e-08,1.5445519238710403e-05,1.309549348960104e-07,,,0,0,,0
I2_incumbent_start,50.0,I2,0.051235008239746097,0.051235198974609375,1.9073486327847444e-07,0.00012356253864709288,1.0476365615019745e-06,,,0,0,,0
I2_incumbent_start,50.0,I2,0.051235198974609375,0.0512359619140625,7.629394531277756e-07,0.000494247826281935,4.190528286152073e-06,,,0,0,,0
I2_incumbent_start,50.0,I2,0.0512359619140625,0.05123901367187501,3.0517578125041633e-06,0.001976966639631428,1.6761911467710888e-05,,,0,0,,0
I2_incumbent_start,50.0,I2,0.05123901367187501,0.05124511718750001,6.103515625001388e-06,0.003953806139179505,3.352277668788872e-05,,,0,0,,0
I2_incumbent_start,50.0,I2,0.05124511718750001,0.05126953125000001,2.4414062499998612e-05,0.015813422884093598,0.00013407636893703057,,,0,0,,0
I2_incumbent_start,50.0,I2,0.05126953125000001,0.05136718750000001,9.765625000000139e-05,0.0632203507993836,0.0005360330645798328,,,0,0,,0
I2_incumbent_start,50.0,I2,0.05136718750000001,0.051562500000000004,0.00019531249999999584,0.12618106525042094,0.0010699422646061052,,,0,0,,2
I2_incumbent_start,50.0,I2,0.051562500000000004,0.053125000000000006,0.0015625000000000014,0.7424095391615992,0.007396272745300081,,,0,0,,2
I2_incumbent_start,50.0,I2,0.053125000000000006,0.05625,0.003124999999999996,1.2323466589296004,0.015454702603140191,,,0,0,,0
I2_incumbent_start,50.0,I2,0.05625,0.0625,0.006249999999999999,2.5651271330134477,0.03348098364655172,,,0,0,,27
I2_incumbent_start,50.0,I2,0.0625,0.075,0.012499999999999997,6.3881281127542024,0.10336563094600137,,,0,0,,0
I2_incumbent_start,50.0,I2,0.075,0.1,0.02500000000000001,12.774559692799812,0.20673725930486686,,,0,0,,0
I2_incumbent_start,50.0,I2,0.1,0.125,0.024999999999999994,12.771965134394122,0.20672909373238824,,,0,0,,2
I2_incumbent_start,50.0,I2,0.125,0.1375,0.012500000000000011,6.385088414332131,0.10336512961557798,,,0,0,,0
I2_incumbent_start,50.0,I2,0.1375,0.14375,0.006249999999999978,3.1923212535184575,0.05168263469580037,,,0,0,,0
I2_incumbent_start,50.0,I2,0.14375,0.14687499999999998,0.003124999999999989,1.596105503893341,0.025841331139448087,L46-@15,,0,0,,0
I2_incumbent_start,50.0,I2,0.14687499999999998,0.14765625,0.0007812500000000111,0.39902079914463684,0.006460334073123519,,,0,0,,0
I2_incumbent_start,50.0,I2,0.14765625,0.148046875,0.00039062500000000555,0.19950950925704092,0.0032301670229966106,,,0,0,,0
I2_incumbent_start,50.0,I2,0.148046875,0.1480712890625,2.441406250000555e-05,0.012469356006477028,0.00020188593189462978,,,0,0,,0
I2_incumbent_start,50.0,I2,0.1480712890625,0.14808349609375,1.2207031249988898e-05,0.0062346610211534426,0.00010094272017280304,,,0,0,,0
I2_incumbent_start,50.0,I2,0.14808349609375,0.14808959960937498,6.103515624994449e-06,0.0031172832677839324,5.0470922839274124e-05,,,0,0,,0
I2_incumbent_start,50.0,I2,0.14808959960937498,0.14809265136718747,3.0517578124833467e-06,0.001558660063892603,2.5235631279763027e-05,,,0,0,,0
I2_incumbent_start,50.0,I2,0.14809265136718747,0.14809417724609372,1.5258789062555511e-06,0.000779329682700336,1.2617821445459754e-05,,,0,0,,0
I2_incumbent_start,50.0,I2,0.14809417724609372,0.14809494018554686,7.629394531416533e-07,0.0003896616253769025,6.3089010486905295e-06,,,0,0,,0
I2_incumbent_start,50.0,I2,0.14809494018554686,0.14809532165527342,3.814697265569489e-07,0.00019483295909594744,3.1544589482734864e-06,,,0,0,,0
I2_incumbent_start,50.0,I2,0.14809532165527342,0.14809551239013669,1.9073486326459665e-07,9.74163122009486e-05,1.5772296997340618e-06,,,0,0,,0
I2_incumbent_start,50.0,I2,0.14809551239013669,0.14809560775756833,9.536743164617612e-08,4.870828706771135e-05,7.886131800916019e-07,,,0,0,,0
I2_incumbent_start,50.0,I2,0.14809560775756833,0.14809565544128417,4.7683715836965845e-08,2.4357213987968862e-05,3.943063981992623e-07,,,0,0,,0
I2_incumbent_start,50.0,I2,0.14809565544128417,0.14809567928314207,2.3841857904605135e-08,1.2079923180863261e-05,1.971688323720855e-07,,,0,0,,0
I2_incumbent_start,50.0,I2,0.14809567928314207,0.148095691204071,1.192092893842478e-08,6.107264198362827e-06,9.862121430614934e-08,,,0,0,,0
I2_incumbent_start,50.0,I2,0.148095691204071,0.14809569269418713,1.4901161138336505e-09,7.404742063954473e-07,1.2324733233981533e-08,,,0,0,,0
I2_incumbent_start,50.0,I2,0.14809569269418713,0.14809569418430324,1.4901161138336505e-09,7.92468199506402e-07,1.243850622500986e-08,L46-@14,,0,0,,0
I2_incumbent_start,50.0,I2,0.14809569418430324,0.1480956971645355,2.9802322554228766e-09,1.5220430213958025e-06,2.4643106222299593e-08,,,0,0,,0
I2_incumbent_start,50.0,I2,0.1480956971645355,0.14809570312499998,5.960464483090178e-09,3.0444934964179993e-06,4.9290775905319606e-08,,,0,0,,0
I2_incumbent_start,50.0,I2,0.14809570312499998,0.14814453125,4.88281250000111e-05,0.024938692993600853,0.00040377066485230984,,,0,0,,0
I2_incumbent_start,50.0,I2,0.14814453125,0.1482421875,9.76562500000222e-05,0.04987733300367836,0.0008075424350835192,,,0,0,,0
I2_incumbent_start,50.0,I2,0.1482421875,0.1484375,0.0001953124999999889,0.09975439024856314,0.001615083502072956,,,0,0,,0
I2_incumbent_start,50.0,I2,0.1484375,0.15,0.0015624999999999944,0.7980302516079973,0.012920670687196711,,,0,0,,0
I2_incumbent_start,50.0,I2,0.15,0.175,0.024999999999999994,14.336145457462408,0.2077495879338711,,,2,0,,0
I2_incumbent_start,50.0,I2,0.175,0.2,0.025000000000000022,36.158097975101555,0.22192105299185894,,,0,0,,0
I2_incumbent_start,50.0,I2,0.2,0.225,0.024999999999999994,36.152947223279625,0.2219216888643034,,,0,0,,0
I2_incumbent_start,50.0,I2,0.225,0.25,0.024999999999999994,36.146934735181276,0.22192174496635975,,,0,0,,0
I2_incumbent_start,50.0,I2,0.25,0.275,0.025000000000000022,36.14090792897332,0.22192177867463325,,,0,0,,0
I2_incumbent_start,50.0,I2,0.275,0.3,0.024999999999999967,36.134878125361865,0.2219218031077732,,,0,0,,0
I2_incumbent_start,50.0,I2,0.3,0.325,0.025000000000000022,36.12884724905598,0.2219218209252416,,,0,0,,0
I2_incumbent_start,50.0,I2,0.325,0.35,0.024999999999999967,36.12281585554592,0.22192183359492113,,,0,0,,0
I2_incumbent_start,50.0,I2,0.35,0.375,0.025000000000000022,36.11678427251172,0.2219218442843589,,,0,0,,0
I2_incumbent_start,50.0,I2,0.375,0.4,0.025000000000000022,36.110752537395456,0.22192185247297136,,,0,0,,0
I2_incumbent_start,50.0,I2,0.4,0.425,0.024999999999999967,36.10472069605021,0.22192185843559464,,,0,0,,0
I2_incumbent_start,50.0,I2,0.425,0.45,0.025000000000000022,36.098688751037116,0.2219218615474503,,,0,0,,0
I2_incumbent_start,50.0,I2,0.45,0.475,0.024999999999999967,36.09264835083741,0.22192166119221657,,,0,0,,4
I2_incumbent_start,50.0,I2,0.475,0.5,0.025000000000000022,36.08648026481387,0.2219192287767644,,,0,0,,0
I2_incumbent_start,50.0,I2,0.5,0.525,0.025000000000000022,36.08044420350052,0.22191918713708247,,,0,0,,0
I2_incumbent_start,50.0,I2,0.525,0.55,0.025000000000000022,36.074412182642845,0.22191918824303158,,,0,0,,74
I2_incumbent_start,50.0,I2,0.55,0.575,0.02499999999999991,36.06838021654403,0.2219191894177417,,,0,0,,0
I2_incumbent_start,50.0,I2,0.575,0.6,0.025000000000000022,36.06234825178399,0.2219191902616231,,,0,0,,0
I2_incumbent_start,50.0,I2,0.6,0.625,0.025000000000000022,36.05631627464027,0.22191919056819076,,,0,0,,0
I2_incumbent_start,50.0,I2,0.625,0.65,0.025000000000000022,36.05028427836078,0.22191919030884066,,,0,0,,0
I2_incumbent_start,50.0,I2,0.65,0.675,0.025000000000000022,36.0442522605299,0.22191918933396582,,,0,0,,50
I2_incumbent_start,50.0,I2,0.675,0.7,0.02499999999999991,36.03827729600016,0.22191912585332418,,,0,0,,48
I2_incumbent_start,50.0,I2,0.7,0.725,0.025000000000000022,36.03219042162527,0.22191922595968183,,,0,0,,1
I2_incumbent_start,50.0,I2,0.725,0.75,0.025000000000000022,36.02615845330001,0.2219192259555791,,,0,0,,3
I2_incumbent_start,50.0,I2,0.75,0.775,0.025000000000000022,36.00864534291031,0.22187148084825303,,,0,0,,71
I2_incumbent_start,50.0,I2,0.775,0.8,0.025000000000000022,36.02557566249743,0.2219669710431842,,,0,0,,70
I2_incumbent_start,50.0,I2,0.8,0.825,0.02499999999999991,35.997233981775935,0.22187400243110011,,,0,0,,73
I2_incumbent_start,50.0,I2,0.825,0.85,0.025000000000000022,36.01285914446635,0.22196444912860902,,,0,0,,68
I2_incumbent_start,50.0,I2,0.85,0.85625,0.006249999999999978,8.999565104357316,0.05547980579719143,,,0,0,,0
I2_incumbent_start,50.0,I2,0.85625,0.859375,0.0031250000000000444,4.49964060781349,0.02773989276532418,,,0,0,,0
I2_incumbent_start,50.0,I2,0.859375,0.8595703125,0.0001953125000000444,0.2812235025194241,0.0017337273141188726,,,0,0,,0
I2_incumbent_start,50.0,I2,0.8595703125,0.85966796875,9.765624999991118e-05,0.14060733703081496,0.0008667882180928444,,,0,0,,0
I2_incumbent_start,50.0,I2,0.85966796875,0.8596923828124999,2.4414062499977796e-05,0.035041949842707254,0.00021475869030996157,,,0,0,,0
I2_incumbent_start,50.0,I2,0.8596923828124999,0.8597045898437499,1.2207031249933387e-05,0.016458442303701304,8.8633820634063e-05,,,0,0,,0
I2_incumbent_start,50.0,I2,0.8597045898437499,0.8597076416015623,3.051757812455591e-06,0.003649782345746644,2.0123704283392385e-05,,,0,0,,0
I2_incumbent_start,50.0,I2,0.8597076416015623,0.8597080230712889,3.8146972658470446e-07,0.000439218245446682,2.504058401520126e-06,,,0,0,,0
I2_incumbent_start,50.0,I2,0.8597080230712889,0.8597081184387205,9.536743161842054e-08,0.0001092192396754399,6.256208786581396e-07,,,0,0,,0
I2_incumbent_start,50.0,I2,0.8597081184387205,0.8597081422805785,2.384185793236071e-08,2.7238187612965703e-05,1.5636294570242626e-07,,,0,0,,0
I2_incumbent_start,50.0,I2,0.8597081422805785,0.8597081452608106,2.9802321721561498e-09,3.40811675414443e-06,1.9548192398133324e-08,,,0,0,,0
I2_incumbent_start,50.0,I2,0.8597081452608106,0.8597081467509268,1.4901161415892261e-09,1.7037527868524194e-06,9.771905951083681e-09,,,0,0,,0
I2_incumbent_start,50.0,I2,0.8597081467509268,0.8597081482410429,1.4901161415892261e-09,-0.015730836341390386,0.000276933093844751,,,0,2,RES_PV_N6:cap@13;RES_PV_N6:marg@13,0
I2_incumbent_start,50.0,I2,0.8597081482410429,0.8597081542015075,5.9604645663569045e-09,0.015739355570985936,0.0002769602610211382,,,0,0,,0
I2_incumbent_start,50.0,I2,0.8597081542015075,0.8597081661224364,1.1920928910669204e-08,1.3660639524459839e-05,7.82067415272536e-08,,,0,0,,0
I2_incumbent_start,50.0,I2,0.8597081661224364,0.8597082138061523,4.768371586472142e-08,5.446742579806596e-05,3.1271729472592824e-07,,,0,0,,0
I2_incumbent_start,50.0,I2,0.8597082138061523,0.8597084045410155,1.9073486323684108e-07,0.00021724820544477552,1.250444671363482e-06,,,0,0,,0
I2_incumbent_start,50.0,I2,0.8597084045410155,0.8597091674804687,7.629394531694089e-07,0.0008601602894486859,4.9958662513560625e-06,,,0,0,,0
I2_incumbent_start,50.0,I2,0.8597091674804687,0.8597106933593749,1.5258789062277955e-06,0.0016785655170679092,9.96372614103791e-06,,,0,0,,0
I2_incumbent_start,50.0,I2,0.8597106933593749,0.8597167968749999,6.1035156250222045e-06,0.006277219727053307,3.956184243669725e-05,,,0,0,,0
I2_incumbent_start,50.0,I2,0.8597167968749999,0.859765625,4.882812500006661e-05,0.045980209833942354,0.0003136531534604359,,,0,0,,0
I2_incumbent_start,50.0,I2,0.859765625,0.86015625,0.0003906249999999778,0.3659071273286827,0.0025079282563620353,,,0,0,,0
I2_incumbent_start,50.0,I2,0.86015625,0.8609375,0.0007812500000000666,0.7318056131189223,0.0050158523944645594,,,0,0,,0
I2_incumbent_start,50.0,I2,0.8609375,0.8625,0.0015625000000000222,1.4636007312656147,0.010031704442072353,,,0,0,,0
I2_incumbent_start,50.0,I2,0.8625,0.875,0.012499999999999956,11.708326091247727,0.08025363505253935,,,0,0,,0
I2_incumbent_start,50.0,I2,0.875,0.9,0.025000000000000022,23.4139987884555,0.16050694170197843,,,0,0,,2
I2_incumbent_start,50.0,I2,0.9,0.925,0.025000000000000022,23.410276127484394,0.16050588671309818,,,0,0,,5
I2_incumbent_start,50.0,I2,0.925,0.95,0.02499999999999991,23.39991019279114,0.16047466625037643,,,0,0,,74
I2_incumbent_start,50.0,I2,0.95,0.975,0.025000000000000022,23.403860542326584,0.16050820639751606,,,0,0,,39
I2_incumbent_start,50.0,I2,0.975,0.9875,0.012500000000000067,11.700584990452626,0.08025752554555599,,,0,0,,12
I2_incumbent_start,50.0,I2,0.9875,0.9890625000000001,0.0015625000000000222,1.4883863082213793,0.010218299958587806,,,0,0,,0
I2_incumbent_start,50.0,I2,0.9890625000000001,0.989453125,0.0003906249999999778,0.38256635423749685,0.0030033424295581312,,,0,0,,0
I2_incumbent_start,50.0,I2,0.989453125,0.9896484375000001,0.0001953125000000444,0.19182088285742793,0.0015247286012218808,,,0,0,,0
I2_incumbent_start,50.0,I2,0.9896484375000001,0.9897460937500001,9.76562500000222e-05,0.09598472235666122,0.0007655511694437678,,,0,0,,0
I2_incumbent_start,50.0,I2,0.9897460937500001,0.98975830078125,1.2207031249933387e-05,0.012000841074041091,9.581194125374282e-05,,,0,0,,0
I2_incumbent_start,50.0,I2,0.98975830078125,0.9897613525390625,3.051757812455591e-06,0.0030002980056451634,2.395676048649875e-05,,,0,0,,0
I2_incumbent_start,50.0,I2,0.9897613525390625,0.9897628784179688,1.5258789063388178e-06,0.0015001621504779905,1.1978940250401138e-05,,,0,0,,0
I2_incumbent_start,50.0,I2,0.9897628784179688,0.9897632598876954,3.8146972658470446e-07,0.0003750417963601649,2.994791962862564e-06,,,0,0,,0
I2_incumbent_start,50.0,I2,0.9897632598876954,0.9897633075714112,4.768371575369912e-08,4.688027547672391e-05,3.7435078681369305e-07,,,0,0,,0
I2_incumbent_start,50.0,I2,0.9897633075714112,0.9897633194923401,1.1920928910669204e-08,1.1720025213435292e-05,9.35890192010902e-08,,,0,0,,0
I2_incumbent_start,50.0,I2,0.9897633194923401,0.9897633254528047,5.9604645663569045e-09,5.86007081437856e-06,4.6792091978886674e-08,,,0,0,,0
I2_incumbent_start,50.0,I2,0.9897633254528047,0.9897633284330369,2.9802322831784522e-09,2.9301008908078074e-06,2.340021154623173e-08,,,0,0,,0
I2_incumbent_start,50.0,I2,0.9897633284330369,0.989763329923153,1.4901160305669237e-09,1.4649704098701477e-06,1.1696439372599343e-08,,,0,2,RES_PV_N8:cap@15;RES_PV_N8:marg@15,0
I2_incumbent_start,50.0,I2,0.989763329923153,0.9897633314132691,1.4901161415892261e-09,1.4653196558356285e-06,1.1700990398821887e-08,,,0,0,,0
I2_incumbent_start,50.0,I2,0.9897633314132691,0.989763355255127,2.384185793236071e-08,2.3440152290277183e-05,1.8717072336471574e-07,,,0,0,,0
I2_incumbent_start,50.0,I2,0.989763355255127,0.9897634506225588,9.536743172944284e-08,0.0073598667222540826,0.00013517711164245938,,,0,0,,93
I2_incumbent_start,50.0,I2,0.9897634506225588,0.989763641357422,1.9073486323684108e-07,-0.007078584865666926,0.00013434684873114833,,,0,0,,93
I2_incumbent_start,50.0,I2,0.989763641357422,0.9897644042968751,7.629394530583866e-07,0.0007500863139284775,5.9896995630026595e-06,,,0,0,,0
I2_incumbent_start,50.0,I2,0.9897644042968751,0.9897705078125001,6.1035156250222045e-06,0.006000769295496866,4.7920939710621724e-05,,,0,0,,0
I2_incumbent_start,50.0,I2,0.9897705078125001,0.9897949218750002,2.4414062500088818e-05,0.02400442234647926,0.00019174152736667338,,,0,0,,0
I2_incumbent_start,50.0,I2,0.9897949218750002,0.9898437500000001,4.882812499995559e-05,0.04801496355503332,0.0003837456826296659,,,0,0,,0
I2_incumbent_start,50.0,I2,0.9898437500000001,0.9906250000000001,0.0007812499999999556,0.7689268747344613,0.0061694734980619614,,,0,0,,12
I2_incumbent_start,50.0,I2,0.9906250000000001,0.99375,0.0031249999999999334,3.0790019588312134,0.024820617545632473,,,0,0,,0
I2_incumbent_start,50.0,I2,0.99375,1.0,0.006249999999999978,6.159712937253062,0.04972187552363749,,,0,0,,0
I2_incumbent_start,100.0,I2,0.0,1e-06,1e-06,0.0007545588014181703,1.1014795118668985e-05,,,0,0,,2
I2_incumbent_start,100.0,I2,1e-06,1e-05,9e-06,0.012607276876224205,9.913319943155585e-05,,,0,0,,2
I2_incumbent_start,100.0,I2,1e-05,0.0001,9e-05,0.13686867061187513,0.000991331997548528,,,0,0,,1
I2_incumbent_start,100.0,I2,0.0001,0.00032500000000000004,0.00022500000000000005,0.28719309176085517,0.002476445827607421,,,0,0,,8
I2_incumbent_start,100.0,I2,0.00032500000000000004,0.00032851562500000003,3.5156249999999923e-06,-0.012946245245984755,0.000213082135715581,,,0,0,,3
I2_incumbent_start,100.0,I2,0.00032851562500000003,0.00033027343750000005,1.7578125000000232e-06,0.001589195802807808,1.932826777117924e-05,,,0,0,,1
I2_incumbent_start,100.0,I2,0.00033027343750000005,0.00033071289062500006,4.394531250000058e-07,0.00044505560072138906,4.833367666101651e-06,,,0,0,,0
I2_incumbent_start,100.0,I2,0.00033071289062500006,0.00033093261718750004,2.197265624999758e-07,0.0002594592224340886,2.4194031684743322e-06,,,0,0,,0
I2_incumbent_start,100.0,I2,0.00033093261718750004,0.0003309600830078125,2.74658203124902e-08,3.247667336836457e-05,3.0242572623961905e-07,,,0,0,,0
I2_incumbent_start,100.0,I2,0.0003309600830078125,0.000330961799621582,1.7166137694798154e-09,2.300133928656578e-06,1.8899011244855046e-08,,,0,0,,0
I2_incumbent_start,100.0,I2,0.000330961799621582,0.0003309622287750244,4.291534423835064e-10,5.05795469507575e-07,4.729723279695008e-09,,,0,0,,0
I2_incumbent_start,100.0,I2,0.0003309622287750244,0.0003309626579284668,4.291534423835064e-10,0.042525309036136605,0.0005132090174697623,,,0,4,G_N1_a:marg@11;G_N1_a:marg@16;G_N1_a:off@11;G_N1_a:off@16,1
I2_incumbent_start,100.0,I2,0.0003309626579284668,0.00033096351623535154,8.583068847670128e-10,1.1288648238405585e-06,9.45757161474603e-09,,,0,0,,0
I2_incumbent_start,100.0,I2,0.00033096351623535154,0.0003309669494628906,3.433227539068051e-09,4.417801392264664e-06,3.7813296493993676e-08,,,0,0,,0
I2_incumbent_start,100.0,I2,0.0003309669494628906,0.00033097381591796874,6.866455078136102e-09,8.810093277134001e-06,7.563214232675364e-08,,,0,0,,0
I2_incumbent_start,100.0,I2,0.00033097381591796874,0.000330987548828125,1.3732910156272204e-08,1.7670536180958152e-05,1.5126808516896517e-07,,,0,0,,0
I2_incumbent_start,100.0,I2,0.000330987548828125,0.00033104248046875005,5.493164062503461e-08,7.065662066452205e-05,6.050590695139135e-07,,,0,0,,0
I2_incumbent_start,100.0,I2,0.00033104248046875005,0.00033115234375000007,1.09863281250015e-07,0.00014140848361421376,1.2101201791736571e-06,,,0,0,,0
I2_incumbent_start,100.0,I2,0.00033115234375000007,0.0003320312500000001,8.789062500000116e-07,0.0011309461697237566,9.680982289594908e-06,,,0,0,,0
I2_incumbent_start,100.0,I2,0.0003320312500000001,0.00033906250000000006,7.0312499999999846e-06,0.009053909961949103,7.744781987106819e-05,,,0,0,,1
I2_incumbent_start,100.0,I2,0.00033906250000000006,0.00035312500000000003,1.4062499999999969e-05,0.020523821702226996,0.00015489563369897041,,,0,0,,5
I2_incumbent_start,100.0,I2,0.00035312500000000003,0.0003812500000000001,2.8125000000000047e-05,0.036639656900661066,0.0003097912789398194,,,0,0,,0
I2_incumbent_start,100.0,I2,0.0003812500000000001,0.00043750000000000006,5.6249999999999985e-05,0.07344572561851237,0.0006195825515602493,,,0,0,,0
I2_incumbent_start,100.0,I2,0.00043750000000000006,0.00055,0.00011249999999999997,0.14752529034740292,0.0012391650941143695,,,0,0,,0
I2_incumbent_start,100.0,I2,0.00055,0.001,0.00045,0.5865823924541473,0.004956660396739032,,,0,0,,2
I2_incumbent_start,100.0,I2,0.001,0.0025,0.0015,1.958352072062553,0.016522201306847784,,,0,0,,5
I2_incumbent_start,100.0,I2,0.0025,0.005,0.0025,3.2687739608663833,0.02753700214356858,,,0,0,,7
I2_incumbent_start,100.0,I2,0.005,0.0075,0.0024999999999999996,3.2454364636651007,0.0275339483955932,L46-@15,,0,4,G_N1_a:marg@11;G_N1_a:marg@16;G_N1_a:off@11;G_N1_a:off@16,2
I2_incumbent_start,100.0,I2,0.0075,0.00875,0.0012500000000000011,1.6133652467106003,0.013768019643424445,,,0,0,,4
I2_incumbent_start,100.0,I2,0.00875,0.009375000000000001,0.0006250000000000006,0.8280827423586743,0.006884381175153997,,,0,0,,4
I2_incumbent_start,100.0,I2,0.009375000000000001,0.009394531250000001,1.9531249999999584e-05,0.023970260575879365,0.00021516734176341146,,,0,0,,0
I2_incumbent_start,100.0,I2,0.009394531250000001,0.009404296875,9.765624999999792e-06,0.012073740203049965,0.00010758641021357818,,,0,0,,0
I2_incumbent_start,100.0,I2,0.009404296875,0.009409179687500002,4.882812500000763e-06,0.006053797056665644,5.3793818437064544e-05,,,0,0,,1
I2_incumbent_start,100.0,I2,0.009409179687500002,0.009410400390625,1.2207031249988898e-06,0.0015148606180446222,1.3448513268343731e-05,,,0,0,,0
I2_incumbent_start,100.0,I2,0.009410400390625,0.0094110107421875,6.103515624994449e-07,0.0007577320502605289,6.724262791024671e-06,,,0,0,,0
I2_incumbent_start,100.0,I2,0.0094110107421875,0.009411015510559083,4.768371583002695e-09,5.918758688494563e-06,5.253651380598967e-08,,,0,0,,0
I2_incumbent_start,100.0,I2,0.009411015510559083,0.009411017894744873,2.384185789766624e-09,3.114095306955278e-06,2.6269827202440865e-08,,,0,0,,0
I2_incumbent_start,100.0,I2,0.009411017894744873,0.009411018490791321,5.960464483090178e-10,7.396447472274303e-07,6.564626175986632e-09,,,0,0,,0
I2_incumbent_start,100.0,I2,0.009411018490791321,0.009411018788814545,2.980232241545089e-10,0.010518677881918848,0.00012807721929775084,L46-@14,,0,0,,2
I2_incumbent_start,100.0,I2,0.009411018788814545,0.00941101908683777,2.980232241545089e-10,3.939494490623474e-07,3.2912357283976235e-09,,,0,0,,0
I2_incumbent_start,100.0,I2,0.00941101908683777,0.009411020278930664,1.192092894883312e-09,1.5888799680396914e-06,1.3127857911854335e-08,,,0,0,,0
I2_incumbent_start,100.0,I2,0.009411020278930664,0.009411029815673828,9.536743164270667e-09,1.2161690392531455e-05,1.0504414316159227e-07,,,0,0,,0
I2_incumbent_start,100.0,I2,0.009411029815673828,0.009411048889160157,1.9073486328541334e-08,2.4506094632670283e-05,2.10089813101888e-07,,,0,0,,0
I2_incumbent_start,100.0,I2,0.009411048889160157,0.009411087036132812,3.8146972655347944e-08,4.886234819423407e-05,4.2017317181120006e-07,,,0,0,,0
I2_incumbent_start,100.0,I2,0.009411087036132812,0.009411163330078125,7.629394531243061e-08,9.781107655726373e-05,8.403564901726668e-07,,,0,0,,0
I2_incumbent_start,100.0,I2,0.009411163330078125,0.00941131591796875,1.5258789062486122e-07,0.0001955646584974602,1.680698789918722e-06,,,0,0,,0
I2_incumbent_start,100.0,I2,0.00941131591796875,0.009411621093750001,3.0517578125145717e-07,0.00039113710226956755,3.361405331858691e-06,,,0,0,,0
I2_incumbent_start,100.0,I2,0.009411621093750001,0.0094140625,2.4414062499995143e-06,0.003129298609565012,2.6891269240714166e-05,,,0,0,,0
I2_incumbent_start,100.0,I2,0.0094140625,0.009453125000000001,3.90625000000009e-05,0.049494069229695015,0.0004302869450825142,,,0,0,,0
I2_incumbent_start,100.0,I2,0.009453125000000001,0.009531250000000002,7.812500000000007e-05,0.09471005156228784,0.0008605935328960257,,,0,0,,2
I2_incumbent_start,100.0,I2,0.009531250000000002,0.009687500000000002,0.00015625000000000014,0.2142039931641193,0.001720906138919176,,,0,0,,3
I2_incumbent_start,100.0,I2,0.009687500000000002,0.01,0.00031249999999999854,0.4106338113488164,0.003442046225233142,,,0,0,,1
I2_incumbent_start,100.0,I2,0.01,0.02,0.01,13.062169036900741,0.1101426014964284,,,0,0,,148
I2_incumbent_start,100.0,I2,0.02,0.025,0.005000000000000001,6.5247169214708265,0.05506341545650706,,,0,0,,1
I2_incumbent_start,100.0,I2,0.025,0.0275,0.0024999999999999988,3.2763428731414024,0.027517471231819357,,,0,0,,3
I2_incumbent_start,100.0,I2,0.0275,0.028124999999999997,0.0006249999999999971,0.80997066218697,0.006872799490002635,,,0,0,,1
I2_incumbent_start,100.0,I2,0.028124999999999997,0.028437499999999998,0.0003125000000000003,0.4082926585979294,0.003433908536380592,,,0,0,,0
I2_incumbent_start,100.0,I2,0.028437499999999998,0.028593749999999998,0.00015625000000000014,0.20408306704484858,0.00171598531259054,,,0,0,,0
I2_incumbent_start,100.0,I2,0.028593749999999998,0.028603515625,9.765625000001527e-06,0.012825975369196385,0.00010722445521249568,,,0,0,,0
I2_incumbent_start,100.0,I2,0.028603515625,0.0286041259765625,6.103515624994449e-07,0.0008016489300644025,6.701419495769301e-06,,,0,0,,0
I2_incumbent_start,100.0,I2,0.0286041259765625,0.028604278564453123,1.5258789062486122e-07,0.0002004045236390084,1.6753543503611468e-06,,,0,0,,0
I2_incumbent_start,100.0,I2,0.028604278564453123,0.028604288101196286,9.536743162535943e-09,1.2527510989457369e-05,1.047104571938462e-07,,,0,0,,0
I2_incumbent_start,100.0,I2,0.028604288101196286,0.02860429048538208,2.384185793236071e-09,3.136345185339451e-06,2.6175103862158267e-08,,,0,0,,0
I2_incumbent_start,100.0,I2,0.02860429048538208,0.028604291677474976,1.1920928966180355e-09,1.5725527191534638e-06,1.3090529549231178e-08,,,0,0,,0
I2_incumbent_start,100.0,I2,0.028604291677474976,0.028604292273521424,5.960464483090178e-10,-0.14148426899919286,0.0016727251346715377,,,0,4,G_N1_a:marg@12;G_N1_a:marg@13;G_N1_a:off@12;G_N1_a:off@13,2
I2_incumbent_start,100.0,I2,0.028604292273521424,0.02860429286956787,5.960464448395708e-10,8.24598828330636e-07,6.478463099313103e-09,,,0,0,,0
I2_incumbent_start,100.0,I2,0.02860429286956787,0.028604297637939452,4.768371583002695e-09,6.159491022117436e-06,5.133105229759849e-08,,,0,0,,0
I2_incumbent_start,100.0,I2,0.028604297637939452,0.028604316711425777,1.9073486325071887e-08,2.4691689759492874e-05,2.0529798305801705e-07,,,0,0,,0
I2_incumbent_start,100.0,I2,0.028604316711425777,0.028604354858398434,3.814697265708267e-08,4.9274443881586194e-05,4.106346658261373e-07,,,0,0,,0
I2_incumbent_start,100.0,I2,0.028604354858398434,0.02860443115234375,7.629394531416533e-08,9.845964086707681e-05,8.21353941304892e-07,,,0,0,,0
I2_incumbent_start,100.0,I2,0.02860443115234375,0.028604736328124998,3.0517578124972244e-07,0.00039417656080331653,3.2850407647444513e-06,,,0,0,,0
I2_incumbent_start,100.0,I2,0.028604736328124998,0.028605957031249997,1.2207031249988898e-06,0.0015768290468258783,1.3140380865195311e-05,,,0,0,,0
I2_incumbent_start,100.0,I2,0.028605957031249997,0.028608398437499998,2.441406250001249e-06,0.003153497615130618,2.6280824433122518e-05,,,0,0,,0
I2_incumbent_start,100.0,I2,0.028608398437499998,0.028613281249999997,4.8828124999990286e-06,0.006306776849669404,5.256193012925792e-05,,,0,0,,0
I2_incumbent_start,100.0,I2,0.028613281249999997,0.0286328125,1.9531250000003053e-05,0.025223820892279036,0.0002102461541007017,,,0,0,,0
I2_incumbent_start,100.0,I2,0.0286328125,0.028671875,3.906249999999917e-05,0.05042673432035372,0.0004204300475851852,,,0,0,,0
I2_incumbent_start,100.0,I2,0.028671875,0.028749999999999998,7.812499999999833e-05,0.10077809428912587,0.0008403104123599903,,,0,0,,0
I2_incumbent_start,100.0,I2,0.028749999999999998,0.03,0.0012500000000000011,1.5082943520828849,0.012585166075949061,,,0,0,,9
I2_incumbent_start,100.0,I2,0.03,0.05,0.020000000000000004,28.838874293403933,0.17883670669238683,,,2,0,,3
I2_incumbent_start,100.0,I2,0.05,0.075,0.024999999999999994,56.699227550125215,0.3698900101079676,,,0,0,,13
I2_incumbent_start,100.0,I2,0.075,0.1,0.02500000000000001,56.67738671140978,0.3698907974545129,,,0,0,,14
I2_incumbent_start,100.0,I2,0.1,0.125,0.024999999999999994,56.66386276578123,0.3698908932796634,,,0,0,,0
I2_incumbent_start,100.0,I2,0.125,0.15,0.024999999999999994,56.63794732216047,0.36989092563859316,,,0,0,,0
I2_incumbent_start,100.0,I2,0.15,0.175,0.024999999999999994,56.643188288173405,0.3698909404693822,,,0,0,,0
I2_incumbent_start,100.0,I2,0.175,0.2,0.025000000000000022,56.65048373743775,0.369890948221256,,,0,0,,3
I2_incumbent_start,100.0,I2,0.2,0.225,0.024999999999999994,56.63701267569559,0.3698909520867719,,,0,0,,2
I2_incumbent_start,100.0,I2,0.225,0.25,0.024999999999999994,56.63023818093643,0.3698909536628854,,,0,0,,4
I2_incumbent_start,100.0,I2,0.25,0.275,0.025000000000000022,56.58279434956785,0.3698909534326873,,,0,0,,0
I2_incumbent_start,100.0,I2,0.275,0.3,0.024999999999999967,56.601330421704915,0.3698909522238534,,,0,0,,0
I2_incumbent_start,100.0,I2,0.3,0.325,0.025000000000000022,56.6182579825836,0.3698909499604568,,,0,0,,0
I2_incumbent_start,100.0,I2,0.325,0.35,0.024999999999999967,56.5822332425887,0.36989094628045827,,,0,0,,0
I2_incumbent_start,100.0,I2,0.35,0.375,0.025000000000000022,56.57296066102572,0.3698909415802909,,,0,0,,0
I2_incumbent_start,100.0,I2,0.375,0.4,0.025000000000000022,56.56312459400215,0.3698909355633173,,,0,0,,0
I2_incumbent_start,100.0,I2,0.4,0.425,0.024999999999999967,56.554946793141426,0.36989092808960855,,,0,0,,0
I2_incumbent_start,100.0,I2,0.425,0.45,0.025000000000000022,56.543894999529584,0.3698909185832129,,,0,0,,0
I2_incumbent_start,100.0,I2,0.45,0.475,0.024999999999999967,56.537049736085464,0.3698909066545397,,,0,0,,0
I2_incumbent_start,100.0,I2,0.475,0.5,0.025000000000000022,56.52654733782401,0.3698908916608028,,,0,0,,0
I2_incumbent_start,100.0,I2,0.5,0.525,0.025000000000000022,56.51726212588255,0.36989087222864736,,,0,0,,0
I2_incumbent_start,100.0,I2,0.525,0.55,0.025000000000000022,56.50052729713207,0.3698908383512345,,,0,0,,78
I2_incumbent_start,100.0,I2,0.55,0.575,0.02499999999999991,56.47705947807117,0.36977784472918707,,,0,0,,8
I2_incumbent_start,100.0,I2,0.575,0.6,0.025000000000000022,56.51724651416589,0.3700037419762552,,,0,0,,8
I2_incumbent_start,100.0,I2,0.6,0.625,0.025000000000000022,56.480915060208645,0.369890697648386,,,0,0,,0
I2_incumbent_start,100.0,I2,0.625,0.65,0.025000000000000022,56.465857582574245,0.3698905056843449,,,0,0,,0
I2_incumbent_start,100.0,I2,0.65,0.675,0.025000000000000022,56.4666273498151,0.36989051912057747,,,0,0,,51
I2_incumbent_start,100.0,I2,0.675,0.7,0.02499999999999991,56.43788461097574,0.369790501001221,,,0,0,,8
I2_incumbent_start,100.0,I2,0.7,0.725,0.025000000000000022,56.44312166349846,0.3698922002106153,,,0,0,,1
I2_incumbent_start,100.0,I2,0.725,0.75,0.025000000000000022,56.43258574315405,0.3698906217796263,,,0,0,,2
I2_incumbent_start,100.0,I2,0.75,0.775,0.025000000000000022,56.420142924267566,0.3698840810998858,,,0,0,,1
I2_incumbent_start,100.0,I2,0.775,0.8,0.025000000000000022,56.37932002604066,0.36982348111759844,,,0,0,,2
I2_incumbent_start,100.0,I2,0.8,0.80625,0.006249999999999978,14.09268187417183,0.0925176544917834,,,0,0,,8
I2_incumbent_start,100.0,I2,0.80625,0.8070312500000001,0.0007812500000000666,1.7596426253439859,0.011553018676325522,,,0,0,,0
I2_incumbent_start,100.0,I2,0.8070312500000001,0.8072265625000001,0.0001953125000000444,0.4399020672426559,0.0028882406818731,,,0,0,,0
I2_incumbent_start,100.0,I2,0.8072265625000001,0.80732421875,9.765624999991118e-05,0.21994962664030027,0.0014441180051627533,,,0,0,,0
I2_incumbent_start,100.0,I2,0.80732421875,0.807373046875,4.882812499995559e-05,0.10997450290597044,0.0007220585317440076,,,0,0,,0
I2_incumbent_start,100.0,I2,0.807373046875,0.8073974609375001,2.4414062500088818e-05,0.054987182826153,0.00036102917815750146,,,0,0,,0
I2_incumbent_start,100.0,I2,0.8073974609375001,0.8074096679687501,1.2207031250044409e-05,0.02749356119602453,0.0001805145149358367,,,0,0,,0
I2_incumbent_start,100.0,I2,0.8074096679687501,0.807415771484375,6.103515624911182e-06,0.013746775075560436,9.025724687949932e-05,,,0,0,,0
I2_incumbent_start,100.0,I2,0.807415771484375,0.8074172973632813,1.5258789062277955e-06,0.0034366916079306975,2.2564296781268922e-05,,,0,0,,0
I2_incumbent_start,100.0,I2,0.8074172973632813,0.8074180603027343,7.629394530583866e-07,0.001718345083645545,1.1282148073554765e-05,,,0,0,,0
I2_incumbent_start,100.0,I2,0.8074180603027343,0.8074181079864502,4.768371586472142e-08,0.00010739672870840877,7.051347239439565e-07,,,0,0,,0
I2_incumbent_start,100.0,I2,0.8074181079864502,0.807418131828308,2.3841857821338408e-08,5.369786231312901e-05,3.5256538755135125e-07,,,0,0,,0
I2_incumbent_start,100.0,I2,0.807418131828308,0.8074181437492369,1.1920928910669204e-08,2.6849258574657142e-05,1.7628435955430177e-07,,,0,0,,0
I2_incumbent_start,100.0,I2,0.8074181437492369,0.8074181467294692,2.9802322831784522e-09,6.712507456541061e-06,4.4072680172035916e-08,,,0,0,,0
I2_incumbent_start,100.0,I2,0.8074181467294692,0.8074181482195854,1.4901161415892261e-09,3.356180968694389e-06,2.2035681723764355e-08,,,0,0,,0
I2_incumbent_start,100.0,I2,0.8074181482195854,0.8074181497097015,1.4901161415892261e-09,3.3558899303898215e-06,2.203323745675334e-08,,,0,2,G_N1_a:marg@12;G_N1_a:off@12,0
I2_incumbent_start,100.0,I2,0.8074181497097015,0.807418155670166,5.960464455334602e-09,1.342476753052324e-05,8.81421260423565e-08,,,0,0,,0
I2_incumbent_start,100.0,I2,0.807418155670166,0.8074182510375976,9.536743161842054e-08,0.00021479351562447846,1.4102716030528484e-06,,,0,0,,0
I2_incumbent_start,100.0,I2,0.8074182510375976,0.8074184417724609,1.9073486334786338e-07,0.00042958550329785794,2.8205326372265915e-06,,,0,0,,0
I2_incumbent_start,100.0,I2,0.8074184417724609,0.8074188232421875,3.8146972658470446e-07,0.0008591719379182905,5.641072803985736e-06,,,0,0,,0
I2_incumbent_start,100.0,I2,0.8074188232421875,0.8074218750000001,3.0517578125666134e-06,0.006873378006275743,4.512858420646637e-05,,,0,0,,0
I2_incumbent_start,100.0,I2,0.8074218750000001,0.8078125,0.0003906249999999778,0.8797868209512671,0.005776453309008556,,,0,0,,0
I2_incumbent_start,100.0,I2,0.8078125,0.809375,0.0015624999999999112,3.519020832303795,0.023105613360154376,,,0,0,,3
I2_incumbent_start,100.0,I2,0.809375,0.8125,0.0031250000000000444,7.037529782377533,0.0462104340792453,,,0,0,,1
I2_incumbent_start,100.0,I2,0.8125,0.825,0.012499999999999956,28.181615295412485,0.18486518881528724,,,0,0,,60
I2_incumbent_start,100.0,I2,0.825,0.85,0.025000000000000022,56.27370822383091,0.36965134861515514,,,0,0,,0
I2_incumbent_start,100.0,I2,0.85,0.875,0.025000000000000022,56.26446366487653,0.369651345595402,,,0,0,,0
I2_incumbent_start,100.0,I2,0.875,0.9,0.025000000000000022,56.25511337877833,0.36965112586938953,,,0,0,,2
I2_incumbent_start,100.0,I2,0.9,0.925,0.025000000000000022,56.10777559514099,0.3686466295958146,,,0,0,,29
I2_incumbent_start,100.0,I2,0.925,0.95,0.02499999999999991,42.12471674045082,0.26697024232604505,,,0,0,,72
I2_incumbent_start,100.0,I2,0.95,0.975,0.025000000000000022,56.22857569946791,0.3696393588844531,,,0,0,,37
I2_incumbent_start,100.0,I2,0.975,1.0,0.025000000000000022,56.20965554653958,0.3696243925414674,,,0,0,,10
I2_selected_replace_N3_10mw_2h,25.0,I2,0.0,1e-06,1e-06,0.0007011625566519797,4.19828355902041e-06,,,0,0,,0
I2_selected_replace_N3_10mw_2h,25.0,I2,1e-06,1e-05,9e-06,0.0063104466535151005,3.778459381464927e-05,,,0,0,,0
I2_selected_replace_N3_10mw_2h,25.0,I2,1e-05,0.0001,9e-05,0.06310444998962339,0.0003778459338459328,,,0,0,,0
I2_selected_replace_N3_10mw_2h,25.0,I2,0.0001,0.001,0.0009,0.6310425268457038,0.0037784593457690363,,,0,0,,0
I2_selected_replace_N3_10mw_2h,25.0,I2,0.001,0.0025,0.0015,1.051729576647631,0.006297432212871712,,,0,0,,0
I2_selected_replace_N3_10mw_2h,25.0,I2,0.0025,0.005,0.0025,1.7528605044644792,0.010495720354727567,,,0,0,,0
I2_selected_replace_N3_10mw_2h,25.0,I2,0.005,0.01,0.005,3.505666302735335,0.020992172329179937,,,0,0,,0
I2_selected_replace_N3_10mw_2h,25.0,I2,0.01,0.02,0.01,7.010940938052954,0.041982871417932444,,,0,0,,146
I2_selected_replace_N3_10mw_2h,25.0,I2,0.02,0.03,0.009999999999999998,7.010499043288291,0.04198287155798219,,,0,0,,2
I2_selected_replace_N3_10mw_2h,25.0,I2,0.03,0.05,0.020000000000000004,14.019671858142829,0.08396574378505228,,,0,0,,0
I2_selected_replace_N3_10mw_2h,25.0,I2,0.05,0.075,0.024999999999999994,17.52210228529293,0.10495718019403633,,,0,0,,4
I2_selected_replace_N3_10mw_2h,25.0,I2,0.075,0.1,0.02500000000000001,17.51933770989126,0.1049571810255987,,,0,0,,0
I2_selected_replace_N3_10mw_2h,25.0,I2,0.1,0.125,0.024999999999999994,17.516572802240262,0.10495718175318736,,,0,0,,2
I2_selected_replace_N3_10mw_2h,25.0,I2,0.125,0.15,0.024999999999999994,17.51380764989881,0.10495718246197772,,,0,0,,0
I2_selected_replace_N3_10mw_2h,25.0,I2,0.15,0.175,0.024999999999999994,17.511042385158362,0.1049571828305087,,,0,0,,0
I2_selected_replace_N3_10mw_2h,25.0,I2,0.175,0.2,0.025000000000000022,17.50827704636322,0.10495718338233218,,,0,0,,0
I2_selected_replace_N3_10mw_2h,25.0,I2,0.2,0.225,0.024999999999999994,17.50551164688659,0.10495718379132679,,,0,0,,0
I2_selected_replace_N3_10mw_2h,25.0,I2,0.225,0.25,0.024999999999999994,17.50274622658617,0.10495718423610789,,,0,0,,0
I2_selected_replace_N3_10mw_2h,25.0,I2,0.25,0.275,0.025000000000000022,17.499980738240993,0.1049571843807593,,,0,0,,0
I2_selected_replace_N3_10mw_2h,25.0,I2,0.275,0.3,0.024999999999999967,17.497215264113038,0.10495718460623227,,,0,0,,0
I2_selected_replace_N3_10mw_2h,25.0,I2,0.3,0.325,0.025000000000000022,17.494449777383124,0.10495718476646232,,,0,0,,0
I2_selected_replace_N3_10mw_2h,25.0,I2,0.325,0.35,0.024999999999999967,17.491684257940506,0.10495718489966066,,,0,0,,0
I2_selected_replace_N3_10mw_2h,25.0,I2,0.35,0.375,0.025000000000000022,17.48891872774402,0.10495718459862591,,,0,0,,0
I2_selected_replace_N3_10mw_2h,25.0,I2,0.375,0.4,0.025000000000000022,17.48615321078978,0.1049571844099857,,,0,0,,0
I2_selected_replace_N3_10mw_2h,25.0,I2,0.4,0.425,0.024999999999999967,17.483387697153375,0.10495718386846331,,,0,0,,0
I2_selected_replace_N3_10mw_2h,25.0,I2,0.425,0.45,0.025000000000000022,17.48062214013771,0.1049571808706915,,,0,0,,0
I2_selected_replace_N3_10mw_2h,25.0,I2,0.45,0.475,0.024999999999999967,17.477855900040595,0.10495698881976079,,,0,0,,4
I2_selected_replace_N3_10mw_2h,25.0,I2,0.475,0.5,0.025000000000000022,17.475088601902826,0.10495580166608764,,,0,0,,4
I2_selected_replace_N3_10mw_2h,25.0,I2,0.5,0.525,0.025000000000000022,17.472323293521185,0.10495577816234558,,,0,0,,0
I2_selected_replace_N3_10mw_2h,25.0,I2,0.525,0.55,0.025000000000000022,17.469557791031548,0.10495577693019609,,,0,0,,72
I2_selected_replace_N3_10mw_2h,25.0,I2,0.55,0.575,0.02499999999999991,17.466792273597093,0.10495577617754748,,,0,0,,0
I2_selected_replace_N3_10mw_2h,25.0,I2,0.575,0.6,0.025000000000000022,17.464026760062552,0.10495577539282586,,,0,0,,0
I2_selected_replace_N3_10mw_2h,25.0,I2,0.6,0.625,0.025000000000000022,17.461261240547174,0.10495577446181947,,,0,0,,0
I2_selected_replace_N3_10mw_2h,25.0,I2,0.625,0.65,0.025000000000000022,17.458495721642976,0.10495577329709072,,,0,0,,0
I2_selected_replace_N3_10mw_2h,25.0,I2,0.65,0.675,0.025000000000000022,17.455730184330605,0.10495577180456195,,,0,0,,52
I2_selected_replace_N3_10mw_2h,25.0,I2,0.675,0.7,0.02499999999999991,17.452964677344426,0.10495576986733823,,,0,0,,4
I2_selected_replace_N3_10mw_2h,25.0,I2,0.7,0.725,0.025000000000000022,17.443125830963254,0.10492819788512442,,,0,0,,23
I2_selected_replace_N3_10mw_2h,25.0,I2,0.725,0.75,0.025000000000000022,17.454506938855047,0.10498333330270171,,,0,0,,23
I2_selected_replace_N3_10mw_2h,25.0,I2,0.75,0.775,0.025000000000000022,17.444668096097303,0.10495575912878952,,,0,0,,3
I2_selected_replace_N3_10mw_2h,25.0,I2,0.775,0.8,0.025000000000000022,17.44190255747526,0.10495575244069766,,,0,0,,0
I2_selected_replace_N3_10mw_2h,25.0,I2,0.8,0.825,0.02499999999999991,17.43244399379182,0.10493126451624679,,,0,0,,25
I2_selected_replace_N3_10mw_2h,25.0,I2,0.825,0.85,0.025000000000000022,17.443093085414148,0.10498030288823923,,,0,0,,68
I2_selected_replace_N3_10mw_2h,25.0,I2,0.85,0.875,0.025000000000000022,17.427074151099077,0.1049327088969072,,,0,0,,68
I2_selected_replace_N3_10mw_2h,25.0,I2,0.875,0.9,0.025000000000000022,17.4372768522735,0.10497977267995662,,,0,0,,70
I2_selected_replace_N3_10mw_2h,25.0,I2,0.9,0.925,0.025000000000000022,17.42182686502929,0.10493733110028103,,,0,0,,73
I2_selected_replace_N3_10mw_2h,25.0,I2,0.925,0.95,0.02499999999999991,17.425402702661813,0.10495932252209084,,,0,0,,6
I2_selected_replace_N3_10mw_2h,25.0,I2,0.95,0.975,0.025000000000000022,17.422626371277147,0.10495175677095059,,,0,0,,38
I2_selected_replace_N3_10mw_2h,25.0,I2,0.975,1.0,0.025000000000000022,17.41789359084214,0.10495292662706746,,,0,0,,11
I2_selected_replace_N3_10mw_2h,50.0,I2,0.0,1e-06,1e-06,0.0006498316652141511,5.506899682927724e-06,,,0,0,,0
I2_selected_replace_N3_10mw_2h,50.0,I2,1e-06,1e-05,9e-06,0.005848482163855806,4.956279723700163e-05,,,0,0,,14
I2_selected_replace_N3_10mw_2h,50.0,I2,1e-05,0.0001,9e-05,0.05848483930458315,0.0004956209749398255,,,0,0,,2
I2_selected_replace_N3_10mw_2h,50.0,I2,0.0001,0.001,0.0009,0.584846539029968,0.0049562096381325915,,,0,0,,15
I2_selected_replace_N3_10mw_2h,50.0,I2,0.001,0.0025,0.0015,0.9747368025127798,0.008260349519975563,,,0,0,,3
I2_selected_replace_N3_10mw_2h,50.0,I2,0.0025,0.005,0.0025,1.6245406597590772,0.013767249175819174,,,0,0,,12
I2_selected_replace_N3_10mw_2h,50.0,I2,0.005,0.01,0.005,3.249003413133323,0.027535557300804925,,,0,0,,6
I2_selected_replace_N3_10mw_2h,50.0,I2,0.01,0.02,0.01,6.497691726777703,0.05506924848120498,,,0,0,,146
I2_selected_replace_N3_10mw_2h,50.0,I2,0.02,0.03,0.009999999999999998,6.49727178979083,0.055069373337386374,,,0,0,,2
I2_selected_replace_N3_10mw_2h,50.0,I2,0.03,0.05,0.020000000000000004,12.992808990515186,0.11013684527280443,,,0,0,,0
I2_selected_replace_N3_10mw_2h,50.0,I2,0.05,0.05078125,0.0007812499999999972,0.5071453972486779,0.00429952207576445,,,0,0,,0
I2_selected_replace_N3_10mw_2h,50.0,I2,0.05078125,0.051171875000000006,0.00039062500000000555,0.25332279402937274,0.0021477354317722686,,,0,0,,0
I2_selected_replace_N3_10mw_2h,50.0,I2,0.051171875000000006,0.051220703125,4.8828124999997224e-05,0.03163721150485799,0.00026823343462289984,,,0,0,,0
I2_selected_replace_N3_10mw_2h,50.0,I2,0.051220703125,0.051232910156250006,1.2207031250002776e-05,0.007907167237135582,6.704597931150857e-05,,,0,0,,0
I2_selected_replace_N3_10mw_2h,50.0,I2,0.051232910156250006,0.05123329162597657,3.814697265638878e-07,0.00024710362777113914,2.095098401433404e-06,,,0,0,,0
I2_selected_replace_N3_10mw_2h,50.0,I2,0.05123329162597657,0.051233339309692386,4.7683715816149164e-08,3.0846247682347894e-05,2.6187427693002974e-07,,,0,0,,0
I2_selected_replace_N3_10mw_2h,50.0,I2,0.051233339309692386,0.0512333631515503,2.384185791154403e-08,1.5425175661221147e-05,1.3106233431869896e-07,,,0,0,,0
I2_selected_replace_N3_10mw_2h,50.0,I2,0.0512333631515503,0.051233375072479256,1.1920928959241461e-08,7.741182344034314e-06,6.553730713676487e-08,,,0,0,,0
I2_selected_replace_N3_10mw_2h,50.0,I2,0.051233375072479256,0.0512333780527115,2.980232241545089e-09,1.972279278561473e-06,1.639575142320382e-08,,,0,0,,0
I2_selected_replace_N3_10mw_2h,50.0,I2,0.0512333780527115,0.05123337954282761,1.4901161138336505e-09,9.630020940676332e-07,8.183210553625031e-09,,,0,2,RES_PV_N8:cap@14;RES_PV_N8:marg@14,0
I2_selected_replace_N3_10mw_2h,50.0,I2,0.05123337954282761,0.05123338103294373,1.4901161207725444e-09,9.668292477726936e-07,8.18410406111525e-09,,,0,0,,0
I2_selected_replace_N3_10mw_2h,50.0,I2,0.05123338103294373,0.05123338699340821,5.960464476151284e-09,3.861001459881663e-06,3.273748117038622e-08,,,0,0,,0
I2_selected_replace_N3_10mw_2h,50.0,I2,0.05123338699340821,0.051233482360839855,9.536743164617612e-08,6.17763726040721e-05,5.237742790598077e-07,,,0,2,RES_PV_N8:cap@15;RES_PV_N8:marg@15,0
I2_selected_replace_N3_10mw_2h,50.0,I2,0.051233482360839855,0.05123367309570313,1.9073486327847444e-07,0.00012350948236417025,1.0475163874090754e-06,,,0,0,,0
I2_selected_replace_N3_10mw_2h,50.0,I2,0.05123367309570313,0.051234436035156254,7.629394531208367e-07,0.0004942451196257025,4.190195127762308e-06,,,0,0,,0
I2_selected_replace_N3_10mw_2h,50.0,I2,0.051234436035156254,0.0512359619140625,1.5258789062486122e-06,0.0009883980528684333,8.380271368402248e-06,,,0,0,,0
I2_selected_replace_N3_10mw_2h,50.0,I2,0.0512359619140625,0.05123901367187501,3.0517578125041633e-06,0.0019767693884205073,1.676028670605234e-05,,,0,0,,0
I2_selected_replace_N3_10mw_2h,50.0,I2,0.05123901367187501,0.05124511718750001,6.103515625001388e-06,0.0039534068637294695,3.351952127861324e-05,,,0,0,,0
I2_selected_replace_N3_10mw_2h,50.0,I2,0.05124511718750001,0.05126953125000001,2.4414062499998612e-05,0.01581181444635149,0.00013406351877964795,,,0,0,,0
I2_selected_replace_N3_10mw_2h,50.0,I2,0.05126953125000001,0.05136718750000001,9.765625000000139e-05,0.06318804118200205,0.0005357689403666654,,,0,0,,0
I2_selected_replace_N3_10mw_2h,50.0,I2,0.05136718750000001,0.051562500000000004,0.00019531249999999584,0.12608420799369924,0.0010691486583374044,,,0,0,,0
I2_selected_replace_N3_10mw_2h,50.0,I2,0.051562500000000004,0.053125000000000006,0.0015625000000000014,0.7410495531803463,0.00739490691918121,,,0,0,,0
I2_selected_replace_N3_10mw_2h,50.0,I2,0.053125000000000006,0.05625,0.003124999999999996,1.2331100250739837,0.015444530122756817,,,0,0,,0
I2_selected_replace_N3_10mw_2h,50.0,I2,0.05625,0.0625,0.006249999999999999,2.568801288085524,0.03358482850488542,,,0,0,,17
I2_selected_replace_N3_10mw_2h,50.0,I2,0.0625,0.075,0.012499999999999997,6.382511551360949,0.10315755965271833,,,0,0,,10
I2_selected_replace_N3_10mw_2h,50.0,I2,0.075,0.1,0.02500000000000001,12.772190349322045,0.20669187052529558,,,0,0,,0
I2_selected_replace_N3_10mw_2h,50.0,I2,0.1,0.125,0.024999999999999994,12.769960256526247,0.20670063626084367,,,0,0,,2
I2_selected_replace_N3_10mw_2h,50.0,I2,0.125,0.1375,0.012500000000000011,6.38400273998559,0.10334802645457764,,,0,0,,0
I2_selected_replace_N3_10mw_2h,50.0,I2,0.1375,0.14375,0.006249999999999978,3.19190379268548,0.05167839568144217,,,0,0,,0
I2_selected_replace_N3_10mw_2h,50.0,I2,0.14375,0.14687499999999998,0.003124999999999989,1.5958550965297036,0.02583777409358312,L46-@15,,0,0,,0
I2_selected_replace_N3_10mw_2h,50.0,I2,0.14687499999999998,0.1484375,0.0015625000000000222,0.7979139677190688,0.012918890146484507,,,0,0,,0
I2_selected_replace_N3_10mw_2h,50.0,I2,0.1484375,0.1486328125,0.0001953124999999889,0.0997386031813221,0.0016148612364581538,,,0,0,,0
I2_selected_replace_N3_10mw_2h,50.0,I2,0.1486328125,0.148681640625,4.88281250000111e-05,0.0249346264754422,0.00040371528734706175,,,0,0,,0
I2_selected_replace_N3_10mw_2h,50.0,I2,0.148681640625,0.148687744140625,6.103515624994449e-06,0.0031168269051704556,5.046440839606703e-05,,,0,0,,0
I2_selected_replace_N3_10mw_2h,50.0,I2,0.148687744140625,0.14869079589843748,3.0517578124833467e-06,0.0015584146021865308,2.5232207040204457e-05,,,0,0,,0
I2_selected_replace_N3_10mw_2h,50.0,I2,0.14869079589843748,0.14869232177734373,1.5258789062555511e-06,0.0007792038813931867,1.2616064169357344e-05,,,0,0,,0
I2_selected_replace_N3_10mw_2h,50.0,I2,0.14869232177734373,0.14869241714477538,9.536743164617612e-08,4.870022530667484e-05,7.885098609605734e-07,,,0,0,,0
I2_selected_replace_N3_10mw_2h,50.0,I2,0.14869241714477538,0.14869242906570435,1.1920928966180355e-08,6.08808477409184e-06,9.856506100192064e-08,,,0,0,,0
I2_selected_replace_N3_10mw_2h,50.0,I2,0.14869242906570435,0.14869243204593657,2.980232227667301e-09,1.531385350972414e-06,2.465772208637418e-08,,,0,0,,0
I2_selected_replace_N3_10mw_2h,50.0,I2,0.14869243204593657,0.1486924335360527,1.4901161138336505e-09,7.511553121730685e-07,1.2301208940357355e-08,L46-@14,,0,0,,0
I2_selected_replace_N3_10mw_2h,50.0,I2,0.1486924335360527,0.1486924350261688,1.4901161138336505e-09,7.611233741044998e-07,1.2319200770605221e-08,,,0,0,,0
I2_selected_replace_N3_10mw_2h,50.0,I2,0.1486924350261688,0.14869244098663328,5.960464483090178e-09,3.043765900656581e-06,4.92819163255831e-08,,,0,0,,0
I2_selected_replace_N3_10mw_2h,50.0,I2,0.14869244098663328,0.1486924648284912,2.3841857904605135e-08,1.2174961739219725e-05,1.9712462950849385e-07,,,0,0,,0
I2_selected_replace_N3_10mw_2h,50.0,I2,0.1486924648284912,0.148692512512207,4.768371580921027e-08,2.4350418243557215e-05,3.9425808839865795e-07,,,0,0,,0
I2_selected_replace_N3_10mw_2h,50.0,I2,0.148692512512207,0.1486927032470703,1.9073486329235223e-07,9.740085806697607e-05,1.5770074739407391e-06,,,0,0,,0
I2_selected_replace_N3_10mw_2h,50.0,I2,0.1486927032470703,0.14869308471679688,3.8146972658470446e-07,0.00019480162882246077,3.154030778773631e-06,,,0,0,,0
I2_selected_replace_N3_10mw_2h,50.0,I2,0.14869308471679688,0.14869384765625,7.629394531138978e-07,0.0003896050911862403,6.308080186201437e-06,,,0,0,,0
I2_selected_replace_N3_10mw_2h,50.0,I2,0.14869384765625,0.1487060546875,1.2207031250016653e-05,0.006233655090909451,0.00010092882172774154,,,0,0,,0
I2_selected_replace_N3_10mw_2h,50.0,I2,0.1487060546875,0.14873046875,2.441406250000555e-05,0.012467311607906595,0.0002018576929128102,,,0,0,,0
I2_selected_replace_N3_10mw_2h,50.0,I2,0.14873046875,0.148828125,9.765624999999445e-05,0.04986922288662754,0.0008074307750138843,,,0,0,,0
I2_selected_replace_N3_10mw_2h,50.0,I2,0.148828125,0.14921875,0.00039062500000000555,0.19947651959955692,0.0032297227576476573,,,0,0,,0
I2_selected_replace_N3_10mw_2h,50.0,I2,0.14921875,0.15,0.0007812499999999833,0.398951435869094,0.006459446996501583,,,0,0,,0
I2_selected_replace_N3_10mw_2h,50.0,I2,0.15,0.175,0.024999999999999994,14.337738103829906,0.20772346682107656,,,2,0,,0
I2_selected_replace_N3_10mw_2h,50.0,I2,0.175,0.2,0.025000000000000022,36.156611026090104,0.22189293233239393,,,0,0,,0
I2_selected_replace_N3_10mw_2h,50.0,I2,0.2,0.225,0.024999999999999994,36.15145863223006,0.22189356700797802,,,0,0,,0
I2_selected_replace_N3_10mw_2h,50.0,I2,0.225,0.25,0.024999999999999994,36.14544665745052,0.2218936226922379,,,0,0,,0
I2_selected_replace_N3_10mw_2h,50.0,I2,0.25,0.275,0.025000000000000022,36.139420428080484,0.2218936570658716,,,0,0,,0
I2_selected_replace_N3_10mw_2h,50.0,I2,0.275,0.3,0.024999999999999967,36.13339115542476,0.2218936812570611,,,0,0,,0
I2_selected_replace_N3_10mw_2h,50.0,I2,0.3,0.325,0.025000000000000022,36.12736077902082,0.22189369838320072,,,0,0,,0
I2_selected_replace_N3_10mw_2h,50.0,I2,0.325,0.35,0.024999999999999967,36.12132993940031,0.22189371124665502,,,0,0,,0
I2_selected_replace_N3_10mw_2h,50.0,I2,0.35,0.375,0.025000000000000022,36.115298960809014,0.22189372306876276,,,0,0,,0
I2_selected_replace_N3_10mw_2h,50.0,I2,0.375,0.4,0.025000000000000022,36.10926773371466,0.22189373050530214,,,0,0,,0
I2_selected_replace_N3_10mw_2h,50.0,I2,0.4,0.425,0.024999999999999967,36.10323641830473,0.22189373623718067,,,0,0,,0
I2_selected_replace_N3_10mw_2h,50.0,I2,0.425,0.45,0.025000000000000022,36.097205023426795,0.22189373936794077,,,0,0,,0
I2_selected_replace_N3_10mw_2h,50.0,I2,0.45,0.475,0.024999999999999967,36.091165186750004,0.22189353913524457,,,0,0,,4
I2_selected_replace_N3_10mw_2h,50.0,I2,0.475,0.5,0.025000000000000022,36.084997620186186,0.2218911067420568,,,0,0,,0
I2_selected_replace_N3_10mw_2h,50.0,I2,0.5,0.525,0.025000000000000022,36.07896210309991,0.22189106492778077,,,0,0,,0
I2_selected_replace_N3_10mw_2h,50.0,I2,0.525,0.55,0.025000000000000022,36.07293064346595,0.2218910660349076,,,0,0,,74
I2_selected_replace_N3_10mw_2h,50.0,I2,0.55,0.575,0.02499999999999991,36.06689921533689,0.22189106714944717,,,0,0,,0
I2_selected_replace_N3_10mw_2h,50.0,I2,0.575,0.6,0.025000000000000022,36.06086779604084,0.2218910679025945,,,0,0,,0
I2_selected_replace_N3_10mw_2h,50.0,I2,0.6,0.625,0.025000000000000022,36.054836366529344,0.22189106815488158,,,0,0,,0
I2_selected_replace_N3_10mw_2h,50.0,I2,0.625,0.65,0.025000000000000022,36.048804920035764,0.22189106778544088,,,0,0,,0
I2_selected_replace_N3_10mw_2h,50.0,I2,0.65,0.675,0.025000000000000022,36.030025479747565,0.2218378735152342,,,0,0,,74
I2_selected_replace_N3_10mw_2h,50.0,I2,0.675,0.7,0.02499999999999991,36.049545292858966,0.22194421127308228,,,0,0,,72
I2_selected_replace_N3_10mw_2h,50.0,I2,0.7,0.725,0.025000000000000022,36.030712585459696,0.22189110431691694,,,0,0,,1
I2_selected_replace_N3_10mw_2h,50.0,I2,0.725,0.75,0.025000000000000022,36.02468113602663,0.2218911044281079,,,0,0,,3
I2_selected_replace_N3_10mw_2h,50.0,I2,0.75,0.775,0.025000000000000022,36.01864976607612,0.2218911041364191,,,0,0,,1
I2_selected_replace_N3_10mw_2h,50.0,I2,0.775,0.8,0.025000000000000022,36.012618316017324,0.22189110424664038,,,0,0,,0
I2_selected_replace_N3_10mw_2h,50.0,I2,0.8,0.825,0.02499999999999991,35.99576101922139,0.22184585843056925,,,0,0,,73
I2_selected_replace_N3_10mw_2h,50.0,I2,0.825,0.85,0.025000000000000022,36.00084349238023,0.2218916742869034,,,0,0,,0
I2_selected_replace_N3_10mw_2h,50.0,I2,0.85,0.85625,0.006249999999999978,8.999172349809669,0.0554712231052662,,,0,0,,0
I2_selected_replace_N3_10mw_2h,50.0,I2,0.85625,0.859375,0.0031250000000000444,4.498326062355773,0.0277158732547618,,,0,0,,0
I2_selected_replace_N3_10mw_2h,50.0,I2,0.859375,0.85947265625,9.76562500000222e-05,0.14023763216391671,0.0008602366311675899,,,0,0,,0
I2_selected_replace_N3_10mw_2h,50.0,I2,0.85947265625,0.8595214843750001,4.882812500006661e-05,0.0700309748062864,0.00042856919869777585,,,0,0,,0
I2_selected_replace_N3_10mw_2h,50.0,I2,0.8595214843750001,0.8595336914062501,1.2207031250044409e-05,0.01749376799853053,0.00010689579568783428,,,0,0,,0
I2_selected_replace_N3_10mw_2h,50.0,I2,0.8595336914062501,0.859539794921875,6.103515624911182e-06,0.008744312974158674,5.340254869158059e-05,,,0,0,,0
I2_selected_replace_N3_10mw_2h,50.0,I2,0.859539794921875,0.8595413208007813,1.5258789062277955e-06,0.0021857921092305332,1.3345593555881205e-05,,,0,0,,0
I2_selected_replace_N3_10mw_2h,50.0,I2,0.8595413208007813,0.8595420837402343,7.629394530583866e-07,0.001092851787689142,6.67202012850053e-06,,,0,0,,0
I2_selected_replace_N3_10mw_2h,50.0,I2,0.8595420837402343,0.8595421075820923,2.384185793236071e-08,3.4151438740082085e-05,2.0849115672186974e-07,,,0,0,,0
I2_selected_replace_N3_10mw_2h,50.0,I2,0.8595421075820923,0.8595421105623244,2.9802321721561498e-09,4.268673365004361e-06,2.606070228020063e-08,,,0,0,,0
I2_selected_replace_N3_10mw_2h,50.0,I2,0.8595421105623244,0.8595421120524406,1.4901161415892261e-09,2.13447492569685e-06,1.3030606687419732e-08,,,0,0,,0
I2_selected_replace_N3_10mw_2h,50.0,I2,0.8595421120524406,0.8595421135425567,1.4901161415892261e-09,2.134242095053196e-06,1.3029887177898325e-08,,,0,2,RES_PV_N6:cap@13;RES_PV_N6:marg@13,0
I2_selected_replace_N3_10mw_2h,50.0,I2,0.8595421135425567,0.8595421195030213,5.9604645663569045e-09,8.537725079804659e-06,5.212258767043482e-08,,,0,0,,0
I2_selected_replace_N3_10mw_2h,50.0,I2,0.8595421195030213,0.8595421314239502,1.1920928910669204e-08,1.707623596303165e-05,1.0424825932445897e-07,,,0,0,,0
I2_selected_replace_N3_10mw_2h,50.0,I2,0.8595421314239502,0.859542179107666,4.768371575369912e-08,6.830168422311544e-05,4.169788291419167e-07,,,0,0,,0
I2_selected_replace_N3_10mw_2h,50.0,I2,0.859542179107666,0.8595422744750976,9.536743161842054e-08,0.00013660397962667048,8.339598301931872e-07,,,0,0,,0
I2_selected_replace_N3_10mw_2h,50.0,I2,0.8595422744750976,0.8595424652099609,1.9073486334786338e-07,0.0002732066495809704,1.6678928960477991e-06,,,0,0,,0
I2_selected_replace_N3_10mw_2h,50.0,I2,0.8595424652099609,0.8595428466796875,3.8146972658470446e-07,0.0005464071728056297,3.335676487259149e-06,,,0,0,,0
I2_selected_replace_N3_10mw_2h,50.0,I2,0.8595428466796875,0.8595458984375001,3.0517578125666134e-06,0.004370988142909482,2.6680664919084482e-05,,,0,0,,0
I2_selected_replace_N3_10mw_2h,50.0,I2,0.8595458984375001,0.8595703125,2.4414062499977796e-05,0.03494869568385184,0.00021310649439285848,,,0,0,,0
I2_selected_replace_N3_10mw_2h,50.0,I2,0.8595703125,0.859765625,0.0001953124999999334,0.2751560209726449,0.0016266374831166404,,,0,0,,0
I2_selected_replace_N3_10mw_2h,50.0,I2,0.859765625,0.86015625,0.0003906249999999778,0.40002483302669134,0.0025308953754850094,,,0,0,,0
I2_selected_replace_N3_10mw_2h,50.0,I2,0.86015625,0.8609375,0.0007812500000000666,0.7330480026867008,0.005016862729164906,,,0,0,,0
I2_selected_replace_N3_10mw_2h,50.0,I2,0.8609375,0.8625,0.0015625000000000222,1.4639362231246196,0.010032283871057146,,,0,0,,0
I2_selected_replace_N3_10mw_2h,50.0,I2,0.8625,0.875,0.012499999999999956,11.708692765561864,0.0802567178490099,,,0,0,,0
I2_selected_replace_N3_10mw_2h,50.0,I2,0.875,0.9,0.025000000000000022,23.414392979146214,0.16051293523824306,,,0,0,,2
I2_selected_replace_N3_10mw_2h,50.0,I2,0.9,0.925,0.025000000000000022,23.417886060124147,0.1605442942909816,,,0,0,,73
I2_selected_replace_N3_10mw_2h,50.0,I2,0.925,0.95,0.02499999999999991,23.40697709097003,0.16051066505203515,,,0,0,,6
I2_selected_replace_N3_10mw_2h,50.0,I2,0.95,0.975,0.025000000000000022,23.39703416910197,0.16048190634756665,,,0,0,,107
I2_selected_replace_N3_10mw_2h,50.0,I2,0.975,0.9875,0.012500000000000067,11.6995702192944,0.08025404837257977,,,0,0,,12
I2_selected_replace_N3_10mw_2h,50.0,I2,0.9875,0.9890625000000001,0.0015625000000000222,1.4699985304905567,0.010073101191792055,,,0,0,,0
I2_selected_replace_N3_10mw_2h,50.0,I2,0.9890625000000001,0.9898437500000001,0.0007812500000000666,0.7554007301077945,0.005589650330161788,,,0,0,,0
I2_selected_replace_N3_10mw_2h,50.0,I2,0.9898437500000001,0.9902343750000001,0.0003906249999999778,0.38303967712272424,0.0030236944440815705,,,0,0,,0
I2_selected_replace_N3_10mw_2h,50.0,I2,0.9902343750000001,0.9904296875,0.0001953124999999334,0.19192839413881302,0.0015293699710845488,,,0,0,,0
I2_selected_replace_N3_10mw_2h,50.0,I2,0.9904296875,0.9904312133789063,1.5258789062277955e-06,0.0015000922285253182,1.1976180672945702e-05,,,0,0,,0
I2_selected_replace_N3_10mw_2h,50.0,I2,0.9904312133789063,0.9904319763183593,7.629394530583866e-07,0.0007500498177250847,5.988235550091758e-06,,,0,0,,0
I2_selected_replace_N3_10mw_2h,50.0,I2,0.9904319763183593,0.9904323577880859,3.8146972658470446e-07,0.0003750256873900071,2.994151046209481e-06,,,0,0,,0
I2_selected_replace_N3_10mw_2h,50.0,I2,0.9904323577880859,0.9904325485229493,1.9073486334786338e-07,0.00018751283641904593,1.4970836659244924e-06,,,0,0,,0
I2_selected_replace_N3_10mw_2h,50.0,I2,0.9904325485229493,0.9904326438903809,9.536743161842054e-08,9.375640365760773e-05,7.485445649990652e-07,,,0,0,,0
I2_selected_replace_N3_10mw_2h,50.0,I2,0.9904326438903809,0.9904326677322388,2.384185793236071e-08,2.3439875803887844e-05,1.8713889460286737e-07,,,0,0,,0
I2_selected_replace_N3_10mw_2h,50.0,I2,0.9904326677322388,0.9904326736927033,5.960464455334602e-09,5.859503289684653e-06,4.678314979855713e-08,,,0,0,,0
I2_selected_replace_N3_10mw_2h,50.0,I2,0.9904326736927033,0.9904326766729354,2.9802321721561498e-09,2.9297370929270983e-06,2.3391905301650695e-08,,,0,0,,0
I2_selected_replace_N3_10mw_2h,50.0,I2,0.9904326766729354,0.9904326781630516,1.4901161415892261e-09,1.4646939234808087e-06,1.1693888524177964e-08,,,0,2,RES_PV_N8:cap@15;RES_PV_N8:marg@15,0
I2_selected_replace_N3_10mw_2h,50.0,I2,0.9904326781630516,0.9904326796531677,1.4901161415892261e-09,1.465537934564054e-06,1.170163343999775e-08,,,0,0,,0
I2_selected_replace_N3_10mw_2h,50.0,I2,0.9904326796531677,0.9904326915740966,1.1920928910669204e-08,1.1719079338945448e-05,9.356271490901236e-08,,,0,0,,0
I2_selected_replace_N3_10mw_2h,50.0,I2,0.9904326915740966,0.9904327392578125,4.768371586472142e-08,0.007253975927596912,0.000135011625941317,,,0,0,,93
I2_selected_replace_N3_10mw_2h,50.0,I2,0.9904327392578125,0.9904357910156251,3.0517578125666134e-06,-0.004206868659821339,0.00012601478667439991,,,0,0,,93
I2_selected_replace_N3_10mw_2h,50.0,I2,0.9904357910156251,0.9904418945312501,6.1035156250222045e-06,0.00600056083931122,4.791290603378684e-05,,,0,0,,0
I2_selected_replace_N3_10mw_2h,50.0,I2,0.9904418945312501,0.9904541015625,1.2207031249933387e-05,0.012001529161352664,9.584329993117535e-05,,,0,0,,0
I2_selected_replace_N3_10mw_2h,50.0,I2,0.9904541015625,0.990478515625,2.4414062499977796e-05,0.024004639955819584,0.00019175449223496344,,,0,0,,0
I2_selected_replace_N3_10mw_2h,50.0,I2,0.990478515625,0.9905273437500001,4.882812500006661e-05,0.048015247855801135,0.0003837651918523477,,,0,0,,0
I2_selected_replace_N3_10mw_2h,50.0,I2,0.9905273437500001,0.9906250000000001,9.76562500000222e-05,0.09605181124061346,0.0007684456567034204,,,0,0,,0
I2_selected_replace_N3_10mw_2h,50.0,I2,0.9906250000000001,0.99375,0.0031249999999999334,3.0874343319010222,0.02483081191286729,,,0,0,,93
I2_selected_replace_N3_10mw_2h,50.0,I2,0.99375,1.0,0.006249999999999978,6.1594655515946215,0.049727793708569834,,,0,0,,18
I2_selected_replace_N3_10mw_2h,100.0,I2,0.0,1e-06,1e-06,0.0007502223015762866,1.1013805096382612e-05,,,0,0,,2
I2_selected_replace_N3_10mw_2h,100.0,I2,1e-06,1e-05,9e-06,0.012603753988514654,9.91242475549825e-05,,,0,0,,2
I2_selected_replace_N3_10mw_2h,100.0,I2,1e-05,0.0001,9e-05,0.13677632554026786,0.000991242515304691,,,0,0,,1
I2_selected_replace_N3_10mw_2h,100.0,I2,0.0001,0.00015625,5.625e-05,0.06248292909003794,0.000617758070238672,,,0,0,,8
I2_selected_replace_N3_10mw_2h,100.0,I2,0.00015625,0.00018437500000000002,2.812500000000002e-05,0.03575566076324321,0.0003097736662107664,,,0,0,,0
I2_selected_replace_N3_10mw_2h,100.0,I2,0.00018437500000000002,0.00019843750000000002,1.4062499999999996e-05,0.017721560696372762,0.00015488840054356245,,,0,0,,0
I2_selected_replace_N3_10mw_2h,100.0,I2,0.00019843750000000002,0.00020019531250000002,1.7578124999999961e-06,0.002206460601883009,1.9361113547944342e-05,,,0,0,,0
I2_selected_replace_N3_10mw_2h,100.0,I2,0.00020019531250000002,0.00020107421875000003,8.789062500000116e-07,0.001102760579669848,9.680559943880951e-06,,,0,0,,0
I2_selected_replace_N3_10mw_2h,100.0,I2,0.00020107421875000003,0.00020110168457031252,2.74658203124902e-08,3.445753827691078e-05,3.025217631957844e-07,,,0,0,,0
I2_selected_replace_N3_10mw_2h,100.0,I2,0.00020110168457031252,0.00020110340118408205,1.7166137695340256e-09,2.153959940187633e-06,1.8907268639622998e-08,,,0,0,,0
I2_selected_replace_N3_10mw_2h,100.0,I2,0.00020110340118408205,0.00020110425949096682,8.583068847670128e-10,1.0853400453925133e-06,9.470288553359296e-09,,,0,0,,0
I2_selected_replace_N3_10mw_2h,100.0,I2,0.00020110425949096682,0.0002011046886444092,4.291534423835064e-10,0.030761197573156096,0.0003705203099286791,,,0,4,G_N1_a:marg@11;G_N1_a:marg@16;G_N1_a:off@11;G_N1_a:off@16,3
I2_selected_replace_N3_10mw_2h,100.0,I2,0.0002011046886444092,0.00020110511779785159,4.291534423835064e-10,-5.79500338062644e-05,7.111866437981007e-07,,,0,0,,0
I2_selected_replace_N3_10mw_2h,100.0,I2,0.00020110511779785159,0.00020110855102539065,3.433227539068051e-09,4.442816134542227e-06,3.7809476438610545e-08,,,0,0,,0
I2_selected_replace_N3_10mw_2h,100.0,I2,0.00020110855102539065,0.0002011154174804688,6.866455078136102e-09,8.889168384484947e-06,7.562996806598221e-08,,,0,0,,0
I2_selected_replace_N3_10mw_2h,100.0,I2,0.0002011154174804688,0.00020112915039062503,1.37329101562451e-08,1.7774655134417117e-05,1.5125785957081916e-07,,,0,0,,0
I2_selected_replace_N3_10mw_2h,100.0,I2,0.00020112915039062503,0.00020118408203125004,5.49316406250075e-08,7.109076250344515e-05,6.05005999965158e-07,,,0,0,,0
I2_selected_replace_N3_10mw_2h,100.0,I2,0.00020118408203125004,0.00020129394531250003,1.098632812499879e-07,0.00014218596334103495,1.2100087571909057e-06,,,0,0,,0
I2_selected_replace_N3_10mw_2h,100.0,I2,0.00020129394531250003,0.00020151367187500003,2.197265625000029e-07,0.00028436431603040546,2.4200283013087187e-06,,,0,0,,0
I2_selected_replace_N3_10mw_2h,100.0,I2,0.00020151367187500003,0.00020195312500000004,4.394531250000058e-07,0.0005687053926521912,4.840050341847757e-06,,,0,0,,0
I2_selected_replace_N3_10mw_2h,100.0,I2,0.00020195312500000004,0.00020546875000000003,3.5156249999999923e-06,0.00454853824339807,3.872041483266031e-05,,,0,0,,0
I2_selected_replace_N3_10mw_2h,100.0,I2,0.00020546875000000003,0.00021250000000000002,7.0312499999999846e-06,0.009091198720852844,7.744082852845224e-05,,,0,0,,0
I2_selected_replace_N3_10mw_2h,100.0,I2,0.00021250000000000002,0.00032500000000000004,0.00011250000000000002,0.14653700299095362,0.0012390532406296728,,,0,0,,7
I2_selected_replace_N3_10mw_2h,100.0,I2,0.00032500000000000004,0.00055,0.000225,0.2949406184197869,0.0024781064902041905,,,0,0,,6
I2_selected_replace_N3_10mw_2h,100.0,I2,0.00055,0.001,0.00045,0.5881953134521609,0.0049562129553129,,,0,0,,1
I2_selected_replace_N3_10mw_2h,100.0,I2,0.001,0.0025,0.0015,1.9599743716535158,0.01652070981235365,,,0,0,,1
I2_selected_replace_N3_10mw_2h,100.0,I2,0.0025,0.005,0.0025,3.266682836227119,0.02753451631844328,,,0,0,,1
I2_selected_replace_N3_10mw_2h,100.0,I2,0.005,0.0075,0.0024999999999999996,3.26593651449366,0.027534516273233223,,,0,0,,2
I2_selected_replace_N3_10mw_2h,100.0,I2,0.0075,0.00875,0.0012500000000000011,1.6055068489222322,0.013764398147872114,L46-@15,,0,4,G_N1_a:marg@11;G_N1_a:marg@16;G_N1_a:off@11;G_N1_a:off@16,2
I2_selected_replace_N3_10mw_2h,100.0,I2,0.00875,0.009375000000000001,0.0006250000000000006,0.8019871433498338,0.006882820608788975,,,0,0,,5
I2_selected_replace_N3_10mw_2h,100.0,I2,0.009375000000000001,0.009687500000000002,0.0003125000000000003,0.4277244501427049,0.0034423317372311857,,,0,0,,5
I2_selected_replace_N3_10mw_2h,100.0,I2,0.009687500000000002,0.009843750000000002,0.00015625000000000014,0.1860467148508178,0.0017203569945021258,,,0,0,,5
I2_selected_replace_N3_10mw_2h,100.0,I2,0.009843750000000002,0.009863281250000001,1.9531249999999584e-05,0.02552277575887274,0.00021510897044496602,,,0,0,,0
I2_selected_replace_N3_10mw_2h,100.0,I2,0.009863281250000001,0.009873046875000001,9.765624999999792e-06,0.012761315345414914,0.00010755456226707594,,,0,0,,0
I2_selected_replace_N3_10mw_2h,100.0,I2,0.009873046875000001,0.00987548828125,2.4414062499995143e-06,0.0031903012277325615,2.6888650642042933e-05,,,0,0,,0
I2_selected_replace_N3_10mw_2h,100.0,I2,0.00987548828125,0.009876708984375001,1.2207031250006245e-06,0.001595157737028785,1.3444329928447019e-05,,,0,0,,0
I2_selected_replace_N3_10mw_2h,100.0,I2,0.009876708984375001,0.009877014160156253,3.0517578125145717e-07,0.0004171778418822214,3.341402865508769e-06,,,0,0,,0
I2_selected_replace_N3_10mw_2h,100.0,I2,0.009877014160156253,0.009877166748046878,1.5258789062486122e-07,0.00021932121308054775,1.676559873153849e-06,,,0,0,,0
I2_selected_replace_N3_10mw_2h,100.0,I2,0.009877166748046878,0.00987724304199219,7.629394531243061e-08,0.0001044996315613389,8.394345192286323e-07,,,0,0,,0
I2_selected_replace_N3_10mw_2h,100.0,I2,0.00987724304199219,0.009877281188964845,3.8146972655347944e-08,5.097583925817162e-05,4.1971568087717515e-07,,,0,0,,0
I2_selected_replace_N3_10mw_2h,100.0,I2,0.009877281188964845,0.009877300262451174,1.9073486328541334e-08,2.5308894691988826e-05,2.098895857116645e-07,,,0,0,,0
I2_selected_replace_N3_10mw_2h,100.0,I2,0.009877300262451174,0.009877309799194338,9.536743164270667e-09,1.2648742995224893e-05,1.0493841084979749e-07,,,0,0,,0
I2_selected_replace_N3_10mw_2h,100.0,I2,0.009877309799194338,0.00987731456756592,4.768371581267972e-09,6.324276910163462e-06,5.2474898204479814e-08,,,0,0,,0
I2_selected_replace_N3_10mw_2h,100.0,I2,0.00987731456756592,0.009877316951751711,2.3841857915013476e-09,3.0561350286006927e-06,2.6247641393695176e-08,,,0,0,,0
I2_selected_replace_N3_10mw_2h,100.0,I2,0.009877316951751711,0.009877318143844606,1.192092894883312e-09,1.6855628928169608e-06,1.3129808351663996e-08,,,0,0,,0
I2_selected_replace_N3_10mw_2h,100.0,I2,0.009877318143844606,0.009877318739891054,5.960464483090178e-10,7.892522262409329e-07,6.558161125269635e-09,,,0,0,,0
I2_selected_replace_N3_10mw_2h,100.0,I2,0.009877318739891054,0.009877319037914278,2.980232241545089e-10,6.801565177738667e-08,3.900598954942325e-09,,,0,0,,0
I2_selected_replace_N3_10mw_2h,100.0,I2,0.009877319037914278,0.009877319335937502,2.980232241545089e-10,3.949098754674196e-07,3.3216887018738817e-09,L46-@14,,0,0,,0
I2_selected_replace_N3_10mw_2h,100.0,I2,0.009877319335937502,0.009877929687500002,6.103515624994449e-07,0.013095402537146583,0.00014853254468860655,,,0,0,,4
I2_selected_replace_N3_10mw_2h,100.0,I2,0.009877929687500002,0.009882812500000001,4.8828124999990286e-06,0.011586834414629266,6.355801152224672e-05,,,0,0,,1
I2_selected_replace_N3_10mw_2h,100.0,I2,0.009882812500000001,0.009921875,3.906249999999917e-05,0.052767645262065344,0.00043022344054222117,,,0,0,,0
I2_selected_replace_N3_10mw_2h,100.0,I2,0.009921875,0.01,7.812500000000007e-05,0.10451060312334448,0.0008604522412767324,,,0,0,,2
I2_selected_replace_N3_10mw_2h,100.0,I2,0.01,0.02,0.01,13.008842289200402,0.1101315464779411,,,0,0,,151
I2_selected_replace_N3_10mw_2h,100.0,I2,0.02,0.025,0.005000000000000001,6.555453666675021,0.05505961016152039,,,0,0,,6
I2_selected_replace_N3_10mw_2h,100.0,I2,0.025,0.0275,0.0024999999999999988,3.268500222970033,0.027514873936115514,,,0,0,,0
I2_selected_replace_N3_10mw_2h,100.0,I2,0.0275,0.028749999999999998,0.0012499999999999976,1.595996208518045,0.013744225267040555,,,0,0,,1
I2_selected_replace_N3_10mw_2h,100.0,I2,0.028749999999999998,0.029062499999999998,0.0003125000000000003,0.40541457607469056,0.003415561461622474,,,0,0,,0
I2_selected_replace_N3_10mw_2h,100.0,I2,0.029062499999999998,0.029218749999999998,0.00015625000000000014,0.20153946660866495,0.0016965439925078485,,,0,0,,0
I2_selected_replace_N3_10mw_2h,100.0,I2,0.029218749999999998,0.029296875,7.81250000000018e-05,0.10022951400605962,0.0008434191088086962,,,0,0,,1
I2_selected_replace_N3_10mw_2h,100.0,I2,0.029296875,0.029306640624999998,9.765624999998057e-06,0.012494511902332306,0.00010512678733398673,,,0,0,,0
I2_selected_replace_N3_10mw_2h,100.0,I2,0.029306640624999998,0.0293115234375,4.882812500002498e-06,0.006244051008252427,5.253537990590473e-05,,,0,0,,0
I2_selected_replace_N3_10mw_2h,100.0,I2,0.0293115234375,0.02931396484375,2.4414062499977796e-06,0.0031212147732730955,2.626076549638867e-05,,,0,0,,0
I2_selected_replace_N3_10mw_2h,100.0,I2,0.02931396484375,0.029314575195312498,6.103515624994449e-07,0.0007802046893630177,6.564357646787755e-06,,,0,0,,0
I2_selected_replace_N3_10mw_2h,100.0,I2,0.029314575195312498,0.029314880371093748,3.0517578124972244e-07,0.00039009748434182256,3.2823467259746053e-06,,,0,0,,0
I2_selected_replace_N3_10mw_2h,100.0,I2,0.029314880371093748,0.029315032958984372,1.5258789062486122e-07,0.00019504412193782628,1.6410110932341126e-06,,,0,0,,0
I2_selected_replace_N3_10mw_2h,100.0,I2,0.029315032958984372,0.029315071105957026,3.814697265361322e-08,4.8760586651042104e-05,4.102490294144445e-07,,,0,0,,0
I2_selected_replace_N3_10mw_2h,100.0,I2,0.029315071105957026,0.029315080642700192,9.53674316600539e-09,1.2187636457383633e-05,1.027658997898584e-07,,,0,0,,0
I2_selected_replace_N3_10mw_2h,100.0,I2,0.029315080642700192,0.02931508541107177,4.768371579533248e-09,6.09752896707505e-06,5.165074856705587e-08,,,0,0,,0
I2_selected_replace_N3_10mw_2h,100.0,I2,0.02931508541107177,0.02931508600711822,5.960464483090178e-10,7.692578947171569e-07,6.628506632466724e-09,,,0,2,G_N1_a:marg@13;G_N1_a:off@13,0
I2_selected_replace_N3_10mw_2h,100.0,I2,0.02931508600711822,0.029315086603164668,5.960464483090178e-10,7.547787390649319e-07,6.805862540204544e-09,,,0,0,,0
I2_selected_replace_N3_10mw_2h,100.0,I2,0.029315086603164668,0.029315087795257565,1.1920928966180355e-09,1.5312107279896736e-06,1.3039484159094172e-08,,,0,0,,0
I2_selected_replace_N3_10mw_2h,100.0,I2,0.029315087795257565,0.029315090179443355,2.384185789766624e-09,3.0471128411591053e-06,2.5636708755882864e-08,,,0,0,,0
I2_selected_replace_N3_10mw_2h,100.0,I2,0.029315090179443355,0.029315109252929683,1.9073486328541334e-08,2.4381253751926124e-05,2.0513205267747026e-07,,,0,0,,0
I2_selected_replace_N3_10mw_2h,100.0,I2,0.029315109252929683,0.029315185546874997,7.629394531416533e-08,9.750851313583553e-05,8.204794879063115e-07,,,0,0,,0
I2_selected_replace_N3_10mw_2h,100.0,I2,0.029315185546874997,0.02931640625,1.2207031250023592e-06,0.0015602571656927466,1.3127252799449707e-05,,,0,0,,0
I2_selected_replace_N3_10mw_2h,100.0,I2,0.02931640625,0.0293359375,1.9531249999999584e-05,0.024944672302808613,0.00020986657138877263,,,0,0,,0
I2_selected_replace_N3_10mw_2h,100.0,I2,0.0293359375,0.029375,3.906249999999917e-05,0.049770574827562086,0.00041870139209176926,,,0,2,G_N1_a:marg@12;G_N1_a:off@12,0
I2_selected_replace_N3_10mw_2h,100.0,I2,0.029375,0.03,0.0006250000000000006,0.743518525356194,0.006248435055590029,,,0,0,,9
I2_selected_replace_N3_10mw_2h,100.0,I2,0.03,0.05,0.020000000000000004,28.740393398242304,0.17887547268750836,,,2,0,,2
I2_selected_replace_N3_10mw_2h,100.0,I2,0.05,0.075,0.024999999999999994,56.66985052595555,0.36989087466895043,,,0,0,,1
I2_selected_replace_N3_10mw_2h,100.0,I2,0.075,0.1,0.02500000000000001,56.58780242256762,0.3698916602521134,,,0,0,,3
I2_selected_replace_N3_10mw_2h,100.0,I2,0.1,0.125,0.024999999999999994,56.73327065636113,0.36989175928681917,,,0,0,,1
I2_selected_replace_N3_10mw_2h,100.0,I2,0.125,0.15,0.024999999999999994,56.682810897691525,0.3698917898653509,,,0,0,,0
I2_selected_replace_N3_10mw_2h,100.0,I2,0.15,0.175,0.024999999999999994,56.644188740858226,0.3698918045206341,,,0,0,,1
I2_selected_replace_N3_10mw_2h,100.0,I2,0.175,0.2,0.025000000000000022,56.63398023575428,0.36989181192519993,,,0,0,,2
I2_selected_replace_N3_10mw_2h,100.0,I2,0.2,0.225,0.024999999999999994,56.63885479194869,0.3698918158364144,,,0,0,,7
I2_selected_replace_N3_10mw_2h,100.0,I2,0.225,0.25,0.024999999999999994,56.62481083482271,0.3698918171335759,,,0,0,,1
I2_selected_replace_N3_10mw_2h,100.0,I2,0.25,0.275,0.025000000000000022,56.60474172284012,0.3698918157704565,,,0,0,,0
I2_selected_replace_N3_10mw_2h,100.0,I2,0.275,0.3,0.024999999999999967,56.596637306633056,0.3698918165308722,,,0,0,,0
I2_selected_replace_N3_10mw_2h,100.0,I2,0.3,0.325,0.025000000000000022,56.599366201946395,0.3698918128531883,,,0,0,,0
I2_selected_replace_N3_10mw_2h,100.0,I2,0.325,0.35,0.024999999999999967,56.577711165780784,0.3698918090551384,,,0,0,,0
I2_selected_replace_N3_10mw_2h,100.0,I2,0.35,0.375,0.025000000000000022,56.579050797387026,0.3698918041423038,,,0,0,,0
I2_selected_replace_N3_10mw_2h,100.0,I2,0.375,0.4,0.025000000000000022,56.561149728207965,0.36989179779576453,,,0,0,,0
I2_selected_replace_N3_10mw_2h,100.0,I2,0.4,0.425,0.024999999999999967,56.55770206442685,0.3698917900016596,,,0,0,,0
I2_selected_replace_N3_10mw_2h,100.0,I2,0.425,0.45,0.025000000000000022,56.53261572754127,0.3698917800376691,,,0,0,,0
I2_selected_replace_N3_10mw_2h,100.0,I2,0.45,0.475,0.024999999999999967,56.536807815456996,0.369891767763427,,,0,0,,0
I2_selected_replace_N3_10mw_2h,100.0,I2,0.475,0.5,0.025000000000000022,56.53293209915864,0.3698917520822249,,,0,0,,0
I2_selected_replace_N3_10mw_2h,100.0,I2,0.5,0.525,0.025000000000000022,56.55485614914505,0.3698932965417283,,,0,0,,60
I2_selected_replace_N3_10mw_2h,100.0,I2,0.525,0.55,0.025000000000000022,56.47614928364055,0.3698901529439391,,,0,0,,138
I2_selected_replace_N3_10mw_2h,100.0,I2,0.55,0.575,0.02499999999999991,56.49881999005447,0.36989167111385957,,,0,0,,0
I2_selected_replace_N3_10mw_2h,100.0,I2,0.575,0.6,0.025000000000000022,56.48952592702699,0.3698916228733893,,,0,0,,2
I2_selected_replace_N3_10mw_2h,100.0,I2,0.6,0.625,0.025000000000000022,56.48022216760728,0.3698915541769576,,,0,0,,2
I2_selected_replace_N3_10mw_2h,100.0,I2,0.625,0.65,0.025000000000000022,56.45576788301696,0.36978647592605896,,,0,0,,8
I2_selected_replace_N3_10mw_2h,100.0,I2,0.65,0.675,0.025000000000000022,56.475710095095565,0.36999624035368406,,,0,0,,59
I2_selected_replace_N3_10mw_2h,100.0,I2,0.675,0.7,0.02499999999999991,56.45233073559939,0.3698909984366052,,,0,0,,0
I2_selected_replace_N3_10mw_2h,100.0,I2,0.7,0.725,0.025000000000000022,56.42990631297289,0.3697934230120019,,,0,0,,9
I2_selected_replace_N3_10mw_2h,100.0,I2,0.725,0.75,0.025000000000000022,56.44511087315914,0.3699856640936927,,,0,0,,16
I2_selected_replace_N3_10mw_2h,100.0,I2,0.75,0.775,0.025000000000000022,56.42062916261784,0.3698823959262252,,,0,0,,7
I2_selected_replace_N3_10mw_2h,100.0,I2,0.775,0.8,0.025000000000000022,56.38014124688925,0.3698226744782036,,,0,0,,2
I2_selected_replace_N3_10mw_2h,100.0,I2,0.8,0.80625,0.006249999999999978,14.079863470527926,0.09242897022068775,,,0,0,,0
I2_selected_replace_N3_10mw_2h,100.0,I2,0.80625,0.8070312500000001,0.0007812500000000666,1.7596582278347341,0.011553065095427417,,,0,0,,0
I2_selected_replace_N3_10mw_2h,100.0,I2,0.8070312500000001,0.8074218750000001,0.0003906249999999778,0.8798067425377667,0.00577649726998164,,,0,0,,0
I2_selected_replace_N3_10mw_2h,100.0,I2,0.8074218750000001,0.8076171875,0.0001953124999999334,0.4394966760009993,0.0028881270231675416,,,0,0,,1
I2_selected_replace_N3_10mw_2h,100.0,I2,0.8076171875,0.807666015625,4.882812499995559e-05,0.10961679308093153,0.0007219282542103578,,,0,0,,1
I2_selected_replace_N3_10mw_2h,100.0,I2,0.807666015625,0.8076660394668579,2.384185793236071e-08,5.446841532830149e-05,3.5286073352125413e-07,,,0,0,,0
I2_selected_replace_N3_10mw_2h,100.0,I2,0.8076660394668579,0.8076660424470901,2.9802321721561498e-09,6.802089046686888e-06,4.410349818684267e-08,,,0,0,,0
I2_selected_replace_N3_10mw_2h,100.0,I2,0.8076660424470901,0.8076660439372062,1.4901161415892261e-09,0.0007613044144818559,7.698202271200216e-06,,,0,2,G_N1_a:marg@12;G_N1_a:off@12,0
I2_selected_replace_N3_10mw_2h,100.0,I2,0.8076660439372062,0.8076660454273223,1.4901161415892261e-09,3.356937668286264e-06,2.204123150661985e-08,,,0,0,,0
I2_selected_replace_N3_10mw_2h,100.0,I2,0.8076660454273223,0.8076660513877869,5.9604645663569045e-09,1.3423865311779082e-05,8.813824070585952e-08,,,0,0,,0
I2_selected_replace_N3_10mw_2h,100.0,I2,0.8076660513877869,0.8076660633087158,1.1920928910669204e-08,2.684927312657237e-05,1.7628529480617772e-07,,,0,0,,0
I2_selected_replace_N3_10mw_2h,100.0,I2,0.8076660633087158,0.8076661109924316,4.768371575369912e-08,0.00010739450226537883,7.051318373640925e-07,,,0,0,,0
I2_selected_replace_N3_10mw_2h,100.0,I2,0.8076661109924316,0.8076662063598632,9.536743161842054e-08,0.0002147974300896749,1.4102823433503886e-06,,,0,0,,0
I2_selected_replace_N3_10mw_2h,100.0,I2,0.8076662063598632,0.8076663970947265,1.9073486334786338e-07,0.00036841066321358085,2.811033717797784e-06,,,0,0,,0
I2_selected_replace_N3_10mw_2h,100.0,I2,0.8076663970947265,0.8076667785644531,3.8146972658470446e-07,0.0009199956402881071,5.650594954609289e-06,,,0,0,,0
I2_selected_replace_N3_10mw_2h,100.0,I2,0.8076667785644531,0.8076675415039062,7.629394530583866e-07,0.0017186923214467242,1.1282166703097118e-05,,,0,0,,0
I2_selected_replace_N3_10mw_2h,100.0,I2,0.8076675415039062,0.8076690673828124,1.5258789062277955e-06,0.0034366815380053595,2.256433975622585e-05,,,0,0,,0
I2_selected_replace_N3_10mw_2h,100.0,I2,0.8076690673828124,0.807672119140625,3.0517578125666134e-06,0.006873373291455209,4.51287048361948e-05,,,0,0,,0
I2_selected_replace_N3_10mw_2h,100.0,I2,0.807672119140625,0.80767822265625,6.1035156250222045e-06,0.01374674221733585,9.025739911683317e-05,,,0,0,,0
I2_selected_replace_N3_10mw_2h,100.0,I2,0.80767822265625,0.8076904296875,1.2207031250044409e-05,0.027493461122503504,0.00018051471955704557,,,0,0,,0
I2_selected_replace_N3_10mw_2h,100.0,I2,0.8076904296875,0.80771484375,2.4414062499977796e-05,0.0543739795248257,0.0003608392221581269,,,0,0,,0
I2_selected_replace_N3_10mw_2h,100.0,I2,0.80771484375,0.8078125,9.76562500000222e-05,0.22055993336834945,0.0014443069141556464,,,0,0,,0
I2_selected_replace_N3_10mw_2h,100.0,I2,0.8078125,0.809375,0.0015624999999999112,3.5190457368153147,0.023105698317962275,,,0,0,,2
I2_selected_replace_N3_10mw_2h,100.0,I2,0.809375,0.8125,0.0031250000000000444,7.03756856774271,0.04621058988028892,,,0,0,,0
I2_selected_replace_N3_10mw_2h,100.0,I2,0.8125,0.825,0.012499999999999956,28.133823757758364,0.18475017120600068,,,0,0,,8
I2_selected_replace_N3_10mw_2h,100.0,I2,0.825,0.85,0.025000000000000022,56.323070796759566,0.36976785801369694,,,0,0,,68
I2_selected_replace_N3_10mw_2h,100.0,I2,0.85,0.875,0.025000000000000022,56.264678341685794,0.3696522458451128,,,0,0,,0
I2_selected_replace_N3_10mw_2h,100.0,I2,0.875,0.9,0.025000000000000022,56.21662412349542,0.36955968380385595,,,0,0,,54
I2_selected_replace_N3_10mw_2h,100.0,I2,0.9,0.925,0.025000000000000022,56.09122047734854,0.36851493031626004,,,0,0,,21
I2_selected_replace_N3_10mw_2h,100.0,I2,0.925,0.95,0.02499999999999991,42.179718860570574,0.2671961717754603,,,0,0,,28
I2_selected_replace_N3_10mw_2h,100.0,I2,0.95,0.975,0.025000000000000022,56.22801375130075,0.36964030238749357,,,0,0,,37
I2_selected_replace_N3_10mw_2h,100.0,I2,0.975,1.0,0.025000000000000022,56.21548094942409,0.36962536483372604,,,0,0,,10
I3_incumbent_start,25.0,I3,0.0,1e-06,1e-06,0.003957888635341078,5.362174434253575e-06,,,0,0,,0
I3_incumbent_start,25.0,I3,1e-06,1e-05,9e-06,0.03562099445844069,4.825955766385448e-05,,,0,0,,0
I3_incumbent_start,25.0,I3,1e-05,0.0001,9e-05,0.35620990257302765,0.00048259452227839006,,,0,0,,0
I3_incumbent_start,25.0,I3,0.0001,0.001,0.0009,3.562092510823277,0.004825933767282464,,,0,0,,0
I3_incumbent_start,25.0,I3,0.001,0.0025,0.0015,5.9367994333733805,0.008043223556141399,,,0,0,,0
I3_incumbent_start,25.0,I3,0.0025,0.005,0.0025,9.894606013491284,0.013405372829513595,,,0,0,,0
I3_incumbent_start,25.0,I3,0.005,0.01,0.005,19.788988035841612,0.026810745611323128,,,0,0,,6
I3_incumbent_start,25.0,I3,0.01,0.02,0.01,39.577080111412215,0.05362149121983961,,,0,0,,3
I3_incumbent_start,25.0,I3,0.02,0.03,0.009999999999999998,39.575885475744144,0.05362149133415173,,,0,0,,2
I3_incumbent_start,25.0,I3,0.03,0.04,0.010000000000000002,39.57467441212793,0.05362149118438708,,,0,0,,1
I3_incumbent_start,25.0,I3,0.04,0.042499999999999996,0.0024999999999999953,7.769544316484826,0.013405372816638561,,,3,0,,1
I3_incumbent_start,25.0,I3,0.042499999999999996,0.042812499999999996,0.0003125000000000003,0.3303994246380171,0.001675671588692751,,,0,0,,0
I3_incumbent_start,25.0,I3,0.042812499999999996,0.042890625,7.812500000000527e-05,0.08212770111276768,0.00041891790035819554,,,0,0,,0
I3_incumbent_start,25.0,I3,0.042890625,0.042900390625,9.765624999998057e-06,0.010261453135171905,5.236473483805071e-05,,,0,0,,0
I3_incumbent_start,25.0,I3,0.042900390625,0.042902832031250004,2.4414062500047184e-06,0.0025652374315541238,1.3091183149072094e-05,,,0,0,,0
I3_incumbent_start,25.0,I3,0.042902832031250004,0.042904052734375,1.2207031249988898e-06,0.0012825988087570295,6.54559397261778e-06,,,0,0,,0
I3_incumbent_start,25.0,I3,0.042904052734375,0.0429046630859375,6.103515624994449e-07,0.0006412993388948962,3.2727965528778213e-06,,,0,0,,0
I3_incumbent_start,25.0,I3,0.0429046630859375,0.04290481567382813,1.5258789062833067e-07,0.00016032488201744854,8.181984050281699e-07,,,0,0,,0
I3_incumbent_start,25.0,I3,0.04290481567382813,0.042904891967773445,7.629394531416533e-08,8.015935600269586e-05,4.090981633453339e-07,,,0,0,,0
I3_incumbent_start,25.0,I3,0.042904891967773445,0.042904896736145025,4.768371579533248e-09,-0.003957681430620141,7.572563374580454e-06,,,0,0,,13
I3_incumbent_start,25.0,I3,0.042904896736145025,0.042904897928237914,1.1920928896791416e-09,0.0039639387832721695,7.572568893721154e-06,,L46-@15,0,0,,13
I3_incumbent_start,25.0,I3,0.042904897928237914,0.04290489912033081,1.1920928966180355e-09,1.255582901649177e-06,6.3901506308639e-09,,L46-@14,0,0,,0
I3_incumbent_start,25.0,I3,0.04290489912033081,0.042904901504516604,2.384185793236071e-09,2.508109901100397e-06,1.2786287584276579e-08,,,0,0,,0
I3_incumbent_start,25.0,I3,0.042904901504516604,0.04290491104125977,9.53674316600539e-09,1.0016039595939219e-05,5.1135440770622154e-08,,,0,0,,0
I3_incumbent_start,25.0,I3,0.04290491104125977,0.042904930114746095,1.9073486325071887e-08,2.0040766685269773e-05,1.0227617330826888e-07,,,0,0,,0
I3_incumbent_start,25.0,I3,0.042904930114746095,0.04290496826171875,3.814697265708267e-08,4.008063115179539e-05,2.0455000537822343e-07,,,0,0,,0
I3_incumbent_start,25.0,I3,0.04290496826171875,0.0429052734375,3.0517578124972244e-07,0.00032064662082120776,1.6363970356536583e-06,,L46-@12,0,0,,0
I3_incumbent_start,25.0,I3,0.0429052734375,0.04291015625,4.882812499995559e-06,0.005130229634232819,2.618236953466635e-05,,,0,0,,0
I3_incumbent_start,25.0,I3,0.04291015625,0.0429296875,1.9531250000003053e-05,0.0205190944543574,0.00010472947313644454,,,0,0,,0
I3_incumbent_start,25.0,I3,0.0429296875,0.04296875,3.906249999999917e-05,0.04103056190069765,0.00020945895180268792,,,0,0,,0
I3_incumbent_start,25.0,I3,0.04296875,0.043125,0.00015624999999999667,0.16405536817910615,0.0008378357974230255,,,0,0,,0
I3_incumbent_start,25.0,I3,0.043125,0.04375,0.0006250000000000006,0.6559127586369868,0.0033513431976039953,,,0,0,,0
I3_incumbent_start,25.0,I3,0.04375,0.045,0.0012500000000000011,1.3116814072272973,0.006702686399195912,,,0,0,,0
I3_incumbent_start,25.0,I3,0.045,0.05,0.0050000000000000044,5.246650995555683,0.02681074559962937,,,0,0,,2
I3_incumbent_start,25.0,I3,0.05,0.075,0.024999999999999994,26.232084439514438,0.13405372803981486,,,0,0,,5
I3_incumbent_start,25.0,I3,0.075,0.1,0.02500000000000001,26.230138504703064,0.1340537280247851,,,0,0,,3
I3_incumbent_start,25.0,I3,0.1,0.125,0.024999999999999994,26.2281927086442,0.13405372807680216,,,0,0,,8
I3_incumbent_start,25.0,I3,0.125,0.15,0.024999999999999994,26.226246887104935,0.1340537279506222,,,0,0,,2
I3_incumbent_start,25.0,I3,0.15,0.175,0.024999999999999994,26.224301094582188,0.13405372796688297,,,0,0,,0
I3_incumbent_start,25.0,I3,0.175,0.2,0.025000000000000022,26.222355295918533,0.1340537279320575,,,0,0,,0
I3_incumbent_start,25.0,I3,0.2,0.225,0.024999999999999994,26.220409436311456,0.1340537278337539,,,0,0,,11
I3_incumbent_start,25.0,I3,0.225,0.25,0.024999999999999994,26.21846364859084,0.13405372765880585,,,0,0,,4
I3_incumbent_start,25.0,I3,0.25,0.275,0.025000000000000022,26.216517752647633,0.13405372706410112,,,0,0,,3
I3_incumbent_start,25.0,I3,0.275,0.3,0.024999999999999967,26.214571094038547,0.13405372248151437,,,0,0,,7
I3_incumbent_start,25.0,I3,0.3,0.3125,0.012500000000000011,10.264346625030157,0.0522315567772349,,,1,0,,21
I3_incumbent_start,25.0,I3,0.3125,0.3126953125,0.0001953124999999889,0.0036959971039323136,5.022754727690426e-07,,,0,0,,0
I3_incumbent_start,25.0,I3,0.3126953125,0.31279296874999996,9.76562499999667e-05,0.001830390960094519,1.5881635029302288e-07,,,0,0,,0
I3_incumbent_start,25.0,I3,0.31279296874999996,0.312799072265625,6.1035156250222045e-06,0.00011408839782234281,8.356341396620337e-09,,,0,0,,0
I3_incumbent_start,25.0,I3,0.312799072265625,0.31280212402343743,3.051757812455591e-06,5.6695324019528925e-05,3.0423876751228818e-09,,,0,0,,0
I3_incumbent_start,25.0,I3,0.31280212402343743,0.31280288696289055,7.629394531138978e-07,1.425780646968633e-05,1.0247092063764285e-09,,,0,0,,0
I3_incumbent_start,25.0,I3,0.31280288696289055,0.31280289292335506,5.960464510845753e-09,3.184832166880369e-07,8.262119877144869e-10,,,0,0,,0
I3_incumbent_start,25.0,I3,0.31280289292335506,0.3128028959035873,2.980232227667301e-09,5.5762939155101776e-08,3.991473818132363e-12,,,0,0,,0
I3_incumbent_start,25.0,I3,0.3128028959035873,0.31280289739370337,1.4901160860780749e-09,1.5775731299072504e-07,5.127152036266125e-10,,L46-@13,0,0,,0
I3_incumbent_start,25.0,I3,0.31280289739370337,0.3128028988838195,1.4901161415892261e-09,6.359186954796314e-08,1.8679280344713334e-10,,,0,0,,0
I3_incumbent_start,25.0,I3,0.3128028988838195,0.3128029108047484,1.1920928910669204e-08,2.2223684936761856e-07,1.5978329770405253e-11,,,0,0,,0
I3_incumbent_start,25.0,I3,0.3128029108047484,0.31280293464660636,2.384185793236071e-08,4.103785613551736e-07,1.5286261145774915e-10,,,0,0,,0
I3_incumbent_start,25.0,I3,0.31280293464660636,0.3128029823303222,4.768371586472142e-08,7.605849532410502e-07,4.5279691107680264e-10,,,0,0,,0
I3_incumbent_start,25.0,I3,0.3128029823303222,0.31280307769775384,9.536743161842054e-08,1.7823331290856004e-06,1.2781598002220562e-10,,,0,0,,0
I3_incumbent_start,25.0,I3,0.31280307769775384,0.3128032684326171,1.9073486323684108e-07,3.564040525816381e-06,2.5553958948876243e-10,,,0,0,,0
I3_incumbent_start,25.0,I3,0.3128032684326171,0.31280364990234366,3.8146972658470446e-07,7.127993740141392e-06,5.10587128133011e-10,,,0,0,,0
I3_incumbent_start,25.0,I3,0.31280364990234366,0.31280517578124994,1.5258789062833067e-06,2.8512542485259473e-05,2.0363373209875135e-09,,,0,0,,0
I3_incumbent_start,25.0,I3,0.31280517578124994,0.31281738281249993,1.2207031249988898e-05,0.0002280311891809106,1.594940179927562e-08,,,0,0,,0
I3_incumbent_start,25.0,I3,0.31281738281249993,0.31284179687499997,2.4414062500033307e-05,0.00045552731899078935,2.952868705108358e-08,,,0,0,,0
I3_incumbent_start,25.0,I3,0.31284179687499997,0.312890625,4.88281250000111e-05,0.0009105619828915223,5.5037681079284084e-08,,,0,0,,0
I3_incumbent_start,25.0,I3,0.312890625,0.31328125,0.0003906250000000333,0.007243384345201775,2.3179674357720614e-07,,,0,0,,0
I3_incumbent_start,25.0,I3,0.31328125,0.3140625,0.0007812500000000111,0.014415502941119485,9.154536151356751e-08,,,0,0,,0
I3_incumbent_start,25.0,I3,0.3140625,0.315625,0.0015624999999999667,0.02879825448326301,1.3286689082292469e-08,,,0,0,,15
I3_incumbent_start,25.0,I3,0.315625,0.31875,0.003124999999999989,0.05759174611011986,1.813532435335219e-09,,,0,0,,0
I3_incumbent_start,25.0,I3,0.31875,0.325,0.006250000000000033,0.1151830215821974,1.1739196281723707e-09,,,0,0,,9
I3_incumbent_start,25.0,I3,0.325,0.35,0.024999999999999967,0.4607313869491918,1.0693064211864112e-09,,,0,0,,6
I3_incumbent_start,25.0,I3,0.35,0.375,0.025000000000000022,0.4607311816653237,1.7558754450419656e-10,,,0,0,,17
I3_incumbent_start,25.0,I3,0.375,0.4,0.025000000000000022,0.46073119816719554,7.87352405495767e-11,,,0,0,,3
I3_incumbent_start,25.0,I3,0.4,0.425,0.024999999999999967,0.46073119482025504,8.608047608049674e-11,,,0,0,,2
I3_incumbent_start,25.0,I3,0.425,0.45,0.025000000000000022,0.4607311909639975,2.6203039737993095e-11,,,0,0,,0
I3_incumbent_start,25.0,I3,0.45,0.475,0.024999999999999967,0.46073119052744005,2.8050450850969355e-11,,,0,0,,3
I3_incumbent_start,25.0,I3,0.475,0.5,0.025000000000000022,0.46073118929052725,2.2952306721890636e-11,,,0,0,,4
I3_incumbent_start,25.0,I3,0.5,0.525,0.025000000000000022,0.46073118927597534,1.5759837879159022e-11,,,0,0,,2
I3_incumbent_start,25.0,I3,0.525,0.55,0.025000000000000022,0.4607312106381869,6.2408744838649e-11,,,0,0,,5
I3_incumbent_start,25.0,I3,0.55,0.575,0.02499999999999991,0.4607311711879447,1.0372680492309883e-10,,,0,0,,2
I3_incumbent_start,25.0,I3,0.575,0.6,0.025000000000000022,0.4607311920117354,1.1619150086517038e-11,,,0,0,,0
I3_incumbent_start,25.0,I3,0.6,0.625,0.025000000000000022,0.46073119291395415,1.1187495374542777e-11,,,0,0,,0
I3_incumbent_start,25.0,I3,0.625,0.65,0.025000000000000022,0.46073119550419506,1.1180389947185176e-11,,,0,0,,0
I3_incumbent_start,25.0,I3,0.65,0.675,0.025000000000000022,0.46073119799257256,1.1588952020247234e-11,,,0,0,,0
I3_incumbent_start,25.0,I3,0.675,0.7,0.02499999999999991,0.46079112563165836,1.8707022064745615e-07,,,0,0,,71
I3_incumbent_start,25.0,I3,0.7,0.725,0.025000000000000022,0.46098672480729874,7.976700064915576e-07,,,0,0,,1
I3_incumbent_start,25.0,I3,0.725,0.75,0.025000000000000022,0.4617264387488831,3.106861894863755e-06,,,0,0,,40
I3_incumbent_start,25.0,I3,0.75,0.775,0.025000000000000022,0.4618674495141022,3.5469972541335437e-06,,,0,0,,72
I3_incumbent_start,25.0,I3,0.775,0.8,0.025000000000000022,0.4618675471720053,3.54709556127375e-06,,,0,0,,0
I3_incumbent_start,25.0,I3,0.8,0.825,0.02499999999999991,0.4618679165141657,3.547063483821944e-06,,,0,0,,0
I3_incumbent_start,25.0,I3,0.825,0.8374999999999999,0.012499999999999956,2.302982684719609,0.0010641804278410667,,,0,0,,0
I3_incumbent_start,25.0,I3,0.8374999999999999,0.8378906249999999,0.0003906249999999778,2.6380745885835495,0.001351178370285999,,,0,0,,0
I3_incumbent_start,25.0,I3,0.8378906249999999,0.8380859374999998,0.0001953124999999334,1.5053824142523808,0.000771294163646723,,,0,2,RES_PV_N8:cap@14;RES_PV_N8:marg@14,0
I3_incumbent_start,25.0,I3,0.8380859374999998,0.8381347656249998,4.882812499995559e-05,0.38388937986746896,0.00019669800175517015,,,0,0,,0
I3_incumbent_start,25.0,I3,0.8381347656249998,0.838136291503906,1.5258789062277955e-06,0.012028745870338753,6.163357366632382e-06,,,0,4,RES_PV_N8:cap@12;RES_PV_N8:cap@13;RES_PV_N8:marg@12;RES_PV_N8:marg@13,0
I3_incumbent_start,25.0,I3,0.838136291503906,0.8381370544433591,7.629394530583866e-07,0.006015057573677041,3.0820919914020806e-06,,,0,0,,0
I3_incumbent_start,25.0,I3,0.8381370544433591,0.8381374359130856,3.8146972658470446e-07,0.0030077513947617263,1.5411278534603265e-06,,,0,0,,0
I3_incumbent_start,25.0,I3,0.8381374359130856,0.838137626647949,1.9073486334786338e-07,0.0015038852870929986,7.70568711007738e-07,,,0,0,,0
I3_incumbent_start,25.0,I3,0.838137626647949,0.8381377220153806,9.536743161842054e-08,0.0007518632191931829,3.8525068990925143e-07,,,0,0,,0
I3_incumbent_start,25.0,I3,0.8381377220153806,0.8381377696990964,4.768371575369912e-08,0.00037563730438705534,1.9247387394441193e-07,,,0,0,,0
I3_incumbent_start,25.0,I3,0.8381377696990964,0.8381377935409543,2.384185793236071e-08,0.00018833148351404816,9.665981735114057e-08,,,0,0,,0
I3_incumbent_start,25.0,I3,0.8381377935409543,0.8381378054618833,1.1920929021691506e-08,9.40040044952184e-05,4.817437958964943e-08,,,0,0,,0
I3_incumbent_start,25.0,I3,0.8381378054618833,0.8381378114223478,5.960464455334602e-09,4.662641731556505e-05,2.3890375294363664e-08,,,0,0,,0
I3_incumbent_start,25.0,I3,0.8381378114223478,0.83813781440258,2.9802321721561498e-09,8.667948713991791e-05,4.455448121901129e-08,,,0,0,,0
I3_incumbent_start,25.0,I3,0.83813781440258,0.8381378158926961,1.4901161415892261e-09,-5.106921889819205e-05,2.6265517908633657e-08,,,0,0,,0
I3_incumbent_start,25.0,I3,0.8381378158926961,0.8381378173828122,1.4901161415892261e-09,-0.030007109744474292,1.5411482778817688e-05,,,0,2,RES_PV_N8:cap@15;RES_PV_N8:marg@15,0
I3_incumbent_start,25.0,I3,0.8381378173828122,0.8381408691406248,3.0517578125666134e-06,0.05408524510858115,2.774877803267883e-05,,,0,0,,0
I3_incumbent_start,25.0,I3,0.8381408691406248,0.8381469726562498,6.1035156250222045e-06,0.048153667492442764,2.4673311019435262e-05,,,0,0,,0
I3_incumbent_start,25.0,I3,0.8381469726562498,0.8381591796874999,1.2207031250044409e-05,0.09638822152919602,4.938808269933613e-05,,,0,0,,0
I3_incumbent_start,25.0,I3,0.8381591796874999,0.8381835937499998,2.4414062499977796e-05,0.19307826047588605,9.893117342325104e-05,,,0,0,,0
I3_incumbent_start,25.0,I3,0.8381835937499998,0.8382812499999999,9.76562500000222e-05,0.775563335075276,0.0003973940803948658,,,0,0,,0
I3_incumbent_start,25.0,I3,0.8382812499999999,0.8390624999999999,0.0007812500000000666,6.26459363628237,0.0032100134204609,,,0,0,,0
I3_incumbent_start,25.0,I3,0.8390624999999999,0.840625,0.0015625000000000222,12.557144457969116,0.0064343923055887806,,,0,0,,0
I3_incumbent_start,25.0,I3,0.840625,0.84375,0.0031250000000000444,25.114957854471868,0.012869156283297128,,,0,0,,0
I3_incumbent_start,25.0,I3,0.84375,0.85,0.006249999999999978,50.229703889533994,0.025738316319570274,,,0,0,,0
I3_incumbent_start,25.0,I3,0.85,0.85009765625,9.76562500000222e-05,0.7848365458485205,0.00040216105969100024,,,0,0,,0
I3_incumbent_start,25.0,I3,0.85009765625,0.850103759765625,6.1035156250222045e-06,0.04905229808355216,2.5135074668308777e-05,,,0,0,,0
I3_incumbent_start,25.0,I3,0.850103759765625,0.8501068115234376,3.0517578125666134e-06,0.02452614922367502,1.2567539032559694e-05,,,0,0,,0
I3_incumbent_start,25.0,I3,0.8501068115234376,0.8501083374023438,1.5258789062277955e-06,0.012263073920621537,6.283773296068829e-06,,,0,0,,0
I3_incumbent_start,25.0,I3,0.8501083374023438,0.8501091003417969,7.629394530583866e-07,0.006131537826149724,3.141884684067231e-06,,,0,0,,0
I3_incumbent_start,25.0,I3,0.8501091003417969,0.8501094818115235,3.8146972658470446e-07,0.0030657684401376173,1.5709422503604187e-06,,,0,0,,0
I3_incumbent_start,25.0,I3,0.8501094818115235,0.8501096725463868,1.9073486334786338e-07,0.0015328846202464774,7.854792492476004e-07,,,0,0,,0
I3_incumbent_start,25.0,I3,0.8501096725463868,0.8501097202301027,4.768371586472142e-08,0.0003832207730738446,1.9638522089082677e-07,,,0,0,,0
I3_incumbent_start,25.0,I3,0.8501097202301027,0.8501097440719605,2.3841857821338408e-08,0.00019161069940309972,9.81943343095204e-08,,,0,0,,0
I3_incumbent_start,25.0,I3,0.8501097440719605,0.8501097559928894,1.1920928910669204e-08,9.580509504303336e-05,4.909997280283518e-08,,,0,0,,0
I3_incumbent_start,25.0,I3,0.8501097559928894,0.850109761953354,5.9604645663569045e-09,4.790119419340044e-05,2.4545549349996865e-08,,,0,0,,0
I3_incumbent_start,25.0,I3,0.850109761953354,0.8501097634434701,1.4901161415892261e-09,1.1976648238487542e-05,6.140211186722588e-09,,,0,0,,0
I3_incumbent_start,25.0,I3,0.8501097634434701,0.8501097649335863,1.4901161415892261e-09,1.1976269888691604e-05,6.136760974384536e-09,,,0,0,,0
I3_incumbent_start,25.0,I3,0.8501097649335863,0.8501097679138184,2.9802321721561498e-09,2.395179762970656e-05,1.2273223992664839e-08,,,0,0,,0
I3_incumbent_start,25.0,I3,0.8501097679138184,0.85010986328125,9.536743161842054e-08,0.0007664423756068572,3.9273741401363305e-07,,,0,0,,0
I3_incumbent_start,25.0,I3,0.85010986328125,0.8501220703125,1.2207031249933387e-05,0.09810459475556854,5.027016197067802e-05,,,0,0,,0
I3_incumbent_start,25.0,I3,0.8501220703125,0.850146484375,2.4414062499977796e-05,0.19620918788132258,0.0001005403025281168,,,0,0,,0
I3_incumbent_start,25.0,I3,0.850146484375,0.8501953124999999,4.882812499995559e-05,0.3924183600174729,0.00020108060415965912,,,0,0,,0
I3_incumbent_start,25.0,I3,0.8501953124999999,0.850390625,0.0001953125000000444,1.569673269521445,0.000804322393076505,,,0,0,,0
I3_incumbent_start,25.0,I3,0.850390625,0.85078125,0.0003906250000000888,3.1393456793157384,0.0016086447853216265,,,0,0,,0
I3_incumbent_start,25.0,I3,0.85078125,0.8515625,0.0007812499999999556,6.278687939528027,0.0032172895764465345,,,0,0,,0
I3_incumbent_start,25.0,I3,0.8515625,0.8531249999999999,0.0015624999999999112,12.557362191888387,0.006434579153682944,,,0,0,,0
I3_incumbent_start,25.0,I3,0.8531249999999999,0.85625,0.0031250000000000444,25.114669566974044,0.012869158290149382,,,0,0,,0
I3_incumbent_start,25.0,I3,0.85625,0.8625,0.006250000000000089,50.22912016256305,0.02573831670542087,,,0,0,,0
I3_incumbent_start,25.0,I3,0.8625,0.875,0.012499999999999956,100.45736386174394,0.05147663366815819,,,0,0,,2
I3_incumbent_start,25.0,I3,0.875,0.8750244140625,2.4414062499977796e-05,0.1962046406697482,0.00010054061392550384,,,0,0,,2
I3_incumbent_start,25.0,I3,0.8750244140625,0.8750246047973633,1.9073486334786338e-07,0.0015328481531469151,7.854709365429091e-07,,,0,0,,0
I3_incumbent_start,25.0,I3,0.8750246047973633,0.8750247001647949,9.536743161842054e-08,0.0007664252625545487,3.9273744417700485e-07,,,0,0,,0
I3_incumbent_start,25.0,I3,0.8750247001647949,0.8750247478485107,4.768371575369912e-08,0.00038321202737279236,1.9636774611919705e-07,,,0,0,,0
I3_incumbent_start,25.0,I3,0.8750247478485107,0.8750247716903686,2.384185793236071e-08,0.00019160578085575253,9.818640192560402e-08,,,0,0,,0
I3_incumbent_start,25.0,I3,0.8750247716903686,0.8750247836112977,1.1920929021691506e-08,9.580326150171459e-05,4.909351647430782e-08,,,0,0,,0
I3_incumbent_start,25.0,I3,0.8750247836112977,0.8750247895717621,5.960464455334602e-09,4.7902052756398916e-05,2.4549284854957776e-08,,,0,0,,0
I3_incumbent_start,25.0,I3,0.8750247895717621,0.8750247925519943,2.9802321721561498e-09,2.3950880859047174e-05,1.2274733840467178e-08,,,0,0,,0
I3_incumbent_start,25.0,I3,0.8750247925519943,0.8750247940421104,1.4901161415892261e-09,1.1976080713793635e-05,6.1378093163533265e-09,,,0,0,,0
I3_incumbent_start,25.0,I3,0.8750247940421104,0.8750247955322266,1.4901161415892261e-09,1.197532401420176e-05,6.14072781512931e-09,,,0,0,,0
I3_incumbent_start,25.0,I3,0.8750247955322266,0.875025177001953,3.8146972647368216e-07,0.0030656971648568287,1.5709437794220182e-06,,,0,0,,0
I3_incumbent_start,25.0,I3,0.875025177001953,0.8750259399414062,7.629394531694089e-07,0.006131394489784725,3.1418840939212433e-06,,,0,0,,0
I3_incumbent_start,25.0,I3,0.8750259399414062,0.8750274658203125,1.5258789063388178e-06,0.01226279020193033,6.283770363546548e-06,,,0,0,,0
I3_incumbent_start,25.0,I3,0.8750274658203125,0.875030517578125,3.051757812455591e-06,0.024525580636691302,1.2567537557794939e-05,,,0,0,,0
I3_incumbent_start,25.0,I3,0.875030517578125,0.8750366210937499,6.103515624911182e-06,0.049051160443923436,2.5135077027949038e-05,,,0,0,,0
I3_incumbent_start,25.0,I3,0.8750366210937499,0.875048828125,1.2207031250044409e-05,0.09810231903975364,5.0270151669223884e-05,,,0,0,,0
I3_incumbent_start,25.0,I3,0.875048828125,0.87509765625,4.882812500006661e-05,0.3924092683737399,0.00020108060890802748,,,0,0,,0
I3_incumbent_start,25.0,I3,0.87509765625,0.8751953125,9.76562500000222e-05,0.7848184816539288,0.0004021612188196966,,,0,0,,0
I3_incumbent_start,25.0,I3,0.8751953125,0.875390625,0.0001953124999999334,1.5696367510827258,0.0008043224401891869,,,0,0,,0
I3_incumbent_start,25.0,I3,0.875390625,0.87578125,0.0003906249999999778,3.1392726418562233,0.0016086448966895484,,,0,0,,0
I3_incumbent_start,25.0,I3,0.87578125,0.8765625,0.0007812500000000666,6.278541852792841,0.003217289893219233,,,0,0,,0
I3_incumbent_start,25.0,I3,0.8765625,0.878125,0.0015625000000000222,12.55706989284954,0.006434581034202275,,,0,0,,0
I3_incumbent_start,25.0,I3,0.878125,0.88125,0.0031249999999999334,25.114063691158663,0.012869390601388392,,,0,0,,0
I3_incumbent_start,25.0,I3,0.88125,0.8875,0.006249999999999978,49.99489370944502,0.02823550837781863,,,0,0,,28
I3_incumbent_start,25.0,I3,0.8875,0.9,0.012500000000000067,98.95707391590986,0.06752493747614391,,,0,0,,0
I3_incumbent_start,25.0,I3,0.9,0.9000007629394531,7.629394530583866e-07,0.006039814776158892,4.121397130629756e-06,,,0,0,,0
I3_incumbent_start,25.0,I3,0.9000007629394531,0.9000011444091797,3.8146972658470446e-07,0.003019907104317099,2.060698837180741e-06,,,0,0,,0
I3_incumbent_start,25.0,I3,0.9000011444091797,0.900001335144043,1.9073486334786338e-07,0.0015099531738087535,1.03034913817579e-06,,,0,0,,0
I3_incumbent_start,25.0,I3,0.900001335144043,0.9000014305114746,9.536743161842054e-08,0.0007549772708443925,5.151744417730697e-07,,,0,0,,0
I3_incumbent_start,25.0,I3,0.9000014305114746,0.9000014781951904,4.768371575369912e-08,0.00037748859904240817,2.575877762756029e-07,,,0,0,,0
I3_incumbent_start,25.0,I3,0.9000014781951904,0.9000015020370483,2.384185793236071e-08,0.000188743433682248,1.2879324662318226e-07,,,0,0,,0
I3_incumbent_start,25.0,I3,0.9000015020370483,0.9000015139579773,1.1920929021691506e-08,9.437224071007222e-05,6.439674904434867e-08,,,0,0,,0
I3_incumbent_start,25.0,I3,0.9000015139579773,0.9000015154480935,1.4901161415892261e-09,1.1796102626249194e-05,8.049395539000415e-09,,,0,0,,0
I3_incumbent_start,25.0,I3,0.9000015154480935,0.9000015169382096,1.4901161415892261e-09,1.1797645129263401e-05,8.049973021506673e-09,,,0,0,,0
I3_incumbent_start,25.0,I3,0.9000015169382096,0.9000015199184418,2.9802321721561498e-09,2.3593558580614626e-05,1.609961791659842e-08,,,0,0,,0
I3_incumbent_start,25.0,I3,0.9000015199184418,0.9000015258789062,5.960464455334602e-09,4.7186287702061236e-05,3.2198644694947376e-08,,,0,0,,0
I3_incumbent_start,25.0,I3,0.9000015258789062,0.9000030517578126,1.5258789063388178e-06,0.012079627675120719,8.242793559987138e-06,,,0,0,,0
I3_incumbent_start,25.0,I3,0.9000030517578126,0.900006103515625,3.051757812455591e-06,0.024159256878192537,1.6485588679726604e-05,,,0,0,,0
I3_incumbent_start,25.0,I3,0.900006103515625,0.90001220703125,6.103515624911182e-06,0.04831851377093699,3.297117664552429e-05,,,0,0,,0
I3_incumbent_start,25.0,I3,0.90001220703125,0.9000244140625,1.2207031250044409e-05,0.09663702468969859,6.594235314244523e-05,,,0,0,,0
I3_incumbent_start,25.0,I3,0.9000244140625,0.9000488281250001,2.4414062500088818e-05,0.19327404718205798,0.00013188470747610426,,,0,0,,0
I3_incumbent_start,25.0,I3,0.9000488281250001,0.90009765625,4.882812499995559e-05,0.3865480750682764,0.00026376941353617456,,,0,0,,0
I3_incumbent_start,25.0,I3,0.90009765625,0.9001953125,9.765624999991118e-05,0.7730960819753818,0.0005275388277708459,,,0,0,,0
I3_incumbent_start,25.0,I3,0.9001953125,0.900390625,0.0001953125000000444,1.54619188887591,0.001055077656946013,,,0,0,,0
I3_incumbent_start,25.0,I3,0.900390625,0.9007812500000001,0.0003906250000000888,3.0923826685757376,0.002110155312939954,,,0,0,,2
I3_incumbent_start,25.0,I3,0.9007812500000001,0.9015625,0.0007812499999999556,6.184760918971733,0.004220310632083946,,,0,0,,0
I3_incumbent_start,25.0,I3,0.9015625,0.903125,0.0015624999999999112,12.369504145390238,0.008440621280676297,,,0,0,,1
I3_incumbent_start,25.0,I3,0.903125,0.90625,0.0031250000000000444,24.73893753797165,0.016881242603389524,,,0,0,,2
I3_incumbent_start,25.0,I3,0.90625,0.9125000000000001,0.006250000000000089,49.47759206488263,0.03376248526090636,,,0,0,,5
I3_incumbent_start,25.0,I3,0.9125000000000001,0.925,0.012499999999999956,98.95405207436124,0.06752497082156528,,,0,0,,0
I3_incumbent_start,25.0,I3,0.925,0.95,0.02499999999999991,197.90264805911283,0.13504994183180674,,,0,0,,1
I3_incumbent_start,25.0,I3,0.95,0.975,0.025000000000000022,197.89576723787468,0.1350499419216099,,,0,0,,10
I3_incumbent_start,25.0,I3,0.975,1.0,0.025000000000000022,197.88532194992877,0.1350453829166628,,,0,0,,68
I3_incumbent_start,50.0,I3,0.0,1e-06,1e-06,0.016486185166286305,8.708025648118678e-06,,,0,0,,0
I3_incumbent_start,50.0,I3,1e-06,1e-05,9e-06,0.14837566966889426,7.837222863216198e-05,,,0,0,,0
I3_incumbent_start,50.0,I3,1e-05,0.0001,9e-05,1.483756602727226,0.0007837222926374565,,,0,0,,0
I3_incumbent_start,50.0,I3,0.0001,0.001,0.0009,14.837558162893401,0.007837222933775756,,,0,0,,0
I3_incumbent_start,50.0,I3,0.001,0.0025,0.0015,24.729231814155355,0.013062038221857364,,,0,0,,0
I3_incumbent_start,50.0,I3,0.0025,0.005,0.0025,41.215298021998024,0.02177006370127188,,,0,0,,0
I3_incumbent_start,50.0,I3,0.005,0.01,0.005,82.430264786919,0.043540127395910844,,,0,0,,0
I3_incumbent_start,50.0,I3,0.01,0.02,0.01,164.8592044349498,0.08708025488563376,,,0,0,,0
I3_incumbent_start,50.0,I3,0.02,0.03,0.009999999999999998,164.85743756468582,0.08708025469758862,,,0,0,,0
I3_incumbent_start,50.0,I3,0.03,0.05,0.020000000000000004,329.7095743519167,0.1741605094966996,,,0,0,,0
I3_incumbent_start,50.0,I3,0.05,0.075,0.024999999999999994,412.12702893865935,0.21770063683499252,,,0,0,,0
I3_incumbent_start,50.0,I3,0.075,0.1,0.02500000000000001,412.1159858024039,0.2177006370981429,,,0,0,,22
I3_incumbent_start,50.0,I3,0.1,0.125,0.024999999999999994,412.1049419858173,0.21770063674912876,,,0,0,,22
I3_incumbent_start,50.0,I3,0.125,0.15,0.024999999999999994,412.0938986184483,0.2177006365591474,,,0,0,,5
I3_incumbent_start,50.0,I3,0.15,0.175,0.024999999999999994,412.0828553435713,0.21770063676220808,,,0,0,,2
I3_incumbent_start,50.0,I3,0.175,0.2,0.025000000000000022,412.071812060909,0.21770063697468345,,,0,0,,9
I3_incumbent_start,50.0,I3,0.2,0.225,0.024999999999999994,412.0607685290597,0.21770063674830453,,,0,0,,9
I3_incumbent_start,50.0,I3,0.225,0.25,0.024999999999999994,412.0497250930057,0.21770063671007023,,,0,0,,9
I3_incumbent_start,50.0,I3,0.25,0.275,0.025000000000000022,412.0386817206163,0.21770063671996276,,,0,0,,4
I3_incumbent_start,50.0,I3,0.275,0.3,0.024999999999999967,412.02763804077404,0.2177006363715286,,,0,0,,2
I3_incumbent_start,50.0,I3,0.3,0.325,0.025000000000000022,412.01659515053325,0.21770063725439925,,,0,0,,2
I3_incumbent_start,50.0,I3,0.325,0.35,0.024999999999999967,412.0055508316145,0.2177006356695319,,,0,0,,2
I3_incumbent_start,50.0,I3,0.35,0.375,0.025000000000000022,411.9945087371161,0.21770063803234407,,,0,0,,4
I3_incumbent_start,50.0,I3,0.375,0.4,0.025000000000000022,411.9834646675881,0.21770063671617734,,,0,0,,2
I3_incumbent_start,50.0,I3,0.4,0.425,0.024999999999999967,411.9724212610163,0.2177006367111538,,,0,0,,2
I3_incumbent_start,50.0,I3,0.425,0.45,0.025000000000000022,411.9613773999881,0.2177006353778399,,,0,0,,22
I3_incumbent_start,50.0,I3,0.45,0.475,0.024999999999999967,411.9503343636461,0.21770063633307757,,,0,0,,5
I3_incumbent_start,50.0,I3,0.475,0.5,0.025000000000000022,411.9392915856588,0.21770063855852584,,,0,0,,0
I3_incumbent_start,50.0,I3,0.5,0.525,0.025000000000000022,411.92824762487726,0.21770063662535222,,,0,0,,19
I3_incumbent_start,50.0,I3,0.525,0.55,0.025000000000000022,411.91720422579965,0.21770063678442142,,,0,0,,6
I3_incumbent_start,50.0,I3,0.55,0.575,0.02499999999999991,411.90616080898326,0.2177006365615135,,,0,0,,0
I3_incumbent_start,50.0,I3,0.575,0.6,0.025000000000000022,411.8951174033282,0.21770063682816065,,,0,0,,26
I3_incumbent_start,50.0,I3,0.6,0.625,0.025000000000000022,411.8840739895095,0.21770063663677242,,,0,0,,0
I3_incumbent_start,50.0,I3,0.625,0.65,0.025000000000000022,411.87303058899124,0.2177006364923315,,,0,0,,14
I3_incumbent_start,50.0,I3,0.65,0.675,0.025000000000000022,411.8619871665578,0.21770063662508754,,,0,0,,0
I3_incumbent_start,50.0,I3,0.675,0.7,0.02499999999999991,411.85088320275827,0.2177008004882559,,,0,0,,84
I3_incumbent_start,50.0,I3,0.7,0.725,0.025000000000000022,411.8396419553028,0.21770133562603888,,,0,0,,4
I3_incumbent_start,50.0,I3,0.725,0.75,0.025000000000000022,411.8278506693605,0.21770335880485447,,,0,0,,39
I3_incumbent_start,50.0,I3,0.75,0.7625,0.012499999999999956,205.90966425134684,0.10885139820117651,,,0,0,,0
I3_incumbent_start,50.0,I3,0.7625,0.7640625,0.0015625000000000222,25.406181124330033,0.013186714206955052,,,2,0,,24
I3_incumbent_start,50.0,I3,0.7640625,0.764068603515625,6.1035156250222045e-06,0.09796064980037045,5.0272150065922006e-05,,,0,0,,0
I3_incumbent_start,50.0,I3,0.764068603515625,0.7640716552734375,3.051757812455591e-06,0.04898028486059047,2.5136038290796137e-05,,,0,0,,0
I3_incumbent_start,50.0,I3,0.7640716552734375,0.7640717506408691,9.536743161842054e-08,0.0015306353598134592,7.855031904924203e-07,,,0,0,,0
I3_incumbent_start,50.0,I3,0.7640717506408691,0.7640717983245848,4.768371575369912e-08,0.0007653146458324045,3.9274801810762483e-07,,,0,0,,0
I3_incumbent_start,50.0,I3,0.7640717983245848,0.7640718042850493,5.960464455334602e-09,9.566408698447049e-05,4.909353545912154e-08,,,0,0,,0
I3_incumbent_start,50.0,I3,0.7640718042850493,0.7640718072652815,2.9802321721561498e-09,4.7833891585469246e-05,2.455198355733046e-08,,,0,0,,0
I3_incumbent_start,50.0,I3,0.7640718072652815,0.7640718087553976,1.4901161415892261e-09,2.391410816926509e-05,1.2274084859598133e-08,,,0,0,,0
I3_incumbent_start,50.0,I3,0.7640718087553976,0.7640718102455137,1.4901161415892261e-09,6.329634925350547e-05,5.060743681895019e-07,,L46-@12;L46-@13,0,0,,8
I3_incumbent_start,50.0,I3,0.7640718102455137,0.7640718221664428,1.1920929021691506e-08,0.00019138047355227172,9.823748747805894e-08,,,0,0,,0
I3_incumbent_start,50.0,I3,0.7640718221664428,0.7640718460083007,2.384185793236071e-08,0.00038322803447954357,1.9692601238574525e-07,,,0,0,,0
I3_incumbent_start,50.0,I3,0.7640718460083007,0.764072036743164,1.9073486334786338e-07,0.0030606121435994282,1.57357624264165e-06,,,0,0,,0
I3_incumbent_start,50.0,I3,0.764072036743164,0.7640724182128906,3.8146972658470446e-07,0.006123009457951412,3.142457832616685e-06,,,0,0,,0
I3_incumbent_start,50.0,I3,0.7640724182128906,0.7640731811523437,7.629394530583866e-07,0.012244823854416609,6.283771376125458e-06,,,0,0,,0
I3_incumbent_start,50.0,I3,0.7640731811523437,0.7640747070312499,1.5258789062277955e-06,0.024489653180353343,1.2567545214281495e-05,,,0,0,,0
I3_incumbent_start,50.0,I3,0.7640747070312499,0.7640869140625,1.2207031250044409e-05,0.1959172120259609,0.00010054035633011438,,,0,0,,0
I3_incumbent_start,50.0,I3,0.7640869140625,0.764111328125,2.4414062500088818e-05,0.39183441776549444,0.00020108071164415264,,,0,0,,0
I3_incumbent_start,50.0,I3,0.764111328125,0.76416015625,4.882812499995559e-05,0.7836686764494516,0.00040216185728514375,,,0,0,,0
I3_incumbent_start,50.0,I3,0.76416015625,0.7642578124999999,9.765624999991118e-05,1.567337592045078,0.0008043224852887221,,,0,0,,0
I3_incumbent_start,50.0,I3,0.7642578124999999,0.764453125,0.0001953125000000444,3.134674324624939,0.0016086454274777395,,,0,0,,0
I3_incumbent_start,50.0,I3,0.764453125,0.76484375,0.0003906250000000888,6.269346467539435,0.0032172903988163526,,,0,0,,0
I3_incumbent_start,50.0,I3,0.76484375,0.765625,0.0007812499999999556,12.538678422075463,0.006434606030587098,,,0,0,,0
I3_incumbent_start,50.0,I3,0.765625,0.76875,0.0031250000000000444,50.154654042911716,0.02573832414429944,,,0,0,,74
I3_incumbent_start,50.0,I3,0.76875,0.775,0.006249999999999978,100.3088546996587,0.05147663365430688,,,0,0,,0
I3_incumbent_start,50.0,I3,0.775,0.8,0.025000000000000022,401.22957418368605,0.2059065331707579,,,0,0,,0
I3_incumbent_start,50.0,I3,0.8,0.825,0.02499999999999991,401.2202249827096,0.20590653297771855,,,0,0,,0
I3_incumbent_start,50.0,I3,0.825,0.85,0.025000000000000022,401.2108759654948,0.2059065330229366,,,0,0,,0
I3_incumbent_start,50.0,I3,0.85,0.8625,0.012500000000000067,200.6019320623891,0.10295326655985626,,,0,0,,2
I3_incumbent_start,50.0,I3,0.8625,0.8640625000000001,0.0015625000000000222,25.075077171291923,0.012869158336303421,,,0,0,,0
I3_incumbent_start,50.0,I3,0.8640625000000001,0.8648437500000001,0.0007812500000000666,12.537524905215832,0.006434579177601485,,,0,0,,0
I3_incumbent_start,50.0,I3,0.8648437500000001,0.8652343750000001,0.0003906249999999778,6.268759006343316,0.003217289577816196,,,0,0,,0
I3_incumbent_start,50.0,I3,0.8652343750000001,0.8654296875,0.0001953124999999334,3.1343786844809074,0.0016086448082139881,,,0,0,,0
I3_incumbent_start,50.0,I3,0.8654296875,0.8655273437500001,9.76562500000222e-05,1.5671890629309928,0.0008043223705325175,,,0,0,,0
I3_incumbent_start,50.0,I3,0.8655273437500001,0.8655761718750001,4.882812500006661e-05,0.7835945273982361,0.0004021612107365513,,,0,0,,0
I3_incumbent_start,50.0,I3,0.8655761718750001,0.8655883789062502,1.2207031250044409e-05,0.1958986207464477,0.00010054029972828005,,,0,0,,0
I3_incumbent_start,50.0,I3,0.8655883789062502,0.8655944824218751,6.103515624911182e-06,0.0979493077902589,5.02701491242874e-05,,,0,0,,0
I3_incumbent_start,50.0,I3,0.8655944824218751,0.8655975341796875,3.051757812455591e-06,0.04897465532121714,2.513507538193238e-05,,,0,0,,0
I3_incumbent_start,50.0,I3,0.8655975341796875,0.8655990600585939,1.5258789063388178e-06,0.024487327609676868,1.2567537624796898e-05,,,0,0,,0
I3_incumbent_start,50.0,I3,0.8655990600585939,0.865599822998047,7.629394531694089e-07,0.012243661127286032,6.283767564951859e-06,,,0,0,,0
I3_incumbent_start,50.0,I3,0.865599822998047,0.8656002044677735,3.8146972647368216e-07,0.00612183369230479,3.1418852532993924e-06,,,0,0,,0
I3_incumbent_start,50.0,I3,0.8656002044677735,0.8656003952026368,1.9073486323684108e-07,0.003060914357774891,1.5709413911935144e-06,,,0,0,,0
I3_incumbent_start,50.0,I3,0.8656003952026368,0.8656004905700685,9.536743172944284e-08,0.0015304617700167,7.854730252887521e-07,,,0,0,,0
I3_incumbent_start,50.0,I3,0.8656004905700685,0.8656005382537844,4.768371586472142e-08,0.0007652513158973306,3.927471015074957e-07,,,0,0,,0
I3_incumbent_start,50.0,I3,0.8656005382537844,0.8656005620956422,2.3841857821338408e-08,0.0003825892636086792,1.9635476888879566e-07,,,0,0,,0
I3_incumbent_start,50.0,I3,0.8656005620956422,0.8656005740165711,1.1920928910669204e-08,0.00019130627333652228,9.818339563594236e-08,,,0,0,,0
I3_incumbent_start,50.0,I3,0.8656005740165711,0.8656005799770357,5.9604645663569045e-09,9.565442451275885e-05,4.909258066732036e-08,,,0,0,,0
I3_incumbent_start,50.0,I3,0.8656005799770357,0.8656005829572679,2.9802322831784522e-09,4.782625182997435e-05,2.4545429688771492e-08,,,0,0,,0
I3_incumbent_start,50.0,I3,0.8656005829572679,0.865600584447384,1.4901160305669237e-09,2.3913962650112808e-05,1.2273314808908253e-08,,,0,0,,0
I3_incumbent_start,50.0,I3,0.865600584447384,0.8656005859375001,1.4901161415892261e-09,-0.0005912348278798163,3.8465541241095025e-06,L46-@12;L46-@13,,0,0,,0
I3_incumbent_start,50.0,I3,0.8656005859375001,0.8656250000000001,2.4414062499977796e-05,0.39179705412243493,0.00020108241018945705,,,0,0,,0
I3_incumbent_start,50.0,I3,0.8656250000000001,0.86875,0.0031249999999999334,50.14994577199104,0.025738592961741524,,,0,0,,0
I3_incumbent_start,50.0,I3,0.86875,0.875,0.006249999999999978,100.29939940375334,0.051477733603785936,,,0,0,,0
I3_incumbent_start,50.0,I3,0.875,0.88125,0.006249999999999978,100.29849171734531,0.05148125640764967,,,0,0,,1
I3_incumbent_start,50.0,I3,0.88125,0.8812503814697266,3.8146972658470446e-07,0.006121538506704383,3.1425120825545605e-06,,,0,0,,0
I3_incumbent_start,50.0,I3,0.8812503814697266,0.8812503829598427,1.4901161415892261e-09,2.4057109840214252e-05,1.2349862466010109e-08,,,0,0,,0
I3_incumbent_start,50.0,I3,0.8812503829598427,0.8812503844499588,1.4901161415892261e-09,0.0012001890427200124,2.185909974716793e-05,,L46-@12;L46-@13,0,0,,0
I3_incumbent_start,50.0,I3,0.8812503844499588,0.881250387430191,2.9802321721561498e-09,4.7850931878201663e-05,2.4557505362565735e-08,,,0,0,,0
I3_incumbent_start,50.0,I3,0.881250387430191,0.8812503933906555,5.960464455334602e-09,9.565893560647964e-05,4.909653039675277e-08,,,0,0,,0
I3_incumbent_start,50.0,I3,0.8812503933906555,0.8812504053115845,1.1920929021691506e-08,0.00019131123553961515,9.818731427913008e-08,,,0,0,,0
I3_incumbent_start,50.0,I3,0.8812504053115845,0.8812504291534424,2.384185793236071e-08,0.00038257082633208483,1.9634824610648138e-07,,,0,0,,0
I3_incumbent_start,50.0,I3,0.8812504291534424,0.8812504768371582,4.768371575369912e-08,0.000765218646847643,3.9273599572453577e-07,,,0,0,,0
I3_incumbent_start,50.0,I3,0.8812504768371582,0.8812505722045898,9.536743161842054e-08,0.0015304716071113944,7.854895800463169e-07,,,0,0,,0
I3_incumbent_start,50.0,I3,0.8812505722045898,0.881250762939453,1.9073486323684108e-07,0.003060834380448796,1.570923442884009e-06,,,0,0,,0
I3_incumbent_start,50.0,I3,0.881250762939453,0.8812515258789062,7.629394531694089e-07,0.01224348290998023,6.283768201775786e-06,,,0,0,,0
I3_incumbent_start,50.0,I3,0.8812515258789062,0.8812530517578125,1.5258789063388178e-06,0.024487009024596773,1.2567558603571172e-05,,,0,0,,0
I3_incumbent_start,50.0,I3,0.8812530517578125,0.881256103515625,3.051757812455591e-06,0.0489739537879359,2.51350840940745e-05,,,0,0,,0
I3_incumbent_start,50.0,I3,0.881256103515625,0.8812622070312499,6.103515624911182e-06,0.09794800930831116,5.0270221038317686e-05,,,0,0,,0
I3_incumbent_start,50.0,I3,0.8812622070312499,0.8812744140625,1.2207031250044409e-05,0.19589557309518568,0.00010054021383254508,,,0,0,,0
I3_incumbent_start,50.0,I3,0.8812744140625,0.881298828125,2.4414062500088818e-05,0.39179154149314854,0.0002010806344729943,,,0,0,,0
I3_incumbent_start,50.0,I3,0.881298828125,0.88134765625,4.882812499995559e-05,0.7835830003314186,0.0004021612312579137,,,0,0,,0
I3_incumbent_start,50.0,I3,0.88134765625,0.8814453124999999,9.765624999991118e-05,1.5671658299252158,0.000804322460318474,,,0,0,,0
I3_incumbent_start,50.0,I3,0.8814453124999999,0.881640625,0.0001953125000000444,3.134331286273664,0.0016086449410348536,,,0,0,,0
I3_incumbent_start,50.0,I3,0.881640625,0.88203125,0.0003906250000000888,6.268660805537365,0.0032172899051152726,,,0,0,,0
I3_incumbent_start,50.0,I3,0.88203125,0.8828125,0.0007812499999999556,12.537314816087019,0.006434580147271163,,,0,0,,0
I3_incumbent_start,50.0,I3,0.8828125,0.8843749999999999,0.0015624999999999112,25.074601874221116,0.012869164242643727,,,0,0,,0
I3_incumbent_start,50.0,I3,0.8843749999999999,0.8875,0.0031250000000000444,49.68294209334999,0.030733101105335336,,,0,0,,28
I3_incumbent_start,50.0,I3,0.8875,0.9,0.012500000000000067,197.59900925429247,0.1350499344015832,,,0,0,,0
I3_incumbent_start,50.0,I3,0.9,0.925,0.025000000000000022,395.1889606266632,0.27009988322596,,,0,0,,0
I3_incumbent_start,50.0,I3,0.925,0.95,0.02499999999999991,395.1258680939354,0.270074592172028,,,0,0,,59
I3_incumbent_start,50.0,I3,0.95,0.975,0.025000000000000022,395.2158283439203,0.2701253290552952,,,0,0,,65
I3_incumbent_start,50.0,I3,0.975,1.0,0.025000000000000022,395.1396271643898,0.27009076592168313,,,0,0,,60
I3_incumbent_start,100.0,I3,0.0,1e-06,1e-06,0.03294709778856486,1.7416036633299825e-05,,,0,0,,0
I3_incumbent_start,100.0,I3,1e-06,1e-05,9e-06,0.2965225786610972,0.00015674427177536643,,,0,0,,0
I3_incumbent_start,100.0,I3,1e-05,0.0001,9e-05,2.9652244475728367,0.0015674427200194074,,,0,0,,0
I3_incumbent_start,100.0,I3,0.0001,0.001,0.0009,29.65204153714876,0.01567442722021628,,,0,0,,0
I3_incumbent_start,100.0,I3,0.001,0.0025,0.0015,49.41407909418922,0.02612404537959101,,,0,0,,0
I3_incumbent_start,100.0,I3,0.0025,0.005,0.0025,82.36533845543454,0.043540075620613905,,,0,0,,0
I3_incumbent_start,100.0,I3,0.005,0.01,0.005,164.73610951502633,0.08708015123720525,,,0,0,,0
I3_incumbent_start,100.0,I3,0.01,0.02,0.01,329.47009261704807,0.1741603024800069,,,0,0,,2
I3_incumbent_start,100.0,I3,0.02,0.03,0.009999999999999998,329.46530665518367,0.17416030248990566,,,0,0,,4
I3_incumbent_start,100.0,I3,0.03,0.05,0.020000000000000004,658.921755493604,0.34832060498940187,,,0,0,,2
I3_incumbent_start,100.0,I3,0.05,0.075,0.024999999999999994,823.6358240233385,0.4354007561588187,,,0,0,,0
I3_incumbent_start,100.0,I3,0.075,0.1,0.02500000000000001,823.6180259826069,0.4354007558934896,,,0,0,,0
I3_incumbent_start,100.0,I3,0.1,0.125,0.024999999999999994,823.6143307646562,0.43540075436439096,,,0,0,,4
I3_incumbent_start,100.0,I3,0.125,0.15,0.024999999999999994,826.0733799817681,0.43322120124068597,,,0,0,,19
I3_incumbent_start,100.0,I3,0.15,0.16249999999999998,0.012499999999999983,414.9645204034023,0.21731900327606546,,,0,0,,38
I3_incumbent_start,100.0,I3,0.16249999999999998,0.16874999999999998,0.0062500000000000056,205.8786639214086,0.1088502852594253,,,0,0,,8
I3_incumbent_start,100.0,I3,0.16874999999999998,0.16953124999999997,0.0007812499999999833,25.737789120001253,0.013603721522661871,,,0,0,,0
I3_incumbent_start,100.0,I3,0.16953124999999997,0.16972656249999996,0.0001953124999999889,6.42631601098401,0.0033873230163763424,,,0,0,,0
I3_incumbent_start,100.0,I3,0.16972656249999996,0.16982421874999998,9.76562500000222e-05,3.204802657564869,0.001675397519724342,,,0,0,,4
I3_incumbent_start,100.0,I3,0.16982421874999998,0.16983642578124997,1.2207031249988898e-05,0.40004984074039385,0.00020772819765646489,,,0,0,,0
I3_incumbent_start,100.0,I3,0.16983642578124997,0.16983947753906248,3.0517578125111022e-06,0.09999268208048306,5.185985948763516e-05,,,0,0,,0
I3_incumbent_start,100.0,I3,0.16983947753906248,0.16984100341796873,1.5258789062555511e-06,0.049993394102784805,2.591884361002883e-05,,,0,0,,0
I3_incumbent_start,100.0,I3,0.16984100341796873,0.16984176635742188,7.629394531416533e-07,0.02499594796972815,1.2956631350036218e-05,,,0,0,,0
I3_incumbent_start,100.0,I3,0.16984176635742188,0.16984214782714843,3.814697265569489e-07,0.012497793606598862,6.477661152359815e-06,,,0,0,,0
I3_incumbent_start,100.0,I3,0.16984214782714843,0.16984219551086427,4.7683715836965845e-08,0.0015622204373357818,8.097107553339811e-07,,,0,0,,0
I3_incumbent_start,100.0,I3,0.16984219551086427,0.16984220147132875,5.960464483090178e-09,0.0001952769816853106,1.0124063543059947e-07,,,0,0,,0
I3_incumbent_start,100.0,I3,0.16984220147132875,0.169842204451561,2.9802322554228766e-09,9.763795242179185e-05,5.062676144973466e-08,,,0,0,,0
I3_incumbent_start,100.0,I3,0.169842204451561,0.16984220594167712,1.4901161138336505e-09,4.882032226305455e-05,2.530132015010622e-08,,,0,2,G_N1_a:marg@16;G_N1_a:off@16,0
I3_incumbent_start,100.0,I3,0.16984220594167712,0.16984220743179324,1.4901161138336505e-09,4.8816698836162686e-05,2.5318962926235145e-08,,,0,0,,0
I3_incumbent_start,100.0,I3,0.16984220743179324,0.16984221935272217,1.192092893842478e-08,0.00039055568049661815,2.0241107456797636e-07,,,0,0,,0
I3_incumbent_start,100.0,I3,0.16984221935272217,0.16984224319458008,2.3841857904605135e-08,0.0007811075629433617,4.0483547714131873e-07,,,0,0,,0
I3_incumbent_start,100.0,I3,0.16984224319458008,0.1698423385620117,9.536743161842054e-08,0.003124423834378831,1.6193132523767417e-06,,,0,0,,0
I3_incumbent_start,100.0,I3,0.1698423385620117,0.169842529296875,1.9073486329235223e-07,0.0062488122639479116,3.238513688330613e-06,,,0,0,,0
I3_incumbent_start,100.0,I3,0.169842529296875,0.16984863281249998,6.103515624994449e-06,0.1999460131773958,0.00010356939755951089,,,0,0,,0
I3_incumbent_start,100.0,I3,0.16984863281249998,0.169873046875,2.441406250000555e-05,0.7994744013267336,0.00041301367979684755,,,0,2,G_N1_a:marg@11;G_N1_a:off@11,8
I3_incumbent_start,100.0,I3,0.169873046875,0.16992187499999997,4.882812499998335e-05,1.5975585856795078,0.0008194597877881904,,,0,0,,0
I3_incumbent_start,100.0,I3,0.16992187499999997,0.17031249999999998,0.00039062500000000555,12.757810022696503,0.006317634684274154,,,0,0,,0
I3_incumbent_start,100.0,I3,0.17031249999999998,0.171875,0.0015625000000000222,51.037221064267214,0.02489907259166735,,,0,0,,0
I3_incumbent_start,100.0,I3,0.171875,0.175,0.003124999999999989,102.07491388588096,0.04979586601938557,,,0,0,,1
I3_incumbent_start,100.0,I3,0.175,0.2,0.025000000000000022,816.5803224641131,0.398385073299071,,,0,0,,8
I3_incumbent_start,100.0,I3,0.2,0.225,0.024999999999999994,816.5767855684971,0.39834900859721145,,,0,0,,12
I3_incumbent_start,100.0,I3,0.225,0.25,0.024999999999999994,816.5492447318975,0.3983669349060328,,,0,0,,13
I3_incumbent_start,100.0,I3,0.25,0.275,0.025000000000000022,816.5297058548604,0.39836693541596624,,,0,0,,2
I3_incumbent_start,100.0,I3,0.275,0.3,0.024999999999999967,816.5101670997392,0.3983669354943178,,,0,0,,3
I3_incumbent_start,100.0,I3,0.3,0.325,0.025000000000000022,816.4906283456949,0.39836693558225456,,,0,0,,4
I3_incumbent_start,100.0,I3,0.325,0.35,0.024999999999999967,816.4710896224569,0.398366935648502,,,0,0,,6
I3_incumbent_start,100.0,I3,0.35,0.375,0.025000000000000022,816.451550947415,0.39836693560297753,,,0,0,,3
I3_incumbent_start,100.0,I3,0.375,0.4,0.025000000000000022,816.4320120616321,0.3983669359113673,,,0,0,,10
I3_incumbent_start,100.0,I3,0.4,0.425,0.024999999999999967,816.4124734711222,0.39836693565117187,,,0,0,,19
I3_incumbent_start,100.0,I3,0.425,0.45,0.025000000000000022,816.3882451387035,0.3983719285761005,,,0,0,,1
I3_incumbent_start,100.0,I3,0.45,0.475,0.024999999999999967,816.3780855339428,0.39836203989497676,,,0,0,,13
I3_incumbent_start,100.0,I3,0.475,0.5,0.025000000000000022,816.3538572660182,0.3983669357987374,,,0,0,,3
I3_incumbent_start,100.0,I3,0.5,0.525,0.025000000000000022,816.3342565041821,0.39836699473908865,,,0,0,,13
I3_incumbent_start,100.0,I3,0.525,0.55,0.025000000000000022,816.3148418717756,0.3983668780388747,,,0,0,,4
I3_incumbent_start,100.0,I3,0.55,0.575,0.02499999999999991,816.2952410967555,0.3983669360265196,,,0,0,,2
I3_incumbent_start,100.0,I3,0.575,0.6,0.025000000000000022,816.2757024586754,0.39836693591916017,,,0,0,,0
I3_incumbent_start,100.0,I3,0.6,0.625,0.025000000000000022,816.2561635323218,0.3983669361011941,,,0,0,,0
I3_incumbent_start,100.0,I3,0.625,0.65,0.025000000000000022,816.2366248221806,0.3983669359729838,,,0,0,,0
I3_incumbent_start,100.0,I3,0.65,0.675,0.025000000000000022,816.2170861411287,0.3983669360314792,,,0,0,,2
I3_incumbent_start,100.0,I3,0.675,0.7,0.02499999999999991,816.1972700218757,0.3983672197868948,,,0,0,,70
I3_incumbent_start,100.0,I3,0.7,0.725,0.025000000000000022,816.1768284851132,0.39836814295816936,,,0,0,,3
I3_incumbent_start,100.0,I3,0.725,0.75,0.025000000000000022,816.1538716125797,0.3983716383451892,,,0,0,,42
I3_incumbent_start,100.0,I3,0.75,0.775,0.025000000000000022,816.1336806787003,0.3983723050712058,,,0,0,,72
I3_incumbent_start,100.0,I3,0.775,0.8,0.025000000000000022,816.1141414867307,0.3983723053812298,,,0,0,,2
I3_incumbent_start,100.0,I3,0.8,0.825,0.02499999999999991,816.0946029183833,0.39837230521119693,,,0,0,,0
I3_incumbent_start,100.0,I3,0.825,0.85,0.025000000000000022,816.0577930056315,0.3983859708612876,,,0,0,,1
I3_incumbent_start,100.0,I3,0.85,0.875,0.025000000000000022,816.0727953205205,0.39835868871073643,,,0,0,,3
I3_incumbent_start,100.0,I3,0.875,0.9,0.025000000000000022,816.035984497852,0.39837230735700047,,,0,0,,2
I3_incumbent_start,100.0,I3,0.9,0.9125000000000001,0.012500000000000067,408.01066392876965,0.19918615548921537,,,0,0,,5
I3_incumbent_start,100.0,I3,0.9125000000000001,0.9187500000000001,0.006249999999999978,204.00349955941783,0.0995930776240499,,,0,0,,0
I3_incumbent_start,100.0,I3,0.9187500000000001,0.9203125000000001,0.0015625000000000222,51.00068398362782,0.024898269634451964,,,0,0,,0
I3_incumbent_start,100.0,I3,0.9203125000000001,0.92109375,0.0007812499999999556,25.500313462805934,0.012449134724437982,,,0,0,,0
I3_incumbent_start,100.0,I3,0.92109375,0.9212890625000001,0.0001953125000000444,6.375075251926319,0.0031122838134258757,,,0,0,,0
I3_incumbent_start,100.0,I3,0.9212890625000001,0.92138671875,9.765624999991118e-05,3.187537332836655,0.0015561417479972306,,,0,0,,0
I3_incumbent_start,100.0,I3,0.92138671875,0.921435546875,4.882812499995559e-05,1.593768403181457,0.0007780710390221657,,,0,0,,0
I3_incumbent_start,100.0,I3,0.921435546875,0.92144775390625,1.2207031250044409e-05,0.39844210824230686,0.00019451772831047265,,,0,0,,0
I3_incumbent_start,100.0,I3,0.92144775390625,0.921453857421875,6.1035156250222045e-06,0.19922106302692555,9.7258866876615e-05,,,0,0,,0
I3_incumbent_start,100.0,I3,0.921453857421875,0.9214569091796876,3.0517578125666134e-06,0.0996105219819583,4.8629435031699586e-05,,,0,0,,0
I3_incumbent_start,100.0,I3,0.9214569091796876,0.9214584350585938,1.5258789062277955e-06,0.04980526483268477,2.4314576162254298e-05,,,0,0,,0
I3_incumbent_start,100.0,I3,0.9214584350585938,0.9214591979980469,7.629394530583866e-07,0.024902629666030407,1.215749907856889e-05,,,0,0,,0
I3_incumbent_start,100.0,I3,0.9214591979980469,0.9214593887329101,1.9073486323684108e-07,0.006225650053238496,3.0393308598775093e-06,,,0,0,,0
I3_incumbent_start,100.0,I3,0.9214593887329101,0.921459436416626,4.768371586472142e-08,0.0015564564382657409,7.597056317365514e-07,,,0,0,,0
I3_incumbent_start,100.0,I3,0.921459436416626,0.9214594423770904,5.960464455334602e-09,0.00019450670515652746,9.51128491522013e-08,,,0,0,,0
I3_incumbent_start,100.0,I3,0.9214594423770904,0.9214594438672066,1.4901161415892261e-09,-0.046423091320320964,8.006194966725388e-05,L46-@15,,0,0,,3
I3_incumbent_start,100.0,I3,0.9214594438672066,0.9214594453573226,1.4901160305669237e-09,5.013862391933799e-05,2.3352534128662228e-08,,,0,0,,0
I3_incumbent_start,100.0,I3,0.9214594453573226,0.9214594483375549,2.9802322831784522e-09,9.726095595397055e-05,4.751411708525666e-08,,,0,0,,0
I3_incumbent_start,100.0,I3,0.9214594483375549,0.9214594602584839,1.1920929021691506e-08,0.00038909366412553936,1.8996603046161908e-07,,,0,0,,0
I3_incumbent_start,100.0,I3,0.9214594602584839,0.9214594841003418,2.384185793236071e-08,0.0007585199928143993,3.9219982639338014e-07,,,0,0,,0
I3_incumbent_start,100.0,I3,0.9214594841003418,0.9214595794677735,9.536743161842054e-08,0.0031336090032709762,1.5081201958366819e-06,,,0,0,,0
I3_incumbent_start,100.0,I3,0.9214595794677735,0.9214599609375,3.8146972658470446e-07,0.012450324997189455,6.078800485198599e-06,,,0,0,,0
I3_incumbent_start,100.0,I3,0.9214599609375,0.921484375,2.4414062499977796e-05,0.796857539578923,0.00038906169734076457,,,0,0,,0
I3_incumbent_start,100.0,I3,0.921484375,0.921875,0.0003906249999999778,12.749701047418057,0.006224981483939018,,,0,0,,0
I3_incumbent_start,100.0,I3,0.921875,0.925,0.0031250000000000444,101.99712061104947,0.04980018743879455,,,0,0,,0
I3_incumbent_start,100.0,I3,0.925,0.95,0.02499999999999991,816.047662032739,0.39832839740836334,,L46-@15,0,0,,3
I3_incumbent_start,100.0,I3,0.95,0.9624999999999999,0.012499999999999956,405.2871929549583,0.201951104904726,,,0,0,,38
I3_incumbent_start,100.0,I3,0.9624999999999999,0.965625,0.0031250000000000444,100.19155909804977,0.05164274087669796,,,0,0,,0
I3_incumbent_start,100.0,I3,0.965625,0.9664062499999999,0.0007812499999999556,25.047802360233618,0.012910775748899539,,,0,0,,46
I3_incumbent_start,100.0,I3,0.9664062499999999,0.966796875,0.0003906250000000888,12.523985167426872,0.006455269392311891,,,0,0,,45
I3_incumbent_start,100.0,I3,0.966796875,0.9668212890625,2.4414062499977796e-05,0.7827483309665695,0.0004034549049727332,,,0,0,,0
I3_incumbent_start,100.0,I3,0.9668212890625,0.9668334960937499,1.2207031249933387e-05,0.39137220359407365,0.00020172947392538276,,,0,0,,0
I3_incumbent_start,100.0,I3,0.9668334960937499,0.9668395996093749,6.1035156250222045e-06,0.1956861040671356,0.00010086474429726877,,,0,0,,0
I3_incumbent_start,100.0,I3,0.9668395996093749,0.966840362548828,7.629394530583866e-07,0.024460756962071173,1.26081002065348e-05,,,0,0,,0
I3_incumbent_start,100.0,I3,0.966840362548828,0.9668404579162596,9.536743161842054e-08,0.0030575988348573446,1.5760133322828551e-06,,,0,0,,0
I3_incumbent_start,100.0,I3,0.9668404579162596,0.9668404817581175,2.384185793236071e-08,0.0007643972930964082,3.9401749774015116e-07,,,0,0,,0
I3_incumbent_start,100.0,I3,0.9668404817581175,0.9668404936790465,1.1920928910669204e-08,0.0003821957652689889,1.9701674958128024e-07,,,0,0,,0
I3_incumbent_start,100.0,I3,0.9668404936790465,0.9668404951691626,1.4901161415892261e-09,4.777770664077252e-05,2.4626626071722058e-08,,,0,0,,0
I3_incumbent_start,100.0,I3,0.9668404951691626,0.9668404966592787,1.4901161415892261e-09,-0.015846449590753764,6.016259043306604e-05,L46-@15,,0,0,,58
I3_incumbent_start,100.0,I3,0.9668404966592787,0.9668404996395109,2.9802321721561498e-09,9.555829456076026e-05,4.922585006283953e-08,,,0,0,,0
I3_incumbent_start,100.0,I3,0.9668404996395109,0.9668405055999754,5.960464455334602e-09,0.00019114257884211838,9.846517912137642e-08,,,0,0,,0
I3_incumbent_start,100.0,I3,0.9668405055999754,0.9668405532836912,4.768371586472142e-08,0.0015290891024051234,7.876948195928435e-07,,,0,0,,0
I3_incumbent_start,100.0,I3,0.9668405532836912,0.9668407440185546,1.9073486334786338e-07,0.006116353892139159,3.1507776583339364e-06,,,0,0,,0
I3_incumbent_start,100.0,I3,0.9668407440185546,0.9668411254882812,3.8146972658470446e-07,0.012232704495545477,6.301553820975414e-06,,,0,0,,0
I3_incumbent_start,100.0,I3,0.9668411254882812,0.9668426513671875,1.5258789063388178e-06,0.04893082722264808,2.5206222229456898e-05,,,0,0,,0
I3_incumbent_start,100.0,I3,0.9668426513671875,0.966845703125,3.051757812455591e-06,0.09786164489923976,5.041245102077596e-05,,,0,0,,0
I3_incumbent_start,100.0,I3,0.966845703125,0.96689453125,4.882812500006661e-05,1.565784886959591,0.0008066005782723096,,,0,0,,0
I3_incumbent_start,100.0,I3,0.96689453125,0.9669921875,9.76562500000222e-05,3.131561847520061,0.0016132087144882234,,,0,0,,0
I3_incumbent_start,100.0,I3,0.9669921875,0.9671875,0.0001953124999999334,6.263093831497827,0.0032264465341604875,,,0,0,,0
I3_incumbent_start,100.0,I3,0.9671875,0.96875,0.0015625000000000222,50.10360717275762,0.025812658233729024,,,0,0,,0
I3_incumbent_start,100.0,I3,0.96875,0.975,0.006249999999999978,200.41026107466314,0.10325318959941754,,,0,0,,0
I3_incumbent_start,100.0,I3,0.975,0.9875,0.012500000000000067,404.43973914784146,0.20278943935737104,,L46-@15,0,0,,72
I3_incumbent_start,100.0,I3,0.9875,0.99375,0.006249999999999978,203.9864567641198,0.09958867334171373,,,0,0,,25
I3_incumbent_start,100.0,I3,0.99375,0.996875,0.0031249999999999334,101.71140266311704,0.0510130190508562,L46-@15,,1,0,,22
I3_incumbent_start,100.0,I3,0.996875,0.9976562499999999,0.0007812499999999556,25.32697988493601,0.01402904949648942,,,0,0,,53
I3_incumbent_start,100.0,I3,0.9976562499999999,0.9978515625,0.0001953125000000444,6.331706924989703,0.003507220326259386,,,0,0,,0
I3_incumbent_start,100.0,I3,0.9978515625,0.99794921875,9.76562500000222e-05,3.1655518529296387,0.0017534017507294664,,,0,0,,0
I3_incumbent_start,100.0,I3,0.99794921875,0.9979736328125,2.4414062499977796e-05,0.7448129684926243,0.0004234209137941036,,,0,0,,11
I3_incumbent_start,100.0,I3,0.9979736328125,0.997979736328125,6.1035156250222045e-06,0.1934717345138779,0.00010654734919057773,,,0,0,,11
I3_incumbent_start,100.0,I3,0.997979736328125,0.9979827880859375,3.0517578125666134e-06,0.07113452712655999,5.81288773311428e-05,,,2,0,,9
I3_incumbent_start,100.0,I3,0.9979827880859375,0.9979843139648438,1.5258789062277955e-06,0.034987875958904624,2.9201541892120986e-05,,,0,0,,9
I3_incumbent_start,100.0,I3,0.9979843139648438,0.9979850769042968,7.629394530583866e-07,0.01663645925873425,1.480755130955913e-05,,,0,0,,18
I3_incumbent_start,100.0,I3,0.9979850769042968,0.9979854583740234,3.8146972658470446e-07,0.013973806810099632,7.967539445985494e-06,,,0,0,,1
I3_incumbent_start,100.0,I3,0.9979854583740234,0.9979856491088868,1.9073486334786338e-07,0.0033544343459652737,3.8913875819446275e-06,,,0,0,,10
I3_incumbent_start,100.0,I3,0.9979856491088868,0.9979856967926026,4.768371586472142e-08,0.001177859798190184,8.925349739286048e-07,,,0,0,,9
I3_incumbent_start,100.0,I3,0.9979856967926026,0.9979857027530671,5.960464455334602e-09,4.611880285665393e-05,1.7752096681533658e-07,,,0,0,,0
I3_incumbent_start,100.0,I3,0.9979857027530671,0.9979857042431832,1.4901161415892261e-09,-5.340116331353784e-07,5.6739278164741336e-08,,,0,0,,0
I3_incumbent_start,100.0,I3,0.9979857042431832,0.9979857057332993,1.4901160305669237e-09,0.001688197793555446,1.6737432986246858e-06,,L78-@12;L78-@13,0,0,,0
I3_incumbent_start,100.0,I3,0.9979857057332993,0.9979857087135315,2.9802322831784522e-09,6.716637290082872e-05,5.731368446504348e-08,,,0,0,,0
I3_incumbent_start,100.0,I3,0.9979857087135315,0.9979857206344604,1.1920928910669204e-08,0.0002671694674063474,2.2958848333587412e-07,,,0,0,,9
I3_incumbent_start,100.0,I3,0.9979857206344604,0.9979857444763184,2.384185793236071e-08,0.0006057602295186371,4.422840085283042e-07,,,0,0,,9
I3_incumbent_start,100.0,I3,0.9979857444763184,0.99798583984375,9.536743161842054e-08,0.002244844421511516,1.8113157693733228e-06,,,0,0,,9
I3_incumbent_start,100.0,I3,0.99798583984375,0.997998046875,1.2207031250044409e-05,0.287070484177093,0.00023190584015964077,,,0,0,,9
I3_incumbent_start,100.0,I3,0.997998046875,0.998046875,4.882812499995559e-05,1.1473592126712902,0.0009278730768933485,,,0,0,,0
I3_incumbent_start,100.0,I3,0.998046875,0.9984375,0.0003906249999999778,9.177540764241712,0.0074232341857438655,,,0,0,,49
I3_incumbent_start,100.0,I3,0.9984375,1.0,0.0015625000000000222,36.4450430375291,0.029046023198834092,,,0,0,,61
I3_selected_duration_8h,25.0,I3,0.0,1e-06,1e-06,0.1886018039076589,0.0003351810364051744,,,0,0,,0
I3_selected_duration_8h,25.0,I3,1e-06,1e-05,9e-06,1.697414585883962,0.0030166293331888028,,,0,0,,0
I3_selected_duration_8h,25.0,I3,1e-05,0.0001,9e-05,16.973983289281023,0.03016629371118995,,,0,0,,0
I3_selected_duration_8h,25.0,I3,0.0001,0.001,0.0009,104.27366221425473,0.18429726797102575,,L46-@12;L46-@14;L46-@15,3,0,,0
I3_selected_duration_8h,25.0,I3,0.001,0.001375,0.0003749999999999999,0.6207412416406441,0.0014061108114304943,,,0,0,,0
I3_selected_duration_8h,25.0,I3,0.001375,0.00146875,9.375000000000008e-05,0.15523698389006313,0.00035150244622172977,,,0,0,,4
I3_selected_duration_8h,25.0,I3,0.00146875,0.001469482421875,7.324218750000278e-07,0.001254727249033749,2.725629672184482e-06,,,0,0,,0
I3_selected_duration_8h,25.0,I3,0.001469482421875,0.001469573974609375,9.155273437500347e-08,0.00015935917326714844,3.3947349464824583e-07,,,0,0,,0
I3_selected_duration_8h,25.0,I3,0.001469573974609375,0.0014695968627929687,2.2888183593642447e-08,3.9965263567864895e-05,8.480571445090845e-08,,,0,0,,0
I3_selected_duration_8h,25.0,I3,0.0014695968627929687,0.0014696083068847657,1.1444091797038064e-08,1.9985513063147664e-05,4.2403518918376903e-08,,,0,0,,0
I3_selected_duration_8h,25.0,I3,0.0014696083068847657,0.0014696086645126344,3.5762786872520214e-10,6.242480594664812e-07,1.3262351217235846e-09,,,0,0,,0
I3_selected_duration_8h,25.0,I3,0.0014696086645126344,0.001469609022140503,3.576278685083617e-10,0.033886314544361085,0.00015522132753709172,L46-@12,,0,0,,4
I3_selected_duration_8h,25.0,I3,0.001469609022140503,0.0014696097373962402,7.152557372335638e-10,-0.033884438846143894,0.00015522087453057054,,,0,0,,4
I3_selected_duration_8h,25.0,I3,0.0014696097373962402,0.0014696111679077149,1.4305114746839681e-09,2.500091795809567e-06,5.300011096665003e-09,,,0,0,,0
I3_selected_duration_8h,25.0,I3,0.0014696111679077149,0.001469614028930664,2.8610229491510958e-09,5.001362296752632e-06,1.0597853261629098e-08,,,0,0,,0
I3_selected_duration_8h,25.0,I3,0.001469614028930664,0.0014696197509765625,5.722045898519032e-09,1.000524207483977e-05,2.1194370702914966e-08,,,0,0,,0
I3_selected_duration_8h,25.0,I3,0.0014696197509765625,0.00146966552734375,4.5776367187501735e-08,8.015408820938319e-05,1.6950551717798135e-07,,,0,0,,0
I3_selected_duration_8h,25.0,I3,0.00146966552734375,0.0014698486328125,1.8310546875000694e-07,0.0003227818669984117,6.76961466439252e-07,,,0,0,,0
I3_selected_duration_8h,25.0,I3,0.0014698486328125,0.00147021484375,3.662109375000139e-07,0.0006584038492292166,1.3476552993552104e-06,,,0,0,,0
I3_selected_duration_8h,25.0,I3,0.00147021484375,0.0014716796875000001,1.4648437500000555e-06,0.003017260867636651,5.7333358967071035e-06,,,0,0,,0
I3_selected_duration_8h,25.0,I3,0.0014716796875000001,0.001474609375,2.929687499999894e-06,0.018961328285513446,6.441012265234747e-05,,,0,0,,8
I3_selected_duration_8h,25.0,I3,0.001474609375,0.00148046875,5.859375000000005e-06,0.41931843225029297,0.001869616155691034,,,1,4,RES_PV_N8:cap@12;RES_PV_N8:cap@13;RES_PV_N8:marg@12;RES_PV_N8:marg@13,26
I3_selected_duration_8h,25.0,I3,0.00148046875,0.0014921875,1.171875000000001e-05,1.5451621739484835,0.006964023910349226,,,0,0,,10
I3_selected_duration_8h,25.0,I3,0.0014921875,0.001515625,2.343750000000002e-05,3.0914785654167645,0.013933384294734452,,,0,0,,10
I3_selected_duration_8h,25.0,I3,0.001515625,0.0015625,4.687500000000004e-05,6.182908135640901,0.027866818399262527,,,0,0,,4
I3_selected_duration_8h,25.0,I3,0.0015625,0.00175,0.00018749999999999995,27.073830018765875,0.11146729997716243,,,0,0,,14
I3_selected_duration_8h,25.0,I3,0.00175,0.0025,0.00075,138.38058695808286,0.44586921574364524,,,0,0,,10
I3_selected_duration_8h,25.0,I3,0.0025,0.005,0.0025,461.10903794250044,1.4862307015325698,,,0,0,,0
I3_selected_duration_8h,25.0,I3,0.005,0.0075,0.0024999999999999996,197.77818744210526,0.8985225596070503,,,0,0,,29
I3_selected_duration_8h,25.0,I3,0.0075,0.0078125,0.0003125000000000003,24.47902475167939,0.11179630328980394,,,0,0,,5
I3_selected_duration_8h,25.0,I3,0.0078125,0.00783203125,1.9531249999999584e-05,1.6672369807492942,0.007008314049393505,,,0,0,,0
I3_selected_duration_8h,25.0,I3,0.00783203125,0.007841796875,9.765624999999792e-06,3.6733933271025307,0.003939801397695675,,,0,0,,0
I3_selected_duration_8h,25.0,I3,0.007841796875,0.0078466796875,4.882812500000763e-06,3.959199447752326,0.0030355302636069226,,,0,0,,6
I3_selected_duration_8h,25.0,I3,0.0078466796875,0.007847900390624999,1.2207031249988898e-06,1.078364736153162,0.000816319819170408,,,0,0,,0
I3_selected_duration_8h,25.0,I3,0.007847900390624999,0.007848205566406249,3.0517578124972244e-07,0.2719166398746893,0.00020558725254482546,,,0,0,,0
I3_selected_duration_8h,25.0,I3,0.007848205566406249,0.007848243713378906,3.814697265708267e-08,0.034042540268274024,2.5732676557588263e-05,,,0,0,,0
I3_selected_duration_8h,25.0,I3,0.007848243713378906,0.007848244905471802,1.1920928966180355e-09,0.0010639954562066123,8.042546266739947e-07,,,0,0,,0
I3_selected_duration_8h,25.0,I3,0.007848244905471802,0.007848245203495027,2.980232241545089e-10,0.0002660000609466806,2.0106504905470501e-07,,,0,0,,0
I3_selected_duration_8h,25.0,I3,0.007848245203495027,0.00784824550151825,2.980232241545089e-10,0.0002653858537087217,2.007159023431626e-07,,,0,2,RES_PV_N8:cap@15;RES_PV_N8:marg@15,0
I3_selected_duration_8h,25.0,I3,0.00784824550151825,0.007848246097564697,5.960464465742943e-10,0.0005326201062416658,4.024819617587383e-07,,,0,0,,0
I3_selected_duration_8h,25.0,I3,0.007848246097564697,0.007848248481750489,2.3841857915013476e-09,0.0021280447690514848,1.6085445033731105e-06,,,0,0,,0
I3_selected_duration_8h,25.0,I3,0.007848248481750489,0.00784825325012207,4.768371581267972e-09,0.00425621829344891,3.217174170844217e-06,,,0,0,,0
I3_selected_duration_8h,25.0,I3,0.00784825325012207,0.007848262786865234,9.536743164270667e-09,0.008512346801580861,6.434337831873194e-06,,,0,0,,0
I3_selected_duration_8h,25.0,I3,0.007848262786865234,0.007848281860351561,1.907348632680661e-08,0.017027967958711088,1.2870699675371355e-05,,,0,0,,0
I3_selected_duration_8h,25.0,I3,0.007848281860351561,0.007848358154296874,7.629394531243061e-08,0.0681387412478216,5.150021679778405e-05,,,0,0,,4
I3_selected_duration_8h,25.0,I3,0.007848358154296874,0.007848510742187498,1.5258789062486122e-07,0.13640310207847506,0.00010308180181062276,,,0,0,,0
I3_selected_duration_8h,25.0,I3,0.007848510742187498,0.00784912109375,6.103515625011796e-07,0.5470989772584289,0.0004132903073295058,,,0,0,,0
I3_selected_duration_8h,25.0,I3,0.00784912109375,0.0078515625,2.4414062499995143e-06,2.2039479839004343,0.0016632311844371195,,,0,0,,2
I3_selected_duration_8h,25.0,I3,0.0078515625,0.007890625,3.90625000000009e-05,35.530855030505336,0.026784540207116292,,,0,0,,0
I3_selected_duration_8h,25.0,I3,0.007890625,0.00796875,7.812500000000007e-05,71.07770302076824,0.053579697972221174,,,0,0,,0
I3_selected_duration_8h,25.0,I3,0.00796875,0.008125,0.00015625000000000014,142.15292608492018,0.10715939712725597,,,0,0,,0
I3_selected_duration_8h,25.0,I3,0.008125,0.00875,0.0006250000000000006,568.5786114106741,0.42863758941256225,,,0,0,,2
I3_selected_duration_8h,25.0,I3,0.00875,0.01,0.0012499999999999994,1136.9983698706346,0.8572751790498878,,,0,0,,0
I3_selected_duration_8h,25.0,I3,0.01,0.010000002384185792,2.3841857915013476e-09,0.002168450242606923,1.6351221705512842e-06,,,0,0,,0
I3_selected_duration_8h,25.0,I3,0.010000002384185792,0.01000000298023224,5.960464483090178e-10,0.0005421137029770762,4.087814415854041e-07,,,0,0,,0
I3_selected_duration_8h,25.0,I3,0.01000000298023224,0.010000003576278687,5.960464465742943e-10,0.0005421130481408909,4.0878144869083144e-07,,,0,0,,0
I3_selected_duration_8h,25.0,I3,0.010000003576278687,0.010000004768371581,1.192092894883312e-09,0.0010842248884728178,8.175611529992466e-07,,,0,0,,0
I3_selected_duration_8h,25.0,I3,0.010000004768371581,0.010000009536743164,4.768371583002695e-09,0.004336899903137237,3.2702442758214545e-06,,,0,0,,0
I3_selected_duration_8h,25.0,I3,0.010000009536743164,0.010000019073486327,9.536743162535943e-09,0.008673800679389387,6.540491093609546e-06,,,0,0,,0
I3_selected_duration_8h,25.0,I3,0.010000019073486327,0.010000038146972656,1.9073486328541334e-08,0.01734760229010135,1.3080980858060087e-05,,,0,0,,0
I3_selected_duration_8h,25.0,I3,0.010000038146972656,0.010000076293945313,3.814697265708267e-08,0.034695204652962275,2.6161962222381874e-05,,,0,0,,0
I3_selected_duration_8h,25.0,I3,0.010000076293945313,0.010000152587890627,7.629394531416533e-08,0.06939040847646538,5.232392454423973e-05,,,0,0,,0
I3_selected_duration_8h,25.0,I3,0.010000152587890627,0.010000305175781252,1.5258789062486122e-07,0.13878081359143835,0.00010464784942199046,,,0,0,,0
I3_selected_duration_8h,25.0,I3,0.010000305175781252,0.010000610351562501,3.0517578124972244e-07,0.27756161989236716,0.00020929569877781162,,,0,0,,0
I3_selected_duration_8h,25.0,I3,0.010000610351562501,0.010001220703125,6.103515624994449e-07,0.555123197438661,0.00041859139519706545,,,0,0,,0
I3_selected_duration_8h,25.0,I3,0.010001220703125,0.01000244140625,1.2207031249988898e-06,1.1102462486742297,0.0008371827921260788,,,0,0,,0
I3_selected_duration_8h,25.0,I3,0.01000244140625,0.010004882812500001,2.441406250001249e-06,2.2204918905190425,0.0016743655845639083,,,0,0,,0
I3_selected_duration_8h,25.0,I3,0.010004882812500001,0.010009765625,4.8828124999990286e-06,4.440981353865936,0.0033487311681525966,,,0,0,,0
I3_selected_duration_8h,25.0,I3,0.010009765625,0.010019531250000002,9.765625000001527e-06,8.88195301547239,0.006697462336795024,,,0,0,,0
I3_selected_duration_8h,25.0,I3,0.010019531250000002,0.010039062500000001,1.9531249999999584e-05,17.763867239977117,0.013394924668866715,,,0,0,,0
I3_selected_duration_8h,25.0,I3,0.010039062500000001,0.010078125,3.906249999999917e-05,35.52757934828696,0.026789849345994377,,,0,0,,4
I3_selected_duration_8h,25.0,I3,0.010078125,0.010156249999999999,7.812499999999833e-05,71.05453819646209,0.05357969868929624,,,0,0,,4
I3_selected_duration_8h,25.0,I3,0.010156249999999999,0.010312499999999999,0.00015625000000000014,142.1065943150752,0.10715939738022584,,,0,0,,0
I3_selected_duration_8h,25.0,I3,0.010312499999999999,0.010624999999999999,0.0003125000000000003,284.20326030992146,0.2143187947710974,,,0,0,,0
I3_selected_duration_8h,25.0,I3,0.010624999999999999,0.01125,0.0006250000000000006,568.366807307626,0.4286375895633374,,,0,0,,8
I3_selected_duration_8h,25.0,I3,0.01125,0.0125,0.0012500000000000011,1136.574761415177,0.8572751790761668,,,0,0,,11
I3_selected_duration_8h,25.0,I3,0.0125,0.015,0.0024999999999999988,2272.5141099977045,1.7145503581271804,,,0,0,,13
I3_selected_duration_8h,25.0,I3,0.015,0.02,0.005000000000000001,4543.96019612829,3.4258224739876724,,,0,0,,55
I3_selected_duration_8h,25.0,I3,0.02,0.020000009536743163,9.536743162535943e-09,0.008660875144414604,6.5404900890797535e-06,,,0,0,,0
I3_selected_duration_8h,25.0,I3,0.020000009536743163,0.020000011920928956,2.384185793236071e-09,0.0021652190043823794,1.6351230112121584e-06,,,0,0,,0
I3_selected_duration_8h,25.0,I3,0.020000011920928956,0.020000013113021853,1.1920928966180355e-09,0.001082609102013521,8.175603802840214e-07,,,0,0,,0
I3_selected_duration_8h,25.0,I3,0.020000013113021853,0.0200000137090683,5.960464483090178e-10,0.0005413050967035815,4.0878093621188327e-07,,,0,0,,0
I3_selected_duration_8h,25.0,I3,0.0200000137090683,0.020000014305114746,5.960464448395708e-10,0.000541305125807412,4.087811369402061e-07,,,0,0,,0
I3_selected_duration_8h,25.0,I3,0.020000014305114746,0.02000001907348633,4.768371583002695e-09,0.004330437732278369,3.270245786168857e-06,,,0,0,,0
I3_selected_duration_8h,25.0,I3,0.02000001907348633,0.020000038146972654,1.9073486325071887e-08,0.0173217503761407,1.3080981389634871e-05,,,0,0,,0
I3_selected_duration_8h,25.0,I3,0.020000038146972654,0.02000007629394531,3.814697265708267e-08,0.034643500635866076,2.616196315763375e-05,,,0,0,,0
I3_selected_duration_8h,25.0,I3,0.02000007629394531,0.020000152587890625,7.629394531416533e-08,0.06928700183925685,5.2323926981401314e-05,,,0,0,,0
I3_selected_duration_8h,25.0,I3,0.020000152587890625,0.020000305175781254,1.5258789062833067e-07,0.1385739998659119,0.00010464785288277767,,,0,0,,0
I3_selected_duration_8h,25.0,I3,0.020000305175781254,0.020000610351562503,3.0517578124972244e-07,0.27714799110253807,0.00020929570663064112,,,0,0,,0
I3_selected_duration_8h,25.0,I3,0.020000610351562503,0.020001220703125003,6.103515624994449e-07,0.5542959445156157,0.000418591412991276,,,0,0,,0
I3_selected_duration_8h,25.0,I3,0.020001220703125003,0.02000244140625,1.2207031249988898e-06,1.1085917361779138,0.0008371828263094017,,,0,0,,0
I3_selected_duration_8h,25.0,I3,0.02000244140625,0.0200048828125,2.4414062499977796e-06,2.2171828695281874,0.0016743656539421892,,,0,0,,0
I3_selected_duration_8h,25.0,I3,0.0200048828125,0.020009765625000002,4.882812500002498e-06,4.434363313077483,0.0033487313060991397,,,0,0,,0
I3_selected_duration_8h,25.0,I3,0.020009765625000002,0.02001953125,9.765624999998057e-06,8.868716929515358,0.006697462611326088,,,0,0,,0
I3_selected_duration_8h,25.0,I3,0.02001953125,0.020039062500000003,1.9531250000003053e-05,17.737395078351256,0.013394925223218834,,,0,0,,0
I3_selected_duration_8h,25.0,I3,0.020039062500000003,0.020078125000000002,3.906249999999917e-05,35.47463502554456,0.026789850446901298,,,0,0,,0
I3_selected_duration_8h,25.0,I3,0.020078125000000002,0.02015625,7.812499999999833e-05,70.94864953012438,0.053579700892310456,,,0,0,,0
I3_selected_duration_8h,25.0,I3,0.02015625,0.020312499999999997,0.00015624999999999667,141.89481697780138,0.10715940178497263,,,0,0,,0
I3_selected_duration_8h,25.0,I3,0.020312499999999997,0.020624999999999998,0.0003125000000000003,283.7797056288982,0.21431880357432753,,,0,0,,6
I3_selected_duration_8h,25.0,I3,0.020624999999999998,0.021249999999999998,0.0006250000000000006,567.5196979500615,0.42863760711873056,,,0,0,,6
I3_selected_duration_8h,25.0,I3,0.021249999999999998,0.0225,0.0012500000000000011,1134.8805426783656,0.8572752143230318,,,0,0,,0
I3_selected_duration_8h,25.0,I3,0.0225,0.025,0.0025000000000000022,2269.125672351467,1.7145504285519646,,,0,0,,0
I3_selected_duration_8h,25.0,I3,0.025,0.03,0.0049999999999999975,3043.094531569528,2.2497805771025217,,,0,2,G_N1_a:marg@11;G_N1_a:off@11,14
I3_selected_duration_8h,25.0,I3,0.03,0.030000076293945313,7.629394531416533e-08,0.07183160027489066,4.7243518933370865e-05,,,0,0,,0
I3_selected_duration_8h,25.0,I3,0.030000076293945313,0.03000009536743164,1.9073486328541334e-08,0.017957899894099683,1.1810879689377884e-05,,,0,0,,0
I3_selected_duration_8h,25.0,I3,0.03000009536743164,0.030000104904174804,9.536743162535943e-09,0.008978950107120909,5.905440074727153e-06,,,0,0,,0
I3_selected_duration_8h,25.0,I3,0.030000104904174804,0.030000109672546387,4.768371583002695e-09,0.004489475235459395,2.952719972526552e-06,,,0,0,,0
I3_selected_duration_8h,25.0,I3,0.030000109672546387,0.030000112056732177,2.384185789766624e-09,0.002244736853754148,1.476359294372287e-06,,,0,0,,0
I3_selected_duration_8h,25.0,I3,0.030000112056732177,0.030000113248825074,1.1920928966180355e-09,0.001122370536904782,7.381808639905785e-07,,,0,0,,0
I3_selected_duration_8h,25.0,I3,0.030000113248825074,0.03000011444091797,1.1920928966180355e-09,0.0011223682231502607,7.381797022532055e-07,,,0,0,,0
I3_selected_duration_8h,25.0,I3,0.03000011444091797,0.030000152587890624,3.814697265361322e-08,0.035915799482609145,2.3621759194014658e-05,,,0,0,,0
I3_selected_duration_8h,25.0,I3,0.030000152587890624,0.03000030517578125,1.5258789062486122e-07,0.14366319761029445,9.448703850090112e-05,,,0,0,,0
I3_selected_duration_8h,25.0,I3,0.03000030517578125,0.0300006103515625,3.0517578124972244e-07,0.28732638704241253,0.00018897407619000717,,,0,0,,0
I3_selected_duration_8h,25.0,I3,0.0300006103515625,0.030001220703124998,6.103515624994449e-07,0.5746527371084085,0.00037794815179559293,,,0,0,,0
I3_selected_duration_8h,25.0,I3,0.030001220703124998,0.030002441406249997,1.2207031249988898e-06,1.149305334460223,0.000755896304582393,,,0,0,,0
I3_selected_duration_8h,25.0,I3,0.030002441406249997,0.030004882812499998,2.441406250001249e-06,2.2986101052665617,0.001511792608482665,,,0,0,,0
I3_selected_duration_8h,25.0,I3,0.030004882812499998,0.030009765624999997,4.8828124999990286e-06,4.597217952861683,0.003023585217489355,,,0,0,,0
I3_selected_duration_8h,25.0,I3,0.030009765624999997,0.03001953125,9.765625000001527e-06,9.194426876871148,0.006047170433321369,,,0,0,,0
I3_selected_duration_8h,25.0,I3,0.03001953125,0.030039062499999998,1.9531249999999584e-05,18.38881764652615,0.012094340868650022,,,0,0,,0
I3_selected_duration_8h,25.0,I3,0.030039062499999998,0.030078124999999997,3.906249999999917e-05,36.77749084935931,0.02418868173770683,,,0,0,,0
I3_selected_duration_8h,25.0,I3,0.030078124999999997,0.03015625,7.81250000000018e-05,73.55440396915947,0.048377363555536235,,,0,0,,0
I3_selected_duration_8h,25.0,I3,0.03015625,0.0303125,0.00015625000000000014,147.10649635146547,0.09675472633094273,,,0,0,,0
I3_selected_duration_8h,25.0,I3,0.0303125,0.030625,0.0003125000000000003,294.2028459072317,0.19350831923117084,,,0,0,,0
I3_selected_duration_8h,25.0,I3,0.030625,0.03125,0.0006250000000000006,588.3705191832123,0.3870189040239467,,,0,0,,0
I3_selected_duration_8h,25.0,I3,0.03125,0.0325,0.0012500000000000011,1072.6773319852364,0.5953258026012804,,,0,4,G_N1_a:marg@12;G_N1_a:marg@13;G_N1_a:off@12;G_N1_a:off@13,2
I3_selected_duration_8h,25.0,I3,0.0325,0.035,0.0025000000000000022,2089.9583551843098,1.1594800963150558,,,0,0,,10
I3_selected_duration_8h,25.0,I3,0.035,0.04,0.0049999999999999975,4180.6408331356215,2.2031025907371458,,,0,0,,4
I3_selected_duration_8h,25.0,I3,0.04,0.05,0.010000000000000002,4813.09794754826,2.5377310053471334,,L78-@12;L78-@13,2,0,,0
I3_selected_duration_8h,25.0,I3,0.05,0.05625,0.006249999999999999,60.061542487717816,0.18691712845634356,,,0,0,,10
I3_selected_duration_8h,25.0,I3,0.05625,0.059375,0.003124999999999996,846.2150452502392,0.7059826919597825,,,0,4,G_N1_a:marg@12;G_N1_a:marg@13;G_N1_a:off@12;G_N1_a:off@13,4
I3_selected_duration_8h,25.0,I3,0.059375,0.060156249999999994,0.0007812499999999972,232.74651316853124,0.1984792088725662,,,0,0,,0
I3_selected_duration_8h,25.0,I3,0.060156249999999994,0.060546875,0.00039062500000000555,116.36866529636609,0.09923960442018398,,,0,0,,0
I3_selected_duration_8h,25.0,I3,0.060546875,0.0607421875,0.00019531250000000278,58.183183025816106,0.04961980216226536,,,0,0,,0
I3_selected_duration_8h,25.0,I3,0.0607421875,0.06083984375,9.765624999999445e-05,29.091299891806557,0.024809900980852007,,,0,0,,0
I3_selected_duration_8h,25.0,I3,0.06083984375,0.060888671874999994,4.8828124999997224e-05,14.545557293240563,0.012404950047589125,,,0,0,,0
I3_selected_duration_8h,25.0,I3,0.060888671874999994,0.0609130859375,2.441406250000555e-05,7.117140145302983,0.0061991434336583495,,,0,0,,10
I3_selected_duration_8h,25.0,I3,0.0609130859375,0.060919189453125,6.103515625001388e-06,1.489549781937967,0.0015435831265939726,,,0,0,,32
I3_selected_duration_8h,25.0,I3,0.060919189453125,0.060922241210937506,3.0517578125041633e-06,0.7428930289897835,0.0007717512818707917,,,0,0,,6
I3_selected_duration_8h,25.0,I3,0.060922241210937506,0.06092300415039063,7.629394531277756e-07,0.18533380630833562,0.0001929294861291453,,,0,0,,1
I3_selected_duration_8h,25.0,I3,0.06092300415039063,0.06092319488525391,1.9073486327847444e-07,0.046320846740854904,4.823210098692243e-05,,,0,0,,0
I3_selected_duration_8h,25.0,I3,0.06092319488525391,0.06092329025268555,9.536743163923722e-08,0.023159005504567176,2.411601953511422e-05,,,0,0,,0
I3_selected_duration_8h,25.0,I3,0.06092329025268555,0.06092333793640137,4.7683715816149164e-08,0.011579286292544566,1.2058005722792586e-05,,,0,0,,0
I3_selected_duration_8h,25.0,I3,0.06092333793640137,0.06092336177825928,2.384185791154403e-08,0.005789562928839587,6.029009078645231e-06,,,0,0,,0
I3_selected_duration_8h,25.0,I3,0.06092336177825928,0.0609233632683754,1.4901161207725444e-09,0.00036186506622470915,3.768142278204323e-07,,L78-@16,0,0,,0
I3_selected_duration_8h,25.0,I3,0.0609233632683754,0.06092336475849151,1.4901161138336505e-09,0.0003618429764173925,3.7681205711237453e-07,,,0,0,,0
I3_selected_duration_8h,25.0,I3,0.06092336475849151,0.060923367738723755,2.980232241545089e-09,0.0007236968958750367,7.536264554630634e-07,,,0,0,,0
I3_selected_duration_8h,25.0,I3,0.060923367738723755,0.06092337369918824,5.960464483090178e-09,0.0014473961637122557,1.5072490064937938e-06,,,0,0,,0
I3_selected_duration_8h,25.0,I3,0.06092337369918824,0.06092338562011719,1.1920928952302567e-08,0.002894755671150051,3.014512774512923e-06,,,0,0,,0
I3_selected_duration_8h,25.0,I3,0.06092338562011719,0.060923767089843754,3.814697265638878e-07,0.09262752401991747,9.646390042306052e-05,,,0,0,,0
I3_selected_duration_8h,25.0,I3,0.060923767089843754,0.06092529296875,1.5258789062486122e-06,0.3704306738363812,0.0003858539082166601,,,0,0,,6
I3_selected_duration_8h,25.0,I3,0.06092529296875,0.0609375,1.2207031249995837e-05,2.9625011543830624,0.0030868109792869802,,,0,0,,5
I3_selected_duration_8h,25.0,I3,0.0609375,0.0625,0.0015625000000000014,379.18084443076805,0.39511183844568265,,,1,0,,6
I3_selected_duration_8h,25.0,I3,0.0625,0.075,0.012499999999999997,3031.954657590497,3.160894690192176,,,0,0,,4
I3_selected_duration_8h,25.0,I3,0.075,0.08124999999999999,0.006249999999999992,1514.9831337512296,1.5804473446646483,,,0,0,,8
I3_selected_duration_8h,25.0,I3,0.08124999999999999,0.08281249999999998,0.0015624999999999944,378.6422209339653,0.3951118354546743,,,0,0,,0
I3_selected_duration_8h,25.0,I3,0.08281249999999998,0.08359375,0.0007812500000000111,189.30557506794867,0.19755591615729884,,,0,0,,14
I3_selected_duration_8h,25.0,I3,0.08359375,0.083984375,0.00039062500000000555,94.64889419543033,0.09877794850919841,,,0,0,,15
I3_selected_duration_8h,25.0,I3,0.083984375,0.08408203125,9.765624999999445e-05,23.661793682258576,0.024694460614384184,,,0,0,,2
I3_selected_duration_8h,25.0,I3,0.08408203125,0.0841064453125,2.441406250000555e-05,5.915386472799582,0.006173576921185031,,,0,0,,2
I3_selected_duration_8h,25.0,I3,0.0841064453125,0.08411865234374999,1.2207031249988898e-05,2.957609374279855,0.0030867049683642733,,,0,0,,14
I3_selected_duration_8h,25.0,I3,0.08411865234374999,0.08412475585937498,6.103515624994449e-06,1.4785818582749926,0.0015431211161782699,,,0,0,,2
I3_selected_duration_8h,25.0,I3,0.08412475585937498,0.0841278076171875,3.0517578125111022e-06,0.7386594607087318,0.0007709023376705204,,,0,0,,11
I3_selected_duration_8h,25.0,I3,0.0841278076171875,0.08412933349609375,1.5258789062555511e-06,0.3204686844837852,0.0003345009987825165,,,0,0,,14
I3_selected_duration_8h,25.0,I3,0.08412933349609375,0.08413009643554686,7.629394531138978e-07,0.03444638974906411,3.60841539510659e-05,,,0,0,,41
I3_selected_duration_8h,25.0,I3,0.08413009643554686,0.08413047790527342,3.814697265569489e-07,0.02850131104059983,2.980242122774257e-05,,,0,0,,29
I3_selected_duration_8h,25.0,I3,0.08413047790527342,0.08413057327270507,9.536743164617612e-08,0.00013104411482345313,1.572617698286649e-07,,,0,0,,9
I3_selected_duration_8h,25.0,I3,0.08413057327270507,0.08413062095642089,4.768371582308806e-08,5.6723671150393784e-05,6.945630204313602e-08,,,0,0,,1
I3_selected_duration_8h,25.0,I3,0.08413062095642089,0.08413064479827881,2.3841857918482923e-08,2.6446592528373003e-05,3.273100901424186e-08,,,0,0,,0
I3_selected_duration_8h,25.0,I3,0.08413064479827881,0.08413065671920776,1.1920928952302567e-08,1.2775417417287827e-05,1.5898500294042606e-08,,,0,0,,0
I3_selected_duration_8h,25.0,I3,0.08413065671920776,0.08413066267967223,5.96046446921239e-09,6.278860382735729e-06,7.83573028684259e-09,,,0,0,,0
I3_selected_duration_8h,25.0,I3,0.08413066267967223,0.08413066565990447,2.980232241545089e-09,3.112872946076095e-06,3.890182398436082e-09,,,0,0,,0
I3_selected_duration_8h,25.0,I3,0.08413066565990447,0.0841306671500206,1.4901161277114383e-09,1.5496625564992428e-06,1.9380159699267097e-09,,L46-@11;L46-@16,0,0,,0
I3_selected_duration_8h,25.0,I3,0.0841306671500206,0.08413066864013671,1.4901161138336505e-09,1.5459081623703241e-06,1.9340973267389927e-09,,,0,0,,0
I3_selected_duration_8h,25.0,I3,0.08413066864013671,0.08413085937499999,1.9073486327847444e-07,0.00016625053831376135,2.1458806642726813e-07,,L78-@15,2,0,,13
I3_selected_duration_8h,25.0,I3,0.08413085937499999,0.08417968749999999,4.8828124999997224e-05,-0.00892199263034854,1.2511526072955803e-06,,L46-@12;L46-@13,3,0,,9
I3_selected_duration_8h,25.0,I3,0.08417968749999999,0.08437499999999999,0.00019531250000000278,-0.04046408235444687,2.4237262863380238e-08,,,0,0,,6
I3_selected_duration_8h,25.0,I3,0.08437499999999999,0.0875,0.0031250000000000028,-0.6477897103177384,7.3498682695571915e-09,,,0,0,,22
I3_selected_duration_8h,25.0,I3,0.0875,0.1,0.012500000000000011,-2.5910584991943324,2.599222309763281e-07,,,0,0,,16
I3_selected_duration_8h,25.0,I3,0.1,0.125,0.024999999999999994,-5.0796048373304075,0.0002014852935028662,,,0,0,,12
I3_selected_duration_8h,25.0,I3,0.125,0.15,0.024999999999999994,-2.7743668102193624,0.0047206540946562155,,,0,2,RES_PV_N8:cap@14;RES_PV_N8:marg@14,35
I3_selected_duration_8h,25.0,I3,0.15,0.175,0.024999999999999994,-1.5862163516430883,0.0070499005749876,,,0,0,,9
I3_selected_duration_8h,25.0,I3,0.175,0.2,0.025000000000000022,-1.5862210548075382,0.007049902098416506,,,0,0,,34
I3_selected_duration_8h,25.0,I3,0.2,0.225,0.024999999999999994,-1.5862264520983445,0.007049902267982331,,,0,0,,1
I3_selected_duration_8h,25.0,I3,0.225,0.25,0.024999999999999994,-1.5862318639847217,0.007049902399041727,,,0,0,,0
I3_selected_duration_8h,25.0,I3,0.25,0.275,0.025000000000000022,-1.5862373180571012,0.007049902450804321,,,0,0,,14
I3_selected_duration_8h,25.0,I3,0.275,0.3,0.024999999999999967,-1.5862427806423511,0.007049902484164178,,,0,0,,22
I3_selected_duration_8h,25.0,I3,0.3,0.325,0.025000000000000022,-1.5862482448283117,0.007049902514916918,,,0,0,,3
I3_selected_duration_8h,25.0,I3,0.325,0.35,0.024999999999999967,-1.5862527492281515,0.007049904535566011,,,0,0,,33
I3_selected_duration_8h,25.0,I3,0.35,0.375,0.025000000000000022,-1.5862601872358937,0.007049900479555296,,,0,0,,6
I3_selected_duration_8h,25.0,I3,0.375,0.4,0.025000000000000022,-1.5862646795576438,0.007049902524196891,,,0,0,,0
I3_selected_duration_8h,25.0,I3,0.4,0.425,0.024999999999999967,-1.5862698425771669,0.007049903184320125,,,0,0,,4
I3_selected_duration_8h,25.0,I3,0.425,0.45,0.025000000000000022,-1.5862756310525583,0.007049902543126915,,,0,0,,1
I3_selected_duration_8h,25.0,I3,0.45,0.475,0.024999999999999967,-1.5862814348947722,0.00704990186261914,,,0,0,,5
I3_selected_duration_8h,25.0,I3,0.475,0.5,0.025000000000000022,-1.5862865930976113,0.007049902535081379,,,0,0,,44
I3_selected_duration_8h,25.0,I3,0.5,0.525,0.025000000000000022,-1.5861264817940537,0.007050255584293091,,,0,0,,5
I3_selected_duration_8h,25.0,I3,0.525,0.55,0.025000000000000022,-1.5864628388371784,0.007049550133442273,,,0,0,,29
I3_selected_duration_8h,25.0,I3,0.55,0.575,0.02499999999999991,-1.586303021016647,0.0070499025625387485,,,0,0,,1
I3_selected_duration_8h,25.0,I3,0.575,0.6,0.025000000000000022,-1.5863084078300744,0.007049902756272514,,,0,0,,14
I3_selected_duration_8h,25.0,I3,0.6,0.625,0.025000000000000022,-1.5863144054746954,0.007049901652809498,,,0,0,,6
I3_selected_duration_8h,25.0,I3,0.625,0.65,0.025000000000000022,-1.5863194691191893,0.007049902540216868,,,0,0,,2
I3_selected_duration_8h,25.0,I3,0.65,0.675,0.025000000000000022,-1.5863249488029396,0.007049902540360031,,,0,0,,12
I3_selected_duration_8h,25.0,I3,0.675,0.7,0.02499999999999991,-1.5863304274098482,0.00704990254269422,,,0,0,,74
I3_selected_duration_8h,25.0,I3,0.7,0.725,0.025000000000000022,-1.5863359078357462,0.007049902540413128,,,0,0,,1
I3_selected_duration_8h,25.0,I3,0.725,0.75,0.025000000000000022,-1.5863410603196826,0.007049903277255354,,,0,0,,38
I3_selected_duration_8h,25.0,I3,0.75,0.775,0.025000000000000022,-1.5863471934280824,0.007049901807595627,,,0,0,,70
I3_selected_duration_8h,25.0,I3,0.775,0.8,0.025000000000000022,-1.5863523458392592,0.007049902543618369,,,0,0,,0
I3_selected_duration_8h,25.0,I3,0.8,0.825,0.02499999999999991,-1.5863574835530017,0.00704990333550129,,,0,0,,0
I3_selected_duration_8h,25.0,I3,0.825,0.85,0.025000000000000022,-1.5863636483845767,0.007049901750079052,,,0,0,,10
I3_selected_duration_8h,25.0,I3,0.85,0.875,0.025000000000000022,-1.5863687847740948,0.007049902543028286,,,0,0,,10
I3_selected_duration_8h,25.0,I3,0.875,0.9,0.025000000000000022,-1.5863742638903204,0.0070499025438008345,,,0,0,,5
I3_selected_duration_8h,25.0,I3,0.9,0.925,0.025000000000000022,-1.586379742846475,0.007049902542749814,,,0,0,,3
I3_selected_duration_8h,25.0,I3,0.925,0.95,0.02499999999999991,-1.5863852096517803,0.0070499025715557995,,,0,0,,3
I3_selected_duration_8h,25.0,I3,0.95,0.975,0.025000000000000022,-1.586390715208836,0.007049902518009077,,,0,0,,0
I3_selected_duration_8h,25.0,I3,0.975,1.0,0.025000000000000022,-1.5863961780123645,0.007049902544392694,,,0,0,,24
I3_selected_duration_8h,50.0,I3,0.0,1e-06,1e-06,1.9470093674608506,0.001199079908513312,,,0,0,,0
I3_selected_duration_8h,50.0,I3,1e-06,1e-05,9e-06,17.52307293668855,0.010791719185189619,,,0,0,,0
I3_selected_duration_8h,50.0,I3,1e-05,0.0001,9e-05,175.22960203098773,0.10791719192417171,,,0,0,,0
I3_selected_duration_8h,50.0,I3,0.0001,0.001,0.0009,1752.1832709824812,1.079171920365403,,,0,0,,22
I3_selected_duration_8h,50.0,I3,0.001,0.0025,0.0015,2752.304645684766,1.7187027348656683,,,0,0,,23
I3_selected_duration_8h,50.0,I3,0.0025,0.005,0.0025,4338.141498565077,2.7462362088538894,,,0,0,,8
I3_selected_duration_8h,50.0,I3,0.005,0.005000002384185791,2.384185790633986e-09,0.004136550764087588,2.619014603411074e-06,,,0,0,,0
I3_selected_duration_8h,50.0,I3,0.005000002384185791,0.0050000035762786865,1.1920928957506738e-09,0.002068275323836133,1.309507875468796e-06,,,0,0,,0
I3_selected_duration_8h,50.0,I3,0.0050000035762786865,0.005000004172325134,5.96046447441656e-10,0.0010341374727431685,6.547539932455493e-07,,,0,0,,0
I3_selected_duration_8h,50.0,I3,0.005000004172325134,0.005000004470348358,2.980232241545089e-10,0.0005170686199562624,3.2737715471853335e-07,,,0,0,,0
I3_selected_duration_8h,50.0,I3,0.005000004470348358,0.005000004768371582,2.980232241545089e-10,0.0005170704971533269,3.273789923596837e-07,,,0,0,,0
I3_selected_duration_8h,50.0,I3,0.005000004768371582,0.0050000095367431635,4.768371581267972e-09,0.008273100975202397,5.238029276988243e-06,,,0,0,,0
I3_selected_duration_8h,50.0,I3,0.0050000095367431635,0.005000019073486328,9.536743164270667e-09,0.01654620275076013,1.0476059943087535e-05,,,0,0,,0
I3_selected_duration_8h,50.0,I3,0.005000019073486328,0.005000038146972656,1.9073486328541334e-08,0.033092404148192145,2.0952121072781438e-05,,,0,0,,0
I3_selected_duration_8h,50.0,I3,0.005000038146972656,0.005000076293945313,3.814697265708267e-08,0.06618480982433539,4.1904238633705404e-05,,,0,0,,0
I3_selected_duration_8h,50.0,I3,0.005000076293945313,0.005000152587890626,7.629394531243061e-08,0.13236961462826002,8.380847713862494e-05,,,0,0,,0
I3_selected_duration_8h,50.0,I3,0.005000152587890626,0.005000305175781251,1.5258789062486122e-07,0.26473923078447115,0.0001676169562800922,,,0,0,,0
I3_selected_duration_8h,50.0,I3,0.005000305175781251,0.0050006103515625,3.0517578124972244e-07,0.5294784413272282,0.00033523391104495204,,,0,0,,0
I3_selected_duration_8h,50.0,I3,0.0050006103515625,0.005001220703125,6.103515624994449e-07,1.0589568304712884,0.0006704678265379016,,,0,0,,0
I3_selected_duration_8h,50.0,I3,0.005001220703125,0.0050024414062500005,1.2207031250006245e-06,2.1179134238918778,0.001340935647146324,,,0,0,,0
I3_selected_duration_8h,50.0,I3,0.0050024414062500005,0.0050048828125,2.4414062499995143e-06,4.2358259132597595,0.002681871299609284,,,0,0,,0
I3_selected_duration_8h,50.0,I3,0.0050048828125,0.005009765625000001,4.882812500000763e-06,8.471648082791944,0.005363742592948029,,,0,0,,0
I3_selected_duration_8h,50.0,I3,0.005009765625000001,0.0050195312500000006,9.765624999999792e-06,16.94328120550199,0.010727485191194042,,,0,0,,0
I3_selected_duration_8h,50.0,I3,0.0050195312500000006,0.0050390625,1.9531249999999584e-05,33.88650254516688,0.02145497038137556,,,0,0,,0
I3_selected_duration_8h,50.0,I3,0.0050390625,0.005078124999999999,3.906249999999917e-05,67.77276564840577,0.04290994076502219,,,0,0,,0
I3_selected_duration_8h,50.0,I3,0.005078124999999999,0.005156249999999999,7.812500000000007e-05,135.54457349746372,0.08581988153061904,,,0,0,,8
I3_selected_duration_8h,50.0,I3,0.005156249999999999,0.0053124999999999995,0.00015625000000000014,271.0853158873797,0.17163976314567186,,,0,0,,0
I3_selected_duration_8h,50.0,I3,0.0053124999999999995,0.005625,0.0003125000000000003,542.1553071884846,0.34327952610104884,,,0,0,,8
I3_selected_duration_8h,50.0,I3,0.005625,0.00625,0.0006250000000000006,1084.2493161286693,0.6865590522014458,,,0,0,,4
I3_selected_duration_8h,50.0,I3,0.00625,0.0075,0.0012499999999999994,2168.2534392065863,1.3731181044232361,,,0,0,,4
I3_selected_duration_8h,50.0,I3,0.0075,0.01,0.0025000000000000005,4285.754925688234,3.292318484082978,,,0,0,,71
I3_selected_duration_8h,50.0,I3,0.01,0.015,0.004999999999999999,6945.829533304102,4.254471221811489,,,0,8,G_N1_a:marg@11;G_N1_a:marg@12;G_N1_a:marg@13;G_N1_a:marg@16;G_N1_a:off@11;G_N1_a:off@12;G_N1_a:off@13;G_N1_a:off@16,79
I3_selected_duration_8h,50.0,I3,0.015,0.015001220703124998,1.2207031249988898e-06,1.8976658341416623,0.0011365436745194302,,,0,0,,0
I3_selected_duration_8h,50.0,I3,0.015001220703124998,0.015001831054687498,6.103515624994449e-07,0.9488328205916332,0.0005682718354211858,,,0,0,,0
I3_selected_duration_8h,50.0,I3,0.015001831054687498,0.015002136230468748,3.0517578124972244e-07,0.4744163856084924,0.00028413591827103346,,,0,0,,0
I3_selected_duration_8h,50.0,I3,0.015002136230468748,0.01500221252441406,7.629394531243061e-08,0.11860409492510371,7.10339794469661e-05,,,0,0,,0
I3_selected_duration_8h,50.0,I3,0.01500221252441406,0.015002231597900387,1.907348632680661e-08,0.02965102161397226,1.775849457708034e-05,,,0,0,,0
I3_selected_duration_8h,50.0,I3,0.015002231597900387,0.015002241134643551,9.536743164270667e-09,0.014825514401309192,8.879248349913382e-06,,,0,0,,0
I3_selected_duration_8h,50.0,I3,0.015002241134643551,0.015002245903015132,4.768371581267972e-09,0.007412755090626888,4.439624053276248e-06,,,0,0,,0
I3_selected_duration_8h,50.0,I3,0.015002245903015132,0.015002248287200924,2.3841857915013476e-09,0.0037063776107970625,2.2198115079419267e-06,,,0,0,,0
I3_selected_duration_8h,50.0,I3,0.015002248287200924,0.015002249479293819,1.192092894883312e-09,0.001853190769907087,1.1099066234976362e-06,,,0,0,,0
I3_selected_duration_8h,50.0,I3,0.015002249479293819,0.015002250075340267,5.960464483090178e-10,0.0009265925618819892,5.549519919156864e-07,,,0,0,,0
I3_selected_duration_8h,50.0,I3,0.015002250075340267,0.015002250671386715,5.960464483090178e-10,0.0020706705836346373,1.300628239775392e-06,,,0,0,,9
I3_selected_duration_8h,50.0,I3,0.015002250671386715,0.015002288818359372,3.814697265708267e-08,0.05930803237424698,3.552057759748095e-05,,,0,0,,0
I3_selected_duration_8h,50.0,I3,0.015002288818359372,0.015002441406249999,1.5258789062659595e-07,0.23720198345836252,0.00014206424262397377,,,0,0,,0
I3_selected_duration_8h,50.0,I3,0.015002441406249999,0.015004882812499998,2.4414062499995143e-06,3.794186526662088,0.002272341799319122,,,0,0,,9
I3_selected_duration_8h,50.0,I3,0.015004882812499998,0.015009765625,4.882812500000763e-06,7.590657669541542,0.0045461746660482305,,,0,0,,8
I3_selected_duration_8h,50.0,I3,0.015009765625,0.015019531249999999,9.765624999999792e-06,15.181303215416847,0.009092349413030831,,,0,0,,17
I3_selected_duration_8h,50.0,I3,0.015019531249999999,0.015039062499999999,1.9531249999999584e-05,30.362557295738952,0.01818469875855655,,,0,0,,0
I3_selected_duration_8h,50.0,I3,0.015039062499999999,0.015078125,3.90625000000009e-05,60.724918419262394,0.03636939752144208,,,0,0,,14
I3_selected_duration_8h,50.0,I3,0.015078125,0.01515625,7.812500000000007e-05,121.44905227626441,0.07273879504079517,,,0,0,,1
I3_selected_duration_8h,50.0,I3,0.01515625,0.0153125,0.00015625000000000014,242.89496630887152,0.14547759011230355,,,0,0,,13
I3_selected_duration_8h,50.0,I3,0.0153125,0.015625,0.0003125000000000003,485.77737931199954,0.29095518020912436,,,0,0,,2
I3_selected_duration_8h,50.0,I3,0.015625,0.01625,0.0006250000000000006,971.5045456990629,0.5819103604344331,,,0,0,,2
I3_selected_duration_8h,50.0,I3,0.01625,0.0175,0.0012500000000000011,1942.808239689417,1.163820720977089,,,0,0,,18
I3_selected_duration_8h,50.0,I3,0.0175,0.02,0.0024999999999999988,3884.8130694054707,2.3276414406202512,,,0,0,,11
I3_selected_duration_8h,50.0,I3,0.02,0.02015625,0.00015625000000000014,242.76526456556167,0.14547759906722035,,,0,0,,7
I3_selected_duration_8h,50.0,I3,0.02015625,0.020234375,7.812499999999833e-05,121.38007767288946,0.0727382090335773,,,0,0,,7
I3_selected_duration_8h,50.0,I3,0.020234375,0.020244140624999997,9.765624999998057e-06,9.722377600643085,0.005825597500564328,,,2,0,,0
I3_selected_duration_8h,50.0,I3,0.020244140624999997,0.020245361328124996,1.2207031249988898e-06,0.014108714618487284,8.226763416274707e-06,,,0,0,,0
I3_selected_duration_8h,50.0,I3,0.020245361328124996,0.020245971679687495,6.103515624994449e-07,0.002227418153779581,1.2201898726971194e-06,,,0,0,,0
I3_selected_duration_8h,50.0,I3,0.020245971679687495,0.020246009826660152,3.814697265708267e-08,9.575831063557416e-05,5.021680138383999e-08,,,0,0,,0
I3_selected_duration_8h,50.0,I3,0.020246009826660152,0.020246014595031735,4.768371583002695e-09,1.1842814274132252e-05,6.2003522316445014e-09,,,0,0,,0
I3_selected_duration_8h,50.0,I3,0.020246014595031735,0.020246016979217525,2.384185789766624e-09,5.857436917722225e-06,3.0621762903138006e-09,,,0,0,,0
I3_selected_duration_8h,50.0,I3,0.020246016979217525,0.020246018171310422,1.1920928966180355e-09,-0.014898770517902449,8.881733972287975e-06,,,0,0,,7
I3_selected_duration_8h,50.0,I3,0.020246018171310422,0.02024601876735687,5.960464483090178e-10,0.014903136005159467,8.884013645626965e-06,,L78-@12;L78-@13,0,0,,7
I3_selected_duration_8h,50.0,I3,0.02024601876735687,0.02024601936340332,5.960464483090178e-10,1.3030949048697948e-06,6.6937388965016e-10,,,0,0,,0
I3_selected_duration_8h,50.0,I3,0.02024601936340332,0.02024602890014648,9.536743162535943e-09,2.324128581676632e-05,1.213509648323452e-08,,,0,0,,0
I3_selected_duration_8h,50.0,I3,0.02024602890014648,0.02024604797363281,1.9073486328541334e-08,4.565562994685024e-05,2.377497665406736e-08,,,0,0,,0
I3_selected_duration_8h,50.0,I3,0.02024604797363281,0.02024612426757812,7.629394531069589e-08,0.0001736628619255498,8.973001541789927e-08,,,0,0,,0
I3_selected_duration_8h,50.0,I3,0.02024612426757812,0.020246276855468745,1.5258789062486122e-07,0.0003099029418081045,1.5702880062917757e-07,,,0,0,,0
I3_selected_duration_8h,50.0,I3,0.020246276855468745,0.020246582031249998,3.051757812531919e-07,0.0004985160776413977,2.413580517668379e-07,,,0,0,,0
I3_selected_duration_8h,50.0,I3,0.020246582031249998,0.0202490234375,2.441406250001249e-06,0.001883894859929569,1.377323551210452e-06,,,0,0,,9
I3_selected_duration_8h,50.0,I3,0.0202490234375,0.02025390625,4.8828124999990286e-06,0.001506960514234379,2.7534789239780366e-06,,,0,0,,9
I3_selected_duration_8h,50.0,I3,0.02025390625,0.020273437499999998,1.9531249999999584e-05,0.006157233539852314,1.1015469389086263e-05,,,0,0,,0
I3_selected_duration_8h,50.0,I3,0.020273437499999998,0.020312499999999997,3.906249999999917e-05,0.010973558135447092,2.1864180768993435e-05,,,0,0,,7
I3_selected_duration_8h,50.0,I3,0.020312499999999997,0.020624999999999998,0.0003125000000000003,0.09944060719863046,0.00017641472916096745,,,0,0,,0
I3_selected_duration_8h,50.0,I3,0.020624999999999998,0.021249999999999998,0.0006250000000000006,0.19627698305703234,0.0003524946650328431,,,0,0,,8
I3_selected_duration_8h,50.0,I3,0.021249999999999998,0.0225,0.0012500000000000011,0.39255478289851453,0.0007049907062119942,,,0,0,,6
I3_selected_duration_8h,50.0,I3,0.0225,0.025,0.0025000000000000022,0.7851088501920458,0.0014099799557341086,,,0,0,,6
I3_selected_duration_8h,50.0,I3,0.025,0.03,0.0049999999999999975,891.3141740910651,0.9260337504341756,,,0,4,G_N1_a:marg@12;G_N1_a:marg@13;G_N1_a:off@12;G_N1_a:off@13,8
I3_selected_duration_8h,50.0,I3,0.03,0.030000152587890624,1.5258789062486122e-07,0.07418927885009907,7.717028077891541e-05,,,0,0,,0
I3_selected_duration_8h,50.0,I3,0.030000152587890624,0.030000190734863277,3.814697265361322e-08,0.01854731970524881,1.9292568815387767e-05,,,0,0,,0
I3_selected_duration_8h,50.0,I3,0.030000190734863277,0.030000209808349606,1.9073486328541334e-08,0.009273659423342906,9.646286574849228e-06,,,0,0,,0
I3_selected_duration_8h,50.0,I3,0.030000209808349606,0.03000021934509277,9.536743162535943e-09,0.004636829340597615,4.823142475629538e-06,,,0,0,,0
I3_selected_duration_8h,50.0,I3,0.03000021934509277,0.03000022411346435,4.768371583002695e-09,0.0023184151359600946,2.41157100688838e-06,,,0,0,,0
I3_selected_duration_8h,50.0,I3,0.03000022411346435,0.03000022649765014,2.384185789766624e-09,0.0011592064402066171,1.2057863010284109e-06,,,0,0,,0
I3_selected_duration_8h,50.0,I3,0.03000022649765014,0.030000227689743038,1.1920928966180355e-09,0.0005796158948214725,6.028915855438299e-07,,,0,0,,0
I3_selected_duration_8h,50.0,I3,0.030000227689743038,0.030000228881835934,1.1920928966180355e-09,0.0005796041077701375,6.028929497858826e-07,,,0,0,,0
I3_selected_duration_8h,50.0,I3,0.030000228881835934,0.03000030517578125,7.629394531416533e-08,0.037094638173584826,3.8585139090940856e-05,,,0,0,,0
I3_selected_duration_8h,50.0,I3,0.03000030517578125,0.0300006103515625,3.0517578124972244e-07,0.14837854307552334,0.0001543405735766612,,,0,0,,0
I3_selected_duration_8h,50.0,I3,0.0300006103515625,0.030001220703124998,6.103515624994449e-07,0.2967570907494519,0.00030868111812765164,,,0,0,,0
I3_selected_duration_8h,50.0,I3,0.030001220703124998,0.030002441406249997,1.2207031249988898e-06,0.5935141509253299,0.0006173622492831043,,,0,0,,0
I3_selected_duration_8h,50.0,I3,0.030002441406249997,0.030004882812499998,2.441406250001249e-06,1.187028147134697,0.0012347244878334607,,,0,0,,0
I3_selected_duration_8h,50.0,I3,0.030004882812499998,0.030009765624999997,4.8828124999990286e-06,2.3740556907869177,0.002469448978313693,,,0,0,,0
I3_selected_duration_8h,50.0,I3,0.030009765624999997,0.03001953125,9.765625000001527e-06,4.7481089508510195,0.0049388979525026855,,,0,0,,4
I3_selected_duration_8h,50.0,I3,0.03001953125,0.030039062499999998,1.9531249999999584e-05,9.49620820430573,0.009877795905929077,,,0,0,,0
I3_selected_duration_8h,50.0,I3,0.030039062499999998,0.030078124999999997,3.906249999999917e-05,18.99237754015485,0.019755591816995377,,,0,0,,0
I3_selected_duration_8h,50.0,I3,0.030078124999999997,0.03015625,7.81250000000018e-05,37.984599757852266,0.039511183635067226,,,0,0,,0
I3_selected_duration_8h,50.0,I3,0.03015625,0.0303125,0.00015625000000000014,75.96857718321553,0.0790223664598031,,,0,0,,4
I3_selected_duration_8h,50.0,I3,0.0303125,0.030625,0.0003125000000000003,151.93467076393426,0.15804473450330647,,,0,0,,0
I3_selected_duration_8h,50.0,I3,0.030625,0.03125,0.0006250000000000006,303.85939925091225,0.3160894686844067,,,0,0,,9
I3_selected_duration_8h,50.0,I3,0.03125,0.0325,0.0012500000000000011,607.6790329204669,0.6321789393864528,,,0,0,,6
I3_selected_duration_8h,50.0,I3,0.0325,0.035,0.0025000000000000022,1215.198992018588,1.2643578760655707,,,0,0,,7
I3_selected_duration_8h,50.0,I3,0.035,0.04,0.0049999999999999975,2429.761698655828,2.5287157515104397,,,0,0,,17
I3_selected_duration_8h,50.0,I3,0.04,0.05,0.010000000000000002,945.9251777051395,0.9840144205471439,,L46-@11;L46-@12;L46-@13;L46-@16;L78-@15,5,0,,97
I3_selected_duration_8h,50.0,I3,0.05,0.075,0.024999999999999994,2.00713348609861,0.014099805036550173,,,0,0,,13
I3_selected_duration_8h,50.0,I3,0.075,0.1,0.02500000000000001,2.006976489239605,0.01409964836303601,,,0,0,,19
I3_selected_duration_8h,50.0,I3,0.1,0.125,0.024999999999999994,2.007257625431521,0.014099961878535794,,,0,0,,28
I3_selected_duration_8h,50.0,I3,0.125,0.15,0.024999999999999994,2.007100567832822,0.01409980508090758,,,0,0,,0
I3_selected_duration_8h,50.0,I3,0.15,0.175,0.024999999999999994,2.0070896133838687,0.014099805096347673,,,0,0,,11
I3_selected_duration_8h,50.0,I3,0.175,0.2,0.025000000000000022,2.0070786514115753,0.014099805087092854,,,0,0,,8
I3_selected_duration_8h,50.0,I3,0.2,0.225,0.024999999999999994,2.0070676941104466,0.014099805100414642,,,0,0,,15
I3_selected_duration_8h,50.0,I3,0.225,0.25,0.024999999999999994,2.0070567319198744,0.014099805091539075,,,0,0,,19
I3_selected_duration_8h,50.0,I3,0.25,0.275,0.025000000000000022,2.007045769933029,0.014099805085663775,,,0,0,,18
I3_selected_duration_8h,50.0,I3,0.275,0.3,0.024999999999999967,2.0070347147557186,0.014099804939690763,,,0,0,,10
I3_selected_duration_8h,50.0,I3,0.3,0.325,0.025000000000000022,2.0070236974133877,0.014099804840309815,,,0,0,,2
I3_selected_duration_8h,50.0,I3,0.325,0.35,0.024999999999999967,2.0070129413797986,0.014099805167114177,,,0,0,,3
I3_selected_duration_8h,50.0,I3,0.35,0.375,0.025000000000000022,2.00700214470271,0.014099805430059398,,,0,0,,13
I3_selected_duration_8h,50.0,I3,0.375,0.4,0.025000000000000022,2.0069909706362523,0.014099805084132555,,,0,0,,34
I3_selected_duration_8h,50.0,I3,0.4,0.425,0.024999999999999967,2.006980014470173,0.01409980509055675,,,0,0,,29
I3_selected_duration_8h,50.0,I3,0.425,0.45,0.025000000000000022,2.0069690598757006,0.014099805100072693,,,0,0,,12
I3_selected_duration_8h,50.0,I3,0.45,0.475,0.024999999999999967,2.006958092926652,0.014099805082225636,,,0,0,,14
I3_selected_duration_8h,50.0,I3,0.475,0.5,0.025000000000000022,2.006947136396775,0.01409980509495945,,,0,0,,9
I3_selected_duration_8h,50.0,I3,0.5,0.525,0.025000000000000022,2.0069361780333566,0.014099805093724882,,,0,0,,9
I3_selected_duration_8h,50.0,I3,0.525,0.55,0.025000000000000022,2.006925217821845,0.014099805092148365,,,0,0,,18
I3_selected_duration_8h,50.0,I3,0.55,0.575,0.02499999999999991,2.00691408853163,0.014099804808232363,,,0,0,,32
I3_selected_duration_8h,50.0,I3,0.575,0.6,0.025000000000000022,2.006903468995006,0.014099805376835306,,,0,0,,8
I3_selected_duration_8h,50.0,I3,0.6,0.625,0.025000000000000022,2.0068923382787034,0.0140998050903276,,,0,0,,2
I3_selected_duration_8h,50.0,I3,0.625,0.65,0.025000000000000022,2.006881379231345,0.014099805091672302,,,0,0,,8
I3_selected_duration_8h,50.0,I3,0.65,0.675,0.025000000000000022,2.0068704198492924,0.014099805091507989,,,0,0,,2
I3_selected_duration_8h,50.0,I3,0.675,0.7,0.02499999999999991,2.006859204484499,0.014099804666704685,,,0,0,,84
I3_selected_duration_8h,50.0,I3,0.7,0.725,0.025000000000000022,2.00684875677689,0.014099805515969344,,,0,0,,8
I3_selected_duration_8h,50.0,I3,0.725,0.75,0.025000000000000022,2.006837544075097,0.014099805096821072,,,0,0,,38
I3_selected_duration_8h,50.0,I3,0.75,0.775,0.025000000000000022,2.0068265813897597,0.014099805089911932,,,0,0,,73
I3_selected_duration_8h,50.0,I3,0.775,0.8,0.025000000000000022,2.0068156226188876,0.014099805092129714,,,0,0,,10
I3_selected_duration_8h,50.0,I3,0.8,0.825,0.02499999999999991,2.0068043340434087,0.014099804551507056,,,0,0,,6
I3_selected_duration_8h,50.0,I3,0.825,0.85,0.025000000000000022,2.0067940488661407,0.014099805663277287,,,0,0,,4
I3_selected_duration_8h,50.0,I3,0.85,0.875,0.025000000000000022,2.006782730255509,0.014099805063579218,,,0,0,,11
I3_selected_duration_8h,50.0,I3,0.875,0.9,0.025000000000000022,2.0067717857455136,0.014099805091525752,,,0,0,,14
I3_selected_duration_8h,50.0,I3,0.9,0.925,0.025000000000000022,2.0067608261015266,0.014099805092880224,,,0,0,,1
I3_selected_duration_8h,50.0,I3,0.925,0.95,0.02499999999999991,2.0067498757562134,0.014099805108020114,,,0,0,,1
I3_selected_duration_8h,50.0,I3,0.95,0.975,0.025000000000000022,2.0067389015457593,0.0140998050785619,,,0,0,,0
I3_selected_duration_8h,50.0,I3,0.975,1.0,0.025000000000000022,2.0067279784416314,0.014099805098639173,,,0,0,,6
I3_selected_duration_8h,100.0,I3,0.0,1e-06,1e-06,3.890877844998613,0.0023981598293456585,,,0,0,,0
I3_selected_duration_8h,100.0,I3,1e-06,1e-05,9e-06,34.86782200248854,0.021583438402977606,,,0,0,,0
I3_selected_duration_8h,100.0,I3,1e-05,5.5e-05,4.5e-05,175.07411096378928,0.10791719199989736,,,0,0,,2
I3_selected_duration_8h,100.0,I3,5.5e-05,5.6406250000000006e-05,1.4062500000000037e-06,5.555962589744013,0.003372412579492945,,,0,0,,1
I3_selected_duration_8h,100.0,I3,5.6406250000000006e-05,5.7109375000000004e-05,7.031249999999985e-07,2.7391954409104073,0.001686206170854021,,,0,0,,0
I3_selected_duration_8h,100.0,I3,5.7109375000000004e-05,5.7285156250000004e-05,1.7578124999999961e-07,0.684776609603432,0.00042155153972167625,,,0,0,,0
I3_selected_duration_8h,100.0,I3,5.7285156250000004e-05,5.7373046875000004e-05,8.789062499999981e-08,0.342376625732868,0.0002107757681582001,,,0,0,,0
I3_selected_duration_8h,100.0,I3,5.7373046875000004e-05,5.74169921875e-05,4.3945312499996515e-08,0.17118174913048279,0.0001053878894232696,,,0,0,,0
I3_selected_duration_8h,100.0,I3,5.74169921875e-05,5.743896484375e-05,2.1972656250001646e-08,0.08559068870090414,5.2693944702753015e-05,,,0,0,,0
I3_selected_duration_8h,100.0,I3,5.743896484375e-05,5.7449951171875e-05,1.0986328124997435e-08,0.042800253024324775,2.634697313119716e-05,,,0,0,,0
I3_selected_duration_8h,100.0,I3,5.7449951171875e-05,5.74554443359375e-05,5.4931640625021055e-09,0.021394897397840396,1.3173478512484849e-05,,,0,0,,0
I3_selected_duration_8h,100.0,I3,5.74554443359375e-05,5.745819091796875e-05,2.7465820312476646e-09,0.010696862023905851,6.586749387693658e-06,,,0,0,,0
I3_selected_duration_8h,100.0,I3,5.745819091796875e-05,5.7459564208984376e-05,1.3732910156272204e-09,0.0053542935056611896,3.293366601653247e-06,,,0,0,,0
I3_selected_duration_8h,100.0,I3,5.7459564208984376e-05,5.746025085449219e-05,6.866455078136102e-10,0.0026722085603978485,1.646684660627784e-06,,,0,0,,0
I3_selected_duration_8h,100.0,I3,5.746025085449219e-05,5.7460594177246097e-05,3.433227539068051e-10,0.0013357116986298934,8.233444095395726e-07,,,0,0,,0
I3_selected_duration_8h,100.0,I3,5.7460594177246097e-05,5.74609375e-05,3.433227539068051e-10,-0.15748202911345288,0.0003403279514628821,,,0,4,G_N1_a:marg@11;G_N1_a:marg@16;G_N1_a:off@11;G_N1_a:off@16,11
I3_selected_duration_8h,100.0,I3,5.74609375e-05,5.78125e-05,3.5156249999999923e-07,1.3797411508858204,0.0008431031129614297,,,0,0,,0
I3_selected_duration_8h,100.0,I3,5.78125e-05,6.0624999999999996e-05,2.812499999999994e-06,10.944671045639552,0.006744824450432674,,,0,0,,0
I3_selected_duration_8h,100.0,I3,6.0624999999999996e-05,6.625e-05,5.625000000000001e-06,21.885937209241092,0.013489648966256595,,,0,0,,3
I3_selected_duration_8h,100.0,I3,6.625e-05,7.75e-05,1.1250000000000002e-05,43.756250616759644,0.02697929744110361,,,0,0,,3
I3_selected_duration_8h,100.0,I3,7.75e-05,0.0001,2.2500000000000005e-05,87.54583448734775,0.05395859521567559,,,0,0,,0
I3_selected_duration_8h,100.0,I3,0.0001,0.000128125,2.8125000000000006e-05,109.4213261850382,0.06744823365060171,,,0,0,,2
I3_selected_duration_8h,100.0,I3,0.000128125,0.00013515625000000002,7.031250000000012e-06,27.35681856497831,0.01686202214735566,,,0,0,,2
I3_selected_duration_8h,100.0,I3,0.00013515625000000002,0.00013603515625000003,8.789062500000116e-07,3.41945565554488,0.002107732849879085,,,0,0,,0
I3_selected_duration_8h,100.0,I3,0.00013603515625000003,0.00013647460937500004,4.394531250000058e-07,1.7097036421182565,0.0010538556023327317,,,0,0,,0
I3_selected_duration_8h,100.0,I3,0.00013647460937500004,0.00013669433593750002,2.197265624999758e-07,0.8548393489763839,0.0005269219233827727,,,0,0,,0
I3_selected_duration_8h,100.0,I3,0.00013669433593750002,0.0001367218017578125,2.74658203124902e-08,0.10685405097319745,6.586482127701743e-05,,,0,0,,0
I3_selected_duration_8h,100.0,I3,0.0001367218017578125,0.00013673553466796878,1.3732910156272204e-08,0.05342693945567589,3.293235863388588e-05,,,0,0,,0
I3_selected_duration_8h,100.0,I3,0.00013673553466796878,0.00013673896789550785,3.433227539068051e-09,0.013356728290091269,8.233090570186619e-06,,,0,0,,0
I3_selected_duration_8h,100.0,I3,0.00013673896789550785,0.0001367398262023926,8.583068847670128e-10,0.0033392003388144076,2.0582720416939537e-06,,,0,0,,0
I3_selected_duration_8h,100.0,I3,0.0001367398262023926,0.000136740255355835,4.291534423835064e-10,0.00166957093460951,1.0291361132175325e-06,,,0,0,,0
I3_selected_duration_8h,100.0,I3,0.000136740255355835,0.00013674068450927738,4.291534423835064e-10,0.030979406656115316,6.453383054960682e-05,,,0,4,G_N1_a:marg@11;G_N1_a:marg@16;G_N1_a:off@11;G_N1_a:off@16,10
I3_selected_duration_8h,100.0,I3,0.00013674068450927738,0.00013674240112304691,1.7166137695340256e-09,0.006665814260486513,4.107281180054656e-06,,,0,0,,0
I3_selected_duration_8h,100.0,I3,0.00013674240112304691,0.00013674926757812502,6.866455078108997e-09,0.02666285248415079,1.642857547778931e-05,,,0,0,,0
I3_selected_duration_8h,100.0,I3,0.00013674926757812502,0.00013680419921875003,5.49316406250075e-08,0.21328002710652072,0.00013139590466870743,,,0,0,,0
I3_selected_duration_8h,100.0,I3,0.00013680419921875003,0.00013691406250000002,1.098632812499879e-07,0.42641496437136084,0.00026257844680621645,,,0,0,,0
I3_selected_duration_8h,100.0,I3,0.00013691406250000002,0.00013867187500000001,1.7578124999999961e-06,6.610067737972713,0.0034572394587666366,,,0,4,G_N1_a:marg@12;G_N1_a:marg@13;G_N1_a:off@12;G_N1_a:off@13,8
I3_selected_duration_8h,100.0,I3,0.00013867187500000001,0.0001421875,3.5156249999999923e-06,12.103475723823067,0.0063948748574018666,,,0,4,G_N1_a:marg@11;G_N1_a:marg@16;G_N1_a:off@11;G_N1_a:off@16,18
I3_selected_duration_8h,100.0,I3,0.0001421875,0.00015625,1.4062499999999996e-05,48.73602880227554,0.02535871620419261,,,0,0,,0
I3_selected_duration_8h,100.0,I3,0.00015625,0.00021250000000000002,5.625000000000001e-05,194.9466999979486,0.10143486137262059,,,0,0,,0
I3_selected_duration_8h,100.0,I3,0.00021250000000000002,0.00032500000000000004,0.00011250000000000002,389.89030989781895,0.2028697224477014,,,0,0,,0
I3_selected_duration_8h,100.0,I3,0.00032500000000000004,0.00055,0.000225,779.7672605807456,0.4057394449162537,,,0,0,,0
I3_selected_duration_8h,100.0,I3,0.00055,0.001,0.00045,1559.4779902931623,0.8114788897590639,,,0,0,,0
I3_selected_duration_8h,100.0,I3,0.001,0.0025,0.0015,4966.398000535191,2.409866683208058,,,0,0,,32
I3_selected_duration_8h,100.0,I3,0.0025,0.00375,0.0012499999999999998,3962.031068423137,1.8170568161409886,,,0,0,,46
I3_selected_duration_8h,100.0,I3,0.00375,0.0037500762939453123,7.629394531243061e-08,0.2422629340289859,0.00011111192089430233,,,0,0,,0
I3_selected_duration_8h,100.0,I3,0.0037500762939453123,0.0037500953674316404,1.9073486328107653e-08,0.06056573330715764,2.7777981170373778e-05,,,0,0,,0
I3_selected_duration_8h,100.0,I3,0.0037500953674316404,0.003750100135803222,4.7683715817016525e-09,0.0151414319552714,6.9444964037046475e-06,,,0,0,,0
I3_selected_duration_8h,100.0,I3,0.003750100135803222,0.00375010073184967,5.960464478753369e-10,0.0018926798074971884,8.680621412793244e-07,,,0,0,,0
I3_selected_duration_8h,100.0,I3,0.00375010073184967,0.0037501010298728937,2.98023223720828e-10,0.0009463395836064592,4.3403133531683125e-07,,,0,0,,0
I3_selected_duration_8h,100.0,I3,0.0037501010298728937,0.003750101327896118,2.980232241545089e-10,0.0009463416499784216,4.340322252716078e-07,,,0,0,,0
I3_selected_duration_8h,100.0,I3,0.003750101327896118,0.003750102519989013,1.192092895316993e-09,0.003785357461310923,1.7361237869550905e-06,,,0,0,,0
I3_selected_duration_8h,100.0,I3,0.003750102519989013,0.0037501049041748042,2.3841857910676667e-09,0.007570717963972129,3.472248137015299e-06,,,0,0,,0
I3_selected_duration_8h,100.0,I3,0.0037501049041748042,0.0037501144409179685,9.536743164270667e-09,0.030282865598564968,1.3888989618848768e-05,,,0,0,,0
I3_selected_duration_8h,100.0,I3,0.0037501144409179685,0.0037501525878906247,3.8146972656215306e-08,0.12113146712363232,5.555596076334268e-05,,,0,0,,0
I3_selected_duration_8h,100.0,I3,0.0037501525878906247,0.0037503051757812496,1.5258789062486122e-07,0.4845258585701231,0.00022222384067660528,,,0,0,,0
I3_selected_duration_8h,100.0,I3,0.0037503051757812496,0.0037506103515624997,3.051757812501561e-07,0.9690517096460098,0.0004444476860836488,,,0,0,,0
I3_selected_duration_8h,100.0,I3,0.0037506103515624997,0.0037512207031249996,6.103515624998786e-07,1.938103330496233,0.0008888953659251797,,,0,0,,0
I3_selected_duration_8h,100.0,I3,0.0037512207031249996,0.00375244140625,1.2207031250001908e-06,3.876206368295243,0.0017777907332554577,,,0,0,,0
I3_selected_duration_8h,100.0,I3,0.00375244140625,0.0037548828124999998,2.441406249999948e-06,7.752411570749246,0.0035555814820487086,,,0,0,,2
I3_selected_duration_8h,100.0,I3,0.0037548828124999998,0.0037597656249999997,4.882812499999896e-06,15.50481827170006,0.007111162929467341,,,0,0,,2
I3_selected_duration_8h,100.0,I3,0.0037597656249999997,0.00376953125,9.765625000000226e-06,31.009617355186492,0.014222325854911233,,,0,0,,0
I3_selected_duration_8h,100.0,I3,0.00376953125,0.0037890625,1.9531250000000017e-05,62.019158060022164,0.028444651739404136,,,0,0,,8
I3_selected_duration_8h,100.0,I3,0.0037890625,0.003828125,3.9062500000000035e-05,124.03800914093154,0.05688930342257059,,,0,0,,0
I3_selected_duration_8h,100.0,I3,0.003828125,0.00390625,7.812500000000007e-05,248.07479088356195,0.11377860687201391,,,0,0,,0
I3_selected_duration_8h,100.0,I3,0.00390625,0.0040625,0.00015625000000000014,496.14467197470367,0.22755721374396032,,,0,0,,4
I3_selected_duration_8h,100.0,I3,0.0040625,0.004375,0.0003125000000000003,992.2697049879062,0.4551144275954879,,,0,0,,0
I3_selected_duration_8h,100.0,I3,0.004375,0.005,0.0006249999999999997,1984.460853468001,0.9102288553233091,,,0,0,,4
I3_selected_duration_8h,100.0,I3,0.005,0.005000152587890626,1.5258789062572858e-07,0.48447471963299904,0.0002222238447586733,,,0,0,,0
I3_selected_duration_8h,100.0,I3,0.005000152587890626,0.005000228881835938,7.629394531243061e-08,0.24223736216663383,0.00011111192596935382,,,0,0,,0
I3_selected_duration_8h,100.0,I3,0.005000228881835938,0.0050002670288085945,3.8146972656215306e-08,0.12111867491330486,5.555596696993348e-05,,,0,0,,0
I3_selected_duration_8h,100.0,I3,0.0050002670288085945,0.005000269412994385,2.384185790633986e-09,0.007569920024252497,3.47225130070683e-06,,,0,0,,0
I3_selected_duration_8h,100.0,I3,0.005000269412994385,0.005000270009040833,5.960464483090178e-10,0.0018924823816632852,8.680672696215197e-07,,,0,0,,0
I3_selected_duration_8h,100.0,I3,0.005000270009040833,0.005000270307064058,2.980232241545089e-10,0.0009462403832003474,4.340398138680257e-07,,,0,0,,0
I3_selected_duration_8h,100.0,I3,0.005000270307064058,0.005000270605087281,2.9802322328714714e-10,0.0009462425950914621,4.340348631615143e-07,,,0,0,,0
I3_selected_duration_8h,100.0,I3,0.005000270605087281,0.005000271797180177,1.1920928957506738e-09,0.0037849574582651258,1.7361265953752536e-06,,,0,0,,0
I3_selected_duration_8h,100.0,I3,0.005000271797180177,0.005000276565551758,4.768371581267972e-09,0.015139830284169875,6.944492950466952e-06,,,0,0,,0
I3_selected_duration_8h,100.0,I3,0.005000276565551758,0.005000286102294922,9.536743164270667e-09,0.03027967289381195,1.3888991558630437e-05,,,0,0,,0
I3_selected_duration_8h,100.0,I3,0.005000286102294922,0.005000305175781251,1.9073486328541334e-08,0.06055934348842129,2.777798867725778e-05,,,0,0,,0
I3_selected_duration_8h,100.0,I3,0.005000305175781251,0.0050006103515625,3.0517578124972244e-07,0.9689494082413148,0.0004444476793477037,,,0,0,,0
I3_selected_duration_8h,100.0,I3,0.0050006103515625,0.005001220703125,6.103515624994449e-07,1.9378987593809143,0.0008888953754215834,,,0,0,,0
I3_selected_duration_8h,100.0,I3,0.005001220703125,0.0050024414062500005,1.2207031250006245e-06,3.8757971826562425,0.0017777907170017926,,,0,0,,16
I3_selected_duration_8h,100.0,I3,0.0050024414062500005,0.0050048828125,2.4414062499995143e-06,7.751593225882971,0.0035555814615158,,,0,0,,3
I3_selected_duration_8h,100.0,I3,0.0050048828125,0.005009765625000001,4.882812500000763e-06,15.50318331696326,0.0071111634701352955,,,0,0,,6
I3_selected_duration_8h,100.0,I3,0.005009765625000001,0.0050195312500000006,9.765624999999792e-06,31.006342541310005,0.014222326125807427,,,0,0,,13
I3_selected_duration_8h,100.0,I3,0.0050195312500000006,0.0050390625,1.9531249999999584e-05,62.01261164814059,0.028444651732636217,,,0,0,,13
I3_selected_duration_8h,100.0,I3,0.0050390625,0.005078124999999999,3.906249999999917e-05,124.02491640769586,0.05688930345309551,,,0,0,,14
I3_selected_duration_8h,100.0,I3,0.005078124999999999,0.005156249999999999,7.812500000000007e-05,248.04860706914042,0.113778607448344,,,0,0,,10
I3_selected_duration_8h,100.0,I3,0.005156249999999999,0.0053124999999999995,0.00015625000000000014,496.0922996076697,0.22755721366894477,,,0,0,,7
I3_selected_duration_8h,100.0,I3,0.0053124999999999995,0.005625,0.0003125000000000003,992.1649616649956,0.45511442730252405,,,0,0,,0
I3_selected_duration_8h,100.0,I3,0.005625,0.00625,0.0006250000000000006,1984.2513678949763,0.9102288552059328,,,0,0,,3
I3_selected_duration_8h,100.0,I3,0.00625,0.0075,0.0012499999999999994,3458.87556972765,1.5867911735054712,,L78-@12;L78-@13,2,0,,3
I3_selected_duration_8h,100.0,I3,0.0075,0.01,0.0025000000000000005,0.06611802798579447,5.427179736727794e-07,,,0,0,,4
I3_selected_duration_8h,100.0,I3,0.01,0.015,0.004999999999999999,2033.331799831125,1.6016107548183633,,,0,4,G_N1_a:marg@12;G_N1_a:marg@13;G_N1_a:off@12;G_N1_a:off@13,2
I3_selected_duration_8h,100.0,I3,0.015,0.015000038146972657,3.814697265708267e-08,0.04254407408006955,3.3514017232505466e-05,,,0,0,,0
I3_selected_duration_8h,100.0,I3,0.015000038146972657,0.015000040531158448,2.3841857915013476e-09,0.0026590048510115594,2.094626253779097e-06,,,0,0,,0
I3_selected_duration_8h,100.0,I3,0.015000040531158448,0.015000041127204895,5.960464465742943e-10,0.0006647517730016261,5.236570075339841e-07,,,0,0,,0
I3_selected_duration_8h,100.0,I3,0.015000041127204895,0.015000041723251343,5.960464483090178e-10,0.0006648465350735933,5.235479321186176e-07,,,0,0,,0
I3_selected_duration_8h,100.0,I3,0.015000041723251343,0.01500004291534424,1.1920928966180355e-09,0.0013294628006406128,1.0473721943071723e-06,,,0,0,,0
I3_selected_duration_8h,100.0,I3,0.01500004291534424,0.01500004768371582,4.768371581267972e-09,0.005317989838658832,4.189275482957555e-06,,,0,0,,0
I3_selected_duration_8h,100.0,I3,0.01500004768371582,0.015000057220458985,9.536743164270667e-09,0.010636039063683711,8.378493923544283e-06,,,0,0,,0
I3_selected_duration_8h,100.0,I3,0.015000057220458985,0.015000076293945312,1.907348632680661e-08,0.021272037105518393,1.675700870151786e-05,,,0,0,,0
I3_selected_duration_8h,100.0,I3,0.015000076293945312,0.015000152587890624,7.629394531243061e-08,0.0850881385122193,6.702806580705101e-05,,,0,0,,0
I3_selected_duration_8h,100.0,I3,0.015000152587890624,0.01500030517578125,1.5258789062486122e-07,0.17017632118950132,0.0001340560633806831,,,0,0,,0
I3_selected_duration_8h,100.0,I3,0.01500030517578125,0.015000610351562499,3.0517578124972244e-07,0.34035259977099486,0.00026811214958399887,,,0,0,,0
I3_selected_duration_8h,100.0,I3,0.015000610351562499,0.015001220703124998,6.103515624994449e-07,0.6807051739597227,0.0005362243307978076,,,0,0,,0
I3_selected_duration_8h,100.0,I3,0.015001220703124998,0.015002441406249999,1.2207031250006245e-06,1.3614102761348477,0.0010724486512714293,,,0,0,,0
I3_selected_duration_8h,100.0,I3,0.015002441406249999,0.015004882812499998,2.4414062499995143e-06,2.722820365743246,0.0021448972203899075,,,0,0,,0
I3_selected_duration_8h,100.0,I3,0.015004882812499998,0.015009765625,4.882812500000763e-06,5.44563972967444,0.004289794385602619,,,0,0,,0
I3_selected_duration_8h,100.0,I3,0.015009765625,0.015019531249999999,9.765624999999792e-06,10.891275131172733,0.008579588874187749,,,0,0,,0
I3_selected_duration_8h,100.0,I3,0.015019531249999999,0.015039062499999999,1.9531249999999584e-05,21.78253342671087,0.017159177701813633,,,0,0,,16
I3_selected_duration_8h,100.0,I3,0.015039062499999999,0.015078125,3.90625000000009e-05,43.56499676773092,0.034318353499610765,,,0,0,,16
I3_selected_duration_8h,100.0,I3,0.015078125,0.01515625,7.812500000000007e-05,87.12972859622096,0.06863671092255785,,,0,0,,0
I3_selected_duration_8h,100.0,I3,0.01515625,0.0153125,0.00015625000000000014,174.25837814556144,0.1372734224392005,,,0,0,,4
I3_selected_duration_8h,100.0,I3,0.0153125,0.015625,0.0003125000000000003,348.51243581394374,0.27454684371648597,,,0,0,,4
I3_selected_duration_8h,100.0,I3,0.015625,0.01625,0.0006250000000000006,697.0075965808064,0.5490936873188978,,,0,0,,0
I3_selected_duration_8h,100.0,I3,0.01625,0.0175,0.0012500000000000011,1393.9460962646262,1.0981873784363287,,,0,0,,0
I3_selected_duration_8h,100.0,I3,0.0175,0.02,0.0024999999999999988,2670.3453098418686,2.3058631307640027,,,0,0,,16
I3_selected_duration_8h,100.0,I3,0.02,0.020624999999999998,0.0006249999999999971,607.8516405238042,0.632178936604582,,,0,0,,0
I3_selected_duration_8h,100.0,I3,0.020624999999999998,0.020781249999999998,0.00015625000000000014,151.95874906015524,0.15804471486461225,,,0,0,,1
I3_selected_duration_8h,100.0,I3,0.020781249999999998,0.020859375,7.81250000000018e-05,70.57189937807561,0.07339677091998453,,,3,0,,77
I3_selected_duration_8h,100.0,I3,0.020859375,0.02085968017578125,3.0517578124972244e-07,0.003618232352891937,3.647834120101834e-06,,,0,0,,2
I3_selected_duration_8h,100.0,I3,0.02085968017578125,0.020859832763671874,1.5258789062486122e-07,0.0013604583509732038,1.3571134651613193e-06,,,0,0,,0
I3_selected_duration_8h,100.0,I3,0.020859832763671874,0.020859909057617185,7.629394531069589e-08,0.0005530540365725756,5.462336822859015e-07,,,0,0,,1
I3_selected_duration_8h,100.0,I3,0.020859909057617185,0.020859947204589842,3.814697265708267e-08,0.0002587185299489647,2.5459273089722956e-07,,,0,0,,0
I3_selected_duration_8h,100.0,I3,0.020859947204589842,0.020859956741333008,9.53674316600539e-09,6.331797339953482e-05,6.223076098876845e-08,,,0,0,,0
I3_selected_duration_8h,100.0,I3,0.020859956741333008,0.020859961509704587,4.768371579533248e-09,3.076395660173148e-05,3.018813288235833e-08,,,0,0,,0
I3_selected_duration_8h,100.0,I3,0.020859961509704587,0.020859962701797484,1.1920928966180355e-09,9.097217116504908e-06,9.007351309264777e-09,,,0,0,,0
I3_selected_duration_8h,100.0,I3,0.020859962701797484,0.020859963297843932,5.960464483090178e-10,0.004273768019629642,4.446434267890709e-06,,L46-@11;L46-@12;L46-@13;L46-@16;L78-@15,2,0,,32
I3_selected_duration_8h,100.0,I3,0.020859963297843932,0.02085996389389038,5.960464483090178e-10,-3.516164724715054e-06,3.886349020376656e-09,,,0,0,,2
I3_selected_duration_8h,100.0,I3,0.02085996389389038,0.02085996627807617,2.384185789766624e-09,1.1171505320817232e-06,2.69200839397854e-09,,,0,0,,0
I3_selected_duration_8h,100.0,I3,0.02085996627807617,0.0208599853515625,1.9073486328541334e-08,8.881543180905282e-06,2.1510597747465e-08,,,0,0,,0
I3_selected_duration_8h,100.0,I3,0.0208599853515625,0.020860595703125,6.103515624994449e-07,0.0002511414641048759,6.884706920118333e-07,,,0,0,,3
I3_selected_duration_8h,100.0,I3,0.020860595703125,0.020861816406249997,1.2207031249988898e-06,0.0004852638521697372,1.3769321931533796e-06,,,0,0,,3
I3_selected_duration_8h,100.0,I3,0.020861816406249997,0.0208642578125,2.441406250001249e-06,0.0009441779693588614,2.753804182020758e-06,,,0,0,,3
I3_selected_duration_8h,100.0,I3,0.0208642578125,0.020869140624999998,4.8828124999990286e-06,0.0018428703770041466,5.507704404550395e-06,,,0,0,,4
I3_selected_duration_8h,100.0,I3,0.020869140624999998,0.02087890625,9.765625000001527e-06,0.0036298083141446114,1.1015489370436171e-05,,,0,0,,4
I3_selected_duration_8h,100.0,I3,0.02087890625,0.0208984375,1.9531249999999584e-05,0.007206833834061399,2.203087576191365e-05,,,0,0,,1
I3_selected_duration_8h,100.0,I3,0.0208984375,0.020937499999999998,3.906249999999917e-05,0.014380894339410588,4.406190911510066e-05,,,0,0,,0
I3_selected_duration_8h,100.0,I3,0.020937499999999998,0.021249999999999998,0.0003125000000000003,0.11493774155678693,0.00035249513081225814,,,0,0,,19
I3_selected_duration_8h,100.0,I3,0.021249999999999998,0.0225,0.0012500000000000011,0.4596794514945941,0.0014099675986187776,,,0,0,,19
I3_selected_duration_8h,100.0,I3,0.0225,0.025,0.0025000000000000022,0.91938574690721,0.0028199592422879505,,,0,0,,3
I3_selected_duration_8h,100.0,I3,0.025,0.03,0.0049999999999999975,1.8387749216053635,0.005639936703829562,,,0,0,,3
I3_selected_duration_8h,100.0,I3,0.03,0.05,0.020000000000000004,7.355045631280518,0.022559688102951725,,,0,0,,5
I3_selected_duration_8h,100.0,I3,0.05,0.075,0.024999999999999994,9.193787190655712,0.028199610106661055,,,0,0,,1
I3_selected_duration_8h,100.0,I3,0.075,0.1,0.02500000000000001,9.193758280627662,0.02819959684415707,,,0,0,,17
I3_selected_duration_8h,100.0,I3,0.1,0.125,0.024999999999999994,9.193742464689421,0.028199608304131374,,,0,0,,15
I3_selected_duration_8h,100.0,I3,0.125,0.15,0.024999999999999994,9.193729301710846,0.028199625255005856,,,0,0,,16
I3_selected_duration_8h,100.0,I3,0.15,0.175,0.024999999999999994,9.193699535288033,0.02819961018619921,,,0,0,,3
I3_selected_duration_8h,100.0,I3,0.175,0.2,0.025000000000000022,9.193677607021527,0.028199610172357836,,,0,0,,17
I3_selected_duration_8h,100.0,I3,0.2,0.225,0.024999999999999994,9.19365486886818,0.028199608585911307,,,0,0,,8
I3_selected_duration_8h,100.0,I3,0.225,0.25,0.024999999999999994,9.193634490962722,0.0281996115546832,,,0,0,,9
I3_selected_duration_8h,100.0,I3,0.25,0.275,0.025000000000000022,9.193611813898315,0.028199610112700668,,,0,0,,14
I3_selected_duration_8h,100.0,I3,0.275,0.3,0.024999999999999967,9.193589598304243,0.028199609524776292,,,0,0,,9
I3_selected_duration_8h,100.0,I3,0.3,0.325,0.025000000000000022,9.19356829795288,0.028199610727337898,,,0,0,,14
I3_selected_duration_8h,100.0,I3,0.325,0.35,0.024999999999999967,9.193546053036698,0.02819961009360128,,,0,0,,2
I3_selected_duration_8h,100.0,I3,0.35,0.375,0.025000000000000022,9.193524081783835,0.028199609991411023,,,0,0,,20
I3_selected_duration_8h,100.0,I3,0.375,0.4,0.025000000000000022,9.193502226291457,0.02819961011545402,,,0,0,,9
I3_selected_duration_8h,100.0,I3,0.4,0.425,0.024999999999999967,9.193480279733194,0.02819961006159133,,,0,0,,7
I3_selected_duration_8h,100.0,I3,0.425,0.45,0.025000000000000022,9.193458403387922,0.028199610145282605,,,0,0,,8
I3_selected_duration_8h,100.0,I3,0.45,0.475,0.024999999999999967,9.193436386267422,0.028199609952899607,,,0,0,,24
I3_selected_duration_8h,100.0,I3,0.475,0.5,0.025000000000000022,9.193414496010519,0.028199610009181697,,,0,0,,14
I3_selected_duration_8h,100.0,I3,0.5,0.525,0.025000000000000022,9.193392568064155,0.028199609991478525,,,0,0,,27
I3_selected_duration_8h,100.0,I3,0.525,0.55,0.025000000000000022,9.193370645982213,0.028199609985680496,,,0,0,,33
I3_selected_duration_8h,100.0,I3,0.55,0.575,0.02499999999999991,9.193348698623595,0.02819960992962578,,,0,0,,11
I3_selected_duration_8h,100.0,I3,0.575,0.6,0.025000000000000022,9.193326770007843,0.028199609911421675,,,0,0,,7
I3_selected_duration_8h,100.0,I3,0.6,0.625,0.025000000000000022,9.193304831176647,0.02819960987211445,,,0,0,,7
I3_selected_duration_8h,100.0,I3,0.625,0.65,0.025000000000000022,9.193282873296994,0.02819960979561742,,,0,0,,10
I3_selected_duration_8h,100.0,I3,0.65,0.675,0.025000000000000022,9.193260951942648,0.02819960979162417,,,0,0,,0
I3_selected_duration_8h,100.0,I3,0.675,0.7,0.02499999999999991,9.193238911786466,0.028199609553741567,,,0,0,,70
I3_selected_duration_8h,100.0,I3,0.7,0.725,0.025000000000000022,9.193217087668017,0.02819960973964797,,,0,0,,0
I3_selected_duration_8h,100.0,I3,0.725,0.75,0.025000000000000022,9.193194988707546,0.028199609386792446,,,0,0,,35
I3_selected_duration_8h,100.0,I3,0.75,0.775,0.025000000000000022,9.193172696672264,0.028199608655111064,,,0,0,,70
I3_selected_duration_8h,100.0,I3,0.775,0.8,0.025000000000000022,9.193150717474055,0.02819960853761927,,,0,0,,4
I3_selected_duration_8h,100.0,I3,0.8,0.825,0.02499999999999991,9.193128390936181,0.02819960773900476,,,0,0,,8
I3_selected_duration_8h,100.0,I3,0.825,0.85,0.025000000000000022,9.193105673068203,0.02819960617290107,,,0,0,,4
I3_selected_duration_8h,100.0,I3,0.85,0.875,0.025000000000000022,9.193081851030001,0.028199602440075466,,,0,0,,1
I3_selected_duration_8h,100.0,I3,0.875,0.9,0.025000000000000022,9.193052990769502,0.028199588835324363,,,0,0,,4
I3_selected_duration_8h,100.0,I3,0.9,0.925,0.025000000000000022,9.192851952597266,0.028199237684901846,,,0,0,,4
I3_selected_duration_8h,100.0,I3,0.925,0.95,0.02499999999999991,-3.5399304387974553,0.0032374491710847053,,L78-@14,1,0,,32
I3_selected_duration_8h,100.0,I3,0.95,0.975,0.025000000000000022,-5.191311327958829,2.168377122302445e-08,,,0,0,,1
I3_selected_duration_8h,100.0,I3,0.975,0.9875,0.012500000000000067,-2.5956591683643637,4.094776073770845e-09,,,0,0,,1
I3_selected_duration_8h,100.0,I3,0.9875,0.99375,0.006249999999999978,-1.2978304415009916,2.293262468811008e-09,,,0,0,,9
I3_selected_duration_8h,100.0,I3,0.99375,0.996875,0.0031249999999999334,-0.6489165132079506,4.281570653574818e-09,,,0,0,,9
I3_selected_duration_8h,100.0,I3,0.996875,0.9976562499999999,0.0007812499999999556,-0.16222911758814007,1.7194103918427572e-09,,,0,0,,0
I3_selected_duration_8h,100.0,I3,0.9976562499999999,0.998046875,0.0003906250000000888,-0.08111388434190303,1.3721219715989719e-09,,,0,0,,9
I3_selected_duration_8h,100.0,I3,0.998046875,0.9982421875,0.0001953125000000444,-0.04055488017911557,2.5496369460142887e-09,,,0,0,,18
I3_selected_duration_8h,100.0,I3,0.9982421875,0.998291015625,4.882812499995559e-05,-0.010134907715837471,4.301796252548229e-09,,,0,0,,9
I3_selected_duration_8h,100.0,I3,0.998291015625,0.9983154296875,2.4414062499977796e-05,-0.005060050039901398,1.0137082284700227e-08,,,0,0,,0
I3_selected_duration_8h,100.0,I3,0.9983154296875,0.9983276367187499,1.2207031249933387e-05,-0.0025092146825045347,2.8457741052534402e-08,,,0,0,,9
I3_selected_duration_8h,100.0,I3,0.9983276367187499,0.9983337402343749,6.1035156250222045e-06,-0.0011346024548402056,1.5172093625892558e-07,,,0,0,,10
I3_selected_duration_8h,100.0,I3,0.9983337402343749,0.9983352661132812,1.5258789062277955e-06,0.00020475733617786318,5.984818862714292e-07,,,0,0,,3
I3_selected_duration_8h,100.0,I3,0.9983352661132812,0.9983354568481444,1.9073486323684108e-07,0.0002967063774121925,3.85935749136479e-07,,,0,4,G_N2_a:cap@11;G_N2_a:cap@16;G_N2_a:marg@11;G_N2_a:marg@16,42
I3_selected_duration_8h,100.0,I3,0.9983354568481444,0.9983355522155761,9.536743172944284e-08,0.0007078079215716571,8.350602520579287e-07,,,0,0,,0
I3_selected_duration_8h,100.0,I3,0.9983355522155761,0.998335599899292,4.768371586472142e-08,0.0006580071785720065,7.665461509986926e-07,,,0,0,,4
I3_selected_duration_8h,100.0,I3,0.998335599899292,0.9983356237411498,2.3841857821338408e-08,0.0006801587442168966,7.862911068912126e-07,,,0,0,,44
I3_selected_duration_8h,100.0,I3,0.9983356237411498,0.9983356356620787,1.1920928910669204e-08,0.000571743119508028,6.590218859514607e-07,,,0,0,,5
I3_selected_duration_8h,100.0,I3,0.9983356356620787,0.9983356416225433,5.9604645663569045e-09,-0.0013063852675259113,1.4979035576345723e-06,,,0,0,,1
I3_selected_duration_8h,100.0,I3,0.9983356416225433,0.9983356446027756,2.9802322831784522e-09,0.0009715436754049733,1.115738825774315e-06,,,0,0,,4
I3_selected_duration_8h,100.0,I3,0.9983356446027756,0.9983356460928916,1.4901160305669237e-09,0.0006933782424312085,7.961394175026726e-07,,,0,0,,2
I3_selected_duration_8h,100.0,I3,0.9983356460928916,0.9983356475830077,1.4901161415892261e-09,1.2212976797745796,0.0014239199224697074,L46-@14;L78-@14,,0,4,G_N2_a:cap@11;G_N2_a:cap@16;G_N2_a:marg@11;G_N2_a:marg@16,99
I3_selected_duration_8h,100.0,I3,0.9983356475830077,0.9983360290527343,3.8146972658470446e-07,-0.9101330939884065,0.0010667083965323343,,L46-@14;L78-@14,0,4,G_N2_a:cap@11;G_N2_a:cap@16;G_N2_a:marg@11;G_N2_a:marg@16,98
I3_selected_duration_8h,100.0,I3,0.9983360290527343,0.9983367919921875,7.629394531694089e-07,1.5268440106301568,0.001752524739664807,,,0,0,,9
I3_selected_duration_8h,100.0,I3,0.9983367919921875,0.99833984375,3.051757812455591e-06,6.148146909341449,0.007056895510952899,,,0,0,,9
I3_selected_duration_8h,100.0,I3,0.99833984375,0.9984375,9.76562500000222e-05,196.75185496157792,0.22583707936162511,,,0,0,,9
I3_selected_duration_8h,100.0,I3,0.9984375,1.0,0.0015625000000000222,3147.1994000562845,3.613395661298327,,,0,0,,37
