node,x_power_mw,x_energy_mwh,ratio_hours,charge_mwh,discharge_mwh,share_of_node_limit
N1,23.755104159967217,88.32839454077438,3.718291191062337,94.3679505062838,82.6753839667532,0.11877552079983608
N2,21.44997245375449,79.26512591945561,3.695348611302364,84.68497121000313,74.19216453719892,0.10724986226877245
N3,23.12173128091002,86.00986350508086,3.719871252724623,91.89088743396158,80.50523891734402,0.11560865640455009
N4,22.492026168020463,84.02398325647825,3.735723168237504,89.76922050169371,78.64645500465186,0.11246013084010231
N5,21.939359747683763,82.52331431504408,3.7614276471197585,88.16594171811003,77.24182887546932,0.10969679873841881
N6,27.132167079659045,100.700192419279,3.711468830470745,107.58568328246432,94.25538678103389,0.1356608353982952
N7,31.502097832800903,114.99404348949975,3.650361448937048,122.85689169082009,107.63443138276072,0.1575104891640045
N8,134.45758323859857,377.9189198533315,2.8106924931314903,403.759537378675,353.73211565930774,0.6722879161929929
N9,20.749987783719522,77.61225111840035,3.740351653570373,82.91907932853222,72.64507372340978,0.10374993891859761
