{
  "wacc": 0.08,
  "system_cost_eur_per_day": 448615.7214418544,
  "generation_cost_eur_per_day": 424956.8938891397,
  "curtailment_cost_eur_per_day": 0.0,
  "storage_capex_eur_per_day": 7252.365738476152,
  "degradation_cost_eur_per_day": 16406.46181423855,
  "total_power_mw": 326.600029745114,
  "total_energy_mwh": 1091.3760884173437,
  "lambda_min_eur_per_mwh": 43.89685282269176,
  "lambda_max_eur_per_mwh": 75.00000013812382,
  "system_price_min_eur_per_mwh": 43.89686752219408,
  "system_price_max_eur_per_mwh": 75.000000102433,
  "per_node": {
    "N1": {
      "x_power_mw": 23.755104159967217,
      "x_energy_mwh": 88.32839454077438,
      "ratio_hours": 3.718291191062337,
      "charge_mwh": 94.3679505062838,
      "discharge_mwh": 82.6753839667532,
      "share_of_node_limit": 0.11877552079983608
    },
    "N2": {
      "x_power_mw": 21.44997245375449,
      "x_energy_mwh": 79.26512591945561,
      "ratio_hours": 3.695348611302364,
      "charge_mwh": 84.68497121000313,
      "discharge_mwh": 74.19216453719892,
      "share_of_node_limit": 0.10724986226877245
    },
    "N3": {
      "x_power_mw": 23.12173128091002,
      "x_energy_mwh": 86.00986350508086,
      "ratio_hours": 3.719871252724623,
      "charge_mwh": 91.89088743396158,
      "discharge_mwh": 80.50523891734402,
      "share_of_node_limit": 0.11560865640455009
    },
    "N4": {
      "x_power_mw": 22.492026168020463,
      "x_energy_mwh": 84.02398325647825,
      "ratio_hours": 3.735723168237504,
      "charge_mwh": 89.76922050169371,
      "discharge_mwh": 78.64645500465186,
      "share_of_node_limit": 0.11246013084010231
    },
    "N5": {
      "x_power_mw": 21.939359747683763,
      "x_energy_mwh": 82.52331431504408,
      "ratio_hours": 3.7614276471197585,
      "charge_mwh": 88.16594171811003,
      "discharge_mwh": 77.24182887546932,
      "share_of_node_limit": 0.10969679873841881
    },
    "N6": {
      "x_power_mw": 27.132167079659045,
      "x_energy_mwh": 100.700192419279,
      "ratio_hours": 3.711468830470745,
      "charge_mwh": 107.58568328246432,
      "discharge_mwh": 94.25538678103389,
      "share_of_node_limit": 0.1356608353982952
    },
    "N7": {
      "x_power_mw": 31.502097832800903,
      "x_energy_mwh": 114.99404348949975,
      "ratio_hours": 3.650361448937048,
      "charge_mwh": 122.85689169082009,
      "discharge_mwh": 107.63443138276072,
      "share_of_node_limit": 0.1575104891640045
    },
    "N8": {
      "x_power_mw": 134.45758323859857,
      "x_energy_mwh": 377.9189198533315,
      "ratio_hours": 2.8106924931314903,
      "charge_mwh": 403.759537378675,
      "discharge_mwh": 353.73211565930774,
      "share_of_node_limit": 0.6722879161929929
    },
    "N9": {
      "x_power_mw": 20.749987783719522,
      "x_energy_mwh": 77.61225111840035,
      "ratio_hours": 3.740351653570373,
      "charge_mwh": 82.91907932853222,
      "discharge_mwh": 72.64507372340978,
      "share_of_node_limit": 0.10374993891859761
    }
  },
  "data_path": "data\\processed\\market_data_9bus.json",
  "node_limit_mw": 200.0
}