node,x_power_mw,x_energy_mwh,energy_power_ratio_h
N1,5.465219331168017e-07,1.4670886948512196e-06,2.684409546904087
N2,5.431450781441412e-07,1.4590535176423478e-06,2.686305328638439
N3,6.853392053461556e-07,1.9614328424800075e-06,2.8619883806141138
N4,5.132634570086025e-07,1.3991069043935905e-06,2.725903988076324
N5,5.106893437989586e-07,1.392797656794532e-06,2.72728944456462
N6,5.305565444156017e-07,1.4398458989326642e-06,2.7138406152705707
N7,5.431849244486498e-07,1.4591339013017601e-06,2.686256255699342
N8,35.42327679432451,137.34326425412027,3.877203824241503
N9,6.810907917907581e-07,1.9479051061144266e-06,2.8599786248657053
