{
  "model": "Single Investor Primal-Dual MPEC",
  "investor": "I3",
  "wacc": 0.08,
  "solver_status": "ok",
  "termination": "optimal",
  "profit_eur_per_day": 140858.47531610468,
  "spot_revenue_eur_per_day": 2921.2276230578245,
  "degradation_cost_eur_per_day": 2064.6566939217023,
  "capex_daily_eur_per_day": 900.6821465802738,
  "lower_level_primal_objective_eur_per_day": 434614.34585824475,
  "lower_level_dual_objective_eur_per_day": 434614.3458575075,
  "strong_duality_gap": 7.372582331299782e-07,
  "total_power_mw": 35.423281348115786,
  "total_energy_mwh": 137.34327678048479,
  "total_charge_mwh": 146.7342605005484,
  "total_discharge_mwh": 128.5532986890119,
  "total_storage_throughput_mwh": 275.2875591895603,
  "total_load_shed_mwh": -2.1442892025216363e-06,
  "equivalent_cycles_throughput_over_2e": 1.0021879688714261,
  "equivalent_cycles_discharge_over_e": 0.9359999390030437,
  "line_limits_mw": {
    "L14": 400.0,
    "L45": 400.0,
    "L46": 200.0,
    "L69": 200.0,
    "L57": 400.0,
    "L93": 400.0,
    "L72": 400.0,
    "L98": 200.0,
    "L78": 200.0
  },
  "existing_power_mw_per_node": 0.0,
  "existing_ratio_hours": 2.0,
  "storage_units": [
    "I3",
    "RIV"
  ],
  "demand_model": "quadratic",
  "load_shed_allowed": true,
  "quadratic_demand_alpha_eur_per_mwh": 4000,
  "quadratic_demand_beta_eur_per_mwh_per_share": 10000,
  "quadratic_demand_source": "fixed_default"
}