iteration,investor,node,x_power_mw,x_energy_mwh,proposed_x_power_mw,private_headroom_limit_mw,private_headroom_slack_mw,access_shadow_price_eur_per_mw_day,headroom_complementarity_residual_eur_per_day,headroom_mw
1,I1,N1,6.388187165861167e-05,0.000129277073527635,6.365818424048888e-05,99.99988221865125,99.999818560467,9.075887241496741e-08,9.075870774249314e-06,99.99981236895236
1,I1,N2,6.428824883913869,12.857651277817371,6.365727535582128e-05,99.99983401821194,99.99977036093658,9.075860953274556e-08,9.075840111552465e-06,93.57101056952104
1,I1,N3,5.289605939821831,11.695759038195856,6.589149673222093e-05,17.631866052580392,17.63180016108366,5.15329904435316e-07,9.086193892033831e-06,30.362270926524175
1,I1,N4,6.388000276542667e-05,0.00012927332857743583,6.365818359206236e-05,99.99988219920084,99.99981854101725,9.075887249079131e-08,9.075870780066453e-06,99.99981212108861
1,I1,N5,6.41073306614269e-05,0.00012973580356046778,6.365586084381161e-05,99.99987255887864,99.9998089030178,9.075893841939506e-08,9.075876498180266e-06,99.99981538726854
1,I1,N6,6.151987193370002e-05,0.0001245566737592238,6.365016948884295e-05,99.99994558257504,99.99988193240554,9.07597495232998e-08,9.075964236544681e-06,99.99988849572406
1,I1,N7,6.380750064990738e-05,0.00012913863648514174,6.36574250733334e-05,99.99983912681438,99.9997754693893,9.075879557283358e-08,9.075859179155563e-06,99.99977474214093
1,I1,N8,13.549689734399395,64.8431253480903,8.642413899230174,25.000000016460916,16.357586117230742,5.55651403300775e-07,9.089115680652537e-06,1.6089898043714044
1,I1,N9,6.408526836570431,14.03678217727431,6.59742022058342e-05,21.361602182096277,21.361536207894073,4.2527731696621055e-07,9.084576804769751e-06,61.705377813708395
1,I2,N1,0.0,0.0,5.602208749348604e-05,99.99981833677958,99.99976231469209,6.212772561691136e-08,6.212757794843543e-06,99.99981236895236
1,I2,N2,5.1912547682707116e-05,0.00010492325977124318,5.229699934377443e-05,93.57106014979188,93.57100785279253,7.027195875964257e-08,6.575418004929628e-06,93.57101056952104
1,I2,N3,3.7733483420653604,7.546698045478042,7.073468893250507e-05,24.919922872035585,24.919852137346652,3.0743571108848536e-07,7.66125246206508e-06,30.362270926524175
1,I2,N4,0.0,0.0,5.601270764411755e-05,99.99981831919807,99.99976230649042,6.221269549247594e-08,6.221254761693662e-06,99.99981212108861
1,I2,N5,0.0,0.0,5.601906034772032e-05,99.99980845154798,99.99975243248763,6.217706207859436e-08,6.21769081483885e-06,99.99981538726854
1,I2,N6,0.0,0.0,5.370292210811587e-05,99.9998840627031,99.999830359781,6.499599108054978e-08,6.499588082120817e-06,99.99988849572406
1,I2,N7,4.9952674256022616e-05,0.00010098695542592297,5.0084725934725625e-05,99.99982496386741,99.99977487914147,7.188832084076654e-08,7.188815900516148e-06,99.99977474214093
1,I2,N8,18.572647420425465,82.57549659813559,15.818067732980811,36.45031030652451,20.632242573543696,5.282687526647411e-07,1.0899369049002296e-05,1.6089898043714044
1,I2,N9,4.587828526414798,9.175658475502289,7.174483587834542e-05,30.245669695624784,30.245597950788905,2.383682984919832e-07,7.209591720402165e-06,61.705377813708395
1,I3,N1,6.136062188625306e-05,0.00012427630731075005,6.138245874439318e-05,99.9998796464488,99.99981826399006,8.683209189108497e-08,8.683193408590582e-06,99.99981236895236
1,I3,N2,5.0797839334335326e-05,0.00010316077381713454,4.670997460751037e-05,93.57106857343456,93.57102186345995,8.162395660163471e-08,7.637637027753667e-06,93.57101056952104
1,I3,N3,16.397225157326645,33.07039716629836,7.016265136245164,59.43270640315366,52.41644126690849,-5.996924268995568e-07,-3.143374287279044e-05,30.362270926524175
1,I3,N4,6.16041442555201e-05,0.0001247615438310501,6.173089781792848e-05,99.99987962758402,99.99981789668621,8.856219966086167e-08,8.856203838616133e-06,99.99981212108861
1,I3,N5,5.9643153106196285e-05,0.00012078684890511393,5.260853052555036e-05,99.99988450882044,99.99983190028992,1.1203662710344076e-07,1.1203643877019541e-05,99.99981538726854
1,I3,N6,4.99844040023531e-05,0.0001015373192844252,4.808453787884143e-05,99.99993848012807,99.99989039559019,7.49838111972858e-08,7.498372901172208e-06,99.99988849572406
1,I3,N7,4.9995140387170176e-05,0.00010155247448916262,4.668809585334531e-05,99.99983272277079,99.99978603467494,7.53892856604554e-08,7.538912435352528e-06,99.99977474214093
1,I3,N8,37.51436395424264,154.17934108154083,42.8776628005893,42.877662865532805,6.494350657249015e-08,18.41308140850979,1.1958100734733517e-06,1.6089898043714044
1,I3,N9,14.597642279468488,31.670015866335106,9.056657957850163,53.1844468657879,44.127788907937735,9.789614776270422e-07,4.3199405433728925e-05,61.705377813708395
1,I4,N1,6.238855409655824e-05,0.0001263015386371009,6.492435747886445e-05,99.99987475750646,99.99980983314899,-4.3180441833725064e-07,-4.3180359718838575e-05,99.99981236895236
1,I4,N2,6.183617807769549e-05,0.00012519694560895496,6.492449558731141e-05,93.57107240569911,93.57100748120352,-4.255244201490437e-07,-3.981674870120096e-05,93.57101056952104
1,I4,N3,44.177549634261986,89.22113733372419,49.60892548539177,74.53982056078617,24.930895075394396,-3.2422339847863425e-07,-8.083179528458618e-06,30.362270926524175
1,I4,N4,6.239476436720046e-05,0.00012631395719192587,6.492434343144144e-05,99.99987451585298,99.99980959150955,-4.3180049324470975e-07,-4.317996710599088e-05,99.99981212108861
1,I4,N5,6.086224769557679e-05,0.0001232386184693134,6.49244186081754e-05,99.99987624951623,99.99981132509762,-4.31822128890869e-07,-4.318213141508889e-05,99.99981538726854
1,I4,N6,0.0,0.0,6.492360877276659e-05,99.99988849572406,99.99982357211529,-4.3157944592021744e-07,-4.3157868449373016e-05,99.99988849572406
1,I4,N7,6.150254377683439e-05,0.0001245345547777127,6.492489640514044e-05,99.9998362446847,99.9997713197883,-4.336010452898262e-07,-4.3360005373003784e-05,99.99977474214093
1,I4,N8,28.754309086561097,121.35453916380504,30.363298703811996,30.363298890932498,1.8712050220415222e-07,18.524390111017397,3.4662931805992063e-06,1.6089898043714044
1,I4,N9,12.700624543837884,27.154435587318833,2.7926645892426025,74.40600235754628,71.61333776830368,8.143572640563384e-07,5.8318841814938225e-05,61.705377813708395
2,I1,N1,6.409225067849876e-05,0.00012969826831766345,6.418241311559322e-05,99.99987625082402,99.9998120684109,9.056054913851525e-08,9.056037894663616e-06,99.99987311373698
2,I1,N2,1.9286749192433887,3.8573508207369143,3.922009889674525e-05,99.99983545343491,99.99979623333601,9.046993350556176e-08,9.046974915799634e-06,98.07126380034788
2,I1,N3,2.1045224047579127,5.30845510200003,0.739486604016233,35.651876866346015,34.91239026232978,2.977059209260533e-07,1.0393625294776663e-05,37.24502686557411
2,I1,N4,6.409271927112211e-05,0.00012969920399408878,6.418388348784872e-05,99.99987600109138,99.9998118172079,9.05599508251134e-08,9.055978040686942e-06,99.99987311140188
2,I1,N5,6.415319506854027e-05,0.00012982248928533296,6.417285124301743e-05,99.9998794945992,99.99981532174796,9.056182183588358e-08,9.0561654587894e-06,99.99981234850772
2,I1,N6,5.924318436270536e-05,0.00011996071174815337,5.826746111799336e-05,99.999950015596,99.99989174813489,9.033052202735964e-08,9.033042424288478e-06,99.99994075681563
2,I1,N7,0.0,0.0,3.640981935957743e-05,99.99983854964158,99.99980213982222,9.055650330090878e-08,9.055632412565035e-06,99.99993881970227
2,I1,N8,14.675982510307144,69.06342955999298,15.158679414267608,15.158679538770798,1.2450318997991872e-07,32.927340994404034,4.0995589913598515e-06,0.013032793767365547
2,I1,N9,2.4746538482099636,6.141025414808304,0.7887082817697627,68.11390465027883,67.32519636850907,9.80216030390777e-08,6.5993236729619516e-06,64.98034343064484
2,I2,N1,0.0,0.0,5.075413447466696e-05,99.99981215857333,99.99976140443886,9.074933779686176e-08,9.074912127297002e-06,99.99987311373698
2,I2,N2,0.0,0.0,3.841721660704049e-05,98.0712124467392,98.0711740295226,9.251063557897614e-08,9.072626641447513e-06,98.07126380034788
2,I2,N3,2.142997186466837,4.735094616544442,1.4442752626388975,37.320702803653454,35.87642754101456,2.924805545711876e-07,1.0493157423228966e-05,37.24502686557411
2,I2,N4,0.0,0.0,5.0754140088003246e-05,99.99981190837211,99.99976115423202,9.07493357526457e-08,9.074911900169777e-06,99.99987311140188
2,I2,N5,0.0,0.0,5.0748527824465575e-05,99.99981534140413,99.9997645928763,9.074920539197897e-08,9.074899176188478e-06,99.99981234850772
2,I2,N6,0.0,0.0,4.5530523721966625e-05,99.99989077241163,99.99984524188791,9.072545354819894e-08,9.072531314319984e-06,99.99994075681563
2,I2,N7,0.0,0.0,3.839205064076527e-05,99.99988850231584,99.9998501102652,9.072254218753352e-08,9.072240620375564e-06,99.99993881970227
2,I2,N8,18.91053529377241,83.95743876973889,19.05534438234967,19.055344448889116,6.653944595313988e-08,35.36040670234205,2.352861870651534e-06,0.013032793767365547
2,I2,N9,2.3923864905374463,5.320848215701899,1.4514827608757241,70.22707932848367,68.77559656760795,9.306881167325629e-08,6.400863044666556e-06,64.98034343064484
2,I3,N1,0.0,0.0,1.7278485523409386e-05,99.99987351919522,99.99985624070969,9.03212310429758e-08,9.032110119781506e-06,99.99987311373698
2,I3,N2,0.0,0.0,3.0722989272751555e-06,98.07126324457853,98.07126017227961,9.261836532881805e-08,9.083199802893756e-06,98.07126380034788
2,I3,N3,16.535086269354153,33.63718293918096,16.59416960308023,51.57493077451326,34.98076117143303,2.679703680426324e-07,9.373807445520334e-06,37.24502686557411
2,I3,N4,0.0,0.0,1.5746849737157928e-05,99.99987351251636,99.99985776566662,5.379398186477826e-08,5.379390535126675e-06,99.99987311140188
2,I3,N5,6.116231979638052e-05,0.0001238344027202918,6.18133912350309e-05,99.99987498455724,99.999813171166,9.12038331308858e-08,9.120366273582779e-06,99.99981234850772
2,I3,N6,0.0,0.0,2.925879691877279e-06,99.99994075681563,99.99993783093593,9.082820596631001e-08,9.082814949926446e-06,99.99994075681563
2,I3,N7,0.0,0.0,3.0657456261587605e-06,99.99993849745623,99.9999354317106,9.083050219816678e-08,9.083044355046526e-06,99.99993881970227
2,I3,N8,37.6157304332444,154.5593057147172,37.65917320995944,37.65917310935935,0.0,32.939074375028774,0.0,0.013032793767365547
2,I3,N9,15.065185167827373,31.372760297714905,15.265560691409751,82.43233511741471,67.16677442600496,1.270792087579975e-07,8.535500548883613e-06,64.98034343064484
2,I4,N1,6.279401234442959e-05,0.00012710486467367197,6.296778016494588e-05,99.99993590774932,99.99987293996915,9.08160711957222e-08,9.081595580479411e-06,99.99987311373698
2,I4,N2,6.128040873452924e-05,0.0001240779592125791,6.104222187317228e-05,98.07132508075661,98.07126403853474,9.260473855911195e-08,9.081863766450147e-06,98.07126380034788
2,I4,N3,41.972367273846984,84.85652572319484,41.02728911938342,79.21739413942109,38.19010502003767,1.9861264503057372e-07,7.5850377720250735e-06,37.24502686557411
2,I4,N4,6.27958788426856e-05,0.00012710859707353668,6.296778504646495e-05,99.99993590728073,99.99987293949569,9.08160907441355e-08,9.08159753527526e-06,99.99987311140188
2,I4,N5,6.233597742369188e-05,0.0001261857025188703,6.296757587859834e-05,99.99987468448514,99.99981171690926,9.084447583792966e-08,9.084430479314279e-06,99.99981234850772
2,I4,N6,0.0,0.0,3.592683875841916e-06,99.99994075681563,99.99993716413175,8.794718656261765e-08,8.794713130023938e-06,99.99994075681563
2,I4,N7,6.118029773214283e-05,0.00012387920054310157,6.104219228441788e-05,100.0,99.99993895780771,9.081718768245049e-08,9.081713224564816e-06,99.99993881970227
2,I4,N8,28.784718968908674,121.46856109926097,28.797751775629063,28.797751762676043,0.0,33.05490622561484,0.0,0.013032793767365547
2,I4,N9,15.087431062780379,31.599863804708264,16.11034814232716,80.06777449342522,63.95742635109806,1.8143314644117542e-07,1.1603997101159466e-05,64.98034343064484
3,I1,N1,6.371716363392743e-05,0.00012894783761144372,6.355641204339687e-05,99.99993720598765,99.9998736495756,9.081833539624519e-08,9.081822064689299e-06,99.99987328888403
3,I1,N2,0.5786271472676562,1.1572548282409196,3.5244992342097814e-05,99.99993871959127,99.99990347459892,9.081731585410509e-08,9.081722819232672e-06,99.4213116633463
3,I1,N3,1.6057596761243313,5.240642016372503,1.3920042209956536,39.34954927033203,37.957545049336375,4.2638244805851237e-07,1.618443098042731e-05,41.30656991181668
3,I1,N4,6.371728776054269e-05,0.00012894808500783276,6.355638854172294e-05,99.99993720412115,99.99987364773261,9.081833688453773e-08,9.081822213350988e-06,99.99987328801187
3,I1,N5,6.373046256730742e-05,0.00012897517883889628,6.354929149535048e-05,99.99987650170279,99.99981295241129,9.081816670995134e-08,9.081799683676039e-06,99.99980925769758
3,I1,N6,5.931081753745299e-05,0.00012011429866487303,5.9339803183773405e-05,100.0,99.99994066019681,9.082935851558819e-08,9.08293046176256e-06,99.99994068918247
3,I1,N7,0.0,0.0,3.6466331724173344e-05,99.99993881970227,99.99990235337054,9.082502768422171e-08,9.082493899664348e-06,99.99993913886964
3,I1,N8,14.685105375508746,69.09758399204948,14.689015174880861,14.689015304074516,1.2919365488528456e-07,32.928077697851194,4.254098706132023e-06,0.00010554231953108228
3,I1,N9,1.915105020266449,6.232868091436091,1.6752983797192282,67.4549972788548,65.77969889913558,-4.893011872099276e-08,-3.2186084765658606e-06,62.554574083636176
3,I2,N1,0.0,0.0,5.085821077379957e-05,99.99987348882402,99.99982263061325,9.071280953330135e-08,9.071264863654738e-06,99.99987328888403
3,I2,N2,0.0,0.0,3.6513504978059816e-05,99.4213115723236,99.42127505881862,9.13217364982517e-08,9.079323483241638e-06,99.4213116633463
3,I2,N3,1.7093982686213658,4.292867719955929,1.5235701609733068,39.886786780674534,38.36321661970123,3.977587360336068e-07,1.525930455283582e-05,41.30656991181668
3,I2,N4,0.0,0.0,5.085806208936668e-05,99.9998734868334,99.9998226287713,9.071285939091974e-08,9.071269849240645e-06,99.99987328801187
3,I2,N5,0.0,0.0,5.085285383712442e-05,99.99981277124022,99.99976191838638,9.071246923947773e-08,9.07122532697672e-06,99.99980925769758
3,I2,N6,0.0,0.0,4.760381632622159e-05,99.99994068918247,99.99989308536614,9.08288264541227e-08,9.082872934481546e-06,99.99994068918247
3,I2,N7,0.0,0.0,3.6512894355195824e-05,99.99993881970227,99.99990230680791,9.079265273571288e-08,9.079256403747224e-06,99.99993913886964
3,I2,N8,18.913272196204947,84.00243133397342,18.91444515439032,18.914445222338173,6.794785178954044e-08,35.36048704680562,2.402669133062313e-06,0.00010554231953108228
3,I2,N9,1.918597875667832,5.0557916079295495,1.715545612152283,67.9322787491258,66.21673313697352,-2.3631662257130805e-08,-1.5648114732635198e-06,62.554574083636176
3,I3,N1,0.0,0.0,6.27702774904915e-05,99.99987348882402,99.99981071854653,9.270422614490201e-08,9.270405067299533e-06,99.99987328888403
3,I3,N2,0.0,0.0,5.62382728227525e-05,99.4213115723236,99.42125533405078,9.356402191659901e-08,9.302252513050913e-06,99.4213116633463
3,I3,N3,16.460864714417507,33.69437387736825,16.429055476587518,54.712474781407316,38.2834193048198,2.2348208030640352e-07,8.555658187483457e-06,41.30656991181668
3,I3,N4,0.0,0.0,6.499896323420555e-05,99.9998734868334,99.99980848787015,8.70529270514996e-08,8.705276033458491e-06,99.99987328801187
3,I3,N5,6.41548937603833e-05,0.00012982385183430605,6.543742545924163e-05,99.99987393356001,99.99980849613455,8.580437426063382e-08,8.580420994194039e-06,99.99980925769758
3,I3,N6,0.0,0.0,5.609903208825871e-05,99.99994068918247,99.99988459015037,9.590973123659922e-08,9.590962054732262e-06,99.99994068918247
3,I3,N7,0.0,0.0,5.9666302094963676e-05,99.99993881970227,99.99987915340017,8.905138120680787e-08,8.905127359124158e-06,99.99993913886964
3,I3,N8,37.61655162166764,154.5624553591411,37.61690355956332,37.61690345937763,0.0,32.94006427601393,0.0,0.00010554231953108228
3,I3,N9,15.393194886700531,31.78437753927909,15.533770480503312,81.07886604128534,65.54509556078203,1.5249510954080136e-07,9.995306527403749e-06,62.554574083636176
3,I4,N1,6.299395232895021e-05,0.00012750254992501008,6.307964089374476e-05,99.99993628283637,99.99987320319548,7.865770772857398e-08,7.865760799311408e-06,99.99987328888403
3,I4,N2,6.118938604903756e-05,0.00012389363517489594,6.115037632668399e-05,99.42137285273235,99.42131170235602,8.166570175553356e-08,8.119311189628546e-06,99.4213116633463
3,I4,N3,38.917407429020116,79.29283914423341,37.60813892409431,80.2239773408368,42.615838416742484,2.526020411995179e-07,1.0764847771497982e-05,41.30656991181668
3,I4,N4,6.299470037139987e-05,0.00012750404588370245,6.307990959799169e-05,99.99993628271224,99.99987320280265,7.865738553264842e-08,7.865728579728805e-06,99.99987328801187
3,I4,N5,6.285694609980403e-05,0.0001272275975977593,6.308021838956639e-05,99.99987211464368,99.99980903442528,7.872550436975734e-08,7.872535403114547e-06,99.99980925769758
3,I4,N6,0.0,0.0,5.899607301567005e-05,99.99994068918247,99.99988169310944,9.242231453918633e-08,9.242220519721982e-06,99.99994068918247
3,I4,N7,6.086113036069965e-05,0.0001232373910672091,6.072434434436685e-05,100.0,99.99993927565565,9.126481086688769e-08,9.126475544692968e-06,99.99993913886964
3,I4,N8,28.78496526429913,121.46951760654014,28.785070819466473,28.785070806618663,0.0,33.05750302960563,0.0,0.00010554231953108228
3,I4,N9,18.21852813372901,37.30417945234144,19.56042687842128,80.77310221736519,61.21267533894391,1.0904627126475516e-07,6.675013999851866e-06,62.554574083636176
4,I1,N1,6.258642616901453e-05,0.0001266787068842335,6.210182439833758e-05,99.99993700604767,99.99987490422328,9.073111014893459e-08,9.073099664814763e-06,99.99986553699661
4,I1,N2,0.1735961850688979,0.347192657162691,1.148698371574583e-05,99.99993881061395,99.99992732363025,9.087089082674927e-08,9.087082478508465e-06,99.8264038149311
4,I1,N3,0.6362659209264494,2.150735296240959,0.22076859727021408,42.91232958794101,42.691560990670794,5.745262963935751e-06,0.00024527424423230514,47.62634940533872
4,I1,N4,6.260471548255192e-05,0.00012671535733900383,6.212789879198445e-05,99.99993700529963,99.99987487740084,9.075540480602454e-08,9.075529125050317e-06,99.9998655189891
4,I1,N5,6.0440500124896606e-05,0.0001223873661654539,5.903051622100626e-05,99.99987298816013,99.99981395764391,9.037076729765724e-08,9.037059916975254e-06,99.99980442403495
4,I1,N6,0.0,0.0,6.777664689182564e-06,100.0,99.9999932223353,9.0831260818109e-08,9.08312546618707e-06,99.99994857684933
4,I1,N7,0.0,0.0,9.310157859555879e-06,99.99993913886964,99.99992982871177,9.085318693200279e-08,9.085312317915113e-06,100.0
4,I1,N8,14.685179164658784,69.09782230942085,14.685210788580227,14.685210917828286,1.2924805936620487e-07,32.92612654727941,4.255637958681943e-06,8.315802517699922e-07
4,I1,N9,2.5764088646682906,9.364811962884811,2.8598247979833653,64.46967910390262,61.60985430591926,-5.386924563387915e-06,-0.00033188763750730715,56.7162504952468
4,I2,N1,0.0,0.0,5.981245222915596e-05,99.9998744196215,99.99981460716927,8.07713879399214e-08,8.077123819555888e-06,99.99986553699661
4,I2,N2,0.0,0.0,3.783625362535786e-05,99.82634262554505,99.82630478929143,8.963945880618523e-08,8.94837593593338e-06,99.8264038149311
4,I2,N3,1.5919784881653833,4.24648595968546,1.5416557251128193,43.985461935635925,42.44380621052311,-3.829744021770144e-08,-1.6254891309592139e-06,47.62634940533872
4,I2,N4,0.0,0.0,5.981996137805646e-05,99.99987440058415,99.99981458062277,8.073083850739022e-08,8.073068881677223e-06,99.9998655189891
4,I2,N5,0.0,0.0,5.993927223690973e-05,99.99981254766001,99.99975260838778,7.807543361909473e-08,7.807524046702075e-06,99.99980442403495
4,I2,N6,0.0,0.0,4.510673380569584e-05,100.0,99.99995489326619,9.260954255126175e-08,9.26095007781219e-06,99.99994857684933
4,I2,N7,0.0,0.0,3.783437976218005e-05,99.99993913886964,99.99990130448987,8.948402147118049e-08,8.9483933154469e-06,100.0
4,I2,N8,18.913294375852402,84.01292395182729,18.913303881415597,18.913303949374438,6.795884033294897e-08,35.36054553140116,2.4030616678544634e-06,8.315802517699922e-07
4,I2,N9,1.7637497424614925,4.900372901889605,1.6973862568016325,63.81186811490217,62.11448185810053,4.3213285414995143e-07,2.6841708329386362e-05,56.7162504952468
4,I3,N1,0.0,0.0,6.36189989620883e-05,99.9998744196215,99.99981080062254,9.08183529088481e-08,9.081818108108978e-06,99.99986553699661
4,I3,N2,0.0,0.0,6.361964312331001e-05,99.82634262554505,99.82627900590192,9.097638391579979e-08,9.081833883726677e-06,99.8264038149311
4,I3,N3,16.118445016969513,33.084039030103796,15.971693718063229,58.85434816188805,42.88265444382482,2.1190410577071425e-07,9.087010542993244e-06,47.62634940533872
4,I3,N4,0.0,0.0,6.36189647678599e-05,99.99987440058415,99.99981078161937,9.081835292612377e-08,9.081818108110706e-06,99.9998655189891
4,I3,N5,6.378008830487753e-05,0.00012907384272727235,6.361945739537505e-05,99.99987670255378,99.99981308309638,9.08183508338641e-08,9.08181810790148e-06,99.99980442403495
4,I3,N6,0.0,0.0,6.361742155326266e-05,100.0,99.99993638257844,9.081823874314616e-08,9.081818096692437e-06,99.99994857684933
4,I3,N7,0.0,0.0,6.361961650644098e-05,99.99993913886964,99.99987551925312,9.081829407354542e-08,9.081818102225465e-06,100.0
4,I3,N8,37.61655839326211,154.562533060607,37.61656129537403,37.61656119518968,0.0,32.940312294924226,0.0,8.315802517699922e-07
4,I3,N9,15.81176986468429,32.53862196864272,15.991159140963045,77.44131325914121,61.45015411817816,1.4784865439418135e-07,9.085322598687703e-06,56.7162504952468
4,I4,N1,7.187657722470217e-05,0.0001453101912482997,7.568341646573874e-05,99.99993741357383,99.99986173015736,-6.558722240176841e-06,-0.000655871317144192,99.99986553699661
4,I4,N2,0.0,0.0,3.57271475962854e-05,99.8264038149311,99.82636808778351,1.8682658258841234e-06,0.00018650219202053536,99.8264038149311
4,I4,N3,34.02696116859993,69.36839856873371,31.931055628419852,81.65331057393865,49.7222549455188,1.7196076345138087e-07,8.550276920955611e-06,47.62634940533872
4,I4,N4,7.187629541615298e-05,0.00014530962542021918,7.568269329247575e-05,99.99993739528452,99.99986171259123,-6.55814529547135e-06,-0.0006558136226382157,99.9998655189891
4,I4,N5,7.135537661468902e-05,0.0001442688389264892,7.49975611210683e-05,99.99987577941157,99.99980078185045,-6.5125416117156905e-06,-0.0006512528637550803,99.99980442403495
4,I4,N6,5.142315066905101e-05,0.0001039530448934605,7.346164381293002e-05,100.0,99.99992653835619,-6.322044619179046e-06,-0.0006322039974901146,99.99994857684933
4,I4,N7,0.0,0.0,3.595499246676631e-05,100.0,99.99996404500753,1.930706073122587e-06,0.0001930705378937364,100.0
4,I4,N8,28.784967234646444,121.46954615588197,28.78496807908101,28.784968066226696,0.0,33.05840831016906,0.0,8.315802517699922e-07
4,I4,N9,23.13182103293913,47.27178801585574,25.237517989743466,79.84807152818593,54.61055353844246,1.7714795818747467e-07,9.674148054822851e-06,56.7162504952468
5,I1,N1,6.331767323145496e-05,0.00012814657492578882,6.363106482964372e-05,99.99992812342278,99.99986449235794,9.079501842633615e-08,9.079489539214757e-06,99.99987093407604
5,I1,N2,0.052086775902956246,0.10417375153242604,1.1314831838383843e-05,100.0,99.99998868516816,9.082331854001758e-08,9.08233082635118e-06,99.94791322409705
5,I1,N3,0.3015082438469504,1.0593521240403396,0.15804066795573657,48.26261532626517,48.10457465830943,8.256523581090568e-06,0.00039717655502466355,51.95647890648561
5,I1,N4,6.332318406133798e-05,0.0001281576178151865,6.3631099166532e-05,99.99992812370458,99.99986449260541,9.079500319291079e-08,9.079488015896754e-06,99.9998709286634
5,I1,N5,6.266666300957217e-05,0.00012684469584251618,6.362073281729027e-05,99.99986486453508,99.99980124380227,9.079497779114515e-08,9.079479733049956e-06,99.99980808800889
5,I1,N6,0.0,0.0,7.587945474436825e-06,99.99994857684933,99.99994098890386,9.081540164394605e-08,9.081534805278206e-06,99.99994080130293
5,I1,N7,0.0,0.0,9.47119145915569e-06,100.0,99.99999052880854,9.08186627680758e-08,9.081865416646636e-06,100.0
5,I1,N8,14.685179653850472,69.09778138345955,14.685179866981777,14.685179996239043,1.2925726622370348e-07,32.92506556008484,4.2558039645327765e-06,0.0
5,I1,N9,2.8187962905040305,10.469106411186411,2.9226766158622044,59.292659359915085,56.369982744052884,-7.906486027500564e-06,-0.00044568848093630203,52.5305535994729
5,I2,N1,0.0,0.0,5.0581130936163376e-05,99.99986480574954,99.9998142246186,9.081008379236921e-08,9.080991508958971e-06,99.99987093407604
5,I2,N2,0.0,0.0,1.765142816377473e-05,99.94791322409705,99.94789557266888,9.095455355903974e-08,9.090716220977623e-06,99.94791322409705
5,I2,N3,1.4168325266051243,3.465583749618454,1.3417699716507276,49.553085570583605,48.21131559893288,6.991447757971893e-07,3.370668943530346e-05,51.95647890648561
5,I2,N4,0.0,0.0,5.0581132584421824e-05,99.99986480052053,99.99981421938794,9.081008379498402e-08,9.080991508745453e-06,99.9998709286634
5,I2,N5,0.0,0.0,5.0572760631991694e-05,99.99980219787207,99.99975162511144,9.081013835780834e-08,9.08099128082284e-06,99.99980808800889
5,I2,N6,0.0,0.0,1.0612804665279684e-05,99.99994857684933,99.99993796404468,9.081208309435659e-08,9.08120267582133e-06,99.99994080130293
5,I2,N7,0.0,0.0,1.7918686590092655e-05,100.0,99.9999820813134,9.086313142458229e-08,9.086311514310254e-06,100.0
5,I2,N8,18.913294563113528,84.01603638387913,18.913294647847316,18.913294715806558,6.795924178959467e-08,35.36050262470926,2.403072947674214e-06,0.0
5,I2,N9,1.85715128256199,5.620819966748625,1.8971805140336317,58.23761281187255,56.34043229783892,-3.496802670530551e-07,-1.9701137411792885e-05,52.5305535994729
5,I3,N1,0.0,0.0,6.360273480986026e-05,99.99986480574954,99.99980120301473,9.081813679588745e-08,9.081795625216941e-06,99.99987093407604
5,I3,N2,0.0,0.0,1.732685738254721e-06,99.94791322409705,99.94791149141132,9.086490922060388e-08,9.08175790445604e-06,99.94791322409705
5,I3,N3,16.116982123324366,33.154635365258784,16.116355168905017,64.25469806094799,48.13834289204297,1.9951380437837666e-07,9.60426392686228e-06,51.95647890648561
5,I3,N4,0.0,0.0,6.360298055543582e-05,99.99986480052053,99.99980119753997,9.081769376740993e-08,9.081751321960057e-06,99.9998709286634
5,I3,N5,6.365600826845953e-05,0.0001288255445681393,6.360283110999467e-05,99.99986597796038,99.99980237512928,9.081819808084903e-08,9.081801860150248e-06,99.99980808800889
5,I3,N6,0.0,0.0,3.483367300090284e-06,99.99994857684933,99.99994509348204,9.079851261786008e-08,9.079846276355844e-06,99.99994080130293
5,I3,N7,0.0,0.0,1.7327371302944223e-06,100.0,99.99999826726287,9.08175329247989e-08,9.08175313511698e-06,100.0
5,I3,N8,37.616558561844066,154.56258053467147,37.61655864300179,37.61655854281983,0.0,32.94002969026174,0.0,0.0
5,I3,N9,15.836065335753288,32.511223992769246,15.846477680497145,72.19223139399485,56.3457537134977,1.504956532097549e-07,8.47979101070881e-06,52.5305535994729
5,I4,N1,6.574825072255728e-05,0.0001330236984139602,6.31218250787809e-05,99.99993668232676,99.99987356050168,8.627297928689697e-08,8.627287020377477e-06,99.99987093407604
5,I4,N2,0.0,0.0,6.131943450083315e-05,99.94791322409705,99.94785190466254,8.628321635313491e-08,8.623822129921085e-06,99.94791322409705
5,I4,N3,30.20819819973795,62.416818805189415,28.5715854987971,82.16467710622356,53.593091607426466,2.122194724594527e-06,0.00011373497628399167,51.95647890648561
5,I4,N4,6.574815254402898e-05,0.000133023501282147,6.312180559883298e-05,99.99993667681593,99.99987355501034,8.627292009650658e-08,8.627281100872169e-06,99.9998709286634
5,I4,N5,6.558931982897045e-05,0.000132706135274394,6.311815263509105e-05,99.99987367732872,99.99981055917608,8.626410713470704e-08,8.626394371527173e-06,99.99980808800889
5,I4,N6,5.9198697072145406e-05,0.00011978972437346751,6.253107410204301e-05,100.0,99.99993746892589,8.582881776165686e-08,8.582876409197522e-06,99.99994080130293
5,I4,N7,0.0,0.0,6.161877346326714e-05,100.0,99.99993838122654,8.699730731706185e-08,8.699725371038814e-06,100.0
5,I4,N8,28.784967221191938,121.46956370995726,28.78496722224254,28.784967209386394,0.0,33.058628783557445,0.0,0.0
5,I4,N9,26.95743349170779,54.23632452196975,28.596981688322934,79.48798709118068,50.89100540285775,-1.774113504369338e-06,-9.028641993614288e-05,52.5305535994729
6,I1,N1,6.351657056830287e-05,0.00012854599419128763,6.360181228409482e-05,99.99993425174928,99.999870649937,9.079727312256629e-08,9.07971556762363e-06,99.99987215143045
6,I1,N2,0.015635620172199514,0.03127143523692054,1.3696287589481183e-05,100.0,99.9999863037124,9.082023387067246e-08,9.082022143167203e-06,99.9843643798278
6,I1,N3,0.09048259322805834,0.31786650871360717,4.302867710457103e-05,52.25798715033256,52.257944121655456,1.7374062705462567e-07,9.07932798028201e-06,53.32995046074269
6,I1,N4,6.351822568558326e-05,0.0001285493107870871,6.360181495311696e-05,99.99993425184745,99.99987065003249,9.079727312832004e-08,9.079715568207675e-06,99.99987214578029
6,I1,N5,6.33143608527721e-05,0.00012814160816925955,6.359194564271493e-05,99.9998707546719,99.99980716272626,9.079730996688766e-08,9.079713487583048e-06,99.99980710524231
6,I1,N6,0.0,0.0,9.92305084672128e-06,99.99994080130293,99.99993087825209,9.081675483830387e-08,9.081669206417553e-06,99.99993762971042
6,I1,N7,0.0,0.0,1.4975307596514384e-05,100.0,99.9999850246924,9.081633017052885e-08,9.081631657050406e-06,100.0
6,I1,N8,14.685179559967239,69.09773674869024,14.685179524622056,14.685179653850469,1.292284128595611e-07,32.92850691542443,4.255298686515381e-06,0.0
6,I1,N9,3.002098912617977,11.214430227407936,3.0806571792382393,55.349349889976935,52.2686927107387,1.7390504969925231e-07,9.08978960357596e-06,51.20041902200038
6,I2,N1,0.0,0.0,5.057425867032492e-05,99.9998707351787,99.99982016092004,9.08083026215234e-08,9.080813931270743e-06,99.99987215143045
6,I2,N2,0.0,0.0,3.5543287287395216e-05,99.9843643798278,99.98432883654051,9.040367593981788e-08,9.038950863198797e-06,99.9843643798278
6,I2,N3,1.390006773655672,3.303519342722126,1.378510022391621,53.58433708370963,52.205827061318004,1.0917213573197115e-06,5.699421637938022e-05,53.32995046074269
6,I2,N4,0.0,0.0,5.05742594690773e-05,99.99987073362178,99.9998201593623,9.080830262068261e-08,9.080813931045209e-06,99.99987214578029
6,I2,N5,0.0,0.0,5.056531288601462e-05,99.99980744031105,99.99975687499816,9.080836061763886e-08,9.080813983981043e-06,99.99980710524231
6,I2,N6,0.0,0.0,3.6333951815965765e-05,99.99994080130293,99.99990446735112,9.227525349916317e-08,9.227516534616925e-06,99.99993762971042
6,I2,N7,0.0,0.0,3.554639669408368e-05,100.0,99.99996445360331,9.038689722695586e-08,9.038686509767081e-06,100.0
6,I2,N8,18.913294574454557,84.01695985365245,18.913294585613546,18.913294653573416,6.795987061991582e-08,35.360416408674254,2.403089324199851e-06,0.0
6,I2,N9,1.8594183167285459,5.7646847297461195,1.8603899027999267,54.20440225992095,52.344012357121024,-7.432619600117266e-07,-3.8905313219431804e-05,51.20041902200038
6,I3,N1,0.0,0.0,6.502639489843863e-05,99.9998707351787,99.99980570878381,8.597788020341084e-08,8.597771315594174e-06,99.99987215143045
6,I3,N2,0.0,0.0,3.943966728120402e-05,99.9843643798278,99.98432494016052,6.791494973143824e-08,6.790430402242789e-06,99.9843643798278
6,I3,N3,16.109298647243595,33.11700527613607,16.106005728923265,68.31131243337832,52.205306704455055,1.7029404579654415e-07,8.890252890751103e-06,53.32995046074269
6,I3,N4,0.0,0.0,6.530463372106958e-05,99.99987073362178,99.99980542898805,8.479596908409859e-08,8.479580409572346e-06,99.99987214578029
6,I3,N5,6.529223337956746e-05,0.0001320998129718335,6.599347271289944e-05,99.99987109631932,99.99980510284661,8.157876644767399e-08,8.157860745298042e-06,99.99980710524231
6,I3,N6,0.0,0.0,3.86944127351156e-05,99.99994080130293,99.99990210689019,1.0635257808687184e-07,1.0635247397502579e-05,99.99993762971042
6,I3,N7,0.0,0.0,3.948707500982331e-05,100.0,99.99996051292499,6.745034963427244e-08,6.745032300010228e-06,100.0
6,I3,N8,37.616558675500556,154.5626255858064,37.61655873673762,37.61655863655395,0.0,32.940235637998605,0.0,0.0
6,I3,N9,15.850629635151751,32.56188530263517,15.856871477751094,68.1810492789457,52.3241778011946,1.7740472697958355e-07,9.282556477252115e-06,51.20041902200038
6,I4,N1,6.433199898389305e-05,0.0001301817262769716,6.372503395303696e-05,99.99993648342944,99.99987275839548,8.161242492520107e-08,8.16123210802421e-06,99.99987215143045
6,I4,N2,0.0,0.0,6.372995287540373e-05,99.9843643798278,99.98430064987492,8.097781692391357e-08,8.096510393291104e-06,99.9843643798278
6,I4,N3,29.08026152512999,59.573073417004494,28.59686009315515,82.41021198587268,53.81335189271753,1.679449945482327e-07,9.037683090244572e-06,53.32995046074269
6,I4,N4,6.433599402435314e-05,0.00013018984015134412,6.373078323020636e-05,99.99993648177431,99.99987275099109,8.102423609181637e-08,8.102413298927896e-06,99.99987214578029
6,I4,N5,6.42881634497936e-05,0.00013009422398868267,6.373052500157493e-05,99.99987139340577,99.99980766288077,8.142206812193531e-08,8.142191151707507e-06,99.99980710524231
6,I4,N6,6.237028958895157e-05,0.00012621795665671197,6.372954352472565e-05,100.0,99.99993627045647,8.114711095748858e-08,8.114705924280518e-06,99.99993762971042
6,I4,N7,0.0,0.0,6.372776419461583e-05,100.0,99.9999362722358,8.110398210793599e-08,8.110393042218152e-06,100.0
6,I4,N8,28.78496719007764,121.46957995495171,28.78496718632897,28.784967173476332,0.0,33.058207775974864,0.0,0.0
6,I4,N9,28.087434113501345,57.083977430728694,28.57172009427001,79.28785313550173,50.71613304123173,1.8012426084469916e-07,9.135205976953289e-06,51.20041902200038
7,I1,N1,6.364505653037019e-05,0.00012880352369101596,6.370012194268477e-05,99.99993566800102,99.99987196787907,9.080150865995172e-08,9.080139240485435e-06,99.99987252827665
7,I1,N2,0.0047169779037346815,0.00943437790376389,3.755978867832382e-05,100.0,99.99996244021132,9.078536548965077e-08,9.078533139085934e-06,99.99528302209626
7,I1,N3,1.0124433733806482,3.7842605341753925,1.4075694220174726,53.42043305397074,52.012863631953266,3.4583212658854973e-07,1.7987719239798635e-05,52.451056242836884
7,I1,N4,6.364555141891107e-05,0.00012880451537450397,6.370011959033727e-05,99.99993566400597,99.99987196388638,9.080150874906615e-08,9.080139249034324e-06,99.99987252658325
7,I1,N5,6.357740861267441e-05,0.00012866823852164297,6.369014336691825e-05,99.99987041960317,99.9998067294598,9.08015139958411e-08,9.08013385032645e-06,99.99980849957998
7,I1,N6,0.0,0.0,5.99819507663791e-05,99.99993762971042,99.99987764775965,9.079521098807886e-08,9.079509989810408e-06,99.99993676192362
7,I1,N7,0.0,0.0,3.772135736838696e-05,100.0,99.99996227864263,9.078727717150021e-08,9.078724292530693e-06,100.0
7,I1,N8,14.685179466081648,69.09768927937118,14.685179430735348,14.685179559967253,1.2923190517710736e-07,32.92809063840879,4.255359887046041e-06,0.0
7,I1,N9,2.0717996693861256,7.749109596211462,1.6730999937153317,54.202517934618356,52.52941794090302,0.0,0.0,52.092315046281364
7,I2,N1,0.0,0.0,5.124840537969172e-05,99.99987202294449,99.9998207745391,9.06457871297143e-08,9.064562466938454e-06,99.99987252827665
7,I2,N2,0.0,0.0,3.923116414493394e-05,99.99528302209626,99.99524379093211,9.055403001181221e-08,9.054972307282544e-06,99.99528302209626
7,I2,N3,1.4486274725699038,3.6081733909717433,1.4737506292474316,53.79799645424577,52.324245824998336,2.077105298139009e-07,1.0868296822423196e-05,52.451056242836884
7,I2,N4,0.0,0.0,5.1248404593706826e-05,99.99987201845455,99.99982077004996,9.064578683095843e-08,9.064562436655998e-06,99.99987252658325
7,I2,N5,0.0,0.0,5.115721963503524e-05,99.99980684219456,99.99975568497493,9.066601305007996e-08,9.066579153938744e-06,99.99980849957998
7,I2,N6,0.0,0.0,4.6524879337289965e-05,99.99993762971042,99.99989110483108,9.098363074786177e-08,9.098353167108337e-06,99.99993676192362
7,I2,N7,0.0,0.0,3.9226270030271906e-05,100.0,99.99996077372997,9.055077573728468e-08,9.055074021759287e-06,100.0
7,I2,N8,18.91329458579774,84.01722590212486,18.913294596957513,18.91329466491689,6.795937679271447e-08,35.36048430760345,2.40307647663329e-06,0.0
7,I2,N9,1.7934047755908193,5.454528157696919,1.7651132579603652,53.990136581960776,52.22502332400041,1.4037687183398676e-07,7.331185405680175e-06,52.092315046281364
7,I3,N1,0.0,0.0,6.360218429186449e-05,99.99987202294449,99.99980842076019,9.081835507236753e-08,9.081818108325328e-06,99.99987252827665
7,I3,N2,0.0,0.0,6.362081850128013e-05,99.99528302209626,99.99521940127777,9.082252711565998e-08,9.081818525508918e-06,99.99528302209626
7,I3,N3,16.0035851256917,32.89971932679021,15.958279330740892,68.45866762891946,52.500388298178564,1.7306795844502545e-07,9.086135020336868e-06,52.451056242836884
7,I3,N4,0.0,0.0,6.360218408577251e-05,99.99987201845455,99.99980841627047,9.081835507644912e-08,9.081818108325737e-06,99.99987252658325
7,I3,N5,6.41094851049159e-05,0.00012973300225379647,6.36025929872081e-05,99.99987213442793,99.99980853183494,9.08183549713901e-08,9.08181810831523e-06,99.99980849957998
7,I3,N6,0.0,0.0,6.360139787559825e-05,99.99993762971042,99.99987402831255,9.081829542894934e-08,9.081818102361007e-06,99.99993676192362
7,I3,N7,0.0,0.0,6.360289640139028e-05,100.0,99.9999363971036,9.081823872994144e-08,9.081818096691114e-06,100.0
7,I3,N8,37.61655878915944,154.56267235192772,37.616558850397276,37.616558750210814,0.0,32.94056815478423,0.0,0.0
7,I3,N9,15.95844300875289,32.78317228563141,16.004648740296236,68.0473614415217,52.04271270122547,1.745907569918416e-07,9.086176606415883e-06,52.092315046281364
7,I4,N1,6.382666682067459e-05,0.00012916808184359544,6.361009589358095e-05,99.99993635494347,99.99987274484758,9.079332002989082e-08,9.079320449071303e-06,99.99987252827665
7,I4,N2,0.0,0.0,6.361010881914919e-05,99.99528302209626,99.99521941198743,9.079754333333305e-08,9.079320267686075e-06,99.99528302209626
7,I4,N3,29.084287785520864,59.40327880583112,29.08601332568838,81.53534402835774,52.44933070266936,1.6628959232283442e-07,8.72177782015241e-06,52.451056242836884
7,I4,N4,6.382786533263489e-05,0.00012917051600555131,6.361009589332707e-05,99.99993635444858,99.99987274435269,9.079332005407442e-08,9.079320451444726e-06,99.99987252658325
7,I4,N5,6.381352629886948e-05,0.0001291418514375432,6.361011037704486e-05,99.99987231310628,99.9998087029959,9.079339677629031e-08,9.079322309124237e-06,99.99980849957998
7,I4,N6,6.323807637530841e-05,0.00012797879567927518,6.360998499803278e-05,100.0,99.99993639001501,9.079326562147225e-08,9.079320786788961e-06,99.99993676192362
7,I4,N7,0.0,0.0,6.361010882577296e-05,100.0,99.99993638989118,9.079325437499254e-08,9.079319662130463e-06,100.0
7,I4,N8,28.784967158961173,121.469596543739,28.784967155211362,28.784967142360202,0.0,33.05803018668566,0.0,0.0
7,I4,N9,28.084037499988803,57.25497078187772,28.08258180848343,80.17635254627017,52.09377073778674,1.813678027708864e-07,9.448132736762679e-06,52.092315046281364
8,I1,N1,6.359758091850845e-05,0.0001287086674559688,6.357723422771056e-05,99.99993617333318,99.99987259609895,9.079873813118459e-08,9.07986224500501e-06,99.9998727217731
8,I1,N2,0.0014383624775419627,0.0028770767396609736,3.324158060222576e-05,100.0,99.9999667584194,9.081731736401585e-08,9.08172871749041e-06,99.99856163752246
8,I1,N3,0.3037637317882748,1.13534025319329,4.388539154330909e-05,53.46349961621753,53.46345573082599,1.7000742051224006e-07,9.089184200468066e-06,54.529183799318815
8,I1,N4,6.359773142928683e-05,0.0001287089690395963,6.35772371480193e-05,99.99993617213467,99.99987259489752,9.07987380970263e-08,9.079862241480098e-06,99.99987272159676
8,I1,N5,6.35694977544947e-05,0.0001286524966596637,6.356610738670339e-05,99.9998720769886,99.99980851088121,9.079879925833759e-08,9.079862538851702e-06,99.99980883200227
8,I1,N6,0.0,0.0,1.1981456236589133e-05,99.99993676192362,99.99992478046738,9.08140491892063e-08,9.081398087930296e-06,99.99993625944184
8,I1,N7,0.0,0.0,3.324430572680669e-05,100.0,99.99996675569427,9.081730208109952e-08,9.081727188951797e-06,100.0
8,I1,N8,14.68517937219848,69.09764434692259,14.685179336853537,14.68517946608165,1.2922811265525525e-07,32.92854293459857,4.255293455925713e-06,0.0
8,I1,N9,2.7779620026242435,10.398296649433252,3.080603002583437,54.16411471566749,51.08351171308405,1.755348248144693e-07,8.966935279464099e-06,50.018088213959274
8,I2,N1,0.0,0.0,5.468628584326053e-05,99.99987257575226,99.99981788946641,8.659629811678733e-08,8.659614041580675e-06,99.9998727217731
8,I2,N2,0.0,0.0,1.3825999235568828e-05,99.99856163752246,99.99854781152322,9.03200386860364e-08,9.031872706884239e-06,99.99856163752246
8,I2,N3,0.4346248961621218,1.0825260420799059,5.2363415929393364e-05,54.60836335699916,54.60831099358323,1.6367682201393386e-07,8.93811479897827e-06,54.529183799318815
8,I2,N4,0.0,0.0,5.3942719009137933e-05,99.99987257440324,99.99981863168424,8.690984652697174e-08,8.690968890004687e-06,99.99987272159676
8,I2,N5,0.0,0.0,4.742386220121775e-05,99.99980850749084,99.99976108362864,8.953808244705345e-08,8.953786852591588e-06,99.99980883200227
8,I2,N6,0.0,0.0,7.230344692329582e-06,99.99993676192362,99.99992953157893,9.059708917082362e-08,9.059702532848533e-06,99.99993625944184
8,I2,N7,0.0,0.0,1.3812887481191756e-05,100.0,99.99998618711251,9.031983608120913e-08,9.031982360543179e-06,100.0
8,I2,N8,18.913294597139554,84.01729526602388,18.913294608299147,18.913294676257408,6.795826124061932e-08,35.36063788963732,2.403047467338915e-06,0.0
8,I2,N9,2.805190388587678,7.978529940793306,3.2388127941577602,53.17955748863406,49.9407446944763,1.852516373217107e-07,9.251604723717272e-06,50.018088213959274
8,I3,N1,0.0,0.0,6.391963615339214e-05,99.99987257575226,99.99980865611612,8.985409731576639e-08,8.985392538544676e-06,99.9998727217731
8,I3,N2,0.0,0.0,6.307789291752565e-05,99.99856163752246,99.99849855962954,9.059962725042614e-08,9.059826695104712e-06,99.99856163752246
8,I3,N3,15.989057571567244,32.8613716015415,15.982831476942476,70.17732358652874,54.194492109586264,1.6765207948244153e-07,9.085819298666906e-06,54.529183799318815
8,I3,N4,0.0,0.0,6.39071321309556e-05,99.99987257440324,99.99980866727111,8.989052238349407e-08,8.989035039350458e-06,99.99987272159676
8,I3,N5,6.391890518031468e-05,0.00012935160923603918,6.38372280697713e-05,99.99987261697595,99.99980877974788,9.011394505139295e-08,9.011377273528003e-06,99.99980883200227
8,I3,N6,0.0,0.0,6.387837306628476e-05,99.99993676192362,99.99987288355055,8.997208361948831e-08,8.997196925017012e-06,99.99993625944184
8,I3,N7,0.0,0.0,6.296425260838763e-05,100.0,99.9999370357474,8.727533176636518e-08,8.727527681410482e-06,100.0
8,I3,N8,37.61655890281653,154.56271682102354,37.61655896405439,37.616558863868136,0.0,32.940543302348,0.0,0.0
8,I3,N9,15.973611995011861,32.82276435650853,15.98011298912285,66.33281010879928,50.35269711967643,1.8045692794438595e-07,9.086493035930939e-06,50.018088213959274
8,I4,N1,6.368064597965254e-05,0.00012887510781497752,6.361806561921453e-05,99.99993640241908,99.99987278435346,1.4618633968874334e-07,1.4618615371684615e-05,99.9998727217731
8,I4,N2,0.0,0.0,6.362233756662986e-05,99.99856163752246,99.9984980151849,1.7450045879781396e-07,1.7449783782742053e-05,99.99856163752246
8,I4,N3,28.743370001163544,58.66966507949671,28.597262379296122,83.27255380048236,54.67529142118623,1.6626536109531431e-07,9.09060707113507e-06,54.529183799318815
8,I4,N4,6.36806718101147e-05,0.00012887517205745872,6.361758887189176e-05,99.99993640226857,99.9998727846797,1.4321975057921662e-07,1.4321956838175218e-05,99.99987272159676
8,I4,N5,6.367959478712907e-05,0.0001288730085156746,6.362219556781175e-05,99.99987251159706,99.99980888940149,1.7351507000718267e-07,1.735147384014939e-05,99.99980883200227
8,I4,N6,6.374055815707713e-05,0.00012899692180914218,6.395590749212086e-05,100.0,99.99993604409251,1.3063888897716525e-05,0.0013063880542587827,99.99993625944184
8,I4,N7,0.0,0.0,6.362418780701418e-05,100.0,99.9999363758122,1.8737155517353028e-07,1.873714359599001e-05,100.0
8,I4,N8,28.784967127845437,121.46961240014588,28.78496712409657,28.784967111243404,0.0,33.05827184306084,0.0,0.0
8,I4,N9,28.425147399816943,57.98895631168736,28.571337356886147,78.44323561377621,49.87189825689006,1.8200582805255822e-07,9.076976138798211e-06,50.018088213959274
9,I1,N1,6.356425745375553e-05,0.00012864199219510662,6.354997596886142e-05,99.99993631935402,99.99987276937806,9.082039110899515e-08,9.082027555764669e-06,99.99987280456018
9,I1,N2,0.0004572302382489547,0.0009149095716190117,3.6744992837665386e-05,100.0,99.99996325500716,9.083491064319616e-08,9.083487726591474e-06,99.99954276976175
9,I1,N3,0.9835016332983131,3.6815926828293177,1.2748178768026153,54.83294753110709,53.55812965430447,4.42661466986125e-07,2.3708120241807502e-05,53.24276051144417
9,I1,N4,6.3564302559801e-05,0.0001286420825767177,6.354997590144993e-05,99.99993631932819,99.99987276935228,9.082039110292451e-08,9.082027555155264e-06,99.99987280450544
9,I1,N5,6.354843271958817e-05,0.00012861034595576038,6.353940484748537e-05,99.99987240150003,99.99980886209518,9.082046564329959e-08,9.082029205096441e-06,99.99980912298889
9,I1,N6,0.0,0.0,5.817903261067778e-05,99.99993625944184,99.99987808040923,9.092618990584428e-08,9.092607904900565e-06,99.99993635099099
9,I1,N7,0.0,0.0,3.674500855455338e-05,100.0,99.99996325499144,9.083491046000195e-08,9.083487708270632e-06,100.0
9,I1,N8,14.68517927831299,69.09760058990267,14.68517924296654,14.685179372198476,1.2923193537517363e-07,32.928087132212696,4.255360428298198e-06,0.0
9,I1,N9,2.0974421021769873,7.852053703211745,1.80579071627102,52.79605021658352,50.9902595003125,-9.483225935354885e-08,-4.835521513438393e-06,51.30569035390391
9,I2,N1,0.0,0.0,5.186212066483787e-05,99.99987275509656,99.99982089297589,9.369579955713529e-08,9.369563174137698e-06,99.99987280456018
9,I2,N2,0.0,0.0,3.9997543251105616e-05,99.99954276976175,99.99950277221849,9.445816481053416e-08,9.445769513829682e-06,99.99954276976175
9,I2,N3,1.1439739866353698,3.231470353699595,1.4479807396953333,54.2840707939709,52.836090054275566,9.367407887043006e-07,4.9493720669493545e-05,53.24276051144417
9,I2,N4,0.0,0.0,5.186201869952241e-05,99.99987275502563,99.99982089300694,9.369545216079718e-08,9.369528434569018e-06,99.99987280450544
9,I2,N5,0.0,0.0,5.1855569261459454e-05,99.99980885306731,99.99975699749804,9.369908887548433e-08,9.369886118435406e-06,99.99980912298889
9,I2,N6,0.0,0.0,4.8898590920116053e-05,99.99993625944184,99.99988736085092,9.385018250634597e-08,9.385007679429898e-06,99.99993635099099
9,I2,N7,0.0,0.0,3.999728226051028e-05,100.0,99.99996000271774,9.445939788736178e-08,9.44593601061698e-06,100.0
9,I2,N8,18.91329460848245,84.0173026623006,18.913294619641846,18.913294687601905,6.79600589137408e-08,35.36039049176003,2.4030942210328916e-06,0.0
9,I2,N9,2.0951393028092475,5.829024526753325,1.7908316946184912,53.50379850299421,51.71296680837572,-5.960059441559003e-07,-3.08212356077287e-05,51.30569035390391
9,I3,N1,0.0,0.0,6.360260987558702e-05,99.99987275509656,99.99980915248669,9.081835407361056e-08,9.081818074904019e-06,99.99987280456018
9,I3,N2,0.0,0.0,1.0038092516542417e-05,99.99954276976175,99.99953273166923,9.088999761597707e-08,9.088957291580238e-06,99.99954276976175
9,I3,N3,15.985451652106374,32.846694558407805,15.983906258051716,69.12915437890277,53.14524812085105,1.7041530413223817e-07,9.056763621698092e-06,53.24276051144417
9,I3,N4,0.0,0.0,6.360261008307116e-05,99.99987275502563,99.99980915241555,9.081835418998537e-08,9.081818086535016e-06,99.99987280450544
9,I3,N5,6.369776336962279e-05,0.00012890909461228835,6.36029883078977e-05,99.99987277197249,99.99980916898419,9.081835416258531e-08,9.081818085299753e-06,99.99980912298889
9,I3,N6,0.0,0.0,5.543424744717473e-06,99.99993625944184,99.99993071601709,9.084617399657337e-08,9.084611105472571e-06,99.99993635099099
9,I3,N7,0.0,0.0,1.1519758817552771e-05,100.0,99.99998848024119,9.093307942111549e-08,9.093306894584406e-06,100.0
9,I3,N8,37.61655901647305,154.5627624755953,37.616559077709354,37.61655897752728,0.0,32.94004368544164,0.0,0.0
9,I3,N9,15.977452899048219,32.83791614104644,15.979099000778085,67.38227119519682,51.40317219441874,1.7731565781917154e-07,9.114587291645506e-06,51.30569035390391
9,I4,N1,6.363118236005681e-05,0.0001287759399965804,6.360998366594436e-05,99.99993643574254,99.99987282575887,9.081829652218268e-08,9.081818102470328e-06,99.99987280456018
9,I4,N2,0.0,0.0,6.360980897370582e-05,99.99954276976175,99.99947915995277,9.081865440250377e-08,9.08181813825813e-06,99.99954276976175
9,I4,N3,28.64431221651578,58.45607583746796,28.60185888023816,81.88707272795995,53.285213847721785,1.7051752686762458e-07,9.08606288392602e-06,53.24276051144417
9,I4,N4,6.363119199224278e-05,0.000128775963126041,6.360998635601197e-05,99.99993643569744,99.99987282571108,9.081829652222613e-08,9.081818102470332e-06,99.99987280450544
9,I4,N5,6.363081502037945e-05,0.0001287752058721373,6.360990940605818e-05,99.99987275380391,99.99980914389451,9.081835441497018e-08,9.081818108259587e-06,99.99980912298889
9,I4,N6,6.364900900841143e-05,0.00012881218973592224,6.360977365898328e-05,100.0,99.99993639022634,9.08182387361935e-08,9.08181809669174e-06,99.99993635099099
9,I4,N7,0.0,0.0,6.360980796689062e-05,100.0,99.99993639019203,9.081823873622468e-08,9.081818096691743e-06,100.0
9,I4,N8,28.78496709673151,121.46962856342333,28.78496709298241,28.78496708013121,0.0,33.058035336664105,0.0,0.0
9,I4,N9,28.524275342061635,58.20268641189435,28.56675874588079,79.82996569596554,51.26320695008475,1.7724693782952598e-07,9.086246455223795e-06,51.30569035390391
10,I1,N1,6.357569000433813e-05,0.00012866507486315048,6.358058966887353e-05,99.99993636881764,99.99987278822798,9.077000444549857e-08,9.076988897536745e-06,99.99987258654343
10,I1,N2,0.0001616155038536374,0.0003236021835368922,3.4923474827072834e-05,100.0,99.99996507652517,9.079651470148444e-08,9.079648299218649e-06,99.99983838449614
10,I1,N3,1.3009525516505576,4.870512750330882,1.437002945230091,54.22626214474248,52.78925919951239,2.838478680459222e-07,1.4984118679505175e-05,53.25693771490192
10,I1,N4,6.357570423628057e-05,0.00012866510336184234,6.358059066905751e-05,99.99993636880801,99.99987278821735,9.077000444213694e-08,9.076988897199617e-06,99.99987258480641
10,I1,N5,6.356328780431937e-05,0.00012864026530407235,6.356965426920418e-05,99.99987267142161,99.99980910176734,9.077007580162634e-08,9.076990252315584e-06,99.99980378896018
10,I1,N6,0.0,0.0,2.69644087239309e-05,99.99993635099099,99.99990938658227,9.084350453367557e-08,9.084342221727134e-06,99.99993626331097
10,I1,N7,0.0,0.0,3.492372700107613e-05,100.0,99.999965076273,9.079649794187765e-08,9.079646623235658e-06,100.0
10,I1,N8,14.685179184427874,69.09755431435725,14.685179149081304,14.685179278313,1.2923169734335715e-07,32.92811556918343,4.2553562653238e-06,0.0
10,I1,N9,1.779747343518845,6.663081094194203,1.6435924469510692,53.4031324560809,51.75954000912983,6.379714575315075e-08,3.3021109180784934e-06,51.29186645465221
10,I2,N1,0.0,0.0,5.0641299927917915e-05,99.99987279312764,99.99982215182771,9.079521693839502e-08,9.079505546076117e-06,99.99987258654343
10,I2,N2,0.0,0.0,1.4660434331808766e-05,99.99983838449614,99.99982372406181,9.082357214298525e-08,9.082341204288136e-06,99.99983838449614
10,I2,N3,0.44073910588020315,1.1698697824437478,0.1393527284137031,54.06928357972729,53.929930851313586,1.5495169399720298e-05,0.0008356534142563059,53.25693771490192
10,I2,N4,0.0,0.0,5.064131186612541e-05,99.99987279310378,99.9998221517919,9.079521674923034e-08,9.079505527156432e-06,99.99987258480641
10,I2,N5,0.0,0.0,5.063298616871054e-05,99.9998091081338,99.99975847514763,9.079525721226047e-08,9.079503791914953e-06,99.99980378896018
10,I2,N6,0.0,0.0,7.099861844592907e-06,99.99993635099099,99.99992925112915,9.082414616239065e-08,9.082408190533278e-06,99.99993626331097
10,I2,N7,0.0,0.0,1.4627902033163185e-05,100.0,99.99998537209797,9.082346262086832e-08,9.082344933530119e-06,100.0
10,I2,N8,18.913294619806752,84.01729572783495,18.91329463095782,18.91329469894464,6.798681795316952e-08,35.3567100315049,2.4037902083349264e-06,0.0
10,I2,N9,2.798158502717044,7.890460204493405,3.0994524455346713,53.7185244153713,50.619071969836625,-1.514720358120241e-05,-0.0007667373882186519,51.29186645465221
10,I3,N1,0.0,0.0,4.011145866538219e-05,99.99987279312764,99.99983268166898,1.450147644938584e-07,1.4501452185757472e-05,99.99987258654343
10,I3,N2,0.0,0.0,3.97879225512659e-05,99.99983838449614,99.9997985965736,1.3187492339996615e-07,1.3187465779935185e-05,99.99983838449614
10,I3,N3,15.980768042962262,32.83976591705945,15.978760781900501,69.61399612595346,53.63523534405296,1.693363523472935e-07,9.082395110450561e-06,53.25693771490192
10,I3,N4,0.0,0.0,3.987082771014447e-05,99.99987279310378,99.99983292227607,1.4560382311025566e-07,1.4560357983870206e-05,99.99987258480641
10,I3,N5,6.881530528972965e-05,0.00013916740624137479,7.100853754120402e-05,99.99987280589717,99.99980179735962,6.030501727202936e-07,6.030489774589285e-05,99.99980378896018
10,I3,N6,0.0,0.0,4.081020420275032e-05,99.99993635099099,99.9998955407868,1.2618910439660457e-07,1.2618897258045896e-05,99.99993626331097
10,I3,N7,0.0,0.0,3.981479132457518e-05,100.0,99.99996018520868,1.3178397111354533e-07,1.3178391864403224e-05,100.0
10,I3,N8,37.61655913014429,154.56280535229848,37.616559191386195,37.61655909120247,0.0,32.94024139701083,0.0,0.0
10,I3,N9,15.982218461934231,32.84503365528545,15.984260846028237,66.89781881170248,50.913557965674244,1.7854537250068947e-07,9.090380172316753e-06,51.29186645465221
10,I4,N1,6.383776655624511e-05,0.00012919102982633784,6.39263026403258e-05,99.99993642431,99.99987249800735,9.081829682013939e-08,9.081818102500125e-06,99.99987258654343
10,I4,N2,0.0,0.0,6.359856722146481e-05,99.99983838449614,99.99977478592892,9.081838564961403e-08,9.081818111383043e-06,99.99983838449614
10,I4,N3,29.020602584605054,59.21154500840508,29.18186988521474,82.27754029950698,53.09567041429224,1.709318397495139e-07,9.075740626648808e-06,53.25693771490192
10,I4,N4,6.383948934696013e-05,0.00012919449282748472,6.392875964183899e-05,99.99993642429577,99.99987249553612,9.081829682238597e-08,9.08181810250035e-06,99.99987258480641
10,I4,N5,6.383244672867507e-05,0.00012918034818966775,6.391886031794463e-05,99.9998676214069,99.99980370254659,9.081835936166924e-08,9.08181810875426e-06,99.99980378896018
10,I4,N6,6.373668903535617e-05,0.00012898839618343257,6.377426618976107e-05,100.0,99.9999362257338,9.081823888573238e-08,9.081818096706696e-06,99.99993626331097
10,I4,N7,0.0,0.0,6.359883410572603e-05,100.0,99.9999364011659,9.081823872624846e-08,9.081818096690748e-06,100.0
10,I4,N8,28.78496706562109,121.4696440801004,28.784967061872944,28.78496704902173,0.0,33.058036695454916,0.0,0.0
10,I4,N9,28.14800923717767,57.44727240176256,27.986752335084542,79.43987569182988,51.45312335674534,1.7700285108102614e-07,9.107349531167664e-06,51.29186645465221
11,I1,N1,6.356026996601381e-05,0.000128634069863619,6.355366137816054e-05,99.99993616223344,99.99987260857206,9.08182859426731e-08,9.081817024796181e-06,99.99982424656524
11,I1,N2,7.482854805504095e-05,0.00015015809893186477,3.763413842707103e-05,100.0,99.99996236586158,9.081780895232711e-08,9.081777477382718e-06,99.99992517145195
11,I1,N3,1.3814840561486323,5.17212935139885,1.4159975580763788,54.55789026655248,53.1418927084761,3.0236823783025485e-07,1.6068420453226386e-05,52.19881773948084
11,I1,N4,6.356027168597287e-05,0.00012863407330943228,6.355365773584099e-05,99.99993616051066,99.99987260685292,9.081828594430771e-08,9.081817024803511e-06,99.99982164192134
11,I1,N5,6.354951656224094e-05,0.00012861256423430162,6.354361460135017e-05,99.99986735224797,99.99980380863337,9.081834848601352e-08,9.081817030825448e-06,99.9998003327319
11,I1,N6,0.0,0.0,5.979286951200369e-05,99.99993626331097,99.99987647044146,9.081812176213571e-08,9.081800957491083e-06,99.9999455277209
11,I1,N7,0.0,0.0,3.7679765485493836e-05,100.0,99.99996232023452,9.081780203092039e-08,9.081776781098557e-06,100.0
11,I1,N8,14.685179090541476,69.0975079476157,14.685179055195963,14.685179184427867,1.2923190340075053e-07,32.9280912765456,4.255359911021637e-06,0.0
11,I1,N9,1.6991294091960598,6.361382167159412,1.6645788659148664,53.07161379817106,51.40703493225619,4.5359547986900436e-08,2.3317998678739414e-06,52.35009837325601
11,I2,N1,0.0,0.0,6.12817041319671e-05,99.99987260196347,99.99981132025934,9.786465041536276e-08,9.786446576459417e-06,99.99982424656524
11,I2,N2,0.0,0.0,3.6968388384236246e-05,99.99992517145195,99.99988820306356,1.157475721772338e-07,1.1574744277499411e-05,99.99992517145195
11,I2,N3,1.179874248279434,3.404195647878001,1.4966464521648186,53.61714531628405,52.120498864119234,9.528643298914839e-07,4.966376422376882e-05,52.19881773948084
11,I2,N4,0.0,0.0,6.091732577228707e-05,99.99987260023897,99.9998116829132,9.495440226852757e-08,9.495422345316343e-06,99.99982164192134
11,I2,N5,0.0,0.0,6.10972308876686e-05,99.99980380273142,99.99974270550054,9.69001058871185e-08,9.689985656847607e-06,99.9998003327319
11,I2,N6,0.0,0.0,4.933293226079922e-05,99.99993626331097,99.99988693037871,8.289636307491405e-08,8.289626934431025e-06,99.9999455277209
11,I2,N7,0.0,0.0,3.706428298128086e-05,100.0,99.99996293571702,1.1515478424371474e-07,1.1515474156241963e-05,100.0
11,I2,N8,18.913294631148517,84.01728328708323,18.913294642309136,18.913294710269085,6.795994877961675e-08,35.3604056078892,2.403091353938623e-06,0.0
11,I2,N9,2.0589130580084003,5.656022226587531,1.742093581704696,54.17064289169204,52.428549309987346,-6.763083939267227e-07,-3.545786797974553e-05,52.35009837325601
11,I3,N1,4.9859439784795534e-05,0.0001008101516837424,7.122777112113648e-05,99.99987260196347,99.99980137419236,-2.353338726998991e-08,-2.353334052660938e-06,99.99982424656524
11,I3,N2,0.0,0.0,2.1740053965649076e-05,99.99992517145195,99.99990343139798,1.2659645481459586e-07,1.2659633256216925e-05,99.99992517145195
11,I3,N3,16.015104023218793,33.12688383644341,16.029819443328737,68.41803911096687,52.38821966763814,7.027605209041235e-08,3.681637254286903e-06,52.19881773948084
11,I3,N4,5.246369119198228e-05,0.00010600171021176648,7.49481302742604e-05,99.99987260023897,99.9997976521087,-3.855398992070613e-08,-3.855391190752051e-06,99.99982164192134
11,I3,N5,7.333778249676803e-05,0.0001482155645082266,7.527598701407019e-05,99.9998726180367,99.99979734204969,-5.193744015869287e-08,-5.19373349033412e-06,99.9998003327319
11,I3,N6,0.0,0.0,2.726799820722326e-05,99.99993626331097,99.99990899531277,1.3831991838044607e-07,1.3831979250283696e-05,99.9999455277209
11,I3,N7,0.0,0.0,2.1493968420402083e-05,100.0,99.99997850603158,1.2576469512751509e-07,1.2576466809569123e-05,100.0
11,I3,N8,37.61655924379214,154.5628499568253,37.61655930502813,37.61655920485495,0.0,32.93898168183501,0.0,0.0
11,I3,N9,15.947947953444254,32.55806849425508,15.933260592662835,68.09394829561786,52.16068770295503,2.783213377818336e-07,1.4517432381106881e-05,52.35009837325601
11,I4,N1,6.233372500511835e-05,0.00012618177651503495,6.168913576892117e-05,99.99988658029025,99.99982489115449,9.081840790993905e-08,9.081824887887344e-06,99.99982424656524
11,I4,N2,0.0,0.0,5.903329748174205e-05,99.99992517145195,99.99986613815447,1.687488302971901e-07,1.6874860440689156e-05,99.99992517145195
11,I4,N3,29.224719932872304,59.6158442766685,29.312198796415412,81.42353767235315,52.11133887593773,2.865268522889665e-07,1.4931297896686087e-05,52.19881773948084
11,I4,N4,6.23341157721603e-05,0.0001261825633157668,6.168895566867464e-05,99.99988397603713,99.99982228708146,9.081840160878966e-08,9.081824021275759e-06,99.99982164192134
11,I4,N5,6.277996904574907e-05,0.00012707416768498474,6.232890718163792e-05,99.99986311270094,99.99980078379376,9.081840612625127e-08,9.081822520126802e-06,99.9998003327319
11,I4,N6,5.4472279104562774e-05,0.00011046023938933108,5.050181770565131e-05,100.0,99.99994949818229,9.091452124912711e-08,9.091447533564132e-06,99.9999455277209
11,I4,N7,0.0,0.0,5.565204253822739e-05,100.0,99.99994434795747,9.051804204134198e-08,9.051799166620272e-06,100.0
11,I4,N8,28.784967034517866,121.46966011754164,28.784967030775952,28.78496701791306,0.0,33.05944075624878,0.0,0.0
11,I4,N9,27.943911206095272,57.04301743488709,27.856440621345673,80.29400957935128,52.43756895800561,6.110847696816288e-08,3.204379974936739e-06,52.35009837325601
12,I1,N1,6.358300846331569e-05,0.00012867952187554005,6.359275353358794e-05,99.9998878068352,99.99982421408167,9.080318051341252e-08,9.080302089420778e-06,99.99981335210184
12,I1,N2,0.0,0.0,3.547500482258042e-05,100.0,99.99996452499518,9.080937136716017e-08,9.08093391525313e-06,100.0
12,I1,N3,1.264425707611625,4.733884782634805,1.2142578439529075,53.58030179562947,52.36604395167656,5.35432870578745e-07,2.8038501233898908e-05,52.81474621384432
12,I1,N4,6.358300904625409e-05,0.00012867952303185302,6.359275362923176e-05,99.99988520219304,99.99982160943941,9.080318288124169e-08,9.080302089693471e-06,99.99982309457025
12,I1,N5,6.357289477249298e-05,0.00012865928916916714,6.358291400545814e-05,99.99986388224846,99.99980029933445,9.080319851289011e-08,9.080301717829834e-06,99.99980490352364
12,I1,N6,0.0,0.0,5.6654048914119625e-05,99.9999455277209,99.99988887367198,9.076554658866291e-08,9.076544572424389e-06,99.99993913151626
12,I1,N7,0.0,0.0,3.547617775228291e-05,100.0,99.99996452382224,9.080937911581561e-08,9.080934690011885e-06,100.0
12,I1,N8,14.685178996655974,69.09746423358743,14.685178961309573,14.685179090541482,1.2923190872982104e-07,32.9280906630091,4.255360007209265e-06,0.0
12,I1,N9,1.8161516044558168,6.799543161256536,1.8663039738528555,54.04922778245207,52.18292380859921,-1.8778992845544707e-07,-9.799427528612891e-06,51.73420209678629
12,I2,N1,0.0,0.0,5.056590888876026e-05,99.99982422382675,99.99977365791786,9.081813286452517e-08,9.081792730487227e-06,99.99981335210184
12,I2,N2,0.0,0.0,3.642783908742313e-05,100.0,99.99996357216091,9.081821750881994e-08,9.081818442570579e-06,100.0
12,I2,N3,1.4214953737473193,3.820760726216731,1.5250472846621272,53.49575033629728,51.97070305163515,3.6431478918313934e-07,1.8933695725955995e-05,52.81474621384432
12,I2,N4,0.0,0.0,5.0565903717652044e-05,99.99982161918399,99.99977105328027,9.081813523273764e-08,9.081792730759611e-06,99.99982309457025
12,I2,N5,0.0,0.0,5.055844815552035e-05,99.99980030935369,99.99974975090554,9.081815459242398e-08,9.08179273208145e-06,99.99980490352364
12,I2,N6,0.0,0.0,4.7579845074319556e-05,99.9999455277209,99.99989794787582,9.081802805525393e-08,9.081793537352715e-06,99.99993913151626
12,I2,N7,0.0,0.0,3.643044685940774e-05,100.0,99.99996356955315,9.081821757744101e-08,9.081818449195852e-06,100.0
12,I2,N8,18.913294642491884,84.01727007314034,18.91329465365155,18.913294721610853,6.795930218572721e-08,35.36049462953081,2.4030745399650687e-06,0.0
12,I2,N9,1.8172480221562597,5.239429274676853,1.7136772925053425,54.29198923600465,52.57831194349931,-1.6670630758666002e-08,-8.765136243240356e-07,51.73420209678629
12,I3,N1,5.9837894422774095e-05,0.00012106352610208733,6.411437498190776e-05,99.99987408326653,99.99980996889155,8.593141342890029e-08,8.593125013248284e-06,99.99981335210184
12,I3,N2,0.0,0.0,2.484601819883882e-05,100.0,99.99997515398181,1.0499919115670376e-07,1.0499916506858562e-05,100.0
12,I3,N3,15.995809025215665,32.94184658447719,15.987539740357184,68.08935898576875,52.10181924541157,1.7495242617789508e-07,9.1153396852669e-06,52.81474621384432
12,I3,N4,5.0095308211496093e-05,0.0001015738891538528,4.908028693414488e-05,99.99987408287518,99.99982500258825,1.0181734993873361e-07,1.0181717176100651e-05,99.99982309457025
12,I3,N5,6.816270287041495e-05,0.00013784988331057613,6.594481160197792e-05,99.99987364713618,99.99980770232459,8.115557176161781e-08,8.115541570133985e-06,99.99980490352364
12,I3,N6,0.0,0.0,2.9547055949036067e-05,99.9999455277209,99.99991598066495,1.0962661708028195e-07,1.0962652497272724e-05,99.99993913151626
12,I3,N7,0.0,0.0,2.4844298576313997e-05,100.0,99.99997515570142,1.0499740920928551e-07,1.0499738312341566e-05,100.0
12,I3,N8,37.616559357450555,154.5628924597126,37.616559418687814,37.61655931850235,0.0,32.940448355611636,0.0,0.0
12,I3,N9,15.967280071645884,32.74319951454609,15.975565265160867,68.42268916729265,52.44712390213178,1.726815842166671e-07,9.056652443027943e-06,51.73420209678629
12,I4,N1,6.322699527199695e-05,0.00012796771803278375,6.360982538637349e-05,99.99987657909712,99.99981296927173,9.081374169951739e-08,9.081357184991492e-06,99.99981335210184
12,I4,N2,0.0,0.0,6.36098379208317e-05,100.0,99.99993639016208,9.081363311592255e-08,9.08135753495177e-06,100.0
12,I4,N3,28.503523679581065,58.00281585551694,28.194439571027676,81.3182698934254,53.12383032239772,-9.742360212804547e-08,-5.175514908847073e-06,52.81474621384432
12,I4,N4,6.322711250272617e-05,0.00012796795407423687,6.36098253872544e-05,99.99988632168274,99.99982271185735,9.081373274284276e-08,9.08135717408627e-06,99.99982309457025
12,I4,N5,6.33608787110115e-05,0.00012823545584124882,6.360983999612396e-05,99.99986826440235,99.99980465456235,9.081375121063246e-08,9.081357381011271e-06,99.99980490352364
12,I4,N6,6.086848374977738e-05,0.00012325110136672998,6.36097143120122e-05,100.0,99.99993639028568,9.081362917839383e-08,9.081357141210375e-06,99.99993913151626
12,I4,N7,0.0,0.0,6.360983792003215e-05,100.0,99.99993639016208,9.081363320697488e-08,9.081357544056999e-06,100.0
12,I4,N8,28.784967003401583,121.46967550249794,28.784966999651584,28.784966986801095,0.0,33.05794963182428,0.0,0.0
12,I4,N9,28.66511820495575,58.65607224503738,28.974206918753097,80.39932030174204,51.42511338298894,4.4514854545707264e-07,2.2891814422402566e-05,51.73420209678629
13,I1,N1,6.357472584699842e-05,0.00012866294055858082,6.357117615429102e-05,99.99987693511031,99.99981336393415,9.08145051226794e-08,9.08143356300598e-06,99.99981025322427
13,I1,N2,0.0,0.0,3.570934002747147e-05,100.0,99.99996429065997,9.081675087423747e-08,9.08167184441751e-06,100.0
13,I1,N3,1.1560279749424092,4.328041833217392,1.1095718037984594,54.07917192145595,52.96960011765749,6.694641999190937e-07,3.54612509628019e-05,53.43098169980401
13,I1,N4,6.357472583782954e-05,0.0001286629405253814,6.357117589136188e-05,99.99988667757928,99.9998231064034,9.081449626466833e-08,9.081433561963964e-06,99.99981242028238
13,I1,N5,6.356483453257594e-05,0.0001286431511823356,6.356138014404008e-05,99.99986847641841,99.99980491503827,9.08145110595742e-08,9.081433389412006e-06,99.99980664510745
13,I1,N6,0.0,0.0,5.664364619115521e-05,99.99993913151626,99.99988248787007,9.09381086189385e-08,9.093800175563014e-06,99.99993593073083
13,I1,N7,0.0,0.0,3.5709285272921754e-05,100.0,99.99996429071473,9.081675094083157e-08,9.08167185108189e-06,100.0
13,I1,N8,14.685178902770506,69.09742007686398,14.685178867423867,14.685178996655978,1.2923211123450074e-07,32.92806659298403,4.25536356468156e-06,-1.4210854715202004e-14
13,I1,N9,1.924525307838146,7.205294865683239,1.9709711807162869,53.55035370124211,51.579382520525826,-3.217707361137106e-07,-1.659673588192025e-05,51.117978007941126
13,I2,N1,0.0,0.0,5.056774324150547e-05,99.99981336038446,99.99976279264122,9.082421584254877e-08,9.082400040082524e-06,99.99981025322427
13,I2,N2,0.0,0.0,3.792957311681715e-05,100.0,99.99996207042689,9.081894735093787e-08,9.081891290369883e-06,100.0
13,I2,N3,0.8416663578475067,2.005464067380303,0.5931682081761583,54.34463932026086,53.7514711120847,3.971008128055171e-06,0.00021344752868101107,53.43098169980401
13,I2,N4,0.0,0.0,5.0567743201449187e-05,99.99982310285345,99.99977253511025,9.082420695189854e-08,9.082400035871633e-06,99.99981242028238
13,I2,N5,0.0,0.0,5.05597905679678e-05,99.99980491158388,99.99975435179331,9.08242234593929e-08,9.082400035131674e-06,99.99980664510745
13,I2,N6,0.0,0.0,4.547469936453444e-05,99.99993913151626,99.9998936568169,9.082327521224018e-08,9.082317862787832e-06,99.99993593073083
13,I2,N7,0.0,0.0,3.7919680017348665e-05,100.0,99.99996208031999,9.081898449984766e-08,9.081895006157934e-06,100.0
13,I2,N8,18.913294653831652,84.01725317699757,18.91329466498945,18.91329473295437,6.79649190260534e-08,35.35972216484077,2.403220653717148e-06,-1.4210854715202004e-14
13,I2,N9,2.3970419462825205,7.054694750699772,2.6455250566223465,53.44307641556022,50.79755135893787,-3.6231035120382157e-06,-0.00018404478673150944,51.117978007941126
13,I3,N1,6.139236819696995e-05,0.0001242607479134733,6.20585712430539e-05,99.99987319827888,99.99981113970763,9.081735255633037e-08,9.081718103841282e-06,99.99981025322427
13,I3,N2,0.0,0.0,1.593817299613745e-06,100.0,99.9999984061827,9.081566980577404e-08,9.081566835833818e-06,100.0
13,I3,N3,16.007735595712866,32.93648540225869,16.012846983068812,69.49878198762902,53.485935004560204,1.7280725257219872e-07,9.24275747939324e-06,53.43098169980401
13,I3,N4,5.922527429057886e-05,0.00011992522460227826,6.313811689590004e-05,99.99987319816167,99.99981006004477,9.099018139708492e-08,9.099000857037511e-06,99.99981242028238
13,I3,N5,6.497086478839662e-05,0.00013145850108296357,6.360293418181736e-05,99.99987307428675,99.99980947135258,9.081819574839875e-08,9.081802271371877e-06,99.99980664510745
13,I3,N6,0.0,0.0,2.1107369434165715e-06,99.99993913151626,99.99993702077931,9.081484379756241e-08,9.081478660308152e-06,99.99993593073083
13,I3,N7,0.0,0.0,1.5937332348068441e-06,100.0,99.99999840626677,9.081567008709868e-08,9.081566863973916e-06,100.0
13,I3,N8,37.61655947111082,154.56293734881197,37.61655953234823,37.616559432164735,0.0,32.94021231664004,0.0,-1.4210854715202004e-14
13,I3,N9,15.95539055015853,32.74865695088101,15.950295040949664,67.01331454092357,51.06301949997391,1.7501238338052864e-07,8.936660745296844e-06,51.117978007941126
13,I4,N1,6.477968168460886e-05,0.0001310912359330927,6.54451187185854e-05,99.99987503290596,99.99980958778724,9.081835401142568e-08,9.081818108218821e-06,99.99981025322427
13,I4,N2,0.0,0.0,6.544066292677554e-05,100.0,99.99993455933708,9.081824040063623e-08,9.081818096857766e-06,100.0
13,I4,N3,28.56358837169321,58.238428471774554,28.589330382598416,81.99457007149722,53.4052396888988,1.7013412355670656e-07,9.086053647806638e-06,53.43098169980401
13,I4,N4,6.477971749490789e-05,0.00013109130809034513,6.544511963441432e-05,99.99987719999987,99.99981175488024,9.081835204133352e-08,9.081818108021796e-06,99.99981242028238
13,I4,N5,6.481919323009966e-05,0.00013117024918554544,6.544418516685173e-05,99.99987146430068,99.99980602011551,9.081835725477602e-08,9.081818108543153e-06,99.99980664510745
13,I4,N6,6.406926916877336e-05,0.00012967046537859132,6.544103434834306e-05,100.0,99.99993455896565,9.081824040097389e-08,9.0818180968578e-06,99.99993593073083
13,I4,N7,0.0,0.0,6.544077600768197e-05,100.0,99.99993455922399,9.0818240400739e-08,9.081818096857773e-06,100.0
13,I4,N8,28.784966972287034,121.46969157379152,28.784966968537276,28.784966955687395,0.0,33.05787680054081,0.0,-1.4210854715202004e-14
13,I4,N9,28.605064187779675,58.42048659033218,28.579326751847077,79.72304219572081,51.14371544387373,1.7766130486811976e-07,9.086259221562415e-06,51.117978007941126
14,I1,N1,6.357797851866587e-05,0.0001286694493270811,6.357937252080905e-05,99.99987382795013,99.9998102485776,9.081960633832784e-08,9.0819434006833e-06,99.99979081442027
14,I1,N2,0.0,0.0,7.160110591970824e-06,100.0,99.9999928398894,9.083082658171698e-08,9.083082007812934e-06,99.99994119838304
14,I1,N3,0.9753028465626714,3.6513766336572244,0.8978492201142123,54.58700967474642,53.68916045463221,9.853918067239553e-07,5.2904858821882365e-05,59.781897672538115
14,I1,N4,6.357798026959108e-05,0.00012866945279219521,6.35793750260603e-05,99.99987599500821,99.99981241563319,9.081960440190117e-08,9.08194340385213e-06,99.99979413724256
14,I1,N5,6.306868868688755e-05,0.00012765097140003424,6.28560547530211e-05,99.99987020994197,99.99980735388722,9.080950417828845e-08,9.080932923730861e-06,99.99978551853364
14,I1,N6,0.0,0.0,5.453816013729326e-06,99.99993593073083,99.99993047691481,9.08210058587915e-08,9.082094271722624e-06,99.99992202530946
14,I1,N7,0.0,0.0,7.161361718513568e-06,100.0,99.99999283863828,9.083083807232897e-08,9.083083156760411e-06,99.99994123788474
14,I1,N8,14.685178808884439,69.09737625930963,14.685178773537983,14.685178902770502,1.292325197965738e-07,32.928018009556936,4.255370739282005e-06,0.0
14,I1,N9,2.1052571353234226,7.881933774632425,2.1827136328171126,53.04250331577927,50.85978968296216,-6.374741394565109e-07,-3.242180066108543e-05,44.76706525761241
14,I2,N1,0.0,0.0,5.056942963190015e-05,99.9998102499716,99.99975968054197,9.081806120297138e-08,9.08178429494989e-06,99.99979081442027
14,I2,N2,0.0,0.0,3.4280226327963034e-05,100.0,99.99996571977367,9.081408594932667e-08,9.081405481805247e-06,99.99994119838304
14,I2,N3,0.25256348223199915,0.6017676638483338,9.082125392447204e-05,54.45337318603125,54.45328236477732,1.6743005306199478e-07,9.117115955734451e-06,59.781897672538115
14,I2,N4,0.0,0.0,5.05694315511367e-05,99.99981241702794,99.99976184759639,9.081805923134683e-08,9.081784294595585e-06,99.99979413724256
14,I2,N5,0.0,0.0,5.056121015561189e-05,99.9998071412533,99.99975658004314,9.081806315940859e-08,9.081784209011842e-06,99.99978551853364
14,I2,N6,0.0,0.0,1.189803576844121e-05,99.99993593073083,99.99992403269506,9.082254501211224e-08,9.082247601667251e-06,99.99992202530946
14,I2,N7,0.0,0.0,3.426983133754713e-05,100.0,99.99996573016867,9.081417081233962e-08,9.081413969047645e-06,99.99994123788474
14,I2,N8,18.91329466517722,84.01724175540696,18.913294676338072,18.913294744294404,6.795633211709173e-08,35.360903210925514,2.4029972825619896e-06,0.0
14,I2,N9,2.986097685688951,8.45831642758105,3.2385501454345644,53.33428812673837,50.095737981303806,1.8081266959107082e-07,9.057944119534342e-06,44.76706525761241
14,I3,N1,6.744134109803264e-05,0.00013642675260013815,7.003375805563093e-05,99.9998716423398,99.99980160858175,0.0,0.0,99.99979081442027
14,I3,N2,0.0,0.0,1.863673215685812e-05,100.0,99.99998136326785,1.01116923101834e-07,1.0111690425694388e-05,99.99994119838304
14,I3,N3,16.011636424610497,32.91893354868796,16.01330820842377,70.20854529951211,54.195237091088345,1.4780911836050712e-07,8.010550213772423e-06,59.781897672538115
14,I3,N4,6.411911271382165e-05,0.00012975745920326776,6.621647203806856e-05,99.99987164230224,99.9998054258302,6.170544700855779e-08,6.170532694569655e-06,99.99979413724256
14,I3,N5,7.322416424766738e-05,0.00014801056961509217,7.676129258735484e-05,99.99987211211808,99.9997953508255,-8.776363046007672e-08,-8.776345085253147e-06,99.99978551853364
14,I3,N6,0.0,0.0,5.597680976357368e-05,99.99993593073083,99.99987995392107,1.1013196924355468e-07,1.1013183703444395e-05,99.99992202530946
14,I3,N7,0.0,0.0,1.8618498189459335e-05,100.0,99.99998138150181,1.0113057569503148e-07,1.0113055686603708e-05,99.99994123788474
14,I3,N8,37.61655958476578,154.56297827157888,37.61655964600204,37.61655954581908,0.0,32.9401486069368,0.0,0.0
14,I3,N9,15.951518646235776,32.76628925298679,15.949859258840311,66.30358099120795,50.35372173236764,2.002972132843907e-07,1.0085710141490899e-05,44.76706525761241
14,I4,N1,7.81662601210061e-05,0.00015805249661617917,8.390336516517634e-05,99.99986898068039,99.99978507731522,8.25469038811141e-08,8.254672646909207e-06,99.99979081442027
14,I4,N2,5.880161695994456e-05,0.00011886496814369095,8.400230994277794e-05,100.0,99.99991599769005,8.259003457033114e-08,8.258996519279431e-06,99.99994119838304
14,I4,N3,22.978599574056716,46.71612288078671,20.585032946498217,82.76049724659484,62.17546430009662,2.2225485758456622e-07,1.3818798963272256e-05,59.781897672538115
14,I4,N4,7.816566446331688e-05,0.0001580512977159284,8.390249887834931e-05,99.99987230290702,99.99978840040815,8.254693297019969e-08,8.254675830122643e-06,99.99979413724256
14,I4,N5,7.818861342731408e-05,0.00015809737844273996,8.391836494040596e-05,99.99986370714707,99.99977978878213,8.254652430395985e-08,8.254634252725338e-06,99.99978551853364
14,I4,N6,7.797469054534828e-05,0.00015766974303270184,8.393415684959469e-05,100.0,99.99991606584315,8.254600689269647e-08,8.254593760840157e-06,99.99992202530946
14,I4,N7,5.876211525876875e-05,0.00011878513790452297,8.394587894109822e-05,100.0,99.99991605412106,8.254564516910208e-08,8.254557587543472e-06,99.99994123788474
14,I4,N8,28.784966941172566,121.46970645537638,28.784966937423707,28.784966924571435,0.0,33.05816394520865,0.0,0.0
14,I4,N9,34.19006127513944,69.94281460434094,36.58363145543649,78.95712653275186,42.37349507731537,1.3831952951930512e-07,5.861081903182853e-06,44.76706525761241
15,I1,N1,6.356949052032027e-05,0.00012865245266150945,6.356585280674359e-05,99.99985439239877,99.99979082654596,9.081834123574689e-08,9.081815126788563e-06,99.99978121791905
15,I1,N2,0.0,0.0,3.8338400870033875e-05,99.99994119838304,99.99990285998217,9.08181615216156e-08,9.081807330083731e-06,99.99993376474183
15,I1,N3,1.3351952035624532,4.998821645405391,1.4894347851337881,60.757200519100785,59.267765733966996,2.0855909230224234e-07,1.2360831424258099e-05,56.49075915162583
15,I1,N4,6.356949101558385e-05,0.00012865245364097316,6.356585276386648e-05,99.99985771522282,99.99979414937005,9.08183382149871e-08,9.081815126486577e-06,99.99978228110305
15,I1,N5,6.341068629397436e-05,0.00012833487782637135,6.355725669701156e-05,99.99984858722233,99.99978502996564,9.081834644177968e-08,9.081815120954912e-06,99.99978134765676
15,I1,N6,0.0,0.0,5.9031786900131635e-05,99.99992202530946,99.99986299352256,9.081837962258442e-08,9.081825519552163e-06,99.99992840244653
15,I1,N7,0.0,0.0,3.833867111491919e-05,99.99994123788474,99.99990289921362,9.081816174191366e-08,9.081807355676444e-06,99.99993385538099
15,I1,N8,14.685178715000202,69.09732346593775,14.685178679652447,14.68517880888443,1.292319833368083e-07,32.928081435724565,4.255361271414623e-06,0.0
15,I1,N9,1.7453023535290986,6.534265215618579,1.5910360184743884,46.87232239293583,45.28128637446144,1.454094157419699e-07,6.58432539575526e-06,48.05821101681951
15,I2,N1,0.0,0.0,5.222841830290714e-05,99.99979082290827,99.99973859448997,9.075434341228391e-08,9.075410617542964e-06,99.99978121791905
15,I2,N2,0.0,0.0,3.8744841410898916e-05,99.99994119838304,99.99990245354164,9.083777090664608e-08,9.08376822976177e-06,99.99993376474183
15,I2,N3,1.2087577668048188,3.205543951621225,1.6185553173360272,59.674568797770334,58.05601348043431,7.443666872840924e-07,4.3214962431351496e-05,56.49075915162583
15,I2,N4,0.0,0.0,5.224697037547704e-05,99.99979414573181,99.99974189876144,9.074606418676203e-08,9.074582997004642e-06,99.99978228110305
15,I2,N5,0.0,0.0,5.222940213414623e-05,99.99978517653604,99.99973294713391,9.075184784040517e-08,9.075160548499447e-06,99.99978134765676
15,I2,N6,0.0,0.0,4.881300491818814e-05,99.99992202530946,99.99987321230454,9.105869692958256e-08,9.10585814783592e-06,99.99992840244653
15,I2,N7,0.0,0.0,3.8758744167402224e-05,99.99994123788474,99.99990247914057,9.083892854344816e-08,9.083883995654435e-06,99.99993385538099
15,I2,N8,18.913294676522032,84.01722538272591,18.913294687679883,18.913294755639612,6.795972851136867e-08,35.36043594736818,2.4030856270267827e-06,0.0
15,I2,N9,2.029862438371569,5.854469057594967,1.6200473323784053,48.113117725095684,46.49307039271728,-3.9250223529577566e-07,-1.8248634054905377e-05,48.05821101681951
15,I3,N1,6.475393133362315e-05,0.00013103051147636847,6.360218429173335e-05,99.99985826424935,99.99979466206506,9.081836758032172e-08,9.081818109576118e-06,99.99978121791905
15,I3,N2,0.0,0.0,6.360314343300951e-05,99.99994119838304,99.99987759523961,9.081829218628033e-08,9.081818102036739e-06,99.99993376474183
15,I3,N3,15.99471831231207,32.873798237241786,15.987467692755601,74.47744745557601,58.48997976282041,1.5533586677736417e-07,9.085591704248197e-06,56.49075915162583
15,I3,N4,6.37572628174839e-05,0.00012902972345555597,6.360218429048201e-05,99.99985826484452,99.99979466266024,9.081836757978067e-08,9.081818109576066e-06,99.99978228110305
15,I3,N5,6.648906430383424e-05,0.00013450622912340428,6.360259289933433e-05,99.99985840070028,99.99979479810737,9.081836745664637e-08,9.08181810956375e-06,99.99978134765676
15,I3,N6,0.0,0.0,6.360139894072441e-05,99.99992202530946,99.99985842391052,9.081830961480717e-08,9.081818103779589e-06,99.99992840244653
15,I3,N7,0.0,0.0,6.360314302328294e-05,99.99994123788474,99.99987763474172,9.081829215036925e-08,9.08181810203315e-06,99.99993385538099
15,I3,N8,37.61655969842719,154.5630285017906,37.61655975966089,37.61655965947631,0.0,32.94034194421514,0.0,0.0
15,I3,N9,15.96851089889374,32.811639328041274,15.975793292890009,62.034773932959894,46.05898064006988,1.972844744305839e-07,9.086721788384626e-06,48.05821101681951
15,I4,N1,9.04586590912086e-05,0.00018277290030180234,9.572683007843826e-05,99.99987167657815,99.99977594974807,-2.0308649734969235e-06,-0.00020308604233388341,99.99978121791905
15,I4,N2,6.623525817007136e-05,0.00013394897519162496,6.942110440298285e-05,100.0,99.9999305788956,-1.5302373718157386e-06,-0.0001530236309508055,99.99993376474183
15,I4,N3,24.970569565694824,50.90648488381166,25.82427099068258,81.46132871732065,55.637057726638076,8.352901573421592e-08,4.647308670253831e-06,56.49075915162583
15,I4,N4,9.039214311969224e-05,0.000182640145280027,9.563206254385312e-05,99.99987267324617,99.99977704118363,-2.010372277456433e-06,-0.00020103677951541986,99.99978228110305
15,I4,N5,8.87525926341326e-05,0.00017936186021936528,9.328001229419767e-05,99.9998701002494,99.9997768202371,-2.2913080492562968e-06,-0.0002291302935520425,99.99978134765676
15,I4,N6,7.15975534693108e-05,0.00014479901904953791,6.88644947224376e-05,100.0,99.99993113550528,-1.0365152171048273e-06,-0.00010365145033138603,99.99992840244653
15,I4,N7,6.614461900848978e-05,0.00013376682375759152,6.930854918694164e-05,100.0,99.99993069145081,-1.5216562704982972e-06,-0.00015216552158604123,99.99993385538099
15,I4,N8,28.78496691005057,121.46972418848584,28.784966906294404,28.784966893456527,0.0,33.056433593113326,0.0,0.0
15,I4,N9,32.19811329238608,65.75251587294551,31.344421299777505,80.2563243092056,48.91190300942809,2.6323879654523166e-07,1.2875510484938944e-05,48.05821101681951
16,I1,N1,6.611074460788262e-05,0.00013374422379045946,6.71998535025522e-05,99.99984478740957,99.99977758755607,9.60174475499151e-08,9.60172339951634e-06,99.99979775193113
16,I1,N2,0.0,0.0,4.2414953626885375e-05,99.99993376474183,99.9998913497882,9.724783243513702e-08,9.72477267751611e-06,99.99993780114441
16,I1,N3,1.5045166805953514,5.63275231271443,1.5770830278951646,57.82595435518829,56.248871327293124,1.0355790820316995e-07,5.8250154534437396e-06,54.606216244053684
16,I1,N4,6.611082365881962e-05,0.00013374438224065334,6.719996622020639e-05,99.99984585059406,99.99977865062783,9.601761787268852e-08,9.60174053382942e-06,99.99980069693721
16,I1,N5,6.606240616610266e-05,0.00013364757062476438,6.719885753987193e-05,99.99984475834306,99.99977755948552,9.603032461370069e-08,9.603011100335257e-06,99.99979832213529
16,I1,N6,0.0,0.0,6.295085435144582e-05,99.99992840244653,99.99986545159217,9.498736256550549e-08,9.498723476152152e-06,99.99993486301491
16,I1,N7,0.0,0.0,4.207501046067019e-05,99.99993385538099,99.99989178037053,9.682578259321494e-08,9.68256778087118e-06,99.99993782863021
16,I1,N8,14.685178621113884,69.09726875579278,14.685178585769114,14.685178715000205,1.2923109160567492e-07,32.928188533500226,4.255345748781702e-06,0.0
16,I1,N9,1.5759240299282036,5.90010026507232,1.5033333198135346,49.80351337034861,48.300180050535076,2.5783111110032087e-07,1.245328908877501e-05,49.94275299246287
16,I2,N1,0.0,0.0,5.056996466594223e-05,99.99977867666497,99.9997281067003,9.081769833369495e-08,9.081745140645824e-06,99.99979775193113
16,I2,N2,0.0,0.0,3.4921940693639093e-05,99.99993376474183,99.99989884280113,9.08181008543251e-08,9.08180089852782e-06,99.99993780114441
16,I2,N3,1.1431857467194002,2.65518572262766,1.115083452397078,57.53019544139775,56.41511198900067,1.3754832894795577e-06,7.759804381498827e-05,54.606216244053684
16,I2,N4,0.0,0.0,5.056995975508175e-05,99.9997797397704,99.99972916981065,9.081769736992369e-08,9.081745140818194e-06,99.99980069693721
16,I2,N5,0.0,0.0,5.056325551308034e-05,99.9997786959369,99.99972813268138,9.081769825120296e-08,9.081745134756189e-06,99.99979832213529
16,I2,N6,0.0,0.0,4.760449719153704e-05,99.99992840244653,99.99988079794933,9.080461667020411e-08,9.080450842923893e-06,99.99993486301491
16,I2,N7,0.0,0.0,3.48935331196189e-05,99.99993385538099,99.99989896184786,9.081813977472685e-08,9.081804801375662e-06,99.99993782863021
16,I2,N8,18.913294687862315,84.01721465419268,18.91329469902321,18.913294766983796,6.796058471536526e-08,35.3603181013628,2.40310789388993e-06,0.0
16,I2,N9,2.0953950802986188,6.404765500520068,2.1234804982673543,50.257451778791975,48.13397128052462,-1.0256571077850171e-06,-4.936894976978996e-05,49.94275299246287
16,I3,N1,6.489444303465264e-05,0.00013130738796638333,6.495466233509385e-05,99.9998434305963,99.99977847593397,8.351662466421524e-08,8.351643965479247e-06,99.99979775193113
16,I3,N2,0.0,0.0,2.3342772829057033e-06,99.99993376474183,99.99993143046454,9.080334736297711e-08,9.080328509954365e-06,99.99993780114441
16,I3,N3,16.015255823844935,32.93078837726493,16.024057614501878,72.38172800699043,56.35767039248855,2.3020931641514805e-07,1.2974060775805017e-05,54.606216244053684
16,I3,N4,6.450183670459589e-05,0.00013051998548636466,6.482093979907245e-05,99.99984349703323,99.99977867609343,8.362904194538788e-08,8.362885685432522e-06,99.99980069693721
16,I3,N5,6.53135001236637e-05,0.00013213874426004383,6.480968690359062e-05,99.9998451850012,99.9997803753143,8.91236987429369e-08,8.912350300529366e-06,99.99979832213529
16,I3,N6,0.0,0.0,1.2863445036112407e-05,99.99992840244653,99.99991553900149,9.018472911063713e-08,9.018465293971442e-06,99.99993486301491
16,I3,N7,0.0,0.0,2.333777196945282e-06,99.99993385538099,99.99993152160378,9.080335227218525e-08,9.080329009150591e-06,99.99993782863021
16,I3,N8,37.616559812082826,154.56307695048045,37.616559873323965,37.616559773138135,0.0,32.94049112851386,0.0,0.0
16,I3,N9,15.948048332596741,32.75487483744428,15.939278661326597,64.13056759738708,48.19128893606049,1.1955655118286933e-07,5.761584302252561e-06,49.94275299246287
16,I4,N1,7.124288122434135e-05,0.00014410209731059555,6.300754785282681e-05,99.99986899481236,99.99980598726451,1.4322425983895667e-07,1.4322398196565227e-05,99.99979775193113
16,I4,N2,6.219885558955452e-05,0.0001259012888712186,6.046896876933301e-05,100.0,99.99993953103123,1.632527326719248e-07,1.6325263395468085e-05,99.99993780114441
16,I4,N3,26.730825504786626,54.5374402400591,27.485220907254543,81.3370417488403,53.85182084158576,2.9429557640663815e-07,1.5848352655121493e-05,54.606216244053684
16,I4,N4,6.869040242051604e-05,0.00013894527361704294,5.9389656406583375e-05,99.99986938733964,99.99980999768324,2.3382668319334362e-07,2.3382623891722834e-05,99.99980069693721
16,I4,N5,7.030195841780104e-05,0.00014222070904674073,6.239454375365895e-05,99.99986862409371,99.99980622954996,1.6795821707363958e-07,1.679578916202465e-05,99.99979832213529
16,I4,N6,6.51369850818575e-05,0.00013181489237747398,6.236817005866322e-05,100.0,99.99993763182994,1.4247530123001e-07,1.4247521237077181e-05,99.99993486301491
16,I4,N7,6.217136978462286e-05,0.0001258460554872239,6.046854868867989e-05,100.0,99.99993953145132,1.6325448921371868e-07,1.632543904960984e-05,99.99993782863021
16,I4,N8,28.784966878940974,121.46974140965516,28.78496687519771,28.784966862333775,0.0,33.0595664792213,0.0,0.0
16,I4,N9,30.437879564713565,62.12162690607568,29.683493681425343,80.38063255717644,50.697138875751094,5.321276387261385e-08,2.6977348800124547e-06,49.94275299246287
17,I1,N1,6.432965187941792e-05,0.00013017554809503676,6.356632642436163e-05,99.99986386267574,99.99980029634932,9.081836094535748e-08,9.08181795777752e-06,99.99979742895437
17,I1,N2,0.0,0.0,3.7938191520038986e-05,99.99993780114441,99.99989986295289,9.081821984757448e-08,9.081812890489088e-06,99.99993681348212
17,I1,N3,1.525633556447831,5.711833689637863,1.5346836460988937,56.110732924649035,54.576049278550144,1.723757830457103e-07,9.407589229931354e-06,53.8126079663625
17,I1,N4,6.432967436132717e-05,0.0001301755931615371,6.356632466240184e-05,99.99986680776088,99.99980324143623,9.081835826808723e-08,9.081817957518986e-06,99.99979831198958
17,I1,N5,6.430936416786538e-05,0.0001301349821494732,6.35580604543351e-05,99.99986438454145,99.99980082648099,9.081836043882439e-08,9.08181795527e-06,99.99979761965226
17,I1,N6,0.0,0.0,5.9732581645717305e-05,99.99993486301491,99.99987513043327,9.08183367378007e-08,9.081822333333711e-06,99.99993593213256
17,I1,N7,0.0,0.0,3.7938022661087e-05,99.99993782863021,99.99989989060755,9.081821985170465e-08,9.081812893413652e-06,99.99993682172786
17,I1,N8,14.685178527228647,69.09722290468336,14.685178491882048,14.685178621113891,1.2923184300461799e-07,32.92809912071134,4.255358936008267e-06,0.0
17,I1,N9,1.554745823769083,5.82082961951634,1.5456694497008885,51.518677022391074,49.973007572690186,1.759312534422787e-07,8.79181386054387e-06,50.73636287181201
17,I2,N1,0.0,0.0,5.060771612042889e-05,99.99979953302386,99.99974892530774,9.081003829961347e-08,9.080981029858927e-06,99.99979742895437
17,I2,N2,0.0,0.0,3.775899879988237e-05,99.99993780114441,99.99990004214561,9.081994795019891e-08,9.081985716852758e-06,99.99993681348212
17,I2,N3,0.6418646299238306,1.4138724625216958,0.4270127227257293,55.72828511492061,55.30127239219488,4.16685081227041e-06,0.00023043215178700444,53.8126079663625
17,I2,N4,0.0,0.0,5.0607715558587784e-05,99.99980247808651,99.99975187037094,9.08100352694659e-08,9.080980994286224e-06,99.99979831198958
17,I2,N5,0.0,0.0,5.0598009527477534e-05,99.99980007517729,99.99974947716777,9.081070842715777e-08,9.081048092559904e-06,99.99979761965226
17,I2,N6,0.0,0.0,4.763340197359532e-05,99.99993486301491,99.99988722961294,9.082556822701856e-08,9.082546580267372e-06,99.99993593213256
17,I2,N7,0.0,0.0,3.776025348275882e-05,99.99993782863021,99.99990006837673,9.081993928135922e-08,9.081984852351964e-06,99.99993682172786
17,I2,N8,18.913294699201753,84.01719992970354,18.91329471035934,18.913294778324598,6.796525653385288e-08,35.359675337946506,2.4032294052972852e-06,0.0
17,I2,N9,2.5966770049416885,7.646021148312814,2.811512115503004,52.05932627892061,49.2478141634176,-3.818059639808508e-06,-0.00018803109160613453,50.73636287181201
17,I3,N1,7.234167952185495e-05,0.0001462352090503629,7.553335230208453e-05,99.9998644274669,99.9997888941146,-4.3892467074066586e-08,-4.3892374414485345e-06,99.99979742895437
17,I3,N2,0.0,0.0,4.2813157821706636e-05,99.99993780114441,99.9998949879866,1.1084180222117366e-07,1.1084168582396545e-05,99.99993681348212
17,I3,N3,15.989578061708153,32.869259808381756,15.978573306506675,71.10167630884172,55.12310300233504,1.6065222099120656e-07,8.855648925252171e-06,53.8126079663625
17,I3,N4,7.222436556363059e-05,0.0001459999267477312,7.553402078893116e-05,99.99986697992321,99.99979144590242,-4.3904177721693254e-08,-4.390408615773161e-06,99.99979831198958
17,I3,N5,7.245353491542149e-05,0.00014645689345913865,7.551354982617482e-05,99.99986538867742,99.99978987512759,-4.3642317524845635e-08,-4.364222582148162e-06,99.99979761965226
17,I3,N6,0.0,0.0,6.109586558056223e-05,99.99993486301491,99.99987376714934,7.269396752280627e-08,7.269387575913881e-06,99.99993593213256
17,I3,N7,0.0,0.0,4.272054637180273e-05,99.99993782863021,99.99989510808383,1.1203758411460034e-07,1.1203746659623154e-05,99.99993682172786
17,I3,N8,37.61655992574314,154.56312186287852,37.61655998698042,37.61655988679719,0.0,32.94018049623861,0.0,0.0
17,I3,N9,15.973802370062606,32.81659934590017,15.984839814690833,65.41069760657567,49.42585779188484,1.8801628495944412e-07,9.292866162963981e-06,50.73636287181201
17,I4,N1,6.589971423804527e-05,0.00013334375829371898,6.360978552963265e-05,99.9998633286686,99.99979971888307,9.081836298319584e-08,9.081818109116408e-06,99.99979742895437
17,I4,N2,6.31865178780403e-05,0.0001278835384015108,6.360980171596278e-05,100.0,99.99993639019829,9.0818238736219e-08,9.081818096691743e-06,99.99993681348212
17,I4,N3,28.030315785557683,57.19590380366938,28.587240191602422,81.84292375192018,53.25568356031776,1.7061216589256137e-07,9.086067518314687e-06,53.8126079663625
17,I4,N4,6.513397049703267e-05,0.00013179671099226444,6.360978538696837e-05,99.99986344596007,99.99979983617469,9.081836287656667e-08,9.081818109105746e-06,99.99979831198958
17,I4,N5,6.561744866334152e-05,0.0001327793642394728,6.360980162571601e-05,99.99986323710091,99.99979962729928,9.081836306645415e-08,9.081818109124733e-06,99.99979761965226
17,I4,N6,6.406786744319703e-05,0.00012965744088242633,6.360967416948541e-05,100.0,99.99993639032583,9.081823873610307e-08,9.081818096691732e-06,99.99993593213256
17,I4,N7,6.317827214912445e-05,0.00012786696841146373,6.360980173391086e-05,100.0,99.99993639019827,9.081823873621902e-08,9.081818096691743e-06,99.99993682172786
17,I4,N8,28.784966847826468,121.46975753852065,28.78496684407662,28.784966831227024,0.0,33.05784271184505,0.0,0.0
17,I4,N9,29.13841192941461,59.46322094288439,28.581497228572193,79.87477480122662,51.29327757265443,1.7714301651956172e-07,9.086245916395189e-06,50.73636287181201
18,I1,N1,6.379373850413754e-05,0.00012910174439828245,6.356406134330308e-05,99.99986175860624,99.9997981945449,9.080820970914708e-08,9.08080264532262e-06,99.99976820424665
18,I1,N2,0.0,0.0,3.57159409221379e-05,99.99993681348212,99.9999010975412,9.081019782889373e-08,9.081010801537523e-06,99.99989895198706
18,I1,N3,1.5326089587702956,5.737951407133648,1.5355984169084946,55.338241522810335,53.80264310590184,1.7295822486378678e-07,9.305609644576639e-06,53.77848255423425
18,I1,N4,6.37937373771578e-05,0.000129101742078218,6.356405009822807e-05,99.99986264166394,99.99979907761384,9.08082096833296e-08,9.080802722930787e-06,99.99976846910435
18,I1,N5,6.378216096186579e-05,0.00012907859157157314,6.35562167307231e-05,99.99986192901642,99.99979837279969,9.080821128162273e-08,9.080802818756867e-06,99.99976867202172
18,I1,N6,0.0,0.0,5.814616042063081e-05,99.99993593213256,99.99987778597213,9.301828446129014e-08,9.301817077989804e-06,99.99989874130918
18,I1,N7,0.0,0.0,3.5731431021936174e-05,99.99993682172786,99.99990109029683,9.081020465211334e-08,9.081011483200948e-06,99.99989895512131
18,I1,N8,14.685178433342717,69.09717069231752,14.685178397996857,14.685178527228643,1.2923178616119912e-07,32.92810595758665,4.255357947804145e-06,0.0
18,I1,N9,1.5477115530190781,5.794495195402035,1.5446968655547904,52.291108695581094,50.746411830026304,1.7497785026287327e-07,8.879498050572442e-06,50.77048878623119
18,I2,N1,0.0,0.0,5.0625302053867145e-05,99.99979796486774,99.99974733956569,9.06894161342643e-08,9.068918699799163e-06,99.99976820424665
18,I2,N2,0.0,0.0,3.031978893798646e-05,99.99993681348212,99.99990649369319,9.17262720266293e-08,9.172618625677995e-06,99.99989895198706
18,I2,N3,0.19262421618723852,0.42429273722555266,9.261030012756979e-05,54.44749719396387,54.44740458366374,1.8359247182046884e-07,9.996133591723952e-06,53.77848255423425
18,I2,N4,0.0,0.0,5.0625846326133467e-05,99.99979884792656,99.99974822208023,9.068932851011646e-08,9.068910017441169e-06,99.99976846910435
18,I2,N5,0.0,0.0,5.061894021712825e-05,99.99979814685545,99.99974752791523,9.068935760384986e-08,9.068912863853805e-06,99.99976867202172
18,I2,N6,0.0,0.0,1.955469544708069e-05,99.99993593213256,99.99991637743712,9.096327149261661e-08,9.09631954267977e-06,99.99989874130918
18,I2,N7,0.0,0.0,3.018876278032654e-05,99.99993682172786,99.99990663296508,9.170401245681411e-08,9.170392683549677e-06,99.99989895512131
18,I2,N8,18.913294710546214,84.01718408415063,18.913294721707288,18.913294789663993,6.795670515202801e-08,35.36085177016341,2.403006977669562e-06,0.0
18,I2,N9,3.045885842740114,8.63554588650108,3.238403916082296,53.34007414750371,50.10167023142141,1.6300893788791064e-07,8.167020050834353e-06,50.77048878623119
18,I3,N1,6.622598245281037e-05,0.00013397694937390984,6.360496942321982e-05,99.99987030654725,99.99980670157782,9.081314176111415e-08,9.0812966220744e-06,99.99976820424665
18,I3,N2,0.0,0.0,1.3724721245459471e-06,99.99993681348212,99.99993544101,9.081767761007105e-08,9.081761897909564e-06,99.99989895198706
18,I3,N3,15.994702312830473,32.880819767517025,15.996898420454324,70.24445103948479,54.247552619030465,1.6923790395297918e-07,9.180742099823663e-06,53.77848255423425
18,I3,N4,6.619077368854334e-05,0.00013390633550199656,6.360494859922023e-05,99.99987107229212,99.99980746734353,9.081317239692114e-08,9.08129975519079e-06,99.99976846910435
18,I3,N5,6.582317470654044e-05,0.00013317081877523335,6.298159175987713e-05,99.99987060039038,99.99980761879863,9.081155829405694e-08,9.081138358969011e-06,99.99976867202172
18,I3,N6,0.0,0.0,1.7980412588893617e-06,99.99993593213256,99.9999341340913,9.081736201960703e-08,9.081730220192629e-06,99.99989874130918
18,I3,N7,0.0,0.0,1.3726176890894171e-06,99.99993682172786,99.99993544911017,9.08176774734996e-08,9.081761884988067e-06,99.99989895512131
18,I3,N8,37.616560039395345,154.56317173139243,37.6165601006318,37.616560000451514,0.0,32.9398293641615,0.0,0.0
18,I3,N9,15.968747533193632,32.80525070098671,15.966581174535499,66.2679906748262,50.301409500290696,1.788909483948155e-07,8.998466851102985e-06,50.77048878623119
18,I4,N1,0.00010177603240043074,0.00020547833072438642,0.00011715159732716737,99.99986998027904,99.99975282868172,0.0,0.0,99.99976820424665
18,I4,N2,0.00010104801293489657,0.00020401272604456062,0.00011727436795926355,100.0,99.99988272563203,0.0,0.0,99.99989895198706
18,I4,N3,28.50158195797774,58.15996767479291,28.703553174729194,82.280064512212,53.5765113374828,1.920882630949314e-07,1.0291419005502971e-05,53.77848255423425
18,I4,N4,0.00010154638457456194,0.00020501436748940815,0.00011715170489350305,99.99987001548894,99.99975286378404,0.0,0.0,99.99976846910435
18,I4,N5,0.00010172264262187729,0.00020537180695315337,0.00011719629717553548,99.99987039466433,99.99975319836715,0.0,0.0,99.99976867202172
18,I4,N6,0.00010125869082103765,0.00020443707021417762,0.00011719761512582649,100.0,99.99988280238487,0.0,0.0,99.99989874130918
18,I4,N7,0.00010104487868589538,0.0002040064276857333,0.0001172734243445115,100.0,99.99988272657565,0.0,0.0,99.99989895512131
18,I4,N8,28.784966816715723,121.46977510969393,28.784966812969515,28.78496680011277,0.0,33.05870202442125,0.0,0.0
18,I4,N9,28.667166284815988,58.49921908239005,28.465203865702293,79.43765507104717,50.97245120534488,1.557656061995263e-07,7.939754761476322e-06,50.77048878623119
19,I1,N1,6.414774639858754e-05,0.00012980960945322385,6.429946406763755e-05,99.99983199798514,99.99976769852107,9.0604715010882e-08,9.060450453478904e-06,99.99979589909294
19,I1,N2,0.0,0.0,3.864842983508353e-05,99.99989895198706,99.99986030355723,9.052464686127408e-08,9.052452040156259e-06,99.999924601377
19,I1,N3,1.5407604460859834,5.76843984184942,1.5442539406498497,55.31109151300455,53.766837572354696,1.247479313372456e-07,6.7073017616969405e-06,34.584584757152456
19,I1,N4,6.414774602272948e-05,0.0001298096086817531,6.429946401368876e-05,99.99983226284174,99.99976796337772,9.060471478324684e-08,9.060450454712703e-06,99.99979551680885
19,I1,N5,6.413913389359118e-05,0.00012979237499773568,6.429212229290207e-05,99.99983245418267,99.99976816206038,9.060448062790607e-08,9.060427057234497e-06,99.99979565427407
19,I1,N6,0.0,0.0,5.864575211789228e-05,99.99989874130918,99.99984009555706,9.044649295216112e-08,9.044634832420041e-06,99.99992475030851
19,I1,N7,0.0,0.0,3.8648328776986105e-05,99.99989895512131,99.99986030679253,9.052464317609231e-08,9.05245167193147e-06,99.99992489679045
19,I1,N8,14.685178339455975,69.0971160564582,14.685178304110554,14.685178433342713,1.292321591961354e-07,32.928061595385316,4.255364498114987e-06,0.0
19,I1,N9,1.5394930766828976,5.763694597825593,1.5359708725388201,52.31820033925027,50.78222946671145,2.2348244778849955e-07,1.1348936945377946e-05,69.96438617067325
19,I2,N1,0.0,0.0,5.0581516953073904e-05,99.99976785023875,99.9997172687218,9.103247726817994e-08,9.103221989089338e-06,99.99979589909294
19,I2,N2,0.0,0.0,3.581064165706904e-05,99.99989895198706,99.9998631413454,9.097052263854235e-08,9.0970398137509e-06,99.999924601377
19,I2,N3,0.8593993437601068,2.062101678242536,1.1451601127199076,53.9629552831058,52.81779517038589,9.257835185939433e-07,4.889784425721404e-05,34.584584757152456
19,I2,N4,0.0,0.0,5.058151639132886e-05,99.99976811509572,99.99971753357933,9.103249291676109e-08,9.10322357805367e-06,99.99979551680885
19,I2,N5,0.0,0.0,5.0573819654494714e-05,99.99976831504878,99.99971774122913,9.103058979233297e-08,9.103033285050911e-06,99.99979565427407
19,I2,N6,0.0,0.0,5.374741402847531e-05,99.99989874130918,99.99984499389515,1.7760596908375523e-07,1.776056937836606e-05,99.99992475030851
19,I2,N7,0.0,0.0,3.582856455527607e-05,99.99989895512131,99.99986312655676,9.097589128567788e-08,9.097576676384296e-06,99.99992489679045
19,I2,N8,18.91329472188772,84.01717071416641,18.91329473304854,18.913294801008732,6.796019036414691e-08,35.360372350048166,2.4030976362563903e-06,0.0
19,I2,N9,2.379046198762333,6.997646125449451,2.0932577799147123,53.824593105307486,51.73133532539277,-5.78593890027699e-07,-2.993143454224632e-05,69.96438617067325
19,I3,N1,6.438963409688405e-05,0.00013029619148026663,6.360262765862991e-05,99.9998340762212,99.99977047359354,9.081838959695415e-08,9.08181811447681e-06,99.99979589909294
19,I3,N2,0.0,0.0,1.9009442576206727e-06,99.99989895198706,99.99989705104281,9.081894119615046e-08,9.081884769899757e-06,99.999924601377
19,I3,N3,16.056637865107596,33.00632665917444,16.083181673226367,69.09825825217617,53.0150765789498,1.6885677139644872e-07,8.95195466645695e-06,34.584584757152456
19,I3,N4,6.437907163958626e-05,0.0001302750076624732,6.360262790431893e-05,99.9998343058694,99.9997707032415,9.08183893809433e-08,9.081818113732031e-06,99.99979551680885
19,I3,N5,6.426895870847014e-05,0.00013005468641590063,6.36028661378686e-05,99.99983413822349,99.99977053535736,9.08183895161923e-08,9.081818112009934e-06,99.99979565427407
19,I3,N6,0.0,0.0,8.094285609559285e-06,99.99989874130918,99.99989064702358,9.084091526817772e-08,9.084081593093306e-06,99.99992475030851
19,I3,N7,0.0,0.0,1.9006746523593722e-06,99.99989895512131,99.99989705444666,9.081894087132008e-08,9.081884737725886e-06,99.99992489679045
19,I3,N8,37.61656015304808,154.56322196646127,37.616560214286785,37.616560114106235,0.0,32.93986023704921,0.0,0.0
19,I3,N9,15.906913668532928,32.68004138329049,15.880413440821197,67.41429443973878,51.53388099891758,1.7884564537356844e-07,9.21661020585609e-06,69.96438617067325
19,I4,N1,7.556352655963034e-05,0.00015276482515125928,6.43295954850016e-05,99.99987146261951,99.99980713302402,-1.166215640667383e-08,-1.1662133914225434e-06,99.99979589909294
19,I4,N2,7.539862299087776e-05,0.0001524316753540261,6.440602730058397e-05,100.0,99.9999355939727,5.416158217479924e-08,5.416154729147584e-06,99.999924601377
19,I4,N3,46.95861758789386,95.55762894154047,54.86877571500077,81.54320234504631,26.674426630045538,-1.7341858539683722e-06,-4.625841332454221e-05,34.584584757152456
19,I4,N4,7.595637349910879e-05,0.00015355013917096375,6.498922589534315e-05,99.99987147318234,99.99980648395645,-1.8698725526337942e-07,-1.8698689341304107e-05,99.99979551680885
19,I4,N5,7.593763333396184e-05,0.0001535140259292279,6.488691506771236e-05,99.9998715919074,99.99980670499232,-1.5485511685961045e-07,-1.5485481753240044e-05,99.99979565427407
19,I4,N6,7.524969149066206e-05,0.00015213499908416474,6.410297749192967e-05,100.0,99.99993589702251,2.594331259119136e-08,2.594329596075553e-06,99.99992475030851
19,I4,N7,7.510320955892752e-05,0.0001518410346630327,6.398535136165558e-05,100.0,99.99993601464864,4.3009045004446456e-08,4.300901748495789e-06,99.99992489679045
19,I4,N8,28.784966785608226,121.46979282563903,28.784966781864952,28.784966769002608,0.0,33.05930198968416,0.0,0.0
19,I4,N9,10.210160885348595,21.101645782986733,2.3000157141482793,80.17454705602184,77.87453134187356,2.234864383445418e-06,0.00017403901647345714,69.96438617067325
20,I1,N1,6.361405193104554e-05,0.00012874163597712053,6.33853257306704e-05,99.99986004683934,99.99979666151361,9.096669414937864e-08,9.096650917907964e-06,99.99980176503853
20,I1,N2,0.0,0.0,8.730613485891427e-06,99.999924601377,99.99991587076352,9.084278439290538e-08,9.084270796756446e-06,99.99992371962773
20,I1,N3,1.5415785003404268,5.771441187412111,1.5419290950209028,36.12534520323843,34.58341610821753,1.795521640336548e-07,6.209527201906813e-06,46.77736739992088
20,I1,N4,6.374558357118902e-05,0.0001290041345182069,6.357322823481453e-05,99.99985966455486,99.99979609132663,9.072611212213811e-08,9.072592712372649e-06,99.99980285060767
20,I1,N5,6.171017178473238e-05,0.00012493214064842264,6.0669188023792904e-05,99.99985979340796,99.99979912421993,9.068021639712404e-08,9.0680034242532e-06,99.99979729835302
20,I1,N6,0.0,0.0,5.691111952412561e-06,99.99992475030851,99.99991905919656,9.082428799080659e-08,9.082421447689817e-06,99.9999237600162
20,I1,N7,0.0,0.0,8.731703193621216e-06,99.99992489679045,99.99991616508726,9.084279119630471e-08,9.084271503832998e-06,99.99992380826883
20,I1,N8,14.685178245570544,69.09706619291173,14.68517821022482,14.685178339455973,1.292311537781643e-07,32.92818148937219,4.255346885688361e-06,0.0
20,I1,N9,1.5386423682771708,5.760517589477818,1.5382777789604307,71.50387924735614,69.9656014683957,2.1303978650306554e-07,1.490545679938559e-05,57.77160185861065
20,I2,N1,0.0,0.0,5.0570091608291006e-05,99.9997964327874,99.9997458626958,9.081844522480825e-08,9.081821442125985e-06,99.99980176503853
20,I2,N2,0.0,0.0,3.7974050463634674e-05,99.999924601377,99.99988662732655,9.081798573891938e-08,9.081788277614097e-06,99.99992371962773
20,I2,N3,1.2212256499067413,2.951848974484526,1.3762940668267276,35.44316604665812,34.06687197983139,6.560350969591715e-07,2.234906366238437e-05,46.77736739992088
20,I2,N4,0.0,0.0,5.057008699206675e-05,99.99979591897129,99.99974534888429,9.081844569125558e-08,9.081821442107035e-06,99.99980285060767
20,I2,N5,0.0,0.0,5.056323391303611e-05,99.99979808323617,99.99974752000226,9.081844367741781e-08,9.081821437901327e-06,99.99979729835302
20,I2,N6,0.0,0.0,4.746506178645969e-05,99.99992475030851,99.99987728524673,9.081824240321171e-08,9.081813095582961e-06,99.9999237600162
20,I2,N7,0.0,0.0,3.797463251256012e-05,99.99992489679045,99.99988692215793,9.081798378055006e-08,9.08178810855338e-06,99.99992380826883
20,I2,N8,18.913294733229943,84.0171544117092,18.913294744389955,18.913294812349534,6.795957929739416e-08,35.36045630740769,2.403081734415314e-06,0.0
20,I2,N9,2.017154145000448,6.10777878282739,1.862057550531069,72.34428307784131,70.48222552731025,-2.6038247287170985e-07,-1.8352336176302595e-05,57.77160185861065
20,I3,N1,5.828789981598576e-05,0.0001180887953821007,5.5672870838457916e-05,99.99986082242151,99.99980514955067,9.55769448060892e-08,9.557675857398279e-06,99.99980176503853
20,I3,N2,0.0,0.0,3.639649137248835e-05,99.999924601377,99.99988820488564,9.241956537299634e-08,9.241946205243753e-06,99.99992371962773
20,I3,N3,15.994686833548114,32.872116446686185,15.968136391451193,50.27857826185897,34.31044187040777,2.643807059935982e-07,9.071018844650719e-06,46.77736739992088
20,I3,N4,5.6995759264382885e-05,0.00011550378702398158,5.3831482532152866e-05,99.99986029804293,99.9998064665604,9.570198817247764e-08,9.570180295712816e-06,99.99980285060767
20,I3,N5,6.4548430511468e-05,0.00013061251579223027,6.466820414132423e-05,99.99986235219488,99.99979768399074,8.621237382751729e-08,8.621219940608307e-06,99.99979729835302
20,I3,N6,0.0,0.0,3.644443917541472e-05,99.99992475030851,99.99988830586933,9.17933485552747e-08,9.179324602749202e-06,99.9999237600162
20,I3,N7,0.0,0.0,3.6529380893991385e-05,99.99992489679045,99.99988836740955,9.334975861536415e-08,9.334965440661043e-06,99.99992380826883
20,I3,N8,37.61656026670307,154.5632709476224,37.61656032794052,37.61656022775833,0.0,32.940056144620854,0.0,0.0
20,I3,N9,15.968941862714086,32.81448634980574,15.995525374506009,86.23404260137379,70.23851722686777,1.298262940364655e-07,9.118806390180683e-06,57.77160185861065
20,I4,N1,7.633300972430882e-05,0.00015425757768790262,7.666278822345674e-05,99.99987809804826,99.99980143526004,-7.760921385364595e-06,-0.0007760905974911228,99.99980176503853
20,I4,N2,7.628037227569203e-05,0.00015415129093306174,7.66582648263267e-05,100.0,99.99992334173517,-7.754594129665215e-06,-0.0007754588185127911,99.99992371962773
20,I4,N3,34.465141616283844,70.22665963831825,29.110794771308118,81.24250901620472,52.1317142448966,1.7291233821339242e-07,9.014216605157488e-06,46.77736739992088
20,I4,N4,7.640804949647573e-05,0.00015440637933229694,7.66016249239187e-05,99.99987925865716,99.99980265703223,-7.753698801511318e-06,-0.0007753683500131991,99.99980285060767
20,I4,N5,7.64430446912597e-05,0.00015447792735677411,7.665964955867306e-05,99.9998737413977,99.99979708174814,-7.756423885448289e-06,-0.0007756408146248534,99.99979729835302
20,I4,N6,7.623998380442318e-05,0.00015407091066476752,7.66643947960351e-05,100.0,99.9999233356052,-7.76333918761388e-06,-0.0007763333235896876,99.9999237600162
20,I4,N7,7.619173117027152e-05,0.00015397406443781218,7.665824043227608e-05,100.0,99.99992334175957,-7.754556826861776e-06,-0.0007754550882354959,99.99992380826883
20,I4,N8,28.784966754496445,121.46981016653487,28.78496675074964,28.784966737893768,0.0,33.058600420194296,0.0,0.0
20,I4,N9,22.703659765397642,46.43268433403819,28.058016428275806,80.4752616240083,52.41724519573249,1.7472756615001625e-07,9.15873767733897e-06,57.77160185861065
21,I1,N1,6.37779472028648e-05,0.00012906961120365073,6.38481880336445e-05,99.99986537909047,99.99980153090243,9.067930274460297e-08,9.067912277420913e-06,99.99979830236771
21,I1,N2,0.0,0.0,3.775975220164382e-05,99.99992371962773,99.99988595987553,9.080611704135016e-08,9.080601348594126e-06,99.99992532039504
21,I1,N3,1.541136122805189,5.769785169182343,1.5409465324329443,48.3189459002613,46.77799936782835,1.498828994923159e-07,7.011222177699833e-06,49.616325037065145
21,I1,N4,6.38174045546838e-05,0.00012914835644963803,6.384818497618156e-05,99.99986659619124,99.99980274800626,9.067930230523118e-08,9.067912343849948e-06,99.99979878901894
21,I1,N5,6.320137045170472e-05,0.0001279159397211778,6.384045559469287e-05,99.9998590085248,99.9997951680692,9.067906708553832e-08,9.067888134585437e-06,99.99979665258428
21,I1,N6,0.0,0.0,6.000607815436213e-05,99.9999237600162,99.99986375393804,9.073118355576957e-08,9.073105993810501e-06,99.99992514525333
21,I1,N7,0.0,0.0,3.77596404021706e-05,99.99992380826883,99.99988604862843,9.080613898019059e-08,9.080603550534975e-06,99.999925448959
21,I1,N8,14.685178152012766,69.09701615790118,14.68517811633882,14.68517824557054,1.2923172043599607e-07,32.928114206113776,4.255356849569046e-06,0.0
21,I1,N9,1.5390214364742438,5.761924132802078,1.5391838942729894,59.310244226887825,57.77106033261484,2.0124046214838728e-07,1.1625874880137774e-05,54.93264434176452
21,I2,N1,0.0,0.0,5.0574543916218876e-05,99.99980160114326,99.99975102659934,9.081955795602986e-08,9.081933183948796e-06,99.99979830236771
21,I2,N2,0.0,0.0,3.492786592483415e-05,99.99992371962773,99.9998887917618,9.082037767034717e-08,9.082027667060524e-06,99.99992532039504
21,I2,N3,1.2219055861838781,2.7509355155769724,1.2221969874455083,47.999035427362855,46.77683843991735,8.955912365895023e-07,4.189292658215295e-05,49.616325037065145
21,I2,N4,0.0,0.0,5.057454671172551e-05,99.99980277878669,99.99975220423998,9.081955688395069e-08,9.081933183693945e-06,99.99979878901894
21,I2,N5,0.0,0.0,5.056697826619985e-05,99.99979580715434,99.99974524017608,9.081956302170978e-08,9.081933164995093e-06,99.99979665258428
21,I2,N6,0.0,0.0,2.3479490153044336e-05,99.9999237600162,99.99990028052605,9.096576871622546e-08,9.096567800563942e-06,99.99992514525333
21,I2,N7,0.0,0.0,3.492854667899423e-05,99.99992380826883,99.99988887972215,9.082037744261383e-08,9.082027652275808e-06,99.999925448959
21,I2,N8,18.913294744994687,84.01713951913538,18.913294755732206,18.913294823692155,6.795994877961675e-08,35.360405732388124,2.4030913623995634e-06,0.0
21,I2,N9,2.0164305566842526,6.308621772802962,2.016120447405883,59.78837693541403,57.772256488008146,-5.440798385030861e-07,-3.1432719979954345e-05,54.93264434176452
21,I3,N1,6.190990466312023e-05,0.0001253330416076286,6.346219245474929e-05,99.99985988904308,99.99979642685062,9.118820331664338e-08,9.118801768194603e-06,99.99979830236771
21,I3,N2,0.0,0.0,1.2852327388211579e-05,99.99992371962773,99.99991086730034,9.340394730285273e-08,9.34038640493929e-06,99.99992532039504
21,I3,N3,16.049018018192402,32.99024481706469,16.072302811611383,62.77181667472709,46.69951386311571,1.900981124942319e-07,8.877489439776512e-06,49.616325037065145
21,I3,N4,6.136139690893887e-05,0.000124235672176695,6.323238447089144e-05,99.99985977454595,99.99979654216148,9.177185517966707e-08,9.177166846263416e-06,99.99979878901894
21,I3,N5,6.446674619546404e-05,0.00013044813233661516,6.443173863146233e-05,99.99986035558486,99.99979592384622,8.81979007804921e-08,8.819772078960848e-06,99.99979665258428
21,I3,N6,0.0,0.0,3.12816573565113e-05,99.9999237600162,99.99989247835884,7.93110598195188e-08,7.931097454296568e-06,99.99992514525333
21,I3,N7,0.0,0.0,1.28471694743847e-05,99.99992380826883,99.99991096109936,9.34014603563743e-08,9.340137719274082e-06,99.999925448959
21,I3,N8,37.61656038119798,154.5633189783104,37.616560441594956,37.61656034141369,0.0,32.939946180508066,0.0,0.0
21,I3,N9,15.914692803267318,32.696603854068684,15.89144320636156,73.74088824144386,57.8494450350823,1.6153515547468878e-07,9.344719097866482e-06,54.93264434176452
21,I4,N1,7.600978042906982e-05,0.00015361318274688014,7.587125358825312e-05,99.99987431214814,99.99979844089455,7.104605860512078e-07,7.104591540532059e-05,99.99979830236771
21,I4,N2,7.467960495777587e-05,0.00015094257276979992,7.39935618215261e-05,100.0,99.99992600643817,-5.13038336041014e-06,-0.0005130379564256756,99.99992532039504
21,I4,N3,31.571615235753384,64.36381189416157,30.331532501240332,81.18794027281854,50.856407771578205,5.2645108523245484e-06,0.00026773411062371597,49.616325037065145
21,I4,N4,7.603217959694649e-05,0.00015365761676464974,7.587109249714824e-05,99.99987482119853,99.99979895010604,7.167396669389732e-07,7.167382259346329e-05,99.99979878901894
21,I4,N5,7.567929906902582e-05,0.00015295270447103642,7.535197951663987e-05,99.99987233188335,99.99979697990383,7.662800252127542e-07,7.6627846951031e-05,99.99979665258428
21,I4,N6,7.485474666513151e-05,0.00015130135768875484,7.426107360543507e-05,100.0,99.9999257389264,4.56620093529623e-07,4.566197544386392e-05,99.99992514525333
21,I4,N7,7.455104099050926e-05,0.00015069253337176818,7.384788805632543e-05,100.0,99.99992615211194,-7.714117155573392e-06,-0.000771411145886079,99.999925448959
21,I4,N8,28.784966721794568,121.46982718883451,28.78496671644768,28.784966706782754,0.0,33.054942577056906,0.0,0.0
21,I4,N9,25.597210861809664,52.295604638925084,26.837304188843387,80.52985520357419,53.692551014730796,5.640603907579917e-06,0.00030285841306162454,54.93264434176452
22,I1,N1,6.588249129266496e-05,0.0001332901467593815,6.678443875972217e-05,99.99986208031491,99.99979529587615,8.729065377768527e-08,8.729047509011726e-06,99.99979365310946
22,I1,N2,0.0,0.0,4.070983006676995e-05,99.99992532039504,99.99988461056498,8.985049517309064e-08,8.98503914951119e-06,99.99993419808338
22,I1,N3,1.5240911704421076,5.705960705747154,1.51678619085793,51.15746115987034,49.64067496901241,-1.8545075868772073e-08,-9.205900834773899e-07,44.247151179696274
22,I1,N4,6.589292450133973e-05,0.0001333109578346434,6.678243304990655e-05,99.99986260642349,99.99979582399044,8.729224594295907e-08,8.729206771313464e-06,99.99979402131237
22,I1,N5,6.492959477897252e-05,0.00013136131540239388,6.567026234780159e-05,99.99985985395473,99.99979418369239,8.8208720353123e-08,8.820853880519177e-06,99.99979578984325
22,I1,N6,0.0,0.0,6.349580871528007e-05,99.99992514525333,99.99986164944461,8.79144908031894e-08,8.79143691730031e-06,99.99994303354313
22,I1,N7,0.0,0.0,4.054841695213224e-05,99.999925448959,99.99988490054206,8.99737737059859e-08,8.997367014666007e-06,99.99993387353855
22,I1,N8,14.68517805812913,69.09696419671793,14.685178022781635,14.685178152012767,1.2923113246188223e-07,32.928184204530176,4.255346534664897e-06,-1.4210854715202004e-14
22,I1,N9,1.556001490687762,5.825499593804507,1.5632786567792698,56.471665778238766,54.9083871214595,3.680195260213809e-07,2.020735860303802e-05,60.301818632417806
22,I2,N1,0.0,0.0,5.1418069200345766e-05,99.99979619782361,99.99974477975441,9.0487982709207e-08,9.04877517655553e-06,99.99979365310946
22,I2,N2,0.0,0.0,3.9274487048049735e-05,99.99992532039504,99.99988604590799,9.043637178973609e-08,9.043626873378977e-06,99.99993419808338
22,I2,N3,1.3271059999922583,3.092972549589607,1.3721918916244211,50.855275575612104,49.48308368398769,1.0837047904428059e-06,5.36250548342197e-05,44.247151179696274
22,I2,N4,0.0,0.0,5.1418068898870436e-05,99.999796713499,99.9997452954301,9.048798235190296e-08,9.04877518748767e-06,99.99979402131237
22,I2,N5,0.0,0.0,5.1412838872725646e-05,99.99979492435996,99.99974351152109,9.048757530685124e-08,9.048734321664573e-06,99.99979578984325
22,I2,N6,0.0,0.0,4.751528265781776e-05,99.99992514525333,99.99987762997067,9.028533692933651e-08,9.028522644714324e-06,99.99994303354313
22,I2,N7,0.0,0.0,3.921487841730937e-05,99.999925448959,99.99988623408059,9.042777437682345e-08,9.042767150083453e-06,99.99993387353855
22,I2,N8,18.913294756338466,84.01712216448743,18.913294767495874,18.913294835456483,6.796060958436101e-08,35.360314686068534,2.4031085411600506e-06,-1.4210854715202004e-14
22,I2,N9,1.9111842782513573,5.9665112515126175,1.866078730351545,56.93209484423526,55.06601611388371,-7.344009139537516e-07,-4.0440532561828214e-05,60.301818632417806
22,I3,N1,7.17702712759355e-05,0.00014509643083068292,7.599614268142776e-05,99.99985810772827,99.99978211158559,-8.368618355612863e-08,-8.36860012136302e-06,99.99979365310946
22,I3,N2,0.0,0.0,5.041010524425408e-06,99.99992532039504,99.99992027938451,9.105736806518038e-08,9.10572954736861e-06,99.99993419808338
22,I3,N3,16.03673163988804,32.94551557975062,16.031466049186168,65.57718759381225,49.54572154462609,2.5404333496159594e-07,1.2586760334275407e-05,44.247151179696274
22,I3,N4,7.160550083416115e-05,0.0001447667831484648,7.599583108782785e-05,99.9998580748959,99.99978207906481,-8.367154229910539e-08,-8.367135996129793e-06,99.99979402131237
22,I3,N5,7.253576886744776e-05,0.00014662784836534494,7.599392144115507e-05,99.99985939110616,99.99978339718471,-8.365874451597747e-08,-8.365856330878161e-06,99.99979578984325
22,I3,N6,0.0,0.0,6.206180149530676e-05,99.99992514525333,99.99986308345183,0.0,0.0,99.99994303354313
22,I3,N7,0.0,0.0,5.040480672171483e-06,99.999925448959,99.99992040847833,9.10572511215779e-08,9.105717864772614e-06,99.99993387353855
22,I3,N8,37.61656049486525,154.56336994792846,37.616560556101454,37.61656045590894,0.0,32.94128905817973,0.0,-1.4210854715202004e-14
22,I3,N9,15.92706429542524,32.74158116945566,15.932366363492921,70.93560336925123,55.00323700575831,9.451983790424297e-08,5.198897045992934e-06,60.301818632417806
22,I4,N1,6.869412796365081e-05,0.00013893128825460293,6.55588483356141e-05,99.99986234723742,99.99979678838909,-5.285972528738273e-07,-5.285961787028346e-05,99.99979365310946
22,I4,N2,6.580191661716673e-05,0.00013314546993229565,6.199719304261996e-05,100.0,99.99993800280696,-6.247303174729569e-07,-6.24729930157696e-05,99.99993419808338
22,I4,N3,36.86492000998132,75.20861333802512,39.13347919893615,81.1120711896776,41.97859199074144,1.0475417391573789e-07,4.397432726135931e-06,44.247151179696274
22,I4,N4,6.848026229682106e-05,0.0001385026378765645,6.524372631105302e-05,99.99986250157467,99.99979725784836,-4.305420921399419e-07,-4.305412192496406e-05,99.99979402131237
22,I4,N5,6.674479311064967e-05,0.00013502951016405087,6.291571912848848e-05,99.99986253463635,99.99979961891722,-6.359620944135696e-08,-6.359608200658388e-06,99.99979578984325
22,I4,N6,5.6966456869353625e-05,0.00011545790060144676,4.930004695687739e-05,100.0,99.99995069995305,4.118319303902379e-07,4.118317273569028e-05,99.99994303354313
22,I4,N7,6.61264614512065e-05,0.00013379649790027927,6.251592736293387e-05,100.0,99.99993748407263,-5.314415763952804e-07,-5.314412441596504e-05,99.99993387353855
22,I4,N8,28.784966690667165,121.46984514633193,28.784966686908685,28.784966674073104,0.0,33.05615818439219,0.0,-1.4210854715202004e-14
22,I4,N9,20.303931303217837,41.4508763104305,18.035382920964196,80.60574993563564,62.57036701467145,2.642296620878575e-07,1.653294693299986e-05,60.301818632417806
23,I1,N1,6.425532247344859e-05,0.00013002758414815629,6.355796440807014e-05,99.99985953560076,99.99979597763635,9.081163642008408e-08,9.081145114403699e-06,99.99980411203981
23,I1,N2,0.0,0.0,3.814909013542376e-05,99.99993419808338,99.99989604899325,9.081216174831978e-08,9.081206734816339e-06,99.99993520119222
23,I1,N3,1.5404716373462395,5.767339208530348,1.5474918374480102,45.77124235013839,44.22375051269038,1.9716070462054363e-07,8.719185812045162e-06,49.81149892847181
23,I1,N4,6.425845239520862e-05,0.00013003382738897943,6.355796434972386e-05,99.99985991423686,99.99979635627251,9.081163607586657e-08,9.081145114366587e-06,99.99980427421877
23,I1,N5,6.396347130303208e-05,0.00012943697340739803,6.35494183847719e-05,99.99986071943802,99.99979717001963,9.08116360497558e-08,9.081145185653223e-06,99.99980508490633
23,I1,N6,0.0,0.0,5.958252203904806e-05,99.99994303354313,99.99988345102109,9.081186460041959e-08,9.081175876011866e-06,99.99993790405796
23,I1,N7,0.0,0.0,3.817651173345801e-05,99.99993387353855,99.99989569702682,9.081216561765624e-08,9.081207089786749e-06,99.99993520645526
23,I1,N8,14.685177964243652,69.09690988632916,14.685177928896785,14.685178058129125,1.2923234038453302e-07,32.928040423536494,4.255367728210131e-06,0.0
23,I1,N9,1.5395601643541186,5.763951239393636,1.5325138816397001,61.85782012310557,60.32530624146587,1.5892130663630615e-07,9.58697649112907e-06,54.73747127721562
23,I2,N1,0.0,0.0,5.0574328803621775e-05,99.99979528027829,99.99974470594948,9.081734956182394e-08,9.081711771053367e-06,99.99980411203981
23,I2,N2,0.0,0.0,3.5071252297970707e-05,99.99993419808338,99.99989912683108,9.081784945043597e-08,9.081775783959328e-06,99.99993520119222
23,I2,N3,1.217687285881587,2.719144043208055,1.170793551262728,45.557876712784406,44.38708316152168,1.034273512581227e-06,4.5908384414702064e-05,49.81149892847181
23,I2,N4,0.0,0.0,5.05743278803937e-05,99.99979565578447,99.99974508145658,9.081734921925582e-08,9.081711770899202e-06,99.99980427421877
23,I2,N5,0.0,0.0,5.056715032733181e-05,99.99979675596671,99.99974618881639,9.081734667158559e-08,9.081711616700308e-06,99.99980508490633
23,I2,N6,0.0,0.0,4.7376937814211666e-05,99.99994303354313,99.99989565660532,9.083527401748044e-08,9.083517923687196e-06,99.99993790405796
23,I2,N7,0.0,0.0,3.507585637716579e-05,99.99993387353855,99.99989879768218,9.081784762667273e-08,9.081775571690593e-06,99.99993520645526
23,I2,N8,18.91329476768204,84.01710828736802,18.91329477884118,18.913294846801108,6.795992746333468e-08,35.360408669328244,2.4030908082414184e-06,0.0
23,I2,N9,2.0205697625780905,6.3402913566580015,2.0674492558609763,62.2294442370028,60.161994981141824,-6.785380320434309e-07,-4.082220167831074e-05,54.73747127721562
23,I3,N1,6.606787111534631e-05,0.0001336619461290446,6.362398533223666e-05,99.99986705054957,99.99980342656424,9.076170299182514e-08,9.076152457842721e-06,99.99980411203981
23,I3,N2,0.0,0.0,1.0184504077891129e-05,99.99993419808338,99.9999240135793,9.15125988419806e-08,9.151252930483225e-06,99.99993520119222
23,I3,N3,16.067473954774115,33.05539299981543,16.080649232582434,60.37692106679086,44.296271834208426,2.1141297541269473e-07,9.364806628159548e-06,49.81149892847181
23,I3,N4,6.596671578254322e-05,0.00013345982609673867,6.355009361756411e-05,99.9998672612853,99.99980371119169,9.063755964966222e-08,9.06373817382765e-06,99.99980427421877
23,I3,N5,6.59720106125718e-05,0.00013347038298964147,6.31589713604821e-05,99.99986929173559,99.99980613276423,9.067218365285661e-08,9.067200786920056e-06,99.99980508490633
23,I3,N6,0.0,0.0,1.8645886839925316e-05,99.99994303354313,99.99992438765629,9.276253525247552e-08,9.276246511254854e-06,99.99993790405796
23,I3,N7,0.0,0.0,1.0177704079419602e-05,99.99993387353855,99.99992369583447,9.151166257224292e-08,9.151159274503243e-06,99.99993520645526
23,I3,N8,37.61656060852089,154.56342042355138,37.61656066975574,37.61656056957598,0.0,32.93976522390485,0.0,0.0
23,I3,N9,15.896394265237664,32.6318813250018,15.883249966585844,76.13593876984996,60.252688803264114,1.4451412528228757e-07,8.707364618309597e-06,54.73747127721562
23,I4,N1,6.55647665968183e-05,0.00013265781021274883,6.422361172531865e-05,99.99986967680641,99.99980545319468,9.031609922453279e-08,9.031592351744707e-06,99.99980411203981
23,I4,N2,6.479880778728877e-05,0.00013112590788891268,6.436890400305536e-05,100.0,99.999935631096,9.032042572922264e-08,9.03203675909545e-06,99.99993520119222
23,I4,N3,31.362868193526246,64.51234384709763,29.004845986474074,81.17436712199806,52.169521135523986,2.5318841139843944e-07,1.3208718179720629e-05,49.81149892847181
23,I4,N4,6.550061304903175e-05,0.00013252922720913455,6.42236205142649e-05,99.99986977483182,99.99980555121131,9.031611826377885e-08,9.03159426451809e-06,99.99980427421877
23,I4,N5,6.497961176232072e-05,0.00013148657919038017,6.422310547017975e-05,99.99987006451808,99.99980584141261,9.031498754115552e-08,9.031481218685152e-06,99.99980508490633
23,I4,N6,6.209594203740535e-05,0.00012571540263180765,6.429429282371323e-05,100.0,99.99993570570717,9.031326087968337e-08,9.031320281341096e-06,99.99993790405796
23,I4,N7,6.479354474252847e-05,0.000131115560591366,6.42222947245236e-05,100.0,99.99993577770528,9.031290585205805e-08,9.031284785103747e-06,99.99993520645526
23,I4,N8,28.784966659553422,121.46986292756347,28.784966655803576,28.784966642954544,0.0,33.05777492202848,0.0,0.0
23,I4,N9,25.806004530614505,52.14719780803087,28.16403591378451,80.54347580783013,52.379439894045625,9.444559610794564e-08,4.947007424593448e-06,54.73747127721562
24,I1,N1,6.378931700568308e-05,0.00012909314251293577,6.358960037664071e-05,99.99986836736228,99.99980477776191,9.080035009649298e-08,9.080017283401733e-06,99.99980453149885
24,I1,N2,0.0,0.0,3.6116851745321345e-05,99.99993520119222,99.99989908434047,9.080822691802099e-08,9.080813527829989e-06,99.99993572030759
24,I1,N3,1.5444352469338578,5.782194044448015,1.5461339367571227,51.35197056581805,49.80583662906093,1.7562756560839105e-07,8.747277840251204e-06,59.874185207373294
24,I1,N4,6.379025257405097e-05,0.00012909500866083618,6.358959550784055e-05,99.99986853267117,99.99980494307566,9.080034994818577e-08,9.080017283581587e-06,99.99980457508339
24,I1,N5,6.36961673813656e-05,0.00012890476949757465,6.358160855779426e-05,99.99986904837762,99.99980546676906,9.080034507327675e-08,9.080016843643177e-06,99.99980529736858
24,I1,N6,0.0,0.0,5.983629550372711e-05,99.99993790405796,99.99987806776245,9.080131453824123e-08,9.08012038221667e-06,99.99993514875906
24,I1,N7,0.0,0.0,3.6116697940190984e-05,99.99993520645526,99.99989908975732,9.080822697596604e-08,9.080813534116383e-06,99.99993638750365
24,I1,N8,14.685177870358318,69.09685226078625,14.685177835011874,14.68517796424365,1.292317755030581e-07,32.92810784631289,4.255357840935193e-06,0.0
24,I1,N9,1.5355356449356856,5.748883027549138,1.5338108508992143,56.27703144156974,54.743220590670525,1.7279626535477966e-07,9.459424071560742e-06,44.67478629451982
24,I2,N1,0.0,0.0,5.058039654511139e-05,99.99980457804529,99.99975399764874,9.081743868936312e-08,9.08172152763286e-06,99.99980453149885
24,I2,N2,0.0,0.0,3.602307870094251e-05,99.99993520119222,99.99989917811351,9.083008218125553e-08,9.082999060465316e-06,99.99993572030759
24,I2,N3,0.6399419763826166,1.393453466163874,0.3923368437402007,51.02522260476578,50.63288576102558,6.1833912067686795e-06,0.00031308294058804865,59.874185207373294
24,I2,N4,0.0,0.0,5.05801811567228e-05,99.99980474241859,99.99975416223744,9.081750310470593e-08,9.081727984098828e-06,99.99980457508339
24,I2,N5,0.0,0.0,5.05694695405754e-05,99.99980535221025,99.99975478274071,9.081852416727702e-08,9.081830146458113e-06,99.99980529736858
24,I2,N6,0.0,0.0,2.2787551001138583e-05,99.99993790405796,99.99991511650695,9.090221836825109e-08,9.090214120727289e-06,99.99993514875906
24,I2,N7,0.0,0.0,3.601817425126745e-05,99.99993520645526,99.999899188281,9.082997558800693e-08,9.082988402074717e-06,99.99993638750365
24,I2,N8,18.91329477901846,84.01709097477597,18.913294790175005,18.913294858144283,6.796927820573728e-08,35.35912272243964,2.4033340494323066e-06,0.0
24,I2,N9,2.5982791765442674,7.665914823650383,2.8458689253869145,56.76206555921215,53.91619663382523,-5.835430998453152e-06,-0.00031462424515571924,44.67478629451982
24,I3,N1,6.434165206068008e-05,0.0001302005912274114,6.360184389439455e-05,99.9998706459164,99.99980704407251,9.08183563239066e-08,9.081818108450483e-06,99.99980453149885
24,I3,N2,0.0,0.0,6.360144568280147e-05,99.99993520119222,99.99987159974653,9.081829763674219e-08,9.081818102581783e-06,99.99993572030759
24,I3,N3,16.008393362161925,32.909051150526594,15.983073108185273,66.45275458315729,50.46968147497201,1.80035231693183e-07,9.086320797827732e-06,59.874185207373294
24,I3,N4,6.431130389284107e-05,0.00013013995204495967,6.360184165439728e-05,99.99987070913437,99.99980710729271,9.081835626643345e-08,9.081818108444733e-06,99.99980457508339
24,I3,N5,6.43134131281678e-05,0.00013014416293871212,6.36025856348518e-05,99.99987132422086,99.99980772163522,9.08183557079381e-08,9.081818108388883e-06,99.99980529736858
24,I3,N6,0.0,0.0,6.360005659551247e-05,99.99993790405796,99.99987430400137,9.08182951783225e-08,9.081818102335943e-06,99.99993514875906
24,I3,N7,0.0,0.0,6.360140509616148e-05,99.99993520645526,99.99987160505016,9.081829763192069e-08,9.0818181025813e-06,99.99993638750365
24,I3,N8,37.61656072218383,154.56347556350485,37.61656078342273,37.616560683238056,0.0,32.9403514917589,0.0,0.0
24,I3,N9,15.95554850818862,32.778437404931594,15.980900326596174,70.06018064790554,54.07928032130937,1.6801245510414002e-07,9.085992657048193e-06,44.67478629451982
24,I4,N1,6.733753207834335e-05,0.00013620977086005782,6.809728871328266e-05,99.99987186903094,99.99980377174222,-6.115706968924769e-07,-6.115694968179533e-05,99.99980453149885
24,I4,N2,6.42796924033587e-05,0.0001300974537836408,6.405721438167437e-05,100.0,99.99993594278561,-5.898852467126784e-07,-5.8988486884862124e-05,99.99993572030759
24,I4,N3,21.933044207148306,44.87075806270748,17.891691070129188,81.8072294145216,63.91553834439242,2.0063957304631646e-07,1.2823986324444364e-05,59.874185207373294
24,I4,N4,6.73233601488728e-05,0.0001361813299962751,6.81045374773761e-05,99.99987189844353,99.99980379390605,-6.110891777810103e-07,-6.11087978786804e-05,99.99980457508339
24,I4,N5,6.669305091095383e-05,0.0001349210455509643,6.742738197465375e-05,99.99987199041949,99.99980456303751,-6.073281199543072e-07,-6.073269330106772e-05,99.99980529736858
24,I4,N6,6.48512409426356e-05,0.0001312373546287987,6.603208333059143e-05,100.0,99.99993396791668,-5.965524716978047e-07,-5.965520777817795e-05,99.99993514875906
24,I4,N7,6.361249635349857e-05,0.00012874785634574596,6.310633275820004e-05,100.0,99.99993689366724,-4.577871575117912e-07,-4.577868686191043e-05,99.99993638750365
24,I4,N8,28.784966628439392,121.46988212047577,28.784966624690128,28.78496661183931,0.0,33.057989968408364,0.0,0.0
24,I4,N9,35.23585037581161,71.78884671213002,39.27721288089609,79.91063667033143,40.63342378943534,1.651188094437621e-07,6.7093425597354035e-06,44.67478629451982
25,I1,N1,6.363157678810561e-05,0.0001287769228973131,6.356397383771528e-05,99.99986832081586,99.99980475684202,9.081731406544603e-08,9.081713675085405e-06,99.99980886185698
25,I1,N2,0.0,0.0,3.796571941623223e-05,99.99993572030759,99.99989775458818,9.08037920225359e-08,9.08036991798248e-06,99.99995040032779
25,I1,N3,1.5413352277028831,5.770586184712264,1.5400066480324652,61.41862045430715,59.878613806274686,1.518151049005087e-07,9.09047803629664e-06,58.200404801697665
25,I1,N4,6.363185741403777e-05,0.00012877748265242216,6.356397377403211e-05,99.99986836533596,99.99980480136219,9.0817314049903e-08,9.081713677574308e-06,99.99980802366805
25,I1,N5,6.359766821641754e-05,0.00012870848673250283,6.355545428858266e-05,99.99986899353596,99.99980543808167,9.081730980331148e-08,9.081713310741135e-06,99.99980743032349
25,I1,N6,0.0,0.0,5.996820888739723e-05,99.99993514875906,99.99987518055018,9.066737206479262e-08,9.066725889427764e-06,100.0
25,I1,N7,0.0,0.0,3.796552504092746e-05,99.99993638750365,99.99989842197861,9.080379574013938e-08,9.080370350344033e-06,100.0
25,I1,N8,14.6851777764744,69.09679877109045,14.685177741126735,14.685177870358316,1.292315818801626e-07,32.92813100030182,4.2553544575262245e-06,0.0
25,I1,N9,1.538595943640997,5.760333235038656,1.5399075002289875,46.210321939455504,44.67041443922652,2.035203438058169e-07,9.091338104619709e-06,46.348565225360716
25,I2,N1,0.0,0.0,5.056748717292887e-05,99.99980468923907,99.99975412175189,9.081329375280069e-08,9.081307046266496e-06,99.99980886185698
25,I2,N2,0.0,0.0,3.793658820799892e-05,99.99993572030759,99.99989778371938,9.081370132021995e-08,9.081360849383216e-06,99.99995040032779
25,I2,N3,0.8170637373971974,1.7273809599076326,0.8929730635463035,60.51722720298689,59.62425413944059,2.4371424047717665e-06,0.00014531279811611918,58.200404801697665
25,I2,N4,0.0,0.0,5.056748738275842e-05,99.99980473347854,99.99975416599116,9.081329372021145e-08,9.081307047025094e-06,99.99980802366805
25,I2,N5,0.0,0.0,5.056034915559056e-05,99.99980539586774,99.99975483551859,9.081329436902178e-08,9.081307172707958e-06,99.99980743032349
25,I2,N6,0.0,0.0,4.70139593560147e-05,99.99993514875906,99.9998881347997,9.07892846788409e-08,9.078918311722575e-06,100.0
25,I2,N7,0.0,0.0,3.793687062609054e-05,99.99993638750365,99.99989845063303,9.081369849287734e-08,9.08136062721414e-06,100.0
25,I2,N8,18.91329479036182,84.01707024809672,18.913294801518987,18.913294869480566,6.796157947519532e-08,35.36018145307946,2.4031337820807873e-06,0.0
25,I2,N9,2.421130973195467,7.331941478645723,2.34521031461741,47.27000517235877,44.92479485774136,-2.082489771381872e-06,-9.35554257726753e-05,46.348565225360716
25,I3,N1,6.383226314144227e-05,0.00012917921685844693,6.361395360462605e-05,99.99986903089113,99.99980541693753,9.081835780312592e-08,9.081818108598402e-06,99.99980886185698
25,I3,N2,0.0,0.0,6.345967191775088e-05,99.99993572030759,99.99987226063567,9.08182970359322e-08,9.081818102521687e-06,99.99995040032779
25,I3,N3,15.99489204807048,32.873380939724925,15.989105770602716,75.70855682775161,59.71945105714889,1.5213602503146727e-07,9.085479900895888e-06,58.200404801697665
25,I3,N4,6.382315864993061e-05,0.00012916102503125412,6.361395354582612e-05,99.99986904478244,99.9998054308289,9.081835779049736e-08,9.08181810859714e-06,99.99980802366805
25,I3,N5,6.382406751185334e-05,0.00012916284089913054,6.36143479620043e-05,99.99986970928087,99.99980609493291,9.08183571867641e-08,9.081818108536767e-06,99.99980743032349
25,I3,N6,0.0,0.0,6.352712554751984e-05,99.99993514875906,99.99987162163352,9.081829761684481e-08,9.081818102579787e-06,100.0
25,I3,N7,0.0,0.0,6.346074187382826e-05,99.99993638750365,99.99987292676178,9.081829643036148e-08,9.081818102461131e-06,100.0
25,I3,N8,37.61656083584614,154.5635306086716,37.6165608970801,37.61656079689557,0.0,32.94033430916841,0.0,0.0
25,I3,N9,15.969102033326232,32.81427226871179,15.974910686956635,60.804422707351925,44.82951202039529,2.0269757775505876e-07,9.086833498475416e-06,46.348565225360716
25,I4,N1,6.367430308928204e-05,0.0001288682513391264,6.210434780825576e-05,99.99987253616007,99.99981043181226,5.328172419085882e-08,5.328162318565988e-06,99.99980886185698
25,I4,N2,4.959967221145992e-05,0.00010079256848921835,4.330823498636044e-05,100.0,99.99995669176501,-1.0797406030009402e-06,-0.00010797401353843426,99.99995040032779
25,I4,N3,23.446304185131776,47.97536060370909,24.094844175696117,81.64670898682944,57.55186481113332,1.0733254316898569e-07,6.177188014296595e-06,58.200404801697665
25,I4,N4,6.452131587673119e-05,0.0001305635938638091,6.332043976009906e-05,99.99987254498393,99.99980922454417,-1.6667877302428671e-07,-1.666784550420977e-05,99.99980802366805
25,I4,N5,6.514794078329094e-05,0.0001318177541636713,6.448575072857828e-05,99.99987257826427,99.99980809251355,-2.495948301077486e-07,-2.4959435111658386e-05,99.99980743032349
25,I4,N6,0.0,0.0,1.1588510977554075e-05,100.0,99.99998841148903,1.9101712946413262e-07,1.910171073280916e-05,100.0
25,I4,N7,0.0,0.0,3.867426195452146e-05,100.0,99.99996132573804,-2.069094033326887e-05,-0.0020690932331200403,100.0
25,I4,N8,28.78496659731764,121.46990129553478,28.78496659356149,28.784966580723747,0.0,33.0564179113983,0.0,0.0
25,I4,N9,33.72260582447659,68.68429239644752,33.07407244533301,80.0711710498373,46.997098604504295,2.439176616951635e-07,1.1463422398067719e-05,46.348565225360716
26,I1,N1,6.365404197079754e-05,0.00012881996746787582,6.366366990623692e-05,99.99987249343377,99.99980882976386,9.133812470762773e-08,9.133795009631905e-06,99.99987316173859
26,I1,N2,0.0,0.0,3.9301810628492305e-05,99.99995040032779,99.99991109851716,9.09786020290498e-08,9.097852114772353e-06,99.99994358068881
26,I1,N3,1.5404020259257618,5.767061536742023,1.5400020823069958,59.741740029400546,58.20173794709355,1.5091549607076854e-07,8.783544154466497e-06,58.97023538738746
26,I1,N4,6.365575947859839e-05,0.00012882340174762027,6.366600322055294e-05,99.99987165552547,99.99980798952225,9.133753871832822e-08,9.133736334068377e-06,99.99987290591035
26,I1,N5,6.364055995041476e-05,0.00012879281985306846,6.365894212212785e-05,99.9998710279917,99.99980736904958,9.133702196821824e-08,9.133684602484474e-06,99.9998096850744
26,I1,N6,0.0,0.0,5.9733883495861694e-05,100.0,99.99994026611651,9.208158255553585e-08,9.20815275516306e-06,100.0
26,I1,N7,0.0,0.0,3.9292470406512756e-05,100.0,99.9999607075296,9.098087743957934e-08,9.0980841690945e-06,100.0
26,I1,N8,14.685177682588876,69.09675036216329,14.685177647242845,14.685177776474404,1.2923155878752368e-07,32.92813405927466,4.255354092444614e-06,0.0
26,I1,N9,1.539507502097818,5.7637485809443465,1.5398981700078842,47.887161169001715,46.34726299899383,1.9770126811567015e-07,9.162912668591557e-06,45.578730054161134
26,I2,N1,0.0,0.0,5.065307234295275e-05,99.9998088393918,99.99975818631945,9.078952801181884e-08,9.07893084703196e-06,99.99987316173859
26,I2,N2,0.0,0.0,3.261860131820418e-05,99.99995040032779,99.99991778172647,9.090495423082586e-08,9.090487949034193e-06,99.99994358068881
26,I2,N3,0.3566400486978034,0.7477267962114297,0.1593156106837774,59.01840174087198,58.8590861301882,1.7535526815090338e-05,0.001032125083147627,58.97023538738746
26,I2,N4,0.0,0.0,5.065307260163267e-05,99.99980799976599,99.99975734669339,9.078952880971102e-08,9.078930850591732e-06,99.99987290591035
26,I2,N5,0.0,0.0,5.064564966494707e-05,99.99980738743176,99.9997567417821,9.078947347861e-08,9.078925262575478e-06,99.9998096850744
26,I2,N6,0.0,0.0,1.2492184744999709e-05,100.0,99.99998750781525,9.083278430213802e-08,9.083277295513878e-06,100.0
26,I2,N7,0.0,0.0,3.336491042524411e-05,100.0,99.99996663508958,9.089028995134221e-08,9.089025962587839e-06,100.0
26,I2,N8,18.913294801682852,84.01705943103089,18.913294812833445,18.913294880823912,6.799046659011765e-08,35.35620848643436,2.4038851118501495e-06,0.0
26,I2,N9,2.881532668816966,8.311572227810856,3.0788476812261796,48.76878464009936,45.68993695887318,-1.7182429541176678e-05,-0.0007850641225366426,45.578730054161134
26,I3,N1,0.0,0.0,1.5517603335598857e-06,99.99987267165494,99.9998711198946,9.08141257017915e-08,9.081400866045058e-06,99.99987316173859
26,I3,N2,0.0,0.0,8.332695383938313e-07,99.99995040032779,99.99994956705825,9.081813716301903e-08,9.081809136076081e-06,99.99994358068881
26,I3,N3,15.956472951583414,32.78087718485707,15.940007624517527,74.65665374024465,58.71664611572712,1.5323338303881533e-07,8.997350325005782e-06,58.97023538738746
26,I3,N4,0.0,0.0,1.5357235179702615e-06,99.99987182292465,99.99987028720113,9.081445962475032e-08,9.081434182677296e-06,99.99987290591035
26,I3,N5,6.349284026256556e-05,0.00012849992531539507,6.33508857271565e-05,99.99987121149927,99.99980786061354,9.083675787082103e-08,9.083658333763178e-06,99.9998096850744
26,I3,N6,0.0,0.0,1.0214980527599434e-06,100.0,99.99999897850195,9.081800355513343e-08,9.081800262742929e-06,100.0
26,I3,N7,0.0,0.0,8.331594963662356e-07,100.0,99.99999916684051,9.081809210042824e-08,9.081809134376869e-06,100.0
26,I3,N8,37.616560949516604,154.56357528666337,37.616561010760016,37.61656091057809,0.0,32.940024473658745,0.0,0.0
26,I3,N9,16.007558581792836,32.906881837621285,16.024039959707096,61.856354004608626,45.83231404490153,1.9976309798733214e-07,9.155605041537843e-06,45.578730054161134
26,I4,N1,6.318421943499166e-05,0.00012788384612850555,6.297418358315292e-05,99.99993634595803,99.99987337177446,9.029859463208665e-08,9.029848028857858e-06,99.99987316173859
26,I4,N2,5.641931119050474e-05,0.00011437675296184139,5.9342013610095366e-05,100.0,99.99994065798639,8.972073379829153e-08,8.972068055620147e-06,99.99994358068881
26,I4,N3,23.176249586405557,47.479920240493705,23.06051190123718,82.14648497379302,59.085973072555845,5.961644527066405e-07,3.522495679943956e-05,58.97023538738746
26,I4,N4,6.343833016506949e-05,0.00012839246267558427,6.297419343150018e-05,99.99993634424052,99.9998733700471,9.029842305150789e-08,9.02983087066573e-06,99.99987290591035
26,I4,N5,6.318152539097536e-05,0.0001278792082980226,6.233877593712583e-05,99.99987286659979,99.99981052782385,9.029593081471e-08,9.029575972904492e-06,99.9998096850744
26,I4,N6,0.0,0.0,6.233516110904252e-05,100.0,99.9999376648389,9.029882716052348e-08,9.02987708726041e-06,100.0
26,I4,N7,0.0,0.0,5.9726405578463965e-05,100.0,99.99994027359442,9.226464515560548e-08,9.22645900492493e-06,100.0
26,I4,N8,28.784966566211665,121.46991723705811,28.784966562466835,28.784966549609877,0.0,33.05872795584304,0.0,0.0
26,I4,N9,33.992671193131244,69.17976250869478,34.10841349398324,79.57140124729239,45.46298775330914,-2.425344243736134e-07,-1.102633956505347e-05,45.578730054161134
27,I1,N1,6.404211289253567e-05,0.00012959753780611845,6.4208429001852e-05,99.99993681578057,99.99987260735158,9.055093878264262e-08,9.055082342740352e-06,99.9998688913442
27,I1,N2,0.0,0.0,4.054095546552746e-05,99.99994358068881,99.99990303973334,8.922702144595242e-08,8.92269349311945e-06,99.99993496591756
27,I1,N3,1.5547459662004532,5.820782151929439,1.560893369175321,60.510637413313226,58.94974404413791,1.272173163302454e-07,7.499428235650092e-06,55.248423403540215
27,I1,N4,6.404333178508681e-05,0.0001295999761557938,6.420943420215328e-05,99.99993656166984,99.99987235223564,9.055041462541504e-08,9.055029903983516e-06,99.99986881389488
27,I1,N5,6.399765767201612e-05,0.00012950846859210367,6.41506995527024e-05,99.99987332563434,99.99980917493478,9.057351754071776e-08,9.057334470374384e-06,99.9998049850319
27,I1,N6,0.0,0.0,3.790269296268397e-05,100.0,99.99996209730703,9.314876812430832e-08,9.314873281841674e-06,100.0
27,I1,N7,0.0,0.0,4.0539281237487e-05,100.0,99.99995946071876,8.92281100798463e-08,8.92280739074118e-06,100.0
27,I1,N8,14.685177588703525,69.0967086226907,14.685177553355903,14.685177682588886,1.2923298342570888e-07,32.92796419349004,4.255379050859634e-06,0.0
27,I1,N9,1.5251234635272881,5.709894755076679,1.5189588755684897,47.118237556258954,45.59927868069047,2.284116381748081e-07,1.0415405943046111e-05,49.30054163737963
27,I2,N1,0.0,0.0,5.060192578072358e-05,99.99987277366768,99.9998221717419,9.080853759779278e-08,9.080837611455216e-06,99.9998688913442
27,I2,N2,0.0,0.0,1.4699682572008764e-05,99.99994358068881,99.99992888100624,9.08490805466505e-08,9.084901593569857e-06,99.99993496591756
27,I2,N3,0.2658749844018379,0.5515042493272017,0.22697567113213837,59.312531495810575,59.08555582467844,8.725787781624802e-06,0.0005155680210854893,55.248423403540215
27,I2,N4,0.0,0.0,5.0601926564916615e-05,99.99987251833805,99.99982191641149,9.080853670793296e-08,9.080837499283212e-06,99.99986881389488
27,I2,N5,0.0,0.0,5.0589037094266535e-05,99.99980932797668,99.99975873893959,9.080964472865024e-08,9.080942564033842e-06,99.9998049850319
27,I2,N6,0.0,0.0,9.55426418242206e-06,100.0,99.99999044573582,9.082416156163828e-08,9.082415288405795e-06,100.0
27,I2,N7,0.0,0.0,1.3810133803742081e-05,100.0,99.99998618986619,9.084414180351209e-08,9.084412925781455e-06,100.0
27,I2,N8,18.913294813017636,84.01704333502204,18.913294824171974,18.91329489214594,6.79739677877933e-08,35.358477417319634,2.4034560049903014e-06,0.0
27,I2,N9,2.9723000753025066,8.507820192479452,3.0112003923677384,48.474646761548634,45.46344636918089,-8.372199172610852e-06,-0.00038062902807609413,49.30054163737963
27,I3,N1,0.0,0.0,6.118063911513071e-05,99.99987277366768,99.99981159302855,9.092561720336683e-08,9.092544589316519e-06,99.9998688913442
27,I3,N2,0.0,0.0,1.8030908529493838e-06,99.99994358068881,99.99994177759795,9.081511188359403e-08,9.081505900885447e-06,99.99993496591756
27,I3,N3,15.961584042401197,32.8119752767474,15.963774509894533,75.00312946299215,59.039354953097614,1.5633880839887554e-07,9.230142402005531e-06,55.248423403540215
27,I3,N4,0.0,0.0,5.619650517922673e-05,99.99987251833805,99.99981632183287,9.426095264808877e-08,9.426077951129862e-06,99.99986881389488
27,I3,N5,6.395134297225663e-05,0.0001294166575058813,6.414784413355279e-05,99.99987282081693,99.9998086729728,8.955501488876847e-08,8.955484354582077e-06,99.9998049850319
27,I3,N6,0.0,0.0,2.250134198294422e-06,100.0,99.9999977498658,9.08141729937371e-08,9.081417095029633e-06,100.0
27,I3,N7,0.0,0.0,1.802737006173912e-06,100.0,99.999998197263,9.081506180468489e-08,9.081506016752817e-06,100.0
27,I3,N8,37.616561063182715,154.56361801585743,37.61656112441999,37.616561024237306,0.0,32.94011386428682,0.0,0.0
27,I3,N9,16.002477168257347,32.87587030422152,16.00029941959928,61.50990526803896,45.50960584843968,1.9721807418406726e-07,8.975316822305239e-06,49.30054163737963
27,I4,N1,6.706654289394934e-05,0.00013565525450618283,6.873039580493122e-05,99.9999359578871,99.9998672274913,-5.269920506154098e-07,-5.269913509148436e-05,99.9998688913442
27,I4,N2,6.503408243222615e-05,0.00013159713437337463,6.872612725010677e-05,100.0,99.99993127387275,-5.243917620606527e-07,-5.2439140166650304e-05,99.99993496591756
27,I4,N3,26.969371603456295,55.09224139227381,28.594995325049467,82.21779500699651,53.62279968194704,2.0271793795280223e-07,1.0870303378780484e-05,55.248423403540215
27,I4,N4,6.71427733436015e-05,0.00013580783392607402,6.873039184868666e-05,99.99993595666821,99.99986722627636,-5.26990404880109e-07,-5.269897051753252e-05,99.99986881389488
27,I4,N5,6.706596745163154e-05,0.0001356543363015133,6.873072833476991e-05,99.99987205099936,99.99980332027103,-5.271505829425757e-07,-5.271495461442379e-05,99.9998049850319
27,I4,N6,0.0,0.0,6.872223230778928e-05,100.0,99.99993127776769,-5.255204763767897e-07,-5.255201152273871e-05,100.0
27,I4,N7,0.0,0.0,6.872612733633564e-05,100.0,99.99993127387266,-5.243917290905286e-07,-5.243913686964012e-05,100.0
27,I4,N8,28.784966535096125,121.46993258998211,28.784966531343922,28.7849665185,0.0,33.05879918816167,0.0,0.0
27,I4,N9,30.199557655533226,61.56746548544612,28.573937567991223,79.50009929291286,50.92616172492164,1.4501752551791883e-07,7.385185957473485e-06,49.30054163737963
28,I1,N1,6.370083788808298e-05,0.0001289150913413221,6.355457717188897e-05,99.9999329334571,99.99986937887994,9.081821538203253e-08,9.081809675426238e-06,99.9998716523501
28,I1,N2,0.0,0.0,3.6887815101952874e-05,99.99993496591756,99.99989807810246,9.081865770901168e-08,9.081856514491243e-06,99.9999359629165
28,I1,N3,1.5753852499403276,5.898070982488207,1.5842306572574165,56.80316936974067,55.21893871248326,1.1648036658234288e-07,6.431922223517974e-06,55.443730409668774
28,I1,N4,6.370120049555667e-05,0.00012891581671166573,6.355457280004375e-05,99.99993285722665,99.99986930265385,9.081821548497526e-08,9.08180967879778e-06,99.99987162911755
28,I1,N5,6.368056231443895e-05,0.00012887449504409796,6.354466430404874e-05,99.99986898268958,99.99980543802528,9.081827223543158e-08,9.08180955376077e-06,99.99981742094299
28,I1,N6,0.0,0.0,5.966225269172295e-05,100.0,99.9999403377473,9.081731860742895e-08,9.081726442377083e-06,100.0
28,I1,N7,0.0,0.0,3.688788064177189e-05,100.0,99.99996311211936,9.08185985859284e-08,9.081856508487215e-06,100.0
28,I1,N8,14.685177494818028,69.09666135795327,14.685177459471669,14.685177588703525,1.2923185543911586e-07,32.92809883871015,4.255359309009109e-06,0.0
28,I1,N9,1.504437021430866,5.632446547188068,1.4955714033895422,50.82566510090692,49.33009369751738,2.3225928294265228e-07,1.1457372189679237e-05,49.10523904567949
28,I2,N1,0.0,0.0,5.896184201677547e-05,99.99986923261922,99.9998102707772,8.369136133958594e-08,8.369120255261653e-06,99.9998716523501
28,I2,N2,0.0,0.0,4.603184451113006e-05,99.99993496591756,99.99988893407306,8.52005296925536e-08,8.520043506379554e-06,99.9999359629165
28,I2,N3,0.43112778839026933,1.0124682893220354,0.5019504186710257,55.49365910420218,54.99170868553115,8.373355930313881e-06,0.0004604651500400856,55.443730409668774
28,I2,N4,0.0,0.0,5.896189685786066e-05,99.99986915602616,99.99981019412931,8.36913108353797e-08,8.369115198435847e-06,99.99987162911755
28,I2,N5,0.0,0.0,5.8959993605992563e-05,99.99980530212726,99.99974634213365,8.369080592568203e-08,8.369059363736939e-06,99.99981742094299
28,I2,N6,0.0,0.0,5.7925756453431306e-05,100.0,99.99994207424355,8.343418379445754e-08,8.343413546457544e-06,100.0
28,I2,N7,0.0,0.0,4.630375744530059e-05,100.0,99.99995369624256,8.512248827632419e-08,8.51224488614137e-06,100.0
28,I2,N8,18.913294824354942,84.01702102507845,18.91329483551207,18.913294903479937,6.79678677784068e-08,35.35931623851949,2.4032973308345652e-06,0.0
28,I2,N9,2.807008794662553,8.046793818544455,2.736169674388287,52.29352815477856,49.55735848039028,-8.014144872842448e-06,-0.00039715985037723495,49.10523904567949
28,I3,N1,0.0,0.0,4.137383980373881e-06,99.99986923261922,99.99986509523524,9.087895439633821e-08,9.087883179629857e-06,99.9998716523501
28,I3,N2,0.0,0.0,1.5069443635408564e-06,99.99993496591756,99.9999334589732,9.08204704984233e-08,9.082041006554969e-06,99.9999359629165
28,I3,N3,15.981517173617465,32.878718206459986,15.990059944138725,71.02411535821311,55.03405541407439,1.6721048402352206e-07,9.202271043564713e-06,55.443730409668774
28,I3,N4,0.0,0.0,4.129184047950462e-06,99.99986915602616,99.99986502684212,9.087884942092434e-08,9.087872675887143e-06,99.99987162911755
28,I3,N5,5.42518442636044e-05,0.0001097785791536012,5.0094916245610584e-05,99.99986925347024,99.99981915855399,9.281564329181078e-08,9.281547544265932e-06,99.99981742094299
28,I3,N6,0.0,0.0,2.0500966959213864e-06,100.0,99.9999979499033,9.082386388702496e-08,9.082386202504793e-06,100.0
28,I3,N7,0.0,0.0,1.506890088527741e-06,100.0,99.99999849310991,9.082041113584756e-08,9.082040976728379e-06,100.0
28,I3,N8,37.616561176842296,154.56366873489068,37.616561238080166,37.61656113789891,0.0,32.9399439717915,0.0,0.0
28,I3,N9,15.982606846088162,32.80929221639873,15.97409099372994,65.48899652837335,49.51490553464341,1.8139413737232705e-07,8.981713576528904e-06,49.10523904567949
28,I4,N1,6.464681201247106e-05,0.00013080970411807376,6.36097844918375e-05,99.99993629916212,99.99987268937763,9.081822809340302e-08,9.08181124721516e-06,99.9998716523501
28,I4,N2,6.403708350516304e-05,0.00012959228739230038,6.360979825070742e-05,100.0,99.99993639020175,9.081829061154538e-08,9.081823284221395e-06,99.9999359629165
28,I4,N3,26.56823937838316,54.28470382627245,26.396325567637536,82.01196978805194,55.61564422041441,1.802665196792687e-07,1.0025638623334541e-05,55.443730409668774
28,I4,N4,6.466968194863775e-05,0.00013085547958551283,6.360978563651042e-05,99.99993629879951,99.99987268901387,9.081835046871997e-08,9.08182348469824e-06,99.99987162911755
28,I4,N5,6.464665043895455e-05,0.00013080945081783777,6.36098002906644e-05,99.99988206759342,99.99981845779313,9.081839842126327e-08,9.081823354753852e-06,99.99981742094299
28,I4,N6,0.0,0.0,6.360967447389814e-05,100.0,99.99993639032553,9.081829111408862e-08,9.081823334486929e-06,100.0
28,I4,N7,0.0,0.0,6.36097982505561e-05,100.0,99.99993639020175,9.08182906118067e-08,9.081823284247528e-06,100.0
28,I4,N8,28.784966503984737,121.46995039273935,28.784966500236916,28.784966487384096,0.0,33.05823018074005,0.0,0.0
28,I4,N9,30.600708292138933,62.3750506094858,30.77262999354138,79.70594733781842,48.933317344277036,1.6879280522532855e-07,8.259591903521746e-06,49.10523904567949
29,I1,N1,6.361093107810896e-05,0.00012873532499685933,6.35723995881201e-05,99.999935353188,99.99987178078841,9.081416174514183e-08,9.081404530393963e-06,99.99987291409944
29,I1,N2,0.0,0.0,3.555050596003767e-05,99.9999359629165,99.99990041241054,9.081800513181182e-08,9.081791468834971e-06,99.99993805865233
29,I1,N3,1.5476495786352156,5.7942298338958285,1.5357628623615962,57.019115659609106,55.48335279724751,1.6818271478143785e-07,9.33134089861737e-06,55.212987973081056
29,I1,N4,6.361104019253651e-05,0.00012873554325515917,6.357240006267072e-05,99.99993533031805,99.99987175791799,9.081416178594571e-08,9.081404532397387e-06,99.9998729089525
29,I1,N5,6.359726365404464e-05,0.0001287079701845124,6.356156422816135e-05,99.9998811015053,99.99981753994106,9.081420705582036e-08,9.081404135616465e-06,99.99981190857997
29,I1,N6,0.0,0.0,5.5722208388527015e-05,100.0,99.99994427779161,9.0945839980767e-08,9.094578930373653e-06,100.0
29,I1,N7,0.0,0.0,3.555026477376261e-05,100.0,99.99996444973523,9.081794604024819e-08,9.081791375422792e-06,100.0
29,I1,N8,14.685177400931334,69.09661381440672,14.685177365586435,14.68517749481802,1.2923158543287627e-07,32.9281310120007,4.255354576022311e-06,0.0
29,I1,N9,1.532133732078067,5.736140225474626,1.5440037509268676,50.60967606711035,49.06567231618348,1.8076481180162515e-07,8.869347022155116e-06,49.33598140957426
29,I2,N1,0.0,0.0,5.057145446212911e-05,99.99987174225691,99.99982117080245,9.081420805003877e-08,9.081404564771925e-06,99.99987291409944
29,I2,N2,0.0,0.0,3.629640868812301e-05,99.9999359629165,99.9998996665078,9.081607346634025e-08,9.081598234740225e-06,99.99993805865233
29,I2,N3,0.605218139089509,1.2970998671471523,0.6798282893891833,55.90259386936416,55.222765579974975,2.9603040908296316e-06,0.0001634761788533257,55.212987973081056
29,I2,N4,0.0,0.0,5.0571466439834525e-05,99.99987171927786,99.99982114781142,9.081420765104867e-08,9.081404522785074e-06,99.9998729089525
29,I2,N5,0.0,0.0,5.0562871852267134e-05,99.99981750424165,99.9997669413698,9.081425906395644e-08,9.081404741348823e-06,99.99981190857997
29,I2,N6,0.0,0.0,4.275097556875388e-05,100.0,99.99995724902443,9.094795126035274e-08,9.094791237921631e-06,100.0
29,I2,N7,0.0,0.0,3.629645889150091e-05,100.0,99.99996370354111,9.081602728387331e-08,9.081599432087131e-06,100.0
29,I2,N8,18.913294835693353,84.01700773612707,18.913294846853496,18.913294914817058,6.796356188942809e-08,35.359908529153124,2.4031853317256146e-06,0.0
29,I2,N9,2.6328861338836624,7.762113044256532,2.558262136406995,51.88455112969484,49.32628899328785,-2.6115608738249076e-06,-0.00012881860638585074,49.33598140957426
29,I3,N1,0.0,0.0,6.164557884215553e-05,99.99987174225691,99.99981009667808,9.714100345478509e-08,9.714081898079258e-06,99.99987291409944
29,I3,N2,0.0,0.0,8.094912964926658e-06,99.9999359629165,99.99992786800352,9.240454779802628e-08,9.240448114478112e-06,99.99993805865233
29,I3,N3,16.00685524141812,32.906173400050356,16.017714413332683,71.27889290389211,55.26117849055943,1.6282706608646574e-07,8.9980155620983e-06,55.212987973081056
29,I3,N4,0.0,0.0,6.131963574305968e-05,99.99987171927786,99.99981039964212,9.844162322125167e-08,9.844143657558174e-06,99.9998729089525
29,I3,N5,6.146664274754224e-05,0.00012437638740526327,6.455869924065846e-05,99.99987175608591,99.99980719738667,8.837762916751881e-08,8.837745877314018e-06,99.99981190857997
29,I3,N6,0.0,0.0,2.9973426308995035e-05,100.0,99.99997002657369,1.7492648551673547e-07,1.7492643308527425e-05,100.0
29,I3,N7,0.0,0.0,8.089320322693854e-06,100.0,99.99999191067968,9.24000599123975e-08,9.240005243786067e-06,100.0
29,I3,N8,37.616561290498794,154.56371406791138,37.61656135174041,37.61656125155542,0.0,32.940388848363945,0.0,0.0
29,I3,N9,15.95732396311643,32.781991861451154,15.94648844184283,65.23427184189933,49.2877834000565,1.8594463466759218e-07,9.16479887789892e-06,49.33598140957426
29,I4,N1,6.34749694765347e-05,0.00012846427628099687,6.29727512468477e-05,99.99993638906892,99.99987341631767,9.026663241801939e-08,9.026651815519216e-06,99.99987291409944
29,I4,N2,6.194134766571044e-05,0.00012539789730153756,6.10431751630879e-05,100.0,99.99993895682483,9.074006771410126e-08,9.074001232348277e-06,99.99993805865233
29,I4,N3,26.627289067776104,54.33426414828445,26.652596077515938,81.84027704085716,55.18768096334122,2.59628106584837e-07,1.4328273115320333e-05,55.212987973081056
29,I4,N4,6.348000730777724e-05,0.0001284743612483298,6.297014674740844e-05,99.99993638895981,99.99987341881307,9.054670586629122e-08,9.05465912511962e-06,99.9998729089525
29,I4,N5,6.302751362797416e-05,0.00012756946814120488,6.23335978518397e-05,99.9998749360936,99.99981260249575,9.029984457553373e-08,9.029967535587865e-06,99.99981190857997
29,I4,N6,0.0,0.0,7.1023024283393405e-06,100.0,99.99999289769757,9.008169711958158e-08,9.008169072170702e-06,100.0
29,I4,N7,0.0,0.0,6.104312094197095e-05,100.0,99.99993895687906,9.073393047693248e-08,9.073387509010958e-06,100.0
29,I4,N8,28.784966472876523,121.46996658926975,28.784966469133927,28.78496645626919,0.0,33.05966310844929,0.0,0.0
29,I4,N9,30.54167476134758,62.325534947852,30.51637467672271,79.87765617092184,49.36128149419913,8.908655159188997e-08,4.397426350474774e-06,49.33598140957426
30,I1,N1,6.35723948315946e-05,0.0001286582522308895,6.355587929737415e-05,99.99993652503052,99.99987296915123,9.081829647447092e-08,9.081818110721807e-06,99.99987330782638
30,I1,N2,0.0,0.0,3.613689933726442e-05,99.99993805865233,99.999901921753,9.081873776502454e-08,9.081864869159859e-06,99.99993868446039
30,I1,N3,1.5587700882061677,5.835870035458665,1.5635360208794329,56.760637551716265,55.19710153083683,1.3909560001536883e-07,7.677673956540982e-06,54.40410071706637
30,I1,N4,6.357242889578425e-05,0.00012865832035611411,6.355588119717614e-05,99.99993651999269,99.99987296411149,9.081829647745794e-08,9.081818110562808e-06,99.99987330627917
30,I1,N5,6.356029855166849e-05,0.0001286340464442395,6.354445636493586e-05,99.99987550584362,99.99981196138725,9.081835232517327e-08,9.081818155160343e-06,99.99981134818536
30,I1,N6,0.0,0.0,5.982986710205632e-05,100.0,99.9999401701329,9.081795127862119e-08,9.081789694236164e-06,100.0
30,I1,N7,0.0,0.0,3.613466808763015e-05,100.0,99.9999638653319,9.081868527967224e-08,9.081865246264175e-06,100.0
30,I1,N8,14.685177307046537,69.09656647232582,14.685177271699674,14.685177400931337,1.292316635925772e-07,32.92812189057886,4.255355970898664e-06,0.0
30,I1,N9,1.5209723880270116,5.694356773054558,1.5161889548622736,50.868115141652325,49.35192618679005,2.0962573480256945e-07,1.0345433790828035e-05,50.14486719829943
30,I2,N1,0.0,0.0,5.056408049220338e-05,99.9998729526357,99.9998223885552,9.081772407847321e-08,9.081756277580135e-06,99.99987330782638
30,I2,N2,0.0,0.0,2.054648035275445e-05,99.99993805865233,99.99991751217198,9.083019215790828e-08,9.083011723405559e-06,99.99993868446039
30,I2,N3,1.0692785210927713,2.371095902756259,1.2681615419513126,55.80708560259961,54.53892406064829,1.35415527030391e-06,7.38541714534316e-05,54.40410071706637
30,I2,N4,0.0,0.0,5.056408163079627e-05,99.9998729475638,99.99982238348217,9.081772408172537e-08,9.081756277444628e-06,99.99987330627917
30,I2,N5,0.0,0.0,5.055575576988632e-05,99.99981194554508,99.99976138978931,9.081777993435489e-08,9.081756323385885e-06,99.99981134818536
30,I2,N6,0.0,0.0,1.3862982522982595e-05,100.0,99.99998613701747,9.082334482976882e-08,9.08233322389444e-06,100.0
30,I2,N7,0.0,0.0,2.053211680885545e-05,100.0,99.9999794678832,9.083037006916396e-08,9.083035141976629e-06,100.0
30,I2,N8,18.91329484703668,84.01699010070631,18.913294858195353,18.913294926155515,6.796016194243748e-08,35.36037644591216,2.403096909609742e-06,0.0
30,I2,N9,2.1688174757260366,6.688108416630282,1.9699309079441967,51.98002888750898,50.01009797956478,-1.0059400117090908e-06,-5.030715854713618e-05,50.14486719829943
30,I3,N1,0.0,0.0,6.321093687587465e-05,99.9998729526357,99.99980974169883,9.090022117678057e-08,9.0900048231564e-06,99.99987330782638
30,I3,N2,0.0,0.0,3.183006201907367e-05,99.99993805865233,99.99990622859032,9.378131588451388e-08,9.378122794445196e-06,99.99993868446039
30,I3,N3,16.04075670433973,32.97746196542532,16.05528590273471,70.74466232292495,54.68937642019024,1.6421137551338992e-07,8.980617727928992e-06,54.40410071706637
30,I3,N4,0.0,0.0,6.321171880352731e-05,99.9998729475638,99.99980973584499,9.089975154366112e-08,9.089957859401693e-06,99.99987330627917
30,I3,N5,6.255368903182472e-05,0.0001265997915934881,6.301956601080293e-05,99.99987341218782,99.99981039262181,9.081532100488137e-08,9.081514881233222e-06,99.99981134818536
30,I3,N6,0.0,0.0,5.805709378429846e-05,100.0,99.99994194290622,8.360189481006557e-08,8.36018462732351e-06,100.0
30,I3,N7,0.0,0.0,3.1876806447210874e-05,100.0,99.99996812319355,9.372520237740312e-08,9.372517250080176e-06,100.0
30,I3,N8,37.61656140415903,154.56376182673148,37.61656146539512,37.61656136520955,0.0,32.94045802897363,0.0,0.0
30,I3,N9,15.923461693483365,32.7108257676757,15.908949292212048,65.76853537489937,49.85958608268732,1.841650285728903e-07,9.182392095550594e-06,50.14486719829943
30,I4,N1,6.31197787918254e-05,0.00012775336944680153,6.296755421266427e-05,99.99993642760516,99.99987346005095,9.082002892678574e-08,9.081991400316742e-06,99.99987330782638
30,I4,N2,6.131553960705963e-05,0.00012414540317391058,6.104733615335213e-05,100.0,99.99993895266384,9.081725694776179e-08,9.081720150624565e-06,99.99993868446039
30,I4,N3,26.92709396929496,54.91484350597378,27.05558178423161,81.33119468636133,54.27561290212972,2.870683379891516e-07,1.5580809989156934e-05,54.40410071706637
30,I4,N4,6.312129193616919e-05,0.0001277563985230861,6.296755677690859e-05,99.9999364275711,99.99987346001433,9.082013240191579e-08,9.082001747813325e-06,99.99987330627917
30,I4,N5,6.253782705399876e-05,0.00012658957920015635,6.232796137943788e-05,99.99987388601242,99.99981155805105,9.082757851422055e-08,9.082740735696141e-06,99.99981134818536
30,I4,N6,0.0,0.0,8.800763443728415e-06,100.0,99.99999119923656,9.145898421913881e-08,9.145897617004996e-06,100.0
30,I4,N7,0.0,0.0,6.048882538639304e-05,100.0,99.99993951117462,9.206185881134026e-08,9.206180312420324e-06,100.0
30,I4,N8,28.78496644175775,121.46998350175791,28.784966438005178,28.78496642515985,0.0,33.05732942982385,0.0,0.0
30,I4,N9,30.24188124446416,61.74499064249686,30.11339830865698,80.38674844276359,50.27335013410661,6.107434519005772e-08,3.0704119399510614e-06,50.14486719829943
31,I1,N1,6.356752036935164e-05,0.00012864868181575585,6.356543131410465e-05,99.99993688022121,99.9998733147899,9.078178621548419e-08,9.078167120838759e-06,99.99987300750223
31,I1,N2,0.0,0.0,3.808382746742001e-05,99.99993868446039,99.99990060063293,9.081060770760698e-08,9.081051744243769e-06,99.99993708922025
31,I1,N3,1.5455077826424166,5.786228992253183,1.5398239374008091,55.96287080527254,54.423046867871726,1.669377279341182e-07,9.085259791374535e-06,56.849583964274636
31,I1,N4,6.356753026884456e-05,0.00012864870161327662,6.356543085729898e-05,99.99993687870807,99.9998733132772,9.078178621776235e-08,9.07816712092925e-06,99.99987300717913
31,I1,N5,6.355659294739295e-05,0.00012862682744450371,6.355500483127488e-05,99.99987490848392,99.99981135347909,9.078185590345684e-08,9.078168464664407e-06,99.99980989374365
31,I1,N6,0.0,0.0,5.982569047069371e-05,100.0,99.99994017430953,9.078599592345974e-08,9.078594161011082e-06,100.0
31,I1,N7,0.0,0.0,3.791498742961279e-05,100.0,99.99996208501257,9.080719603504641e-08,9.080716160550944e-06,100.0
31,I1,N8,14.685177213160925,69.09652184634685,14.685177177814648,14.685177307046544,1.2923189629532317e-07,32.92809415463103,4.255360048993914e-06,0.0
31,I1,N9,1.5341887062446888,5.743850859458721,1.5398528426236935,51.66583958632644,50.12598674370275,1.8125898881258216e-07,9.085785670396458e-06,47.69938564787957
31,I2,N1,0.0,0.0,5.106993823259635e-05,99.99987331270084,99.9998222427626,9.067624605536402e-08,9.067608487177406e-06,99.99987300750223
31,I2,N2,0.0,0.0,2.9496451274275774e-05,99.99993868446039,99.99990918800911,9.10393286460053e-08,9.103924597137847e-06,99.99993708922025
31,I2,N3,0.40603775749218507,0.8865055115118108,0.12179171594907662,55.4866415437229,55.36484982777382,1.7842247708411467e-05,0.0009878333649661424,56.849583964274636
31,I2,N4,0.0,0.0,5.106985260304442e-05,99.9998733111778,99.99982224132519,9.067627109597464e-08,9.067610991103678e-06,99.99987300717913
31,I2,N5,0.0,0.0,5.104996249636898e-05,99.99981135189097,99.99976030192848,9.067975438901422e-08,9.06795370313917e-06,99.99980989374365
31,I2,N6,0.0,0.0,3.0996199114975714e-05,100.0,99.99996900380089,9.104292526661156e-08,9.104289704676516e-06,100.0
31,I2,N7,0.0,0.0,2.949904523071046e-05,100.0,99.99997050095477,9.103941386716645e-08,9.103938701140858e-06,100.0
31,I2,N8,18.913294858356988,84.0169766894153,18.913294869506995,18.913294937499003,6.799200846785425e-08,35.355995998351816,2.4039251793093575e-06,0.0
31,I2,N9,2.8320402761392502,8.172670204856654,3.116278619173485,52.30046835580779,49.1841897366343,-1.7494298731074446e-05,-0.0008604429080985263,47.69938564787957
31,I3,N1,0.0,0.0,6.360266915456832e-05,99.99987331270084,99.99980971003168,9.081823745679403e-08,9.081806463879875e-06,99.99987300750223
31,I3,N2,0.0,0.0,2.284257387749078e-06,99.99993868446039,99.999936400203,9.081957447296995e-08,9.081951671190494e-06,99.99993708922025
31,I3,N3,16.058396947651115,32.98200141388277,16.065957051927423,71.12136049057044,55.05540343864301,1.5873718150775914e-07,8.739339568622782e-06,56.849583964274636
31,I3,N4,0.0,0.0,6.360267355997534e-05,99.9998733111778,99.99980970850423,9.08183258458519e-08,9.081815302630123e-06,99.99987300717913
31,I3,N5,6.328811834088532e-05,0.00012808338883829525,6.360287375905416e-05,99.99987390558,99.99981030270624,9.081874212301054e-08,9.08185698423145e-06,99.99980989374365
31,I3,N6,0.0,0.0,1.590351130162392e-05,100.0,99.9999840964887,9.087119102080636e-08,9.087117656909622e-06,100.0
31,I3,N7,0.0,0.0,2.2833946020529977e-06,100.0,99.99999771660539,9.081951702439167e-08,9.081951495062372e-06,100.0
31,I3,N8,37.61656151783232,154.56380496354564,37.6165615790764,37.61656147889214,0.0,32.94030163135833,0.0,0.0
31,I3,N9,15.905869646534494,32.706423725420095,15.898330197842121,65.3918897731519,49.49355957530978,1.8988252098994187e-07,9.397961864925699e-06,47.69938564787957
31,I4,N1,6.342497739272275e-05,0.0001283673782457304,6.355577679310733e-05,99.99993643247963,99.99987287670284,8.798477170391633e-08,8.798465985477355e-06,99.99987300750223
31,I4,N2,6.291077975266477e-05,0.0001273388942022052,6.359445410078127e-05,100.0,99.9999364055459,8.807664874849838e-08,8.807659273663441e-06,99.99993708922025
31,I4,N3,25.14047354793965,51.19939786883154,24.37477908164452,81.99005751221428,57.61527843056976,3.7098921395874286e-08,2.1374646856971187e-06,56.849583964274636
31,I4,N4,6.342529059814633e-05,0.00012836800656886046,6.355557573899368e-05,99.99993643246974,99.999872876894,8.798429535658703e-08,8.798418350821798e-06,99.99987300717913
31,I4,N5,6.326154506087407e-05,0.000128040451262649,6.357170992096349e-05,99.99987315528871,99.9998095835788,8.802233104472445e-08,8.802216343575182e-06,99.99980989374365
31,I4,N6,0.0,0.0,6.357314185716552e-05,100.0,99.99993642685814,8.802554159073408e-08,8.802548563013165e-06,100.0
31,I4,N7,0.0,0.0,6.349445049637474e-05,100.0,99.9999365055495,8.805310963212887e-08,8.805305372329075e-06,100.0
31,I4,N8,28.784966410649776,121.46999900160698,28.784966406903674,28.784966394048695,0.0,33.05849033044138,0.0,0.0
31,I4,N9,32.02851572320199,65.46047571842999,32.79421621408964,79.72790137108157,46.933685156991935,3.1420224571236703e-07,1.4746669275884053e-05,47.69938564787957
32,I1,N1,6.401598833314403e-05,0.00012954552429420875,6.420818888905507e-05,99.9999365750226,99.99987236683371,9.068906203072899e-08,9.068894628140764e-06,99.99987125472185
32,I1,N2,0.0,0.0,3.893208519845658e-05,99.99993708922025,99.99989815713505,9.06619626682098e-08,9.066187033546961e-06,99.99993613141005
32,I1,N3,1.5395572190245221,5.763938238673102,1.537006977473996,58.39509174691705,56.85808476944306,1.5968509512959614e-07,9.079388675295156e-06,55.52713813754945
32,I1,N4,6.400551354696927e-05,0.00012952454961318846,6.419322066616557e-05,99.99993657470941,99.99987238148874,9.069580692265125e-08,9.069569117801269e-06,99.99987124893673
32,I1,N5,6.402588327115276e-05,0.00012956534016801886,6.422700769562125e-05,99.9998734503366,99.9998092233289,9.067798733624952e-08,9.067781434380386e-06,99.9998067012233
32,I1,N6,0.0,0.0,6.065379670669911e-05,100.0,99.99993934620329,9.052812750005633e-08,9.05280725913099e-06,100.0
32,I1,N7,0.0,0.0,3.971739392073281e-05,100.0,99.99996028260608,9.070179543747096e-08,9.070175941308156e-06,100.0
32,I1,N8,14.68517711927539,69.09647144454246,14.685177083929295,14.685177213160927,1.292316316181541e-07,32.92812601204612,4.255355450664902e-06,0.0
32,I1,N9,1.5401030927566346,5.765981892060803,1.542637829833183,49.233574354124265,47.69093652429108,1.910689332986219e-07,9.112256369708584e-06,49.0218298562271
32,I2,N1,0.0,0.0,5.0590058445217546e-05,99.99987255903427,99.99982196897582,9.080846886420476e-08,9.08083071969576e-06,99.99987125472185
32,I2,N2,0.0,0.0,3.495395625739191e-05,99.99993708922025,99.999902135264,9.081201572851329e-08,9.081192685557383e-06,99.99993613141005
32,I2,N3,0.9837177039461419,2.1405934213581075,1.2312948238549806,57.261572285384716,56.030277461529735,7.994773760320127e-07,4.479493920328941e-05,55.52713813754945
32,I2,N4,0.0,0.0,5.059006080292186e-05,99.99987256919586,99.99982197913505,9.080846885472966e-08,9.080830719670796e-06,99.99987124893673
32,I2,N5,0.0,0.0,5.058154054661473e-05,99.99980942445333,99.99975884291278,9.080852303796056e-08,9.080830404677145e-06,99.9998067012233
32,I2,N6,0.0,0.0,4.5258964594028146e-05,100.0,99.99995474103541,9.08429299584704e-08,9.08428888439009e-06,100.0
32,I2,N7,0.0,0.0,3.495345353839693e-05,100.0,99.99996504654646,9.081195629814445e-08,9.08119245562295e-06,100.0
32,I2,N8,18.913294869699463,84.01696316642524,18.913294880859166,18.91329494881913,6.795996299047147e-08,35.36040320084053,2.4030916928572713e-06,0.0
32,I2,N9,2.2543311302409554,6.918541542897853,2.0067414962845436,50.52551153750688,48.51877004122234,-4.500295291811699e-07,-2.183487923810074e-05,49.0218298562271
32,I3,N1,0.0,0.0,6.141632370261938e-05,99.99987255903427,99.99981114271057,9.493869810929703e-08,9.493851881064517e-06,99.99987125472185
32,I3,N2,0.0,0.0,9.356290843246969e-06,99.99993708922025,99.99992773292941,9.198603285123886e-08,9.198596637562756e-06,99.99993613141005
32,I3,N3,15.91775573270278,32.70586722647458,15.85748092629635,72.33625152908968,56.47877060279333,1.6334243603358327e-07,9.225379974442194e-06,55.52713813754945
32,I3,N4,0.0,0.0,6.083031844237295e-05,99.99987256919586,99.99981173887741,9.543464601914404e-08,9.54344663528081e-06,99.99987124893673
32,I3,N5,6.455493985147366e-05,0.0001306224337770904,6.509786335601151e-05,99.99987271257167,99.99980761470832,8.57298413816423e-08,8.572967645003689e-06,99.9998067012233
32,I3,N6,0.0,0.0,2.12104866106103e-05,100.0,99.99997878951339,9.508256568648775e-08,9.508254551901289e-06,100.0
32,I3,N7,0.0,0.0,9.35318613062764e-06,100.0,99.99999064681387,9.19848508378296e-08,9.19848422343153e-06,100.0
32,I3,N8,37.616561631489596,154.5638518019809,37.616561692727196,37.61656159254293,0.0,32.94030260552949,0.0,0.0
32,I3,N9,16.046562696691375,32.98270741100978,16.10685971818718,64.17705005380043,48.07019033561325,1.8655372908731124e-07,8.967673265045481e-06,49.0218298562271
32,I4,N1,6.472928981368704e-05,0.00013097748828663742,6.528828085124317e-05,99.99993598401167,99.99987069573082,-2.4947187300728045e-07,-2.4947155042949826e-05,99.99987125472185
32,I4,N2,6.38685899411762e-05,0.00012925758376278854,6.427908002196682e-05,100.0,99.99993572091998,-3.5647679070027187e-07,-3.5647656156027034e-05,99.99993613141005
32,I4,N3,26.031831206777106,53.06327951809284,26.413841631993158,81.55896934432656,55.1451277123334,1.698983474816388e-07,9.369066069989369e-06,55.52713813754945
32,I4,N4,6.474554972025503e-05,0.0001310101154205203,6.531137505830162e-05,99.99993599448645,99.9998706831114,-2.5961407722888286e-07,-2.5961374150403582e-05,99.99987124893673
32,I4,N5,6.471795357243152e-05,0.00013095596345928334,6.534212864881328e-05,99.99987141917688,99.99980607704823,-3.2454648819497994e-07,-3.2454585882485015e-05,99.9998067012233
32,I4,N6,0.0,0.0,6.523645967026646e-05,100.0,99.99993476354032,-2.9633458845192064e-07,-2.9633439513372632e-05,100.0
32,I4,N7,0.0,0.0,6.421885570729551e-05,100.0,99.99993578114429,-2.799947224648454e-07,-2.799945426554386e-05,100.0
32,I4,N8,28.784966379535547,121.47001561346345,28.784966375787057,28.78496636293397,0.0,33.05826266256422,0.0,0.0
32,I4,N9,31.137173224083938,63.596637194303916,30.755169295890486,80.15900308031104,49.403833784420556,1.7649502423153664e-07,8.719530840912115e-06,49.0218298562271
33,I1,N1,6.369656555754534e-05,0.00012890663599190088,6.355967008228876e-05,99.99993527071018,99.9998717110401,9.082321694375042e-08,9.082310042759006e-06,99.99993630343444
33,I1,N2,0.0,0.0,3.7876992722029954e-05,99.99993613141005,99.99989825441733,9.081233932720069e-08,9.08122469296569e-06,100.0
33,I1,N3,1.532209656943929,5.736424495941755,1.5290607017665319,57.06669535657397,55.53763465480744,1.4400930673155327e-07,7.997936264149107e-06,55.22035025605465
33,I1,N4,6.369342120355247e-05,0.00012890033974840133,6.355966734208812e-05,99.99993525445028,99.99987169478294,9.082321696000243e-08,9.082310042907677e-06,99.99987377129573
33,I1,N5,6.369239118842745e-05,0.00012889829504312184,6.35494660101166e-05,99.99987072710658,99.99980717764058,9.082327079617577e-08,9.082309566860212e-06,99.9998098126219
33,I1,N6,0.0,0.0,5.9512677601176566e-05,100.0,99.9999404873224,9.082271615209952e-08,9.082266210106927e-06,100.0
33,I1,N7,0.0,0.0,3.7983251547837714e-05,100.0,99.99996201674846,9.08117973096272e-08,9.08117628163538e-06,100.0
33,I1,N8,14.685177025389702,69.09642385170918,14.685176990042438,14.685177119275394,1.292329567803563e-07,32.92796785589373,4.255378646785676e-06,0.0
33,I1,N9,1.547411559738071,5.79334039297035,1.5505437598729723,50.56193294898373,49.01138918911076,2.0494885068100602e-07,1.0044827884587733e-05,49.32861787248748
33,I2,N1,0.0,0.0,5.0584186268710304e-05,99.99987157414463,99.99982098995837,9.081240054022365e-08,9.081223797690764e-06,99.99993630343444
33,I2,N2,0.0,0.0,3.7439424000948804e-05,99.99993613141005,99.99989869198605,9.080557793805404e-08,9.080548594472647e-06,100.0
33,I2,N3,0.7158479730850982,1.5308370741271649,0.6010466598589367,56.51820340357619,55.91715674371725,3.5332119135264587e-06,0.00019756716437742815,55.22035025605465
33,I2,N4,0.0,0.0,5.058418712685508e-05,99.99987156102908,99.99982097684196,9.081240061891412e-08,9.081223804368665e-06,99.99987377129573
33,I2,N5,0.0,0.0,5.0575458460505334e-05,99.99980703471539,99.99975645925693,9.081243897507612e-08,9.081221780978744e-06,99.9998098126219
33,I2,N6,0.0,0.0,2.6576737512303213e-05,100.0,99.99997342326249,9.085007924101824e-08,9.085005509603114e-06,100.0
33,I2,N7,0.0,0.0,3.755566751994187e-05,100.0,99.99996244433248,9.080535813646405e-08,9.080532403390566e-06,100.0
33,I2,N8,18.913294881040212,84.01695040861,18.913294892197754,18.91329496016253,6.796477691750624e-08,35.35974122359309,2.4032169241222536e-06,0.0
33,I2,N9,2.522169436236741,7.528247372252112,2.636957281663506,51.268852519486614,48.63189523782311,-3.1838755640081764e-06,-0.0001548379028791106,49.32861787248748
33,I3,N1,0.0,0.0,5.2003601171241175e-05,99.99987157414463,99.99981957054347,9.078244986011546e-08,9.078228606183456e-06,99.99993630343444
33,I3,N2,0.0,0.0,3.693222263305467e-06,99.99993613141005,99.99993243818778,9.08707165062755e-08,9.087065511237266e-06,100.0
33,I3,N3,16.46861959176335,33.91703044425861,16.70470410278931,71.72011116319386,55.015407060404556,1.4824708167895768e-07,8.155873544084899e-06,55.22035025605465
33,I3,N4,0.0,0.0,5.465177156810603e-05,99.99987156102908,99.99981690925752,9.175720802403549e-08,9.175704002508204e-06,99.99987377129573
33,I3,N5,6.389388177057163e-05,0.0001293009622089829,6.361057116447076e-05,99.99987158965524,99.99980797908408,9.07971792735695e-08,9.079700492399423e-06,99.9998098126219
33,I3,N6,0.0,0.0,5.2886765506830284e-06,100.0,99.99999471132345,9.092315445363449e-08,9.092314964500294e-06,100.0
33,I3,N7,0.0,0.0,3.692321251958053e-06,100.0,99.99999630767874,9.087062679809039e-08,9.087062344285492e-06,100.0
33,I3,N8,37.61656174514902,154.56389648253028,37.616561806384716,37.61656170620386,0.0,32.93989561806907,0.0,0.0
33,I3,N9,15.495753284753118,31.771702252836345,15.259692108208151,64.79324577994126,49.53355367173311,2.0034414373806076e-07,9.923757396666644e-06,49.32861787248748
33,I4,N1,0.0,0.0,1.4359040940097911e-05,99.99993630343444,99.99992194439349,9.44158908164371e-08,9.441581711954088e-06,99.99993630343444
33,I4,N2,0.0,0.0,2.014208624535259e-06,100.0,99.99999798579138,9.111297359854655e-08,9.111297176334118e-06,100.0
33,I4,N3,26.062972522152975,53.088369920183446,26.076318800171208,81.28332277820762,55.20700397803641,1.6272803435966267e-07,8.983727240231943e-06,55.22035025605465
33,I4,N4,6.253528306498151e-05,0.00012658595709167715,6.158802592700716e-05,99.9999363065788,99.99987471855287,9.089809142625257e-08,9.089797754780823e-06,99.99987377129573
33,I4,N5,6.260110513243846e-05,0.0001267179146746573,6.169388437244143e-05,99.99987241372705,99.99981071984267,9.014768841692554e-08,9.014751778523908e-06,99.9998098126219
33,I4,N6,0.0,0.0,1.2947658187835721e-06,100.0,99.99999870523418,9.089181926617663e-08,9.089181808934041e-06,100.0
33,I4,N7,0.0,0.0,2.014052970996683e-06,100.0,99.99999798594703,9.111291988189674e-08,9.111291804683428e-06,100.0
33,I4,N8,28.784966348421065,121.47003157062231,28.784966344670302,28.784966331823227,0.0,33.057540045941096,0.0,0.0
33,I4,N9,31.10604784678459,63.57159248144836,31.092708399370586,80.43466571927208,49.34195731990149,1.8600300143195888e-07,9.177752158029291e-06,49.32861787248748
34,I1,N1,6.359687075747786e-05,0.00012870720916941393,6.35541444145918e-05,100.0,99.99993644585558,9.081603318349136e-08,9.081597546613847e-06,99.99993640312924
34,I1,N2,0.0,0.0,5.839751624498009e-06,100.0,99.99999416024838,9.081871128948075e-08,9.081870598589358e-06,100.0
34,I1,N3,1.5380849212892125,5.75839721206998,1.5406028917229053,56.75255991299858,55.21195702127567,1.6270510387162727e-07,8.983267202102479e-06,55.97610142911234
34,I1,N4,6.359593343015387e-05,0.00012870533225895996,6.355415295584017e-05,99.99993746471694,99.99987391056398,9.08160897474012e-08,9.081597523790582e-06,99.99987277238532
34,I1,N5,6.314620951075084e-05,0.0001277959973691581,6.291213164888943e-05,99.9998735050131,99.99981059288145,9.129815366163808e-08,9.129798073643594e-06,99.99981065696699
34,I1,N6,0.0,0.0,5.101136307092281e-06,100.0,99.99999489886369,9.081791090632921e-08,9.081790627358379e-06,100.0
34,I1,N7,0.0,0.0,5.840184017114787e-06,100.0,99.99999415981598,9.081871185747787e-08,9.081870655349798e-06,100.0
34,I1,N8,14.6851769315038,69.09638279921111,14.685176896158568,14.685177025389706,1.2923113779095274e-07,32.928185216146844,4.255346840873886e-06,0.0
34,I1,N9,1.5415448192736911,5.771351903629922,1.539030501931814,50.87602943222555,49.33699893029374,1.860264421652268e-07,9.177986378112144e-06,48.57286547053782
34,I2,N1,0.0,0.0,5.05645383713462e-05,99.99993640312924,99.99988583859087,9.081297872612776e-08,9.081287505275158e-06,99.99993640312924
34,I2,N2,0.0,0.0,3.589641191766743e-05,100.0,99.99996410358808,9.078550726271297e-08,9.078547467397332e-06,100.0
34,I2,N3,1.3056392622197952,3.3514346616644652,1.5584069575632369,55.93032296479446,54.37191600723123,2.2327929998456727e-07,1.2140123344914276e-05,55.97610142911234
34,I2,N4,0.0,0.0,5.056453009092043e-05,99.99987386878351,99.99982330425343,9.081303647124536e-08,9.081287600847258e-06,99.99987277238532
34,I2,N5,0.0,0.0,5.055628986478036e-05,99.99981035880359,99.99975980251372,9.081293792824038e-08,9.081271979784626e-06,99.99981065696699
34,I2,N6,0.0,0.0,4.794337897597675e-05,100.0,99.99995205662103,9.066371893621077e-08,9.06636754689604e-06,100.0
34,I2,N7,0.0,0.0,3.589651229589105e-05,100.0,99.9999641034877,9.078551413030492e-08,9.078548154147166e-06,100.0
34,I2,N8,18.913294892381938,84.01693801842218,18.913294903542635,18.913294971502012,6.795937679271447e-08,35.3604838683051,2.403076446778848e-06,0.0
34,I2,N9,1.9323307905589844,5.707574835114174,1.6795427995542316,51.8566540491886,50.177111249634365,1.2506255450908105e-07,6.275277710765622e-06,48.57286547053782
34,I3,N1,0.0,0.0,6.360281297622691e-05,99.99993640312924,99.99987280031627,9.081783517002763e-08,9.081771965002852e-06,99.99993640312924
34,I3,N2,0.0,0.0,2.9331041321977406e-05,100.0,99.99997066895868,9.127001696596667e-08,9.126999019552029e-06,100.0
34,I3,N3,16.43441804562926,33.789534587720084,16.419760240143223,71.09330329433801,54.673543054194795,1.607247865916888e-07,8.787393539596968e-06,55.97610142911234
34,I3,N4,0.0,0.0,6.360282602102845e-05,99.99987386878351,99.99981026595749,9.081779984388264e-08,9.081762753159968e-06,99.99987277238532
34,I3,N5,6.369039084858178e-05,0.00012889416967583719,6.360318045344328e-05,99.99987425268536,99.99981064950491,9.081748328635715e-08,9.081731132300291e-06,99.99981065696699
34,I3,N6,0.0,0.0,1.0229638728481774e-05,100.0,99.99998977036127,9.089881884974238e-08,9.08988095511216e-06,100.0
34,I3,N7,0.0,0.0,3.831180574530401e-05,100.0,99.99996168819426,8.996985604423913e-08,8.996982157516266e-06,100.0
34,I3,N8,37.616561858804495,154.56393615075424,37.61656192004394,37.616561819859115,0.0,32.940369560115975,0.0,0.0
34,I3,N9,15.529986002022241,31.899279253032283,15.54465716656615,65.42007654338273,49.87541937681658,1.8764188029032874e-07,9.35871747213456e-06,48.57286547053782
34,I4,N1,0.0,0.0,6.43670410373948e-05,99.99993640312924,99.9998720360882,-8.342473505589888e-08,-8.34246283023445e-06,99.99993640312924
34,I4,N2,0.0,0.0,3.251243967205971e-05,100.0,99.99996748756033,8.723975885520296e-07,8.7239730491429e-05,100.0
34,I4,N3,24.74575634174939,50.47154815734181,24.181235121576428,80.72185777086173,56.540622649285304,1.977575490617257e-07,1.1181334957546558e-05,55.97610142911234
34,I4,N4,6.363168125079501e-05,0.00012877977255181452,6.410156618757221e-05,99.99993640406657,99.99987230250039,-6.187622471428954e-08,-6.187614569989773e-06,99.99987277238532
34,I4,N5,6.250643265101236e-05,0.00012651452429905815,6.246585873040118e-05,99.99987316339964,99.99981069754091,-1.7996378091444497e-07,-1.7996344023858224e-05,99.99981065696699
34,I4,N6,0.0,0.0,3.1837326815526614e-05,100.0,99.99996816267318,8.549222947829938e-07,8.549220225985887e-05,100.0
34,I4,N7,0.0,0.0,3.2397637401499754e-05,100.0,99.9999676023626,8.691491839912654e-07,8.691489024074642e-05,100.0
34,I4,N8,28.784966317309767,121.47004599089635,28.784966313564535,28.784966300704724,0.0,33.059071181835165,0.0,0.0
34,I4,N9,32.423272917607264,66.18843662193945,32.987797947959834,80.99613838814508,48.00834044018525,1.5217206345662113e-07,7.3055282279109405e-06,48.57286547053782
35,I1,N1,6.356018923161343e-05,0.00012863383738950823,6.354446857767154e-05,100.0,99.99993645553143,9.081823863415574e-08,9.081818092418863e-06,99.99988491266441
35,I1,N2,0.0,0.0,3.844328139346608e-05,100.0,99.9999615567186,9.081826658505914e-08,9.081823167153736e-06,99.99994963881002
35,I1,N3,1.5417827882056065,5.772245345357099,1.5433675883126325,57.51418635040155,55.97081876208892,1.5850691422271123e-07,8.871761768497345e-06,37.88354789135805
35,I1,N4,6.35599076827664e-05,0.0001286332736144504,6.354446807674319e-05,99.99993636831874,99.99987282385067,9.081829648127878e-08,9.081818098206642e-06,99.99986580557965
35,I1,N5,6.341677612211986e-05,0.000128344049854952,6.353273324127803e-05,99.9998738031765,99.99981027044326,9.08183533971362e-08,9.081818108787686e-06,99.99980300332481
35,I1,N6,0.0,0.0,5.930564101917929e-05,100.0,99.99994069435898,9.081876072248003e-08,9.081870686183181e-06,100.0
35,I1,N7,0.0,0.0,3.844888783498475e-05,100.0,99.99996155111216,9.081825657871778e-08,9.081822166010818e-06,99.9999495723036
35,I1,N8,14.685176837618394,69.09633812533161,14.68517680227189,14.685176931503804,1.2923191405889156e-07,32.9280924890306,4.255360418665635e-06,1.4210854715202004e-14
35,I1,N9,1.537819234506403,5.757406329614227,1.5362225553204225,50.11441028981151,48.57818773449109,1.9087003800019365e-07,9.272120538862854e-06,66.66541999048022
35,I2,N1,0.0,0.0,5.059205562385676e-05,99.99993643981077,99.99988584775514,9.080352384520305e-08,9.080342019094217e-06,99.99988491266441
35,I2,N2,0.0,0.0,3.5635074300026554e-05,100.0,99.9999643649257,9.080810479399408e-08,9.080807243445846e-06,99.99994963881002
35,I2,N3,1.448270515233109,3.672256517884275,1.5093981950959579,57.27804282441574,55.76864462931979,2.678781976184971e-07,1.4939204006928664e-05,37.88354789135805
35,I2,N4,0.0,0.0,5.059205581963491e-05,99.99987280841107,99.99982221635526,9.080358169225008e-08,9.080342025833299e-06,99.99986580557965
35,I2,N5,0.0,0.0,5.058253376945226e-05,99.99981038640038,99.99975980386661,9.080363675408098e-08,9.080341864725652e-06,99.99980300332481
35,I2,N6,0.0,0.0,4.764166905147436e-05,100.0,99.99995235833094,9.080445748584079e-08,9.080441422508166e-06,100.0
35,I2,N7,0.0,0.0,3.5635054723410875e-05,100.0,99.99996436494527,9.080810461180697e-08,9.080807225228919e-06,99.9999495723036
35,I2,N8,18.913294903725458,84.01692643744654,18.913294914885014,18.913294982844278,6.795926310587674e-08,35.360499303525714,2.4030734757234753e-06,1.4210854715202004e-14
35,I2,N9,1.78967896591789,5.386728736024752,1.728542469643135,50.508921845864094,48.78037937622096,8.133327580338732e-08,3.967468049600046e-06,66.66541999048022
35,I3,N1,0.0,0.0,2.1596358648066386e-05,99.99993643981077,99.99991484345212,9.250066231132538e-08,9.250058354095459e-06,99.99988491266441
35,I3,N2,0.0,0.0,1.620781649981776e-06,100.0,99.99999837921835,9.081767557034762e-08,9.081767409839141e-06,99.99994963881002
35,I3,N3,16.48204879943652,34.11800822225736,16.502461979639634,72.26419035481189,55.761728375172254,2.2283448276158238e-07,1.242563590037336e-05,37.88354789135805
35,I3,N4,0.0,0.0,4.440043000223286e-05,99.99987280841107,99.99982840798107,7.205875710389778e-08,7.205863345682165e-06,99.99986580557965
35,I3,N5,6.378264604988172e-05,0.00012907694963020403,6.382218399329597e-05,99.99987407679123,99.99981025460724,9.001879374050296e-08,9.001862293398922e-06,99.99980300332481
35,I3,N6,0.0,0.0,2.1111349982179938e-06,100.0,99.999997888865,9.081803132192658e-08,9.081802940463533e-06,100.0
35,I3,N7,0.0,0.0,1.6207813584039726e-06,100.0,99.99999837921864,9.081767561419655e-08,9.08176741422406e-06,99.9999495723036
35,I3,N8,37.616561972462954,154.56397734226653,37.61656203369988,37.616561933514674,0.0,32.94041407785977,0.0,1.4210854715202004e-14
35,I3,N9,15.482392019634865,31.5709001375675,15.461994598611703,64.24922888196843,48.78723428335673,1.2635288291764965e-07,6.1644077012809165e-06,66.66541999048022
35,I4,N1,5.152714634816892e-05,0.00010417636682654364,7.361020906881274e-05,99.99993643981077,99.9998628296017,-6.083099087750073e-06,-0.0006083090743538826,99.99988491266441
35,I4,N2,5.03611899773628e-05,0.0001018485546126616,7.19445571105183e-05,100.0,99.9999280554429,-5.8619404603258455e-06,-0.0005861936242978744,99.99994963881002
35,I4,N3,42.64435000576672,87.09624183579726,50.315175861774144,80.52789789712477,30.21272203535063,-3.4998051491280783e-07,-1.0573864014849548e-05,37.88354789135805
35,I4,N4,7.06345126727039e-05,0.0001428460210185926,7.363572613923629e-05,99.99993644009231,99.99986280436617,-6.080889112418307e-06,-0.0006080880769703947,99.99986580557965
35,I4,N5,6.979725301137518e-05,0.00014115798730351384,7.292189030867352e-05,99.99987280057783,99.99979987868753,-5.470317069468233e-06,-0.0005470306122197917,99.99980300332481
35,I4,N6,0.0,0.0,9.980695598117918e-06,100.0,99.9999900193044,0.0,0.0,100.0
35,I4,N7,5.042769639471587e-05,0.00010198096606630383,7.203956627816553e-05,100.0,99.99992796043372,-5.872611358645459e-06,-0.0005872607128041707,99.9999495723036
35,I4,N8,28.784966286193182,121.47006086098932,28.78496628244277,28.784966269593184,0.0,33.05763710759622,0.0,1.4210854715202004e-14
35,I4,N9,14.524689789460624,29.563769206674664,6.853868448826346,81.19010977994084,74.3362413311145,7.299227052976473e-07,5.425971037406587e-05,66.66541999048022
36,I1,N1,6.359490600393977e-05,0.0001287033007422754,6.360978462065106e-05,99.99994847285365,99.99988486306903,9.080654545456631e-08,9.080644090269675e-06,99.9998765824121
36,I1,N2,0.0,0.0,3.697754503331724e-05,99.99994963881002,99.99991266126499,9.082097712160798e-08,9.082089779971544e-06,100.0
36,I1,N3,1.5421297705140442,5.773556755293928,1.5422784772176603,39.42533067956365,37.88305220234599,2.3674909272471547e-07,8.968778238548448e-06,31.76944710548419
36,I1,N4,6.359480564872087e-05,0.00012870309984607973,6.360976191984423e-05,99.99992936548733,99.99986575572541,9.080656751381417e-08,9.080644561119633e-06,99.99987085031522
36,I1,N5,6.354472068259673e-05,0.00012860203790723439,6.359955406565823e-05,99.99986642010094,99.99980282054688,9.080664432977466e-08,9.080646527772997e-06,99.99980867152102
36,I1,N6,0.0,0.0,5.9447351352450635e-05,100.0,99.99994055264865,9.083652811064653e-08,9.08364741107365e-06,100.0
36,I1,N7,0.0,0.0,3.7182447404779895e-05,99.9999495723036,99.9999123898562,9.08208469487945e-08,9.08207673805199e-06,99.9999420189286
36,I1,N8,14.685176743746904,69.09629154132166,14.685176708386507,14.6851768376184,1.292318927426095e-07,32.92809526094803,4.255360074981263e-06,0.0
36,I1,N9,1.5374157959770722,5.755907608424963,1.537242893750216,68.20323922498662,66.6659963312364,1.3936020364435958e-07,9.290586824875233e-06,72.77952373066198
36,I2,N1,0.0,0.0,5.05602373253199e-05,99.99988487794765,99.99983431771032,9.081826341438525e-08,9.081811294460698e-06,99.9998765824121
36,I2,N2,0.0,0.0,3.794991081789369e-05,99.99994963881002,99.9999116888992,9.081345705847899e-08,9.081337686011539e-06,100.0
36,I2,N3,1.5388178290098475,4.136013715552284,1.5776238206284499,39.33147142428272,37.753847603654265,3.133691335164259e-07,1.183089051046833e-05,31.76944710548419
36,I2,N4,0.0,0.0,5.0560237108098764e-05,99.99986577068168,99.99981521044457,9.081828078473877e-08,9.081811296204145e-06,99.99987085031522
36,I2,N5,0.0,0.0,5.055200113377272e-05,99.99980287538025,99.99975232337913,9.081833822618588e-08,9.081811329039462e-06,99.99980867152102
36,I2,N6,0.0,0.0,4.714717952960469e-05,100.0,99.99995285282047,9.078553185116481e-08,9.078548904834712e-06,100.0
36,I2,N7,0.0,0.0,3.79492196040049e-05,99.9999495723036,99.999911623084,9.081340169519268e-08,9.081332143710894e-06,99.9999420189286
36,I2,N8,18.913294915086926,84.01691223113788,18.913294926228595,18.913294994187794,6.795919915703053e-08,35.36050844254685,2.4030718355409008e-06,0.0
36,I2,N9,1.699094450844162,4.9229096968895485,1.6602725158125644,68.45550239492744,66.79522987911487,6.335337999706579e-08,4.231703580522927e-06,72.77952373066198
36,I3,N1,0.0,0.0,2.222979697648226e-06,99.99988487794765,99.99988265496795,9.081940448214305e-08,9.081929791008375e-06,99.9998765824121
36,I3,N2,0.0,0.0,1.116703482120184e-06,99.99994963881002,99.99994852210654,9.081817975540432e-08,9.08181330041185e-06,100.0
36,I3,N3,16.50998517517406,33.99402644352361,16.521957907633002,54.274702394709394,37.75274448707639,2.1821889260509134e-07,8.238362094772777e-06,31.76944710548419
36,I3,N4,0.0,0.0,2.1618527834362397e-06,99.99986577068168,99.9998636088289,9.081922910560296e-08,9.08191052361928e-06,99.99987085031522
36,I3,N5,6.280680936776464e-05,0.00012712667954305147,6.238859364685734e-05,99.9998666580263,99.99980426943266,9.080818620891098e-08,9.080800846953292e-06,99.99980867152102
36,I3,N6,0.0,0.0,1.2981907173097722e-06,100.0,99.99999870180929,9.081807622004698e-08,9.081807504105515e-06,100.0
36,I3,N7,0.0,0.0,1.1165904895477999e-06,99.9999495723036,99.99994845571311,9.081817974232166e-08,9.081813293073854e-06,99.9999420189286
36,I3,N8,37.61656208615193,154.5640217931987,37.616562147351054,37.61656204717309,0.0,32.939548993037825,0.0,0.0
36,I3,N9,15.454525702800655,31.69506402083653,15.442582995585996,82.23879996371815,66.79621696813216,1.584997353221697e-07,1.0587182709971168e-05,72.77952373066198
36,I4,N1,5.982268190210085e-05,0.00012103928417181045,6.337791142521453e-05,99.99993640509399,99.99987302718256,0.0,0.0,99.9998765824121
36,I4,N2,0.0,0.0,1.2630537560272882e-05,100.0,99.99998736946245,8.160024866855939e-08,8.160023836200933e-06,100.0
36,I4,N3,48.639620119817856,99.17699586582171,51.20902159726834,80.40906722530205,29.200045628033713,6.628248101604137e-08,1.9354514700076863e-06,31.76944710548419
36,I4,N4,6.555487913007834e-05,0.00013264015473663936,6.337789332609596e-05,99.99993640519435,99.99987302730102,0.0,0.0,99.99987085031522
36,I4,N5,6.497694892363289e-05,0.00013148242014005755,6.291110431460048e-05,99.99987364846994,99.99981073736564,0.0,0.0,99.99980867152102
36,I4,N6,0.0,0.0,6.116526451112706e-05,100.0,99.99993883473549,0.0,0.0,100.0
36,I4,N7,5.7981071389603836e-05,0.00011735375954852561,6.121823210169868e-05,100.0,99.9999387817679,1.031883451230928e-05,0.0010318828195301217,99.9999420189286
36,I4,N8,28.78496625501424,121.4700767660283,28.78496625119818,28.784966238481644,0.0,33.041856130639424,0.0,0.0
36,I4,N9,8.52944031971613,17.483068067747986,5.960047689825634,81.30896405037811,75.34891636055248,3.655184825708471e-07,2.754142157146682e-05,72.77952373066198
37,I1,N1,6.356937871943193e-05,0.00012865222684024335,6.355843845464286e-05,99.9999401773181,99.99987661887964,9.081685167885289e-08,9.081673962800382e-06,99.99986575511475
37,I1,N2,0.0,0.0,3.279985457297759e-05,100.0,99.99996720014542,9.083061441269546e-08,9.083058462038602e-06,99.99995016938007
37,I1,N3,1.5465048000805137,5.789928630124553,1.5483798127518578,33.31157687599824,31.763197063246384,2.4917036048137823e-07,7.914447262290156e-06,31.473483450001922
37,I1,N4,6.356935636035263e-05,0.00012865218209530033,6.355844952248052e-05,99.99993444512087,99.99987088667135,9.081685395739575e-08,9.081673670073263e-06,99.99986426166626
37,I1,N5,6.354648246722517e-05,0.00012860615903946863,6.354723751778022e-05,99.99987221624171,99.9998086690042,9.081690463494549e-08,9.08167308740575e-06,99.99980138106487
37,I1,N6,0.0,0.0,5.974823262431441e-05,100.0,99.99994025176737,9.067526003006079e-08,9.067520585319549e-06,99.99994837185211
37,I1,N7,0.0,0.0,3.281631435602772e-05,99.9999420189286,99.99990920261425,9.083052153055056e-08,9.083043905881154e-06,99.99993254581936
37,I1,N8,14.68517664986099,69.09624942047266,14.685176614515324,14.685176743746908,1.2923158365651943e-07,32.928132254451114,4.255354678094035e-06,1.4210854715202004e-14
37,I1,N9,1.5330205181864947,5.739443455172314,1.5311368277048183,74.31693952663906,72.78580269893425,1.617103908773787e-07,1.1770220604768422e-05,73.07548466610017
37,I2,N1,0.0,0.0,5.0559109058675774e-05,99.99987660793938,99.99982604883033,9.081832519906709e-08,9.081816721952814e-06,99.99986575511475
37,I2,N2,0.0,0.0,3.7573166223718926e-05,100.0,99.99996242683378,9.078307891781042e-08,9.078304480773328e-06,99.99995016938007
37,I2,N3,1.5947108985699978,4.4108301288664995,1.6186650712386337,33.30388990492757,31.685224833688938,2.868569439605811e-07,9.089126764495921e-06,31.473483450001922
37,I2,N4,0.0,0.0,5.055910906144504e-05,99.99987087576451,99.99982031665546,9.081833041010032e-08,9.081816722468679e-06,99.99986426166626
37,I2,N5,0.0,0.0,5.055048131875069e-05,99.99980866975925,99.99975811927793,9.081838742993832e-08,9.081816775776703e-06,99.99980138106487
37,I2,N6,0.0,0.0,4.763000143429434e-05,100.0,99.99995236999857,9.079437894108475e-08,9.079433569572076e-06,99.99994837185211
37,I2,N7,0.0,0.0,3.7574584565227234e-05,99.9999420189286,99.99990444434404,9.078290250144201e-08,9.078281575324402e-06,99.99993254581936
37,I2,N8,18.91329492642922,84.01690097211068,18.913294937589605,18.91329500554903,6.795942653070597e-08,35.36047717562358,2.403077750707496e-06,1.4210854715202004e-14
37,I2,N9,1.6431684011708627,4.6480536401508585,1.6192000941680202,74.48301345929673,72.8638133651287,1.2470468120666732e-07,9.086458617200481e-06,73.07548466610017
37,I3,N1,0.0,0.0,6.360657450303472e-05,99.99987660793938,99.99981300136488,9.082724094570213e-08,9.082707110000125e-06,99.99986575511475
37,I3,N2,0.0,0.0,5.995855872582902e-05,100.0,99.99994004144128,9.098549551640275e-08,9.0985440962811e-06,99.99995016938007
37,I3,N3,16.517124356444512,33.97090986033694,16.520184005560424,48.21916418153163,31.698980175971208,2.8532248473989146e-07,9.044431787528667e-06,31.473483450001922
37,I3,N4,0.0,0.0,6.360657454659929e-05,99.99987087576451,99.99980726918997,9.082724645623525e-08,9.082707140414743e-06,99.99986426166626
37,I3,N5,6.336681666088397e-05,0.000128246990374783,6.360681978650654e-05,99.99987147656861,99.99980786974882,9.082720867495385e-08,9.082703416840968e-06,99.99980138106487
37,I3,N6,0.0,0.0,6.360686917621996e-05,100.0,99.99993639313082,9.082710364473199e-08,9.0827045872455e-06,99.99994837185211
37,I3,N7,0.0,0.0,6.020483395230818e-05,99.9999420189286,99.99988181409465,8.521657902309856e-08,8.521647830911313e-06,99.99993254581936
37,I3,N8,37.61656219980673,154.56406139178952,37.616562261044784,37.61656216086216,0.0,32.94010581909775,0.0,1.4210854715202004e-14
37,I3,N9,15.447429846621388,31.71829157074177,15.444388765401701,88.29437076092651,72.84998199552481,1.2607010250440763e-07,9.184204697620064e-06,73.07548466610017
37,I4,N1,7.067550653256098e-05,0.00014287758400031238,7.532671708847247e-05,99.99993643062128,99.99986110390418,4.712641866224543e-07,4.712635320548981e-05,99.99986575511475
37,I4,N2,4.983061993058115e-05,0.00010076287045279125,7.118659990083022e-05,100.0,99.9999288134001,5.158111611034125e-07,5.15810793914985e-05,99.99995016938007
37,I4,N3,48.86817649490306,99.7776392296631,48.96612922708243,80.34165994490498,31.375530717822542,2.5846380116898876e-07,8.109438933022785e-06,31.473483450001922
37,I4,N4,7.216897738239749e-05,0.00014589755075787342,7.500359091910568e-05,99.99993643064364,99.99986142705272,4.792169180961015e-07,4.792162540310942e-05,99.99986426166626
37,I4,N5,7.170563599716677e-05,0.00014497915474072736,7.458935902868131e-05,99.99987308670087,99.99979849734184,4.522527631563242e-07,4.522518518549849e-05,99.99980138106487
37,I4,N6,5.162814789170081e-05,0.00010436637020381901,7.375449698814402e-05,100.0,99.999926245503,4.4291460075875035e-07,4.429142740893144e-05,99.99994837185211
37,I4,N7,6.74541806346617e-05,0.0001364313671401475,7.151408459682935e-05,100.0,99.9999284859154,3.805352615635494e-07,3.8053498942724054e-05,99.99993254581936
37,I4,N8,28.78496622390305,121.47009118023726,28.78496622015702,28.784966207299476,0.0,33.058798814729116,0.0,1.4210854715202004e-14
37,I4,N9,8.30089656792109,16.882456298384312,8.202949245723216,81.37638123402125,73.17343198829803,1.552485783324321e-07,1.136007128788818e-05,73.07548466610017
38,I1,N1,6.356279059579155e-05,0.00012863904410387038,6.355996711423138e-05,99.99992932449346,99.99986576452635,9.081829857182765e-08,9.08181766614544e-06,99.999868385642
38,I1,N2,0.0,0.0,3.830974569600306e-05,99.99995016938007,99.99991185963438,9.081718695964353e-08,9.08171069130429e-06,99.99994058500913
38,I1,N3,1.5461782247286093,5.788740620286233,1.5460382638635075,33.019988250082434,31.473949986218926,2.8155530424052025e-07,8.861657564020787e-06,31.61728220275795
38,I1,N4,6.356278427557855e-05,0.00012863903145669283,6.355996766781824e-05,99.99992783102262,99.99986427105495,9.081829992651791e-08,9.08181766597975e-06,99.9998679373089
38,I1,N5,6.354930143103073e-05,0.00012861198688119232,6.355050955837596e-05,99.99986492754734,99.99980137703778,9.08183571624869e-08,9.081817677637567e-06,99.99980456008768
38,I1,N6,0.0,0.0,5.9498182158765324e-05,99.99994837185211,99.99988887366996,9.081420798686318e-08,9.081410706836668e-06,99.99993769051537
38,I1,N7,0.0,0.0,3.8309680068592154e-05,99.99993254581936,99.9998942361393,9.08172084372754e-08,9.081711238548957e-06,99.99993565149911
38,I1,N8,14.685176555974245,69.0962035390347,14.685176520629065,14.685176649861006,1.2923194070424415e-07,32.928089864327944,4.2553609568508516e-06,0.0
38,I1,N9,1.533282922438296,5.740459147824427,1.5333953814033536,74.60850518428666,73.0751098028833,1.3150904354301476e-07,9.610037796977965e-06,72.93169015937585
38,I2,N1,0.0,0.0,5.056568854160236e-05,99.99986576170288,99.99981519601434,9.081808810225101e-08,9.08179202668045e-06,99.999868385642
38,I2,N2,0.0,0.0,3.738101007458799e-05,99.99995016938007,99.99991278837,9.081834583879563e-08,9.081826663463587e-06,99.99994058500913
38,I2,N3,1.6161972550418402,4.493156423090108,1.6254056935297727,33.06852092392381,31.443115230394042,2.661965631985368e-07,8.370049210586463e-06,31.61728220275795
38,I2,N4,0.0,0.0,5.0565687224919815e-05,99.99986426823834,99.99981370255112,9.081808939766187e-08,9.08179202058782e-06,99.9998679373089
38,I2,N5,0.0,0.0,5.055793122929057e-05,99.9998013782459,99.99975082031467,9.081813219218078e-08,9.081790589184476e-06,99.99980456008768
38,I2,N6,0.0,0.0,4.7610299223773864e-05,99.99994837185211,99.9999007615529,9.081830010870067e-08,9.081820998202995e-06,99.99993769051537
38,I2,N7,0.0,0.0,3.7439853185849984e-05,99.99993254581936,99.99989510596617,9.081789712720644e-08,9.081780186465071e-06,99.99993565149911
38,I2,N8,18.913294937770917,84.01689015744644,18.913294948932137,18.913295016891567,6.795943008341965e-08,35.360476456489714,2.4030778274612192e-06,0.0
38,I2,N9,1.6216459686730171,4.565673374590421,1.612422069031083,74.71839066301922,73.10596859398814,1.470913820870885e-07,1.0753257959305001e-05,72.93169015937585
38,I3,N1,0.0,0.0,6.364572413522297e-05,99.99986576170288,99.99980211597874,9.702099002717388e-08,9.702079803813736e-06,99.999868385642
38,I3,N2,0.0,0.0,6.456716508004895e-05,99.99995016938007,99.99988560221499,3.1029801017410053e-07,3.1029765520004995e-05,99.99994058500913
38,I3,N3,16.116035048982692,33.12698565307182,15.944139631499056,47.96944802532649,32.02530839382744,2.838395700391698e-07,9.090049764875795e-06,31.61728220275795
38,I3,N4,0.0,0.0,6.36172307256831e-05,99.99986426823834,99.99980065100762,9.181382130787546e-08,9.181363827794781e-06,99.9998679373089
38,I3,N5,6.355174265436497e-05,0.00012861698057255026,6.363099665157111e-05,99.99986474506257,99.99980111406592,9.8107858928115e-08,9.810766380538337e-06,99.99980456008768
38,I3,N6,0.0,0.0,6.405006107090324e-05,99.99994837185211,99.99988432179104,2.4358978678901695e-07,2.435895050087144e-05,99.99993769051537
38,I3,N7,0.0,0.0,6.456825025482313e-05,99.99993254581936,99.99986797756911,3.1057539777341366e-07,3.1057498774422376e-05,99.99993565149911
38,I3,N8,37.61656231346153,154.56410280034663,37.61656237470175,37.61656227451704,0.0,32.940354759587606,0.0,0.0
38,I3,N9,15.848593179050381,32.562386051678374,16.02052032151995,88.5441745409676,72.52365421944765,1.251815849438962e-07,9.078625981113543e-06,72.93169015937585
38,I4,N1,6.805156740289561e-05,0.00013763692006714284,6.692702206161045e-05,99.9999364372094,99.99986951018734,-1.0382947489164152e-06,-0.00010382933940475425,99.999868385642
38,I4,N2,5.941499086917414e-05,0.00012023001488772428,6.352257841428543e-05,100.0,99.99993647742158,-6.139595560918212e-07,-6.139591660888808e-05,99.99994058500913
38,I4,N3,49.10430726848892,100.21074914406606,49.20550617145429,80.72158947124686,31.51608329979257,1.3201216620724561e-07,4.160506426773614e-06,31.61728220275795
38,I4,N4,6.849990682083726e-05,0.00013854350553023473,6.692744800874001e-05,99.99993643721572,99.99986950976772,-1.0382931164553832e-06,-0.00010382917615842838,99.9998679373089
38,I4,N5,6.833886822940612e-05,0.00013822367156832507,6.68959677575087e-05,99.99987289895591,99.99980600298815,-1.0307408288386065e-06,-0.00010307388292321987,99.99980456008768
38,I4,N6,6.230948463291483e-05,0.00012603387182900507,6.688720037914942e-05,100.0,99.99993311279962,-1.1567491048553831e-06,-0.00011567483311382915,99.99993769051537
38,I4,N7,6.434850089160017e-05,0.0001302215354717995,6.301749528743094e-05,100.0,99.9999369825047,-4.842725698473324e-07,-4.8427226467088845e-05,99.99993565149911
38,I4,N8,28.784966192793306,121.47010620893305,28.784966189049552,28.784966176186856,0.0,33.05942051088795,0.0,0.0
38,I4,N9,8.064787770462459,16.449396254556486,7.96359828583733,80.9964779298383,73.03287964400097,2.505492944587869e-07,1.829833646709794e-05,72.93169015937585
39,I1,N1,6.36482271332811e-05,0.00012880442655264235,6.368484279220519e-05,99.9999319484326,99.99986826358982,9.073941040806833e-08,9.073929087122643e-06,99.99987172101146
39,I1,N2,0.0,0.0,3.957705802886592e-05,99.99994058500913,99.9999010079511,9.053739490306003e-08,9.05373052782378e-06,100.0
39,I1,N3,1.5476441958029103,5.794246059858457,1.5482724691204681,33.163460427486555,31.615187958366086,2.803394502918886e-07,8.862984413123084e-06,30.583786647039204
39,I1,N4,6.364810807746278e-05,0.00012880418594272326,6.368467542112746e-05,99.99993150009318,99.99986781541776,9.073944761588198e-08,9.073932767232222e-06,99.99987328367689
39,I1,N5,6.384299662168512e-05,0.00012919955413325985,6.396886598910845e-05,99.99986810938911,99.99980414052312,9.067623134400752e-08,9.067605374601515e-06,99.99980880229387
39,I1,N6,0.0,0.0,5.185174106629767e-05,99.99993769051537,99.9998858387743,9.129204236192532e-08,9.129193814181079e-06,100.0
39,I1,N7,0.0,0.0,3.927066419048119e-05,99.99993565149911,99.99989638083493,9.056506091173146e-08,9.05649670689715e-06,100.0
39,I1,N8,14.685176462087108,69.09616164432494,14.68517642674224,14.685176555974252,1.2923201175851773e-07,32.928081288608574,4.2553621882748906e-06,0.0
39,I1,N9,1.5317583254230949,5.734750522625468,1.5311049267022945,74.46497308181415,72.93386815511185,1.3178455784059258e-07,9.611557566425491e-06,73.96518322048188
39,I2,N1,0.0,0.0,5.90411276156335e-05,99.99986830020546,99.99980925907785,4.551099760619708e-07,4.5510910798100564e-05,99.99987172101146
39,I2,N2,0.0,0.0,4.327525565443876e-05,99.99994058500913,99.99989730975348,6.74866164577248e-07,6.7486547155552e-05,100.0
39,I2,N3,1.6172261653168554,4.514056091238692,1.6176671268632905,33.23201348672548,31.61434635986219,5.8145189896293e-07,1.8382221725413662e-05,30.583786647039204
39,I2,N4,0.0,0.0,5.902879477283304e-05,99.9998678519851,99.99980882319034,4.5165709593361026e-07,4.516562324699836e-05,99.99987328367689
39,I2,N5,0.0,0.0,5.904325597965251e-05,99.99980426639249,99.99974522313651,4.4193251128424217e-07,4.419313853424512e-05,99.99980880229387
39,I2,N6,0.0,0.0,4.775649008242411e-05,99.99993769051537,99.99988993402529,-4.581071145814365e-08,-4.581066103613756e-06,100.0
39,I2,N7,0.0,0.0,3.868839980516319e-05,99.99993565149911,99.9998969630993,2.6013386767182417e-08,2.6013359963794925e-06,100.0
39,I2,N8,18.913294949113,84.01687785172719,18.913294960274992,18.91329502823332,6.795832874217922e-08,35.36062784535647,2.4030491716445915e-06,0.0
39,I2,N9,1.6205757564204712,4.544706549532329,1.6201170940265233,74.55486072506406,72.93474363103753,-7.965361575223035e-07,-5.809516044174093e-05,73.96518322048188
39,I3,N1,0.0,0.0,6.363013415305028e-05,99.99986830020546,99.99980467007131,9.075049848736843e-08,9.075032122448446e-06,99.99987172101146
39,I3,N2,0.0,0.0,6.453573214680189e-05,99.99994058500913,99.99987604927698,1.0738975365490733e-07,1.0738962054453123e-05,100.0
39,I3,N3,16.00471552928602,32.89341116361392,15.957007163701732,47.730822370391316,31.773815206689584,2.859809299810261e-07,9.086705221854355e-06,30.583786647039204
39,I3,N4,0.0,0.0,6.363015507265827e-05,99.9998678519851,99.99980422183003,9.075077161177633e-08,9.075059394157644e-06,99.99987328367689
39,I3,N5,6.360854219772861e-05,0.0001287306902643572,6.363288485917018e-05,99.99986781813514,99.99980418525028,9.075683530266059e-08,9.075665758739069e-06,99.99980880229387
39,I3,N6,0.0,0.0,6.361639583475913e-05,99.99993769051537,99.99987407411953,9.083597976923102e-08,9.083586538322371e-06,100.0
39,I3,N7,0.0,0.0,6.381756034519188e-05,99.99993565149911,99.99987183393877,8.9761633562877e-08,8.976151851892677e-06,100.0
39,I3,N8,37.616562427114275,154.5641426858616,37.61656248835483,37.61656238817108,0.0,32.94023941012517,0.0,0.0
39,I3,N9,15.959991663945997,32.796163010218685,16.007733871758404,88.78287814769398,72.77514427593557,1.247727214790356e-07,9.08035280733794e-06,73.96518322048188
39,I4,N1,6.463076141162026e-05,0.00013078181029743384,6.316470170107369e-05,99.99993635177286,99.99987318707116,-3.506161950137454e-08,-3.506157503870795e-06,99.99987172101146
39,I4,N2,0.0,0.0,3.285584241447242e-05,100.0,99.99996714415758,-1.1564475522351491e-07,-1.1564471722745636e-05,100.0
39,I4,N3,50.24662746255501,102.50680793524438,50.73619326001191,80.83041410959422,30.094220849582307,9.924407154869852e-08,2.9866730071982813e-06,30.583786647039204
39,I4,N4,6.306821503364004e-05,0.0001276581781852524,6.074034712484122e-05,99.99993635189192,99.9998756115448,7.348003394846203e-08,7.3479942547782915e-06,99.99987328367689
39,I4,N5,6.374616731332248e-05,0.00012901598092364175,6.17778669207152e-05,99.99987254846118,99.99981077059427,3.18771958169565e-08,3.1877135495928294e-06,99.99980880229387
39,I4,N6,0.0,0.0,3.927262103712724e-05,100.0,99.99996072737896,2.3295337253147046e-07,2.3295328104457526e-05,100.0
39,I4,N7,0.0,0.0,3.2564614115027584e-05,100.0,99.99996743538588,-1.7510912680545586e-08,-1.7510906978184444e-06,100.0
39,I4,N8,28.784966161685624,121.47012074293964,28.78496615794369,28.784966145077547,0.0,33.059832294734946,0.0,0.0
39,I4,N9,6.922491033728564,14.153397054702937,6.432935289414037,80.88767425421044,74.4547389647964,3.2469705515350603e-07,2.4175234484092392e-05,73.96518322048188
40,I1,N1,6.357939660082478e-05,0.00012867060453832752,6.354989780120065e-05,99.99993536923859,99.99987181934078,9.081819839347199e-08,9.08180819821066e-06,99.99987340314281
40,I1,N2,0.0,0.0,3.687587285446636e-05,100.0,99.99996312412715,9.081816959899337e-08,9.081813610900062e-06,100.0
40,I1,N3,1.5505490659892356,5.805111081352297,1.5517940103548036,32.13143084284211,30.579636832487303,2.8378889017989585e-07,8.678161198795837e-06,32.59576641459452
40,I1,N4,6.357935675173958e-05,0.00012867052408122706,6.354989189785822e-05,99.99993693178497,99.99987338189308,9.081819697327357e-08,9.081808198099182e-06,99.99987387191763
40,I1,N5,6.363053096946524e-05,0.00012877455034402698,6.353947426137101e-05,99.9998726452905,99.99980910581624,9.081825544300765e-08,9.081808207624022e-06,99.99981044454323
40,I1,N6,0.0,0.0,5.9746719094027014e-05,100.0,99.99994025328091,9.081803149821556e-08,9.08179772374214e-06,100.0
40,I1,N7,0.0,0.0,3.6883525540564204e-05,100.0,99.99996311647446,9.081817104896847e-08,9.081813755202516e-06,100.0
40,I1,N8,14.685176368201407,69.09611841313568,14.685176332855196,14.6851764620871,1.2923190340075053e-07,32.92809438318299,4.2553603124983e-06,0.0
40,I1,N9,1.5288338881951153,5.723803797601914,1.5275805579545525,75.49694154590497,73.96936098795042,1.3621658895434524e-07,1.0075854040911224e-05,71.95319894899856
40,I2,N1,0.0,0.0,5.7158723296884663e-05,99.99987178984199,99.9998146311187,8.64667204107455e-08,8.646656012835317e-06,99.99987340314281
40,I2,N2,0.0,0.0,3.423145179285329e-05,100.0,99.99996576854821,9.157983473496957e-08,9.15798033858626e-06,100.0
40,I2,N3,1.6228694473600993,4.5764287198522515,1.6252879968072038,32.19810794216973,30.572819945362525,3.284890220875636e-07,1.0042835726311296e-05,32.59576641459452
40,I2,N4,0.0,0.0,5.719828451549299e-05,99.99987335242821,99.9998161541437,8.64231553505768e-08,8.64229964651868e-06,99.99987387191763
40,I2,N5,0.0,0.0,5.0079290278948284e-05,99.99980901475952,99.99975893546925,9.108287136871326e-08,9.108265180021679e-06,99.99981044454323
40,I2,N6,0.0,0.0,4.259855406634891e-05,100.0,99.99995740144594,9.283660533115219e-08,9.283656578410067e-06,100.0
40,I2,N7,0.0,0.0,3.423177500655483e-05,100.0,99.999965768225,9.157982125843836e-08,9.157978990904e-06,100.0
40,I2,N8,18.913294960455964,84.01686739167732,18.913294971615816,18.91329503957533,6.795951534854794e-08,35.360464856981984,2.403080054179857e-06,0.0
40,I2,N9,1.6149103003557008,4.48231174520875,1.6124822477565133,75.58868341413032,73.9762011663738,8.981116104945042e-08,6.643888516779739e-06,71.95319894899856
40,I3,N1,0.0,0.0,6.3621906568153e-05,99.99987178984199,99.99980816793543,9.076559462864609e-08,9.076542051113199e-06,99.99987340314281
40,I3,N2,0.0,0.0,3.308729615303181e-05,100.0,99.99996691270384,1.0627334464578287e-07,1.062733094828066e-05,100.0
40,I3,N3,16.018295841770385,32.904808803253474,16.024115975692254,46.579954024095656,30.555838048403402,2.9230637769111926e-07,8.931666337245277e-06,32.59576641459452
40,I3,N4,0.0,0.0,6.361398767219945e-05,99.99987335242821,99.99980973844053,9.078698000716754e-08,9.078680727444359e-06,99.99987387191763
40,I3,N5,6.362027349389278e-05,0.00012875406844960037,6.362530119224885e-05,99.99987262330171,99.99980899800052,9.075698848180164e-08,9.075681513413896e-06,99.99981044454323
40,I3,N6,0.0,0.0,3.969385092674183e-05,100.0,99.99996030614908,9.228463806868671e-08,9.228460143736006e-06,100.0
40,I3,N7,0.0,0.0,3.310929070274497e-05,100.0,99.9999668907093,1.0610082445256825e-07,1.0610078932333785e-05,100.0
40,I3,N8,37.61656254077423,154.56418212224764,37.61656260201286,37.61656250182463,0.0,32.9407744171744,0.0,0.0
40,I3,N9,15.94644727361851,32.78485906278485,15.94064253490673,89.93376477772063,73.9931222428139,1.2789109052727576e-07,9.463061095151493e-06,71.95319894899856
40,I4,N1,6.30174605792739e-05,0.0001275506012930487,6.232604593683973e-05,99.9999364206034,99.99987409455747,9.081592654618672e-08,9.081581220399251e-06,99.99987340314281
40,I4,N2,0.0,0.0,5.91211259401505e-05,100.0,99.99994087887406,9.081595804943118e-08,9.081590435801425e-06,100.0
40,I4,N3,48.212519230285764,98.50837776738335,47.34075855931324,80.80828564488027,33.467527085567035,3.1656995770195413e-07,1.059481363386696e-05,32.59576641459452
40,I4,N4,6.254872562501702e-05,0.0001266135695711181,6.232608730703573e-05,99.99993642064325,99.99987409455595,9.08159209793424e-08,9.081580663715383e-06,99.99987387191763
40,I4,N5,6.230465230439133e-05,0.00012612607673378887,6.168686015770657e-05,99.99987274919553,99.99981106233537,9.081600409306103e-08,9.081583250742379e-06,99.99981044454323
40,I4,N6,0.0,0.0,1.1211692938476488e-05,100.0,99.99998878830706,9.216242042058265e-08,9.216241008761506e-06,100.0
40,I4,N7,0.0,0.0,5.9122720554982225e-05,100.0,99.99994087727944,9.08160045642124e-08,9.08159508713198e-06,100.0
40,I4,N8,28.784966130568396,121.4701350847459,28.78496612681853,28.784966113966973,0.0,33.05807910333744,0.0,0.0
40,I4,N9,8.956609588832114,18.151853399713033,9.828374683876493,80.90980853783067,71.08143385395418,8.277618589420349e-08,5.883849982321441e-06,71.95319894899856
41,I1,N1,6.360274024427407e-05,0.00012871847904181527,6.361274466289519e-05,99.99993698253942,99.99987336979476,9.08004836523433e-08,9.080036867150449e-06,99.99987203247252
41,I1,N2,0.0,0.0,3.591900716479271e-05,100.0,99.99996408099284,9.081886087298593e-08,9.081882825175278e-06,100.0
41,I1,N3,1.5444001564721581,5.782075946195093,1.5417649095362678,34.14631548058375,32.60455057104748,2.7555567616037097e-07,8.984368978509998e-06,47.2119276642578
41,I1,N4,6.360023131777455e-05,0.0001287134557575134,6.360917756036095e-05,99.99993745127438,99.99987384209682,9.080147440195536e-08,9.08013598487192e-06,99.9998721756016
41,I1,N5,6.36048411857353e-05,0.0001287231687376918,6.359383127842247e-05,99.9998740750742,99.99981048124292,9.080271771458182e-08,9.080254562639981e-06,99.9998083836576
41,I1,N6,0.0,0.0,4.8707074501568285e-05,100.0,99.9999512929255,9.085408710897332e-08,9.085404285660542e-06,100.0
41,I1,N7,0.0,0.0,3.59192618422462e-05,100.0,99.99996408073815,9.081886581527558e-08,9.081883319380936e-06,100.0
41,I1,N8,14.685176274316053,69.09607799427485,14.685176238969813,14.685176368201411,1.2923159786737415e-07,32.92813094510115,4.255354976821551e-06,0.0
41,I1,N9,1.534964198517287,5.7467448809863155,1.5375914743696462,73.48203283719367,71.94444136282402,1.2943269703313914e-07,9.311963082132845e-06,57.33703682191222
41,I2,N1,0.0,0.0,5.0569899066625086e-05,99.99987337979918,99.99982280990011,9.081516506278477e-08,9.081500414730307e-06,99.99987203247252
41,I2,N2,0.0,0.0,3.114471812562984e-05,100.0,99.99996885528188,9.079959068159078e-08,9.07995624023142e-06,100.0
41,I2,N3,1.6150737363677776,4.503995032682155,1.6117327173710685,34.22478477147169,32.61305205410062,2.825095365905428e-07,9.213498222607216e-06,47.2119276642578
41,I2,N4,0.0,0.0,5.056990212002477e-05,99.99987385104306,99.99982328114095,9.081516463477343e-08,9.081500414725064e-06,99.9998721756016
41,I2,N5,0.0,0.0,5.056080864658769e-05,99.99981047023302,99.99975990942437,9.081521730256903e-08,9.081499926379104e-06,99.9998083836576
41,I2,N6,0.0,0.0,1.4109611497096453e-05,100.0,99.9999858903885,9.08221567439819e-08,9.082214392932842e-06,100.0
41,I2,N7,0.0,0.0,3.2269785202537754e-05,100.0,99.99996773021479,9.076892935832615e-08,9.07689000673876e-06,100.0
41,I2,N8,18.913294971799253,84.01685479887762,18.913294982959012,18.91329505091808,6.795906770662441e-08,35.36052643600936,2.4030684102066425e-06,0.0
41,I2,N9,1.6226846945417877,4.554725719223501,1.6260165777643965,73.56197893903209,71.93596236126768,1.2247113307749954e-07,8.810078819404812e-06,57.33703682191222
41,I3,N1,0.0,0.0,6.392708126474974e-05,99.99987337979918,99.99980945271791,9.016958415445952e-08,9.016941233876765e-06,99.99987203247252
41,I3,N2,0.0,0.0,7.273520830141989e-06,100.0,99.99999272647916,9.115534586451952e-08,9.115533923431644e-06,100.0
41,I3,N3,16.014958634496733,32.90674664253941,16.013528402808024,48.6280068768743,32.614478474066274,2.787828443759222e-07,9.092357076837481e-06,47.2119276642578
41,I3,N4,0.0,0.0,6.386675389054452e-05,99.99987385104306,99.99980998428917,9.027160152963586e-08,9.027142999941053e-06,99.9998721756016
41,I3,N5,6.386063699607136e-05,0.00012923492483312327,6.396364992557646e-05,99.99987409050651,99.99981012685659,9.011723999037196e-08,9.011706888193563e-06,99.9998083836576
41,I3,N6,0.0,0.0,3.693700653179668e-05,100.0,99.99996306299347,6.903380999399303e-08,6.9033784494970134e-06,100.0
41,I3,N7,0.0,0.0,7.273312006545579e-06,100.0,99.99999272668799,9.115532466183847e-08,9.115531803182728e-06,100.0
41,I3,N8,37.61656265443308,154.56422106040606,37.61656271567078,37.61656261548421,0.0,32.94057606315021,0.0,0.0
41,I3,N9,15.949816218042535,32.78300931913071,15.951260051367116,87.88574151810882,71.9344814667417,1.2615138668159585e-07,9.074634587251023e-06,57.33703682191222
41,I4,N1,6.436478723219607e-05,0.00013024507996956311,6.494221294059128e-05,99.99993639725976,99.99987145504682,-6.952136734751011e-08,-6.9521277981301e-06,99.99987203247252
41,I4,N2,0.0,0.0,6.494199255693887e-05,100.0,99.99993505800744,-6.948135294756238e-08,-6.948130782498732e-06,100.0
41,I4,N3,33.61363980840553,68.68825748865675,27.356977199028286,80.82556747266332,53.46859027363504,5.6083078671106955e-08,2.998683154749458e-06,47.2119276642578
41,I4,N4,6.422416708227734e-05,0.00012996397112590498,6.494221342110318e-05,99.99993639976869,99.99987145755526,-6.952143878673371e-08,-6.952134942217667e-06,99.9998721756016
41,I4,N5,6.415086422041897e-05,0.00012981756148960685,6.494209789871653e-05,99.99987253452181,99.99980759242392,-6.951391916682718e-08,-6.951378541678028e-06,99.9998083836576
41,I4,N6,0.0,0.0,6.494271007245598e-05,100.0,99.99993505728993,-6.956345431045198e-08,-6.9563409134059535e-06,100.0
41,I4,N7,0.0,0.0,6.494210607146874e-05,100.0,99.99993505789392,-6.949891668921823e-08,-6.9498871555158035e-06,100.0
41,I4,N8,28.784966099451616,121.47014923093688,28.784966095701595,28.784966082850787,0.0,33.057993128916564,0.0,0.0
41,I4,N9,23.555498066986168,47.97199817437482,29.81216455762362,80.89253488889838,51.080370331274764,2.917991177497766e-07,1.490520699699784e-05,57.33703682191222
42,I1,N1,6.583484033618281e-05,0.00013318538574239665,6.679145466128656e-05,99.99993563521276,99.99986884375811,9.014486953536763e-08,9.01447513047445e-06,99.99986959758459
42,I1,N2,0.0,0.0,4.279405232091118e-05,100.0,99.99995720594768,9.003906867821389e-08,9.003903014684773e-06,100.0
42,I1,N3,1.5410318105866296,5.769428430736783,1.5395882337785458,48.75632782072996,47.21673958695141,2.308448053118958e-07,1.0899739057412283e-05,47.29379474617338
42,I1,N4,6.583408779129066e-05,0.00013318387902364417,6.679145485136899e-05,99.99993577583292,99.99986898437807,9.014486927024744e-08,9.014475116638632e-06,99.99987082660813
42,I1,N5,6.583122322111791e-05,0.00013317828847469546,6.678538695056761e-05,99.99987198849878,99.99980520311183,9.014400893863808e-08,9.01438333409138e-06,99.99980492742303
42,I1,N6,0.0,0.0,6.157121291545845e-05,100.0,99.99993842878709,8.984274482426437e-08,8.984268950699667e-06,100.0
42,I1,N7,0.0,0.0,4.278461779101951e-05,100.0,99.99995721538221,9.004751831558502e-08,9.004747978909849e-06,100.0
42,I1,N8,14.685176180431927,69.09602948540193,14.685176145085146,14.68517627431605,1.2923090331184994e-07,32.92821383571436,4.2553428184351215e-06,0.0
42,I1,N9,1.5383244521733255,5.759291260876691,1.5397645608830561,58.87200102042951,57.33223645954645,1.211265047691676e-07,6.944453412944297e-06,57.255167027161264
42,I2,N1,0.0,0.0,5.056012635600758e-05,99.99986980037244,99.99981924024608,9.081786995544916e-08,9.081770579329092e-06,99.99986959758459
42,I2,N2,0.0,0.0,3.560792620418694e-05,100.0,99.99996439207379,9.081807249537466e-08,9.081804015694242e-06,100.0
42,I2,N3,1.6181350582857241,4.5247671197070805,1.6194470533934153,48.83036974651111,47.210922693117695,1.9188261236512906e-07,9.058955178523577e-06,47.29379474617338
42,I2,N4,0.0,0.0,5.0560124926774373e-05,99.99986994174513,99.9998193816202,9.081786982586413e-08,9.081770579209908e-06,99.99987082660813
42,I2,N5,0.0,0.0,5.055116772155464e-05,99.99980615727556,99.99975560610784,9.08179268425873e-08,9.081770488912111e-06,99.99980492742303
42,I2,N6,0.0,0.0,4.761182264422183e-05,100.0,99.99995238817736,9.081776153301332e-08,9.081771829302177e-06,100.0
42,I2,N7,0.0,0.0,3.551673573678934e-05,100.0,99.99996448326426,9.081806204118837e-08,9.081802978557727e-06,100.0
42,I2,N8,18.91329498314305,84.0168427291035,18.913294994301662,18.913295062260886,6.795922402602628e-08,35.360504825649535,2.4030724691197e-06,0.0
42,I2,N9,1.6195904016254188,4.533939130345412,1.6182642760898323,58.95636126279797,57.33809698670814,1.5904355764114358e-07,9.119254933138996e-06,57.255167027161264
42,I3,N1,0.0,0.0,6.360365690082887e-05,99.99986980037244,99.99980619671554,9.081835709423408e-08,9.081818108527514e-06,99.99986959758459
42,I3,N2,0.0,0.0,6.360527824015972e-05,100.0,99.99993639472176,9.081823873210675e-08,9.081818096691331e-06,100.0
42,I3,N3,15.98866124886047,32.856340545529704,15.977390940730642,63.227193322722115,47.24980238199147,1.9231008542936942e-07,9.086613532601603e-06,47.29379474617338
42,I3,N4,0.0,0.0,6.360365844404338e-05,99.99986994174513,99.99980633808669,9.081835696571435e-08,9.08181810851466e-06,99.99987082660813
42,I3,N5,6.368103214085481e-05,0.00012887534134023028,6.36040586314763e-05,99.99987001791256,99.99980641385393,9.081835689683477e-08,9.081818108507773e-06,99.99980492742303
42,I3,N6,0.0,0.0,6.360278525451399e-05,100.0,99.99993639721474,9.081823872984041e-08,9.081818096691106e-06,100.0
42,I3,N7,0.0,0.0,6.360527828460159e-05,100.0,99.99993639472171,9.08182387321068e-08,9.081818096691333e-06,100.0
42,I3,N8,37.616562768096564,154.5642651515598,37.616562829333525,37.61656272914303,0.0,32.94104423345882,0.0,0.0
42,I3,N9,15.976147619568883,32.83350337538862,15.987432505937317,73.28658707921508,57.29915457327776,1.5856603868188982e-07,9.085699960505945e-06,57.255167027161264
42,I4,N1,6.456757506503248e-05,0.00013065709183175203,6.46544841362481e-05,99.99993416515966,99.99986951067552,-6.764935130973668e-07,-6.764926303455514e-05,99.99986959758459
42,I4,N2,0.0,0.0,5.703366391075768e-05,100.0,99.99994296633609,-1.5738062551793297e-07,-1.5738053575799597e-05,100.0
42,I4,N3,33.558377136093796,68.60948594905389,33.53469313367449,80.85217188226717,47.317478748592684,1.8483999298228434e-07,8.74616243982926e-06,47.29379474617338
42,I4,N4,6.333930407481026e-05,0.00012819486559460054,6.296007707161009e-05,99.99993416591221,99.99987120583513,-1.9955972395434204e-07,-1.9955946693306217e-05,99.99987082660813
42,I4,N5,6.556032160672545e-05,0.00013264433196048304,6.616437477228536e-05,99.99987048774464,99.99980432336987,-8.880856061028411e-07,-8.880838683268545e-05,99.99980492742303
42,I4,N6,0.0,0.0,2.848851016542335e-05,100.0,99.99997151148983,3.417792431883067e-06,0.00034177914582049225,100.0
42,I4,N7,0.0,0.0,5.209075165571302e-05,100.0,99.99994790924835,3.250204894656089e-07,3.250203201599929e-05,100.0
42,I4,N8,28.784966068328455,121.47016502269473,28.784966064573606,28.78496605173126,0.0,33.05697232480008,0.0,0.0
42,I4,N9,23.61077049947111,48.05079420277844,23.634458684821798,80.86593752663237,57.23147884181057,1.6600924395024205e-07,9.500954532683247e-06,57.255167027161264
43,I1,N1,6.775924435002235e-05,0.00013704256134261262,6.858398892738215e-05,99.99993543242493,99.999866848436,8.718807082296498e-08,8.718795473068506e-06,99.99986834363335
43,I1,N2,0.0,0.0,3.504743875151746e-05,100.0,99.99996495256124,9.155298304354192e-08,9.155295095656625e-06,100.0
43,I1,N3,1.555024075702278,5.821800848136373,1.5610207607518416,48.83482655676001,47.27380579600816,1.6634935985918986e-07,7.863967332273618e-06,50.73171619398199
43,I1,N4,6.777180917196557e-05,0.00013706763801505392,6.860226119225481e-05,99.99993666069592,99.99986805843473,8.71823935693806e-08,8.718227853956589e-06,99.99986869954984
43,I1,N5,6.743926482398459e-05,0.00013640052325371326,6.812842551092745e-05,99.99987075864625,99.99980263022074,8.771234517184669e-08,8.771217205418464e-06,99.99980473756347
43,I1,N6,0.0,0.0,4.9117058472395055e-05,100.0,99.99995088294153,9.547837159580804e-08,9.547832469964045e-06,100.0
43,I1,N7,0.0,0.0,3.5048264146156534e-05,100.0,99.99996495173585,9.155283691749389e-08,9.155280482981377e-06,100.0
43,I1,N8,14.685176086546058,69.09598603704409,14.685176051199843,14.685176180431938,1.2923209524728918e-07,32.928071934551106,4.255363728555498e-06,0.0
43,I1,N9,1.524317284080602,5.706834677428775,1.5183142120408637,58.79349147933459,57.27517726729373,1.7850940969129885e-07,1.0224158083949103e-05,53.81724381201488
43,I2,N1,0.0,0.0,5.675867563316441e-05,99.99986767318059,99.99981091450496,6.150705481331796e-08,6.150693851239888e-06,99.99986834363335
43,I2,N2,0.0,0.0,1.4433666810717896e-05,100.0,99.9999855663332,9.327755681452822e-08,9.327754335115646e-06,100.0
43,I2,N3,1.621126544414897,4.536823957319317,1.6224086098988284,48.89793753934345,47.275528929444626,-1.1901097455035902e-06,-5.626306770276896e-05,50.73171619398199
43,I2,N4,0.0,0.0,5.741438206043396e-05,99.99986888888675,99.9998114745047,5.950527849768391e-08,5.9505166315062884e-06,99.99986869954984
43,I2,N5,0.0,0.0,2.0444982945097484e-05,99.99980331938143,99.99978287439848,9.520420218248998e-08,9.520399546979332e-06,99.99980473756347
43,I2,N6,0.0,0.0,1.7746703094598566e-05,100.0,99.9999822532969,9.428240914714897e-08,9.428239241512975e-06,100.0
43,I2,N7,0.0,0.0,1.4453213529666925e-05,100.0,99.99998554678648,9.328198794120767e-08,9.328197445896277e-06,100.0
43,I2,N8,18.913294994485014,84.01683124154222,18.913295005644528,18.91329507360551,6.796098261929728e-08,35.360262127413286,2.40311815985493e-06,0.0
43,I2,N9,1.6165944289166165,4.521902477534898,1.615310440612844,58.888764596879405,57.27345415626656,1.5221225562894126e-06,8.717721644786095e-05,53.81724381201488
43,I3,N1,0.0,0.0,6.36029788531878e-05,99.99986767318059,99.99980407020173,9.08174466091736e-08,9.081726867073367e-06,99.99986834363335
43,I3,N2,0.0,0.0,3.4207628122974497e-06,100.0,99.99999657923719,9.083412595863264e-08,9.083412285141264e-06,100.0
43,I3,N3,16.010477022898037,32.904125905942834,16.019826640342707,63.26547224378903,47.24564560344632,1.8954908935156876e-07,8.955369099960199e-06,50.73171619398199
43,I3,N4,0.0,0.0,6.360287581162653e-05,99.99986888888675,99.99980528601094,9.081770487933844e-08,9.081752804456249e-06,99.99986869954984
43,I3,N5,6.362821498401421e-05,0.00012876984248241902,6.360557905965394e-05,99.99986700041357,99.99980339483452,9.081239253497547e-08,9.081221399312085e-06,99.99980473756347
43,I3,N6,0.0,0.0,1.3910057241423987e-05,100.0,99.99998608994275,9.169309770764573e-08,9.169308495308334e-06,100.0
43,I3,N7,0.0,0.0,3.42063473153211e-06,100.0,99.99999657936527,9.083412479478677e-08,9.083412168768316e-06,100.0
43,I3,N8,37.616562881755584,154.564305822266,37.61656294299399,37.616562842807994,0.0,32.940506435884814,0.0,0.0
43,I3,N9,15.954348491367792,32.785772108007095,15.945006007853038,73.24831778753168,57.30331177967864,1.6133242136529325e-07,9.244882041665887e-06,53.81724381201488
43,I4,N1,6.389712229476743e-05,0.00012931025661528533,6.360978539322528e-05,99.99993224075565,99.99986863097025,9.08183003356255e-08,9.081818102850553e-06,99.99986834363335
43,I4,N2,0.0,0.0,6.36097979824358e-05,100.0,99.99993639020202,9.081823873619944e-08,9.081818096690126e-06,100.0
43,I4,N3,30.081656163002798,61.42385300143462,28.59163288882094,80.81337235698479,52.22173946816385,1.7385185905040143e-07,9.078846489386007e-06,50.73171619398199
43,I4,N4,6.352864099822632e-05,0.0001285715887451911,6.360978539397604e-05,99.99993222819083,99.99986861840543,9.081830034704812e-08,9.081818102851697e-06,99.99986869954984
43,I4,N5,6.419495672300128e-05,0.0001299064495875195,6.360980034426235e-05,99.99986893252019,99.99980532271984,9.081845829939116e-08,9.081828149648665e-06,99.99980473756347
43,I4,N6,0.0,0.0,6.360967424451061e-05,100.0,99.99993639032576,9.081823873609953e-08,9.081818096691372e-06,100.0
43,I4,N7,0.0,0.0,6.360979798238078e-05,100.0,99.99993639020202,9.081823873619979e-08,9.08181809669016e-06,100.0
43,I4,N8,28.784966037213348,121.47017974110797,28.78496603346452,28.78496602061169,0.0,33.05823263512068,0.0,0.0
43,I4,N9,27.08749598362011,55.236441360472746,28.577521191112538,80.90473979563498,52.32721860452244,1.7378110241917507e-07,9.093481735623078e-06,53.81724381201488
44,I1,N1,6.506150501105345e-05,0.00013163977516108676,6.39053310086382e-05,99.99993610287771,99.99987219754671,9.072582213979478e-08,9.072570618996833e-06,99.99987121192275
44,I1,N2,0.0,0.0,3.6914223123485385e-05,100.0,99.99996308577688,9.089422276167761e-08,9.089418920878143e-06,100.0
44,I1,N3,1.5439254177227937,5.780259540551478,1.5391688500173004,52.286740269684266,50.74757141966697,1.790128813410829e-07,9.084468980896972e-06,50.876823829489275
44,I1,N4,6.510357651577066e-05,0.0001317239820551533,6.396004823454427e-05,99.999936471359,99.99987251131077,9.071356130474907e-08,9.07134456552188e-06,99.99987128039545
44,I1,N5,6.496278988172393e-05,0.00013144174849962818,6.390144347789794e-05,99.99987217682829,99.99980827538481,9.072496413033016e-08,9.07247901882418e-06,99.99980761099694
44,I1,N6,0.0,0.0,6.0335349155025195e-05,100.0,99.99993966465084,9.071179896505761e-08,9.071174423377697e-06,100.0
44,I1,N7,0.0,0.0,3.6914995617215915e-05,100.0,99.99996308500438,9.089419867355929e-08,9.089416511996983e-06,100.0
44,I1,N8,14.685175992799477,69.0959450772028,14.685175957314017,14.68517608654605,1.292320330747998e-07,32.92807929946437,4.2553626331180106e-06,0.0
44,I1,N9,1.5353839975017511,5.748280553851934,1.5401268746822436,55.34156109609548,53.80143422141324,1.6881298423495795e-07,9.08238066703756e-06,53.672141850838656
44,I2,N1,0.0,0.0,5.055615432805753e-05,99.9998710413727,99.99982048521836,9.081834411259619e-08,9.081818108024406e-06,99.99987121192275
44,I2,N2,0.0,0.0,3.7807296864949675e-05,100.0,99.99996219270314,9.081828654938755e-08,9.081825221344834e-06,100.0
44,I2,N3,1.6194923358388296,4.531426094006996,1.618791960734801,52.36394139637637,50.745149435641565,1.7905667232500907e-07,9.086257594581291e-06,50.876823829489275
44,I2,N4,0.0,0.0,5.055615366264191e-05,99.99987136778249,99.99982081162882,9.081834381589472e-08,9.08181810799837e-06,99.99987128039545
44,I2,N5,0.0,0.0,5.0547023805597605e-05,99.99980721403841,99.99975666701461,9.081840213291872e-08,9.081818114178951e-06,99.99980761099694
44,I2,N6,0.0,0.0,4.7606856713562936e-05,100.0,99.99995239314329,9.081822418802892e-08,9.081818095232706e-06,100.0
44,I2,N7,0.0,0.0,3.7806000155497784e-05,100.0,99.99996219399985,9.08182861150616e-08,9.08182517803002e-06,100.0
44,I2,N8,18.91329500600739,84.01681481555005,18.91329501698801,18.913295084947435,6.795942653070597e-08,35.36047688959481,2.4030777312691444e-06,0.0
44,I2,N9,1.6182011144989534,4.527277323832263,1.6188896940342408,55.42277152751035,53.80388183347611,1.6887350574630796e-07,9.086050147979203e-06,53.672141850838656
44,I3,N1,0.0,0.0,6.360219555943082e-05,99.9998710413727,99.99980743917715,9.08183559647192e-08,9.081818108414565e-06,99.99987121192275
44,I3,N2,0.0,0.0,6.361075207595572e-05,100.0,99.99993638924792,9.081823873708303e-08,9.081818096691834e-06,100.0
44,I3,N3,15.989617803327917,32.8602007945676,15.980678137797865,66.75492608343558,50.77424794563771,1.7895475557598038e-07,9.08629313066582e-06,50.876823829489275
44,I3,N4,0.0,0.0,6.360222202108303e-05,99.99987136778249,99.99980776556046,9.081835566800593e-08,9.081818108384892e-06,99.99987128039545
44,I3,N5,6.36102793202624e-05,0.00012873401057491104,6.360259260722591e-05,99.9998708422534,99.9998072396608,9.08183561460984e-08,9.081818108432703e-06,99.99980761099694
44,I3,N6,0.0,0.0,6.360116673417469e-05,100.0,99.99993639883327,9.081823872836901e-08,9.081818096690957e-06,100.0
44,I3,N7,0.0,0.0,6.360924530223388e-05,100.0,99.9999363907547,9.08182387357132e-08,9.081818096691693e-06,100.0
44,I3,N8,37.61656299577368,154.5643478562941,37.61656305665639,37.61656295646591,0.0,32.94104173152431,0.0,0.0
44,I3,N9,15.975249500754389,32.82978752276013,15.984207076205786,69.75891890437919,53.7747118281734,1.6896455701789708e-07,9.08602036281239e-06,53.672141850838656
44,I4,N1,6.37265722395797e-05,0.00012896794878068064,6.365347935878496e-05,99.99993493849499,99.99987128501563,9.026425389225449e-08,9.026413770863419e-06,99.99987121192275
44,I4,N2,0.0,0.0,6.365313493820176e-05,100.0,99.99993634686506,9.013453352196233e-08,9.013447614850608e-06,100.0
44,I4,N3,29.970140613621183,60.35994518071024,29.92234823531478,80.84696444311047,50.92461620779569,-4.531489464807034e-06,-0.00023076436184496767,50.876823829489275
44,I4,N4,6.361602802427022e-05,0.0001287463487666331,6.365347960686046e-05,99.99993489642348,99.99987124294388,9.0260674447093e-08,9.026055823010575e-06,99.99987128039545
44,I4,N5,6.381593386373939e-05,0.00012914682925760943,6.365349549548429e-05,99.9998714269308,99.9998077734353,9.022556746548441e-08,9.022539402797559e-06,99.99980761099694
44,I4,N6,0.0,0.0,6.365346590461684e-05,100.0,99.9999363465341,9.01932063970951e-08,9.019314898599322e-06,100.0
44,I4,N7,0.0,0.0,6.365313928076171e-05,100.0,99.99993634686072,9.03196200756594e-08,9.031956258438584e-06,100.0
44,I4,N8,28.784966005419452,121.47019452754338,28.78496600098977,28.784965989493116,0.0,32.89595182839197,0.0,0.0
44,I4,N9,27.19902353640625,56.30037272318414,27.246821059028886,80.8711653872449,53.62434432821601,4.879484822071048e-06,0.00026165917424304173,53.672141850838656
45,I1,N1,0.0,0.0,3.833266642708153e-05,99.99993627342776,99.99989794076134,9.103753261011356e-08,9.10374396979009e-06,99.99992770145802
45,I1,N2,0.0,0.0,6.593335386185704e-06,100.0,99.99999340666461,9.082361062830394e-08,9.082360463999868e-06,99.99994767533839
45,I1,N3,1.1948501732913401,4.4732986890709885,1.0452464971064315,52.42074924721207,51.37550275010564,7.779506079852086e-07,3.9967603599990436e-05,50.71703023270959
45,I1,N4,0.0,0.0,3.638706645960499e-05,99.99993638397197,99.99989999690551,9.079803909023541e-08,9.07979482893866e-06,99.99992773476183
45,I1,N5,0.0,0.0,3.6949914672315036e-05,99.99987257378682,99.99983562387214,9.099627521213872e-08,9.099612563598504e-06,99.99986550565218
45,I1,N6,0.0,0.0,4.9189805175368785e-06,100.0,99.99999508101948,9.082104875561201e-08,9.082104428814231e-06,99.99994823036126
45,I1,N7,0.0,0.0,6.590111081284272e-06,100.0,99.99999340988892,9.082360382732034e-08,9.082359784194396e-06,99.99994769707651
45,I1,N8,14.685175898912282,69.09590480227507,14.685175863567435,14.685175992799486,1.292320508383682e-07,32.928077591874334,4.255362997362836e-06,-1.4210854715202004e-14
45,I1,N9,1.8844660577092058,7.055218950785812,2.0340726549409722,55.20752584834041,53.17345319339944,-4.302218680934845e-07,-2.2876382365845765e-05,53.831935408487034
45,I2,N1,0.0,0.0,5.057728489595024e-05,99.99993627342776,99.99988569614287,9.081030502702723e-08,9.081020122734591e-06,99.99992770145802
45,I2,N2,0.0,0.0,3.592399041941537e-05,100.0,99.99996407600958,9.084693339252953e-08,9.084690075668588e-06,99.99994767533839
45,I2,N3,2.138934049832637,6.406250288535325,2.3615519272585543,52.84539140975956,50.483839482501004,-1.6497004325019616e-06,-8.328321182864151e-05,50.71703023270959
45,I2,N4,0.0,0.0,5.054441954874796e-05,99.99993638397197,99.99988583955242,9.081816682852715e-08,9.081806315010142e-06,99.99992773476183
45,I2,N5,0.0,0.0,5.057324936891334e-05,99.99987257378682,99.99982200053745,9.080814179880167e-08,9.080798016079732e-06,99.99986550565218
45,I2,N6,0.0,0.0,4.388000636346894e-05,100.0,99.99995611999364,9.099405364008673e-08,9.09940137118902e-06,99.99994823036126
45,I2,N7,0.0,0.0,3.5923919034361134e-05,100.0,99.99996407608097,9.084694045420632e-08,9.084690781842499e-06,99.99994769707651
45,I2,N8,18.913295017347135,84.01679965237486,18.91329502850819,18.913295096469824,6.79616327659005e-08,35.360173616616166,2.4031351338709517e-06,-1.4210854715202004e-14
45,I2,N9,1.0987106587612894,2.652382906729115,0.8760718920165761,54.94126090513016,54.06518901311358,1.9976937321712223e-06,0.00010800568922014944,53.831935408487034
45,I3,N1,0.0,0.0,6.369382876416473e-05,99.99993627342776,99.999872579599,9.059422382939359e-08,9.05941083938703e-06,99.99992770145802
45,I3,N2,0.0,0.0,1.7436367842015156e-05,100.0,99.99998256363216,9.201043107407892e-08,9.201041503080172e-06,99.99994767533839
45,I3,N3,15.997172542551194,32.88191993777468,16.0004102879326,66.69607516325485,50.69566487532225,1.8022410437406989e-07,9.136580797802945e-06,50.71703023270959
45,I3,N4,0.0,0.0,6.366359459464815e-05,99.99993638397197,99.99987272037738,9.066233416167394e-08,9.066221876699716e-06,99.99992773476183
45,I3,N5,6.36715334603118e-05,0.00012885658289206372,6.369778523461868e-05,99.99993618406613,99.99987248628089,9.058560211936188e-08,9.058548661029165e-06,99.99986550565218
45,I3,N6,0.0,0.0,4.0524902784372676e-05,100.0,99.99995947509721,9.052421008840471e-08,9.052417340355658e-06,99.99994823036126
45,I3,N7,0.0,0.0,1.7421362528423817e-05,100.0,99.99998257863747,9.200869305009759e-08,9.200867702092962e-06,99.99994769707651
45,I3,N8,37.61656310943471,154.5643889164704,37.61656317067894,37.61656307048555,0.0,32.94138970912312,0.0,-1.4210854715202004e-14
45,I3,N9,15.96772740062693,32.80814493259625,15.964503643429449,69.81779974712325,53.85329610369379,1.6772596313528588e-07,9.03259595700178e-06,53.831935408487034
45,I4,N1,7.22985419808543e-05,0.00014614536683398184,7.59722432985434e-05,100.0,99.9999240277567,-6.717108704296747e-06,-0.000671710360115858,99.99992770145802
45,I4,N2,5.232466161252559e-05,0.0001057390442488407,7.474951658932228e-05,100.0,99.99992525048341,-5.6577118164182654e-06,-0.0005657707587306032,99.99994767533839
45,I4,N3,29.952013001615242,60.92955363845731,29.944244025041264,80.66904323432483,50.72479920928357,4.047382403765743e-07,2.053026597542048e-05,50.71703023270959
45,I4,N4,7.226523817384065e-05,0.00014607860778410745,7.597204252365654e-05,100.0,99.99992402795748,-6.717095852654995e-06,-0.0006717090749540077,99.99992773476183
45,I4,N5,7.082281435172625e-05,0.00014319065579646446,7.382576313229204e-05,99.99993632846655,99.99986250270341,-5.088514417730108e-06,-0.0005088507421160347,99.99986550565218
45,I4,N6,5.176963874817522e-05,0.00010462895692665055,7.395662678310747e-05,100.0,99.99992604337322,-5.1259647933879676e-06,-0.0005125961002397317,99.99994823036126
45,I4,N7,5.230292349538826e-05,0.00010569770760310622,7.471846213626895e-05,100.0,99.99992528153787,-5.792009843984993e-06,-0.0005792005516284311,99.99994769707651
45,I4,N8,28.784965974305884,121.47020939051295,28.78496597056151,28.784965957697636,0.0,33.0595619279724,0.0,-1.4210854715202004e-14
45,I4,N9,27.217160474415543,55.7307852427986,27.224933447848098,81.04909588290258,53.824162435054475,-5.662087894769408e-08,-3.0475713856962426e-06,53.831935408487034
46,I1,N1,0.0,0.0,6.366069711838058e-05,99.99992770145802,99.9998640407609,9.057969251366254e-08,9.057956936220182e-06,99.99992166880607
46,I1,N2,0.0,0.0,1.2497044513340158e-05,99.99994767533839,99.99993517829388,9.081131717908328e-08,9.081125831363814e-06,99.99992772170447
46,I1,N3,0.3585424342157262,1.3421661803277818,0.00012483175474871171,51.911880406000925,51.91175557424618,1.6495498799519372e-07,8.563103017559209e-06,38.03531991391419
46,I1,N4,0.0,0.0,6.366070097291366e-05,99.99992773476183,99.99986407406085,9.057969236132909e-08,9.057956924003156e-06,99.99992167855952
46,I1,N5,0.0,0.0,6.365270601437293e-05,99.99986550565218,99.99980185294616,9.057972982980547e-08,9.057955034873943e-06,99.9998594125681
46,I1,N6,0.0,0.0,9.498260865402828e-06,99.99994823036126,99.99993873210039,9.081420487910678e-08,9.081414923915091e-06,99.99992778836784
46,I1,N7,0.0,0.0,1.2473601710375446e-05,99.99994769707651,99.9999352234748,9.081143884066818e-08,9.081138001617361e-06,99.99992795209361
46,I1,N8,14.685175805028246,69.09585811114597,14.685175769684141,14.685175898912277,1.2922813574789416e-07,32.928544369792576,4.255294401800111e-06,-1.4210854715202004e-14
46,I1,N9,2.720739111386428,10.186194158266648,3.0791418486766666,55.71640146619624,52.637259617519575,1.8864685354306258e-07,9.929853405974378e-06,66.51365104384456
46,I2,N1,0.0,0.0,6.421612110587125e-05,99.99992770145802,99.99986348533692,1.5124985345744166e-06,0.0001512496469792138,99.99992166880607
46,I2,N2,0.0,0.0,4.406834478830401e-05,99.99994767533839,99.9999036069936,1.189588961777967e-06,0.0001189587815097403,99.99992772170447
46,I2,N3,1.8454984464464426,5.131432355171393,1.7197403307095023,53.69227202161784,51.97253169090834,-1.253986254628489e-06,-6.51728403586426e-05,38.03531991391419
46,I2,N4,0.0,0.0,5.8255981037441554e-05,99.99992773476183,99.9998694787808,1.3474879571983244e-06,0.0001347486198440614,99.99992167855952
46,I2,N5,0.0,0.0,5.747015192912519e-05,99.99986550565218,99.99980803550025,1.3239626808618252e-06,0.0001323960139323488,99.9998594125681
46,I2,N6,0.0,0.0,5.133876343834345e-05,99.99994823036126,99.99989689159781,1.9580949870091425e-06,0.00019580929680486882,99.99992778836784
46,I2,N7,0.0,0.0,4.258886390870662e-05,99.99994769707651,99.9999051082126,1.1263135481750603e-06,0.00011263124793960027,99.99992795209361
46,I2,N8,18.913295028685514,84.0167764346796,18.9132950398452,18.913295107806817,6.796161855504579e-08,35.36017564935548,2.4031347695209157e-06,-1.4210854715202004e-14
46,I2,N9,1.3920846924267045,3.92709367590888,1.5178164211404537,54.0943730135711,52.57655659243065,-4.476799634361433e-07,-2.3537470932897674e-05,66.51365104384456
46,I3,N1,0.0,0.0,6.0645044081385914e-05,99.99992770145802,99.99986705641393,9.881841768931083e-08,9.881828631656266e-06,99.99992166880607
46,I3,N2,0.0,0.0,1.2341842651316948e-05,99.99994767533839,99.99993533349574,9.256352227759674e-08,9.256346242000266e-06,99.99992772170447
46,I3,N3,15.905345559875407,32.68845640799678,15.86599113872864,67.8439461177226,51.97795497899396,1.7654908152722807e-07,9.176660211204994e-06,38.03531991391419
46,I3,N4,0.0,0.0,5.68083634642767e-05,99.99992773476183,99.99987092639836,1.0015589010811242e-07,1.001557608332978e-05,99.99992167855952
46,I3,N5,6.329496395831693e-05,0.00012810354915669773,6.313357702889055e-05,99.99992917718565,99.99986604360862,9.049676616583673e-08,9.049664493963446e-06,99.9998594125681
46,I3,N6,0.0,0.0,2.683162182454855e-05,99.99994823036126,99.99992139873943,8.898717952252064e-08,8.89871095774758e-06,99.99992778836784
46,I3,N7,0.0,0.0,1.2329732329643862e-05,99.99994769707651,99.99993536734418,9.256006698853677e-08,9.256000716450724e-06,99.99992795209361
46,I3,N8,37.616563223091504,154.56443963356273,37.61656328433236,37.616563184145754,0.0,32.940579682507966,0.0,-1.4210854715202004e-14
46,I3,N9,16.059624528717684,33.00180148549511,16.099009012185153,68.67001572177132,52.57100670958617,1.710946633295774e-07,8.994618693873601e-06,66.51365104384456
46,I4,N1,7.83311939373283e-05,0.00015831809556070031,8.091661620438859e-05,100.0,99.9999190833838,-5.741247097944881e-06,-0.0005741242452322002,99.99992166880607
46,I4,N2,7.227829553202412e-05,0.00014607163402616765,8.082985292609493e-05,100.0,99.99991917014708,-5.587779932042859e-06,-0.0005587775415448558,99.99992772170447
46,I4,N3,43.85529364554823,89.48151356145306,49.81384249294809,81.89061355946242,32.07677106651433,-2.230121364910064e-06,-7.15350924727626e-05,38.03531991391419
46,I4,N4,7.83214404790495e-05,0.00015829855175635067,8.091695575271044e-05,100.0,99.99991908304425,-5.741313489645608e-06,-0.0005741308843949512,99.99992167855952
46,I4,N5,7.729246794827399e-05,0.00015622112617010708,8.006517663250874e-05,99.99993670503603,99.9998566398594,-5.571191156995933e-06,-0.0005571183170128457,99.9998594125681
46,I4,N6,7.221163215774814e-05,0.00014594182216938004,8.097248647613654e-05,100.0,99.99991902751353,-5.740181056055734e-06,-0.0005740176408088406,99.99992778836784
46,I4,N7,7.2047906388267e-05,0.0001456044369681835,8.051004191378646e-05,100.0,99.99991948995809,-5.459037787258809e-06,-0.0005459033392185198,99.99992795209361
46,I4,N8,28.784965943194745,121.47022728190302,28.784965939450224,28.78496592658857,0.0,33.059293749059236,0.0,-1.4210854715202004e-14
46,I4,N9,13.313900623624612,27.17888196947733,7.355360687571354,79.82755166746918,72.47219097989783,2.6385384896752707e-06,0.0001912206653315574,66.51365104384456
47,I1,N1,0.0,0.0,6.356207481690111e-05,99.99992166880607,99.99985810673125,9.081830633499717e-08,9.081817746993369e-06,99.99992505346306
47,I1,N2,0.0,0.0,3.5778396261849365e-05,99.99992772170447,99.9998919433082,9.081979206208336e-08,9.081969392522056e-06,99.99992865406287
47,I1,N3,0.9045839292429924,3.386547526488372,1.1386017128261066,38.39386234812992,37.25526063530381,6.96836101669176e-07,2.5960810587774215e-05,43.466643357768675
47,I1,N4,0.0,0.0,6.356207657548698e-05,99.99992167855952,99.99985811648294,9.081830632483868e-08,9.081817746863153e-06,99.99992504057155
47,I1,N5,0.0,0.0,6.355163797856118e-05,99.9998594125681,99.99979586093012,9.081836328641807e-08,9.081817789065599e-06,99.99986219645037
47,I1,N6,0.0,0.0,5.9832967587830516e-05,99.99992778836784,99.99986795540025,9.081311967474813e-08,9.081299976092774e-06,99.99993303675731
47,I1,N7,0.0,0.0,3.5784844280787726e-05,99.99992795209361,99.99989216724933,9.081968980280393e-08,9.081959186943426e-06,99.99992874851587
47,I1,N8,14.68517571114148,69.09581088475683,14.685175675796163,14.685175805028237,1.292320739310071e-07,32.928074942736494,4.255363415405465e-06,0.0
47,I1,N9,2.1746243590733014,8.141570523833408,1.9405751795105333,69.234390155231,67.29381497572047,-3.179138106673967e-07,-2.139363315327802e-05,61.082330345313835
47,I2,N1,0.0,0.0,5.057729510015162e-05,99.99992166880607,99.99987109151097,9.087478146269756e-08,9.087466431738986e-06,99.99992505346306
47,I2,N2,0.0,0.0,3.7499812694741135e-05,99.99992772170447,99.99989022189177,9.087125857908804e-08,9.087115882233945e-06,99.99992865406287
47,I2,N3,1.6878416994294452,4.718062654111861,1.620274522136446,39.334776865333374,37.714502343196926,2.3965390302763384e-07,9.038427687291985e-06,43.466643357768675
47,I2,N4,0.0,0.0,5.057729572606822e-05,99.99992167855952,99.99987110126379,9.087478145335339e-08,9.087466431690858e-06,99.99992504057155
47,I2,N5,0.0,0.0,5.056825223970523e-05,99.9998594125681,99.99980884431587,9.087483381951786e-08,9.087466010710756e-06,99.99986219645037
47,I2,N6,0.0,0.0,4.76267356611154e-05,99.99992778836784,99.99988016163218,9.087348660263537e-08,9.087337770133225e-06,99.99993303675731
47,I2,N7,0.0,0.0,3.750137957061675e-05,99.99992795209361,99.99989045071405,9.087126185210806e-08,9.087116230328957e-06,99.99992874851587
47,I2,N8,18.91329504002738,84.01675784973551,18.913295051188502,18.91329511914796,6.795945850512908e-08,35.360472628165766,2.403078572295584e-06,0.0
47,I2,N9,1.5496987746378983,4.340392190495681,1.617247667014124,68.4518504885844,66.83460282157027,1.3713321061097874e-07,9.165243664831511e-06,61.082330345313835
47,I3,N1,0.0,0.0,6.36021825293045e-05,99.99992166880607,99.99985806662353,9.081830993961442e-08,9.081818103812068e-06,99.99992505346306
47,I3,N2,0.0,0.0,6.360314154760284e-05,99.99992772170447,99.99986411856293,9.081830443783613e-08,9.081818103261893e-06,99.99992865406287
47,I3,N3,15.947535713634442,32.77418328058498,15.9656172081026,53.55228072577933,37.58666351767673,2.4177435378698386e-07,9.087491282995094e-06,43.466643357768675
47,I3,N4,0.0,0.0,6.360218414264045e-05,99.99992167855952,99.99985807637538,9.081830993074909e-08,9.081818103811182e-06,99.99992504057155
47,I3,N5,6.351061990085887e-05,0.0001285347705139637,6.360304387623399e-05,99.99992270753205,99.99985910448818,9.081830899609844e-08,9.081818103717715e-06,99.99986219645037
47,I3,N6,0.0,0.0,6.360139794891474e-05,99.99992778836784,99.99986418696989,9.08183043756478e-08,9.081818103255674e-06,99.99993303675731
47,I3,N7,0.0,0.0,6.36031415376491e-05,99.99992795209361,99.99986434895207,9.081830422839088e-08,9.081818103240949e-06,99.99992874851587
47,I3,N8,37.61656333675059,154.56448838986267,37.61656339799231,37.61656329780186,0.0,32.941038754538454,0.0,0.0
47,I3,N9,16.01752161253869,32.91631369255009,15.999477505604833,82.96177624266419,66.96229873705936,1.3567068999481252e-07,9.084821273295606e-06,61.082330345313835
47,I4,N1,7.49465369443257e-05,0.00015148452192867008,7.34959696616103e-05,100.0,99.99992650403034,-3.7848812804241346e-06,-0.00037848784986889374,99.99992505346306
47,I4,N2,7.134593712812158e-05,0.00014423702837704463,7.094635495502049e-05,100.0,99.99992905364505,-3.382999951766358e-06,-0.00033829975516512045,99.99992865406287
47,I4,N3,37.993395299924444,77.71246651185902,35.481153151799965,81.46003865769312,45.97888550589315,2.1012511063057806e-07,9.66131840359648e-06,43.466643357768675
47,I4,N4,7.495942844422752e-05,0.0001515102404739713,7.351856614358954e-05,100.0,99.99992648143386,-3.7765212355341206e-06,-0.0003776518459089858,99.99992504057155
47,I4,N5,7.429292973710686e-05,0.000150171965008937,7.300741336089236e-05,99.9999364893801,99.99986348196674,-3.767615475643045e-06,-0.0003767610332168497,99.99986219645037
47,I4,N6,6.696324268932318e-05,0.00013543636306327,6.471393291714104e-05,100.0,99.99993528606709,1.6642295289744328e-07,1.664228451986052e-05,99.99993303675731
47,I4,N7,7.125148412423994e-05,0.00014404573607381812,7.091016029679977e-05,100.0,99.9999290898397,-3.368681630728385e-06,-0.00033686792419908404,99.99992874851587
47,I4,N8,28.78496591208055,121.47024458855233,28.784965908334634,28.784965895474542,0.0,33.05910551335967,0.0,0.0
47,I4,N9,19.175824908436276,38.94799958915067,21.68807817335556,80.25815525375012,58.570077080394555,1.4555810406752556e-07,8.525349374911064e-06,61.082330345313835
48,I1,N1,0.0,0.0,6.366786076817756e-05,99.99992505346306,99.99986138560229,9.078206214354089e-08,9.078193630653222e-06,99.99993388761723
48,I1,N2,0.0,0.0,3.804735719007858e-05,99.99992865406287,99.99989060670568,9.080944977079216e-08,9.08093504313435e-06,99.99993676239639
48,I1,N3,0.40025331485137505,1.498339008940842,0.18411162296925335,44.37122728701167,44.187115664042416,7.0035186428063335e-06,0.00030946528832496084,44.29483198020526
48,I1,N4,0.0,0.0,6.367281226122731e-05,99.99992504057155,99.9998613677593,9.078131468679935e-08,9.078118883462867e-06,99.99993388375105
48,I1,N5,0.0,0.0,6.363469124353491e-05,99.99986219645037,99.99979856175912,9.07861095386996e-08,9.078592666075759e-06,99.99987133319651
48,I1,N6,0.0,0.0,5.9790768770157114e-05,99.99993303675731,99.99987324598854,9.081760722137814e-08,9.081749210641787e-06,100.0
48,I1,N7,0.0,0.0,3.804775688943014e-05,99.99992874851587,99.99989070075898,9.080944312728513e-08,9.080934387325301e-06,99.9999480999989
48,I1,N8,14.685175617240752,69.09576239884368,14.685175581887215,14.685175711141483,1.2925426773335857e-07,32.92542814150185,4.255752104237139e-06,0.0
48,I1,N9,2.6788856823723157,10.02953881185578,2.894997678071893,63.256954704387134,60.36195702631524,-6.647326030647076e-06,-0.00040124560820182543,60.254141244796216
48,I2,N1,0.0,0.0,5.055779095142859e-05,99.99992505346306,99.9998744956721,9.081829495022779e-08,9.08181809693371e-06,99.99993388761723
48,I2,N2,0.0,0.0,3.612718243155659e-05,99.99992865406287,99.99989252688044,9.081846383549089e-08,9.081836623005467e-06,99.99993676239639
48,I2,N3,1.6535657733041327,4.686811004743097,1.638876090678999,45.658815671589736,44.01993958091074,1.9026255797371135e-07,8.375346306512301e-06,44.29483198020526
48,I2,N4,0.0,0.0,5.0557788062388686e-05,99.99992504057155,99.9998744827835,9.081829496183788e-08,9.081818096924197e-06,99.99993388375105
48,I2,N5,0.0,0.0,5.0549131789513886e-05,99.99986219645037,99.99981164731858,9.081835207929705e-08,9.081818102049568e-06,99.99987133319651
48,I2,N6,0.0,0.0,4.760804756463036e-05,99.99993303675731,99.99988542870975,9.081828405369245e-08,9.081818000201263e-06,100.0
48,I2,N7,0.0,0.0,3.612715531807172e-05,99.99992874851587,99.99989262136056,9.081846381342477e-08,9.081836629379397e-06,99.9999480999989
48,I2,N8,18.913295051382217,84.01673784641518,18.913295062546023,18.91329513050536,6.7959337712864e-08,35.36048934473589,2.4030754370710352e-06,0.0
48,I2,N9,1.5839409595162572,4.3715822217339015,1.5986161816069826,62.12776779665272,60.529151615045734,1.6626353669002295e-07,1.0063790820364118e-05,60.254141244796216
48,I3,N1,0.0,0.0,5.239178420861503e-05,99.99992505346306,99.99987266167885,9.156347548476218e-08,9.156335888936971e-06,99.99993388761723
48,I3,N2,0.0,0.0,1.709674127054619e-06,99.99992865406287,99.99992694438875,9.081281265259806e-08,9.081274630874267e-06,99.99993676239639
48,I3,N3,15.955789839133026,32.81607104149512,15.95932732148956,59.95278561192005,43.99345829043049,2.044977644883337e-07,8.996563872503787e-06,44.29483198020526
48,I3,N4,0.0,0.0,6.244239914000334e-05,99.99992504057155,99.99986259817241,9.032532824500408e-08,9.03252041363523e-06,99.99993388375105
48,I3,N5,6.319829599326615e-05,0.0001279101419357382,6.306444289001213e-05,99.99992570707026,99.99986264262738,9.067782196568653e-08,9.067769741301272e-06,99.99987133319651
48,I3,N6,0.0,0.0,2.3252798197463548e-06,99.99993303675731,99.99993071147749,9.081012932949593e-08,9.081006640849903e-06,100.0
48,I3,N7,0.0,0.0,1.7093302758302053e-06,99.99992874851587,99.9999270391856,9.081281419670177e-08,9.081274793893295e-06,99.9999480999989
48,I3,N8,37.61656345041755,154.56453887331918,37.61656351165691,37.61656341146553,0.0,32.941149613151985,0.0,0.0
48,I3,N9,16.009347325235744,32.87466174745571,16.005844059248766,76.56134844967515,60.555504390426385,1.520865565642062e-07,9.209678143748619e-06,60.254141244796216
48,I4,N1,6.61123827679028e-05,0.0001337617937882424,6.2326316692293e-05,100.0,99.9999376736833,9.081834486718236e-08,9.081828826345311e-06,99.99993388761723
48,I4,N2,6.323760360695674e-05,0.00012799869577218487,5.976260352645751e-05,100.0,99.99994023739647,9.081859479063019e-08,9.081854051507344e-06,99.99993676239639
48,I4,N3,37.69555909250621,76.86901845841753,37.567915003612676,81.99039107271147,44.4224760690988,-1.212056510474446e-07,-5.3842551330946475e-06,44.29483198020526
48,I4,N4,6.611624893941231e-05,0.00013376950679549915,6.232631486592008e-05,100.0,99.99993767368514,9.081838677080034e-08,9.081833016704664e-06,99.99993388375105
48,I4,N5,6.546850749281416e-05,0.00013247252492017933,6.168661224526015e-05,99.99993680170401,99.99987511509177,9.081839704580755e-08,9.081828362733574e-06,99.99987133319651
48,I4,N6,0.0,0.0,6.029454549411154e-07,100.0,99.99999939705455,9.08200657209831e-08,9.082006517338764e-06,100.0
48,I4,N7,5.190000108975498e-05,0.00010491485860849382,4.360650836068999e-05,100.0,99.99995639349164,-3.031150644650469e-06,-0.000303114932287151,99.9999480999989
48,I4,N8,28.784965880959472,121.47026239198458,28.784965877206215,28.784965864361055,0.0,33.05731034370107,0.0,0.0
48,I4,N9,19.473684788079467,39.79151706152069,19.60133902221226,79.72782603287568,60.126487010663425,4.768667601893669e-07,2.867232306234312e-05,60.254141244796216
49,I1,N1,0.0,0.0,6.356968208310113e-05,99.99993388761723,99.99987031793515,9.08152127115606e-08,9.081509494051756e-06,99.9999366547672
49,I1,N2,0.0,0.0,3.583832872999648e-05,99.99993676239639,99.99990092406766,9.080596357335861e-08,9.080587360650358e-06,99.99993920335096
49,I1,N3,0.12015801684042283,0.4496675359990978,0.00011717483572901141,44.695085295056636,44.694968120220906,2.0447533344039588e-07,9.139018509490034e-06,41.69332824371576
49,I1,N4,0.0,0.0,6.356968689734471e-05,99.99993388375105,99.99987031406415,9.081521269821984e-08,9.081509492366136e-06,99.99993670088597
49,I1,N5,0.0,0.0,6.355847755758827e-05,99.99987133319651,99.99980777471895,9.081526608939109e-08,9.081509151949062e-06,99.99987602218637
49,I1,N6,0.0,0.0,1.5313387691526063e-05,100.0,99.99998468661231,9.08190242539626e-08,9.081901034649332e-06,100.0
49,I1,N7,0.0,0.0,3.583033846791407e-05,99.9999480999989,99.99991226966044,9.080526395927119e-08,9.080518429550479e-06,99.99994270812395
49,I1,N8,14.685175523357636,69.09571039799815,14.685175488012215,14.685175617240759,1.2922854430996722e-07,32.92849607244004,4.255301613757899e-06,0.0
49,I1,N9,2.958935322161734,11.078050067652004,3.078956596357199,62.933026927168534,59.85407033081133,1.507792379335074e-07,9.024751111698289e-06,62.85564182224746
49,I2,N1,0.0,0.0,5.056132951904203e-05,99.99993388761723,99.99988332628772,9.081703312044902e-08,9.08169271608451e-06,99.9999366547672
49,I2,N2,0.0,0.0,3.525346933042762e-05,99.99993676239639,99.99990150892705,9.081824521310871e-08,9.081815576524457e-06,99.99993920335096
49,I2,N3,1.6976231877407884,5.034693977576065,1.7165049367850693,46.228493051520346,44.511988114735274,1.135195464168046e-07,5.052980700894946e-06,41.69332824371576
49,I2,N4,0.0,0.0,5.0561330320319016e-05,99.99993388375105,99.99988332242073,9.081703312290715e-08,9.081692715979133e-06,99.99993670088597
49,I2,N5,0.0,0.0,5.0551514996762044e-05,99.99987133319651,99.9998207816815,9.081708878225699e-08,9.081692602139757e-06,99.99987602218637
49,I2,N6,0.0,0.0,3.5427783056015935e-05,100.0,99.99996457221694,9.090300383039174e-08,9.090297162547274e-06,100.0
49,I2,N7,0.0,0.0,3.5253233748249045e-05,99.9999480999989,99.99991284676516,9.081823530629968e-08,9.081815615526979e-06,99.99994270812395
49,I2,N8,18.91329506272403,84.01671655181003,18.91329507388298,18.913295141842198,6.795921692059892e-08,35.36050563176296,2.403072272651039e-06,0.0
49,I2,N9,1.5398532401810083,4.023661337664455,1.5209585033230446,61.55803256452305,60.03707406120001,2.4195484410140267e-07,1.4526260894782015e-05,62.85564182224746
49,I3,N1,0.0,0.0,3.855218977565149e-05,99.99993388761723,99.99989533542745,9.103610517154436e-08,9.103600988899403e-06,99.9999366547672
49,I3,N2,0.0,0.0,3.1113099518876794e-05,99.99993676239639,99.99990564929686,1.017341308219953e-07,1.0173403483512754e-05,99.99993920335096
49,I3,N3,15.992397493899663,32.87981785907638,16.008086488799652,60.48665970291258,44.47857321411293,2.0468988343285013e-07,9.104313966456266e-06,41.69332824371576
49,I3,N4,0.0,0.0,3.8304062348277695e-05,99.99993388375105,99.99989557968871,9.12701089827797e-08,9.127001367824778e-06,99.99993670088597
49,I3,N5,6.322169858930126e-05,0.000127957022223922,6.32317282733163e-05,99.99993453149251,99.99987129976424,9.034729097368117e-08,9.034717469650469e-06,99.99987602218637
49,I3,N6,0.0,0.0,3.210343839899102e-05,100.0,99.9999678965616,9.084566139690096e-08,9.084563223232001e-06,100.0
49,I3,N7,0.0,0.0,3.108572515152962e-05,99.9999480999989,99.99991701427375,1.0173064221780928e-07,1.0173055779589702e-05,99.99994270812395
49,I3,N8,37.616563564078554,154.56459291055737,37.61656362531682,37.616563525127,0.0,32.94096333353381,0.0,0.0
49,I3,N9,15.972800766184292,32.8110739910231,15.957137955162242,76.0275266495778,60.070388694415556,1.5085311073542898e-07,9.06180499763893e-06,62.85564182224746
49,I4,N1,6.334523280634394e-05,0.00012821106005296427,6.215931139424727e-05,100.0,99.9999378406886,3.030591521471055e-07,3.030589637676234e-05,99.9999366547672
49,I4,N2,6.0796649039327266e-05,0.00012311055250347307,5.975052565320036e-05,100.0,99.99994024947435,2.6730527165686714e-07,2.6730511194056225e-05,99.99993920335096
49,I4,N3,40.49649305780336,83.0290070218109,41.696893328645,82.18982130151912,40.49292797287412,-5.0240779140965245e-06,-0.00020343962510561823,41.69332824371576
49,I4,N4,6.329911403035043e-05,0.00012811872011525636,6.209177049789534e-05,100.0,99.9999379082295,2.878256263126618e-07,2.8782544759663445e-05,99.99993670088597
49,I4,N5,6.0756115039006355e-05,0.00012301919700758677,5.873651827308872e-05,99.9999367783014,99.99987804178313,1.782528080316192e-06,0.00017825259063767302,99.99987602218637
49,I4,N6,0.0,0.0,1.0068111971254078e-06,100.0,99.9999989931888,9.074243843773466e-08,9.074243752412961e-06,100.0
49,I4,N7,5.729187605117151e-05,0.00011597822696725839,5.960267960606431e-05,100.0,99.99994039732039,3.1030292233183805e-07,3.103027373829814e-05,99.99994270812395
49,I4,N8,28.78496584983978,121.47028121444946,28.78496584608823,28.784965833239426,0.0,33.0577483499887,0.0,0.0
49,I4,N9,16.672768849225506,33.63157480069148,15.472376304002381,79.52841067147297,64.05603436747059,5.390988791389226e-06,0.000345325363295877,62.85564182224746
50,I1,N1,0.0,0.0,6.373411444067072e-05,99.9999366547672,99.99987292065276,9.071556856318763e-08,9.071545328243525e-06,100.0
50,I1,N2,0.0,0.0,3.4578523156321134e-05,99.99993920335096,99.9999046248278,9.081947121529205e-08,9.081938459606499e-06,100.0
50,I1,N3,0.07443342911864283,0.27849172452024207,0.05483717723787997,41.81348626055619,41.75864908331831,1.9422797163370617e-05,0.000811069770961664,37.74262116646199
50,I1,N4,0.0,0.0,6.373431462462542e-05,99.99993670088597,99.99987296657135,9.071556361290533e-08,9.071544837381456e-06,99.99994092055815
50,I1,N5,0.0,0.0,6.372689916654456e-05,99.99987602218637,99.9998122952872,9.07155579835459e-08,9.071538770616832e-06,99.99986216485195
50,I1,N6,0.0,0.0,1.3464578647420902e-05,100.0,99.99998653542136,9.081669132386482e-08,9.081667909578e-06,100.0
50,I1,N7,0.0,0.0,3.457988839284669e-05,99.99994270812395,99.99990812823556,9.081946103284732e-08,9.081937759540602e-06,100.0
50,I1,N8,14.68517542942561,69.09566722617558,14.68517539406025,14.685175523357643,1.292973923483487e-07,32.92028572993448,4.256507100243083e-06,0.0
50,I1,N9,3.0046062142585312,11.249065584952042,3.024179453728587,65.81457714440918,62.7903976906806,-1.906074969725327e-05,-0.0011968320537730525,66.80635030640447
50,I2,N1,0.0,0.0,5.0556513141111344e-05,99.9999366547672,99.99988609825405,9.081757588487778e-08,9.081747244207322e-06,100.0
50,I2,N2,0.0,0.0,3.7427818065496935e-05,99.99993920335096,99.99990177553289,9.08188400022415e-08,9.081875079591988e-06,100.0
50,I2,N3,2.4281707976396336,7.132451846298582,2.7412626304534244,43.43667601917833,40.6954133887249,-4.454562598575273e-06,-0.00018128026641497336,37.74262116646199
50,I2,N4,0.0,0.0,5.055625803411969e-05,99.99993670088597,99.99988614462794,9.08176297622641e-08,9.081752636151383e-06,99.99994092055815
50,I2,N5,0.0,0.0,5.054815560061934e-05,99.99987602218637,99.99982547403077,9.081747219669209e-08,9.08173136966185e-06,99.99986216485195
50,I2,N6,0.0,0.0,4.76152622068608e-05,100.0,99.9999523847378,9.081738917500772e-08,9.081734593206974e-06,100.0
50,I2,N7,0.0,0.0,3.742748801332297e-05,99.99994270812395,99.99990528063594,9.081883491781477e-08,9.08187488947919e-06,100.0
50,I2,N8,18.913295074093135,84.01669868562337,18.9132950852651,18.9132951532322,6.79670968395385e-08,35.35942203205123,2.403277261442537e-06,0.0
50,I2,N9,0.8092659976694141,1.9258605499077586,0.4961571794501594,64.34982417033167,63.853666990881514,4.82013908987674e-06,0.00030778355629472004,66.80635030640447
50,I3,N1,0.0,0.0,4.905229634061039e-05,99.9999366547672,99.99988760247085,1.278144045451437e-07,1.278142608849111e-05,100.0
50,I3,N2,0.0,0.0,2.041858782544678e-05,99.99993920335096,99.99991878476314,1.0478139956723127e-07,1.0478131446876941e-05,100.0
50,I3,N3,16.026102407755438,32.93591173905378,16.04054737083648,57.00090271543836,40.96035534460188,2.1890093149704396e-07,8.966259939383274e-06,37.74262116646199
50,I3,N4,0.0,0.0,5.7693270311568266e-05,99.99993670088597,99.99987900761566,6.684371771130316e-08,6.6843636835495325e-06,99.99994092055815
50,I3,N5,7.052421137186794e-05,0.00014259226814817094,7.365385970725366e-05,99.99993924388497,99.99986559002527,-3.997576034558577e-08,-3.99757066141764e-06,99.99986216485195
50,I3,N6,0.0,0.0,2.318436166236281e-05,100.0,99.99997681563833,1.0934219514348534e-07,1.0934216979319536e-05,100.0
50,I3,N7,0.0,0.0,2.0417090240471767e-05,99.99994270812395,99.99992229103371,1.0477899687242545e-07,1.0477891544975009e-05,100.0
50,I3,N8,37.61656367775004,154.56463867718494,37.6165637389954,37.616563638807975,0.0,32.940676821119645,0.0,0.0
50,I3,N9,15.939166796613431,32.75513808303019,15.924752238225919,79.51335893884655,63.58860670062063,1.4582562793081009e-07,9.272848501363321e-06,66.80635030640447
50,I4,N1,0.0,0.0,2.5506520958105576e-05,100.0,99.99997449347904,8.65952380282837e-07,8.659521594085117e-05,100.0
50,I4,N2,0.0,0.0,1.625866854092295e-05,100.0,99.99998374133146,1.0614367255367595e-06,0.00010614365529612806,100.0
50,I4,N3,43.728672199024295,89.55205092525775,45.11389183097613,81.47129336548629,36.35740153451016,3.452290208215032e-07,1.2551630131373159e-05,37.74262116646199
50,I4,N4,5.907944185647093e-05,0.0001197240573196261,5.727101092480829e-05,100.0,99.99994272898907,8.158559404226231e-07,8.158554731736783e-05,99.99994092055815
50,I4,N5,6.731093667741577e-05,0.00013616295288035522,7.01201459510198e-05,99.99992947578863,99.99985935564268,1.19080452843943e-06,0.0001190802853640054,99.99986216485195
50,I4,N6,0.0,0.0,6.491214395544758e-06,100.0,99.99999350878561,4.7136457371531845e-07,4.713645431180334e-05,100.0
50,I4,N7,0.0,0.0,1.6271916886615173e-05,100.0,99.99998372808311,1.0618141211927038e-06,0.00010618139484151925,100.0
50,I4,N8,28.784965818731223,121.470297547886,28.784965814986446,28.784965802127402,0.0,33.05897922118893,0.0,0.0
50,I4,N9,13.440610685054157,27.10857686433136,12.055400043266435,80.24696099145862,68.19156094819219,1.9353664849358934e-08,1.3197566161459446e-06,66.80635030640447
51,I1,N1,0.0,0.0,6.357411618573508e-05,100.0,99.99993642588382,9.071947908342198e-08,9.071942140931495e-06,100.0
51,I1,N2,0.0,0.0,3.820408909283602e-05,100.0,99.9999617959109,9.075662968376976e-08,9.07565950110261e-06,100.0
51,I1,N3,0.5299626733686765,1.983988136475521,0.7251894923329767,37.817054595580636,37.091865103247656,1.4379807083848663e-06,5.333738645648397e-05,36.83157091104362
51,I1,N4,0.0,0.0,6.357410972719326e-05,99.99994092055815,99.99987734644841,9.071953335701315e-08,9.07194220862835e-06,99.99993689751923
51,I1,N5,0.0,0.0,6.356240485197262e-05,99.99986216485195,99.9997986024471,9.071961959512792e-08,9.071943688803406e-06,99.99986908433016
51,I1,N6,0.0,0.0,5.969903264454727e-05,100.0,99.99994030096735,9.072247415428993e-08,9.072241999385046e-06,100.0
51,I1,N7,0.0,0.0,3.820272553144373e-05,100.0,99.99996179727447,9.075677315565539e-08,9.075673848409443e-06,100.0
51,I1,N8,14.685175335535941,69.09562590196,14.685175300191133,14.685175429425612,1.2923447911816766e-07,32.927788602818495,4.2554056085983855e-06,0.0
51,I1,N9,2.5490570118984337,9.54347599189603,2.3538216394583915,69.810956520663,67.45713488120461,-1.0582709901999556e-06,-7.138792892678437e-05,67.7173958709563
51,I2,N1,0.0,0.0,5.054295823164097e-05,100.0,99.99994945704177,9.08182002033059e-08,9.081815430110091e-06,100.0
51,I2,N2,0.0,0.0,3.565768793100895e-05,100.0,99.99996434231207,9.08191539166268e-08,9.081912153261631e-06,100.0
51,I2,N3,2.0103860098751207,6.160066339808008,1.8313353865474724,39.71526271985159,37.883927333304115,-3.654289275113524e-08,-1.3843882935327331e-06,36.83157091104362
51,I2,N4,0.0,0.0,5.054295765646065e-05,99.99994092055815,99.9998903776005,9.081825391096556e-08,9.081815435381643e-06,99.99993689751923
51,I2,N5,0.0,0.0,5.053162603991668e-05,99.99986216485195,99.9998116332259,9.081832557570123e-08,9.081815450415105e-06,99.99986908433016
51,I2,N6,0.0,0.0,4.758624695191739e-05,100.0,99.99995241375305,9.081664246465951e-08,9.081659924842775e-06,100.0
51,I2,N7,0.0,0.0,3.565752156874488e-05,100.0,99.99996434247844,9.081915452175339e-08,9.081912213789377e-06,100.0
51,I2,N8,18.913295085434612,84.01668090861075,18.91329509659783,18.91329516455727,6.7959437188847e-08,35.36047567966866,2.4030780259201943e-06,0.0
51,I2,N9,1.2270295009701295,2.8982321994477402,1.4060710023847218,68.07116550643397,66.66509450404925,4.1269246713445745e-07,2.7512182322627844e-05,67.7173958709563
51,I3,N1,0.0,0.0,6.376442926628178e-05,100.0,99.99993623557073,9.039616036451417e-08,9.039610272391843e-06,100.0
51,I3,N2,0.0,0.0,7.223344719895145e-06,100.0,99.99999277665528,9.09377142477751e-08,9.093770767903052e-06,100.0
51,I3,N3,16.047984974159675,32.99087222155283,16.057363216904346,53.730979117731906,37.673615900827556,2.4155566019219943e-07,9.100275160751742e-06,36.83157091104362
51,I3,N4,0.0,0.0,6.376243747758453e-05,99.99994092055815,99.99987715812067,9.040109261014354e-08,9.040098155974244e-06,99.99993689751923
51,I3,N5,6.579344375074779e-05,0.00013310955644065575,6.376597191312486e-05,99.99993268906333,99.99986892309141,9.039272756508491e-08,9.039260908109204e-06,99.99986908433016
51,I3,N6,0.0,0.0,6.145269994917775e-05,100.0,99.99993854730005,9.151004374441847e-08,9.150998750902586e-06,100.0
51,I3,N7,0.0,0.0,7.218652230318327e-06,100.0,99.99999278134777,9.09376006621727e-08,9.093759409770356e-06,100.0
51,I3,N8,37.61656379140898,154.56468237978336,37.61656385265513,37.61656375246088,0.0,32.94149184229552,0.0,0.0
51,I3,N9,15.917319914688282,32.700266633606994,15.907956965291788,82.78330280207729,66.8753458367855,1.3550733734014215e-07,9.062100048043964e-06,67.7173958709563
51,I4,N1,0.0,0.0,6.482662981888135e-05,100.0,99.99993517337018,-2.4055462969334033e-07,-2.40554473749881e-05,100.0
51,I4,N2,0.0,0.0,6.05480780880761e-05,100.0,99.99993945192192,-1.0105098418006423e-07,-1.0105092299563543e-05,100.0
51,I4,N3,44.580095431552905,91.03383629086585,44.94499110263659,81.41166634259653,36.46667523995994,1.8878856653811323e-07,6.884491344962943e-06,36.83157091104362
51,I4,N4,6.310248077122388e-05,0.00012773643947669384,6.4826640306118e-05,100.0,99.99993517335969,-2.4055291733823695e-07,-2.4055276139586247e-05,99.99993689751923
51,I4,N5,6.512222609540041e-05,0.00013176885747438267,6.41842072745367e-05,99.99993420655625,99.99987002234897,-2.359870326177056e-07,-2.3598672588730387e-05,99.99986908433016
51,I4,N6,0.0,0.0,2.3948004406630197e-05,100.0,99.99997605199559,1.692160446179426e-06,0.00016921600409407678,100.0
51,I4,N7,0.0,0.0,4.196201811554632e-05,100.0,99.99995803798188,2.578391920892111e-07,2.578390838946826e-05,100.0
51,I4,N8,28.78496578762047,121.4703132279592,28.78496578387947,28.7849657710085,0.0,33.06041307924299,0.0,0.0
51,I4,N9,12.58919770148685,25.626816237020826,12.224306422815147,80.30659357244315,68.082287149628,1.9384797161009364e-07,1.3197613266531332e-05,67.7173958709563
52,I1,N1,0.0,0.0,6.908840997424153e-05,100.0,99.99993091159003,8.252875208931151e-08,8.252869507150893e-06,100.0
52,I1,N2,0.0,0.0,3.6706387460144275e-05,100.0,99.99996329361254,9.105490204910277e-08,9.105486862613762e-06,100.0
52,I1,N3,1.1865099280657594,4.4421115279773264,1.467887322935938,37.3615335844123,35.89364626147636,3.2296220020804385e-07,1.1592290970095633e-05,36.80723819610127
52,I1,N4,0.0,0.0,6.908851734586859e-05,99.99993689751923,99.99986780900188,8.25286849628742e-08,8.25285758673818e-06,99.9999374400349
52,I1,N5,0.0,0.0,6.908382056670407e-05,99.99986908433016,99.9998000005096,8.252525269031686e-08,8.252508764023203e-06,99.99987302108994
52,I1,N6,0.0,0.0,6.384905503609294e-05,100.0,99.99993615094496,8.432803031272748e-08,8.432797647007699e-06,100.0
52,I1,N7,0.0,0.0,3.670518715898265e-05,100.0,99.99996329481284,9.105557043114659e-08,9.105553700902906e-06,100.0
52,I1,N8,14.685175241650347,69.09558704388822,14.68517520630405,14.685175335535945,1.2923189451896633e-07,32.92809679562667,4.255360331802739e-06,1.4210854715202004e-14
52,I1,N9,1.8924805540547842,7.0852576656268305,1.6110906435503627,70.26645288285474,68.65536223930437,6.200395807158983e-08,4.256904201675639e-06,67.74173027272667
52,I2,N1,0.0,0.0,5.054284892675602e-05,100.0,99.99994945715108,9.081803319603634e-08,9.081798729401502e-06,100.0
52,I2,N2,0.0,0.0,3.590860976458862e-05,100.0,99.99996409139024,9.081759338988563e-08,9.081756077855043e-06,100.0
52,I2,N3,2.0937465096251655,6.546672335346131,2.1294724380894707,38.18540966622166,36.05593722813219,-6.736568480203698e-07,-2.428932902552384e-05,36.80723819610127
52,I2,N4,0.0,0.0,5.05428525778709e-05,99.99993689751923,99.99988635466666,9.081809056005034e-08,9.08179873495286e-06,99.9999374400349
52,I2,N5,0.0,0.0,5.053122416103222e-05,99.99986908433016,99.999818553106,9.081815267978052e-08,9.081798789306328e-06,99.99987302108994
52,I2,N6,0.0,0.0,4.6745180140611914e-05,100.0,99.99995325481986,9.081671654871881e-08,9.081667409628106e-06,100.0
52,I2,N7,0.0,0.0,3.59430069913409e-05,100.0,99.99996405699301,9.08176244924277e-08,9.081759184984258e-06,100.0
52,I2,N8,18.913295096776796,84.01666138653862,18.913295107936147,18.913295175896934,6.796078722004495e-08,35.360289586974304,2.4031131166595317e-06,1.4210854715202004e-14
52,I2,N9,1.1436497235177763,2.511605944210045,1.1079155331810533,69.60100182977008,68.49308629658903,1.0583365549545923e-06,7.248873698933962e-05,67.74173027272667
52,I3,N1,0.0,0.0,6.36021873441373e-05,100.0,99.99993639781266,9.081823872929685e-08,9.081818096691051e-06,100.0
52,I3,N2,0.0,0.0,6.360187467571592e-05,100.0,99.99993639812533,9.08182387290126e-08,9.081818096691023e-06,100.0
52,I3,N3,15.989926069254196,32.864256540541945,15.965043681437564,52.13964813075617,36.17460444931861,2.512154727829877e-07,9.087620359473145e-06,36.80723819610127
52,I3,N4,0.0,0.0,6.360218416015684e-05,99.99993689751923,99.99987329533508,9.081829609529416e-08,9.08181810242764e-06,99.9999374400349
52,I3,N5,6.42598519738107e-05,0.00013003593290647635,6.360259835512338e-05,99.99993487777391,99.99987127517555,9.081829793180749e-08,9.081818102611292e-06,99.99987302108994
52,I3,N6,0.0,0.0,6.360139821083098e-05,100.0,99.99993639860179,9.081823872857947e-08,9.08181809669098e-06,100.0
52,I3,N7,0.0,0.0,6.360187613148479e-05,100.0,99.99993639812386,9.081823872901392e-08,9.081818096691021e-06,100.0
52,I3,N8,37.61656390507686,154.5647253773255,37.61656396631856,37.616563866120224,0.0,32.941978685394005,0.0,1.4210854715202004e-14
52,I3,N9,15.975415150956636,32.8269750030157,16.000313109357357,84.3746720209406,68.37435891158324,1.328669587917235e-07,9.084693127915843e-06,67.74173027272667
52,I4,N1,0.0,0.0,6.232723525200217e-05,100.0,99.99993767276474,9.081824768487615e-08,9.081819108037327e-06,100.0
52,I4,N2,0.0,0.0,5.977792227268391e-05,100.0,99.99994022207773,9.08218580129815e-08,9.082180372156181e-06,100.0
52,I4,N3,43.922579296953614,89.85750374117309,43.640786667839635,80.72981749305488,37.08903082521525,3.619360316639345e-07,1.342385663513975e-05,36.80723819610127
52,I4,N4,6.255996509762524e-05,0.0001266389672024384,6.232745838036868e-05,100.0,99.99993767254162,9.081824928576262e-08,9.08181926810561e-06,99.9999374400349
52,I4,N5,6.271905808674292e-05,0.00012695511564902494,6.16891289401754e-05,99.99993574014803,99.99987405101909,9.081834946610601e-08,9.081823508132039e-06,99.99987302108994
52,I4,N6,0.0,0.0,1.8341992716383462e-06,100.0,99.99999816580073,9.082244475329762e-08,9.0822443087433e-06,100.0
52,I4,N7,0.0,0.0,6.0401113511631254e-05,100.0,99.99993959888648,9.081815215766296e-08,9.081809730248779e-06,100.0
52,I4,N8,28.78496575649599,121.47032870417003,28.784965752742753,28.784965739895014,0.0,33.05762053999718,0.0,1.4210854715202004e-14
52,I4,N9,13.246724298744127,26.803174695118418,13.52852141185439,80.98845457147081,67.45993315961643,1.7752580548809017e-08,1.1975878972333629e-06,67.74173027272667
53,I1,N1,0.0,0.0,6.564575696132533e-05,100.0,99.99993435424304,9.005457832738326e-08,9.005451921037363e-06,100.0
53,I1,N2,0.0,0.0,3.068846636567283e-05,100.0,99.99996931153363,9.122274878075583e-08,9.122272078589325e-06,99.99995025011357
53,I1,N3,0.40810620377543055,1.5277540873342512,0.0745046076510038,37.99374812416703,37.919243516516026,1.6840546562676037e-05,0.0006385807860613395,39.11942609232556
53,I1,N4,0.0,0.0,6.564575361160483e-05,99.9999374400349,99.99987179428129,9.005463491829967e-08,9.005451946310773e-06,99.99993478567431
53,I1,N5,0.0,0.0,6.096662631663443e-05,99.99987302108994,99.99981205446362,9.055601040898698e-08,9.055584021300749e-06,99.99987018823246
53,I1,N6,0.0,0.0,2.630059526497897e-05,100.0,99.99997369940473,9.139182037477325e-08,9.139179633818046e-06,100.0
53,I1,N7,0.0,0.0,3.076775874726284e-05,100.0,99.99996923224126,9.122102029476078e-08,9.122099222809734e-06,99.99995025326605
53,I1,N8,14.685175147725861,69.09554560811114,14.6851751123618,14.685175241650356,1.2928855497307268e-07,32.921340546996426,4.256352547097594e-06,0.0
53,I1,N9,2.6708667263202903,9.999531221304913,3.004460800148365,69.63421082678147,66.6297500266331,-1.646532555234579e-05,-0.0010970805256599345,65.42954365196917
53,I2,N1,0.0,0.0,5.0540092738735176e-05,100.0,99.99994945990726,9.081835154258116e-08,9.081830564290206e-06,100.0
53,I2,N2,0.0,0.0,3.791942249160928e-05,100.0,99.9999620805775,9.081867186508363e-08,9.081863742716773e-06,99.99995025011357
53,I2,N3,1.7613592119091082,5.138534562455275,1.6189075128879407,39.67938843001676,38.060480917128814,2.3945044179502857e-07,9.113598970537749e-06,39.11942609232556
53,I2,N4,0.0,0.0,5.054009273867472e-05,99.9999374400349,99.99988689994215,9.081840841536472e-08,9.081830569969226e-06,99.99993478567431
53,I2,N5,0.0,0.0,5.052881618003702e-05,99.99987302108994,99.99982249227376,9.081846722857167e-08,9.081830601877549e-06,99.99987018823246
53,I2,N6,0.0,0.0,4.760152318687309e-05,100.0,99.99995239847681,9.081832055501296e-08,9.081827732410904e-06,100.0
53,I2,N7,0.0,0.0,3.7919423175436466e-05,100.0,99.99996208057682,9.0818671905219e-08,9.081863746730247e-06,99.99995025326605
53,I2,N8,18.91329510814869,84.01664855324763,18.91329511931936,18.91329518727879,6.795943008341965e-08,35.360476494767774,2.4030778300625743e-06,0.0
53,I2,N9,1.4760048505683565,3.919704796781275,1.618442762161462,68.10699382397894,66.48855106181747,1.3594992918945946e-07,9.039113808763845e-06,65.42954365196917
53,I3,N1,0.0,0.0,6.51689328176371e-05,100.0,99.99993483106718,8.236738510489868e-08,8.236733142695282e-06,100.0
53,I3,N2,4.97498864296088e-05,0.00010059004753049921,7.107126632801258e-05,100.0,99.99992892873367,4.9476368499551886e-08,4.947633333607026e-06,99.99995025011357
53,I3,N3,15.975662404914704,32.83279333300695,15.969549405912064,53.907955287361844,37.93840588144978,2.395105889247429e-07,9.086649935531967e-06,39.11942609232556
53,I3,N4,0.0,0.0,6.520917026789496e-05,99.9999374400349,99.99987223086463,8.190201625622823e-08,8.19019116107302e-06,99.99993478567431
53,I3,N5,6.490261260432259e-05,0.00013132314442204448,6.517808144597054e-05,99.99993728094191,99.99987210286046,8.219579795807466e-08,8.219569283200025e-06,99.99987018823246
53,I3,N6,0.0,0.0,6.35331422064914e-05,100.0,99.99993646685779,9.426939739584146e-08,9.426933750353116e-06,100.0
53,I3,N7,4.9746733952917066e-05,0.00010058364040017481,7.106676278988152e-05,100.0,99.99992893323721,4.9700146565494775e-08,4.9700111245209515e-06,99.99995025326605
53,I3,N8,37.616564018754794,154.56476544915247,37.61656407999799,37.616563979799054,0.0,32.94205079849046,0.0,0.0
53,I3,N9,15.98971643738459,32.85853488370106,15.995845560139426,82.60640412436723,66.6105585642278,1.3640900350076122e-07,9.08627991637541e-06,65.42954365196917
53,I4,N1,0.0,0.0,6.573626562981205e-05,100.0,99.99993426373437,-2.697907375244457e-07,-2.6979056017408984e-05,100.0
53,I4,N2,0.0,0.0,6.532734493888023e-05,99.99995025011357,99.99988492276863,-3.535778123593492e-07,-3.53577405471792e-05,99.99995025011357
53,I4,N3,42.735446087075196,87.45223264449038,42.22667471141302,81.85487217940076,39.62819746798774,2.6959092186714053e-07,1.06834022873279e-05,39.11942609232556
53,I4,N4,6.521432569291279e-05,0.00013194828530292704,6.635190880517889e-05,100.0,99.9999336480912,-3.02574265450686e-07,-3.0257406468688533e-05,99.99993478567431
53,I4,N5,6.49091549328613e-05,0.00013133761848772504,6.584776786691203e-05,99.9999350973874,99.99986924961952,-3.1726846657416253e-07,-3.172680517444353e-05,99.99987018823246
53,I4,N6,0.0,0.0,6.650782124104859e-05,100.0,99.99993349217876,-3.314910680810333e-07,-3.314908476135463e-05,100.0
53,I4,N7,0.0,0.0,6.532736736032199e-05,99.99995025326605,99.99988492589868,-3.5339388520075287e-07,-3.5339347853591534e-05,99.99995025326605
53,I4,N8,28.784965725370657,121.47034326993986,28.78496572161491,28.7849657087734,0.0,33.05687166067693,0.0,0.0
53,I4,N9,14.433868333757585,29.208472814988724,14.942644348763352,79.86341198572677,64.92076763696342,9.961967306544308e-08,6.467385647151894e-06,65.42954365196917
54,I1,N1,0.0,0.0,6.602699737149606e-05,100.0,99.99993397300263,8.966032740547842e-08,8.96602682054564e-06,100.0
54,I1,N2,0.0,0.0,2.7161371498686024e-05,99.99995025011357,99.99992308874207,9.125340886292285e-08,9.125333867877819e-06,99.9999405528247
54,I1,N3,0.14921393030358535,0.5584587073141353,0.03826009881565167,39.52753229610099,39.489272197285345,2.2627559808594126e-05,0.0008935458684419273,47.13623836110764
54,I1,N4,0.0,0.0,6.603045701320991e-05,99.99993478567431,99.9998687552173,8.965918404381863e-08,8.965906637081736e-06,99.99993642013993
54,I1,N5,0.0,0.0,6.550442875624419e-05,99.99987018823246,99.9998046838037,8.971268775304806e-08,8.971251252963875e-06,99.99987296589158
54,I1,N6,0.0,0.0,3.839896038751484e-05,100.0,99.99996160103962,9.220327325219639e-08,9.220323784709801e-06,100.0
54,I1,N7,0.0,0.0,2.7146111666455756e-05,99.99995025326605,99.99992310715439,9.12569998520853e-08,9.12569296819813e-06,99.99994055376963
54,I1,N8,14.685175053785823,69.09549962075035,14.685175018416857,14.685175147725857,1.2930900084029417e-07,32.91890309937997,4.256710468539287e-06,0.0
54,I1,N9,2.929711120759519,10.968646386399433,3.0406444326620456,68.10041037828947,65.05976594562742,-2.225873398630909e-05,-0.0014481480233952517,57.41273571712877
54,I2,N1,0.0,0.0,5.0549712953446944e-05,100.0,99.99994945028705,9.081822778232855e-08,9.081818187397511e-06,100.0
54,I2,N2,0.0,0.0,3.772133257767327e-05,99.99995025011357,99.999912528781,9.081715437292796e-08,9.081707493405596e-06,99.9999405528247
54,I2,N3,1.665559418208805,4.733939905665594,1.6245023637658178,41.139677577706514,39.515175213940694,2.153332676064757e-07,8.508931798860266e-06,47.13623836110764
54,I2,N4,0.0,0.0,5.054971295257781e-05,99.99993478567431,99.99988423596136,9.081828706862592e-08,9.081818193370899e-06,99.99993642013993
54,I2,N5,0.0,0.0,5.053969316990976e-05,99.99987018823246,99.9998196485393,9.081834570421408e-08,9.081818191200103e-06,99.99987296589158
54,I2,N6,0.0,0.0,4.7605391322945736e-05,100.0,99.99995239460868,9.081821432329397e-08,9.081817108892765e-06,100.0
54,I2,N7,0.0,0.0,3.7719062259928335e-05,99.99995025326605,99.99991253420379,9.081714274713953e-08,9.081706331320252e-06,99.99994055376963
54,I2,N8,18.913295119529014,84.01663443446482,18.913295130705563,18.913295198664997,6.795943363613333e-08,35.36047609831737,2.403077928745678e-06,0.0
54,I2,N9,1.5717653383581995,4.32422164075161,1.6128055474109895,66.6467041080983,65.03389856068732,1.5433543318580358e-07,1.0037034906125285e-05,57.41273571712877
54,I3,N1,0.0,0.0,6.360218342398958e-05,100.0,99.99993639781657,9.081823872929329e-08,9.081818096691051e-06,100.0
54,I3,N2,5.9447175297919784e-05,0.00012028086079937916,6.360315624148163e-05,100.0,99.99993639684376,9.081823873017767e-08,9.081818096691141e-06,99.9999405528247
54,I3,N3,15.971119296026766,32.82269767761504,15.969172249360506,55.449780564412414,39.48060831505191,2.301717274592747e-07,9.087319817018503e-06,47.13623836110764
54,I3,N4,0.0,0.0,6.36021835191957e-05,99.99993478567431,99.9998711834908,9.081829801515748e-08,9.081818102619626e-06,99.99993642013993
54,I3,N5,6.399290845430323e-05,0.0001294984897195334,6.360303524715209e-05,99.99993509084507,99.99987148780983,9.08182977385031e-08,9.081818102591959e-06,99.99987296589158
54,I3,N6,0.0,0.0,6.360190596330057e-05,100.0,99.99993639809404,9.081823872904085e-08,9.081818096691006e-06,100.0
54,I3,N7,5.94462303655933e-05,0.00012027893916435058,6.36031573995974e-05,100.0,99.9999363968426,9.081823873017873e-08,9.081818096691141e-06,99.99994055376963
54,I3,N8,37.61656413243217,154.56480937344674,37.61656419367962,37.61656409348129,0.0,32.94197786745444,0.0,0.0
54,I3,N9,15.994323630233644,32.86882369757045,15.996298141454668,81.0646552071247,65.06835706567003,1.3962230002663612e-07,9.08499367246327e-06,57.41273571712877
54,I4,N1,0.0,0.0,6.287798842002054e-05,100.0,99.99993712201157,9.082389970789545e-08,9.08238425996543e-06,100.0
54,I4,N2,0.0,0.0,6.0319752776308664e-05,99.9999405528247,99.99988023307192,9.082244201624303e-08,9.082233324099422e-06,99.9999405528247
54,I4,N3,35.07786899435321,71.93741456133718,31.7960502403295,82.21410735546084,50.41805711513134,2.1789135449548867e-07,1.0985658755846878e-05,47.13623836110764
54,I4,N4,6.357986006433493e-05,0.00012867474448312495,6.287937479494441e-05,100.0,99.9999371206252,9.082312556001175e-08,9.082306845099822e-06,99.99993642013993
54,I4,N5,6.304119996560223e-05,0.00012759739937049782,6.224064783677691e-05,99.99993600709155,99.99987376644371,9.08226894772336e-08,9.082257482852275e-06,99.99987296589158
54,I4,N6,0.0,0.0,5.968487548004399e-05,100.0,99.99994031512452,9.08220392110656e-08,9.082198500404458e-06,100.0
54,I4,N7,0.0,0.0,6.034700438266227e-05,99.99994055376963,99.99988020676525,9.0822606413619e-08,9.082249761428091e-06,99.99994055376963
54,I4,N8,28.784965694252996,121.47035897594044,28.78496569050398,28.784965677649765,0.0,33.05839961607831,0.0,0.0
54,I4,N9,22.091464193519865,44.72334688157933,25.37329099056084,79.50419991064864,54.1309089200878,1.3018044596078716e-07,7.046785863479782e-06,57.41273571712877
55,I1,N1,0.0,0.0,6.359252233260876e-05,100.0,99.99993640747766,9.079303022413106e-08,9.079297248655303e-06,100.0
55,I1,N2,0.0,0.0,3.56275012820281e-05,99.9999405528247,99.99990492532342,9.080773590996671e-08,9.080764957480547e-06,100.0
55,I1,N3,0.08338016226037656,0.31198163321580813,0.0551656902418585,47.28545229141122,47.23028660116936,2.2397943075827327e-05,0.0010578612707480015,53.64253822937012
55,I1,N4,0.0,0.0,6.359252348656685e-05,99.99993642013993,99.99987282761644,9.079308798784393e-08,9.079297252410983e-06,99.99993618902285
55,I1,N5,0.0,0.0,6.358160374830812e-05,99.99987296589158,99.99980938428783,9.079315795750031e-08,9.079298489147567e-06,99.99986805595435
55,I1,N6,0.0,0.0,5.41067518009829e-05,100.0,99.9999458932482,9.076652658172171e-08,9.076647747090245e-06,100.0
55,I1,N7,0.0,0.0,3.562795517612723e-05,99.99994055376963,99.99990492581446,9.08077464751169e-08,9.080766014039153e-06,100.0
55,I1,N8,14.68517495984767,69.09545304626224,14.685174924477806,14.685175053785827,1.2930802029131883e-07,32.91901989687965,4.256693292796042e-06,0.0
55,I1,N9,2.995484967315747,11.214908641825373,3.0236737586969875,60.34244683788829,57.3187730791913,-2.2047138462622374e-05,-0.0012637149265845625,50.906436944677985
55,I2,N1,0.0,0.0,5.0549704352646595e-05,100.0,99.99994945029565,9.081822768572369e-08,9.08181817773781e-06,100.0
55,I2,N2,0.0,0.0,3.7604324646513456e-05,99.9999405528247,99.99990294850005,9.081825566361574e-08,9.08181675231364e-06,100.0
55,I2,N3,1.6240924904052982,4.503023089466188,1.606320949918081,48.86763154735965,47.26131059744157,1.8959025261217507e-07,8.960283814951415e-06,53.64253822937012
55,I2,N4,0.0,0.0,5.054970435240472e-05,99.99993642013993,99.99988587043558,9.081828548569597e-08,9.081818183518234e-06,99.99993618902285
55,I2,N5,0.0,0.0,5.05396822311988e-05,99.99987296589158,99.99982242620935,9.08183431640676e-08,9.081818189449303e-06,99.99986805595435
55,I2,N6,0.0,0.0,4.760039793054922e-05,100.0,99.99995239960207,9.081822531440444e-08,9.08181820845678e-06,100.0
55,I2,N7,0.0,0.0,3.765662459435905e-05,99.99994055376963,99.99990289714503,9.081825033112774e-08,9.081816214401383e-06,100.0
55,I2,N8,18.913295130910388,84.01662123684673,18.913295142085193,18.913295210044623,6.795943008341965e-08,35.360476395502594,2.4030778233165693e-06,0.0
55,I2,N9,1.6131977143692031,4.555067966162058,1.6309544469453476,58.91872720893075,57.2877727619854,1.61270277468902e-07,9.238815008900791e-06,50.906436944677985
55,I3,N1,0.0,0.0,6.606135507225203e-05,100.0,99.99993393864493,7.802519605586825e-08,7.802514451136644e-06,100.0
55,I3,N2,0.0,0.0,2.0984048809714484e-05,100.0,99.99997901595118,1.0305672156322035e-07,1.0305669993774758e-05,100.0
55,I3,N3,15.973896849523177,32.82740801068225,15.975087229593067,63.21465835298112,47.23957112338805,1.9221284447209796e-07,9.080052337268398e-06,53.64253822937012
55,I3,N4,0.0,0.0,6.789784150095414e-05,99.99993642013993,99.99986852229843,6.471535402538697e-08,6.471526893912694e-06,99.99993618902285
55,I3,N5,6.825914729527968e-05,0.0001380433440074406,7.008753536998387e-05,99.99993695880003,99.99986687126467,5.5761745175485574e-08,5.5761670940579425e-06,99.99986805595435
55,I3,N6,0.0,0.0,2.5971178025133154e-05,100.0,99.99997402882198,1.1043565784198075e-07,1.1043562916053945e-05,100.0
55,I3,N7,0.0,0.0,2.0981630110433196e-05,100.0,99.99997901836988,1.0305335288033956e-07,1.0305333125806624e-05,100.0
55,I3,N8,37.61656424611059,154.5648534180948,37.61656430735414,37.616564207158454,0.0,32.94166163049729,0.0,0.0
55,I3,N9,15.99161824215481,32.86433232598694,15.990458790121023,73.29985312479519,57.30939433467417,1.5867420959824627e-07,9.093522848608636e-06,50.906436944677985
55,I4,N1,0.0,0.0,6.013875983739365e-05,100.0,99.99993986124016,1.9236443567348162e-07,1.9236431998789565e-05,100.0
55,I4,N2,0.0,0.0,6.397642897162231e-05,100.0,99.99993602357102,4.532314233038088e-08,4.532311333425292e-06,100.0
55,I4,N3,28.676092268441028,58.15428402337528,25.932473671621523,82.31863049781114,56.38615682618962,-4.572778242163509e-06,-0.0002578413910940193,53.64253822937012
55,I4,N4,6.381097715981891e-05,0.00012913621312310986,6.391002734359775e-05,100.0,99.99993608997265,4.8868239390751735e-08,4.886820815904658e-06,99.99993618902285
55,I4,N5,6.368489835885979e-05,0.00012888406424501866,6.396076909882733e-05,99.9999317408527,99.9998677800836,4.80171027593941e-08,4.801703927122098e-06,99.99986805595435
55,I4,N6,0.0,0.0,6.396079825507962e-05,100.0,99.99993603920174,4.802015597792805e-08,4.802012526385296e-06,100.0
55,I4,N7,0.0,0.0,6.397628780623446e-05,100.0,99.9999360237122,4.535132518794422e-08,4.535129617384989e-06,100.0
55,I4,N8,28.784965663131345,121.4703746968228,28.784965659377285,28.784965646533905,0.0,33.05709668666496,0.0,0.0
55,I4,N9,28.493262131482254,58.50654120874708,31.23688981918042,79.39969907616023,48.16280925697981,4.922482095864524e-06,0.0002370805662540213,50.906436944677985
56,I1,N1,0.0,0.0,6.361734835069918e-05,100.0,99.99993638265165,9.065996618101768e-08,9.065990850555119e-06,100.0
56,I1,N2,0.0,0.0,2.7085230064242812e-05,100.0,99.99997291476994,9.080534170176614e-08,9.080531710693044e-06,100.0
56,I1,N3,0.0251250018330033,0.0938189600070795,0.00015850450698617967,53.72591839163049,53.72575988712351,1.582961088703391e-07,8.5045787362338e-06,53.62989414249487
56,I1,N4,0.0,0.0,6.361735044987382e-05,99.99993618902285,99.9998725716724,9.066002418275095e-08,9.065990865619832e-06,99.99993588832368
56,I1,N5,0.0,0.0,6.36054360734488e-05,99.99986805595435,99.99980445051828,9.066015459236024e-08,9.065997730689781e-06,99.99987095366174
56,I1,N6,0.0,0.0,1.5070892181830357e-05,100.0,99.99998492910782,9.08152321976517e-08,9.081521851098597e-06,100.0
56,I1,N7,0.0,0.0,2.709238373330252e-05,100.0,99.99997290761627,9.080534843405557e-08,9.080532383272212e-06,100.0
56,I1,N8,14.685174865963944,69.09541286557769,14.685174830619282,14.685174959847672,1.292283897669222e-07,32.92851512508421,4.255298987030375e-06,0.0
56,I1,N9,3.0537302234644077,11.43300207956356,3.0786924760995484,53.90192191199373,50.823229435894184,1.8940496928200113e-07,9.626172210117633e-06,50.91907506222785
56,I2,N1,0.0,0.0,5.0539687014952745e-05,100.0,99.99994946031299,9.081838281552184e-08,9.08183369161954e-06,100.0
56,I2,N2,0.0,0.0,3.790287270691092e-05,100.0,99.9999620971273,9.081890227086291e-08,9.081886784788999e-06,100.0
56,I2,N3,1.6202684460212904,4.520604583171692,1.6186295698567155,55.32488588020279,53.70625631034608,1.6883938764739887e-07,9.067731428273083e-06,53.62989414249487
56,I2,N4,0.0,0.0,5.0539687013632e-05,99.99993618902285,99.99988564933584,9.081844082572228e-08,9.081833697423202e-06,99.99993588832368
56,I2,N5,0.0,0.0,5.052839884798008e-05,99.99986805595435,99.9998175275555,9.081850309393657e-08,9.081833737519392e-06,99.99987095366174
56,I2,N6,0.0,0.0,4.76017361787156e-05,100.0,99.99995239826382,9.08181292183347e-08,9.081808598732842e-06,100.0
56,I2,N7,0.0,0.0,3.790276406368073e-05,100.0,99.99996209723594,9.0818900260568e-08,9.081886583769451e-06,100.0
56,I2,N8,18.91329514225106,84.01660898480357,18.913295153410832,18.913295221370262,6.795943008341965e-08,35.360476374477905,2.4030778218877433e-06,0.0
56,I2,N9,1.6169904369439656,4.537442311781859,1.6186158894760068,52.461389402898526,50.84277351342252,1.7905338941491008e-07,9.103570924832918e-06,50.91907506222785
56,I3,N1,0.0,0.0,6.360263043829034e-05,100.0,99.99993639736957,9.081823892242093e-08,9.081818115963206e-06,100.0
56,I3,N2,0.0,0.0,1.6916724961574253e-06,100.0,99.9999983083275,9.081906333751628e-08,9.081906180115517e-06,100.0
56,I3,N3,15.993617955492736,32.87930576233712,16.00206985805112,69.67851428370469,53.67644442565357,1.6896720792468707e-07,9.069558945927317e-06,53.62989414249487
56,I3,N4,0.0,0.0,6.360263091500315e-05,99.99993618902285,99.99987258639193,9.081829678287908e-08,9.081818106801037e-06,99.99993588832368
56,I3,N5,6.499974915347495e-05,0.00013151644132428783,6.360286423555864e-05,99.99993631510164,99.9998727122374,9.081829668318114e-08,9.081818108260325e-06,99.99987095366174
56,I3,N6,0.0,0.0,5.932210327405829e-06,100.0,99.99999406778967,9.074679063020309e-08,9.07467852469126e-06,100.0
56,I3,N7,0.0,0.0,1.6914897204055757e-06,100.0,99.99999830851029,9.081906308383134e-08,9.081906154763623e-06,100.0
56,I3,N8,37.616564359773,154.56489235450914,37.61656442101448,37.61656432082016,0.0,32.94149866209241,0.0,0.0
56,I3,N9,15.971933815282462,32.81253376264084,15.963497632337171,66.83601720810938,50.87251957577221,1.7891574661226164e-07,9.10189482194618e-06,50.91907506222785
56,I4,N1,0.0,0.0,6.422581360323546e-05,100.0,99.9999357741864,-3.0746466446179197e-08,-3.074644669901097e-06,100.0
56,I4,N2,0.0,0.0,6.349231630049404e-05,100.0,99.9999365076837,-1.7971961946474084e-08,-1.797195053565916e-06,100.0
56,I4,N3,28.731094454158104,58.51645363235148,28.75466681946542,82.36098859665297,53.60632177718755,1.704575591857498e-07,9.137602767065296e-06,53.62989414249487
56,I4,N4,6.41116763298871e-05,0.00012973789782439563,6.424054740277345e-05,100.0,99.9999357594526,-3.03770856942998e-08,-3.037706617989367e-06,99.99993588832368
56,I4,N5,6.40465891081917e-05,0.00012960774656452505,6.420159942933395e-05,99.99993500025084,99.99987079865141,-3.022281194434841e-08,-3.02227728960678e-06,99.99987095366174
56,I4,N6,0.0,0.0,6.458029743119547e-05,100.0,99.99993541970257,-3.147327755738071e-08,-3.1473257231844454e-06,100.0
56,I4,N7,0.0,0.0,6.347186730596625e-05,100.0,99.9999365281327,-2.41303056406331e-08,-2.4130290324677522e-06,100.0
56,I4,N8,28.784965632011996,121.4703888645329,28.78496562826259,28.784965615408197,0.0,33.05842065488469,0.0,0.0
56,I4,N9,28.43827046208132,58.144399298998025,28.414702603766635,79.35734552430917,50.94264292054253,1.7740555412459896e-07,9.037507795890426e-06,50.91907506222785
57,I1,N1,0.0,0.0,6.405863885785654e-05,100.0,99.99993594136114,9.072251562443749e-08,9.072245750882884e-06,100.0
57,I1,N2,0.0,0.0,3.960444793860661e-05,100.0,99.99996039555207,9.071705564176143e-08,9.071701971377236e-06,100.0
57,I1,N3,0.23504426503442225,0.8797882431993271,0.3250096635493161,53.655019144327866,53.33000948077855,3.5576817242052298e-06,0.00018973120008145748,53.471340361471
57,I1,N4,0.0,0.0,6.40589012078977e-05,99.99993588832368,99.99987182942247,9.072278906032066e-08,9.072267278039797e-06,99.99993753653692
57,I1,N5,0.0,0.0,6.276805064327264e-05,99.99987095366174,99.9998081856111,9.099081079766659e-08,9.09906362641989e-06,99.99987267845663
57,I1,N6,0.0,0.0,5.6233198428897664e-05,100.0,99.99994376680156,9.105713273572408e-08,9.105708153138593e-06,100.0
57,I1,N7,0.0,0.0,3.955494938039747e-05,100.0,99.99996044505062,9.071881390513041e-08,9.071877802134949e-06,100.0
57,I1,N8,14.685174772072973,69.0953681341147,14.685174736722706,14.685174865963944,1.2924123815594157e-07,32.926982991331286,4.255524050539284e-06,0.0
57,I1,N9,2.843780276714308,10.646930104538008,2.7538017281071223,53.97280528569225,51.21900355758513,-3.209778618085991e-06,-0.00016440166245880708,51.077628574687736
57,I2,N1,0.0,0.0,5.0621546909314727e-05,100.0,99.9999493784531,9.083062587620213e-08,9.083057989633424e-06,100.0
57,I2,N2,0.0,0.0,3.550328466993068e-05,100.0,99.99996449671534,9.083013801083307e-08,9.083010576315061e-06,100.0
57,I2,N3,0.9654504670092918,2.3724210771725023,0.6848141902898639,55.04024332531474,54.35542913502488,2.808684948048388e-06,0.0001526672756562552,53.471340361471
57,I2,N4,0.0,0.0,5.062152886779303e-05,99.99993588832368,99.9998852667948,9.083068511514032e-08,9.083058090218399e-06,99.99993753653692
57,I2,N5,0.0,0.0,5.0611305511301316e-05,99.99987095366174,99.99982034235623,9.083071692262678e-08,9.083055373830093e-06,99.99987267845663
57,I2,N6,0.0,0.0,3.097714297745689e-05,100.0,99.99996902285702,9.08874609786512e-08,9.088743282431246e-06,100.0
57,I2,N7,0.0,0.0,3.55031730457433e-05,100.0,99.99996449682695,9.083013796184112e-08,9.083010571426006e-06,100.0
57,I2,N8,18.913295153597097,84.0165966524151,18.913295164755954,18.913295232719918,6.79639633460738e-08,35.35985308601013,2.403195759060147e-06,0.0
57,I2,N9,2.2717928406223313,6.685602522568626,2.5524224421987736,52.74601544592191,50.19359300372314,-2.460524399863578e-06,-0.00012350256030248258,51.077628574687736
57,I3,N1,0.0,0.0,6.360334156400277e-05,100.0,99.99993639665844,9.081644499357302e-08,9.081638723127931e-06,100.0
57,I3,N2,0.0,0.0,1.866913018996316e-06,100.0,99.99999813308698,9.081766165491936e-08,9.081765995943261e-06,100.0
57,I3,N3,16.010007154876156,32.93639342806641,16.01703109746905,70.06841081379818,54.05137971632913,1.740335631546508e-07,9.406754205457777e-06,53.471340361471
57,I3,N4,0.0,0.0,6.360337778509983e-05,99.99993588832368,99.9998722849459,9.081641309255252e-08,9.08162971063214e-06,99.99993753653692
57,I3,N5,6.402246080400839e-05,0.00012955943308067704,6.360362293995128e-05,99.9999359534109,99.99987234978796,9.08163753055081e-08,9.081625937821247e-06,99.99987267845663
57,I3,N6,0.0,0.0,1.0920420753750631e-05,100.0,99.99998907957925,9.076377298521222e-08,9.076376307342633e-06,100.0
57,I3,N7,0.0,0.0,1.8669088970957086e-06,100.0,99.9999981330911,9.081766164987019e-08,9.081765995438718e-06,100.0
57,I3,N8,37.61656447344332,154.56493403070917,37.6165645346818,37.61656443448844,0.0,32.94138479270642,0.0,0.0
57,I3,N9,15.955580780261137,32.75554289688446,15.948572336680568,66.44615642058204,50.49758408390147,1.7400136995412974e-07,8.786648809972714e-06,51.077628574687736
57,I4,N1,0.0,0.0,3.4795921648208884e-05,100.0,99.99996520407835,9.938610542832833e-07,9.938607084601695e-05,100.0
57,I4,N2,0.0,0.0,1.795184252851292e-05,100.0,99.99998204815748,1.270305182411791e-06,0.00012703049543686052,100.0
57,I4,N3,29.318157751609128,58.95874789399949,29.569756307659564,82.78949811308013,53.21974180542057,-7.141839922331729e-06,-0.0003800868766821395,53.471340361471
57,I4,N4,6.246346307672103e-05,0.0001264436138323379,6.175708596822127e-05,100.0,99.99993824291403,-1.5919440677060475e-07,-1.591943084567781e-05,99.99993753653692
57,I4,N5,6.32990825752806e-05,0.00012812845969290302,6.297872263260441e-05,99.9999359775392,99.99987299881656,5.537233818967969e-07,5.537226786615489e-05,99.99987267845663
57,I4,N6,0.0,0.0,1.994769598924573e-06,100.0,99.9999980052304,9.224543640688577e-08,9.224543456680184e-06,100.0
57,I4,N7,0.0,0.0,2.7033862166453905e-05,100.0,99.99997296613783,-7.700243833733305e-07,-7.700241752060001e-05,100.0
57,I4,N8,28.78496560088662,121.47040388619558,28.78496559712974,28.784965584291285,0.0,33.05650494843102,0.0,0.0
57,I4,N9,27.85121752771449,57.70213206804177,27.599623412985846,78.92884610240222,51.32922268941637,7.281602087529092e-06,0.00037375897508649985,51.077628574687736
58,I1,N1,0.0,0.0,6.849673825405697e-05,100.0,99.99993150326175,8.940358756861884e-08,8.940352633007747e-06,100.0
58,I1,N2,0.0,0.0,4.1940794643497103e-05,100.0,99.99995805920535,8.98887146056042e-08,8.9888676905563e-06,100.0
58,I1,N3,0.4453780715307255,1.6672850612169519,0.5355211314577126,53.706384626505425,53.17086349504771,2.7150367517532667e-06,0.00014436084851151068,53.314423870646316
58,I1,N4,0.0,0.0,6.849517412362986e-05,99.99993753653692,99.9998690413628,8.940435830003686e-08,8.940424121730763e-06,99.99993673177491
58,I1,N5,0.0,0.0,6.849771808008018e-05,99.99987267845663,99.99980418073855,8.940106537662288e-08,8.940089031211693e-06,99.99987274596823
58,I1,N6,0.0,0.0,6.197764940649438e-05,100.0,99.99993802235059,9.064927559538557e-08,9.064921941309535e-06,100.0
58,I1,N7,0.0,0.0,4.188849084431803e-05,100.0,99.99995811150916,8.988489619609638e-08,8.988485854466987e-06,100.0
58,I1,N8,14.685174678199653,69.09532475392989,14.685174642833669,14.685174772072969,1.292393001506298e-07,32.927214063467794,4.255490101472553e-06,0.0
58,I1,N9,2.6334226510022436,9.859325895785773,2.54326938283993,53.92140885140204,51.37813946856211,-2.36123726067511e-06,-0.00012131597729733135,51.23454403443999
58,I2,N1,0.0,0.0,5.054134209126456e-05,100.0,99.99994945865791,9.0818227102257e-08,9.081818120150615e-06,100.0
58,I2,N2,0.0,0.0,3.6190678444207556e-05,100.0,99.99996380932156,9.081841841266334e-08,9.081838554486157e-06,100.0
58,I2,N3,1.413955962369664,3.8129251666369175,1.606172603238395,54.22645702198399,52.6202844187456,1.7856785123497428e-07,9.3962911200286e-06,53.314423870646316
58,I2,N4,0.0,0.0,5.054134053996015e-05,99.99993753653692,99.99988699519638,9.081828388759806e-08,9.08181812585747e-06,99.99993673177491
58,I2,N5,0.0,0.0,5.0530230351218385e-05,99.99987267845663,99.99982214822627,9.081834281927377e-08,9.08181812972402e-06,99.99987274596823
58,I2,N6,0.0,0.0,4.760533488139171e-05,100.0,99.99995239466512,9.081799763734768e-08,9.081795440313577e-06,100.0
58,I2,N7,0.0,0.0,3.61906781400324e-05,100.0,99.99996380932186,9.081841841267696e-08,9.081838554487546e-06,100.0
58,I2,N8,18.913295164966392,84.01658630663502,18.913295176105233,18.9132952440646,6.795936613457343e-08,35.36048515608641,2.4030761574186254e-06,0.0
58,I2,N9,1.8232651770176995,5.245077039871459,1.6310390354728572,53.55977904102213,51.92874000554927,1.6907907183661518e-07,8.780063161783177e-06,51.23454403443999
58,I3,N1,0.0,0.0,6.361173198722054e-05,100.0,99.99993638826801,9.079565803815196e-08,9.079560028146132e-06,100.0
58,I3,N2,0.0,0.0,4.1884444006991805e-05,100.0,99.999958115556,9.02617551378674e-08,9.02617173322331e-06,100.0
58,I3,N3,16.02142090972091,32.909962990279524,16.026312518940088,68.82250821449048,52.796195695550395,1.6689992236562998e-07,8.81168096278797e-06,53.314423870646316
58,I3,N4,0.0,0.0,6.361173129840337e-05,99.99993753653692,99.99987392480563,9.079571145983016e-08,9.079559698896046e-06,99.99993673177491
58,I3,N5,6.373507774471098e-05,0.00012898394165154075,6.361191357644065e-05,99.99993670091743,99.99987308900386,9.079572161661835e-08,9.07956063868636e-06,99.99987274596823
58,I3,N6,0.0,0.0,6.360993631158358e-05,100.0,99.9999363900637,9.080600950462955e-08,9.080595174298475e-06,100.0
58,I3,N7,0.0,0.0,4.232213386926162e-05,100.0,99.99995767786613,9.314795704164031e-08,9.314791761943724e-06,100.0
58,I3,N8,37.61656458715553,154.56497363894647,37.616564648352316,37.616564548155125,0.0,32.941841692970144,0.0,0.0
58,I3,N9,15.944203537924821,32.782071541959496,15.939327576923542,67.69209464426557,51.75276706734202,1.8076719973949206e-07,9.355202781533621e-06,51.23454403443999
58,I4,N1,0.0,0.0,6.361314046498893e-05,100.0,99.99993638685953,9.081007231032282e-08,9.081001454318396e-06,100.0
58,I4,N2,0.0,0.0,6.361322108711138e-05,100.0,99.99993638677891,9.081005506428601e-08,9.080999729708492e-06,100.0
58,I4,N3,28.804821185732386,58.53408754806918,28.58481980035664,82.1192450563787,53.53442525602206,1.732721318965554e-07,9.276023993967741e-06,53.314423870646316
58,I4,N4,6.326822508827486e-05,0.00012805089913340678,6.36131230932265e-05,100.0,99.99993638687691,9.081008128440029e-08,9.08100235172715e-06,99.99993673177491
58,I4,N5,6.351895402690737e-05,0.00012855643923190147,6.361318464903314e-05,99.99993626492225,99.9998726517376,9.081011742628933e-08,9.08100017811827e-06,99.99987274596823
58,I4,N6,0.0,0.0,6.36130410057308e-05,100.0,99.99993638695899,9.081005700524394e-08,9.080999923820515e-06,100.0
58,I4,N7,0.0,0.0,6.360983452887556e-05,100.0,99.99993639016547,9.081485079558539e-08,9.081479302840908e-06,100.0
58,I4,N8,28.78496556967843,121.47041827156352,28.78496556584042,28.784965553162124,0.0,33.03726037385824,0.0,0.0
58,I4,N9,28.364564599615242,58.12681998137218,28.584570487572705,79.59910863405523,51.01453814648252,1.7456260314229525e-07,8.90523057695191e-06,51.23454403443999
59,I1,N1,0.0,0.0,6.610887709666518e-05,100.0,99.99993389112291,8.980196691843938e-08,8.980190755136744e-06,100.0
59,I1,N2,0.0,0.0,2.035167411437393e-05,100.0,99.99997964832589,9.112485575747731e-08,9.112483721204363e-06,100.0
59,I1,N3,0.13384721688286375,0.5006640900723563,0.00033399346235152565,53.75980194217704,53.75946794871469,1.8380758595630695e-07,9.881398025948705e-06,55.443204229830236
59,I1,N4,0.0,0.0,6.601367843586294e-05,99.99993673177491,99.99987071809647,8.984940073483784e-08,8.984928457582227e-06,99.99993780283444
59,I1,N5,0.0,0.0,6.357180239779416e-05,99.99987274596823,99.99980917416583,9.069809491361387e-08,9.069792183821768e-06,99.99987438386054
59,I1,N6,0.0,0.0,1.1315474322172631e-05,100.0,99.99998868452568,9.090100038521026e-08,9.09009900993309e-06,100.0
59,I1,N7,0.0,0.0,2.0353211284638145e-05,100.0,99.99997964678872,9.112489034544995e-08,9.112487179860849e-06,100.0
59,I1,N8,14.685174584316178,69.09528448837584,14.685174548971089,14.685174678199644,1.2922855496810826e-07,32.928495847560214,4.255301935653559e-06,0.0
59,I1,N9,2.9449803597167996,11.02588734434807,3.078505092023038,53.867966685442234,50.7894615934192,1.691236341545805e-07,8.589698321433545e-06,49.105754730605206
59,I2,N1,0.0,0.0,5.0562891032616554e-05,100.0,99.99994943710897,9.08133461346139e-08,9.081330021676065e-06,100.0
59,I2,N2,0.0,0.0,3.5640911741706084e-05,100.0,99.99996435908825,9.081492772862434e-08,9.08148953613561e-06,100.0
59,I2,N3,1.556833146786909,4.312732481341814,1.618066225822871,55.03991068766384,53.42184446184097,1.711087150812596e-07,9.140943163136513e-06,55.443204229830236
59,I2,N4,0.0,0.0,5.056289307417881e-05,99.99993673177491,99.99988616888183,9.081340365038172e-08,9.081330027646889e-06,99.99993780283444
59,I2,N5,0.0,0.0,5.055159819937918e-05,99.99987274596823,99.99982219437004,9.08134607087617e-08,9.081329923731579e-06,99.99987438386054
59,I2,N6,0.0,0.0,3.409237769488867e-05,100.0,99.99996590762231,9.08398625211678e-08,9.083983155169878e-06,100.0
59,I2,N7,0.0,0.0,3.564145319981655e-05,100.0,99.9999643585468,9.081495236516588e-08,9.081491999739714e-06,100.0
59,I2,N8,18.91329517630778,84.0165739110512,18.91329518746718,18.913295255426377,6.795919560431685e-08,35.36050871441867,2.403071728391329e-06,0.0
59,I2,N9,1.6803363793541597,4.745217100154325,1.6190811803554999,52.746251502743135,51.127170322387634,1.7669783903716763e-07,9.034060512051104e-06,49.105754730605206
59,I3,N1,0.0,0.0,2.934786363359857e-06,100.0,99.99999706521363,9.081610703929299e-08,9.081610437403427e-06,100.0
59,I3,N2,0.0,0.0,1.155735649351089e-06,100.0,99.99999884426435,9.081788114875997e-08,9.081788009914535e-06,100.0
59,I3,N3,16.021046572763698,32.92512253782682,16.020886142639178,69.50449845059784,53.48361230795866,1.7506617484134632e-07,9.363171423451873e-06,55.443204229830236
59,I3,N4,0.0,0.0,2.8876546567828585e-06,99.99993673177491,99.99993384412025,9.081580812613e-08,9.081574804613317e-06,99.99993780283444
59,I3,N5,6.291146052487642e-05,0.00012733663269213114,6.255848171637589e-05,99.99993648104598,99.99987392256426,9.07275714362156e-08,9.072745704922003e-06,99.99987438386054
59,I3,N6,0.0,0.0,1.3710880395248388e-06,100.0,99.99999862891197,9.081755747956334e-08,9.081755623437468e-06,100.0
59,I3,N7,0.0,0.0,1.1556798233679308e-06,100.0,99.99999884432017,9.08178811159208e-08,9.081788006635687e-06,100.0
59,I3,N8,37.616564700816404,154.56501237232595,37.616564762055866,37.61656466186497,0.0,32.941089786739454,0.0,0.0
59,I3,N9,15.944604190205071,32.76700272697619,15.94477589832518,67.0101186613138,51.06534276298862,1.7275183161688793e-07,8.821631494450477e-06,49.105754730605206
59,I4,N1,0.0,0.0,6.235315542765201e-05,100.0,99.99993764684457,8.749053218385412e-08,8.749047763074661e-06,100.0
59,I4,N2,0.0,0.0,5.8644601923768366e-05,100.0,99.99994135539808,8.926847552532717e-08,8.926842317418504e-06,100.0
59,I4,N3,26.845068833736292,54.56144477844022,26.005174968595114,82.28827306356652,56.28309809497141,1.525840382310736e-07,8.587902391486384e-06,55.443204229830236
59,I4,N4,6.219716556129166e-05,0.00012590836022042845,6.173814004972743e-05,100.0,99.99993826185995,8.71979663452104e-08,8.719791251080782e-06,99.99993780283444
59,I4,N5,6.270467893747532e-05,0.00012692453538967806,6.23557038991473e-05,99.99993708853947,99.99987473283556,8.708482239214862e-08,8.708471330346096e-06,99.99987438386054
59,I4,N6,0.0,0.0,1.1337378805267097e-06,100.0,99.99999886626212,9.081554441856247e-08,9.081554338895223e-06,100.0
59,I4,N7,0.0,0.0,5.8519684689827594e-05,100.0,99.99994148031531,8.763894652614067e-08,8.76388952401055e-06,100.0
59,I4,N8,28.78496553855964,121.47043235951716,28.78496553480943,28.78496552195763,0.0,33.0581088991812,0.0,0.0
59,I4,N9,30.324324340118764,62.09948787324308,31.16422137176313,79.43007907072396,48.26585769896083,1.9709945948221724e-07,9.513174463910793e-06,49.105754730605206
60,I1,N1,0.0,0.0,6.354567604285187e-05,100.0,99.99993645432396,9.081823955312572e-08,9.081818184206141e-06,100.0
60,I1,N2,0.0,0.0,3.726051280503102e-05,100.0,99.99996273948719,9.081829996617815e-08,9.081826612681385e-06,100.0
60,I1,N3,1.0645834793268196,3.985487984972289,1.463470448945658,55.5770514467131,54.11358099776744,2.5005183953703196e-07,1.3531200472427925e-05,54.997379693366355
60,I1,N4,0.0,0.0,6.354579888291325e-05,99.99993780283444,99.99987425703556,9.081829608926655e-08,9.081818189164879e-06,99.99993556151801
60,I1,N5,0.0,0.0,6.353458535277618e-05,99.99987438386054,99.99981084927519,9.081835366952664e-08,9.081818188595241e-06,99.99987197292572
60,I1,N6,0.0,0.0,5.980603218345558e-05,100.0,99.99994019396782,9.081822991190553e-08,9.081817559712571e-06,100.0
60,I1,N7,0.0,0.0,3.726054808486667e-05,100.0,99.99996273945192,9.081829996828848e-08,9.081826612889215e-06,100.0
60,I1,N8,14.685174490430636,69.09524177105766,14.685174455084235,14.685174584316172,1.2923193715153047e-07,32.92809267095858,4.25536120257309e-06,0.0
60,I1,N9,2.0142026527482644,7.540966466853966,1.6152979211903207,52.05073509032201,50.43543716913169,9.801153174288111e-08,4.943254451068437e-06,49.55158912203626
60,I2,N1,0.0,0.0,5.054112030720578e-05,100.0,99.9999494588797,9.081815763947664e-08,9.081811173896233e-06,100.0
60,I2,N2,0.0,0.0,3.692679757056055e-05,100.0,99.99996307320242,9.081810428060418e-08,9.081807074438666e-06,100.0
60,I2,N3,1.600045699507064,4.464006702215283,1.618565364958559,56.06930111417319,54.45073574921464,1.6685992692903566e-07,9.085645788346184e-06,54.997379693366355
60,I2,N4,0.0,0.0,5.0541120306974164e-05,99.99993780283444,99.99988726171414,9.081821418245071e-08,9.08181117955528e-06,99.99993556151801
60,I2,N5,0.0,0.0,5.052988919891489e-05,99.99987438386054,99.99982385397135,9.081827176514464e-08,9.081811179236563e-06,99.99987197292572
60,I2,N6,0.0,0.0,4.760198638430058e-05,100.0,99.99995239801362,9.081814981649578e-08,9.081810658525247e-06,100.0
60,I2,N7,0.0,0.0,3.69243424153194e-05,100.0,99.99996307565759,9.08181040131193e-08,9.08180704791316e-06,100.0
60,I2,N8,18.913295187651013,84.01656289773955,18.913295198810648,18.913295266770135,6.795948692683851e-08,35.360468586423266,2.403079302625916e-06,0.0
60,I2,N9,1.6371041761694969,4.593912155438525,1.6185760890903556,51.7168688169279,50.098292727837546,1.8137644463493978e-07,9.086650217255634e-06,49.55158912203626
60,I3,N1,0.0,0.0,2.0667774475928136e-05,100.0,99.99997933222552,8.864164494310353e-08,8.864162662284826e-06,100.0
60,I3,N2,0.0,0.0,1.4632464957767095e-06,100.0,99.99999853675351,9.081778456527039e-08,9.081778323638235e-06,100.0
60,I3,N3,16.02673207418902,32.96670516998917,16.029168717657015,70.49030198742983,54.461133269772816,1.6900163492945607e-07,9.2040205627026e-06,54.997379693366355
60,I3,N4,0.0,0.0,1.069804934589705e-05,99.99993780283444,99.99992710478509,9.11567425961542e-08,9.115667614725077e-06,99.99993556151801
60,I3,N5,6.342210683421372e-05,0.0001283577768585603,6.364095525250113e-05,99.99993729532106,99.99987365436581,9.07119686060235e-08,9.071185399541148e-06,99.99987197292572
60,I3,N6,0.0,0.0,1.8162901545493082e-06,100.0,99.99999818370985,9.081783282107439e-08,9.081783117155904e-06,100.0
60,I3,N7,0.0,0.0,1.4632429701207819e-06,100.0,99.99999853675703,9.081778461386568e-08,9.081778328498084e-06,100.0
60,I3,N8,37.61656481447898,154.56505168770548,37.616564875718076,37.616564775526754,0.0,32.94114124394531,0.0,0.0
60,I3,N9,15.93895848728378,32.7255225821137,15.936538900317514,66.02436883096348,50.08782993064597,1.792406721962835e-07,8.977776305622112e-06,49.55158912203626
60,I4,N1,0.0,0.0,6.541134642688604e-05,100.0,99.99993458865357,1.2658675258541714e-06,0.00012658666978331788,100.0
60,I4,N2,0.0,0.0,6.245995367921246e-05,100.0,99.99993754004632,1.1867897030453544e-06,0.00011867889617770556,100.0
60,I4,N3,26.31125905361074,53.34313718699865,26.08248343355693,81.3086387469771,55.226155313420165,1.3518020717134455e-07,7.465483116544989e-06,54.997379693366355
60,I4,N4,6.443848199170943e-05,0.00013043593188862145,6.539904617617417e-05,100.0,99.99993460095382,1.2634925086964504e-06,0.00012634916823844013,99.99993556151801
60,I4,N5,6.460496745342584e-05,0.00013072209486479495,6.541937681740462e-05,99.99993657789317,99.99987115851634,1.1059664618692045e-06,0.00011059650369256062,99.99987197292572
60,I4,N6,0.0,0.0,6.104070962367816e-05,100.0,99.99993895929038,1.173970091707111e-06,0.00011739693751074364,100.0
60,I4,N7,0.0,0.0,6.2030188963346e-05,100.0,99.99993796981104,9.995362784829517e-07,9.995356584687096e-05,100.0
60,I4,N8,28.784965507439374,121.47044665681334,28.7849655036877,28.78496549083883,0.0,33.05775714349074,0.0,0.0
60,I4,N9,30.858145561762196,63.31782410285821,31.086926085323668,80.40973468379846,49.32280859847479,2.1572365204385115e-07,1.0640096399922846e-05,49.55158912203626
