node,x_power_mw,x_energy_mwh,energy_power_ratio_h
N1,5.602544844665114e-07,1.7507591909512549e-06,3.1249356131765236
N2,5.062035458696608e-07,1.6350094582651355e-06,3.22994469636948
N3,4.6826946272390994e-07,1.5502365165535023e-06,3.3105650484569744
N4,7.508616208443003e-07,2.0824804315422568e-06,2.7734543539469074
N5,5.036424716460484e-07,1.6291851292559943e-06,3.2348048883394385
N6,3.696685839210273e-07,1.3408499061651345e-06,3.627167588716659
N7,3.759869924577139e-07,1.3141665730802664e-06,3.495244780916368
N8,63.84724542113243,239.94139208747143,3.758053938033396
N9,4.597390082381831e-07,1.531301712044974e-06,3.3308065763513204
