{
  "model": "Single Investor Primal-Dual MPEC",
  "investor": "I3",
  "wacc": 0.08,
  "solver_status": "ok",
  "termination": "optimal",
  "profit_eur_per_day": 403786.53977519245,
  "spot_revenue_eur_per_day": 2744.7656707025417,
  "degradation_cost_eur_per_day": 3606.996076274808,
  "capex_daily_eur_per_day": 1577.6515439082377,
  "lower_level_primal_objective_eur_per_day": 418503.94644681213,
  "lower_level_dual_objective_eur_per_day": 418503.9353102874,
  "strong_duality_gap": 0.011136524728499353,
  "total_power_mw": 63.8472494157586,
  "total_energy_mwh": 239.94140492146033,
  "total_charge_mwh": 256.34765472682636,
  "total_discharge_mwh": 224.585155443148,
  "total_storage_throughput_mwh": 480.93281016997435,
  "total_load_shed_mwh": 0.0,
  "equivalent_cycles_throughput_over_2e": 1.0021880348816774,
  "equivalent_cycles_discharge_over_e": 0.9360000018198658,
  "line_limits_mw": {
    "L12": 350.0,
    "L23": 400.0,
    "L34": 300.0,
    "L45": 320.0,
    "L56": 240.0,
    "L67": 300.0,
    "L78": 250.0,
    "L89": 220.0,
    "L29": 250.0,
    "L37": 300.0,
    "L16": 280.0,
    "L59": 300.0
  },
  "existing_power_mw_per_node": 0.0,
  "existing_ratio_hours": 2.0,
  "storage_units": [
    "I3",
    "RIV"
  ],
  "demand_model": "quadratic",
  "load_shed_allowed": true,
  "quadratic_demand_alpha_eur_per_mwh": 4000,
  "quadratic_demand_beta_eur_per_mwh_per_share": 10000,
  "quadratic_demand_source": "fixed_default"
}