{
  "converged": true,
  "stop_reason": "converged in 8 iterations",
  "iterations": 8,
  "update_rule": "seidel",
  "settlement_price_basis": "nodal",
  "damping": 0.7,
  "tol_rel": 0.02,
  "allocation_mechanism": "projection",
  "projection_event_count": 0,
  "final_capacity_price_eur_per_mw": null,
  "investors": {
    "I1": {
      "wacc": 0.08,
      "total_power_mw": 84.21817680419913,
      "total_energy_mwh": 373.3419101137343,
      "settled_spot_revenue_eur_per_day": 8044.438079225419,
      "settled_generation_rent_eur_per_day": 0.0,
      "owned_generation_shares": {},
      "settled_degradation_eur_per_day": 5612.208749900874,
      "capex_daily_eur_per_day": 2422.8473678761484,
      "capacity_price_payment_eur_per_day": 0.0,
      "settled_profit_eur_per_day": 9.381961448396396,
      "capacity_proportional_profit_eur_per_day": 2.4062382626098042,
      "dispatch_attribution_band_eur_per_day": 6.975723185786592,
      "last_optimistic_mpec_profit_eur_per_day": 13283.336373845212,
      "optimistic_mpec_minus_settled_eur_per_day": 13273.954412396815,
      "mpec_lambda_max_abs_diff_vs_joint_eur_per_mwh": 44.56761579702839,
      "throughput_mwh": 748.2944999867832
    },
    "I2": {
      "wacc": 0.12,
      "total_power_mw": 37.693356958849584,
      "total_energy_mwh": 167.45003483289642,
      "settled_spot_revenue_eur_per_day": 3586.878944220205,
      "settled_generation_rent_eur_per_day": 0.0,
      "owned_generation_shares": {},
      "settled_degradation_eur_per_day": 2517.125964391976,
      "capex_daily_eur_per_day": 1365.470176444902,
      "capacity_price_payment_eur_per_day": 0.0,
      "settled_profit_eur_per_day": -295.71719661667316,
      "capacity_proportional_profit_eur_per_day": -299.7979073132526,
      "dispatch_attribution_band_eur_per_day": 4.080710696579445,
      "last_optimistic_mpec_profit_eur_per_day": 5701.950631780692,
      "optimistic_mpec_minus_settled_eur_per_day": 5997.667828397365,
      "mpec_lambda_max_abs_diff_vs_joint_eur_per_mwh": 44.56568428638481,
      "throughput_mwh": 335.6167952522635
    },
    "I3": {
      "wacc": 0.08,
      "total_power_mw": 73.86516397432916,
      "total_energy_mwh": 180.348768944595,
      "settled_spot_revenue_eur_per_day": 3920.44735428733,
      "settled_generation_rent_eur_per_day": 139301.97616764708,
      "owned_generation_shares": {
        "RES_Wind_N1": 0.8,
        "RES_PV_N6": 0.19999999999999996,
        "RES_PV_N8": 0.19999999999999996
      },
      "settled_degradation_eur_per_day": 2711.031340637759,
      "capex_daily_eur_per_day": 1240.4457101804417,
      "capacity_price_payment_eur_per_day": 0.0,
      "settled_profit_eur_per_day": 139270.94647111619,
      "capacity_proportional_profit_eur_per_day": 139278.45632830536,
      "dispatch_attribution_band_eur_per_day": 7.50985718917218,
      "last_optimistic_mpec_profit_eur_per_day": 140015.69066914843,
      "optimistic_mpec_minus_settled_eur_per_day": 744.7441980322474,
      "mpec_lambda_max_abs_diff_vs_joint_eur_per_mwh": 14.897043506144925,
      "throughput_mwh": 361.4708454183679
    },
    "I4": {
      "wacc": 0.08,
      "total_power_mw": 43.16229630006619,
      "total_energy_mwh": 105.75729413029731,
      "settled_spot_revenue_eur_per_day": 2382.545737439958,
      "settled_generation_rent_eur_per_day": 201991.09005959984,
      "owned_generation_shares": {
        "RES_Wind_N1": 0.19999999999999996,
        "RES_PV_N6": 0.8,
        "RES_PV_N8": 0.8
      },
      "settled_degradation_eur_per_day": 1589.7137510604573,
      "capex_daily_eur_per_day": 727.0806476487903,
      "capacity_price_payment_eur_per_day": 0.0,
      "settled_profit_eur_per_day": 202056.84139833058,
      "capacity_proportional_profit_eur_per_day": 202060.38797502377,
      "dispatch_attribution_band_eur_per_day": 3.546576693188399,
      "last_optimistic_mpec_profit_eur_per_day": 207917.90332259226,
      "optimistic_mpec_minus_settled_eur_per_day": 5861.061924261681,
      "mpec_lambda_max_abs_diff_vs_joint_eur_per_mwh": 14.859764002106502,
      "throughput_mwh": 211.96183347472763
    }
  },
  "node_shares": {
    "N1": {
      "I1": 0.0006561067846293585,
      "I2": 0.0006593540734242581,
      "I3": 0.0006609152096648153,
      "I4": 0.0006561035899769641,
      "total_mw": 0.002632479657695396,
      "limit_mw": 100.0,
      "capacity_price_eur_per_mw": 0.0
    },
    "N2": {
      "I1": 0.0006561033495822982,
      "I2": 0.0006588093464484549,
      "I3": 0.0006600598426067547,
      "I4": 0.0006561037425416766,
      "total_mw": 0.0026310762811791845,
      "limit_mw": 100.0,
      "capacity_price_eur_per_mw": 0.0
    },
    "N3": {
      "I1": 14.37632536051781,
      "I2": 0.0016543725114477126,
      "I3": 25.16910004261198,
      "I4": 29.646058427195648,
      "total_mw": 69.19313820283689,
      "limit_mw": 100.0,
      "capacity_price_eur_per_mw": 0.0
    },
    "N4": {
      "I1": 0.000656106786110981,
      "I2": 0.0006593349261676198,
      "I3": 0.0006611855520940344,
      "I4": 0.0006561035113317527,
      "total_mw": 0.002632730775704388,
      "limit_mw": 100.0,
      "capacity_price_eur_per_mw": 0.0
    },
    "N5": {
      "I1": 0.0006561067490499168,
      "I2": 0.0006593444356073734,
      "I3": 0.0006595996205775101,
      "I4": 0.0006561034362121954,
      "total_mw": 0.0026311542414469958,
      "limit_mw": 100.0,
      "capacity_price_eur_per_mw": 0.0
    },
    "N6": {
      "I1": 0.000656104277864986,
      "I2": 0.0006589720105533906,
      "I3": 0.0006582935553994567,
      "I4": 0.000656103887013055,
      "total_mw": 0.0026294737308308882,
      "limit_mw": 100.0,
      "capacity_price_eur_per_mw": 0.0
    },
    "N7": {
      "I1": 0.0006561033155811091,
      "I2": 0.0006588108137011449,
      "I3": 0.0006599556588502175,
      "I4": 0.0006561038125930513,
      "total_mw": 0.0026309736007255227,
      "limit_mw": 100.0,
      "capacity_price_eur_per_mw": 0.0
    },
    "N8": {
      "I1": 52.342980567657065,
      "I2": 22.702892355862513,
      "I3": 13.81086717669309,
      "I4": 11.143259998132631,
      "total_mw": 100.0000000983453,
      "limit_mw": 100.0,
      "capacity_price_eur_per_mw": 0.0
    },
    "N9": {
      "I1": 17.49493424476144,
      "I2": 14.984855604869722,
      "I3": 34.8812367455849,
      "I4": 2.3690412527582407,
      "total_mw": 69.7300678479743,
      "limit_mw": 100.0,
      "capacity_price_eur_per_mw": 0.0
    }
  },
  "joint_lambda_min_eur_per_mwh": 23.87620388521931,
  "joint_lambda_max_eur_per_mwh": 84.50760140208777
}