node,x_power_mw,x_energy_mwh,energy_power_ratio_h
N1,8.461301113573718e-09,4.3510592001099377e-08,5.142305115616223
N2,4.776681315312118e-09,3.402651832968088e-08,7.123464196911265
N3,1.890802617411799e-08,8.397276659490675e-08,4.441117535041907
N4,8.462361305886731e-09,4.352064883808241e-08,5.142849290517511
N5,7.821701572203355e-09,4.0473756381709797e-08,5.17454622988236
N6,7.635258853578698e-09,4.753181357063102e-08,6.2253047974074285
N7,4.680234124025242e-09,3.359858043418881e-08,7.178824721976152
N8,8.078873924630091,30.247304064447302,3.744000011218425
N9,1.8982981436070752e-08,8.409525657950283e-08,4.430034178915024
