{
  "model": "Single Investor Primal-Dual MPEC",
  "investor": "I2",
  "wacc": 0.12,
  "solver_status": "ok",
  "termination": "optimal",
  "profit_eur_per_day": 1195.4426069923588,
  "spot_revenue_eur_per_day": 1900.166117307526,
  "degradation_cost_eur_per_day": 454.70227401578376,
  "capex_daily_eur_per_day": 250.0212362993836,
  "lower_level_primal_objective_eur_per_day": 434779.93233956955,
  "lower_level_dual_objective_eur_per_day": 434779.93233956693,
  "strong_duality_gap": 2.6193447411060333e-09,
  "total_power_mw": 8.078874004358637,
  "total_energy_mwh": 30.247304475177234,
  "total_charge_mwh": 32.315494446324266,
  "total_discharge_mwh": 28.311475422446904,
  "total_storage_throughput_mwh": 60.62696986877117,
  "total_load_shed_mwh": -2.154790226994285e-06,
  "equivalent_cycles_throughput_over_2e": 1.0021879787424584,
  "equivalent_cycles_discharge_over_e": 0.9359999482162455,
  "line_limits_mw": {
    "L14": 400.0,
    "L45": 400.0,
    "L46": 200.0,
    "L69": 200.0,
    "L57": 400.0,
    "L93": 400.0,
    "L72": 400.0,
    "L98": 200.0,
    "L78": 200.0
  },
  "existing_power_mw_per_node": 0.0,
  "existing_ratio_hours": 2.0,
  "storage_units": [
    "I2",
    "RIV"
  ],
  "demand_model": "quadratic",
  "load_shed_allowed": true,
  "quadratic_demand_alpha_eur_per_mwh": 4000,
  "quadratic_demand_beta_eur_per_mwh_per_share": 10000,
  "quadratic_demand_source": "fixed_default"
}