unit,hour,node,soc_start_mwh,soc_end_mwh,p_charge_mw,p_discharge_mw,net_injection_mw,lambda_eur_per_mwh,spot_revenue_eur,degradation_cost_eur,rho_charge_dual,sigma_discharge_dual,gamma_soc_transition_dual
I1,1,N1,1.7428521190910606e-05,1.7332868607705703e-05,1.7188432497523863e-07,2.401179874532942e-07,6.823366247805557e-08,67.15000051920977,4.581890470829015e-06,3.090017343213996e-06,-0.1506758535592437,-0.15146540881814474,-65.16610349396204
I1,2,N1,1.7332868607705703e-05,1.7237213485696234e-05,1.718835418266231e-07,2.401196776609999e-07,6.823613583437681e-08,67.15000046481288,4.582056552995437e-06,3.0900241461571722e-06,-0.1506697322277642,-0.15147244417665987,-65.1659811412964
I1,3,N1,1.7237213485696234e-05,1.7141493614293948e-05,1.7186357123240648e-07,2.401627869349706e-07,6.82992157025641e-08,67.15000037222518,4.5862923598498675e-06,3.090197686255328e-06,-0.15066832725462573,-0.15147427858412219,-65.16347954189024
I1,4,N1,1.7141493614293948e-05,1.7045646694801158e-05,1.7182440928200627e-07,2.402473943195779e-07,6.84229850375716e-08,67.15000025254277,4.594603462552663e-06,3.090538527011881e-06,-0.1506676863310524,-0.1514754810357254,-65.15857948072235
I1,5,N1,1.7045646694801158e-05,1.6949610243970085e-05,1.7176604446241588e-07,2.4037366246722943e-07,6.860761800481355e-08,67.15000040162253,4.607001576577595e-06,3.09104780197234e-06,-0.15066676592773182,-0.15147719834501294,-65.15127292340864
I1,6,N1,1.6949610243970085e-05,1.6853321533043466e-05,1.7168846990437512e-07,2.405418151566591e-07,6.885334525228397e-08,67.15000052813934,4.623502170055029e-06,3.0917271379577567e-06,-0.15066580061697968,-0.15147923281151432,-65.14155057834162
I1,7,N1,1.6853321533043466e-05,1.675671749008731e-05,1.7159167136030922e-07,2.4075216111904507e-07,6.916048975873584e-08,67.15000060402141,4.644126929073529e-06,3.092578743595157e-06,-0.15066456247447427,-0.1514818152495094,-65.12940160949933
I1,8,N1,1.675671749008731e-05,1.665973461060259e-05,1.714756305283809e-07,2.4100508920108815e-07,6.952945867270725e-08,67.15000062319064,4.668903193202399e-06,3.0936053979710177e-06,-0.15066318029283446,-0.15148482615940884,-65.11481214273387
I1,9,N1,1.665973461060259e-05,1.65623088700124e-05,1.7134032633912623e-07,2.413010677368215e-07,6.996074139769527e-08,67.15000056395517,4.6978638243099594e-06,3.094810455569608e-06,-0.1506616193521253,-0.1514883034088663,-65.09776565661754
I1,10,N1,1.65623088700124e-05,1.675563081506807e-05,3.627242587376514e-07,1.3683193161091365e-07,-2.2589232712673775e-07,60.000000672095375,-1.3553539779425452e-05,3.7466714276142377e-06,-0.1525380584845288,-0.15048372454861556,-65.07824244704385
I1,11,N1,1.675563081506807e-05,1.6948402143315248e-05,3.6223513862787803e-07,1.3691879277197076e-07,-2.2531634585590727e-07,60.000000580176504,-1.3518980882077686e-05,3.7436544854988658e-06,-0.15253216733495265,-0.15048463829900516,-65.06362090500573
I1,12,N1,1.6948402143315248e-05,1.714080632541501e-05,3.6190917370858875e-07,1.3697686500402085e-07,-2.249323087045679e-07,60.00000056052779,-1.3495938648354884e-05,3.7416452903445722e-06,-0.15252822324823812,-0.15048527376228837,-65.05386295439757
I1,13,N1,1.714080632541501e-05,1.733302545779324e-05,3.6174493289697555e-07,1.3700618082528585e-07,-2.247387520716897e-07,60.000000537034744,-1.3484325244993901e-05,3.7406333529169607e-06,-0.15252621694684093,-0.1504856147190025,-65.04894350003705
I1,14,N1,1.733302545779324e-05,1.75252411635694e-05,3.6174189407926047e-07,1.3700672582878096e-07,-2.247351682504795e-07,60.000000501239526,-1.348411020767492e-05,3.7406146493103104e-06,-0.1525261877468403,-0.15048561349031175,-65.04884986713324
I1,15,N1,1.75252411635694e-05,1.77176347103339e-05,3.618997332890082e-07,1.369785489639942e-07,-2.24921184325014e-07,60.0000005032265,-1.349527117268714e-05,3.741587116897518e-06,-0.15252815044442464,-0.15048525519679515,-65.05358184105185
I1,16,N1,1.77176347103339e-05,1.791038827820192e-05,3.6221936708600985e-07,1.3692159910211783e-07,-2.2529776798389202e-07,60.00000054848859,-1.3517866202606776e-05,3.7435572464109577e-06,-0.15253203381079988,-0.15048461520246884,-65.06315165816619
I1,17,N1,1.791038827820192e-05,1.810368526870758e-05,3.627020844240027e-07,1.3683586224223384e-07,-2.2586622218176885e-07,60.000000616058685,-1.3551973470052978e-05,3.7465345999967743e-06,-0.1525379211911965,-0.15048363432142,-65.0775839849784
I1,18,N1,1.810368526870758e-05,1.8006237346406513e-05,1.7133355924951712e-07,2.413159011980645e-07,6.99823419485474e-08,67.1500005032032,4.699314297060297e-06,3.0948709533568624e-06,-0.1506611924489803,-0.1514887949308274,-65.09691670378177
I1,19,N1,1.8006237346406513e-05,1.790922737253094e-05,1.7146734276845974e-07,2.410231886776116e-07,6.955584590915184e-08,67.14999953601344,4.670675020526569e-06,3.0936789858455346e-06,-0.1506628671593982,-0.15148521495413167,-65.11377199787921
I1,20,N1,1.790922737253094e-05,1.7812591284279986e-05,1.7158184583940528e-07,2.4077354741541117e-07,6.919170157600589e-08,67.14999962040643,4.646222734564071e-06,3.0926654494111235e-06,-0.15066417753043398,-0.1514822795483264,-65.12817029663292
I1,21,N1,1.7812591284279986e-05,1.7716265537652347e-05,1.716770909983016e-07,2.4056651155871843e-07,6.888942056041684e-08,67.15000061269048,4.625924632839883e-06,3.09182701917765e-06,-0.1506651041580595,-0.15147999588417535,-65.140128143055
I1,22,N1,1.7716265537652347e-05,1.7620187067798772e-05,1.7175311418644408e-07,2.404016641092315e-07,6.864854992278744e-08,67.15000060241682,4.609750168670218e-06,3.091160837217567e-06,-0.15066610403115033,-0.15147789876873605,-65.14965888906012
I1,23,N1,1.7620187067798772e-05,1.752429312045181e-05,1.7180992064001574e-07,2.402787189497901e-07,6.846879830977436e-08,67.15000056577227,4.597679845239096e-06,3.090664796923544e-06,-0.15066774233108224,-0.15147530908740517,-65.1567763664632
I1,24,N1,1.752429312045181e-05,1.7428521190910606e-05,1.7184752056937533e-07,2.401974514313158e-07,6.834993086194047e-08,67.15000053798354,4.589697894150441e-06,3.0903372900051837e-06,-0.15067364132688363,-0.15146801405364976,-65.16150439898789
I1,1,N2,1.2518213048735998e-05,1.2796101212238605e-05,4.328345763283061e-07,1.1910131994448383e-07,-3.1373325638382223e-07,67.15000064874518,-2.10671883697066e-05,4.139519222045924e-06,-0.2061126686399339,-0.2020156889971747,-74.44431710821021
I1,2,N2,1.2796101212238605e-05,1.307399681918313e-05,4.328417456819788e-07,1.1910063392492282e-07,-3.13741111757056e-07,67.15000060459678,-2.1067715844173177e-05,4.139567847051762e-06,-0.206111492840296,-0.20201845192557347,-74.44452782569803
I1,3,N2,1.307399681918313e-05,1.3352533421622557e-05,4.334588985701633e-07,1.1904134731842193e-07,-3.1441755125174136e-07,67.15000052697411,-2.111313873224434e-05,4.143751844164389e-06,-0.20612006214510312,-0.2020184026407118,-74.45229071048972
I1,4,N2,1.3352533421622557e-05,1.3632352336564046e-05,4.3469418295932766e-07,1.1892333052870144e-07,-3.157708524306262e-07,67.15000042037957,-2.1204012873460164e-05,4.152131351160218e-06,-0.2061388202638568,-0.20201740165220078,-74.46761491682612
I1,5,N2,1.3632352336564046e-05,1.391411058538103e-05,4.365640807642039e-07,1.1874632400849947e-07,-3.178177567557044e-07,67.15000055692869,-2.1341462543147377e-05,4.164828035795275e-06,-0.20617235674026493,-0.20201585462020813,-74.49052495566559
I1,6,N2,1.391411058538103e-05,1.4198489494293015e-05,4.390940990696192e-07,1.1850992507687917e-07,-3.2058417399274006e-07,67.1500006593823,-2.1527227495000024e-05,4.182030181098738e-06,-0.20623141575614296,-0.20201382323000633,-74.52105808580052
I1,7,N2,1.4198489494293015e-05,1.4486204162195992e-05,4.423196903098476e-07,1.182135822445098e-07,-3.241061080653378e-07,67.15000072670716,-2.1763725392117665e-05,4.20399954415768e-06,-0.20634211362556998,-0.20201148422763127,-74.55926883627527
I1,8,N2,1.4486204162195992e-05,1.477801431120692e-05,4.462877087729702e-07,1.1785657703093684e-07,-3.284311317420333e-07,67.15000076279733,-2.205415074700393e-05,4.2310821435293026e-06,-0.20660326017969086,-0.2020096521845411,-74.60524574375127
I1,9,N2,1.477801431120692e-05,1.5074737041231253e-05,4.5105841877309544e-07,1.1743800115065651e-07,-3.336204176224389e-07,67.15000069353917,-2.24026112747256e-05,4.26372314942814e-06,-0.208622564711569,-0.20201329754484854,-74.65918685834893
I1,10,N2,1.5074737041231253e-05,2.5235653267439484e-05,1.0950807188748435e-05,8.334078710284587e-08,-1.0867466401645589e-05,60.000000752226796,-0.0006520479922735348,8.275610981888461e-05,-2.6528971810508586,-0.20156198640707051,-74.72274831563111
I1,11,N2,2.5235653267439484e-05,2.286933592924561e-05,9.039280345026646e-08,2.2940658020810327e-06,2.2036729986307662e-06,100.68351771350702,0.00022187354939241788,1.7883439541484743e-05,-0.20169710285907666,-0.3532614615828886,-87.30425159438191
I1,12,N2,2.286933592924561e-05,1.8003877481702212e-05,8.749725140936212e-08,4.630725098871358e-06,4.543227847461995e-06,100.68357220420323,0.00045742840902008664,3.5386667627105404e-05,-0.20168806129370348,-0.279787647248254,-87.58857273895882
I1,13,N2,1.8003877481702212e-05,1.4281395295340202e-05,8.817896296680639e-08,3.5614965631742068e-06,3.4733176002074004e-06,100.68357288935401,0.00034970602576835796,2.73725664460576e-05,-0.20169847226637788,-0.26702427780385396,-87.6885582004643
I1,14,N2,1.4281395295340202e-05,7.316052518001217e-06,8.628643268058884e-08,6.595156038115023e-06,6.508869605434434e-06,100.68357279661518,0.0006553362467424337,5.0110818530967086e-05,-0.20159307421109576,-0.2671121324584572,-87.68839755232001
I1,15,N2,7.316052518001217e-06,2.6737096995988803e-06,8.761511386185099e-08,4.421992128818499e-06,4.3343770149566485e-06,100.68357263948532,0.00043640056303230327,3.3822054320102624e-05,-0.20169436190825826,-0.279773800184006,-87.5885653938663
I1,16,N2,2.6737096995988803e-06,3.4926672200383e-07,9.046230678157803e-08,2.2549322921510802e-06,2.164469985369502e-06,100.68351809685205,0.00021792645294204337,1.759045949199494e-05,-0.2016985785199751,-0.35325778126632057,-87.30426621578098
I1,17,N2,3.4926672200383e-07,1.051337418868408e-05,1.095418712420396e-05,8.331493395387887e-08,-1.0870872190250081e-05,60.00000068651487,-0.0006522523388780203,8.27812654361838e-05,-2.6567496920131743,-0.20156142160690904,-74.72687796640353
I1,18,N2,1.051337418868408e-05,1.0810676186871064e-05,4.5162165892638537e-07,1.1738925859575345e-07,-3.342324003306319e-07,67.15000069983027,-2.2443705916107885e-05,4.267581881416041e-06,-0.2089837364428676,-0.20201308101226284,-74.66333998129488
I1,19,N2,1.0810676186871064e-05,1.1103063075852653e-05,4.4684711179958095e-07,1.1780683917239679e-07,-3.290402726271842e-07,67.15000157517056,-2.209505482520997e-05,4.234904632289833e-06,-0.20660340656248302,-0.20200962032560993,-74.60982360720217
I1,20,N2,1.1103063075852653e-05,1.1391354873747263e-05,4.4287828764596235e-07,1.181627734641222e-07,-3.247155141818402e-07,67.15000162932398,-2.1804647306377343e-05,4.207807958325634e-06,-0.20634201488569484,-0.20201145129444498,-74.56426974668828
I1,21,N2,1.1391354873747263e-05,1.1676314043298925e-05,4.396547343739685e-07,1.1845797146574113e-07,-3.2119676290822737e-07,67.15000097053868,-2.156836294102135e-05,4.1858452937978225e-06,-0.20623093022516575,-0.20201366131099333,-74.52647532417234
I1,22,N2,1.1676314043298925e-05,1.1958658253343382e-05,4.3712942250776504e-07,1.186931579397516e-07,-3.1843626456801345e-07,67.15000077778932,-2.1382995413418426e-05,4.168669353356374e-06,-0.20617214532885028,-0.20201559532162464,-74.49635529075111
I1,23,N2,1.1958658253343382e-05,1.2239071380610758e-05,4.352668772744288e-07,1.1886888299035262e-07,-3.163979942840762e-07,67.15000071111677,-2.124612554117164e-05,4.15601820198586e-06,-0.20614001672039844,-0.20201667125002698,-74.47386124455704
I1,24,N2,1.2239071380610758e-05,1.2518213048735998e-05,4.340416431097614e-07,1.189855459966669e-07,-3.150560971130945e-07,67.15000067625353,-2.1156017134202093e-05,4.1477039182982125e-06,-0.20612475289297985,-0.20201525389090982,-74.45896682225658
I1,1,N3,12.34842132611146,11.352224354688563,1.0255827269665219e-07,0.9324404551027248,0.9324403525444521,67.15000061969579,62.613370251189316,6.99330418245748,-4.0079736991245886e-07,-4.5146234692877293e-07,-55.83240358939333
I1,2,N3,11.352224354688563,10.36805133797159,1.025582728721956e-07,0.9211860334979798,0.9211859309397069,67.15000058239268,61.85763579909326,6.908896020421895,-4.007973699040429e-07,-4.510119612255211e-07,-55.8324035828618
I1,3,N3,10.36805133797159,9.39538084391705,1.0255827309127972e-07,0.9104196722859428,0.9104195697276697,67.15000050922495,61.13467457082138,6.828148311331619,-4.007973699015935e-07,-4.5086440998693887e-07,-55.832403523785175
I1,4,N3,9.39538084391705,8.431117806087382,1.025582733353912e-07,0.9025502932594627,0.9025501907011894,67.1500004048228,60.60624567095776,6.76912796863302,-4.0079736990721165e-07,-4.5112300495613934e-07,-55.83240340961165
I1,5,N3,8.431117806087382,7.361779496366352,1.0255827218019684e-07,1.0009007477497758,1.0009006451915037,67.15000053762598,67.21047886271967,7.506756377310359,-4.007973699919605e-07,-4.563339891152598e-07,-55.832403234540166
I1,6,N3,7.361779496366352,6.15638817704851,1.0255827122654418e-07,1.128246364732391,1.1282462621741198,67.15000062689231,75.76173721228105,8.461848504679967,-4.0079737008822005e-07,-4.636025118497196e-07,-55.8324029821335
I1,7,N3,6.15638817704851,4.7607926388738395,1.0255827077131949e-07,1.306277513582383,1.3062774110241122,67.15000066108172,87.71652901382525,9.797082121054903,-4.0079737020160727e-07,-4.7487439223426847e-07,-55.832402620892886
I1,8,N3,4.7607926388738395,2.9939607674740873,1.0255827131378971e-07,1.6537547214810595,1.6537546189227883,67.1500006665577,111.04962376298812,12.40316118029498,-4.007973703587004e-07,-4.990599019114853e-07,-55.832402078555354
I1,9,N3,2.9939607674740873,7.440862263267105e-07,1.0255827466363603e-07,2.8023466717419323,2.8023465691836575,67.15000060674117,188.17757382098165,21.017600807251554,-4.0079737062302797e-07,-6.043801621925075e-07,-55.8324010923882
I1,10,N3,7.440862263267105e-07,1.2156392349658953e-07,1.2720178174432015e-07,6.941218476280651e-07,5.669200658837449e-07,60.00000068119944,3.4015204339210326e-05,6.15992722029289e-06,-4.007973723949997e-07,-4.0079741152184765e-07,-52.41262702565346
I1,11,N3,1.2156392349658953e-07,2.919154585780765e-06,3.132037522484737e-06,1.254206854007997e-07,-3.0066168370839373e-06,16.670401005848174,-5.012150834512412e-05,2.4430936559141524e-05,-4.066813701245282e-07,-4.00797372736955e-07,-25.823047444292836
I1,12,N3,2.919154585780765e-06,1.9474677559293732,2.0806249632614744,1.205923241703533e-07,-2.0806248426691503,16.670342858282012,-34.6847294867538,15.604688128903488,-1.1680732976135812e-06,-4.0079737276414515e-07,-25.823016528458066
I1,13,N3,1.9474677559293732,8.617648780231294,7.126261915747698,1.2059229803296766e-07,-7.1262617951554,16.670342008755334,-118.79722136916726,53.44696527254997,-1.515740337992266e-06,-4.0079737261107703e-07,-25.82301606554125
I1,14,N3,8.617648780231294,16.561903126200445,8.487451357587856,1.1675016732372038e-07,-8.48745124083769,16.67034192545127,-141.48871426035996,63.65588605753517,-1.571261883894039e-06,-4.007973726217191e-07,-25.823016043530128
I1,15,N3,16.561903126200445,23.018551346308836,6.898128577934113,1.2059230819844834e-07,-6.898128457341804,16.670342226253343,-114.99416210454491,51.73596523894816,-1.6129612441517058e-06,-4.007973727466911e-07,-25.823016414743634
I1,16,N3,23.018551346308836,23.01855414389957,3.1320376025096767e-06,1.254206856812619e-07,-3.006616916828415e-06,16.670400504176012,-5.0121508166160535e-05,2.443093716143204e-05,-4.0672216105829443e-07,-4.007973728100672e-07,-25.8230471194673
I1,17,N3,23.01855414389957,23.018553521377278,1.2720178197056881e-07,6.941218428089199e-07,5.669200608383511e-07,60.000000609971224,3.401520399610599e-05,6.1599271858461655e-06,-4.0079737239021785e-07,-4.007974115231322e-07,-52.41262571688142
I1,18,N3,23.018553521377278,20.04774549079295,1.0255827471000956e-07,2.780676406477823,2.7806763039195483,67.15000060034161,186.72241547755337,20.855073817770734,-4.0079737062236183e-07,-6.033311891198608e-07,-55.8324010913985
I1,19,N3,20.04774549079295,18.26788248060529,1.0255827125137053e-07,1.6659518673865392,1.665951764828268,67.15000068712389,111.86866215293345,12.494639774586078,-4.007973703634754e-07,-5.000010478531616e-07,-55.832402081674296
I1,20,N3,18.26788248060529,16.83301100199085,1.02558270493003e-07,1.3430397938340048,1.3430396912757343,67.1500007298083,90.18511624932707,10.072799222942065,-4.0079737022298e-07,-4.77009123274483e-07,-55.83240262349613
I1,21,N3,16.83301100199085,15.57881205440267,1.0255827077716853e-07,1.173930304793429,1.1739302022351583,67.15000072691545,78.82941393343889,8.804478055137748,-4.007973701209876e-07,-4.660035120287872e-07,-55.83240298090173
I1,22,N3,15.57881205440267,14.445258550949559,1.0255827145140992e-07,1.061006169083003,1.0610060665247316,67.15000067755167,71.24655808602216,7.957547037309559,-4.0079737003331225e-07,-4.5911404745662255e-07,-55.83240322732313
I1,23,N3,14.445258550949559,13.377625114371586,1.025582719643971e-07,0.9993049864878756,0.9993048839296036,67.15000065556386,67.10332361098105,7.494788167846107,-4.0079736997872045e-07,-4.554018593541461e-07,-55.832403394353655
I1,24,N3,13.377625114371586,12.34842132611146,1.0255827233326211e-07,0.9633348356623704,0.9633347331040981,67.15000063826045,64.68792794279865,7.225012036654821,-4.0079736994424557e-07,-4.5327980319170073e-07,-55.83240349710614
I1,1,N4,1.743085436264789e-05,1.7335200991591032e-05,1.7188443211621293e-07,2.4011881874850275e-07,6.823438663228982e-08,67.15000061286385,4.58193910417665e-06,3.0900243814853675e-06,-0.15066270563736972,-0.1514523313986831,-65.16606792721437
I1,2,N4,1.7335200991591032e-05,1.7239545081931115e-05,1.7188364901866257e-07,2.4012050881233477e-07,6.82368597936722e-08,67.15000057074285,4.582105174090788e-06,3.09003118373248e-06,-0.15065658343878702,-0.1514593656096089,-65.16594568393398
I1,3,N4,1.7239545081931115e-05,1.7143824439112325e-05,1.7186368349066858e-07,2.4016360732983003e-07,6.829992383916145e-08,67.15000049392361,4.586339919534636e-06,3.0902046811537395e-06,-0.1506551687840163,-0.15146120738234248,-65.16344556648065
I1,4,N4,1.7143824439112325e-05,1.704797678074715e-05,1.7182453170232034e-07,2.4024819315608176e-07,6.842366145376142e-08,67.15000038750884,4.594648893134853e-06,3.090545436438016e-06,-0.15065445399491262,-0.15146248027337936,-65.15854840957844
I1,5,N4,1.704797678074715e-05,1.695193964092093e-05,1.7176618245954627e-07,2.403744282654184e-07,6.860824580587214e-08,67.15000052332098,4.607043741768449e-06,3.091054580437235e-06,-0.1506536363825576,-0.1514640984636655,-65.15124587051635
I1,6,N4,1.695193964092093e-05,1.6855650307890197e-05,1.716886287444637e-07,2.4054253660527624e-07,6.885390786081253e-08,67.15000062179342,4.6235399556664685e-06,3.0917337401230493e-06,-0.15065263599221956,-0.15146616725598328,-65.14152909952331
I1,7,N4,1.6855650307890197e-05,1.6759045726287357e-05,1.715918561047142e-07,2.407528271461746e-07,6.91609710414604e-08,67.15000067108544,4.644159251846986e-06,3.0925851243816664e-06,-0.1506514285470649,-0.151468719686284,-65.12938703839252
I1,8,N4,1.6759045726287357e-05,1.6662062408027667e-05,1.714758461203926e-07,2.410056887737603e-07,6.95298426533677e-08,67.15000067493135,4.668928981101511e-06,3.0936115117061466e-06,-0.15065003744338534,-0.15147173906384823,-65.11480593154816
I1,9,N4,1.6662062408027667e-05,1.656463634545667e-05,1.7134057781204667e-07,2.413015894252754e-07,6.996101161322873e-08,67.15000060571279,4.697881972204589e-06,3.0948162542799155e-06,-0.15064849193979618,-0.15147520187702546,-65.09776918656279
I1,10,N4,1.656463634545667e-05,1.6757959208824073e-05,3.627254228641697e-07,1.3683209195771948e-07,-2.258933309064502e-07,60.00000069602069,-1.3553600011613444e-05,3.746681361164169e-06,-0.15252464216998488,-0.15047076385370947,-65.07825711852146
I1,11,N4,1.6757959208824073e-05,1.6950731709576944e-05,3.6223653021587244e-07,1.3691891447131766e-07,-2.2531761574455478e-07,60.00000058775461,-1.3519057077104755e-05,3.7436658351539255e-06,-0.15251880139043988,-0.1504716361456227,-65.0636438982071
I1,12,N4,1.6950731709576944e-05,1.714313723072305e-05,3.619107141355751e-07,1.3697696121856617e-07,-2.2493375291700895e-07,60.00000056574441,-1.349602530227555e-05,3.7416575651560597e-06,-0.15251483984232625,-0.15047229125709988,-65.05389155187449
I1,13,N4,1.714313723072305e-05,1.7335357721381565e-05,3.617464896597054e-07,1.3700627334853798e-07,-2.2474021631116743e-07,60.00000054116681,-1.3484413100291992e-05,3.7406457225618254e-06,-0.15251284484002456,-0.15047262315446755,-65.0489748982148
I1,14,N4,1.7335357721381565e-05,1.75275749536489e-05,3.617436032570832e-07,1.3700679443689176e-07,-2.2473680882019143e-07,60.00000050478838,-1.3484208642656015e-05,3.7406279827048118e-06,-0.15251279992064076,-0.15047263681706066,-65.04888132477426
I1,15,N4,1.75275749536489e-05,1.771996983124555e-05,3.6190126621050555e-07,1.3697864629149536e-07,-2.2492261991901018e-07,60.00000050719783,-1.3495357309220877e-05,3.741599343765007e-06,-0.15251476942119915,-0.15047227131299096,-65.05361057951865
I1,16,N4,1.771996983124555e-05,1.7912724576350892e-05,3.622207628655512e-07,1.3692172004485723e-07,-2.2529904282069396e-07,60.000000554257085,-1.3517942694115228e-05,3.7435686218280633e-06,-0.15251870400983833,-0.15047157986438583,-65.06317488989754
I1,17,N4,1.7912724576350892e-05,1.8106022491734247e-05,3.6270325437452026e-07,1.3683602154568032e-07,-2.2586723282883994e-07,60.0000006355919,-1.355203411328978e-05,3.7465445694015045e-06,-0.15252449150731626,-0.15047068693839785,-65.07759902830361
I1,18,N4,1.8106022491734247e-05,1.8008574252409548e-05,1.7133381222036967e-07,2.413164195589318e-07,6.998260733856214e-08,67.15000056324712,4.69933212220195e-06,3.0948767383447614e-06,-0.15064806849655793,-0.15147569085744575,-65.09692067845033
I1,19,N4,1.8008574252409548e-05,1.7911563846109067e-05,1.714675602995709e-07,2.410237840054649e-07,6.955622370589397e-08,67.14999960307746,4.6707003942423475e-06,3.0936850822877684e-06,-0.15064974311027518,-0.15147211071216177,-65.11376630960949
I1,20,N4,1.7911563846109067e-05,1.7814927227106577e-05,1.7158203301781966e-07,2.4077420818510764e-07,6.919217516728798e-08,67.14999969618155,4.646254541461528e-06,3.092671809021955e-06,-0.1506510481289196,-0.1514691809655736,-65.12815636524279
I1,21,N4,1.7814927227106577e-05,1.771860086837609e-05,1.7167725295803222e-07,2.405672263792553e-07,6.888997342122306e-08,67.15000069365959,4.6259617630213195e-06,3.091833595029656e-06,-0.1506519709406664,-0.15146690168190868,-65.1401073727012
I1,22,N4,1.771860086837609e-05,1.762252172169178e-05,1.717532560091505e-07,2.4040242187310695e-07,6.864916586395646e-08,67.15000068929287,4.609791535084057e-06,3.0911675841169307e-06,-0.15065296370760162,-0.15146481251139218,-65.14963266908644
I1,23,N4,1.762252172169178e-05,1.7526627049204584e-05,1.7181004739043548e-07,2.4027950872658766e-07,6.846946133615218e-08,67.15000065942635,4.597724373873186e-06,3.0906716708776738e-06,-0.15065466339894779,-0.15146216325762443,-65.15674603442076
I1,24,N4,1.7526627049204584e-05,1.743085436264789e-05,1.7184763735640483e-07,2.4019826231446155e-07,6.835062495805672e-08,67.15000063541602,4.589744509364591e-06,3.090344247531498e-06,-0.1506603778986627,-0.15145504694934908,-65.16147161901704
I1,1,N5,1.7028322962986077e-05,1.703562096520343e-05,2.153882424192928e-07,1.8186984755512814e-07,-3.351839486416466e-08,67.15000065050762,-2.2507602369326285e-06,2.979435674808157e-06,-0.15495973292477908,-0.15455175333397814,-68.56258321016819
I1,2,N5,1.703562096520343e-05,1.704291903925141e-05,2.1538828193671471e-07,1.8186981494271862e-07,-3.3518466993996094e-08,67.15000060546409,-2.2507650789410657e-06,2.97943572659575e-06,-0.15495389137518403,-0.1545583676219149,-68.56258715901197
I1,3,N5,1.704291903925141e-05,1.7050221492904927e-05,2.1539068862235524e-07,1.818678241195979e-07,-3.3522864502757344e-08,67.15000052718769,-2.251060369032997e-06,2.9794388455646487e-06,-0.15495275255294588,-0.1545596763620568,-68.56330366849869
I1,4,N5,1.7050221492904927e-05,1.7057532636359314e-05,2.1539546394420977e-07,1.8186387410635953e-07,-3.353158983785024e-08,67.15000042023178,-2.2516462717026833e-06,2.97944503537927e-06,-0.1549527590044583,-0.15455976823989231,-68.56471671344931
I1,5,N5,1.7057532636359314e-05,1.7064856774897588e-05,2.1540260513449074e-07,1.8185796707608285e-07,-3.354463805840788e-08,67.15000055750674,-2.252522464323451e-06,2.979454291579302e-06,-0.15495293171260913,-0.15455970165054125,-68.5668243344028
I1,6,N5,1.7064856774897588e-05,1.7072198231938804e-05,2.1541212295579864e-07,1.8185009548250724e-07,-3.35620274732914e-08,67.15000066187746,-2.2536901670454667e-06,2.979466638287294e-06,-0.15495320056687562,-0.15455958202139083,-68.56962732357506
I1,7,N5,1.7072198231938804e-05,1.7079561341395404e-05,2.1542402375617833e-07,1.818402550653168e-07,-3.3583768690861536e-08,67.15000073357683,-2.255150092227627e-06,2.9794820911612136e-06,-0.15495348542349902,-0.15455951815268945,-68.57312712939931
I1,8,N5,1.7079561341395404e-05,1.7086950449887338e-05,2.1543831523394368e-07,1.81828440674748e-07,-3.360987455919568e-08,67.15000077968482,-2.2569031028550988e-06,2.9795006693151875e-06,-0.15495310977224638,-0.15456025903028942,-68.57732528674106
I1,9,N5,1.7086950449887338e-05,1.709436992439743e-05,2.154550096217054e-07,1.818146439680935e-07,-3.364036565361189e-08,67.15000071172406,-2.258950577582696e-06,2.979522401923492e-06,-0.1549497467468676,-0.15456446037685675,-68.58221989861651
I1,10,N5,1.709436992439743e-05,1.7548074111187855e-05,6.150955405047868e-07,1.142156238182432e-07,-5.008799166865436e-07,60.00000075987089,-3.0052795381796687e-05,5.469833732422725e-06,-0.1601344511629686,-0.15395462937376464,-68.58779305436684
I1,11,N5,1.7548074111187855e-05,1.7394727443666586e-05,1.522313085100982e-07,2.7690172126036744e-07,1.2467041275026923e-07,74.05731343822332,9.232755833519361e-06,3.2184977232784922e-06,-0.15415765091865,-0.1563009792927522,-68.60795278593665
I1,12,N5,1.7394727443666586e-05,1.7217422818850696e-05,1.4701962078269945e-07,2.9476043051691535e-07,1.477408097342159e-07,74.05733224974718,1.094129023333351e-05,3.3133503847471114e-06,-0.15413408051881128,-0.15631968956320036,-68.62145272196676
I1,13,N5,1.7217422818850696e-05,1.704027418679986e-05,1.4704783998655688e-07,2.946391440204452e-07,1.4759130403388834e-07,74.0573324686131,1.0930218272313827e-05,3.3126523800525157e-06,-0.15413778127029126,-0.15631257646623517,-68.6282143712837
I1,14,N5,1.704027418679986e-05,1.685377283402203e-05,1.452132814551175e-07,3.0178604122974894e-07,1.5657275977463144e-07,74.05733241197572,1.1595360917290301e-05,3.3524949201364984e-06,-0.15402859255188162,-0.15642051367353313,-68.62830205285249
I1,15,N5,1.685377283402203e-05,1.667647237665987e-05,1.4702037281286528e-07,2.9475718863084546e-07,1.4773681581798018e-07,74.0573323592598,1.094099447073091e-05,3.313331710827831e-06,-0.15414134917967814,-0.15631096613987128,-68.62154914375883
I1,16,N5,1.667647237665987e-05,1.65231297435204e-05,1.5223215750595191e-07,2.7689868888087975e-07,1.2466653137492784e-07,74.05731354566593,9.23246840268363e-06,3.2184813479012375e-06,-0.15415974901763455,-0.1562984758869158,-68.60809159203748
I1,17,N5,1.65231297435204e-05,1.6976846837497724e-05,6.151086545978578e-07,1.142150318957887e-07,-5.008936227020691e-07,60.00000068995501,-3.005361770771821e-05,5.469927648702348e-06,-0.1601355466372922,-0.15395383017429656,-68.58798367299869
I1,18,N5,1.6976846837497724e-05,1.6984269541495767e-05,2.1545678537324574e-07,1.8181317689618745e-07,-3.364360847705829e-08,67.1500007376185,-2.259168334050612e-06,2.979524717020749e-06,-0.15494947915075516,-0.1545646624883207,-68.5824654742286
I1,19,N5,1.6984269541495767e-05,1.69916619683938e-05,2.154401382386521e-07,1.8182693177377197e-07,-3.3613206464880114e-08,67.1500022738631,-2.2571268905485295e-06,2.9795030250931803e-06,-0.15495241965697198,-0.1545608592399008,-68.57762667264579
I1,20,N5,1.69916619683938e-05,1.6999028523162887e-05,2.1542591618867484e-07,1.818386882053691e-07,-3.358722798330575e-08,67.15000230134827,-2.25538243637489e-06,2.9794845329553293e-06,-0.15495276441860373,-0.15456013959172338,-68.57348391686563
I1,21,N5,1.6999028523162887e-05,1.7006373586799204e-05,2.1541410487183575e-07,1.8184845605820306e-07,-3.356564881363268e-08,67.1500010227387,-2.2539333521643227e-06,2.979469206975291e-06,-0.1549525479271655,-0.1545601294033557,-68.5700394653119
I1,22,N5,1.7006373586799204e-05,1.7013701469028786e-05,2.1540466233922135e-07,1.8185626528985374e-07,-3.354839704936761e-08,67.1500007890213,-2.252774888335435e-06,2.979456957218063e-06,-0.15495254566529632,-0.15455995860849775,-68.56729283365586
I1,23,N5,1.7013701469028786e-05,1.7021016489259816e-05,2.15397594044948e-07,1.8186211161615598e-07,-3.3535482428792023e-08,67.15000071652449,-2.2519076691223786e-06,2.97944779245828e-06,-0.15495294484124925,-0.1545592911467753,-68.5652462022197
I1,24,N5,1.7021016489259816e-05,1.7028322962986077e-05,2.153928975437613e-07,1.8186599655872e-07,-3.3526900985041284e-08,67.15000067938263,-2.2513314239231165e-06,2.9794417057686098e-06,-0.1549579656941006,-0.15455342478419332,-68.5639130130388
I1,1,N6,1.5666084364154286e-05,1.4899502477046881e-05,1.1556435030005625e-07,8.18766111373008e-07,7.032017610729518e-07,67.15000062121229,4.7219998692886286e-05,7.0074784625479814e-06,-0.16004247627891052,-0.16944958352491243,-57.77955269072617
I1,2,N6,1.4899502477046881e-05,1.4132741152906044e-05,1.1556104094359551e-07,8.189311651223438e-07,7.033701241787484e-07,67.15000058110685,4.723130424733615e-05,7.008691545494545e-06,-0.16003886862497588,-0.169455361426657,-57.77903337713245
I1,3,N6,1.4132741152906044e-05,1.336042627421805e-05,1.1545942930102881e-07,8.240402706248756e-07,7.085808413238468e-07,67.15000050591021,4.7581203853374594e-05,7.046247749444283e-06,-0.16003669452558672,-0.16958602786300966,-57.75311427043435
I1,4,N6,1.336042627421805e-05,1.2576862025450505e-05,1.1525773008962109e-07,8.343929731470171e-07,7.19135243057396e-07,67.15000040043255,4.82899318592693e-05,7.122380274274787e-06,-0.16003355621623258,-0.16986125331231366,-57.700537249146095
I1,5,N6,1.2576862025450505e-05,1.177566490001116e-05,1.1495224516754711e-07,8.506297115935364e-07,7.356774664259893e-07,67.15000053484444,4.940074226397818e-05,7.241864675708127e-06,-0.16002879054186828,-0.17032254490317733,-57.6185342295515
I1,6,N6,1.177566490001116e-05,1.0949271891371064e-05,1.145369656221834e-07,8.738492335208613e-07,7.593122678986779e-07,67.15000062940386,5.0987819267310295e-05,7.412896493572835e-06,-0.16002190422159462,-0.17105577046950152,-57.502072692730856
I1,7,N6,1.0949271891371064e-05,1.008820138627913e-05,1.1400283771011446e-07,9.058394228725309e-07,7.918365851624165e-07,67.15000067274653,5.317182722636158e-05,7.64881695436984e-06,-0.1600121327515267,-0.17225197914840626,-57.342086192688484
I1,8,N6,1.008820138627913e-05,9.179831510178808e-06,1.1333649420169647e-07,9.495278532540316e-07,8.361913590523351e-07,67.15000067512766,5.6150250324900215e-05,7.97148260591796e-06,-0.15999855856727907,-0.17442388899982578,-57.12075215749124
I1,9,N6,9.179831510178808e-06,8.206179120767805e-06,1.1251799282018845e-07,1.0099151999264946e-06,8.973972071063061e-07,67.15000060340695,6.026022299868417e-05,8.418248945600123e-06,-0.15998328438230405,-0.17956351894929654,-56.7946100828989
I1,10,N6,8.206179120767805e-06,8.095114122980081e-06,1.7543713425271632e-07,2.5765660949957683e-07,8.22194752468605e-08,60.00000068211689,4.933168570894923e-06,3.2482030781421987e-06,-0.16053872952633866,-0.16242145589912743,-55.87773683789099
I1,11,N6,8.095114122980081e-06,9.752701936301189e-06,1.8922011077293919e-06,1.0624762840873153e-07,-1.7859534793206603e-06,44.78502665572083,-7.998397417725313e-05,1.4988365521035927e-05,-0.21545529696528623,-0.16009817673933108,-55.54753343441956
I1,12,N6,9.752701936301189e-06,1.2263843826716044e-05,2.80154897170574e-06,1.0399703848720759e-07,-2.697551933218532e-06,44.78500617866787,-0.00012080987999646943,2.1791595076447105e-05,-0.1963982698043173,-0.160121674996459,-55.357142033086724
I1,13,N6,1.2263843826716044e-05,1.4625911223962064e-05,2.642660090668726e-06,1.0432885097223475e-07,-2.5383312396964913e-06,44.78500581837374,-0.00011367917933876719,2.0602417062307206e-05,-0.19218718408691293,-0.16026005386377376,-55.28175207920123
I1,14,N6,1.4625911223962064e-05,1.759105403380705e-05,3.2858080828198824e-06,1.0330964811126049e-07,-3.182498434708622e-06,44.785005696649435,-0.00014252821052800353,2.5418382981983573e-05,-0.19160820702001718,-0.16089457489359096,-55.281383837694044
I1,15,N6,1.759105403380705e-05,2.0085054819040764e-05,2.78327721017544e-06,1.0403329574710541e-07,-2.6792439144283344e-06,44.78500588914624,-0.00011998995448613219,2.165482879441909e-05,-0.19178631104722396,-0.16521886880362965,-55.35118191470044
I1,16,N6,2.0085054819040764e-05,2.1734009391574363e-05,1.883023340575958e-06,1.0628773669378417e-07,-1.7767356038821737e-06,44.78502644558152,-7.957115100666941e-05,1.4919833079523068e-05,-0.18612640040703976,-0.18953160705266464,-55.50211148528172
I1,17,N6,2.1734009391574363e-05,2.1622593960433264e-05,1.7533650029151257e-07,2.5789645010746443e-07,8.255994981595186e-08,60.0000006164842,4.953597039854016e-06,3.2492471279923276e-06,-0.18642989764194756,-0.13219365604840738,-55.675571348676705
I1,18,N6,2.1622593960433264e-05,2.064475454633408e-05,1.1246912490260002e-07,1.0137914420475067e-06,9.013223171449067e-07,67.15000057413836,6.0523794113764204e-05,8.4469542521258e-06,-0.16446694223902902,-0.17481420782235993,-56.774346253857864
I1,19,N6,2.064475454633408e-05,1.9732289640389977e-05,1.1328195160340085e-07,9.533130166356108e-07,8.4003106503221e-07,67.14999998866436,5.640808600739061e-05,7.999462261792586e-06,-0.16076614359132232,-0.17382322819307985,-57.097899568674535
I1,20,N6,1.9732289640389977e-05,1.8867128598535013e-05,1.1394255215527447e-07,9.096153493492716e-07,7.956727971939972e-07,67.15000006783195,5.342942838554895e-05,7.676684261284096e-06,-0.16014224880549505,-0.17230347065946358,-57.319714486506854
I1,21,N6,1.8867128598535013e-05,1.8036582399407558e-05,1.144708305166662e-07,8.776786791156302e-07,7.63207848598964e-07,67.15000071403244,5.12494075783756e-05,7.441121322242223e-06,-0.16004276395770214,-0.17119120313121314,-57.48004199675974
I1,22,N6,1.8036582399407558e-05,1.723111079183388e-05,1.1488011245575287e-07,8.545674316909973e-07,7.396873192352444e-07,67.15000069173934,4.9670003998317476e-05,7.270856581100627e-06,-0.16003089121433878,-0.17045784697040026,-57.59641248450084
I1,23,N6,1.723111079183388e-05,1.644309314257985e-05,1.1517939434706093e-07,8.384927263716535e-07,7.233133320245925e-07,67.150000663903,4.857049072566128e-05,7.152540905390358e-06,-0.1600328793148626,-0.16998867942330434,-57.67796462918609
I1,24,N6,1.644309314257985e-05,1.5666084364154286e-05,1.1537462233556288e-07,8.28359461736026e-07,7.129848394004631e-07,67.15000064224934,4.787693242365514e-05,7.0780056305369165e-06,-0.160037968300519,-0.16970688946699275,-57.72979812977994
I1,1,N7,1.2519802678291938e-05,1.2797705212879283e-05,4.3284878602044807e-07,1.1910031766361584e-07,-3.1374846835683223e-07,67.15000064874518,-2.106820985370409e-05,4.139618277630479e-06,-0.20607705077641247,-0.20197183340188782,-74.44472258963717
I1,2,N7,1.2797705212879283e-05,1.3075615188194551e-05,4.3285595281742566e-07,1.1909963194444499e-07,-3.1375632087298065e-07,67.15000060459678,-2.1068737136316714e-05,4.13966688571403e-06,-0.20607584039398785,-0.20197459960018627,-74.44492468307234
I1,3,N7,1.3075615188194551e-05,1.3354166069139708e-05,4.334730240648492e-07,1.1904035792645024e-07,-3.1443266613839896e-07,67.15000052697411,-2.1114153696891367e-05,4.143850364934746e-06,-0.20608473951523965,-0.20197455069858655,-74.45267711165191
I1,4,N7,1.3354166069139708e-05,1.363399908329913e-05,4.347081453484277e-07,1.189223660539584e-07,-3.157857792944693e-07,67.15000042037957,-2.1205015212373503e-05,4.152228835517896e-06,-0.20610425318048867,-0.20197354826115926,-74.46798926424287
I1,5,N7,1.363399908329913e-05,1.3915771157994227e-05,4.365777937309981e-07,1.1874539686194229e-07,-3.1783239686905585e-07,67.15000055692869,-2.134244562676708e-05,4.1649239294470526e-06,-0.20613912328543468,-0.2019719973966477,-74.49088644095414
I1,6,N7,1.3915771157994227e-05,1.420016351814112e-05,4.391074686957852e-07,1.1850904779700895e-07,-3.2059842089877627e-07,67.1500006593823,-2.152818417474975e-05,4.182123873695957e-06,-0.20620043874368227,-0.2019699580287939,-74.52140745352655
I1,7,N7,1.420016351814112e-05,1.4487891151018039e-05,4.4233261186122383e-07,1.1821276754837481e-07,-3.24119844312849e-07,67.15000072670716,-2.1764647781148024e-05,4.20409034557199e-06,-0.20631518078900496,-0.20196760390558688,-74.5596096059363
I1,8,N7,1.4487891151018039e-05,1.4779713653096591e-05,4.4630006280008766e-07,1.1785583787338124e-07,-3.284442249267064e-07,67.15000076279733,-2.2055029954364714e-05,4.231169255051016e-06,-0.20658416120442286,-0.20196574327340439,-74.60558646060048
I1,9,N7,1.4779713653096591e-05,1.5076447979958889e-05,4.5107006622334173e-07,1.1743735079489358e-07,-3.3363271542844817e-07,67.15000069353917,-2.240343707240765e-05,4.2638056276367646e-06,-0.2085111942420691,-0.201969330068202,-74.65954589418182
I1,10,N7,1.5076447979958889e-05,2.5238856186137997e-05,1.0952400843616718e-05,8.334048850558342e-08,-1.0869060355111134e-05,60.000000752226796,-0.0006521436294826665,8.276805999091727e-05,-2.6531540847374195,-0.20151823408685343,-74.72307562721939
I1,11,N7,2.5238856186137997e-05,2.2872442821457732e-05,9.039288914521958e-08,2.2941557579493e-06,2.2037628688040803e-06,100.68351771350702,0.00022188259783760466,1.7884114853208894e-05,-0.2016532761901976,-0.3531958648010583,-87.30422577587765
I1,12,N7,2.2872442821457732e-05,1.8006336512749395e-05,8.749726039484271e-08,4.631331504793886e-06,4.543834244399043e-06,100.68357220420323,0.00045748946322988224,3.539121573891547e-05,-0.201644213857388,-0.2797355303422785,-87.5884891779338
I1,13,N7,1.8006336512749395e-05,1.4283411496086665e-05,8.81789230778913e-08,3.561911017389164e-06,3.473732094311273e-06,100.68357288935401,0.0003497477585156774,2.7375674553502914e-05,-0.20165458307174428,-0.26697365977944926,-87.68845406402005
I1,14,N7,1.4283411496086665e-05,7.316736307700278e-06,8.62863959809746e-08,6.596403142703006e-06,6.510116746722031e-06,100.68357279661518,0.0006554618133830512,5.012017154012985e-05,-0.20154931108311813,-0.26706172595480243,-87.68829356705946
I1,15,N7,7.316736307700278e-06,2.673807923044438e-06,8.761512453931118e-08,4.4225402281862586e-06,4.3349251036469476e-06,100.68357263948532,0.00043645574655976587,3.382616514544177e-05,-0.20165048919903678,-0.27972169754000464,-87.58848194791716
I1,16,N7,2.673807923044438e-06,3.492729178370716e-07,9.046239316229604e-08,2.2550185056740096e-06,2.1645561125117134e-06,100.68351809685205,0.00021793512452572482,1.7591106741272293e-05,-0.20165476599690466,-0.35319199403411156,-87.3042406472444
I1,17,N7,3.492729178370716e-07,1.0514871718447405e-05,1.0955780093382777e-05,8.331463932100545e-08,-1.0872465454061771e-05,60.00000068651487,-0.0006523479347078155,8.279321049527836e-05,-2.6571636827024188,-0.20151765331056784,-74.72737361790561
I1,18,N7,1.0514871718447405e-05,1.0812185252335483e-05,4.516332500505906e-07,1.1738861611708206e-07,-3.3424463393350853e-07,67.15000069983027,-2.2444527402549612e-05,4.267663996257545e-06,-0.20884976555583595,-0.20196905293676753,-74.6638679888546
I1,19,N7,1.0812185252335483e-05,1.1104584432439374e-05,4.468594091701536e-07,1.1780610835909219e-07,-3.290533008110614e-07,67.15000157517056,-2.2095929667777847e-05,4.2349913814693436e-06,-0.20658838354138412,-0.2019656819620353,-74.61030268284642
I1,20,N7,1.1104584432439374e-05,1.1392889131812474e-05,4.4289115144646393e-07,1.1816196760442008e-07,-3.2472918384204384e-07,67.15000162932398,-2.180556522408229e-05,4.20789839288163e-06,-0.2063166635159722,-0.20196755095918079,-74.56472321435008
I1,21,N7,1.1392889131812474e-05,1.167786168685512e-05,4.3966804443787476e-07,1.1845710353992693e-07,-3.2121094089794786e-07,67.15000097053868,-2.156931499304484e-05,4.185938609833512e-06,-0.2062009748297176,-0.2019697812575792,-74.5269147917936
I1,22,N7,1.167786168685512e-05,1.1960219654089724e-05,4.371430733885985e-07,1.1869224069186867e-07,-3.184508326967298e-07,67.15000077778932,-2.1383973663273063e-05,4.168764855603503e-06,-0.2061397035157883,-0.20197172718716033,-74.49678646707443
I1,23,N7,1.1960219654089724e-05,1.2240646808274883e-05,4.3528077436838704e-07,1.1886792898373843e-07,-3.1641284538464863e-07,67.15000071111677,-2.1247122792585638e-05,4.156115275140941e-06,-0.20610609234817984,-0.20197281007042123,-74.47428640649547
I1,24,N7,1.2240646808274883e-05,1.2519802678291938e-05,4.3405569938047574e-07,1.189845676684735e-07,-3.1507113171200224e-07,67.15000067625353,-2.1157026707528913e-05,4.14780200286712e-06,-0.2060899565365542,-0.2019713943954469,-74.45938616775011
I1,1,N8,61.98307859328839,57.203843455852564,1.025582829986807e-07,4.473364178490835,4.473364075932552,67.15000063888907,300.38640055685426,33.55023210786838,-8.664833287598452e-08,-1.0088838158911727e-07,-55.8324011378092
I1,2,N8,57.203843455852564,52.66597229794168,1.0255828315899612e-07,4.247447493655486,4.247447391097203,67.15000059708561,285.2160948482669,31.855856971603263,-8.664833287559303e-08,-1.003663384957325e-07,-55.832401122535096
I1,3,N8,52.66597229794168,48.557738753773435,1.0255828348423598e-07,3.84530668719238,3.845306584634096,67.15000052106933,258.2123391618509,28.839800923129975,-8.664833287491424e-08,-9.941883713584061e-08,-55.83240109955855
I1,4,N8,48.557738753773435,44.93874990351718,1.0255828393826826e-07,3.3873736536907537,3.3873735511324696,67.15000041532582,227.46213536540904,25.405303171867782,-8.66483328739312e-08,-9.828002101636673e-08,-55.8324010686785
I1,5,N8,44.93874990351718,40.201801737414065,1.0255828305280346e-07,4.433783573323412,4.433783470765129,67.15000055031183,297.7285625018419,33.25337756911271,-8.66483328765341e-08,-1.0148412728967489e-07,-55.83240102968893
I1,6,N8,40.201801737414065,33.90529821117094,1.0255828232911154e-07,5.893527390414471,5.893527287856188,67.15000064790357,395.7503611979804,44.201456197295656,-8.664833287887122e-08,-1.0600958144641894e-07,-55.83240097905155
I1,7,N8,33.90529821117094,25.610652788710905,1.0255828178310811e-07,7.763788205273494,7.763788102715212,67.15000070208181,521.3383765481409,58.22841230873832,-8.664833288092607e-08,-1.1252591440899881e-07,-55.83240090994987
I1,8,N8,25.610652788710905,14.493914323228346,1.0255828132444745e-07,10.405267293542574,10.405267190984292,67.15000071356778,698.7136992994585,78.03950547075641,-8.664833288238995e-08,-1.2398942759741895e-07,-55.83240080624633
I1,9,N8,14.493914323228346,7.180447730208808e-07,1.0255828106341743e-07,13.566303224302725,13.566303121744443,67.15000062430964,910.9772630947132,101.74727495145756,-8.664833288528983e-08,-1.492914730657163e-07,-55.832400604448765
I1,10,N8,7.180447730208808e-07,6.690616188861514e-08,1.263710423971767e-07,7.201789047797976e-07,5.93807862382621e-07,60.00000068048305,3.5628472147033444e-05,6.349124603827307e-06,-8.664833298498964e-08,-8.664833519607368e-08,-52.329896935599166
I1,11,N8,6.690616188861514e-08,1.5652214643525801,1.6722452348267083,1.3324089227169908e-07,-1.672245101585816,8.17946932929178e-05,-0.00013678077519479597,12.541840260507005,-9.175640903121661e-08,-8.664833301367476e-08,-8.012906021527453
I1,12,N8,1.5652214643525801,35.331754289213215,36.075355715841866,1.1715664846733407e-07,-36.07535559868522,1.3067680270037349e-06,-4.714212125915203e-05,270.5651687474888,-7.684968096319701e-05,-8.664833295997785e-08,-8.012903990041691
I1,13,N8,35.331754289213215,69.09828711407626,36.0753557158444,1.17156616526595e-07,-36.075355598687786,1.590000297753177e-07,-5.735982614346532e-06,270.56516874750764,-7.793692285351681e-05,-8.664833295443159e-08,-8.012903925378863
I1,14,N8,69.09828711407626,102.86482022708573,36.07535601799391,1.1216351752388758e-07,-36.07535590583039,9.779736387810863e-08,-3.52807470855477e-06,270.56517097618075,-7.79978816818469e-05,-8.664833295341444e-08,-8.012903925118453
I1,15,N8,102.86482022708573,136.63135305194842,36.07535571584404,1.1715662105618629e-07,-36.075355598687416,4.664625383293957e-07,-1.682780194369931e-05,270.56516874750497,-7.768870682571928e-05,-8.664833295683185e-08,-8.012903988675975
I1,16,N8,136.63135305194842,138.64657590411946,2.1530160197888972,1.332408899205739e-07,-2.1530158865480074,8.112007362992804e-05,-0.00017465280724317914,16.147621147723402,-9.290651850610682e-08,-8.664833301856053e-08,-8.012905661051795
I1,17,N8,138.64657590411946,138.64657525298088,1.263710428550714e-07,7.201788920309569e-07,5.938078491758855e-07,60.00000060562266,3.5628471310176615e-05,6.3491245116452125e-06,-8.664833298502992e-08,-8.664833519586802e-08,-52.32989469953915
I1,18,N8,138.64657525298088,128.70631277262888,1.0255828151023544e-07,9.304085771460374,9.304085668902092,67.15000063094867,624.7693585371759,69.78064405513992,-8.66483328824728e-08,-1.242005897096146e-07,-55.83240072740263
I1,19,N8,128.70631277262888,107.59827158494761,1.025582803590363e-07,19.757126641520543,19.75712653896226,67.15000118022006,1326.6910704090728,148.17845058059117,-8.664833288860614e-08,-1.948210336264402e-07,-55.83240102342033
I1,20,N8,107.59827158494761,85.7629709724613,1.0255828031340209e-07,20.437841463138085,20.437841360579803,67.1500012590601,1372.4010730954044,153.28381174272275,-8.664833288871403e-08,-1.914595947888267e-07,-55.832401102953405
I1,21,N8,85.7629709724613,77.61219240489595,1.0255828173247256e-07,7.629128829092074,7.629128726533792,67.15000090386451,512.2960008824429,57.21846698737767,-8.664833288073046e-08,-1.1039119460376371e-07,-55.832401131193876
I1,22,N8,77.61219240489595,71.9290615165125,1.0255828250070284e-07,5.319410601377808,5.319410498819526,67.15000074733682,357.19841897112246,39.895580279520686,-8.66483328774815e-08,-1.0334023997877537e-07,-55.832401146834094
I1,23,N8,71.9290615165125,66.83502841314525,1.0255828279496312e-07,4.7680150746026415,4.768014972044359,67.15000069286376,320.1722086763634,35.760113828706935,-8.664833287646916e-08,-1.017139398124258e-07,-55.832401153911846
I1,24,N8,66.83502841314525,61.98307859328839,1.0255828293938347e-07,4.541425121236925,4.541425018678642,67.1500006634631,304.95669301733875,34.06068917846406,-8.664833287595155e-08,-1.0105825851146995e-07,-55.83240115341281
I1,1,N9,0.00019532225248780944,0.00017975131885566384,1.0310290626472081e-07,1.4664721923455178e-05,1.4561619017190457e-05,67.15000062256375,0.0009778127260698754,0.00011075868622289924,-0.02563232111839115,-0.02885216999749739,-56.01806633932758
I1,2,N9,0.00017975131885566384,0.00016416939856832923,1.0310238475287208e-07,1.4675004975817643e-05,1.457190259106477e-05,67.15000058417448,0.0009785032675025329,0.00011083580520427887,-0.025632305285133196,-0.028854755426326234,-56.01791482939405
I1,3,N9,0.00016416939856832923,0.0001483389358333897,1.0309077514428667e-07,1.490763053564422e-05,1.4804539760499933e-05,67.15000051027424,0.0009941248524719458,0.0001125804098309138,-0.025632299769671785,-0.028912899994634624,-56.0145457508706
I1,4,N9,0.0001483389358333897,0.00013198266124326855,1.0306735562449613e-07,1.5399769914346567e-05,1.5296702558722072e-05,67.15000040551205,0.0010271735830211842,0.00011627127952478297,-0.025632292866430807,-0.029036672955869192,-56.007747742991846
I1,5,N9,0.00013198266124326855,0.0001147258658300011,1.030304974799514e-07,1.6242625113538533e-05,1.6139594616058583e-05,67.15000053887982,0.0010837737871656357,0.00012259241708263864,-0.025632282589999455,-0.029251110280099957,-55.997044278846225
I1,6,N9,0.0001147258658300011,9.597783530186566e-05,1.0297708147926485e-07,1.7638374383510436e-05,1.753539730203117e-05,67.1500006301739,0.0011775019398817428,0.00013306013598742277,-0.02563226843277552,-0.0296132100035042,-55.98152127981125
I1,7,N9,9.597783530186566e-05,7.46132489202727e-05,1.0290091976253743e-07,2.0087403937371296e-05,1.9984503017608758e-05,67.15000066855174,0.0013419593909931023,0.00015142728642850376,-0.0256322494872085,-0.030270504550975515,-55.95936585057624
I1,8,N9,7.46132489202727e-05,4.774613817297695e-05,1.0278752393645915e-07,2.5237667398039454e-05,2.5134879874102993e-05,67.15000067525534,0.0016878072005184778,0.00019005341191481937,-0.025632221292871515,-0.03175140153811622,-55.926332517745294
I1,9,N9,4.774613817297695e-05,7.386370466517636e-07,1.0258493445018865e-07,4.408889530497245e-05,4.398631037052226e-05,67.15000060938779,0.0029536807681852903,0.00033143610179566977,-0.025632153468058607,-0.03863906307665433,-55.86719985793143
I1,10,N9,7.386370466517636e-07,1.2162131196946313e-07,1.2711813787923884e-07,6.88894419786083e-07,5.617762819068442e-07,60.00000068119944,3.370657729709234e-05,6.120094182489913e-06,-0.025637877946552822,-0.025782139343190052,-52.42142476140161
I1,11,N9,1.2162131196946313e-07,2.9288195108361537e-06,3.14194728650783e-06,1.2510993578114163e-07,-3.016837350726688e-06,16.670401005831643,-5.0291888405984646e-05,2.4502929167167287e-05,-0.0652417531985619,-0.025639102559389886,-25.84778955055211
I1,12,N9,2.9288195108361537e-06,8.618888540888963e-05,8.909030084505296e-05,1.2023452856946343e-07,-8.89700663164835e-05,16.670342857674584,-0.0014831615095658246,0.0006690790153021682,-0.047466929046032905,-0.025638663441606455,-25.814407237007387
I1,13,N9,8.618888540888963e-05,0.00015726388062839498,7.607222146475982e-05,1.2037341093321627e-07,-7.59518480538266e-05,16.670342007795952,-0.001266143283181441,0.0005714444615676977,-0.04346557802029519,-0.02563794724668737,-25.803246320190702
I1,14,N9,0.00015726388062839498,0.000276392293067786,0.00012740699844929784,1.1656767016607031e-07,-0.00012729043077913178,16.670341924480102,-0.002121975004802493,0.0009564267458959793,-0.04346862870687969,-0.025637923107024407,-25.803246438741777
I1,15,N9,0.000276392293067786,0.0003580578000520062,8.738673620500148e-05,1.2025550502688868e-07,-8.726648069997459e-05,16.670342225365513,-0.0014547620980718309,0.0006563024378252128,-0.04746696372920986,-0.025638688354396443,-25.814407192817214
I1,16,N9,0.0003580578000520062,0.0003608599389015085,3.136554814695812e-06,1.2512116380152108e-07,-3.011433650894291e-06,16.670400504159364,-5.0201805052110664e-05,2.446256983873e-05,-0.06524194787235127,-0.025639099375648535,-25.84778932917396
I1,17,N9,0.0003608599389015085,0.00036024286946339824,1.2711649233440363e-07,6.889432445394497e-07,5.61826752205046e-07,60.000000609971224,3.370960547500091e-05,6.1204480265539005e-06,-0.025637877233829737,-0.025782153758471836,-52.42113859479089
I1,18,N9,0.00036024286946339824,0.0003129121223431995,1.0258286375744723e-07,4.4391451741112415e-05,4.4288868877354966e-05,67.15000060279255,0.002973997571811386,0.000333705259536524,-0.025632153383023944,-0.038774310329910425,-55.866590327550334
I1,19,N9,0.0003129121223431995,0.00028581879740398916,1.0278379780027022e-07,2.5449400617218537e-05,2.5346616819418266e-05,67.15000070009889,0.0017020253371690748,0.00019164138311264105,-0.025632221301161683,-0.03181542671847767,-55.92524469423577
I1,20,N9,0.00028581879740398916,0.00026426028303211255,1.028959869060112e-07,2.0268916214620892e-05,2.0166020227714882e-05,67.1500007480285,0.0013541482733758123,0.00015278859151145177,-0.025632248635635336,-0.03032038586338223,-55.957929705512115
I1,21,N9,0.00026426028303211255,0.0002453295742774209,1.0297110177714665e-07,1.7809355964773955e-05,1.7706384862996808e-05,67.15000074479647,0.0011889837567378887,0.00013434245299913326,-0.025632266933716043,-0.02965817729843786,-55.97978303212607
I1,22,N9,0.0002453295742774209,0.00022789168403959472,1.030235348968213e-07,1.641212376943426e-05,1.630910023453744e-05,67.15000068845798,0.0010951560919773191,0.00012386360478248312,-0.025632281676306247,-0.029294604865180544,-55.99502228574155
I1,23,N9,0.00022789168403959472,0.00021134941283025574,1.0305942041570221e-07,1.5573855797929817e-05,1.5470796377514114e-05,67.15000066193345,0.0010388639869907104,0.0001175768641375914,-0.02563229383934344,-0.02908069390591288,-56.005444796850064
I1,24,N9,0.00021134941283025574,0.00019532225248780944,1.0308183743432477e-07,1.5091731665978587e-05,1.4988649828544263e-05,67.15000064236519,0.0010064878456149341,0.00011396110127559684,-0.025632315617325693,-0.02895904802368339,-56.011952462636984
I2,1,N3,3.107648225760534,2.8572548938978977,1.457163228441729e-07,0.23436828628491557,0.23436814056859273,67.15000061969579,15.737820784417952,1.7577632400092882,-1.9644237215696764e-06,-2.266470715719157e-06,-55.8324123168996
I2,2,N3,2.8572548938978977,2.607277999042444,1.457163230365961e-07,0.23397850124619238,0.23397835552986934,67.15000058239268,15.711646710098007,1.7548398522188655,-1.9644237214246983e-06,-2.265961600727058e-06,-55.83241230285694
I2,3,N3,2.607277999042444,2.354630716182524,1.45716322145638e-07,0.2364779844183719,0.23647783870204975,67.15000050922495,15.879486989263057,1.7735859760102053,-1.964423722476274e-06,-2.2698704368236417e-06,-55.8324120758577
I2,4,N3,2.354630716182524,2.0956673704323863,1.457163200427897e-07,0.2423898192836143,0.24238967356729427,67.1500004048228,16.276466678168678,1.8179247374995076,-1.9644237248436544e-06,-2.2790068484442086e-06,-55.8324116226399
I2,5,N3,2.0956673704323863,1.8198154380517095,1.457163144602699e-07,0.2581975363697938,0.25819739065347935,67.15000053762598,17.337954921194765,1.936482615645812,-1.9644237303278954e-06,-2.3026720405684965e-06,-55.832410913279766
I2,6,N3,1.8198154380517095,1.5180631861767067,1.457163071186128e-07,0.2824402354164763,0.28244008970016915,67.15000062689231,18.96585220042588,2.1183028584958756,-1.9644237376755564e-06,-2.3401938235175547e-06,-55.83240988454763
I2,7,N3,1.5180631861767067,1.1732101513935072,1.457162971495247e-07,0.3227825682185398,0.32278242250224265,67.15000066108172,21.674839884411153,2.420870354511277,-1.964423747631653e-06,-2.4058038184367844e-06,-55.832408411721545
I2,8,N3,1.1732101513935072,0.7392670505746757,1.4571628191963118e-07,0.4061708700278779,0.40617072431159595,67.1500006665577,27.274364408259892,3.0462826180811984,-1.964423762266384e-06,-2.55384727938177e-06,-55.83240620190453
I2,9,N3,0.7392670505746757,1.0492341836159186e-06,1.4571625335140893e-07,0.6919531049161273,0.6919529591998739,67.15000060674117,46.464641630107884,5.189649379742855,-1.9644237883899974e-06,-3.2371068082080597e-06,-55.83240218289477
I2,10,N3,1.0492341836159186e-06,2.0343095421978584e-07,1.8029859899385787e-07,9.496307040989034e-07,7.693321051050455e-07,60.00000068119944,4.615992683037133e-05,8.47446977319571e-06,-1.964423830174576e-06,-1.9644247476238117e-06,-52.41262704021256
I2,11,N3,2.0343095421978584e-07,2.932772490434186e-06,3.1176120348695423e-06,1.7666375540438778e-07,-2.9409482794651545e-06,16.670401005848174,-4.902678715614337e-05,2.4707068427054474e-05,-2.1284938244146837e-06,-1.9644238741145423e-06,-25.823052870666395
I2,12,N3,2.932772490434186e-06,1.3110189566249442,1.4006583363999225,1.6756072990328017e-07,-1.4006581688391926,16.670342858282012,-23.349451901802794,10.504938779704894,-1.1783219488415231e-05,-1.964423892639282e-06,-25.823026009676607
I2,13,N3,1.3110189566249442,2.6933836297685123,1.4768855258134872,1.6756071321114514e-07,-1.476885358252774,16.670342008755334,-24.62018402979689,11.076642700306504,-1.1252795931784668e-05,-1.9644238814352334e-06,-25.82302451115791
I2,14,N3,2.6933836297685123,4.346256367541344,1.7658898603448054,1.6053327193739413e-07,-1.7658896998115334,16.67034192545127,-29.437985098490767,13.24417515658558,-1.1326460187988815e-05,-1.9644238816212655e-06,-25.82302450438726
I2,15,N3,4.346256367541344,5.748239556656189,1.4978454787742363,1.675606989182701e-07,-1.4978453112135375,16.670342226253343,-24.969593939918614,11.233842347512015,-1.2363902902047069e-05,-1.9644238917902205e-06,-25.82302597850934
I2,16,N3,5.748239556656189,5.748242285998041,3.1176123709516964e-06,1.7666375472973522e-07,-2.940948616221961e-06,16.670400504176012,-4.902679129462232e-05,2.470707094261074e-05,-2.130134452681346e-06,-1.96442387560203e-06,-25.823052587906872
I2,17,N3,5.748242285998041,5.748241440194813,1.802985991628082e-07,9.496307018314868e-07,7.693321026686786e-07,60.000000609971224,4.615992662939116e-05,8.474469757457213e-06,-1.9644238301416265e-06,-1.9644247475650128e-06,-52.41262571716682
I2,18,N3,5.748241440194813,5.0060409282411475,1.4571625319252688e-07,0.6946998068500579,0.6946996611338048,67.15000060034161,46.64908266219211,5.210249644247334,-1.9644237885870303e-06,-3.245596612860219e-06,-55.83240214995953
I2,19,N3,5.0060409282411475,4.5685283538618835,1.4571628144156857e-07,0.40951189728044224,0.4095117515641608,67.15000068712389,27.498714398918708,3.0713403224754274,-1.9644237627436917e-06,-2.5601682998254395e-06,-55.83240614955454
I2,20,N3,4.5685283538618835,4.219459758480364,1.4571629626439495e-07,0.3267283329385661,0.3267281872222699,67.1500007298083,21.939798010424365,2.4504635899114677,-1.964423748605274e-06,-2.4127355775579575e-06,-55.83240834173907
I2,21,N3,4.219459758480364,3.9131939015998363,1.4571630589247256e-07,0.2866649697016474,0.2866648239853415,67.15000072691545,19.24954313899677,2.1499883656346497,-1.9644237390097816e-06,-2.3471206003029012e-06,-55.832409795929614
I2,22,N3,3.9131939015998363,3.6319814976257665,1.4571631272107878e-07,0.263214937781208,0.2632147920648953,67.15000067755167,17.674873465499342,1.9741131262314058,-1.9644237319523615e-06,-2.310122313982315e-06,-55.832410804791394
I2,23,N3,3.6319814976257665,3.365550898693644,1.457163172906988e-07,0.2493791682619495,0.2493790225456322,67.15000065556386,16.745801527423076,1.870344854837001,-1.9644237272557357e-06,-2.288958990960737e-06,-55.83241149232482
I2,24,N3,3.365550898693644,3.107648225760534,1.4571632015813084e-07,0.24139702952687603,0.24139688381055588,67.15000063826045,16.20980090195291,1.8104788143239714,-1.9644237243164565e-06,-2.276941326971555e-06,-55.83241191973226
I2,1,N8,11.781473446390777,10.79306523753443,1.457162701427118e-07,0.9251502111509816,0.9251500654347115,67.15000063888907,62.12382748500914,6.938627676504388,-8.642287391777784e-07,-1.125908893656691e-06,-55.83240302595453
I2,2,N8,10.79306523753443,9.812228699655915,1.457162703704407e-07,0.9180631271157328,0.9180629813994624,67.15000059708561,61.6479297491361,6.885474546240024,-8.642287391432363e-07,-1.1237487458711772e-06,-55.83240301160293
I2,3,N8,9.812228699655915,8.83372175971991,1.4571627049929718e-07,0.9158826234415413,0.9158824777252708,67.15000052106933,61.501508856490204,6.8691207686835885,-8.642287391489831e-07,-1.1237663669313092e-06,-55.83240294024809
I2,4,N8,8.83372175971991,7.850000336228896,1.4571627045084542e-07,0.9207633800490314,0.9207632343327609,67.15000041532582,61.82925156786164,6.905726443239764,-8.642287391979837e-07,-1.1266417507309138e-06,-55.83240280837874
I2,5,N8,7.850000336228896,6.773191632385288,1.4571626809662226e-07,1.007893074459057,1.007892928742789,67.15000055031183,67.68001071973367,7.559199151314939,-8.642287396182498e-07,-1.1586448610922379e-06,-55.83240260844382
I2,6,N8,6.773191632385288,5.570016733944169,1.4571626545001734e-07,1.1261718326023242,1.1261716868860587,67.15000064790357,75.62242950404949,8.446289837389424,-8.64228740116035e-07,-1.20577728527444e-06,-55.83240232037519
I2,7,N8,5.570016733944169,4.179581011092706,1.4571626230805538e-07,1.3014479642504049,1.3014478185341425,67.15000070208181,87.39222192829051,9.760860824750004,-8.642287407330489e-07,-1.2846396424552717e-06,-55.8324019043824
I2,8,N8,4.179581011092706,2.4537370088772916,1.4571625797661952e-07,1.6153901137350584,1.6153899680188004,67.15000071356778,108.47343750515267,12.115426945884872,-8.642287415145701e-07,-1.4554438151440196e-06,-55.832401263667904
I2,9,N8,2.4537370088772916,1.0050910603719537e-06,1.4571625049669254e-07,2.2966970272053366,2.296696881489086,67.15000062430964,154.22319702584213,17.225228796911903,-8.642287431099341e-07,-2.048266120917468e-06,-55.83240001942672
I2,10,N8,1.0050910603719537e-06,1.1293977087550071e-07,1.7891703811214006e-07,9.918021083905732e-07,8.128850702784332e-07,60.00000068048305,4.87731047698605e-05,8.780393598770349e-06,-8.64228741123461e-07,-8.642289421385381e-07,-52.329896241964896
I2,11,N8,1.1293977087550071e-07,3.538338337474199,3.7802760883748356,1.8175661574037237e-07,-3.78027590661822,8.17946932929178e-05,-0.0003092065083444441,28.352072025985883,-2.4953310049452956e-05,-8.642288076431151e-07,-8.012933672060983
I2,12,N8,3.538338337474199,7.271318213706265,3.9882265392648506,1.5399056456235526e-07,-3.988226385274286,1.3067680270037349e-06,-5.211686724729116e-06,29.911700199415616,-0.00010468814580085217,-8.642288049838857e-07,-8.012932893509745
I2,13,N8,7.271318213706265,11.004298089940546,3.9882265392671594,1.5399051629535852e-07,-3.988226385276643,1.590000297753177e-07,-6.341281140096939e-07,29.91170019943257,-0.00010561087132291963,-8.642288042732563e-07,-8.012932653149047
I2,14,N8,11.004298089940546,14.737278257760805,3.9882268414186264,1.4577973128865128e-07,-3.988226695638895,9.779736387810863e-08,-3.900380573817838e-07,29.911702403987682,-0.00010567197022435527,-8.642288041903941e-07,-8.012932653042736
I2,15,N8,14.737278257760805,18.47025813399484,3.988226539266904,1.5399052146957355e-07,-3.9882263852763824,4.664625383293957e-07,-1.8603582031082918e-06,29.911700199430694,-0.00010552801243599484,-8.642288047284609e-07,-8.012932893104
I2,16,N8,18.47025813399484,22.016010995311124,3.7881977088682635,1.8175660872172108e-07,-3.7881975271116546,8.112007362992804e-05,-0.00030729886232400876,28.411484179686543,-2.5625793862841616e-05,-8.642288085740382e-07,-8.012933670699534
I2,17,N8,22.016010995311124,22.016010103159857,1.7891703883315108e-07,9.918020882986627e-07,8.128850494655116e-07,60.00000060562266,4.87731034602323e-05,8.780393453488603e-06,-8.642287410344285e-07,-8.642289422270995e-07,-52.32989400971641
I2,18,N8,22.016010103159857,19.606310318181347,1.4571625097677337e-07,2.2554791264013114,2.2554789806850604,67.15000063094867,151.45541497609327,16.91609454088172,-8.642287429042036e-07,-1.9777881841887777e-06,-55.83240012984665
I2,19,N8,19.606310318181347,17.764670557252717,1.4571625645296983e-07,1.7237749438906238,1.7237747981743674,67.15000118022006,115.75147973184237,12.9283131720516,-8.642287421539956e-07,-1.563262342914394e-06,-55.83240141290882
I2,20,N8,17.764670557252717,16.239351711140078,1.4571626013724872e-07,1.427698567622863,1.427698421906603,67.1500012590601,95.86995082858651,10.707740350043425,-8.642287414659177e-07,-1.3775087670230055e-06,-55.8324020309171
I2,21,N8,16.239351711140078,14.979157246577413,1.45716264265016e-07,1.17954214649209,1.179542000775826,67.15000090386451,79.20624641824287,8.846567191562658,-8.642287403585447e-07,-1.2281103160016406e-06,-55.83240241050418
I2,22,N8,14.979157246577413,13.855333537981718,1.4571626693797114e-07,1.051899118907009,1.0518989731907422,67.15000074733682,70.63501683588117,7.889244484674569,-8.642287397808155e-07,-1.1729256112783205e-06,-55.83240266708801
I2,23,N8,13.855333537981718,12.799756602319377,1.4571626846763704e-07,0.9880201394413907,0.9880199937251222,67.15000069286376,66.3455432632052,7.410152138682443,-8.642287394845676e-07,-1.1484592515676605e-06,-55.832402838478515
I2,24,N8,12.799756602319377,11.781473446390777,1.4571626937505833e-07,0.953113161610611,0.9531130158943416,67.1500006634631,64.00153964966036,7.148349804951603,-8.642287393074034e-07,-1.1356906327335298e-06,-55.83240294129416
I2,1,N9,0.0014231959686141122,0.0013094436327902679,1.4586562398333725e-07,0.00010659997862082748,0.00010645411299684415,67.15000062256375,0.007148393754012557,0.0008005938318360811,-0.003664491606346336,-0.004120652626315756,-55.859532642258145
I2,2,N9,0.0013094436327902679,0.0011956117304265962,1.4586548254246033e-07,0.00010667445277819027,0.0001065285872956478,67.15000058417448,0.0071533946991340315,0.0008011523869554955,-0.00366448755599804,-0.004121013735584536,-55.859510535613126
I2,3,N9,0.0011956117304265962,0.001079973352209487,1.4586232202627736e-07,0.00010836531140809213,0.00010821944908606585,67.15000051027424,0.007266936061350919,0.0008138338029758881,-0.0036644887363440695,-0.004129209079652246,-55.859018633569235
I2,4,N9,0.001079973352209487,0.0009605123461521218,1.4585594371535417e-07,0.0001119432854785592,0.00011179742953484385,67.15000040551205,0.007507197438599969,0.0008406685606670591,-0.0036644868327251985,-0.00414666286638105,-55.85802612113641
I2,5,N9,0.0009605123461521218,0.0008345015119868991,1.458458974014344e-07,0.00011807391578597825,0.00011792806988857682,67.15000053887982,0.00791886995656699,0.0008866482126253476,-0.0036644784505252452,-0.004176910795434834,-55.85646348642419
I2,6,N9,0.0008345015119868991,0.0006976389858738802,1.458313251630737e-07,0.00012823108668243564,0.00012808525535727258,67.1500006301739,0.00860092497795684,0.0009628268850569903,-0.0036644566285323524,-0.004227997117222957,-55.85419722327026
I2,7,N9,0.0006976389858738802,0.0005417170739507167,1.4581051962974015e-07,0.0001460706535730867,0.00014592484305345695,67.15000066855174,0.009798853308597942,0.0010966234806953734,-0.003664411336255755,-0.004320776611873627,-55.85096208705002
I2,8,N9,0.0005417170739507167,0.00034561958405275215,1.4577947410121686e-07,0.00018367496735863695,0.00018352918788453574,67.15000067525534,0.01232398509037564,0.0013786556012455361,-0.0036643235309486246,-0.004530181771301163,-55.84613525844886
I2,9,N9,0.00034561958405275215,1.0477418757182277e-06,1.4572374249052e-07,0.00032264691226560475,0.0003225011885231142,67.15000060938779,0.021655955005855404,0.0024209447700607144,-0.0036641699023168607,-0.005516416535832361,-55.83746973563085
I2,10,N9,1.0477418757182277e-06,2.0344905480164778e-07,1.802774932240703e-07,9.481984710815538e-07,7.679209778574835e-07,60.00000068119944,4.607525919455635e-05,8.46356973229218e-06,-0.003664790425303314,-0.003667111404384571,-52.41394076749743
I2,11,N9,2.0344905480164778e-07,2.9341768336105163e-06,3.118998160031833e-06,1.7658061104614795e-07,-2.942417548985685e-06,16.670401005831643,-4.9051280468187644e-05,2.4716840783084856e-05,-0.009182821488101518,-0.0036632243543811924,-25.826371363509605
I2,12,N9,2.9341768336105163e-06,0.00061375496687824,0.0006527774659099602,1.6746729207934163e-07,-0.0006526099986178809,16.670342857674584,-0.010879232429306612,0.004897086999015297,-0.006706265518698352,-0.0036633392235574727,-25.82153892094069
I2,13,N9,0.00061375496687824,0.0011313085202455612,0.0005531330257544612,1.67505379567717e-07,-0.0005529655203748934,16.670342007795952,-0.009218124343168335,0.004149753983505217,-0.006160518666897366,-0.0036632696165718346,-25.819921204273882
I2,14,N9,0.0011313085202455612,0.0020285388024411702,0.0009587625478490498,1.60488985270771e-07,-0.000958602058863779,16.670341924480102,-0.0159802240907698,0.007191922776257405,-0.0061605428847358226,-0.0036631184652557006,-25.819921076423103
I2,15,N9,0.0020285388024411702,0.0026267327013194727,0.0006392872044107124,1.674732853164272e-07,-0.000639119731125396,16.670342225365513,-0.010654344640843942,0.0047959100827202165,-0.00670643578691536,-0.0036633454824350153,-25.82153868731724
I2,16,N9,0.0026267327013194727,0.0026294626572209152,3.118177307791501e-06,1.7658394289654508e-07,-2.941593364894956e-06,16.670400504159364,-4.903753951317671e-05,2.4710709380160345e-05,-0.0091829430039219,-0.003663226163144078,-25.826371041157827
I2,17,N9,0.0026294626572209152,0.0026286183491054586,1.8027701331397408e-07,9.482123663241701e-07,7.679353530101961e-07,60.000000609971224,4.607612164903023e-05,8.463670347286081e-06,-0.0036647892877421278,-0.003667112504807914,-52.4138985765584
I2,18,N9,0.0026286183491054586,0.0022816865767158905,1.457231801890987e-07,0.00032485580645190626,0.0003247100832717172,67.15000060279255,0.021804282287428627,0.002437511472240715,-0.003664165457012046,-0.00553555450205704,-55.837382291728574
I2,19,N9,0.0022816865767158905,0.0020839392518811825,1.457784553607938e-07,0.00018521921196691484,0.00018507343351155403,67.15000070009889,0.012427681189870558,0.0013902374281670672,-0.0036643188056730423,-0.004539209929570477,-55.84597705323741
I2,20,N9,0.0020839392518811825,0.0019266039369517432,1.458091711244283e-07,0.0001473935976055405,0.00014724778843441607,67.1500007480285,0.009887689103516582,0.001106545550824987,-0.00366440529054108,-0.0043278146093048515,-55.85075275492833
I2,21,N9,0.0019266039369517432,0.0017884105996495126,1.4582969172724859e-07,0.0001294767245244913,0.00012933089483276405,67.15000074479647,0.0086845696843453,0.0009721691566216391,-0.0036644480982311353,-0.004234346302806484,-55.85394365601632
I2,22,N9,0.0017884105996495126,0.0016610809280141437,1.4584399686398872e-07,0.0001193083459929817,0.00011916250199611771,67.15000068845798,0.00800176209107768,0.0008959064249238428,-0.0036644662049044254,-0.00418305795102727,-55.856168406494646
I2,23,N9,0.0016610809280141437,0.0015402655890459523,1.458537786863688e-07,0.00011321093918631914,0.00011306508540763276,67.15000066193345,0.007592320559964102,0.0008501759472375413,-0.0036644709611345144,-0.00415289212864732,-55.85768994223723
I2,24,N9,0.0015402655890459523,0.0014231959686141122,1.458598858650186e-07,0.00010970495198676914,0.00010955909210090412,67.15000064236519,0.007356893104952658,0.0008238810890447562,-0.0036644756894464656,-0.004135739417279255,-55.85863999091246
I4,1,N3,28.854183976581318,26.522696477440384,1.4571626767378458e-07,2.182272426857355,2.1822722811410875,67.15000061969579,146.53958503096896,16.36704429430217,-1.2847512565824547e-07,-1.4158030793128012e-07,-55.83240187647375
I4,2,N3,26.522696477440384,24.240828253138815,1.4571626792533378e-07,2.1358287856077096,2.1358286398914417,67.15000058239268,143.42089441260126,16.01871698492983,-1.284751256572406e-07,-1.4130263085107712e-07,-55.832401871464484
I4,3,N3,24.240828253138815,22.02947040101065,1.4571626833599295e-07,2.0698310772534017,2.0698309315371333,67.15000050922495,138.98914810672807,15.523734172272526,-1.284751256559222e-07,-1.4093628241544528e-07,-55.832401844457536
I4,4,N3,22.02947040101065,19.897051950179904,1.4571626886097556e-07,1.9959437976390189,1.99594365192275,67.1500004048228,134.02761703461618,14.969579575164659,-1.2847512565446426e-07,-1.405361894442661e-07,-55.8324017948904
I4,5,N3,19.897051950179904,17.451793694648185,1.4571626741433635e-07,2.288761854839127,2.2887617091228596,67.15000053762598,153.6903499980978,17.16571500416546,-1.2847512566079816e-07,-1.4236727490157904e-07,-55.832401721337376
I4,6,N3,17.451793694648185,14.620714467098676,1.4571626608220348e-07,2.649890284647779,2.649890138931513,67.15000062689231,177.94012449044683,19.87417822773034,-1.2847512566695106e-07,-1.4470939722090957e-07,-55.832401616306704
I4,7,N3,14.620714467098676,11.303963703189533,1.4571626471753033e-07,3.1044788426803933,3.1044786969641285,67.15000066108172,208.46574655345535,23.283592412974937,-1.2847512567299223e-07,-1.478565911583742e-07,-55.83240146583784
I4,8,N3,11.303963703189533,7.080176470758429,1.4571626238960517e-07,3.9534649772169477,3.9534648315006855,67.1500006665577,265.47516607048345,29.650988421999074,-1.284751256806053e-07,-1.541233203791036e-07,-55.832401238832965
I4,9,N3,7.080176470758429,1.0492347074265773e-06,1.457162572588759e-07,6.627044322207634,6.627044176491377,67.15000060674117,445.0060204722965,49.702833509429176,-1.2847512569215797e-07,-1.7813986588506999e-07,-55.832400821969436
I4,10,N3,1.0492347074265773e-06,2.0343089267788306e-07,1.8029861538630192e-07,9.496312663502554e-07,7.693326509639535e-07,60.00000068119944,4.615995958190618e-05,8.474474113024179e-06,-1.2847512588990824e-07,-1.28475130324739e-07,-52.412626983922635
I4,11,N3,2.0343089267788306e-07,2.9327635698355467e-06,3.117602658393522e-06,1.766638327883577e-07,-2.940938825605164e-06,16.670401005848174,-4.902662955650627e-05,2.47069986838641e-05,-1.2913244036148558e-07,-1.2847512590257525e-07,-25.823046912807722
I4,12,N3,2.9327635698355467e-06,1.5261696904735245,1.6305202315469507,1.6756083984965158e-07,-1.6305200639861108,16.670342858282012,-27.181328503956394,12.228902993308429,-1.8965640795630029e-07,-1.2847512589259225e-07,-25.823015674347854
I4,13,N3,1.5261696904735245,18.842049207709533,18.499871470356826,1.6756082648513918e-07,-18.499871302796,16.670342008755334,-308.3991817355674,138.7490372843824,-4.1716656699177876e-07,-1.284751258864719e-07,-25.823015273541852
I4,14,N3,18.842049207709533,42.40930476139188,25.178692014094402,1.6053337582912634e-07,-25.178691853561027,16.67034192545127,-419.7374024344368,188.84019130970833,-4.5771466304994124e-07,-1.2847512588707264e-07,-25.82301523660163
I4,15,N3,42.40930476139188,54.13179811507314,12.524031552029095,1.6756082573783132e-07,-12.52403138446827,16.670342226253343,-208.7798892314235,93.93023789692441,-3.3719998418964567e-07,-1.2847512589271338e-07,-25.823015393279576
I4,16,N3,54.13179811507314,54.13180084440397,3.117600699650794e-06,1.7666384144054883e-07,-2.940936858210245e-06,16.670400504176012,-4.902659528385789e-05,2.4706984058185074e-05,-1.2913513520177094e-07,-1.2847512591193255e-07,-25.823046504287323
I4,17,N3,54.13180084440397,54.13179999860016,1.8029861554730224e-07,9.496312643372437e-07,7.693326487899415e-07,60.000000609971224,4.6159959396667264e-05,8.474474099134094e-06,-1.2847512588914776e-07,-1.284751303251328e-07,-52.41262567233743
I4,18,N3,54.13179999860016,47.182845388991964,1.4571625733944667e-07,6.504221642254699,6.504221496538441,67.15000060034161,436.75847739731114,48.78166340978217,-1.284751256919125e-07,-1.7694080535630558e-07,-55.83240082604261
I4,19,N3,47.182845388991964,42.929145944754126,1.4571626233611078e-07,3.981462807468049,3.9814626617517868,67.15000068712389,267.3552204723906,29.860972148882333,-1.284751256808173e-07,-1.5433896135831826e-07,-55.83240125204661
I4,20,N3,42.929145944754126,39.47596657193604,1.457162643907022e-07,3.232176020619165,3.2321758749029006,67.1500007298083,217.04061235859854,24.24132124751572,-1.2847512567497998e-07,-1.4889934118059384e-07,-55.83240148191099
I4,21,N3,39.47596657193604,36.468975096985304,1.4571626552840026e-07,2.8145441482153304,2.8145440024990647,67.15000072691545,188.9966318137477,21.10908220448697,-1.284751256701431e-07,-1.459326989433933e-07,-55.83240163131288
I4,22,N3,36.468975096985304,33.784880366825334,1.457162664540652e-07,2.512312795091172,2.5123126493749055,67.15000067755167,168.70179610774653,18.84234705605579,-1.284751256648823e-07,-1.4376478547441024e-07,-55.83240173291138
I4,23,N3,33.784880366825334,31.269804564927316,1.4571626699339904e-07,2.3541110782379815,2.3541109325217144,67.15000065556386,158.07855066210317,17.655834179656864,-1.2847512566189097e-07,-1.427020440637837e-07,-55.83240180101312
I4,24,N3,31.269804564927316,28.854183976581318,1.4571626734733406e-07,2.261020998353293,2.2610208526370257,67.15000063826045,151.82755169769646,16.957658580521706,-1.284751256599773e-07,-1.4209043952651912e-07,-55.83240184205939
I4,1,N8,62.27499428480255,57.26375579081847,1.4571626302756796e-07,4.690519358030528,4.690519212314265,67.15000063888907,314.96836810362436,35.178896278100936,-1.096108174294546e-07,-1.310757252717237e-07,-55.83240114092944
I4,2,N8,57.26375579081847,52.45845549655133,1.4571626326357887e-07,4.497761203095482,4.497761057379219,67.15000059708561,302.02465768856297,33.73321011608809,-1.0961081742883003e-07,-1.3028002234370974e-07,-55.832401126563084
I4,3,N8,52.45845549655133,48.0040240151869,1.4571626371500042e-07,4.169347994218542,4.169347848502278,67.15000052106933,279.9717101994473,31.270111049511048,-1.0961081742778761e-07,-1.2888453408333034e-07,-55.832401103627056
I4,4,N8,48.0040240151869,43.957641184423316,1.4571626432666668e-07,3.7874144572561517,3.7874143115398873,67.15000041532582,254.32487259291437,28.40560952229312,-1.0961081742630223e-07,-1.272196386518889e-07,-55.83240107190086
I4,5,N8,43.957641184423316,38.90165674232307,1.457162630169179e-07,4.732401565467269,4.732401419751006,67.15000055031183,317.7807579405765,35.49301283387649,-1.0961081743033408e-07,-1.320102321315566e-07,-55.83240103111928
I4,6,N8,38.90165674232307,32.52944620170498,1.457162619056336e-07,5.964389193679964,5.964389047963702,67.15000064790357,400.50872843511155,44.7329200454717,-1.0961081743399375e-07,-1.387779681145994e-07,-55.83240097741346
I4,7,N8,32.52944620170498,24.530780672957132,1.4571626099763297e-07,7.48675106256942,7.4867509168531585,67.15000070208181,502.7353293230012,56.15063406214261,-1.0961081743727696e-07,-1.4859358496116385e-07,-55.83240090333428
I4,8,N8,24.530780672957132,14.143744515119867,1.4571626011741298e-07,9.722265971397112,9.722265825680852,67.15000071356778,652.8501571319648,72.91699587835029,-1.0961081743934785e-07,-1.6610580718901443e-07,-55.83240079120866
I4,9,N8,14.143744515119867,1.005091063647933e-06,1.457162593200718e-07,13.238544053048392,13.238543907332133,67.15000062430964,888.9682316423033,99.28908149073487,-1.0961081744431182e-07,-2.0630952446754182e-07,-55.8324005714863
I4,10,N8,1.005091063647933e-06,1.1293969442416776e-07,1.7891704995054665e-07,9.918021933869183e-07,8.128851434363717e-07,60.00000068048305,4.877310915933686e-05,8.780394325030987e-06,-1.0961081758952582e-07,-1.0961082099054472e-07,-52.32989690782255
I4,11,N8,1.1293969442416776e-07,5.912140639038821,6.316389658422824,1.8175681917624374e-07,-6.3163894766660045,8.17946932929178e-05,-0.0005166471399625094,47.372923801347326,-1.428070583356638e-07,-1.0961081767992794e-07,-8.012907544780589
I4,12,N8,5.912140639038821,33.196287489478415,29.149729716837157,1.539907114194108e-07,-29.149729562846446,1.3067680270037349e-06,-3.809193458853329e-05,218.62297403120903,-7.967620976626529e-05,-1.0961081763597424e-07,-8.012906985242775
I4,13,N8,33.196287489478415,60.48043433992027,29.149729716839527,1.5399066171047944e-07,-29.149729562848865,1.590000297753177e-07,-4.634807868435428e-06,218.62297403122642,-8.076021101441413e-05,-1.0961081762738129e-07,-8.012906917118487
I4,14,N8,60.48043433992027,87.76458148195077,29.149730018993818,1.4577986254941366e-07,-29.149729873213957,9.779736387810863e-08,-2.850766739359279e-06,218.62297623580258,-8.081608919931253e-05,-1.0961081762567191e-07,-8.01290691143007
I4,15,N8,87.76458148195077,115.04872833239232,29.149729716839204,1.5399066852939303e-07,-29.149729562848535,4.664625383293957e-07,-1.3597256843501754e-05,218.62297403122403,-8.049224078461396e-05,-1.0961081763047173e-07,-8.012906959310461
I4,16,N8,115.04872833239232,127.43439717831576,13.232552393277862,1.8175681590101438e-07,-13.232552211521046,8.112007362992804e-05,-0.0010734256097104542,99.24414431276008,-2.1123157009574318e-07,-1.0961081768806293e-07,-8.01290720716743
I4,17,N8,127.43439717831576,127.43439628616441,1.7891705061365063e-07,9.918021751485017e-07,8.128851245348511e-07,60.00000060562266,4.877310796439272e-05,8.780394193216144e-06,-1.0961081758950367e-07,-1.0961082099032547e-07,-52.32989466884938
I4,18,N8,127.43439628616441,115.84645023532087,1.457162598599917e-07,10.846317631251004,10.846317485534744,67.15000063094867,728.3302259971276,81.34738332725449,-1.0961081744023042e-07,-1.707591420746179e-07,-55.832400691486555
I4,19,N8,115.84645023532087,100.7157778233728,1.457162588397648e-07,14.162309505244819,14.16230935952856,67.15000118022006,950.9990902069844,106.21732238220808,-1.0961081744963937e-07,-2.596820459019058e-07,-55.8324009926098
I4,20,N8,100.7157778233728,86.66013949416023,1.457162590888832e-07,13.156077603804404,13.156077458088145,67.1500012590601,883.4306178749111,98.67058312140497,-1.0961081744954259e-07,-2.493233571719291e-07,-55.83240108271589
I4,21,N8,86.66013949416023,78.80213247021187,1.457162609811316e-07,7.355094702077098,7.355094556360837,67.15000090386451,493.8946061076391,55.1632113584502,-1.0961081743712271e-07,-1.460374673392701e-07,-55.832401118700304
I4,22,N8,78.80213247021187,72.82639463690938,1.457162621233168e-07,5.593290739632559,5.593290593916297,67.15000074733682,375.5894675615514,41.94968164011616,-1.0961081743201277e-07,-1.3512228931887005e-07,-55.832401139693346
I4,23,N8,72.82639463690938,67.42072148795577,1.45716262614322e-07,5.059710195082018,5.059710049365755,67.15000069286376,339.75953332060016,37.94782755598711,-1.0961081743036324e-07,-1.3252363805141565e-07,-55.83240115067101
I4,24,N8,67.42072148795577,62.27499428480255,1.4571626287409414e-07,4.816400789812851,4.816400644096588,67.1500006634631,323.42130644659005,36.12300701646836,-1.0961081742949892e-07,-1.3144815677280383e-07,-55.83240115294189
I4,1,N9,0.00019536096573990027,0.00017984126025844655,1.4684005221533628e-07,1.4655090313026336e-05,1.4508250260810999e-05,67.15000062256375,0.0009742290140457693,0.00011101447773931254,-0.024501156564509564,-0.02724559907078996,-56.03204708661435
I4,2,N9,0.00017984126025844655,0.00016431054030453096,1.4683900713125708e-07,1.4665398943656647e-05,1.451855993652539e-05,67.15000058417448,0.0009749213082190521,0.00011109178463090927,-0.02450099100808237,-0.027247814102284242,-56.03188679298131
I4,3,N9,0.00016431054030453096,0.00014853183284525395,1.46815857316491e-07,1.4897494967214852e-05,1.4750679109898361e-05,67.15000051027424,0.0009905081097565664,0.00011283233118398507,-0.024500935253734483,-0.027296768781244728,-56.02833765877803
I4,4,N9,0.00014853183284525395,0.00013222859352820583,1.467691783389306e-07,1.5388415890823044e-05,1.5241646712484114e-05,67.15000040551205,0.0010234765829239796,0.0001165138880187148,-0.0245009106440304,-0.027400852702492137,-56.021178115565114
I4,5,N9,0.00013222859352820583,0.00011502720804900933,1.4669575943798536e-07,1.622901637658851e-05,1.6082320617150524e-05,67.15000053887982,0.0010799278381080958,0.00012281784102019874,-0.02450089522904115,-0.027580917867732833,-56.00990889909832
I4,6,N9,0.00011502720804900933,9.63388677503895e-05,1.4658945729506677e-07,1.7620712956686548e-05,1.747412349939148e-05,67.1500006301739,0.0011733874039958746,0.0001332547681048621,-0.024500881295755932,-0.027884299115422208,-55.99357328724211
I4,7,N9,9.63388677503895e-05,7.504196586960987e-05,1.4643811295444592e-07,2.0062194005416677e-05,1.991575589246223e-05,67.15000066855174,0.0013373430214935521,0.00015156474088778342,-0.024500865179622112,-0.0284330051389371,-55.97027694063548
I4,8,N9,7.504196586960987e-05,4.825581333865328e-05,1.462133637482366e-07,2.5199935712101742e-05,2.5053722348353505e-05,67.15000067525534,0.0016823574726095977,0.00019009611806887486,-0.024500842896974108,-0.0296614613539077,-55.93559610469518
I4,9,N9,4.825581333865328e-05,1.0379569480846084e-06,1.458142930272601e-07,4.432366090043628e-05,4.417784660740902e-05,67.15000060938779,0.002966542426608956,0.00033352106395097655,-0.024500804287077953,-0.03534957180167527,-55.87375779650626
I4,10,N9,1.0379569480846084e-06,2.0336698971455912e-07,1.8019460286317898e-07,9.390439718243859e-07,7.588493689612069e-07,60.00000068119944,4.553096265460018e-05,8.394289310156736e-06,-0.024506398493587926,-0.02464261400224278,-52.42517211021263
I4,11,N9,2.0336698971455912e-07,2.9173270155139998e-06,3.1006613284621976e-06,1.7621040307214137e-07,-2.9244509253900564e-06,16.670401005831643,-4.8751769648127675e-05,2.4576537986507543e-05,-0.05656642961962456,-0.024507069470225594,-25.837429890190315
I4,12,N9,2.9173270155139998e-06,8.476283026349912e-05,8.763252898590784e-05,1.6711707432384677e-07,-8.7465411911584e-05,16.670342857674584,-0.0014580784047538398,0.0006584973454517376,-0.04152090627042502,-0.024507067907502192,-25.80370030492685
I4,13,N9,8.476283026349912e-05,0.0001487155708712702,6.851664279299489e-05,1.673914754979065e-07,-6.834925131749698e-05,16.670342007795952,-0.0011394053954394729,0.000515130257013696,-0.038475548991146295,-0.024507085577770323,-25.792283523703063
I4,14,N9,0.0001487155708712702,0.00027951057112716716,0.00013992137847434796,1.6043975634286005e-07,-0.0001397609387180051,16.670341924480102,-0.002329862636115455,0.001050613636730181,-0.03847561915412561,-0.024506816843733445,-25.79228326696865
I4,15,N9,0.00027951057112716716,0.0003582529873278946,8.431732344187749e-05,1.6716823425420084e-07,-8.415015520762328e-05,16.670342225365513,-0.001402811885628704,0.0006336336875709876,-0.04152103763305383,-0.024507102522532534,-25.803700109244897
I4,16,N9,0.0003582529873278946,0.0003609604543162577,3.093756639391074e-06,1.7623871563611697e-07,-2.917517923754957e-06,16.670400504159364,-4.863619226705862e-05,2.4524965162703934e-05,-0.056566563404551316,-0.024507118411912526,-25.83742963505547
I4,17,N9,0.0003609604543162577,0.0003601257546132093,1.8019109721891822e-07,9.391436215623591e-07,7.589525243434409e-07,60.000000609971224,4.553715192354566e-05,8.39501039085958e-06,-0.024506462087681435,-0.024642590890504662,-52.42488065932336
I4,18,N9,0.0003601257546132093,0.0003125759878374458,1.4581029104923768e-07,4.463432551486172e-05,4.4488515223812485e-05,67.15000060279255,0.0029874038240963537,0.0003358510185443322,-0.02450085058483939,-0.03545992769487773,-55.873136751272526
I4,19,N9,0.0003125759878374458,0.0002855651295637179,1.462060320658259e-07,2.541025386407804e-05,2.5264047832012213e-05,67.15000070009889,0.001696480829606952,0.000191673449221079,-0.024500850466321757,-0.029714001172569462,-55.93446343598342
I4,20,N9,0.0002855651295637179,0.0002640756207767779,1.4642835766469748e-07,2.024246552301246e-05,2.0096037165347763e-05,67.1500007480285,0.001349448910685511,0.00015291670410507867,-0.024500857402503587,-0.02847437864850493,-55.96877402748908
I4,21,N9,0.0002640756207767779,0.0002452056785479594,1.465775997917092e-07,1.779068197504124e-05,1.7644104375249528e-05,67.15000074479647,0.0011848016219392725,0.0001345294468112471,-0.024500863923821226,-0.02792181826190201,-55.991749955243286
I4,22,N9,0.0002452056785479594,0.0002278241069987643,1.4668192837048514e-07,1.6397658420764297e-05,1.625097649239381e-05,67.15000068845798,0.0010912530826523588,0.00012408255261851087,-0.02450086493767424,-0.027617345032208116,-56.00778494112371
I4,23,N9,0.0002278241069987643,0.00021133566465134286,1.467533950925917e-07,1.5561752099613503e-05,1.5414998704520913e-05,67.15000066193345,0.0010351171732122825,0.0001178137912102957,-0.024500854527799966,-0.02743782421940394,-56.0187566885596
I4,24,N9,0.00021133566465134286,0.00019536096573990027,1.4679806230080144e-07,1.508092737629975e-05,1.493412931399895e-05,67.15000064236519,0.0010028267930281942,0.00011420794078950413,-0.024500829168010593,-0.027335642464848032,-56.025608979398356
I3,1,N3,0.011865672779849575,0.010921986463938937,1.4573598125857718e-07,0.0008834180704025933,0.0008832723344213348,67.15000061969579,0.059311737803752776,0.006626728547878889,-0.00031803212214032665,-0.00034602157729298535,-55.83581281439136
I3,2,N3,0.010921986463938937,0.009977645692197029,1.4573596450413435e-07,0.0008840306410459844,0.0008838849050814803,67.15000058239268,0.0593528718909895,0.006631322827578663,-0.0003180317479648072,-0.00034604376734824217,-55.83581006069591
I3,3,N3,0.009977645692197029,0.009018411492380168,1.4573558865742795e-07,0.0008979708893948611,0.0008978251538062038,67.15000050922495,0.06028895953528155,0.006735874687376389,-0.00031803639114153344,-0.0003465127205493859,-55.83575148404707
I3,4,N3,0.009018411492380168,0.008027659803977922,1.4573483018575292e-07,0.0009274712580462902,0.0009273255232161045,67.1500004048228,0.06226990925936393,0.006957127446573569,-0.000318046007022387,-0.00034750878704939794,-55.83563342681917
I3,5,N3,0.008027659803977922,0.006982827969359302,1.4573363410257606e-07,0.0009780902738569315,0.000977944540222829,67.15000053762598,0.06566897640173137,0.007336770056182755,-0.0003180606576553107,-0.000349233238099471,-55.83544766175579
I3,6,N3,0.006982827969359302,0.005848407085879974,1.4573190117743014e-07,0.0010619456220723447,0.0010617998901711672,67.15000062689231,0.07129986329062807,0.007965685154801417,-0.0003180805322875246,-0.00035213412938368604,-55.83517843616012
I3,7,N3,0.005848407085879974,0.004556512895915984,1.4572943086952754e-07,0.001209340634777762,0.0012091949053468925,67.15000066108172,0.08119743869342048,0.009071147731564736,-0.0003181064763347531,-0.0003573650851510571,-55.83479459868374
I3,8,N3,0.004556512895915984,0.00293108216695797,1.4572575489307935e-07,0.00152153083205566,0.001521385106300767,67.1500006665577,0.10216101090218746,0.011412574183579147,-0.0003181413238313788,-0.00036900826489442013,-55.83422349402177
I3,9,N3,0.00293108216695797,1.0490371625354434e-06,1.4571920446561177e-07,0.0027426386735006822,0.0027424929542962167,67.15000060674117,0.18415840354497434,0.02057088294528861,-0.00031819658649955495,-0.00042319641348317,-55.83320590290629
I3,10,N3,1.0490371625354434e-06,2.034246407040337e-07,1.80298591749967e-07,9.494521954719786e-07,7.691536037220116e-07,60.00000068119944,4.6149216747267705e-05,8.473130904164592e-06,-0.0003182088673088865,-0.00031823383499572145,-52.41292771638594
I3,11,N3,2.034246407040337e-07,2.93196789891559e-06,3.1167554282921464e-06,1.766604740190203e-07,-2.940094954273126e-06,16.670401005848174,-4.901256188300386e-05,2.4700619267333753e-05,-0.0005957526093835503,-0.00031820814489457117,-25.822984267395846
I3,12,N3,2.93196789891559e-06,0.004585947023336522,0.004896574863086002,1.6755936059431125e-07,-0.004896407303725408,16.670342858282012,-0.08162478852689874,0.036725568168349466,-0.00046878219755009184,-0.00031812257664988995,-25.822456977129583
I3,13,N3,0.004585947023336522,0.00754330522764299,0.003159761994072738,1.6756472829602118e-07,-0.003159594429344442,16.670342008755334,-0.052671519746129984,0.023699471691007754,-0.0004426603362462035,-0.00031809167509737405,-25.822276712883042
I3,14,N3,0.00754330522764299,0.017798425073811863,0.01095650786551636,1.605389333559584e-07,-0.010956347326583005,16.67034192545127,-0.18264605618814264,0.08217501303337287,-0.0004426640313689122,-0.0003180916762992497,-25.822276653733727
I3,15,N3,0.017798425073811863,0.02193134788636815,0.004415707083647288,1.6756060236845675e-07,-0.00441553952304492,16.670342226253343,-0.07360855496270628,0.033119059831872424,-0.00046886334221664356,-0.0003181225431993433,-25.82245677626044
I3,16,N3,0.02193134788636815,0.021934076267240872,3.1165827418563905e-06,1.766611769412426e-07,-2.939921564915148e-06,16.670400504176012,-4.900966993799941e-05,2.4699329390982248e-05,-0.0005958365684210812,-0.0003182081890315169,-25.822983939189225
I3,17,N3,0.021934076267240872,0.021933230652850827,1.8029853334305548e-07,9.49453892953407e-07,7.691553596103514e-07,60.000000609971224,4.6149322045783726e-05,8.473143197223468e-06,-0.00031820887984957064,-0.00031823381824753875,-52.412921909822664
I3,18,N3,0.021933230652850827,0.018982150499321563,1.4571914304407568e-07,0.0027623386876617344,0.0027621929685186903,67.15000060034161,0.18548125949428942,0.02071863305103584,-0.00031819666384206224,-0.0004242122334533182,-55.83319628854563
I3,19,N3,0.018982150499321563,0.017343202397658363,1.4572563675051542e-07,0.0015341830928042109,0.0015340373671674603,67.15000068712389,0.10301061025936868,0.01150746613830721,-0.00031814135534645916,-0.0003695018157582387,-55.83420503046771
I3,20,N3,0.017343202397658363,0.01603972337495451,1.4572927232867462e-07,0.001220184038083378,0.0012200383088110493,67.1500007298083,0.08192557332705605,0.009152473255167801,-0.0003181068488091715,-0.0003577606469084502,-55.8347698862358
I3,21,N3,0.01603972337495451,0.014894368353207177,1.45731707972012e-07,0.00107217997532193,0.001072034243613958,67.15000072691545,0.07198710023795553,0.008042442802724264,-0.00031808150474444785,-0.0003524950795735556,-55.83514838494748
I3,22,N3,0.014894368353207177,0.013838671107398408,1.4573340833944316e-07,0.00098826029853312,0.0009881145651247805,67.15000067755167,0.06635189371762769,0.007413045239560947,-0.00031806246812318586,-0.00034958402193389156,-55.835412653041
I3,23,N3,0.013838671107398408,0.01283672063765958,1.4573457181050818e-07,0.0009379533171509668,0.0009378075825791563,67.15000065556386,0.0629737797849831,0.00703574288792083,-0.00031804890870997454,-0.00034786446029664203,-55.835593558342886
I3,24,N3,0.01283672063765958,0.011865672779849575,1.4573529849145762e-07,0.000909028473022233,0.0009088827377237415,67.15000063826045,0.06103147641825315,0.006818806562405434,-0.00031804060855586755,-0.0003468834132610666,-55.8357066387633
I3,1,N8,68.2146005661353,62.72098339499808,1.4571626271437483e-07,5.142025799845877,5.142025654129614,67.15000063888907,345.28702595998755,38.56519459171605,-1.0325100745360249e-07,-1.2441349204677965e-07,-55.832401084625964
I3,2,N8,62.72098339499808,57.4741186044469,1.4571626295116784e-07,4.911065571617342,4.911065425901079,67.15000059708561,329.7780462815839,36.83299288000204,-1.0325100745301646e-07,-1.235463581267342e-07,-55.83240107054692
I3,3,N8,57.4741186044469,52.64854776581302,1.4571626340915326e-07,4.516734432622744,4.516734286906481,67.15000052106933,303.29870971930194,33.87550933754255,-1.0325100745203437e-07,-1.2202454782029496e-07,-55.832401048769334
I3,4,N8,52.64854776581302,48.30803242659798,1.4571626403341075e-07,4.062722485166711,4.062722339450447,67.15000041532582,272.811806781451,30.470419731622314,-1.0325100745063127e-07,-1.2022838611463268e-07,-55.83240101912809
I3,5,N8,48.30803242659798,42.81169900390348,1.4571626274266007e-07,5.144568211303486,5.144568065587223,67.15000055031183,345.4577484352987,38.58426267764812,-1.0325100745414704e-07,-1.2516919932744638e-07,-55.83240098145198
I3,6,N8,42.81169900390348,35.790773288807756,1.4571626165841359e-07,6.57158659699103,6.571586451274769,67.15000064790357,441.282034460855,49.28690057030468,-1.0325100745729026e-07,-1.3226666337254851e-07,-55.832400932178466
I3,7,N8,35.790773288807756,26.898862602006716,1.4571626079135016e-07,8.32282853050721,8.322828384790949,67.15000070208181,558.8779318820186,62.42121507167602,-1.032510074600318e-07,-1.426193774632087e-07,-55.832400864397606
I3,8,N8,26.898862602006716,15.347165772507553,1.457162599711451e-07,10.812388360072648,10.812388214356387,67.15000071356778,726.0518763094033,81.09291379341681,-1.0325100746251066e-07,-1.608391947076935e-07,-55.83240076161774
I3,9,N8,15.347165772507553,1.0050910672832565e-06,1.4571625927990994e-07,14.364946349963265,14.364946204247007,67.15000062430964,964.6061465833609,107.73709871759642,-1.0325100746641851e-07,-1.9938110149264082e-07,-55.83240055841683
I3,10,N8,1.0050910672832565e-06,1.1293969505108623e-07,1.789170499839962e-07,9.918021962320907e-07,8.128851462480946e-07,60.00000068048305,4.8773109328040235e-05,8.780394346620653e-06,-1.032510075955674e-07,-1.0325101064543578e-07,-52.32989690391225
I3,11,N8,1.1293969505108623e-07,7.698650018968691,8.225053525869262,1.8175681767965458e-07,-8.225053344112444,8.17946932929178e-05,-0.0006727657155995653,61.6879028071956,-1.4463976033317242e-07,-1.0325100768043458e-07,-8.012907682901893
I3,12,N8,7.698650018968691,36.51498629644197,30.78668423289878,1.539907092182304e-07,-30.78668407890807,1.3067680270037349e-06,-4.0231054411781994e-05,230.90013290167116,-7.992417818021802e-05,-1.032510076443171e-07,-8.012907256981388
I3,13,N8,36.51498629644197,65.3313225739175,30.78668423290115,1.5399065946068616e-07,-30.78668407891049,1.590000297753177e-07,-4.895083685230067e-06,230.90013290168855,-8.101371539327829e-05,-1.0325100763676114e-07,-8.012907194771325
I3,14,N8,65.3313225739175,94.14765914298165,30.786684535055397,1.457798605322134e-07,-30.786684389275536,9.779736387810863e-08,-3.0108565758184663e-06,230.90013510626443,-8.106797554191719e-05,-1.032510076351867e-07,-8.012907187354218
I3,15,N8,94.14765914298165,122.96399542045688,30.78668423290082,1.5399066638346084e-07,-30.786684078910156,4.664625383293957e-07,-1.4360834802193625e-05,230.90013290168616,-8.073402902555094e-05,-1.0325100763922436e-07,-8.012907224446101
I3,16,N8,122.96399542045688,141.050263297926,19.322935973989058,1.8175681394457005e-07,-19.322935792232244,8.112007362992804e-05,-0.0015674779742122515,144.92202116809403,-2.9839044343846696e-07,-1.032510076887878e-07,-8.012907387272206
I3,17,N8,141.050263297926,141.05026240577465,1.7891705057344574e-07,9.918021803562204e-07,8.128851297827746e-07,60.00000060562266,4.877310827926813e-05,8.780394231972495e-06,-1.0325100759525258e-07,-1.0325101064557593e-07,-52.329894665030096
I3,18,N8,141.05026240577465,128.61797746425324,1.4571625982269107e-07,11.63661883292548,11.63661868720922,67.15000063094867,781.3989521882081,87.27464233981306,-1.0325100746247443e-07,-1.6247062208743194e-07,-55.83240067701676
I3,19,N8,128.61797746425324,111.50038072417189,1.4571625868912649e-07,16.02207067637758,16.02207053066132,67.15000118022006,1075.8820550434766,120.16553116570381,-1.0325100747134489e-07,-2.706547690942405e-07,-55.83240095886754
I3,20,N8,111.50038072417189,95.23860867164485,1.457162588781542e-07,15.221018768826736,15.221018623110478,67.1500012590601,1022.0914197060459,114.15764185907247,-1.0325100747143473e-07,-2.6533222481208143e-07,-55.83240103999891
I3,21,N8,95.23860867164485,86.39042125562982,1.457162607329292e-07,8.28190354905151,8.28190340333525,67.15000090386451,556.1298210196805,62.11427771075827,-1.0325100746038497e-07,-1.4067399099862516e-07,-55.83240107093952
I3,22,N8,86.39042125562982,79.79413030864802,1.4571626184901363e-07,6.174128454036392,6.17412830832013,67.15000074733682,414.5927205178501,46.30596449814491,-1.0325100745586035e-07,-1.2860704024583278e-07,-55.832401088387904
I3,23,N8,79.79413030864802,73.85626095882898,1.4571626232215106e-07,5.557845839092047,5.557845693375785,67.15000069286376,373.2093421610138,41.68384488606232,-1.0325100745441538e-07,-1.2588239545446858e-07,-55.832401096951784
I3,24,N8,73.85626095882898,68.2146005661353,1.4571626257085354e-07,5.280594255222724,5.2805941095064615,67.1500006634631,354.59189795683824,39.604458007042396,-1.0325100745365413e-07,-1.247745779473497e-07,-55.83240109777205
I3,1,N9,62.68531128828026,57.577355555653,1.457162640655519e-07,4.781046693400546,4.781046547684282,67.15000062256375,321.0472786535058,35.85785129337607,-4.810384940246001e-08,-5.3106289198096544e-08,-55.83240114888705
I3,2,N9,57.577355555653,52.71191307834635,1.4571626432669993e-07,4.554054286420463,4.554054140704199,67.15000058417448,305.80473820864916,34.155408241025455,-4.810384940226874e-08,-5.287141775414496e-08,-55.83240114429436
I3,3,N9,52.71191307834635,48.23536194977632,1.4571626479850623e-07,4.1900519840029835,4.190051838286719,67.15000051027424,281.3619830790287,31.425390972894363,-4.8103849401963025e-08,-5.250842086991181e-08,-55.832401130088016
I3,4,N9,48.23536194977632,44.19770154153488,1.4571626544277886e-07,3.7792502697754156,3.7792501240591503,67.15000040551205,253.7766473631034,28.344378116187606,-4.810384940155334e-08,-5.209650170216146e-08,-55.8324011064331
I3,5,N9,44.19770154153488,39.1701394929512,1.457162641735064e-07,4.705798205135767,4.705798059419503,67.15000053887982,315.9943422258792,35.29348763139023,-4.81038494024384e-08,-5.308412309200068e-08,-55.83240107339115
I3,6,N9,39.1701394929512,32.88997844672064,1.4571626311218e-07,5.878230866933234,5.878230721216971,67.1500006301739,394.7231966340272,44.08673259487123,-4.810384940319879e-08,-5.437231577629189e-08,-55.83240102724435
I3,7,N9,32.88997844672064,25.20673284654592,1.457162622762035e-07,7.19151800942498,7.191517863708718,67.15000066855174,482.9104293559422,53.93638616355932,-4.810384940380458e-08,-5.593618200195936e-08,-55.83240096104781
I3,8,N9,25.20673284654592,15.222768340024821,1.4571626139401717e-07,9.34499090576518,9.344990760048917,67.15000067525534,627.5161358475398,70.08743288611082,-4.8103849404431974e-08,-5.869759468351564e-08,-55.83240085957148
I3,9,N9,15.222768340024821,1.049235088511062e-06,1.4571626140652695e-07,14.248510311840624,14.248510166124362,67.15000060938779,956.787466338119,106.86382843167665,-4.810384940518702e-08,-6.636751460744207e-08,-55.832400665472726
I3,10,N9,1.049235088511062e-06,2.0343094662413618e-07,1.8029860669235686e-07,9.496315649349098e-07,7.693329582425529e-07,60.00000068119944,4.615997801862235e-05,8.4744762872045e-06,-4.810384943930022e-08,-4.810385021961216e-08,-52.41262693087658
I3,11,N9,2.0343094662413618e-07,2.9327709186048826e-06,3.1176104165073826e-06,1.76663801686473e-07,-2.9409466148209096e-06,16.670401005831643,-4.9026759405807655e-05,2.4707056636453918e-05,-4.821931024027314e-08,-4.810384944086524e-08,-25.82304683998529
I3,12,N9,2.9327709186048826e-06,1.5294657145168018,1.634041624747725,1.6756083637950513e-07,-1.6340414571868886,16.670342857674584,-27.240031334959617,12.25531344231421,-5.775212780603767e-08,-4.810384943904237e-08,-25.82301557970293
I3,13,N9,1.5294657145168018,46.5721470481342,48.12252298358479,1.6756081824352078e-07,-48.12252281602397,16.670342007795952,-802.2189136210835,360.91892363359204,-2.0619889903862974e-07,-4.810384943844951e-08,-25.82301518113412
I3,14,N9,46.5721470481342,102.73846020248506,60.006745006261646,1.6053340254320517e-07,-60.00674484572824,16.670341924480102,-1000.3329543533238,450.05058875096285,-2.6355302667099813e-07,-4.810384943848379e-08,-25.823015159469815
I3,15,N9,102.73846020248506,120.01361226675073,18.45635923427738,1.6756082116454913e-07,-18.45635906671656,16.670342225365513,-307.67382187639265,138.4226955137865,-9.992771807507118e-08,-4.810384943887838e-08,-25.823015253261975
I3,16,N9,120.01361226675073,120.01361499608876,3.1176083673267578e-06,1.7666381071610778e-07,-2.94094455661065e-06,16.670400504159364,-4.902672361922692e-05,2.470704133532149e-05,-4.821969803547996e-08,-4.810384944243434e-08,-25.823046408777472
I3,17,N9,120.01361499608876,120.01361415028462,1.8029860691485823e-07,9.496315611413668e-07,7.693329542265086e-07,60.000000609971224,4.615997772286148e-05,8.474476260421688e-06,-4.81038494391227e-08,-4.810385021971312e-08,-52.41262564180859
I3,18,N9,120.01361415028462,105.61108762065749,1.457162615278547e-07,13.480764959392435,13.480764813676172,67.15000060279255,905.2333653644595,101.10573828831522,-4.810384940510177e-08,-6.511410428262247e-08,-55.83240067322189
I3,19,N9,105.61108762065749,95.55507563814737,1.4571626136797163e-07,9.412427343290908,9.412427197574646,67.15000070009889,632.0444929067672,70.59320616755377,-4.8103849404463374e-08,-5.878414605625231e-08,-55.83240088032674
I3,20,N9,95.55507563814737,87.08240932284926,1.4571626194291112e-07,7.930415798780461,7.930415653064199,67.1500007480285,532.5274170354379,59.47811958372542,-4.8103849404160884e-08,-5.69973953392648e-08,-55.832400986302986
I3,21,N9,87.08240932284926,79.81011266016408,1.4571626252835147e-07,6.80686980393476,6.806869658218498,67.15000074479647,457.08130261910463,51.05152462238267,-4.8103849403803793e-08,-5.558029580146459e-08,-55.83240105195083
I3,22,N9,79.81011266016408,73.66124430230614,1.4571626321386243e-07,5.755340910616471,5.7553407649002075,67.15000068845798,386.4711363253592,43.1650579224955,-4.810384940316852e-08,-5.4217012172708316e-08,-55.8324010947504
I3,23,N9,73.66124430230614,68.02547390810639,1.4571626360230655e-07,5.2750812166323975,5.2750810709161335,67.15000066193345,354.221697403771,39.56311021761496,-4.810384940284378e-08,-5.3657339679671414e-08,-55.832401122541285
I3,24,N9,68.02547390810639,62.68531128828026,1.4571626385319517e-07,4.998392339818701,4.998392194102437,67.15000064236519,335.64203904477176,37.48794364151224,-4.810384940259417e-08,-5.3345636003727206e-08,-55.83240113835332
