node,x_power_mw,x_energy_mwh,energy_power_ratio_h
N1,3.6260685976474963e-09,2.926378348862103e-08,8.070388824857492
N2,4.98436781938469e-09,3.635456576883478e-08,7.29371649248042
N3,5.535804017591037e-06,1.1074652645881226e-05,2.0005499852757573
N4,3.6246804633877868e-09,2.9267171960744045e-08,8.074414353586812
N5,3.2149410175126465e-09,2.6222452276016816e-08,8.156433394322347
N6,4.171575515680907e-09,3.3803940427518456e-08,8.103398895800833
N7,5.011109476951922e-09,3.645116664200873e-08,7.274071103347889
N8,6.208764183229689e-09,5.46042310128789e-08,8.794702037543766
N9,11.899318404992368,23.798636813061584,2.0000000002585736
