{
  "model": "Single Investor Primal-Dual MPEC",
  "investor": "I2",
  "wacc": 0.12,
  "solver_status": "ok",
  "termination": "optimal",
  "profit_eur_per_day": 123.1010438961919,
  "spot_revenue_eur_per_day": 692.28460111387,
  "degradation_cost_eur_per_day": 357.7606220937074,
  "capex_daily_eur_per_day": 211.42293475668865,
  "lower_level_primal_objective_eur_per_day": 433794.55135927175,
  "lower_level_dual_objective_eur_per_day": 433794.54109451285,
  "strong_duality_gap": 0.010264758893754333,
  "total_power_mw": 11.899323971637893,
  "total_energy_mwh": 23.798648133681542,
  "total_charge_mwh": 25.425893132669525,
  "total_discharge_mwh": 22.27552314649146,
  "total_storage_throughput_mwh": 47.70141627916098,
  "total_load_shed_mwh": 0.0,
  "equivalent_cycles_throughput_over_2e": 1.0021875194593624,
  "equivalent_cycles_discharge_over_e": 0.9359995165005004,
  "line_limits_mw": {
    "L14": 400.0,
    "L45": 400.0,
    "L46": 200.0,
    "L69": 200.0,
    "L57": 400.0,
    "L93": 400.0,
    "L72": 400.0,
    "L98": 200.0,
    "L78": 200.0
  },
  "existing_power_mw_per_node": 0.0,
  "existing_ratio_hours": 2.0,
  "storage_units": [
    "I2",
    "RIV"
  ],
  "demand_model": "quadratic",
  "load_shed_allowed": true,
  "quadratic_demand_alpha_eur_per_mwh": 4000,
  "quadratic_demand_beta_eur_per_mwh_per_share": 10000,
  "quadratic_demand_source": "fixed_default"
}