unit,hour,node,soc_start_mwh,soc_end_mwh,p_charge_mw,p_discharge_mw,net_injection_mw,lambda_eur_per_mwh,spot_revenue_eur,degradation_cost_eur,rho_charge_dual,sigma_discharge_dual,gamma_soc_transition_dual
I2,1,N1,1.585100410617424e-07,1.580822747251086e-07,-9.401345622083266e-09,-7.836092003035413e-09,1.5652536190478528e-09,67.13594865931046,1.0508478660719653e-07,-1.2928078218839011e-07,-0.05242469133319646,-0.052681932313165314,-65.63647887650541
I2,1,N2,9.674973776261397e-08,1.057832258397894e-07,-1.2545140632005098e-09,-9.554419592949924e-09,-8.299905529749415e-09,67.17039866005543,-5.575079632740667e-07,-8.106700242112824e-08,-0.07524125283361126,-0.07014863441447775,-79.32282854681262
I2,1,N3,3.265350242589842,3.265348396078538,-9.515465084963723e-09,1.7199981201639604e-06,1.729513585248924e-06,67.16019966046723,0.00011615447770080824,1.2828619913092476e-05,9.516913783443446e-09,9.516913750100924e-09,-55.84849606172645
I2,1,N4,1.5851199840577397e-07,1.580827649584849e-07,-9.401565684139326e-09,-7.83491158294916e-09,1.5666541011901663e-09,67.17039865985807,1.0523278053904509e-07,-1.2927357950316365e-07,-0.05242442471676442,-0.05268200095023617,-65.66135353099996
I2,1,N5,1.574244793434295e-07,1.5814788969787321e-07,-9.260347854975151e-09,-8.790065806111628e-09,4.702820488635233e-10,67.20752365998253,3.16064919258603e-08,-1.3537810245815084e-07,-0.052502060245218335,-0.05263088128642395,-69.69151513442856
I2,1,N6,1.2395038855124152e-07,1.1724628319052243e-07,-9.492240957629052e-09,-2.041071716381891e-09,7.45116924124716e-09,67.17396265987205,5.005245643839239e-07,-8.649984505508207e-08,-0.07236096112677311,-0.07801465622798151,-56.62530606822622
I2,1,N7,1.0303912282398795e-07,1.1258290840818638e-07,-7.10823061842656e-10,-9.55573254799783e-09,-8.844909486155174e-09,67.1703986600555,-5.941160962971496e-07,-7.699916707380366e-08,-0.06751601221319405,-0.0632718004628962,-79.33755855739848
I2,1,N8,7.5635979414508565,7.563596746580461,-9.515438310840654e-09,1.1100622527249904e-06,1.119577691035831e-06,67.1743586597094,7.520691336505023e-05,8.254101108106123e-06,9.825828520149957e-09,9.825828517343054e-09,-55.86531063322665
I2,1,N9,6.710678072596201,6.710677090346727,-9.515388001456595e-09,9.110491136513956e-07,9.205645016528521e-07,67.17039865967095,6.18346845679634e-05,6.761502942374542e-06,9.60301370371605e-09,9.603013691852828e-09,-55.86392011165443
I2,2,N1,1.580822747251086e-07,1.5765707625291557e-07,-9.401172918513523e-09,-7.838344219245354e-09,1.562828699268169e-09,67.13070840988382,1.0491379770516947e-07,-1.2929637853319159e-07,-0.05241774092974874,-0.05268985753310729,-65.63644905178299
I2,2,N2,1.057832258397894e-07,1.1485654941697185e-07,-1.2120841093401271e-09,-9.554532908099212e-09,-8.342448798759084e-09,67.16555216070496,-5.603251799410637e-07,-8.074962763079505e-08,-0.07372273031645928,-0.07052307097686444,-79.3344503516206
I2,2,N3,3.265348396078538,3.2653471214410694,-9.515405311216653e-09,1.1847242620628134e-06,1.19423966737403e-06,67.1577764108077,8.020248056242246e-05,8.814066425636976e-06,9.516913783443445e-09,9.51691375956519e-09,-55.84882259176382
I2,2,N4,1.580827649584849e-07,1.5765590837956515e-07,-9.401406110116743e-09,-7.836996529579939e-09,1.564409580536804e-09,67.16555216045222,1.0507443328185589e-07,-1.292880197977251e-07,-0.05241746318125155,-0.05268994082360655,-65.6613237395861
I2,2,N5,1.5814788969787321e-07,1.5887255444164025e-07,-9.260017115372404e-09,-8.790950154875243e-09,4.690669604971616e-10,67.20098966056693,3.1521763962483316e-08,-1.3538225452685736e-07,-0.05249504192586662,-0.05263901520789259,-69.6914928911263
I2,2,N6,1.1724628319052243e-07,1.105708119645769e-07,-9.492130217897278e-09,-2.067776247893913e-09,7.424353970003365e-09,67.16895416047338,4.986860914822845e-07,-8.669929849343394e-08,-0.07235855044280284,-0.07798815562767082,-56.62516026793394
I2,2,N7,1.1258290840818638e-07,1.2217143364493634e-07,-6.631522574731615e-10,-9.555844661761156e-09,-8.892692404287994e-09,67.16555216070502,-5.972825955293105e-07,-7.664247689425739e-08,-0.06672667189064224,-0.06356184452746168,-79.34691689821534
I2,2,N8,7.563596746580461,7.56359600424815,-9.515313104156106e-09,6.864867156452966e-07,6.960020287494527e-07,67.16933216038979,4.674999145337715e-05,5.077285519058554e-06,9.825828520149956e-09,9.82582851832791e-09,-55.86606699091945
I2,2,N9,6.710677090346727,6.710676426462259,-9.515268131764136e-09,6.130595739134313e-07,6.225748420451954e-07,67.16555216034303,4.1815583027103896e-05,4.526582293362504e-06,9.603013703716055e-09,9.603013695358067e-09,-55.864591177107975
I2,3,N1,1.5765707625291557e-07,1.5723360811202373e-07,-9.401054944655483e-09,-7.839860452918143e-09,1.5611944917373399e-09,67.12682116120547,1.0479802344471149e-07,-1.2930686548180218e-07,-0.05241593299136952,-0.05269191609281346,-65.63630742596295
I2,3,N2,1.1485654941697185e-07,1.2405610371193004e-07,-1.0776574437896795e-09,-9.554914195955235e-09,-8.477256752165556e-09,67.16205866235971,-5.69350015284828e-07,-7.974428729808685e-08,-0.07296550193470716,-0.07077084445527955,-79.3498514458003
I2,3,N3,3.2653471214410694,3.2653460895971294,-9.515360171630395e-09,9.574695591874593e-07,9.669849193590897e-07,67.15602966148604,6.493886792668872e-05,7.109656492618718e-06,9.516913783443445e-09,9.516913763784512e-09,-55.849149121673726
I2,3,N4,1.5765590837956515e-07,1.5723059012545173e-07,-9.40130127450434e-09,-7.838344555537991e-09,1.5629567189663497e-09,67.16205866179745,1.0497139084506845e-07,-1.2929734372531749e-07,-0.052415645484338275,-0.052692012678047115,-65.66118146599038
I2,3,N5,1.5887255444164025e-07,1.595982162563772e-07,-9.259756616634579e-09,-8.791655191400876e-09,4.681014252337026e-10,67.1963711619071,3.1454717111421584e-08,-1.353855885602659e-07,-0.05249310114969628,-0.05264132836421139,-69.69159597926881
I2,3,N6,1.105708119645769e-07,1.0385591590248051e-07,-9.492251611315342e-09,-2.030980953544718e-09,7.461270657770623e-09,67.16535266182413,5.011388750344845e-07,-8.642424423645046e-08,-0.07235779367928444,-0.07803333725427378,-56.61612636171767
I2,3,N7,1.2217143364493634e-07,1.3189616088993755e-07,-5.180504648751256e-10,-9.556206641396387e-09,-9.038156176521262e-09,67.16205866235975,-6.070211753270902e-07,-7.555692829703635e-08,-0.06462999027011218,-0.06373061704506715,-79.36080148463353
I2,3,N8,7.56359600424815,7.563595428050975,-9.51521844871132e-09,5.309843103712329e-07,5.404995288199441e-07,67.16571866176886,3.6303039289539e-05,3.911018189418912e-06,9.825828520149956e-09,9.825828518710762e-09,-55.86682334853802
I2,3,N9,6.710676426462259,6.710675893921874,-9.515177523549663e-09,4.901215923252901e-07,4.996367698488398e-07,67.16205866172517,3.355663404614266e-05,3.6045481110130537e-06,9.603013703716059e-09,9.603013696886018e-09,-55.86526224249513
I2,4,N1,1.5723360811202373e-07,1.568102537487144e-07,-9.40104454311849e-09,-7.839957835990381e-09,1.5610867071281092e-09,67.12588381539543,1.0478932492843968e-07,-1.2930751784331654e-07,-0.0524152496161601,-0.05269267652451819,-65.63604222182674
I2,4,N2,1.2405610371193004e-07,1.3346930522538396e-07,-8.501235157517578e-10,-9.555546428248915e-09,-8.705422912497157e-09,67.16168460511653,-5.846708680032891e-07,-7.804252458000504e-08,-0.07344890760186344,-0.07073346199890661,-79.36620283861136
I2,4,N3,3.2653460895971294,3.265345120396183,-9.515345543968018e-09,8.988357295097626e-07,9.083510750537306e-07,67.15569223859124,6.100094524090183e-05,6.66990287974346e-06,9.516913783443445e-09,9.516913764860013e-09,-55.84947565148044
I2,4,N4,1.5723059012545173e-07,1.568052555560412e-07,-9.401299634503368e-09,-7.838327847621606e-09,1.5629717868817623e-09,67.16138381600501,1.0497134807235322e-07,-1.292972061159373e-07,-0.052414953880547094,-0.052692784134806166,-65.66091488592998
I2,4,N5,1.595982162563772e-07,1.6032433857084344e-07,-9.259640537414715e-09,-8.791984522607291e-09,4.676560148074238e-10,67.19513381611493,3.142420849489587e-08,-1.3538718795016504e-07,-0.05249210452298403,-0.05264246935705571,-69.69181168913168
I2,4,N6,1.0385591590248051e-07,9.702079358376298e-08,-9.492644232415296e-09,-1.918793151122503e-09,7.573851081292794e-09,67.16462381603328,5.086948587136874e-07,-8.558578037653348e-08,-0.0723578725822915,-0.07816951972312006,-56.59786391615641
I2,4,N7,1.3189616088993755e-07,1.4184894337748512e-07,-2.7507994766472823e-10,-9.556800850173813e-09,-9.281720902509086e-09,67.16168460511605,-6.233760118470283e-07,-7.373910598378906e-08,-0.06621205801434833,-0.06362885379828177,-79.37601028472174
I2,4,N8,7.563595428050975,7.563594894517148,-9.51518614142459e-09,4.910514457117316e-07,5.005666318531561e-07,67.16498381598666,3.362054972724018e-05,3.611521946777303e-06,9.825828520149954e-09,9.825828518809104e-09,-55.867579706098965
I2,4,N9,6.710675893921874,6.7106753950995905,-9.51514797574708e-09,4.585614734865795e-07,4.680766214623266e-07,67.1613838159421,3.143667362930076e-05,3.367847441331243e-06,9.603013703716064e-09,9.603013697275326e-09,-55.86593330782903
I2,5,N1,1.568102537487144e-07,1.5638478080717698e-07,-9.401183206987036e-09,-7.838096329629508e-09,1.5630868773575273e-09,67.12915118860909,1.0492869531106432e-07,-1.2929459652462408e-07,-0.052415010180638266,-0.052692970176482966,-65.63564986543963
I2,5,N2,1.3346930522538396e-07,1.4320799769296113e-07,-5.034169466119757e-10,-9.556457722911212e-09,-9.053040776299237e-09,67.1646329466151,-6.080441607908777e-07,-7.544906002142391e-08,-0.07357093230656898,-0.07057580855104112,-79.38465196201344
I2,5,N3,3.265345120396183,3.2653440509866605,-9.515370755994222e-09,9.926309352161231e-07,1.0021463059721173e-06,67.15719467519808,6.730133456320011e-05,7.373366733450967e-06,9.516913783443445e-09,9.516913762978058e-09,-55.849802181190235
I2,5,N4,1.568052555560412e-07,1.563779265108449e-07,-9.401429635491166e-09,-7.83657491163156e-09,1.5648547238596057e-09,67.16438868920106,1.0510251091543895e-07,-1.2928503410342045e-07,-0.05241470916489644,-0.05269308236951094,-65.6605203838818
I2,5,N5,1.6032433857084344e-07,1.610500059888174e-07,-9.259769328799396e-09,-8.791671573107447e-09,4.680977556919491e-10,67.19926368931614,3.1455824517120375e-08,-1.353858067643013e-07,-0.052491365535886535,-0.05264323497640648,-69.69213494100624
I2,5,N6,9.702079358376298e-08,8.996768230115117e-08,-9.493340607861538e-09,-1.7153655726604051e-09,7.777975035201133e-09,67.16773668922458,5.22428979139752e-07,-8.406529635391458e-08,-0.07235947514138659,-0.07842470556667325,-56.569588521147786
I2,5,N7,1.4184894337748512e-07,1.5214743830940212e-07,9.329754802200175e-11,-9.557653647642418e-09,-9.65095119566442e-09,67.16463294661462,-6.482025946424923e-07,-7.098267074715311e-08,-0.06578602423482313,-0.06350148180824526,-79.39459497718425
I2,5,N8,7.563594894517148,7.563594298532986,-9.515237462249737e-09,5.495049139892311e-07,5.590201514514808e-07,67.16810868916903,3.75483262921288e-05,4.049922573952359e-06,9.825828520149954e-09,9.825828518655806e-09,-55.86833606360656
I2,5,N9,6.7106753950995905,6.710674843209589,-9.51519816880541e-09,5.082328145463269e-07,5.177480127151324e-07,67.16438868911864,3.477422876901789e-05,3.740382122831411e-06,9.60301370371607e-09,9.603013696609456e-09,-55.86660437311304
I2,6,N1,1.5638478080717698e-07,1.5595394396021606e-07,-9.401537860659082e-09,-7.833386424816555e-09,1.5681514358425266e-09,67.13865466011445,1.0528357770579402e-07,-1.2926193214106728e-07,-0.05241468549539236,-0.05269337879853723,-65.63512913577773
I2,6,N2,1.4320799769296113e-07,1.5341479424516987e-07,-4.683211597948239e-12,-9.557664515815504e-09,-9.552981304217556e-09,67.1731046610307,-6.417034129730755e-07,-7.171760795560089e-08,-0.07691171186387578,-0.07020576764777349,-79.40647456594131
I2,6,N3,3.2653440509866605,3.2653423601226907,-9.515457780448977e-09,1.5743122213264767e-06,1.5838276791069255e-06,67.16155266089,0.00010637232607611497,1.1735975726595209e-05,9.516913783443448e-09,9.516913751867277e-09,-55.85012871079309
I2,6,N4,1.563779265108449e-07,1.5594561268983248e-07,-9.401758185051268e-09,-7.832197002423049e-09,1.5695611826282187e-09,67.17310466066206,1.0543229759199786e-07,-1.2925466390605735e-07,-0.0524143909890837,-0.05269347971868952,-65.65999671850793
I2,6,N5,1.610500059888174e-07,1.6177380606079273e-07,-9.260273614880527e-09,-8.790365540271305e-09,4.69908074609222e-10,67.21135466079551,3.158315826053197e-08,-1.3537979366363875e-07,-0.05249039330913415,-0.052644101493446206,-69.69256243504329
I2,6,N6,8.996768230115117e-08,8.256221708131968e-08,-9.494406163046966e-09,-1.3864958160585205e-09,8.107910346988446e-09,67.17677666067256,5.44663282564399e-07,-8.160676484329114e-08,-0.07236325498883105,-0.07885966672145016,-56.529884500805366
I2,6,N7,1.5214743830940212e-07,1.6294051517332506e-07,6.204131528596344e-10,-9.558778463064167e-09,-1.0179191615923802e-08,67.17310466103076,-6.837679037811364e-07,-6.7037739826534e-08,-0.06866484220911415,-0.06327997313587808,-79.4158658032905
I2,6,N8,7.563594298532986,7.563593263204368,-9.515417636844966e-09,9.607311675300773e-07,9.702465851669222e-07,67.17718466054308,6.517843401801966e-05,7.134118124199243e-06,9.825828520149954e-09,9.82582851762685e-09,-55.86909242105455
I2,6,N9,6.710674843209589,6.710673953610536,-9.515372041115041e-09,8.243283338743025e-07,8.338437059154175e-07,67.17310466048589,5.601187052794376e-05,6.1110972137489065e-06,9.603013703716079e-09,9.603013692589682e-09,-55.86727543834187
I2,7,N1,1.5595394396021606e-07,1.5551473322230087e-07,-9.402089493144055e-09,-7.826031745896937e-09,1.5760577472471178e-09,67.15434645776692,1.0583912799608059e-07,-1.2921090929280745e-07,-0.052414627641775145,-0.05269357508482038,-65.63447875748805
I2,7,N2,1.5341479424516987e-07,1.643254506409424e-07,7.454748523018929e-10,-9.559266850240812e-09,-1.0304741702542704e-08,67.18748395853056,-6.923496678363889e-07,-6.610343998454189e-08,-0.07879046578366525,-0.06991269991959613,-79.44080174286773
I2,7,N3,3.2653423601226907,3.265303433844759,-9.51560052111785e-09,3.642665956438018e-05,3.64361751649013e-05,67.16874230586598,0.002447372060262649,0.000273128579728943,9.516913783443461e-09,9.516913357241508e-09,-55.85045524022685
I2,7,N4,1.5594561268983248e-07,1.5550556506849336e-07,-9.402266387575889e-09,-7.825403399516262e-09,1.5768629880596272e-09,67.18748395825908,1.0594545671462867e-07,-1.2920752340319112e-07,-0.05241434946629395,-0.05269365038564183,-65.65934264163475
I2,7,N5,1.6177380606079273e-07,1.6249421180986914e-07,-9.261180478165194e-09,-8.787982953334115e-09,4.73197524831079e-10,67.2324839584617,3.18142449973893e-08,-1.3536872573624483e-07,-0.05248966356661692,-0.052644584004950326,-69.69309055726046
I2,7,N6,8.256221708131968e-08,7.463314964915875e-08,-9.495846836842497e-09,-8.976663138677222e-10,8.598180522974774e-09,67.19141020824118,5.777238745637077e-07,-7.795134863032665e-08,-0.07236952786696539,-0.07953756127190087,-56.47627983306431
I2,7,N7,1.6294051517332506e-07,1.7447493779468257e-07,1.4107471739798949e-09,-9.560269617455528e-09,-1.0971016791435423e-08,67.18748395853062,-7.371150146833375e-07,-6.112141832606725e-08,-0.07028444157581303,-0.06308679753852578,-79.45034620480625
I2,7,N8,7.563593263204368,2.670027141169593,-9.51567275012882e-09,4.580377881887905,4.580377891403578,67.19046747805115,307.7577317495366,34.35283404279174,9.825828520149956e-09,9.816846688098079e-09,-55.86984877839902
I2,7,N9,6.710673953610536,6.570226713026983,-9.515655988379601e-09,0.131458608849577,0.13145861836523298,67.18745334099455,8.8323697876857,0.9859394950044076,9.603013703716115e-09,9.603013410191505e-09,-55.86794650348173
I2,8,N1,1.5551473322230087e-07,1.550724445473655e-07,-9.402285492980276e-09,-7.823322511518533e-09,1.5789629814617428e-09,67.15866640014129,1.0604104813016165e-07,-1.2919206003374107e-07,-0.05241451721233194,-0.0526937315178305,-65.63369797359826
I2,8,N2,1.643254506409424e-07,1.7659506099556984e-07,2.1945286683337637e-09,-9.561737503718763e-09,-1.1756266172052527e-08,67.1904914009598,-7.899093011406899e-07,-5.5254066265387493e-08,-0.08055335888190489,-0.06985771195968232,-79.49382424186493
I2,8,N3,3.265303433844759,5.150074059269582e-06,-9.515615308180355e-09,3.0563191852727827,3.056319194788398,67.16994433081908,205.2927901711505,22.922393818178755,9.516913783443448e-09,9.46818428564796e-09,-55.850781765767934
I2,8,N4,1.5550556506849336e-07,1.5506308713672828e-07,-9.40241928918792e-09,-7.823262585448274e-09,1.5791567037396463e-09,67.19049140059151,1.0610431492280514e-07,-1.2919261405977148e-07,-0.0524142664062967,-0.05269376790009679,-65.65855747494048
I2,8,N5,1.6249421180986914e-07,1.6321367098454537e-07,-9.261445521743697e-09,-8.78732916331454e-09,4.741163584291571e-10,67.24111640090894,3.1880113244710013e-08,-1.3536581013793677e-07,-0.0524894945938949,-0.05264462996541049,-69.693716607447
I2,8,N6,7.463314964915875e-08,6.609369940280512e-08,-9.497297935955094e-09,-3.2761930191152556e-10,9.169678634043568e-09,67.19338265054297,6.161417252397976e-07,-7.368687928399965e-08,-0.07237031569196198,-0.08054865977845706,-56.404313705307196
I2,8,N7,1.7447493779468257e-07,1.8745304626041108e-07,2.950500310488318e-09,-9.562588003904321e-09,-1.251308831439264e-08,67.19049140095989,-8.407605527876502e-07,-4.959065770062002e-08,-0.07181647282499513,-0.06306604375894076,-79.50178888146829
I2,8,N8,2.670027141169593,1.4261544447795965e-06,-9.515667816206626e-09,2.4991440609175406,2.4991440704332084,67.19054460661265,167.91885114279398,18.743580385514047,9.825828520149954e-09,9.820106379115877e-09,-55.87011577602215
I2,8,N9,6.570226713026983,2.707808663268152e-06,-9.515671906949077e-09,6.149729660547706,6.149729670063378,67.18929401443167,413.19599491116213,46.12297238274026,9.603013703716059e-09,9.529070480640286e-09,-55.868603523897534
I2,9,N1,1.550724445473655e-07,1.5463461007870074e-07,-9.401980424426528e-09,-7.827224379248179e-09,1.5747560451783494e-09,67.14650032916987,1.0573935730593028e-07,-1.2921903602756032e-07,-0.05241448545805593,-0.052693682685460555,-65.63278624232093
I2,9,N2,1.7659506099556984e-07,1.9194580549990047e-07,5.481985925088222e-09,-9.565550915027366e-09,-1.5047536840115588e-08,67.1771566225602,-1.0108507390921894e-06,-3.062673742454358e-08,-0.08341677252157134,-0.06993081957423287,-79.57509509967524
I2,9,N3,5.150074059269582e-06,1.7617793895400895e-06,-9.515528017406687e-09,3.163107294832867e-06,3.1726228228502736e-06,67.16350674515938,0.00021308447436235094,2.365193825111595e-05,9.51691378344342e-09,9.516913720966508e-09,-55.84853794092458
I2,9,N4,1.5506308713672828e-07,1.5462571017706398e-07,-9.402071329369726e-09,-7.827732249129732e-09,1.5743390802399938e-09,67.17701282958602,1.0575939659140071e-07,-1.2922352683874594e-07,-0.052414282891231984,-0.05269365580717652,-65.6576408077651
I2,9,N5,1.6321367098454537e-07,1.6393602471571552e-07,-9.260705107941387e-09,-8.789389794622276e-09,4.71315313319111e-10,67.22932532990541,3.168621053209681e-08,-1.3537571176922746e-07,-0.052490672683041445,-0.05264350373104714,-69.69444032694946
I2,9,N6,6.609369940280512e-08,5.6855540092783746e-08,-9.498704204757272e-09,3.25140355208969e-10,9.823844559966241e-09,67.17652232949223,6.59931713444033e-07,-6.880172887161228e-08,-0.07236033151092908,-0.08214618468737142,-56.30501907436148
I2,9,N7,1.8745304626041108e-07,2.0372572847877216e-07,6.4662385718149445e-09,-9.566184808573182e-09,-1.6032423380388127e-08,67.17715662255944,-1.077012616463517e-06,-2.3249596775686776e-08,-0.07452264780754263,-0.06323909675737795,-79.57894625755173
I2,9,N8,1.4261544447795965e-06,5.017393320406299e-07,-9.515370090039971e-09,8.569161678492692e-07,8.664315379393092e-07,67.1689218292606,5.8197272242251493e-05,6.355505983194219e-06,9.825828520149949e-09,9.825828517827836e-09,-55.862331330718895
I2,9,N9,2.707808663268152e-06,8.915075266105127e-07,-9.515508194584033e-09,1.691721365244308e-06,1.701236873438892e-06,67.1770128291561,0.00011428401127243785,1.261654392787293e-05,9.603013703715946e-09,9.603013681418567e-09,-55.86429745542877
I2,10,N1,1.5463461007870074e-07,1.5420004904870356e-07,-9.401751512706707e-09,-7.830087769198933e-09,1.571663743507774e-09,67.13707323407037,1.0551690384721462e-07,-1.292387946142923e-07,-0.052414252637468996,-0.05269390552241186,-65.6317434665335
I2,10,N2,1.9194580549990047e-07,2.180449777644349e-07,1.69584062791044e-08,-9.57163333210596e-09,-2.653003961121036e-08,67.17781076539907,-1.7822299806004313e-06,5.540079710248829e-08,-0.10191205047870674,-0.06930881502330952,-79.71049237216155
I2,10,N3,1.7617793895400895e-06,-9.599455649963378e-09,-9.515443014510328e-09,1.6496741575346491e-06,1.6591896005491595e-06,67.15384874238181,0.00011142096747021115,1.230119035890104e-05,9.516913783442985e-09,9.516913748624547e-09,-55.842273892290976
I2,10,N4,1.5462571017706398e-07,1.5419205556734798e-07,-9.40181239873546e-09,-7.830989520588343e-09,1.5708228781471168e-09,67.16666698446576,1.0550693714808743e-07,-1.292460143949285e-07,-0.05241411861836707,-0.052693794402257195,-65.65659276944174
I2,10,N5,1.6393602471571552e-07,1.6466100746255407e-07,-9.260034531326722e-09,-8.791263063798102e-09,4.687714675286204e-10,67.22020215134215,3.151091281005519e-08,-1.3538473196343618e-07,-0.0524934907987722,-0.052640488264523146,-69.69526713181847
I2,10,N6,5.6855540092783746e-08,4.6539826706035925e-08,-9.500556844910744e-09,1.3321078803970363e-09,1.083266472530778e-08,67.15892715696548,7.275101412027747e-07,-6.12633672338528e-08,-0.07233234973330295,-0.08608098892818769,-56.155935671028836
I2,10,N7,2.0372572847877216e-07,2.314882693355338e-07,1.873519256076422e-08,-9.571910980213608e-09,-2.8307103540977828e-08,67.17781076539598,-1.9016092449922788e-06,6.87246118541296e-08,-0.09029350574957234,-0.06288201487843943,-79.70657664023005
I2,10,N8,5.017393320406299e-07,-9.74926461066925e-09,-9.515091216627608e-09,4.704171931110934e-07,4.79932284327721e-07,67.13620970836854,3.2220834486442234e-05,3.4567657642084933e-06,9.82582852014993e-09,9.825828518825363e-09,-55.84090611948724
I2,10,N9,8.915075266105127e-07,-9.59959372491799e-09,-9.51533384539724e-09,8.350999187133459e-07,8.446152525587432e-07,67.157696823707,5.672241506401879e-05,6.1918843865096155e-06,9.603013703714279e-09,9.603013691787057e-09,-55.851960621038245
I2,11,N1,1.5420004904870356e-07,1.5548921626329753e-07,-9.015092291751953e-09,-9.104746809294661e-09,-8.965451754270765e-11,60.01318438657407,-5.380453092379854e-09,-1.358987932578496e-07,-0.05261608065926248,-0.052606890226856974,-65.63056744651169
I2,11,N2,2.180449777644349e-07,1.9525649689122203e-07,-9.582220193162303e-09,1.2935073314978509e-08,2.2517293508140812e-08,100.6307943810417,2.265933133035283e-06,2.514639841362154e-08,-0.06911785489983435,-0.11956344412243124,-87.18808031723468
I2,11,N3,-9.599455649963378e-09,1.9316649043150126e-08,2.015015725237924e-08,-9.412001824573796e-09,-2.9562159076953034e-08,16.789134793581844,-4.963230735322736e-07,8.053616570854083e-08,9.516913762702032e-09,9.516913783493385e-09,-25.93788976363942
I2,11,N4,1.5419205556734798e-07,1.554828006273825e-07,-9.01439428890503e-09,-9.105612155124869e-09,-9.121786621983862e-11,60.03030568325212,-5.4758363929509096e-09,-1.3590004833022425e-07,-0.05261652696237832,-0.05260651874729309,-65.65541148203329
I2,11,N5,1.6466100746255407e-07,1.6268460773569648e-07,-9.472915814706111e-09,-6.449273509262065e-09,3.023642305444046e-09,74.10842982686806,2.2407738361454963e-07,-1.1941641992976133e-07,-0.05239945029922535,-0.05276925423469712,-69.69621119427737
I2,11,N6,4.6539826706035925e-08,6.445714417702664e-08,8.289151766173467e-09,-9.508516447109794e-09,-1.7797668213283262e-08,44.83774758055046,-7.980073548695814e-07,-9.145235107022453e-09,-0.116031037598369,-0.07251775023209196,-55.845559920029544
I2,11,N7,2.314882693355338e-07,2.0825024448711453e-07,-9.582161098495378e-09,1.3355898248373032e-08,2.2938059346868408e-08,100.63079438104309,2.308275133634878e-06,2.830302862408241e-08,-0.0625266267492818,-0.10610643906972266,-87.19216997968684
I2,11,N8,-9.74926461066925e-09,39.104180882067325,41.77797102759405,-9.349288370221088e-09,-41.777971036943335,0.12909378245232994,-5.393276304342904,313.3347826368357,9.659962556872343e-09,9.825828520149423e-09,-8.1552047484381
I2,11,N9,-9.59959372491799e-09,1.932824963351765e-08,2.0162692352712332e-08,-9.412007264053898e-09,-2.9574699616766232e-08,16.78913479358087,-4.965336183455528e-07,8.063013816493825e-08,9.603013689628543e-09,9.603013703747597e-09,-25.937960367053098
I2,12,N1,1.5548921626329753e-07,1.5677922188009152e-07,-9.014619612326625e-09,-9.10511744120009e-09,-9.04978288734649e-11,60.00566335888254,-5.430382254090895e-09,-1.3589802790145038e-07,-0.05261585003643169,-0.052607551543123375,-65.62978362238965
I2,12,N2,1.9525649689122203e-07,1.4517584495550551e-07,-9.587594303744692e-09,3.847583719269715e-08,4.806343149644184e-08,100.63880490125906,4.837046305255441e-06,2.166618216671434e-07,-0.07005334523828373,-0.0939707872911611,-87.27158813372955
I2,12,N3,1.9316649043150126e-08,23.622523320790197,25.237738559193787,-9.423801971906014e-09,-25.237738568617587,16.7498181682,-422.72753200091273,189.2830391232749,-0.014327253690368361,9.516913783559371e-09,-25.925928707546156
I2,12,N4,1.554828006273825e-07,1.5677558970845835e-07,-9.01325587648419e-09,-9.10652800025128e-09,-9.327212376708966e-11,60.015001128343066,-5.59772661312484e-09,-1.35898379075516e-07,-0.05261651678690164,-0.05260738728590445,-65.65462392136475
I2,12,N5,1.6268460773569648e-07,1.6039765270820148e-07,-9.478691764432447e-09,-6.163654034316873e-09,3.3150377301155747e-09,74.10060922898779,2.456463154186449e-07,-1.1731759349061989e-07,-0.052395674366677684,-0.052772956338484715,-69.69684902777345
I2,12,N6,6.445714417702664e-08,9.086105800550206e-08,1.7351141769828395e-08,-9.512797443473409e-09,-2.6863939213301804e-08,44.8096702203418,-1.2037642569673622e-06,5.8787582447662394e-08,-0.10471601086678964,-0.0725988919504167,-55.7621223831248
I2,12,N7,2.0825024448711453e-07,1.5468453627236717e-07,-9.587607253069025e-09,4.173783852501876e-08,5.1325445778087785e-08,100.63880490126162,5.165331524131259e-06,2.4112673453962304e-07,-0.06317252179268633,-0.08376735649723084,-87.26858750724953
I2,12,N8,39.104180882067325,104.62418154463519,70.00000069715496,-9.388852825798451e-09,-70.00000070654382,0.07144612578365825,-5.001228855335896,525.0000051582458,-0.058485594867271305,9.825828520149431e-09,-8.15911516618213
I2,12,N9,1.932824963351765e-08,28.745867383191193,30.711396745507255,-9.423793379228367e-09,-30.711396754931048,16.75036553401428,-514.427121705235,230.33547552062595,-0.013357982421923141,9.603013703789135e-09,-25.926062746489066
I2,13,N1,1.5677922188009152e-07,1.580702669033566e-07,-9.014041486696274e-09,-9.105583832104799e-09,-9.154234540852453e-11,60.00296375561685,-5.492812033651855e-09,-1.3589718989100805e-07,-0.052616360917991496,-0.05260720490220485,-65.6293890136313
I2,13,N2,1.4517584495550551e-07,1.0533457552008854e-07,-9.586615884829941e-09,2.889263236131433e-08,3.847924824614427e-08,100.64353900399992,3.872687721705417e-06,1.447951235736329e-07,-0.07034168197759748,-0.08967811353353773,-87.30152457608277
I2,13,N3,23.622523320790197,47.24504668320732,25.23773862430299,-9.425068028468667e-09,-25.23773863372806,16.735819666672867,-422.3742425686957,189.28303961158443,-0.030536823071754322,9.51691378355991e-09,-25.928290959534152
I2,13,N4,1.5677558970845835e-07,1.5807057922440914e-07,-9.012034262099288e-09,-9.107517355818076e-09,-9.548309371878781e-11,60.009864421487926,-5.729927508608682e-09,-1.358966371343802e-07,-0.05261763813653046,-0.05260658619425398,-65.65422720911474
I2,13,N5,1.6039765270820148e-07,1.5812432144464594e-07,-9.478464776009292e-09,-6.176207013714671e-09,3.302257762294621e-09,74.0978101453032,2.446900687213606e-07,-1.1741003842292973e-07,-0.052395378454812125,-0.05277329902537927,-69.69717262902725
I2,13,N6,9.086105800550206e-08,1.1671739037974595e-07,1.676647323026183e-08,-9.51248697115281e-09,-2.627896020141464e-08,44.798708983276065,-1.1772634904462683e-06,5.440489694331767e-08,-0.10140064626380502,-0.07263584388096576,-55.73003309541588
I2,13,N7,1.5468453627236717e-07,1.1214629551943053e-07,-9.586676366677095e-09,3.1416944526608355e-08,4.100362089328545e-08,100.64353900400093,4.126749518678642e-06,1.6372701119948445e-07,-0.06317345900786756,-0.07978446026416879,-87.29583445240058
I2,13,N8,104.62418154463519,170.14418220771668,70.00000069770125,-9.391016454326336e-09,-70.00000070709227,0.04897320946012585,-3.4281246968373873,525.0000051623268,-0.09075133450992831,9.825828520149474e-09,-8.169577584258175
I2,13,N9,28.745867383191193,57.49173480963283,30.711396812363372,-9.425074311510938e-09,-30.711396821788448,16.73636699295244,-513.9972080756446,230.33547602203723,-0.030047136399484937,9.603013703789478e-09,-25.92893733294463
I2,14,N1,1.580702669033566e-07,1.5936144726304256e-07,-9.013966782092403e-09,-9.105645058590081e-09,-9.167827649767802e-11,60.00320173205055,-5.500990119136883e-09,-1.3589708880511862e-07,-0.0526156992710627,-0.05260783543669165,-65.62938450385187
I2,14,N2,1.0533457552008854e-07,6.498804407110319e-08,-9.586681550038204e-09,2.9365500076988015e-08,3.895218162702622e-08,100.64572379679294,3.920370513316194e-06,1.4834113895212357e-07,-0.07024793978594404,-0.09075342187956144,-87.3015837302085
I2,14,N3,47.24504668320732,70.86757005197771,25.237738631090387,-9.425314053871071e-09,-25.2377386405157,16.737056020971043,-422.4054454689369,189.28303966248805,-0.03372260514245393,9.516913783559379e-09,-25.933015464202477
I2,14,N4,1.5807057922440914e-07,1.5936575803469735e-07,-9.011929403023698e-09,-9.107602668701195e-09,-9.567326567749681e-11,60.010865374297076,-5.741435466491618e-09,-1.358964905379367e-07,-0.05261634488601807,-0.052607782387083656,-65.65422377354457
I2,14,N5,1.5812432144464594e-07,1.558503669151203e-07,-9.47847547184349e-09,-6.175633007344178e-09,3.3028424644993116e-09,74.09851927926626,2.4473573603208153e-07,-1.1740581359390751e-07,-0.0523948752701808,-0.052773837349949164,-69.6971795738254
I2,14,N6,1.1671739037974595e-07,1.427591829680121e-07,1.6964538465743113e-08,-9.512553570933451e-09,-2.6477092036676562e-08,44.798772338536516,-1.1861412183375515e-06,5.588988671107246e-08,-0.10137734847953003,-0.07264097806451547,-55.73001792545931
I2,14,N7,1.1214629551943053e-07,6.904699788682397e-08,-9.58674098965099e-09,3.194203715005047e-08,4.152877813970146e-08,100.64572379679554,4.1796939342667936e-06,1.6766472120299608e-07,-0.06310523163061546,-0.08029474000249993,-87.29579182760115
I2,14,N8,170.14418220771668,235.66418287104403,70.00000069796258,-9.392183395666185e-09,-70.00000070735476,0.0478485006289043,-3.3493950778691657,525.0000051642779,-0.10780153878403546,9.825828520149436e-09,-8.186592002466416
I2,14,N9,57.49173480963283,86.23760224314485,30.711396819916867,-9.425349986181873e-09,-30.711396829342217,16.737603393126427,-514.0351797784505,230.33547607868638,-0.03419196260292592,9.603013703789148e-09,-25.934686506425596
I2,15,N1,1.5936144726304256e-07,1.6065235709680832e-07,-9.014121352776308e-09,-9.10552726508669e-09,-9.140591231038243e-11,60.004404933536534,-5.484757375591519e-09,-1.358973646339725e-07,-0.05261568556903602,-0.05260781700415501,-65.6297682532413
I2,15,N2,6.498804407110319e-08,1.3008052203133373e-08,-9.587777563466276e-09,4.02534588161772e-08,4.9841236379643474e-08,100.64633272515418,5.016337660098656e-06,2.2999260939533198e-07,-0.06963465847448237,-0.09773616574367788,-87.26976717132275
I2,15,N3,70.86757005197771,94.49009341772535,25.237738627861056,-9.425226586620785e-09,-25.23773863728628,16.74230384605157,-422.5378886526824,189.28303963826872,-0.03510798494117355,9.516913783558843e-09,-25.94010222155175
I2,15,N4,1.5936575803469735e-07,1.6066011131961016e-07,-9.012391484653162e-09,-9.107234804817085e-09,-9.484332016392358e-11,60.01405927729273,-5.691932638372963e-09,-1.3589719717102685e-07,-0.05261632723560798,-0.0526076676606956,-65.65461013738562
I2,15,N5,1.558503669151203e-07,1.5356867749923297e-07,-9.478602071279342e-09,-6.1685040669690184e-09,3.3100980043103234e-09,74.10066955296529,2.452804784053291e-07,-1.1735329603686268e-07,-0.05239514164644084,-0.052773570236053634,-69.69686805919207
I2,15,N6,1.427591829680121e-07,1.701769098807252e-07,1.8433880510789977e-08,-9.513143410318395e-09,-2.794702392110837e-08,44.80467081687308,-1.252157207096538e-06,6.690552825353687e-08,-0.10563103396856484,-0.07260868816212727,-55.762040027696536
I2,15,N7,6.904699788682397e-08,1.3391544025258232e-08,-9.587786315944308e-09,4.3693683574171986e-08,5.328146989011629e-08,100.646332725154,5.362584546645918e-06,2.557942294367076e-07,-0.06277869949291114,-0.08504008176368091,-87.26727593485188
I2,15,N8,235.66418287104403,301.18418353433407,70.00000069792274,-9.392110103188645e-09,-70.00000070731485,0.057367534670063274,-4.015727467481338,525.0000051639797,-0.12034067229726245,9.825828520149395e-09,-8.210158420793746
I2,15,N9,86.23760224314485,114.98346967471703,30.711396817844456,-9.425307018638993e-09,-30.711396827269763,16.742851245050197,-514.1963486066842,230.33547606314363,-0.037015950513980156,9.603013703788791e-09,-25.943310266932663
I2,16,N1,1.6065235709680832e-07,1.619427587812575e-07,-9.014412398271634e-09,-9.105306621120619e-09,-9.089422284898504e-11,60.008292801344176,-5.454407138672523e-09,-1.358978926454419e-07,-0.05261568938944702,-0.05260763614002461,-65.63054040571559
I2,16,N2,1.3008052203133373e-08,-8.020276879619227e-09,-9.581530712770569e-09,1.1288175290120986e-08,2.0869706002891555e-08,100.56514606875852,2.0987650325928357e-06,1.2799834330128132e-08,-0.0687748491988128,-0.11174694632794435,-87.16099163768855
I2,16,N3,94.49009341772535,94.49009344544734,1.887481625435595e-08,-9.41165001997968e-09,-2.828646627433563e-08,16.84318685560957,-4.764342369435333e-07,7.097374675782202e-08,9.516913774866682e-09,9.516913783475404e-09,-25.978541726176836
I2,16,N4,1.6066011131961016e-07,1.6195300349561767e-07,-9.013209797277774e-09,-9.106584127298906e-09,-9.33743300211321e-11,60.022622512847825,-5.604572163248486e-09,-1.3589845443432509e-07,-0.05261613727746324,-0.052607434526542,-65.65538657464118
I2,16,N5,1.5356867749923297e-07,1.5163689079593348e-07,-9.472000874893428e-09,-6.49022972420232e-09,2.9817711506911083e-09,74.07903055052807,2.2088671616672985e-07,-1.197167294932181e-07,-0.05239854976046322,-0.05276946922911085,-69.69623996120009
I2,16,N6,1.701769098807252e-07,1.877634750064248e-07,7.936102838636996e-09,-9.508237005136336e-09,-1.7444339843773332e-08,44.8507929306877,-7.823924741456228e-07,-1.1791006248745047e-08,-0.11265220647547511,-0.0725136000089804,-55.846448043997434
I2,16,N7,1.3391544025258232e-08,-8.011709652719454e-09,-9.581469974052913e-09,1.1639157924199255e-08,2.1220627898252168e-08,100.56514606875848,2.1340555442585006e-06,1.5432659626097562e-08,-0.06205702269633178,-0.09707392169011422,-87.16574487297103
I2,16,N8,301.18418353433407,358.80632743996466,61.562119546625624,-9.349711320041304e-09,-61.562119555975336,0.20674282965579402,-12.727526796610634,461.71589652956936,-5.14488799639365e-09,9.825828520149425e-09,-8.24027683929396
I2,16,N9,114.98346967471703,114.98346970261042,1.9057813541990708e-08,-9.411736182476303e-09,-2.846954972446701e-08,16.843186855608618,-4.795179457042387e-07,7.234558019635804e-08,9.603013697349772e-09,9.603013703737135e-09,-25.981177473456857
I2,17,N1,1.619427587812575e-07,1.6154200536238533e-07,-9.39945790376161e-09,-7.859722271589578e-09,1.5397356321720312e-09,67.056868288482,1.0324984948564246e-07,-1.294438513151339e-07,-0.052416424551663406,-0.05269127004055692,-65.63170211401703
I2,17,N2,-8.020276879619227e-09,1.9949182936421728e-08,1.8956116803635795e-08,-9.572036280616228e-09,-2.8528153084252023e-08,67.09169328976905,-1.9140020968522157e-06,7.038060392264675e-08,-0.11563971353168889,-0.0702972995171006,-79.6620624157342
I2,17,N3,94.49009344544734,94.49009288756008,-9.51502813015e-09,5.138464097586989e-07,5.233614378888489e-07,67.08869328822146,3.511163498540755e-05,3.782485362214117e-06,9.516913783439493e-09,9.516913774347874e-09,-55.79899322984109
I2,17,N4,1.6195300349561767e-07,1.615520553258756e-07,-9.399593360022325e-09,-7.859658657463552e-09,1.539934702558774e-09,67.08869328893222,1.0331220694494866e-07,-1.294443901311441e-07,-0.05241617458642535,-0.05269130149018858,-65.65655376608167
I2,17,N5,1.5163689079593348e-07,1.5237532846264758e-07,-9.25644763523411e-09,-8.800714403482467e-09,4.5573323175164237e-10,67.1387557894677,3.05973621517184e-08,-1.3542871529037434e-07,-0.05249636596849824,-0.05263903822853206,-69.69530298902326
I2,17,N6,1.877634750064248e-07,1.7812477134597453e-07,-9.499219608535822e-09,6.995983240216669e-10,1.0198817932557489e-08,67.08365553860712,6.841739890886558e-07,-6.599715963385617e-08,-0.07232509696932246,-0.08421381783654482,-56.138767924657714
I2,17,N7,-8.011709652719454e-09,2.1853356989986216e-08,2.0981029657390605e-08,-9.57230621885123e-09,-3.055333587624184e-08,67.09169328976466,-2.0498750395879805e-06,8.556542578904532e-08,-0.09215734592071687,-0.06359542340812227,-79.63914541189035
I2,17,N8,358.80632743996466,357.4468290950703,-9.515371539911817e-09,1.2724904424847012,1.2724904520000728,67.06949353881525,85.34529014862298,9.543678247269971,9.825828520149954e-09,9.822195547024231e-09,-55.75692679419795
I2,17,N9,114.98346970261042,114.98346917678774,-9.515004223298522e-09,4.838339682438201e-07,4.933489724671186e-07,67.08869328825641,3.309813789792298e-05,3.5573922301539122e-06,9.603013703713316e-09,9.603013697872148e-09,-55.80021518495002
I2,18,N1,1.6154200536238533e-07,1.6111591108955022e-07,-9.401194437501072e-09,-7.837524602543289e-09,1.5636698349577832e-09,67.12355249599075,1.0495907425318595e-07,-1.2929039280033272e-07,-0.052414441365716574,-0.052693644366951856,-65.63273719823394
I2,18,N2,1.9949182936421728e-08,3.529824540678272e-08,5.480252673826294e-09,-9.565495025729364e-09,-1.504574769955566e-08,67.15616499681276,-1.0104147150117759e-06,-3.063931763927302e-08,-0.0810869865234857,-0.0706218231949065,-79.54052841996791
I2,18,N3,94.49009288756008,72.50410710444037,-9.515591049532186e-09,20.578882684663473,20.578882694179065,67.15205388105733,1381.9142394914707,154.3416200636091,9.51691378344345e-09,4.09368980712096e-09,-55.832396183374506
I2,18,N4,1.615520553258756e-07,1.6112538242104466e-07,-9.401354899778921e-09,-7.837123583354946e-09,1.5642313164239747e-09,67.15616499646492,1.0504777637840598e-07,-1.29288588623504e-07,-0.05241417946347606,-0.05269369688925853,-65.65759379570271
I2,18,N5,1.5237532846264758e-07,1.5310178554805496e-07,-9.259622982318742e-09,-8.792282488258812e-09,4.673404940599295e-10,67.20903999679263,3.140950595739463e-08,-1.3538929102933166e-07,-0.05249070038228154,-0.05264388981471782,-69.69448864985283
I2,18,N6,1.7812477134597453e-07,1.6903319936263824e-07,-9.498352594760674e-09,1.882426615433226e-10,9.686595256303997e-09,67.15572849638718,6.505103610867432e-07,-6.982582449913014e-08,-0.07235161703803299,-0.08197923081333071,-56.29190535265439
I2,18,N7,2.1853356989986216e-08,3.8114595077263574e-08,6.454085007000358e-09,-9.566120791398619e-09,-1.6020205798398975e-08,67.15616499681288,-1.07585558388018e-06,-2.3340268382986958e-08,-0.07426493265111594,-0.06370587513923447,-79.52337207390656
I2,18,N8,357.4468290950703,282.6605041570832,-9.516004057921175e-09,70.00000013361897,70.00000014313497,67.14113399621017,4699.8793893449565,525.0000009307722,9.825828520149962e-09,-0.026578915973492438,-55.792671485052054
I2,18,N9,114.98346917678774,107.67701747121698,-9.515574548854413e-09,6.838838788077676,6.83883879759325,67.15548111229576,459.265509701809,51.29129083921576,9.603013703716044e-09,9.39697384590898e-09,-55.836890145481355
I2,19,N1,1.6111591108955022e-07,1.6068076740093398e-07,-9.401809909806464e-09,-7.829593562196991e-09,1.5722163476094723e-09,67.14543823308703,1.0556715565746151e-07,-1.2923552604002591e-07,-0.05241446946040609,-0.052693714402403724,-65.63364045273613
I2,19,N2,3.529824540678272e-08,4.7585120180355156e-08,2.212980298472005e-09,-9.561731600493675e-09,-1.177471189896568e-08,67.17857573433848,-7.910083750546825e-07,-5.511563476516252e-08,-0.07918341952812087,-0.07015332537525529,-79.46277486211855
I2,19,N3,72.50410710444037,45.54071970541171,-9.51565304452909e-09,25.2377305971542,25.237730606669853,67.16185452387121,1695.0127915178127,189.2829794072891,9.516913783443451e-09,-0.00158858825764968,-55.83964659440256
I2,19,N4,1.6112538242104466e-07,1.6068940108094301e-07,-9.401987134983205e-09,-7.8289647866751e-09,1.5730223483081046e-09,67.1785757335792,1.056734009564286e-07,-1.2923213941243729e-07,-0.0524142035132042,-0.052693775417585464,-65.65850138609008
I2,19,N5,1.5310178554805496e-07,1.5382275540919783e-07,-9.261050179691122e-09,-8.7883968082564e-09,4.726533714347211e-10,67.23482573442647,3.177876706120262e-08,-1.3537085240960641e-07,-0.05248940746627913,-0.0526448513078655,-69.69377582170708
I2,19,N6,1.6903319936263824e-07,1.6053884083137743e-07,-9.497161447287322e-09,-3.6970557006249243e-10,9.12745587722483e-09,67.18240073357414,6.13204398421735e-07,-7.400150263012361e-08,-0.07236376117105817,-0.08061261497400753,-56.39344800566433
I2,19,N7,3.8114595077263574e-08,5.110543308290353e-08,2.964117793126102e-09,-9.562572631192399e-09,-1.25266904243185e-08,67.17857573433855,-8.415252213706939e-07,-4.9488411285497234e-08,-0.06952210535501371,-0.06324330300644056,-79.46407168071413
I2,19,N8,282.6605041570832,207.87417911311147,-9.51616133724552e-09,70.00000023282051,70.00000024233667,67.17295844349725,4702.107107323279,525.0000016747827,9.825828520149964e-09,-0.02820459131442818,-55.82093753558436
I2,19,N9,107.67701747121698,74.8656989965325,-9.515738794272067e-09,30.711394083967974,30.71139409348371,67.17397673389159,2063.0064723010505,230.33545555839177,9.603013703716047e-09,-0.004604400009999673,-55.8476578481985
I2,20,N1,1.6068076740093398e-07,1.602443975569586e-07,-9.401899696116008e-09,-7.828524542207505e-09,1.5733751539085027e-09,67.1499423006248,1.0565205080219262e-07,-1.2922818178742633e-07,-0.05241473297169682,-0.05269343924762619,-65.63441245324442
I2,20,N2,4.7585120180355156e-08,5.8496479295605056e-08,7.462397329385504e-10,-9.559254486805369e-09,-1.0305494219743918e-08,67.1836048018346,-6.923602509468663e-07,-6.609761065400114e-08,-0.07787534464506653,-0.06992548680132106,-79.40492387779064
I2,20,N3,45.54071970541171,21.425374418292364,-9.515631943677329e-09,22.571963180407106,22.571963189922737,67.16486481437052,1516.0428562461082,169.28972378168606,9.51691378344345e-09,5.891262705639348e-09,-55.84420066632376
I2,20,N4,1.6068940108094301e-07,1.6025193617526536e-07,-9.4020939743536e-09,-7.827669770841013e-09,1.574424203512587e-09,67.18360480113707,1.0577549347813465e-07,-1.292232280889596e-07,-0.05241446569456133,-0.052693504948091295,-65.6592770942589
I2,20,N5,1.5382275540919783e-07,1.5454220195490375e-07,-9.261433237515268e-09,-8.787306580434923e-09,4.741266570803447e-10,67.23929230191531,3.1879940883555267e-08,-1.3536554863462644e-07,-0.05248956271893997,-0.05264458269631998,-69.69315979726183
I2,20,N6,1.6053884083137743e-07,1.525853709509037e-07,-9.495896042774444e-09,-8.748687313671033e-10,8.62102731140734e-09,67.18875392614612,5.792360826167329e-07,-7.77807358060616e-08,-0.07236802902183102,-0.07963969561709508,-56.466713173638304
I2,20,N7,5.110543308290353e-08,6.263491397072257e-08,1.405493589497804e-09,-9.560246799213945e-09,-1.096574038871175e-08,67.18360480183468,-7.367179686347271e-07,-6.116064907287106e-08,-0.06936975627490738,-0.0630792262704682,-79.41568674114814
I2,20,N8,207.87417911311147,133.0878547014954,-9.515940204667304e-09,69.99999964093578,69.99999965045173,67.1799510390192,4702.5965492487085,524.9999972356488,9.825828520149962e-09,-0.012988407052287671,-55.84172495351766
I2,20,N9,74.8656989965325,42.05438667356712,-9.515703319657635e-09,30.711388325958925,30.711388335474627,67.17882442552245,2063.154964852888,230.33541237332417,9.603013703716045e-09,-0.0014536199892922178,-55.8551444182033
I2,21,N1,1.602443975569586e-07,1.5980852507134616e-07,-9.401873281768352e-09,-7.828966928130888e-09,1.5729063536374632e-09,67.15048192530261,1.0562141967012612e-07,-1.292313015742443e-07,-0.052414996766458326,-0.05269313371471348,-65.635054435503
I2,21,N2,5.8496479295605056e-08,6.861932423660296e-08,-9.417011087565569e-11,-9.557484922231756e-09,-9.4633148113561e-09,67.18440692624554,-6.357871931573148e-07,-7.238741274830559e-08,-0.07696722313416536,-0.06983224845210964,-79.36365436236366
I2,21,N3,21.425374418292364,8.46734768789192,-9.515618555930593e-09,12.128713011318219,12.128713020833837,67.16610952083434,814.6384671040951,90.9653475135195,9.516913783443451e-09,9.112430573623605e-09,-55.846343203284526
I2,21,N4,1.6025193617526536e-07,1.5981484184792954e-07,-9.402076058251248e-09,-7.828000935943354e-09,1.5740751223078937e-09,67.18440692582587,1.0575330354895265e-07,-1.2922557745645951e-07,-0.0524147348555756,-0.0526931949319168,-65.65992215097512
I2,21,N5,1.5454220195490375e-07,1.5526145232234779e-07,-9.261470877374884e-09,-8.78715593371226e-09,4.743149436626237e-10,67.23728192627452,3.1891647588888846e-08,-1.3536470108315356e-07,-0.05249026486587995,-0.052643811188785715,-69.69264150106478
I2,21,N6,1.525853709509037e-07,1.450477364104401e-07,-9.494806483050452e-09,-1.2631360507006284e-09,8.231670432349824e-09,67.18948292581881,5.53081679965336e-07,-8.068456900313309e-08,-0.07236851772289393,-0.07901841051167707,-56.521091351287076
I2,21,N7,6.263491397072257e-08,7.332802782474274e-08,5.13832093800294e-10,-9.558588325312823e-09,-1.0072420419113117e-08,67.1844069262456,-6.767095921699209e-07,-6.783567173634396e-08,-0.06887923707092652,-0.06301627507588153,-79.37960246704287
I2,21,N8,133.0878547014954,58.97366124692323,-9.515751868642282e-09,69.37088506514283,69.37088507465859,67.18207522157147,4660.4800192727025,520.281637917203,9.825828520149964e-09,-0.0009567132070119834,-55.85503373895006
I2,21,N9,42.05438667356712,18.364347830190585,-9.515672194672286e-09,22.173876349063796,22.17387635857947,67.18101003538158,1489.6634101690377,166.3040725466109,9.603013703716047e-09,8.646455688837426e-09,-55.859349856709755
I2,22,N1,1.5980852507134616e-07,1.5937376313196164e-07,-9.401804601141163e-09,-7.829946228577453e-09,1.5718583725637098e-09,67.14925542884882,1.0554911935725516e-07,-1.292381312228896e-07,-0.0524157302878475,-0.05269230164219778,-65.6355677816828
I2,22,N2,6.861932423660296e-08,7.825127465500412e-08,-6.171783789503886e-10,-9.556213100708414e-09,-8.939034721758026e-09,67.18344292964686,-6.00555129075362e-07,-7.630043609744101e-08,-0.07637526479677348,-0.06981520676260512,-79.33615108972009
I2,22,N3,8.46734768789192,3.265390971717679,-9.515607761985942e-09,4.869031478002505,4.869031487518113,67.16628817970127,327.0347720466811,36.51773601365173,9.516913783443448e-09,9.427351345178904e-09,-55.84718993636915
I2,22,N4,1.5981484184792954e-07,1.5937873142078867e-07,-9.402015935850465e-09,-7.828869193531004e-09,1.5731467423194608e-09,67.18344292938383,1.0568941438216559e-07,-1.29231638470361e-07,-0.05241547122716585,-0.052692361006503555,-65.66043796023921
I2,22,N5,1.5526145232234779e-07,1.5598135373593416e-07,-9.261289254052864e-09,-8.787606193435525e-09,4.736830606173385e-10,67.23125542964118,3.184630684105849e-08,-1.353667158561629e-07,-0.05249160921114625,-0.05264240493380982,-69.69222421013495
I2,22,N6,1.450477364104401e-07,1.3781637202064388e-07,-9.49393186128747e-09,-1.5490386590972576e-09,7.944893202190212e-09,67.18803292937606,5.338017460891321e-07,-8.282227890288545e-08,-0.07236751207349973,-0.07861596856039575,-56.561206222199104
I2,22,N7,7.332802782474274e-08,8.350099234672276e-08,-4.052429369589324e-11,-9.557397964183095e-09,-9.516873670487201e-09,67.1834429296469,-6.393763391098361e-07,-7.198441693409241e-08,-0.06845867135646558,-0.06301117632931587,-79.35471688671133
I2,22,N8,58.97366124692323,21.104550590189554,-9.515699745371428e-09,35.44548756636605,35.44548757588175,67.18402656348533,2381.3705788537286,265.8411566763776,9.825828520149957e-09,9.628693272830261e-09,-55.860931104905575
I2,22,N9,18.364347830190585,7.206262257566401,-9.515656692946089e-09,10.443968087639607,10.443968097155263,67.18179904523511,701.6445659379314,78.32976058592963,9.603013703716044e-09,9.433698099345576e-09,-55.8611862907998
I2,23,N1,1.5937376313196164e-07,1.58940604994332e-07,-9.401701538619064e-09,-7.831357094356657e-09,1.5703444442624072e-09,67.14645807869994,1.0544306739578507e-07,-1.292479397473179e-07,-0.05241779211533174,-0.05268994375978574,-65.63595631679009
I2,23,N2,7.825127465500412e-08,8.758001896600606e-08,-9.401278362490978e-10,-9.555346911924313e-09,-8.615219075675216e-09,67.18090807945391,-5.787782408072945e-07,-7.871606061130058e-08,-0.07598462897560519,-0.06984397067070292,-79.32054163076135
I2,23,N3,3.265390971717679,3.2653542049079696,-9.515590833564535e-09,3.4405397317014135e-05,3.44149129078477e-05,67.16545436682405,0.0023114932624502685,0.0002579691129463543,9.516913783443432e-09,9.516913448041456e-09,-55.84751647066413
I2,23,N4,1.5937873142078867e-07,1.5894409828932047e-07,-9.401921492353968e-09,-7.830169200711101e-09,1.5717522916428665e-09,67.18090807924754,1.0559174622820608e-07,-1.29240680197988e-07,-0.05241753517817258,-0.05269000220421951,-65.66082836100125
I2,23,N5,1.5598135373593416e-07,1.5670227491669949e-07,-9.261013442829381e-09,-8.78831905840539e-09,4.726943844239911e-10,67.22365807942744,3.1776245674583804e-08,-1.3536999375926077e-07,-0.05249425126765802,-0.052639548957562836,-69.69191425395569
I2,23,N6,1.3781637202064388e-07,1.3080490305876916e-07,-9.49326005356782e-09,-1.7542722115758203e-09,7.738987841992001e-09,67.18501207924685,5.199439916453771e-07,-8.43564919885773e-08,-0.07236570004301178,-0.07835248117933763,-56.589607755507764
I2,23,N7,8.350099234672276e-08,9.33533612701978e-08,-3.821177168238596e-10,-9.556589115611154e-09,-9.174471398787293e-09,67.18090807945396,-6.163493197195085e-07,-7.45403012432626e-08,-0.06814596367934973,-0.06303735841854705,-79.33977147277122
I2,23,N8,21.104550590189554,7.563602451439034,-9.515667388562118e-09,12.674327449533848,12.674327459049517,67.18400420559688,851.5120693118947,95.05745580013635,9.825828520149954e-09,9.791274053708461e-09,-55.86304155933878
I2,23,N9,7.206262257566401,6.710680363191909,-9.515638312697263e-09,0.4638646447979118,0.4638646543135501,67.18086166561442,31.16282717300666,3.478984764617051,9.603013703716009e-09,9.603013481524694e-09,-55.861906914770074
I2,24,N1,1.58940604994332e-07,1.585100410617424e-07,-9.401530661764097e-09,-7.833635565745e-09,1.5678950960190965e-09,67.1409669071429,1.052699927556898e-07,-1.2926374670631824e-07,-0.052424677635448905,-0.0526819909950465,-65.63623262834196
I2,24,N2,8.758001896600606e-08,9.674973776261397e-08,-1.1094684205255071e-09,-9.554857638973716e-09,-8.44538921844821e-09,67.17554815788313,-5.673236501559346e-07,-7.998244544624416e-08,-0.07532183548368779,-0.06989056276188485,-79.3156683543996
I2,24,N3,3.2653542049079696,3.265350242589842,-9.51553543788756e-09,3.7003932445341947e-06,3.709908779972082e-06,67.16277440918391,0.0002491677664679157,2.7681582818222304e-05,9.516913783443446e-09,9.516913720796681e-09,-55.84784300128239
I2,24,N4,1.5894409828932047e-07,1.5851199840577397e-07,-9.401754996367742e-09,-7.832394454298281e-09,1.5693605420694611e-09,67.17554815769716,1.0542265467057681e-07,-1.2925612087999517e-07,-0.052424417608672676,-0.05268205326701555,-65.66110594686175
I2,24,N5,1.5670227491669949e-07,1.574244793434295e-07,-9.260670715362106e-09,-8.789219914465173e-09,4.714508008969329e-10,67.21492315784182,3.1688529354990336e-08,-1.353741797237046e-07,-0.052501691684833186,-0.0526311780166319,-69.69172655383035
I2,24,N6,1.3080490305876916e-07,1.2395038855124152e-07,-9.49275004458397e-09,-1.900734764013962e-09,7.592015280570008e-09,67.17932815770499,5.100264859117233e-07,-8.545113606448449e-08,-0.07236403784022254,-0.078177871088051,-56.607772818219416
I2,24,N7,9.33533612701978e-08,1.0303912282398795e-07,-5.595999016839104e-10,-9.55613604981326e-09,-8.996536148129349e-09,67.17554815788317,-6.043472472727998e-07,-7.586801963622878e-08,-0.06778232484701065,-0.06307368222099828,-79.3339108485843
I2,24,N8,7.563602451439034,7.5635979414508565,-9.515587665815095e-09,4.213012366092544e-06,4.222527953758359e-06,67.17974815698054,0.0002836683645192969,3.1526225838200465e-05,9.825828520149957e-09,9.82582851216127e-09,-55.86379791760207
I2,24,N9,6.710680363191909,6.710678072596201,-9.515529269849346e-09,2.1356610661047714e-06,2.1451765953746208e-06,67.1755481572371,0.00014410341368836576,1.5946091526261914e-05,9.603013703716042e-09,9.603013680177572e-09,-55.862577980550896
RIV,1,N1,0.010976018848287628,0.010976018393780597,-9.310436103701976e-09,-7.731417249701725e-09,1.579018854000251e-09,67.13594865931046,1.0600892871424409e-07,-1.2781390015052778e-07,9.593599876292643e-09,9.593599876289383e-09,-65.62709587934624
RIV,1,N2,28.080002215452474,28.08000291645159,7.380612485177681e-07,-9.522665389237136e-09,-7.475839139070052e-07,67.17039866005543,-5.02155095289781e-05,5.464039373463982e-06,9.593599866171406e-09,9.59359987629868e-09,-79.7586544767114
RIV,1,N3,3.1813493895860607,3.181347300063002,-9.455390288516016e-09,1.9475097534250476e-06,1.9569651437135638e-06,67.16019966046723,0.0001314301697803779,1.4535407723523986e-05,9.593599876297768e-09,9.593599852936822e-09,-55.84856221901899
RIV,1,N4,0.010976018850608865,0.010976018394506295,-9.31070428533456e-09,-7.73015877407601e-09,1.5805455112585503e-09,67.17039865985807,1.0616587209128601e-07,-1.278064729455793e-07,9.593599876292654e-09,9.593599876289372e-09,-65.65192593596142
RIV,1,N5,0.01097601768328766,0.0109760183939196,-9.147917380188717e-09,-8.679605320737925e-09,4.683120594507923e-10,67.20752365998253,3.147409381579427e-08,-1.337064202569498e-07,9.593599876287716e-09,9.593599876293948e-09,-69.69235409171111
RIV,1,N6,0.010976036280455008,0.010976021673127213,-9.438167251553979e-09,5.403718241079689e-09,1.4841885492633669e-08,67.17396265987205,9.969882618842707e-07,-3.025836757855718e-08,9.593599876297865e-09,9.593599868202699e-09,-55.87390877323206
RIV,1,N7,28.080002215452474,28.08000291645159,7.380612484907927e-07,-9.522665389237124e-09,-7.475839138800298e-07,67.1703986600555,-5.02155095271662e-05,5.464039373261667e-06,9.593599866171406e-09,9.59359987629868e-09,-79.7586544767108
RIV,1,N8,6.370969885300225,6.3709685991956775,-9.455350157814695e-09,1.1955100616468196e-06,1.2049654118046342e-06,67.1743586597094,8.094277874510892e-05,8.895410336167536e-06,9.593599876297758e-09,9.593599862119644e-09,-55.86609743594089
RIV,1,N9,6.409029798783343,6.4090286926385485,-9.455303200087006e-09,1.0270677737918735e-06,1.0365230769919605e-06,67.17039865967095,6.96236683014988e-05,7.632093529438398e-06,9.593599876297763e-09,9.593599864106982e-09,-55.86416636078142
RIV,2,N1,0.010976018393780597,0.010976017941825872,-9.310231668991983e-09,-7.73362710004235e-09,1.5766045689496328e-09,67.13070840988382,1.0583858159584837e-07,-1.278289407677575e-07,9.593599876292638e-09,9.593599876289392e-09,-65.62709587934624
RIV,2,N2,28.08000291645159,28.08000421061985,1.3717888011584535e-06,-9.522811982268204e-09,-1.3813116131407217e-06,67.16555216070496,-9.277655720259066e-05,1.021699491882139e-05,9.593599857586506e-09,9.593599876298681e-09,-79.76146247695081
RIV,2,N3,3.181347300063002,3.181345860357424,-9.455323137049828e-09,1.33928065030535e-06,1.3487359734423999e-06,67.1577764108077,9.057810894165776e-05,9.973689953762252e-06,9.593599876297768e-09,9.593599859504888e-09,-55.848880349552736
RIV,2,N4,0.010976018394506295,0.010976017940766686,-9.310515363025562e-09,-7.732204994177777e-09,1.5783103688477849e-09,67.16555216045222,1.0600808740422848e-07,-1.2782040267902504e-07,9.59359987629265e-09,9.593599876289379e-09,-65.6519259359614
RIV,2,N5,0.0109760183939196,0.010976019105913446,-9.147528096880608e-09,-8.680539014205611e-09,4.669890826749965e-10,67.20098966056693,3.1382128516440075e-08,-1.3371050333314663e-07,9.593599876287704e-09,9.593599876293953e-09,-69.69235409171111
RIV,2,N6,0.010976021673127213,0.010976007169403649,-9.438037549495083e-09,5.306858311306785e-09,1.4744895860801868e-08,67.16895416047338,9.903992341751544e-07,-3.098384428641224e-08,9.593599876297864e-09,9.593599869800805e-09,-55.873908773427935
RIV,2,N7,28.08000291645159,28.08000421061985,1.3717888010755774e-06,-9.522811982268192e-09,-1.3813116130578457e-06,67.16555216070502,-9.277655719702433e-05,1.021699491819982e-05,9.593599857586506e-09,9.593599876298681e-09,-79.76146247695021
RIV,2,N8,6.3709685991956775,6.370967783040318,-9.455211112373529e-09,7.556377440856211e-07,7.650929551979946e-07,67.16933216038979,5.1390782841268326e-05,5.596368997299356e-06,9.593599876297758e-09,9.593599866785838e-09,-55.866734530768184
RIV,2,N9,6.4090286926385485,6.409027944973174,-9.455168673458645e-09,6.915311544903728e-07,7.009863231638314e-07,67.16555216034303,4.708213345214739e-05,5.115569893626857e-06,9.593599876297761e-09,9.593599867644846e-09,-55.86480726167818
RIV,3,N1,0.010976017941825872,0.01097601749176156,-9.310079939759236e-09,-7.735263601010858e-09,1.5748163387483777e-09,67.12682116120547,1.0571241473290673e-07,-1.2784007655577571e-07,9.593599876292634e-09,9.593599876289397e-09,-65.62709587934614
RIV,3,N2,28.08000421061985,28.080008435551804,4.5029464508170694e-06,-9.522933229650938e-09,-4.51246938404672e-06,67.16205866235971,-0.000303066733483448,3.370067638190564e-05,9.59359981516973e-09,9.593599876298683e-09,-79.76427047731966
RIV,3,N3,3.181345860357424,3.181344695753703,-9.455272434139412e-09,1.0817853563068303e-06,1.0912406287409696e-06,67.15602966148604,7.328338803154724e-05,8.042475629045183e-06,9.593599876297768e-09,9.593599862446442e-09,-55.84919847994252
RIV,3,N4,0.010976017940766686,0.01097601748872799,-9.31037911805149e-09,-7.733677682907535e-09,1.576701435143955e-09,67.16205866179745,1.0589451427927854e-07,-1.278304260071927e-07,9.593599876292646e-09,9.593599876289383e-09,-65.65192593596132
RIV,3,N5,0.010976019105913446,0.010976019818869292,-9.14725272083997e-09,-8.681198190867422e-09,4.660545299725485e-10,67.1963711619071,3.131717317772353e-08,-1.3371338183780543e-07,9.593599876287696e-09,9.593599876293956e-09,-69.69235409171121
RIV,3,N6,0.010976007169403649,0.010975992739378826,-9.437944246657525e-09,5.237958030712158e-09,1.4675902277369684e-08,67.16535266182413,9.857121520900027e-07,-3.1499896619590245e-08,9.593599876297864e-09,9.593599870608719e-09,-55.87390877356313
RIV,3,N7,28.08000421061985,28.080008435551804,4.502946449561952e-06,-9.522933229650923e-09,-4.512469382791603e-06,67.16205866235975,-0.00030306673339915196,3.370067637249226e-05,9.59359981516973e-09,9.593599876298683e-09,-79.76427047731904
RIV,3,N8,6.370967783040318,6.370967143892558,-9.455106408570025e-09,5.899587223914087e-07,5.994138287999787e-07,67.16571866176886,4.0260060587153056e-05,4.35377711987129e-06,9.593599876297756e-09,9.593599868674441e-09,-55.86737162551386
RIV,3,N9,6.409027944973174,6.409027345133895,-9.455067036430643e-09,5.531660189344598e-07,5.626210859708904e-07,67.16205866172517,3.778679038030046e-05,4.077832139235219e-06,9.59359987629776e-09,9.593599869201225e-09,-55.86544816250018
RIV,4,N1,0.01097601749176156,0.010976017042152727,-9.310043342763028e-09,-7.735657862690211e-09,1.5743854800728172e-09,67.12588381539543,1.0568201681601347e-07,-1.2784275904089932e-07,9.593599876292634e-09,9.593599876289398e-09,-65.62709587934596
RIV,4,N2,28.080008435551804,30.895393457640843,3.007889969994546,-9.522996206149096e-09,-3.0078899795175422,67.16168460511653,-202.0149581312476,22.559174703536623,9.548312305043156e-09,9.593599876298684e-09,-79.76707847811097
RIV,4,N3,3.181344695753703,3.1813436019652612,-9.455256026101492e-09,1.0155022694236193e-06,1.0249575254497208e-06,67.15569223859124,6.88317321367295e-05,7.545352600481384e-06,9.593599876297768e-09,9.593599863191715e-09,-55.84951661021584
RIV,4,N4,0.01097601748872799,0.01097601703701763,-9.31035279313608e-09,-7.733961944689082e-09,1.5763908484469982e-09,67.16138381600501,1.0587259081658663e-07,-1.278323605336887e-07,9.593599876292646e-09,9.593599876289385e-09,-65.65192593596113
RIV,4,N5,0.010976019818869292,0.010976020532082777,-9.147178914384583e-09,-8.68137467961518e-09,4.658042347694033e-10,67.19513381611493,3.129977788744307e-08,-1.3371415195499822e-07,9.593599876287694e-09,9.593599876293958e-09,-69.69235409171141
RIV,4,N6,0.010975992739378826,0.010975978324188089,-9.437925360916083e-09,5.224089873434925e-09,1.4662015234351008e-08,67.16462381603328,9.847687376001346e-07,-3.160376615610868e-08,9.593599876297864e-09,9.593599870748398e-09,-55.873908773645034
RIV,4,N7,28.080008435551804,30.895393456944337,3.00788996925042,-9.522996206149093e-09,-3.007889978773416,67.16168460511605,-202.01495808126938,22.55917469795568,9.548312305057974e-09,9.593599876298684e-09,-79.76707847811036
RIV,4,N8,6.370967143892558,6.370966549318727,-9.455071785601397e-09,5.482375552694357e-07,5.576926270550371e-07,67.16498381598666,3.745741627044665e-05,4.0408686261287575e-06,9.593599876297756e-09,9.593599869142846e-09,-55.86800872019563
RIV,4,N9,6.409027345133895,6.40902678309418,-9.455034030355186e-09,5.177856555832758e-07,5.272406896136309e-07,67.1613838159421,3.541021431852307e-05,3.8124796616469046e-06,9.59359987629776e-09,9.593599869593697e-09,-55.866089063262194
RIV,5,N1,0.010976017042152727,0.010976016590955592,-9.310170894677128e-09,-7.734282961855594e-09,1.5758879328215334e-09,67.12915118860909,1.0578801929868136e-07,-1.278334039239954e-07,9.593599876292636e-09,9.593599876289393e-09,-65.62709587934569
RIV,5,N2,30.895393457640843,33.181641760082826,2.4425729618246126,-9.52300278360819e-09,-2.4425729713476154,67.1646329466151,-164.0545170658856,18.319297142262073,9.55757829037547e-09,9.593599876298684e-09,-79.77016801748101
RIV,5,N3,3.1813436019652612,3.181342394443146,-9.455284397164325e-09,1.121956963309789e-06,1.1314122477069533e-06,67.15719467519808,7.598247257715931e-05,8.343762591844686e-06,9.593599876297768e-09,9.5935998618582e-09,-55.84983474037978
RIV,5,N4,0.01097601703701763,0.010976016583844712,-9.31046999410794e-09,-7.732695669556934e-09,1.577774324551007e-09,67.16438868920106,1.0597024799798549e-07,-1.2782374247748656e-07,9.593599876292648e-09,9.59359987628938e-09,-65.65192593596086
RIV,5,N5,0.010976020532082777,0.010976021244436193,-9.147425207372623e-09,-8.680785431123236e-09,4.666397762493875e-10,67.19926368931614,3.135784937210608e-08,-1.3371157978871892e-07,9.593599876287701e-09,9.593599876293954e-09,-69.6923540917117
RIV,5,N6,0.010975978324188089,0.010975963845452434,-9.43800601233387e-09,5.283497257680324e-09,1.4721503270014193e-08,67.16773668922458,9.88810055309872e-07,-3.1158815659901596e-08,9.593599876297864e-09,9.593599870098385e-09,-55.8739087736749
RIV,5,N7,30.895393456944337,33.18164175793072,2.4425729602694797,-9.523002783608185e-09,-2.4425729697924825,67.16463294661462,-164.05451696143447,18.319297130598578,9.557578290399457e-09,9.593599876298684e-09,-79.77016801748034
RIV,5,N8,6.370966549318727,6.370965883143925,-9.455131160751085e-09,6.152560106939736e-07,6.247111418547247e-07,67.16810868916903,4.1960665875433044e-05,4.543506596499169e-06,9.593599876297758e-09,9.593599868293669e-09,-55.86864581481794
RIV,5,N9,6.40902678309418,6.409026160850162,-9.455090651549676e-09,5.741368336416558e-07,5.835919242932055e-07,67.16438868911864,3.919659483905955e-05,4.235113072425795e-06,9.59359987629776e-09,9.593599868895065e-09,-55.866729963968005
RIV,6,N1,0.010976016590955592,0.010976016135128826,-9.310541623855557e-09,-7.730274421826423e-09,1.5802672020291343e-09,67.13865466011445,1.0609701394773938e-07,-1.2780612034261486e-07,9.593599876292646e-09,9.593599876289379e-09,-65.62709587934535
RIV,6,N2,33.181641760082826,33.181643989024714,2.3704784599178456e-06,-9.522910824748715e-09,-2.3800013707425944e-06,67.1731046610307,-0.00015987208117028884,1.7707166618198227e-05,9.593599844057583e-09,9.593599876298683e-09,-79.77348618174422
RIV,6,N3,3.181342394443146,3.1813404799234464,-9.455382244274497e-09,1.7837066161082868e-06,1.7931619983525614e-06,67.16155266089,0.0001204315439818623,1.3306884253980092e-05,9.59359987629777e-09,9.593599854028666e-09,-55.85015287042296
RIV,6,N4,0.010976016583844712,0.010976016126421123,-9.310809723433668e-09,-7.729014677582579e-09,1.5817950458510892e-09,67.17310466066206,1.0625408416667196e-07,-1.2779868300762185e-07,9.593599876292656e-09,9.593599876289367e-09,-65.6519259359605
RIV,6,N5,0.010976021244436193,0.010976021954269121,-9.148145458672106e-09,-8.679057264755428e-09,4.69088193916678e-10,67.21135466079551,3.152805296852586e-08,-1.3370402042570651e-07,9.593599876287724e-09,9.593599876293945e-09,-69.69235409171209
RIV,6,N6,0.010975963845452434,0.010975949179338449,-9.438240097768277e-09,5.458678293133305e-09,1.4896918390901582e-08,67.17677666067256,1.0007269596778613e-06,-2.984671353476229e-08,9.593599876297867e-09,9.593599866905062e-09,-55.873908773646775
RIV,6,N7,33.18164175793072,33.18164398687261,2.3704784595120817e-06,-9.522910824748696e-09,-2.3800013703368305e-06,67.17310466103076,-0.00015987208114303254,1.7707166615154997e-05,9.593599844057583e-09,9.593599876298683e-09,-79.77348618174332
RIV,6,N8,6.370965883143925,6.370964722717311,-9.455335365420396e-09,1.0778755299895864e-06,1.0873308653550068e-06,67.17718466054308,7.30438263290614e-05,8.013151459681246e-06,9.593599876297763e-09,9.593599862789763e-09,-55.869282909373624
RIV,6,N9,6.409026160850162,6.409025155463027,-9.455286285694511e-09,9.327586202602471e-07,9.422139065459416e-07,67.17310466048589,6.329143335697581e-05,6.924775004809144e-06,9.593599876297763e-09,9.593599864720948e-09,-55.86737086461159
RIV,7,N1,0.010976016135128826,0.010976015671906314,-9.311130589721548e-09,-7.723867993509576e-09,1.5872625962119716e-09,67.15434645776692,1.0659158230547334e-07,-1.2776248937423345e-07,9.593599876292676e-09,9.59359987628934e-09,-65.62709587934489
RIV,7,N2,33.181643989024714,33.181644711082996,7.60560303106473e-07,-9.522719177310553e-09,-7.700830222837835e-07,67.18748395853056,-5.1739940706428444e-05,5.632781879468718e-06,9.593599866231388e-09,9.593599876298666e-09,-79.7768043462303
RIV,7,N3,3.1813404799234464,3.1812936719402964,-9.455541947099418e-09,4.3803988265813274e-05,4.3813443807760374e-05,67.16874230586598,0.0029428939166559957,0.0003284589954289963,9.59359987629778e-09,9.59359958366756e-09,-55.85047100027469
RIV,7,N4,0.010976016126421123,0.010976015662238766,-9.311347181895911e-09,-7.723159333761306e-09,1.5881878481346054e-09,67.18748395825908,1.067063455692458e-07,-1.277587988674291e-07,9.593599876292684e-09,9.59359987628933e-09,-65.65192593596005
RIV,7,N5,0.010976021954269121,0.010976022659808338,-9.149367200815798e-09,-8.676108716083023e-09,4.732584847327754e-10,67.2324839584617,3.1818343483002215e-08,-1.3369106937674116e-07,9.593599876287777e-09,9.593599876293915e-09,-69.69235409171257
RIV,7,N6,0.010975949179338449,0.010975934213097744,-9.438603803913685e-09,5.739278263149299e-09,1.5177882067062984e-08,67.19141020824118,1.0198233000603365e-06,-2.774494155573289e-08,9.593599876297887e-09,9.593599820067282e-09,-55.87390877353138
RIV,7,N7,33.18164398687261,33.18164470893089,7.605603030516012e-07,-9.522719177310529e-09,-7.700830222289117e-07,67.18748395853062,-5.1739940702741784e-05,5.63278187905718e-06,9.593599866231388e-09,9.593599876298666e-09,-79.7768043462292
RIV,7,N8,6.370964722717311,2.2903822986186446,-9.455621579603803e-09,3.8194251406723194,3.819425150127941,67.19046747805115,256.62896133452205,28.645688484125234,9.593599876297774e-09,9.548565324750932e-09,-55.86992000381328
RIV,7,N9,6.409025155463027,6.222365443753354,-9.455604018929065e-09,0.17471348187623734,0.17471349133184136,67.18745334099455,11.738554546900348,1.3103510431547498,9.593599876297796e-09,9.593599605971635e-09,-55.868011765154634
RIV,8,N1,0.010976015671906314,0.010976015206688495,-9.3112888032193e-09,-7.722138996852374e-09,1.5891498063669266e-09,67.15866640014129,1.0672518170564554e-07,-1.2775070850053754e-07,9.593599876292659e-09,9.593599876289355e-09,-65.62709587934435
RIV,8,N2,33.181644711082996,33.181645449576315,7.781190799761627e-07,-9.522733970107527e-09,-7.876418139462702e-07,67.1904914009598,-5.2922040526993246e-05,5.764472595045414e-06,9.593599866170567e-09,9.593599876298686e-09,-79.7801225107886
RIV,8,N3,3.1812936719402964,5.835117924656029e-06,-9.455558057150723e-09,2.977685406981764,2.977685416437322,67.16994433081908,200.01096365678674,22.332640481446543,9.59359987629777e-09,9.555229751033544e-09,-55.85078912544559
RIV,8,N4,0.010976015662238766,0.0109760151967048,-9.311454262161856e-09,-7.721988042355116e-09,1.5894662198067404e-09,67.19049140059151,1.067970163734555e-07,-1.277508172838773e-07,9.593599876292667e-09,9.593599876289347e-09,-65.6519259359595
RIV,8,N5,0.010976022659808338,0.01097602336359445,-9.149864148564587e-09,-8.674903180020727e-09,4.7496096854386e-10,67.24111640090894,3.1936905771746134e-08,-1.3368575496438984e-07,9.593599876287772e-09,9.593599876293928e-09,-69.69235409171316
RIV,8,N6,0.010975934213097744,0.010975919209432111,-9.438648218377956e-09,5.774269082549922e-09,1.521291730092788e-08,67.19338265054297,1.0222073734323124e-06,-2.7482843518710256e-08,9.593599876297867e-09,9.593599705046155e-09,-55.8739087728992
RIV,8,N7,33.18164470893089,33.18164544742421,7.781190799078389e-07,-9.522733970107499e-09,-7.876418138779464e-07,67.19049140095989,-5.2922040522402605e-05,5.764472594532985e-06,9.593599866170567e-09,9.593599876298686e-09,-79.78012251078728
RIV,8,N8,2.2903822986186446,1.6092050224151287e-06,-9.455616450484948e-09,2.1437963170071224,2.1437963264627387,67.19054460661265,144.04284270068698,16.078472306636296,9.59359987629777e-09,9.56354625830625e-09,-55.87014903672988
RIV,8,N9,6.222365443753354,3.0694194929863938e-06,-9.455621073716576e-09,5.824131174092463,5.824131183548084,67.18929401443167,391.3192624700321,43.68098373477631,9.593599876297761e-09,9.50847448201368e-09,-55.8686339997265
RIV,9,N1,0.010976015206688495,0.010976014747028546,-9.310847382209316e-09,-7.726954434983929e-09,1.5838929472253874e-09,67.14650032916987,1.063528683022393e-07,-1.2778351362894931e-07,9.593599876292653e-09,9.593599876289367e-09,-65.62709587934371
RIV,9,N2,33.181645449576315,34.52754499706731,1.4379268561077045,-9.523033695358868e-09,-1.4379268656307382,67.1771566225602,-96.59583826426318,10.784451349385032,9.573140091425347e-09,9.593599876298684e-09,-79.78344067542074
RIV,9,N3,5.835117924656029e-06,1.9869168746143344e-06,-9.455460885136836e-09,3.593632291379402e-06,3.603087752264539e-06,67.16350674515938,0.00024199600855262052,2.6881326228706987e-05,9.59359987629777e-09,9.593599832140504e-09,-55.84854258081806
RIV,9,N4,0.0109760151967048,0.010976014737371202,-9.310961946521055e-09,-7.727360267761153e-09,1.5836016787599026e-09,67.17701282958602,1.0638163029100794e-07,-1.277874166071166e-07,9.59359987629266e-09,9.593599876289362e-09,-65.65192593595887
RIV,9,N5,0.01097602336359445,0.010976024069674354,-9.149213714009414e-09,-8.676480329313597e-09,4.727333846958167e-10,67.22932532990541,3.178154651402239e-08,-1.3369270532492257e-07,9.593599876287757e-09,9.593599876293931e-09,-69.69235409171382
RIV,9,N6,0.010975919209432111,0.010975904548648541,-9.438233514582873e-09,5.4536947895951175e-09,1.489192830417799e-08,67.17652232949223,1.00038795425481e-06,-2.988404043740817e-08,9.593599876297867e-09,9.593599867039183e-09,-55.873908770691116
RIV,9,N7,33.18164544742421,34.52754498875861,1.437926849530157,-9.523033695358851e-09,-1.4379268590531906,67.17715662255944,-96.59583782240114,10.784451300053425,9.573140091520319e-09,9.593599876298684e-09,-79.7834406754192
RIV,9,N8,1.6092050224151287e-06,5.658973839027731e-07,-9.455283677019773e-09,9.682522134392627e-07,9.777074971162825e-07,67.1689218292606,6.567155844568561e-05,7.1909769732168214e-06,9.59359987629775e-09,9.593599863678479e-09,-55.862353948252554
RIV,9,N9,3.0694194929863938e-06,1.0060216029525593e-06,-9.45543928417303e-09,1.923056552536562e-06,1.9325119918207352e-06,67.1770128291561,0.00012982038286703953,1.4352008349392918e-05,9.593599876297763e-09,9.593599852999051e-09,-55.86431700637932
RIV,10,N1,0.010976014747028546,0.0109760142919732,-9.310479960256433e-09,-7.730942446937824e-09,1.5795375133186085e-09,67.13707323407037,1.0604552570763282e-07,-1.2781066805395692e-07,9.593599876292644e-09,9.593599876289382e-09,-65.627095879343
RIV,10,N2,34.52754499706731,60.000000597461685,27.214161955363394,-9.523090314621105e-09,-27.214161964886486,67.17781076539907,-1828.1878226160654,204.10621459380226,5.623580806818024e-09,9.593599876298686e-09,-79.78689343004595
RIV,10,N3,1.9869168746143344e-06,-9.544788007670213e-09,-9.455364962016452e-09,1.8604043087924336e-06,1.8698596737544501e-06,67.15384874238181,0.00012556827370078575,1.3882117078728128e-05,9.593599876297741e-09,9.593599851649251e-09,-55.84227228481207
RIV,10,N4,0.010976014737371202,0.010976014283088389,-9.310558829343269e-09,-7.731734636001163e-09,1.5788241933421066e-09,67.16666698446576,1.0604435882122706e-07,-1.2781720099008323e-07,9.593599876292651e-09,9.593599876289377e-09,-65.65192593595815
RIV,10,N5,0.010976024069674354,0.010976024777660586,-9.148671727303307e-09,-8.677789818734515e-09,4.708819085687922e-10,67.22020215134215,3.165277708340402e-08,-1.3369846159528368e-07,9.59359987628774e-09,9.593599876293938e-09,-69.69235409171459
RIV,10,N6,0.010975904548648541,0.010975890248478531,-9.437777706134623e-09,5.116559832024003e-09,1.4554337538158625e-08,67.15892715696548,9.774536945430833e-07,-3.2409134055829654e-08,9.59359987629786e-09,9.593599871642083e-09,-55.87390876839619
RIV,10,N7,34.52754498875861,60.000000597461685,27.214161964240198,-9.523090314621115e-09,-27.21416197376329,67.17781076539598,-1828.1878232123054,204.1062146603783,5.623580793096776e-09,9.593599876298686e-09,-79.7868934300436
RIV,10,N8,5.658973839027731e-07,-9.718997517762483e-09,-9.454969632881223e-09,5.304934719341326e-07,5.399484415670138e-07,67.13620970836854,3.625009180474981e-05,3.907788767259385e-06,9.593599876297717e-09,9.593599869089901e-09,-55.8409176449929
RIV,10,N9,1.0060216029525593e-06,-9.544943311826716e-09,-9.455242579992172e-09,9.422865871001046e-07,9.517418296800968e-07,67.157696823707,6.391678925209612e-05,6.996235083900843e-06,9.593599876297708e-09,9.593599863793437e-09,-55.85195978824182
RIV,11,N1,0.0109760142919732,0.010976015653708449,-8.845580144764507e-09,-9.02416157548017e-09,-1.78581430715663e-10,60.01318438657407,-1.0717240329557286e-08,-1.3402306290183507e-07,9.59359987627801e-09,9.593599876295761e-09,-65.62709587934218
RIV,11,N2,60.000000597461685,60.000000566008595,-9.527541315158342e-09,2.1093056829551094e-08,3.0620598144709436e-08,100.6307943810417,3.081375115724762e-06,8.674136635794564e-08,9.593599876298923e-09,9.406769124779898e-09,-87.17042348046562
RIV,11,N3,-9.544788007670213e-09,1.632297269666406e-08,1.6978755979634477e-08,-9.337203820523034e-09,-2.631595980015751e-08,16.789134793581844,-4.4182219630732557e-07,5.731164119333582e-08,9.593599869083788e-09,9.593599876296133e-09,-25.925495488806742
RIV,11,N4,0.010976014283088389,0.0109760156465008,-8.844783960664451e-09,-9.025033866627123e-09,-1.802499059626711e-10,60.03030568325212,-1.0820456954316595e-08,-1.3402363370468679e-07,9.593599876277983e-09,9.593599876295766e-09,-65.65192593595732
RIV,11,N5,0.010976024777660586,0.010976022854178548,-9.394248315370526e-09,-6.429884183500968e-09,2.964364131869558e-09,74.10842982686806,2.196843712479398e-07,-1.1868099374153621e-07,9.593599876295061e-09,9.593599876284103e-09,-69.69235409171546
RIV,11,N6,0.010975890248478531,0.010975911770502141,1.221354074079071e-08,-9.44437990930969e-09,-2.16579206501004e-08,44.83774758055046,-9.71092379228793e-07,2.076870623610765e-08,9.593599872152241e-09,9.593599876297644e-09,-55.873908766056985
RIV,11,N7,60.000000597461685,60.000000566008595,-9.527541315188767e-09,2.1093056572177506e-08,3.0620597887366275e-08,100.63079438104309,3.081375089828158e-06,8.674136442741554e-08,9.593599876298923e-09,9.406770853744557e-09,-87.17042348046694
RIV,11,N8,-9.718997517762483e-09,8.983833634656827e-09,9.436000059036862e-09,-9.239008050942517e-09,-1.867500810997938e-08,0.12909378245232994,-2.4108274342451752e-09,1.4774400607075894e-09,9.5935998715191e-09,9.5935998762946e-09,-8.113874510636261
RIV,11,N9,-9.544943311826716e-09,1.6340804914077442e-08,1.6997958328591633e-08,-9.337217039600472e-09,-2.6335175368192103e-08,16.78913479358087,-4.4214480906916796e-07,5.745555966743371e-08,9.5935998689977e-09,9.593599876296137e-09,-25.92578334650102
RIV,12,N1,0.010976015653708449,0.010976017016764877,-8.844802272480666e-09,-9.024716708273114e-09,-1.7991443579244736e-10,60.00566335888254,-1.0795885067564884e-08,-1.3402139235565336e-07,9.593599876277977e-09,9.593599876295766e-09,-65.62709587934164
RIV,12,N2,60.000000566008595,42.903212459150666,-9.535498412490344e-09,16.002593659665013,16.00259366920051,100.63880490125906,1610.4819021887936,120.01945237597137,9.593599876298924e-09,6.8766188019752935e-09,-87.17642348148576
RIV,12,N3,1.632297269666406e-08,5.509572485483812e-07,5.605178384848674e-07,-9.350245971968848e-09,-5.698680844568362e-07,16.7498181682,-9.545186794512447e-06,4.133756943846739e-06,9.593599850660744e-09,9.593599876296309e-09,-25.901044627862504
RIV,12,N4,0.0109760156465008,0.010976017012604554,-8.843196206235294e-09,-9.026161938299001e-09,-1.829657320637073e-10,60.015001128343066,-1.0980688616251509e-08,-1.340201860840072e-07,9.593599876277914e-09,9.593599876295774e-09,-65.65192593595678
RIV,12,N5,0.010976022854178548,0.010976020607888121,-9.402001081228265e-09,-6.134527699633718e-09,3.2674733815945472e-09,74.10060922898779,2.4212176821565687e-07,-1.1652396585646487e-07,9.593599876295058e-09,9.593599876284124e-09,-69.69235409171606
RIV,12,N6,0.010975911770502141,0.0109759617843289,4.264446249280158e-08,-9.452298834301236e-09,-5.2096761327102816e-08,44.8096702203418,-2.3344386946153334e-06,2.489412274387526e-07,9.593599862178875e-09,9.593599876297652e-09,-55.87390876375365
RIV,12,N7,60.000000566008595,42.90321244731245,-9.535498412440243e-09,16.002593670745583,16.00259368028108,100.63880490126162,1610.4819033039698,120.01945245907564,9.593599876298924e-09,6.876588665577571e-09,-87.17642348148708
RIV,12,N8,8.983833634656827e-09,4.237676261381032e-07,4.325723822329587e-07,-9.262695998459598e-09,-4.418350782314183e-07,0.07144612578365825,-3.1567404574954394e-08,3.174822646758743e-06,9.593599861856698e-09,9.59359987629432e-09,-8.076939643153628
RIV,12,N9,1.6340804914077442e-08,5.5096711807191e-07,5.605093279085942e-07,-9.350248972323522e-09,-5.698595768809177e-07,16.75036553401428,-9.545356215814084e-06,4.1336930920220295e-06,9.593599850693158e-09,9.593599876296287e-09,-25.90162071721627
RIV,13,N1,0.010976017016764877,0.010976018381305429,-8.843927427850966e-09,-9.025339400867407e-09,-1.8141197301644106e-10,60.00296375561685,-1.0885256041740454e-08,-1.340195012153878e-07,9.5935998762779e-09,9.59359987629583e-09,-65.62709587934137
RIV,13,N2,42.903212459150666,24.199274461511546,-9.535540407810037e-09,17.506885957436165,17.506885966971705,100.64353900399992,1761.9549606554956,131.30164460925468,9.593599876298929e-09,9.24666397894573e-09,-87.18071380249917
RIV,13,N3,5.509572485483812e-07,16.953130845170726,18.11231867972563,-9.350907215582575e-09,-18.112318689076535,16.735819666672867,-303.1244993256936,135.8423900278104,-0.0007192655191069344,9.593599876296668e-09,-25.895673331894816
RIV,13,N4,0.010976017012604554,0.01097601838162878,-8.84146920860257e-09,-9.027382481874792e-09,-1.859132732722224e-10,60.009864421487926,-1.1156630323221102e-08,-1.340163876785802e-07,9.593599876277763e-09,9.593599876295905e-09,-65.65192593595651
RIV,13,N5,0.010976020607888121,0.01097601837226063,-9.401766452969355e-09,-6.14430265218799e-09,3.2574638007813643e-09,74.0978101453032,2.413709342654953e-07,-1.1659551828868008e-07,9.593599876294975e-09,9.593599876284212e-09,-69.69235409171634
RIV,13,N6,0.0109759617843289,0.010976018398776922,4.969564097974453e-08,-9.452971068082999e-09,-5.914861204782753e-08,44.798708983276065,-2.649781457895322e-06,3.018200243374615e-07,9.59359965019565e-09,9.593599876297836e-09,-55.87390876156976
RIV,13,N7,42.90321244731245,24.19927444058989,-9.535540407838622e-09,17.506885965938267,17.506885975473807,100.64353900400093,1761.954961511195,131.30164467302046,9.593599876298929e-09,9.24666444218677e-09,-87.18071380249931
RIV,13,N8,4.237676261381032e-07,22.890637351198983,24.455808672579135,-9.263858830635464e-09,-24.455808681842992,0.04897320946012585,-1.1976794410926612,183.41856497486458,6.967292975988458e-09,9.593599876294974e-09,-8.067755190054276
RIV,13,N9,5.5096711807191e-07,16.952760842756486,18.11192337799047,-9.350910221057318e-09,-18.111923387341378,16.73636699295244,-303.1277967587836,135.8394252647967,-0.0007193918988067185,9.593599876296601e-09,-25.89625817498146
RIV,14,N1,0.010976018381305429,0.010976019746030428,-8.84381862536191e-09,-9.025416722342349e-09,-1.815980969804389e-10,60.00320173205055,-1.0896467247273755e-08,-1.3401926510778194e-07,9.593599876277965e-09,9.593599876295768e-09,-65.62709587934135
RIV,14,N2,24.199274461511546,9.77372206727291,-9.535560163895225e-09,13.5023170326533,13.50231704218886,100.64572379679294,1358.9504716448703,101.26737767338305,9.593599876298923e-09,9.592432410670312e-09,-87.18313372849816
RIV,14,N3,16.953130845170726,43.91899303294878,28.80968181387563,-9.351073270001376e-09,-28.809681823226704,16.737056020971043,-482.1892586216965,216.0726135339342,9.529210869429987e-09,9.59359987629619e-09,-25.8973686449271
RIV,14,N4,0.01097601838162878,0.010976019750924448,-8.841308476842182e-09,-9.027495737528681e-09,-1.8618726068649865e-10,60.010865374297076,-1.1173258635466624e-08,-1.3401603160778148e-07,9.593599876277894e-09,9.59359987629578e-09,-65.65192593595648
RIV,14,N5,0.01097601837226063,0.010976016136106423,-9.401778074486272e-09,-6.1438198269284495e-09,3.257958247557822e-09,74.09851927926626,2.414098820177078e-07,-1.1659198426061041e-07,9.593599876295053e-09,9.593599876284133e-09,-69.69235409171633
RIV,14,N6,0.010976018398776922,0.010976076335702089,5.110841166303226e-08,-9.453086934257973e-09,-6.056149859729023e-08,44.798772338536516,-2.7130807881406038e-06,3.124149354658071e-07,9.593599668242251e-09,9.593599876297657e-09,-55.87390876120085
RIV,14,N7,24.19927444058989,9.773722076596814,-9.535560163889957e-09,13.502317004343453,13.502317013879013,100.64572379679554,1358.9504687956403,101.2673774610592,9.593599876298923e-09,9.592432348746617e-09,-87.18313372849622
RIV,14,N8,22.890637351198983,50.970637089504976,29.99999970983727,-9.264819840744359e-09,-29.99999971910209,0.0478485006289043,-1.435455005426585,224.99999775429336,-0.0027128462039108284,9.593599876294881e-09,-8.070044253629698
RIV,14,N9,16.952760842756486,43.918682386867964,28.809745228761766,-9.351076275283178e-09,-28.809745238112843,16.737603393126427,-482.2060896525455,216.07308914558018,9.52921084046477e-09,9.59359987629618e-09,-25.897953451013503
RIV,15,N1,0.010976019746030428,0.010976021110234376,-8.844125941460094e-09,-9.025198256231515e-09,-1.8107231477142079e-10,60.004404933536534,-1.0865136497797121e-08,-1.3401993148268706e-07,9.593599876278036e-09,9.593599876295702e-09,-65.62709587934164
RIV,15,N2,9.77372206727291,2.0285591726602722e-08,-9.53553592836007e-09,9.148203827626084,9.14820383716162,100.64633272515418,920.7331672325007,68.61152863567911,9.593599876298918e-09,9.476436560519419e-09,-87.18411109923584
RIV,15,N3,43.91899303294878,60.00000057527963,17.180563602927926,-9.350929030267782e-09,-17.180563612278856,16.74230384605157,-287.6422162431899,128.85422695182746,-2.5892443097179095e-05,9.593599876295715e-09,-25.90176054428264
RIV,15,N4,0.010976019750924448,0.010976021119031142,-8.842012240915797e-09,-9.026999419664424e-09,-1.8498717874862716e-10,60.01405927729273,-1.1101831510959256e-08,-1.3401758745435166e-07,9.59359987627804e-09,9.593599876295645e-09,-65.6519259359568
RIV,15,N5,0.010976016136106423,0.010976013895180594,-9.401883206125108e-09,-6.139445692812914e-09,3.262437513312194e-09,74.10066955296529,2.417488041111447e-07,-1.1655996674203517e-07,9.593599876295136e-09,9.593599876284045e-09,-69.69235409171606
RIV,15,N6,0.010976076335702089,0.010976131279959132,4.791142524117864e-08,-9.45281658404236e-09,-5.7364241825221e-08,44.80467081687308,-2.5701859716385294e-06,2.884395649285221e-07,9.593599851626094e-09,9.593599876297467e-09,-55.87390876250928
RIV,15,N7,9.773722076596814,2.0285591790119436e-08,-9.53553592830714e-09,9.14820383635326,9.148203845888796,100.646332725154,920.7331681108572,68.61152870113291,9.593599876298918e-09,9.47643593888899e-09,-87.18411109923484
RIV,15,N8,50.970637089504976,60.00000058224441,9.646755857737352,-9.26384832167713e-09,-9.6467558670012,0.057367534670063274,-0.5534106016538276,72.35066886355128,9.442708862595833e-09,9.593599876294765e-09,-8.075141318709568
RIV,15,N9,43.918682386867964,60.0000005752639,17.180895489749595,-9.350932038246676e-09,-17.180895499100526,16.742851245050197,-287.65717759819256,128.85671610299,-2.5809676190314797e-05,9.593599876295723e-09,-25.902345319304438
RIV,16,N1,0.010976021110234376,0.010976022473467496,-8.844698176789461e-09,-9.024790892145805e-09,-1.8009271535634377e-10,60.008292801344176,-1.0807056394492609e-08,-1.340211680170145e-07,9.593599876277988e-09,9.593599876295764e-09,-65.62709587934216
RIV,16,N2,2.0285591726602722e-08,-7.479716493795954e-09,-9.526599531516132e-09,1.7642112751130004e-08,2.7168712282646137e-08,100.56514606875852,2.7322255192043825e-06,6.086634914710403e-08,9.593599876298858e-09,9.593599872197705e-09,-87.14661284216203
RIV,16,N3,60.00000057527963,60.00000059954374,1.526660687643634e-08,-9.336196513335375e-09,-2.4602803389771715e-08,16.84318685560957,-4.1438961466574955e-07,4.447807772325723e-08,9.593599872770987e-09,9.593599876296138e-09,-25.957750478026306
RIV,16,N4,0.010976021119031142,0.010976022485049298,-8.843246760288201e-09,-9.026126108446746e-09,-1.8287934815854489e-10,60.022622512847825,-1.0976898079916012e-08,-1.3402029651551213e-07,9.593599876277949e-09,9.593599876295771e-09,-65.65192593595734
RIV,16,N5,0.010976013895180594,0.010976012012966156,-9.393150445298123e-09,-6.467548817545585e-09,2.925601627752538e-09,74.07903055052807,2.1672573236095492e-07,-1.189552444713278e-07,9.593599876295045e-09,9.59359987628418e-09,-69.69235409171547
RIV,16,N6,0.010976131279959132,0.010976152524065412,1.1916835340873293e-08,-9.444191703611098e-09,-2.136102704448439e-08,44.8507929306877,-9.580590007589893e-07,1.8544827279466457e-08,9.59359987317805e-09,9.593599876297639e-09,-55.87390876401984
RIV,16,N7,2.0285591790119436e-08,-7.479716493337297e-09,-9.526599531531294e-09,1.7642112810139067e-08,2.716871234167036e-08,100.56514606875848,2.732225525140161e-06,6.08663495895583e-08,9.593599876298858e-09,9.593599872197705e-09,-87.14661284239259
RIV,16,N8,60.00000058224441,60.0000005997185,8.125488448785996e-09,-9.237033637475587e-09,-1.7362522086261585e-08,0.20674282965579402,-3.58957694607494e-09,-8.336588915171935e-09,9.593599873987742e-09,9.593599876294821e-09,-8.157556840533847
RIV,16,N9,60.0000005752639,60.000000599543796,1.5283458915238637e-08,-9.336209780793335e-09,-2.461966869603197e-08,16.843186855608618,-4.146736801704447e-07,4.460436850833976e-08,9.593599872750195e-09,9.593599876296137e-09,-25.9580425114713
RIV,17,N1,0.010976022473467496,0.010976022051233412,-9.307815239327705e-09,-7.759328596699348e-09,1.5484866426283571e-09,67.056868288482,1.0383666484120343e-07,-1.280035787702029e-07,9.593599876292533e-09,9.593599876289536e-09,-65.62709587934296
RIV,17,N2,-7.479716493795954e-09,28.079999800316806,29.999999783784126,-9.523403757201798e-09,-29.99999979330753,67.09169328976905,-2012.750784825724,224.9999983069554,-0.03575263332641324,9.593599876298727e-09,-79.73338247614042
RIV,17,N3,60.00000059954374,60.00000001399822,-9.454870939683268e-09,5.397872362312618e-07,5.49242107170945e-07,67.08869328822146,3.684793526896799e-05,3.977492739686839e-06,9.593599876297721e-09,9.593599870557606e-09,-55.80191353230319
RIV,17,N4,0.010976022485049298,0.010976022062502724,-9.307982371284513e-09,-7.759182531253038e-09,1.5487998400314754e-09,67.08869328893222,1.0390695743381894e-07,-1.2800373676903162e-07,9.593599876292542e-09,9.593599876289527e-09,-65.65192593595813
RIV,17,N5,0.010976012012966156,0.010976012735366844,-9.144531416816146e-09,-8.687654441724693e-09,4.5687697509145355e-10,67.1387557894677,3.0674151656495816e-08,-1.337413939390563e-07,9.593599876287554e-09,9.593599876294034e-09,-69.69235409171462
RIV,17,N6,0.010976152524065412,0.010976139397915325,-9.43613601538576e-09,4.019115462953052e-09,1.3455251478338813e-08,67.08365553860712,9.026274553582151e-07,-4.0627654143245316e-08,9.593599876297801e-09,9.59359987481298e-09,-55.8739087655575
RIV,17,N7,-7.479716493337297e-09,28.079999800316806,29.999999783784126,-9.523403757201857e-09,-29.99999979330753,67.09169328976466,-2012.750784825592,224.9999983069554,-0.0357526333302287,9.593599876298727e-09,-79.73338247613982
RIV,17,N8,60.0000005997185,60.00000019994011,-9.454593778769638e-09,3.659094379462633e-07,3.753640317250329e-07,67.06949353881525,2.5175475500485736e-05,2.6734113312562023e-06,9.593599876297697e-09,9.593599872146102e-09,-55.7942151137423
RIV,17,N9,60.000000599543796,60.00000010099051,-9.454788602673267e-09,4.583625731972777e-07,4.6781736179995096e-07,67.08869328825641,3.138525550071819e-05,3.3668083844595328e-06,9.593599876297723e-09,9.593599871305276e-09,-55.805935594781566
RIV,18,N1,0.010976022051233412,0.010976021603324757,-9.30990659875748e-09,-7.737129430826897e-09,1.5727771679305836e-09,67.12355249599075,1.0557039079608419e-07,-1.2785277022188283e-07,9.593599876292633e-09,9.5935998762894e-09,-65.62709587934368
RIV,18,N2,28.079999800316806,28.080000321723634,5.46189328721074e-07,-9.522504687171983e-09,-5.557118334082459e-07,67.15616499681276,-3.731947557504549e-05,4.025001180254265e-06,9.593599869152463e-09,9.593599876298676e-09,-79.73619047606823
RIV,18,N3,60.00000001399822,59.999923875162416,-9.45549305773209e-09,7.125766638382717e-05,7.126712187688491e-05,67.15205388105733,0.004785733608224455,0.0005343615816807708,9.59359987629777e-09,9.593599563602484e-09,-55.83481673495949
RIV,18,N4,0.010976022062502724,0.010976021613897182,-9.31010346658985e-09,-7.736649618543461e-09,1.5734538480463882e-09,67.15616499646492,1.0566712623372589e-07,-1.2785064813849983e-07,9.593599876292643e-09,9.59359987628939e-09,-65.65192593595884
RIV,18,N5,0.010976012735366844,0.010976013445926603,-9.14793799379921e-09,-8.679555818484381e-09,4.683821753148285e-10,67.20903999679263,3.147951635451905e-08,-1.3370620359212695e-07,9.593599876287721e-09,9.593599876293945e-09,-69.69235409171387
RIV,18,N6,0.010976139397915325,0.010976125184862502,-9.437664415356698e-09,5.035117399645626e-09,1.4472781815002323e-08,67.15572849638718,9.719302061557457e-07,-3.301910261783304e-08,9.593599876297862e-09,9.593599872028298e-09,-55.87390876708054
RIV,18,N7,28.079999800316806,28.080000321723634,5.461893287080924e-07,-9.522504687171972e-09,-5.557118333952644e-07,67.15616499681288,-3.7319475574173764e-05,4.025001180156904e-06,9.593599869152463e-09,9.593599876298676e-09,-79.73619047606762
RIV,18,N8,60.00000019994011,59.9999992670362,-9.455162325722953e-09,8.649144239702473e-07,8.743695862959703e-07,67.14113399621017,5.87061655557086e-05,6.415944462333933e-06,9.593599876297741e-09,9.593599864693486e-09,-55.83741473361585
RIV,18,N9,60.00000010099051,59.999997378182414,-9.455404237762174e-09,2.540264545290967e-06,2.549719949528729e-06,67.15548111229576,0.00017122766991222027,1.8981068557899036e-05,9.593599876297764e-09,9.593599847315404e-09,-55.842862861199414
RIV,19,N1,0.010976021603324757,0.01097602114535372,-9.31071279702976e-09,-7.728417347304422e-09,1.5822954497253392e-09,67.14543823308703,1.0624392138602743e-07,-1.2779347608250637e-07,9.593599876292656e-09,9.593599876289365e-09,-65.62709587934432
RIV,19,N2,28.080000321723634,28.080000604439547,2.9117805462509324e-07,-9.522164298436707e-09,-3.0070021892352996e-07,67.17857573433848,-2.0200612430286517e-05,2.112419177449924e-06,9.593599872452837e-09,9.59359987629867e-09,-79.73899847604817
RIV,19,N3,59.999923875162416,34.96173723897267,-9.455572992491179e-09,23.435742683189613,23.435742692645185,67.16185452387121,1573.9879413823137,175.76807005300532,9.593599876297771e-09,8.01437602230484e-09,-55.841302186608054
RIV,19,N4,0.010976021613897182,0.010976021154969075,-9.310929651964593e-09,-7.727711517991197e-09,1.5832181339733964e-09,67.1785757335792,1.0635833931590774e-07,-1.2778980877466843e-07,9.593599876292664e-09,9.593599876289355e-09,-65.65192593595948
RIV,19,N5,0.010976013445926603,0.010976014151356545,-9.149398208960308e-09,-8.676033599357387e-09,4.733646096029208e-10,67.23482573442647,3.1826587035497194e-08,-1.336907385623827e-07,9.593599876287769e-09,9.593599876293925e-09,-69.69235409171321
RIV,19,N6,0.010976125184862502,0.010976110450713304,-9.438323738612072e-09,5.522285974853536e-09,1.4960609713465607e-08,67.18240073357414,1.0050896769886483e-06,-2.937028322818902e-08,9.593599876297872e-09,9.593599862479745e-09,-55.873908768563545
RIV,19,N7,28.080000321723634,28.080000604439547,2.911780546195366e-07,-9.522164298436692e-09,-3.007002189179733e-07,67.17857573433855,-2.0200612429913253e-05,2.112419177408249e-06,9.593599872452837e-09,9.59359987629867e-09,-79.73899847604757
RIV,19,N8,59.9999992670362,52.40074462973224,-9.45556470022949e-09,7.112902332232532,7.1129023416880965,67.17295844349725,477.7946934108688,53.34676742082726,9.593599876297771e-09,9.43961574406808e-09,-55.85322327547495
RIV,19,N9,59.999997378182414,43.676703475782226,-9.455587326636248e-09,15.27860308436257,15.278603093818157,67.17397673389159,1026.324528750505,114.58952306180238,9.593599876297771e-09,9.127495437956792e-09,-55.85341208472923
RIV,20,N1,0.01097602114535372,0.0109760206851436,-9.310891178807725e-09,-7.726477845457875e-09,1.58441333334985e-09,67.1499423006248,1.0639326391478303e-07,-1.2778026768199198e-07,9.593599876292659e-09,9.593599876289359e-09,-65.62709587934486
RIV,20,N2,28.080000604439547,28.080000870910776,2.7382266979546563e-07,-9.522124898852108e-09,-2.8334479469431775e-07,67.1836048018346,-1.9036124709400005e-05,1.9822540867246013e-06,9.593599872657116e-09,9.593599876298668e-09,-79.74180647605637
RIV,20,N3,34.96173723897267,17.668600612278954,-9.455566608953585e-09,16.186375874301334,16.1863758837569,67.16486481437052,1087.1557480671192,121.39781898634327,9.593599876297771e-09,9.085032379106209e-09,-55.84479836045693
RIV,20,N4,0.010976021154969075,0.01097602069354361,-9.311128356491647e-09,-7.725548071684306e-09,1.585580284807341e-09,67.18360480113707,1.0652499923497076e-07,-1.2777507321131965e-07,9.593599876292669e-09,9.593599876289347e-09,-65.65192593596002
RIV,20,N5,0.010976014151356545,0.010976014855836439,-9.149667614103463e-09,-8.67538038004387e-09,4.742872340595939e-10,67.23929230191531,3.189073796599996e-08,-1.3368785995610497e-07,9.593599876287779e-09,9.59359987629392e-09,-69.69235409171264
RIV,20,N6,0.010976110450713304,0.010976095579575754,-9.438490014503455e-09,5.65036139837872e-09,1.5088851412882173e-08,67.18875392614612,1.0138011246083225e-06,-2.8410964620935512e-08,9.593599876297874e-09,9.593599846775677e-09,-55.8739087699196
RIV,20,N7,28.080000604439547,28.080000870910776,2.738226697910894e-07,-9.522124898852093e-09,-2.833447946899415e-07,67.18360480183468,-1.9036124709106013e-05,1.9822540866917796e-06,9.593599872657116e-09,9.593599876298668e-09,-79.74180647605577
RIV,20,N8,52.40074462973224,29.90595417653345,-9.455615182470946e-09,21.05512385591004,21.055123865365655,67.1799510390192,1414.4821903957493,157.9134288484082,9.593599876297771e-09,8.383442346490047e-09,-55.8584633510841
RIV,20,N9,43.676703475782226,25.41562660361482,-9.455605916681757e-09,17.09236794406467,17.092367953520274,67.17882442552245,1148.2451857659648,128.192759509568,9.593599876297771e-09,8.992889471542551e-09,-55.857779755504524
RIV,21,N1,0.0109760206851436,0.010976020224562202,-9.310920721963129e-09,-7.72615621312887e-09,1.5847645088342592e-09,67.15048192530261,1.06417700506336e-07,-1.2777807701318998e-07,9.593599876292664e-09,9.593599876289354e-09,-65.62709587934529
RIV,21,N2,28.080000870910776,28.080001147708234,2.848549237864873e-07,-9.522161963326576e-09,-2.943770857498139e-07,67.18440692624554,-1.9777549918777772e-05,2.064995713673705e-06,9.59359987250379e-09,9.593599876298664e-09,-79.74461447609123
RIV,21,N3,17.668600612278954,7.244729493209222,-9.455557848205972e-09,9.756743359165291,9.75674336862085,67.16610952083434,655.3224936634622,73.175575122823,9.593599876297773e-09,9.393821449980596e-09,-55.846565220069344
RIV,21,N4,0.01097602069354361,0.010976020231618006,-9.31116809546305e-09,-7.725114759087071e-09,1.5860533363759794e-09,67.18440692582587,1.0655805275714757e-07,-1.2777212140912592e-07,9.593599876292676e-09,9.593599876289342e-09,-65.65192593596046
RIV,21,N5,0.010976014855836439,0.010976015560691187,-9.149561355288936e-09,-8.675638149292224e-09,4.739232059967122e-10,67.23728192627452,3.186530821300481e-08,-1.336889962843587e-07,9.593599876287779e-09,9.593599876293916e-09,-69.69235409171216
RIV,21,N6,0.010976095579575754,0.010976080688045169,-9.438514526985087e-09,5.66942780503409e-09,1.5107942332019177e-08,67.18948292581881,1.0150948333614578e-06,-2.8268150414632478e-08,9.593599876297879e-09,9.593599842350027e-09,-55.873908771005716
RIV,21,N7,28.080000870910776,28.080001147708234,2.848549237819452e-07,-9.522161963326563e-09,-2.9437708574527177e-07,67.1844069262456,-1.977754991847263e-05,2.06499571363964e-06,9.59359987250379e-09,9.593599876298664e-09,-79.74461447609062
RIV,21,N8,29.90595417653345,18.852365611630745,-9.455599650700448e-09,10.346158888464922,10.346158897920521,67.18207522157147,695.0764253344274,77.59619159256992,9.593599876297778e-09,9.332057465015308e-09,-55.8614539464252
RIV,21,N9,25.41562660361482,12.814101243175276,-9.455602977095638e-09,11.7950277290874,11.795027738543002,67.18101003538158,792.4018768706615,88.46270789723847,9.593599876297773e-09,9.319176337224139e-09,-55.86032131798818
RIV,22,N1,0.010976020224562202,0.01097601976437916,-9.31088902368372e-09,-7.726501303361017e-09,1.5843877203227033e-09,67.14925542884882,1.0639045573028069e-07,-1.2778042745283552e-07,9.593599876292654e-09,9.593599876289364e-09,-65.62709587934563
RIV,22,N2,28.080001147708234,28.080001447496254,3.094174164650756e-07,-9.522228463373244e-09,-3.1893964492844886e-07,67.18344292964686,-2.1427463433052276e-05,2.2492139100127676e-06,9.593599872161155e-09,9.593599876298674e-09,-79.74742247615376
RIV,22,N3,7.244729493209222,3.1813927951801544,-9.455547969260579e-09,3.8032831410712404,3.8032831505267883,67.16628817970127,255.45241211728444,28.524623487117694,9.59359987629777e-09,9.545922793746607e-09,-55.847289691256215
RIV,22,N4,0.010976020231618006,0.0109760197699625,-9.311146636723865e-09,-7.725348771272881e-09,1.5857978654509838e-09,67.18344292938383,1.0653936039106486e-07,-1.277737155599756e-07,9.593599876292666e-09,9.593599876289352e-09,-65.6519259359608
RIV,22,N5,0.010976015560691187,0.010976016266720068,-9.149228202708091e-09,-8.67644526477552e-09,4.727829379325712e-10,67.23125542964118,3.1785790462920886e-08,-1.336925510061271e-07,9.593599876287759e-09,9.59359987629393e-09,-69.69235409171178
RIV,22,N6,0.010976080688045169,0.010976065818829532,-9.438487701168962e-09,5.648564515905012e-09,1.5087052217073975e-08,67.18803292937606,1.0136693611679824e-06,-2.842442388947962e-08,9.59359987629787e-09,9.593599850147591e-09,-55.873908771781295
RIV,22,N7,28.080001147708234,28.080001447496254,3.0941741645958226e-07,-9.522228463373229e-09,-3.189396449229555e-07,67.1834429296469,-2.1427463432683227e-05,2.249213909971568e-06,9.593599872161155e-09,9.593599876298674e-09,-79.74742247615316
RIV,22,N8,18.852365611630745,8.469702702964662,-9.455611536914841e-09,9.718172474227428,9.71817248368304,67.18402656348533,652.9059582922936,72.88629348578863,9.593599876297761e-09,9.428867797463421e-09,-55.863339182422926
RIV,22,N9,12.814101243175276,6.40932238328852,-9.455596894550391e-09,5.994873004569993,5.994873014025591,67.18179904523511,402.74635412997014,44.961547463357974,9.593599876297771e-09,9.513262285440982e-09,-55.8616027272359
RIV,23,N1,0.01097601976437916,0.010976019305243043,-9.310805661594126e-09,-7.7274081918096e-09,1.5833974697845259e-09,67.14645807869994,1.0631953182680622e-07,-1.2778660390052794e-07,9.593599876292631e-09,9.59359987628939e-09,-65.62709587934587
RIV,23,N2,28.080001447496254,28.0800017873012,3.521704315724784e-07,-9.522319765159366e-09,-3.616927513376378e-07,67.18090807945391,-2.4298847480618628e-05,2.5698608385548927e-06,9.5935998715444e-09,9.593599876298698e-09,-79.75023047624629
RIV,23,N3,3.1813927951801544,3.181353902921346,-9.455530148725323e-09,3.639487029254573e-05,3.640432582269445e-05,67.16545436682405,0.0024451130847991786,0.0002728906107179775,9.593599876297758e-09,9.59359966813107e-09,-55.84760782633951
RIV,23,N4,0.0109760197699625,0.010976019309226353,-9.311073555906476e-09,-7.726145263038803e-09,1.5849282928676725e-09,67.18090807924754,1.0647692195534183e-07,-1.277791411420896e-07,9.593599876292641e-09,9.593599876289379e-09,-65.65192593596105
RIV,23,N5,0.010976016266720068,0.01097601697419933,-9.148815990724229e-09,-8.677441681045311e-09,4.71374309678918e-10,67.22365807942744,3.1687505421281726e-08,-1.3369693253827155e-07,9.593599876287724e-09,9.593599876293958e-09,-69.69235409171148
RIV,23,N6,0.010976065818829532,0.010976051000234632,-9.43842657242723e-09,5.601237058319291e-09,1.503966363074652e-08,67.18501207924685,1.0104399826995146e-06,-2.8778921355809544e-08,9.593599876297847e-09,9.593599858612317e-09,-55.87390877231699
RIV,23,N7,28.080001447496254,28.0800017873012,3.5217043156545525e-07,-9.522319765159353e-09,-3.616927513306146e-07,67.18090807945396,-2.429884748014682e-05,2.569860838502219e-06,9.5935998715444e-09,9.593599876298698e-09,-79.75023047624568
RIV,23,N8,8.469702702964662,6.37097401043486,-9.455598586664785e-09,1.9644100479238829,1.9644100573794814,67.18400420559688,131.9769335564999,14.733075288512133,9.593599876297735e-09,9.593598788740293e-09,-55.86418615066064
RIV,23,N9,6.40932238328852,6.409032374287935,-9.455581033345822e-09,0.00027144014055139015,0.0002714495961324235,67.18086166561442,0.018236217766959245,0.002035730137277676,9.593599876297736e-09,9.59359971480627e-09,-55.86224365750173
RIV,24,N1,0.010976019305243043,0.010976018848287628,-9.31063176400897e-09,-7.729296976077073e-09,1.5813347879318967e-09,67.1409669071429,1.061723466656493e-07,-1.277994655506453e-07,9.593599876292648e-09,9.593599876289375e-09,-65.62709587934606
RIV,24,N2,28.0800017873012,28.080002215452474,4.4655738086265575e-07,-9.522456932625315e-09,-4.5607983779528107e-07,67.17554815788313,-3.063741310765643e-05,3.2777619294752283e-06,9.593599870120314e-09,9.593599876298676e-09,-79.75303847637278
RIV,24,N3,3.181353902921346,3.1813493895860607,-9.455469297644171e-09,4.216197928046727e-06,4.225653397344371e-06,67.16277440918391,0.00028380660585724155,3.1550568440618125e-05,9.59359987629777e-09,9.593599832992366e-09,-55.84792595753356
RIV,24,N4,0.010976019309226353,0.010976018850608865,-9.310904905442833e-09,-7.72798057663719e-09,1.5829243288056424e-09,67.17554815769716,1.063338094796739e-07,-1.2779164111560018e-07,9.593599876292659e-09,9.593599876289364e-09,-65.65192593596123
RIV,24,N5,0.01097601697419933,0.01097601768328766,-9.148357799135719e-09,-8.678546352795369e-09,4.6981144634035e-10,67.21492315784182,3.1578340264441154e-08,-1.3370178113948318e-07,9.59359987628773e-09,9.593599876293941e-09,-69.6923540917113
RIV,24,N6,0.010976051000234632,0.010976036280455008,-9.438306132149519e-09,5.508851478345365e-09,1.4947157610494883e-08,67.17932815770499,1.0041400061403732e-06,-2.9470909903531157e-08,9.593599876297867e-09,9.593599865308139e-09,-55.8739087726898
RIV,24,N7,28.0800017873012,28.080002215452474,4.465573808524357e-07,-9.522456932625303e-09,-4.5607983778506103e-07,67.17554815788317,-3.0637413106969915e-05,3.2777619293985778e-06,9.593599870120314e-09,9.593599876298676e-09,-79.75303847637218
RIV,24,N8,6.37097401043486,6.370969885300225,-9.455514660425116e-09,3.852842079545534e-06,3.862297594205959e-06,67.17974815698054,0.00025946817968606817,2.8825399236638313e-05,9.59359987629776e-09,9.593599842544585e-09,-55.86482324602907
RIV,24,N9,6.409032374287935,6.409029798783343,-9.455461573918951e-09,2.4023884059684956e-06,2.4118438675424144e-06,67.1755481572371,0.00016201693387183245,1.7946997082959326e-05,9.593599876297766e-09,9.593599852780886e-09,-55.86288455876666
