unit,hour,node,p_charge_mw,p_discharge_mw,net_injection_mw,lambda_joint_eur_per_mwh,spot_revenue_eur
I1,1,N1,-4.564877930671783e-09,-3.999967076541243e-09,5.649108541305406e-10,59.99999999542999,3.3894651245250784e-08
I1,1,N2,-4.564941356083103e-09,-3.999886042112318e-09,5.650553139707851e-10,59.99999999177826,3.3903318833601365e-08
I1,1,N3,-4.565181955161123e-09,-3.999580644866967e-09,5.656013102941562e-10,59.99999999604036,3.3936078615409795e-08
I1,1,N4,-4.564877957856224e-09,-3.99996705051919e-09,5.649109073370335e-10,59.999999996111335,3.389465443802526e-08
I1,1,N5,-4.564899965295414e-09,-3.999939101938558e-09,5.649608633568563e-10,59.99999999647739,3.389765179942124e-08
I1,1,N6,-4.5652254445018915e-09,-3.9995253916802186e-09,5.65700052821673e-10,59.9999999962854,3.394200316719903e-08
I1,1,N7,-4.5649415027952156e-09,-3.999886125167164e-09,5.650553776280515e-10,59.999999994539884,3.390332265459783e-08
I1,1,N8,-9.278315549684046e-09,1.2867874109959447e-06,1.2960657265456287e-06,59.99999999576349,7.776394358724692e-05
I1,1,N9,-4.565181955207123e-09,-3.999580644640873e-09,5.656013105662507e-10,59.99999999604036,3.393607863173546e-08
I1,2,N1,-4.565179978304596e-09,-3.999584639804359e-09,5.655953385002373e-10,59.999999989842415,3.3935720304269154e-08
I1,2,N2,-4.565251001632136e-09,-3.999493805381094e-09,5.657571962510424e-10,59.99999998593351,3.394543176710432e-08
I1,2,N3,-4.5654654458393495e-09,-3.99922177036376e-09,5.662436754755894e-10,59.999999990231736,3.397462052300414e-08
I1,2,N4,-4.565179949968797e-09,-3.999584664019593e-09,5.65595285949204e-10,59.99999999040683,3.3935717151526385e-08
I1,2,N5,-4.5652046376134e-09,-3.999553275366659e-09,5.656513622467411e-10,59.99999999065577,3.393908172951889e-08
I1,2,N6,-4.565514457575497e-09,-3.999159495853388e-09,5.663549617221094e-10,59.99999999051109,3.398129769795247e-08
I1,2,N7,-4.565251281530977e-09,-3.9994937698381686e-09,5.657575116928088e-10,59.99999998869514,3.394545069517271e-08
I1,2,N8,-9.278287094327674e-09,1.259193668473168e-06,1.2684719555674956e-06,59.99999998992787,7.610831732127353e-05
I1,2,N9,-4.565465446386091e-09,-3.999221769642867e-09,5.662436767432238e-10,59.999999990231736,3.397462059906221e-08
I1,3,N1,-4.565373900762719e-09,-3.999296294685804e-09,5.660776060769153e-10,59.99999997003308,3.3964656347651315e-08
I1,3,N2,-4.565529766463363e-09,-3.9990979673893454e-09,5.664317990740179e-10,59.99999996596138,3.398590792516052e-08
I1,3,N3,-4.5659449878296395e-09,-3.998569560150596e-09,5.673754276790431e-10,59.99999997028252,3.4042525643881624e-08
I1,3,N4,-4.565374009891887e-09,-3.99929624183402e-09,5.660777680578672e-10,59.99999997052592,3.396466606678741e-08
I1,3,N5,-4.565427810086711e-09,-3.999227816085893e-09,5.66199994000818e-10,59.99999997070084,3.3971999623459896e-08
I1,3,N6,-4.566051437557078e-09,-3.998433982741891e-09,5.676174548151864e-10,59.99999997058396,3.4057047272214125e-08
I1,3,N7,-4.56552954129802e-09,-3.9990982181100655e-09,5.664313231879547e-10,59.999999968723,3.398587937356101e-08
I1,3,N8,-9.278181897530292e-09,2.261923037211481e-06,2.2712012191090113e-06,59.99999996996122,0.00013627207307831656
I1,3,N9,-4.5659449857884035e-09,-3.998569560977776e-09,5.673754248106273e-10,59.99999997028252,3.404252547177667e-08
I1,4,N1,-4.56592326157637e-09,-3.998637047883652e-09,5.672862136927182e-10,59.99999964330195,3.40371726192132e-08
I1,4,N2,-4.566327265859694e-09,-3.998122025704168e-09,5.682052401555256e-10,59.999999639150985,3.4092314204295234e-08
I1,4,N3,-4.5673852960030195e-09,-3.99677447663143e-09,5.706108193715895e-10,59.999999643483285,3.423664895886308e-08
I1,4,N4,-4.565923277355692e-09,-3.998637057711278e-09,5.672862196444142e-10,59.99999964376059,3.4037172976575146e-08
I1,4,N5,-4.5660629543141526e-09,-3.9984591032700844e-09,5.676038510440682e-10,59.99999964389952,3.4056230860520085e-08
I1,4,N6,-4.567662125319927e-09,-3.996421567307029e-09,5.712405580128981e-10,59.99999964379557,3.427443327729547e-08
I1,4,N7,-4.566327292312086e-09,-3.998122124681708e-09,5.682051676303784e-10,59.9999996419126,3.4092309854355594e-08
I1,4,N8,-9.278258301956242e-09,1.4536855299789758e-06,1.462963788280932e-06,59.999999643153394,8.777782677480226e-05
I1,4,N9,-4.5673852963173415e-09,-3.996774476014258e-09,5.706108203030834e-10,59.999999643483285,3.423664901475271e-08
I1,5,N1,-4.567135924543836e-09,-3.997079398884708e-09,5.700565256591278e-10,59.99999998249187,3.4203391529567044e-08
I1,5,N2,-4.568214408265704e-09,-3.995702258589551e-09,5.725121496761526e-10,59.99999997850081,3.435072896826061e-08
I1,5,N3,-4.5710330484388734e-09,-3.992105374475491e-09,5.789276739633825e-10,59.9999999828106,3.4735660427851534e-08
I1,5,N4,-4.5671358471168735e-09,-3.997079469109342e-09,5.700563780075316e-10,59.999999983019926,3.4203382670772294e-08
I1,5,N5,-4.567508774687706e-09,-3.99660349616505e-09,5.70905278522656e-10,59.99999998323151,3.425431670178614e-08
I1,5,N6,-4.571772011178412e-09,-3.991161197448419e-09,5.806108137299925e-10,59.99999998310106,3.4836648813987846e-08
I1,5,N7,-4.56821467158488e-09,-3.995702255026273e-09,5.72512416558607e-10,59.999999981262434,3.4350744982788935e-08
I1,5,N8,-9.257236081566226e-09,1.1607506394773024e-06,1.1700078755588686e-06,59.999999982497975,7.020047251305462e-05
I1,5,N9,-4.571033048599849e-09,-3.992105374135917e-09,5.789276744639326e-10,59.9999999828106,3.473566045788454e-08
I1,6,N1,-4.570380642675861e-09,-3.992917136773879e-09,5.774635059019821e-10,59.99999999682904,3.464781035228781e-08
I1,6,N2,-4.573268209519751e-09,-3.9892222224116165e-09,5.840459871081348e-10,59.99999999335968,3.504275922260984e-08
I1,6,N3,-4.5808098859090895e-09,-3.979565797344147e-09,6.012440885649427e-10,59.999999997596305,3.607464531245135e-08
I1,6,N4,-4.5703806406566255e-09,-3.99291718674711e-09,5.774634539095158e-10,59.99999999759629,3.464780723318289e-08
I1,6,N5,-4.571378937019731e-09,-3.991640254929621e-09,5.797386820901107e-10,59.99999999804532,3.478432092427344e-08
I1,6,N6,-4.582785277825754e-09,-3.977031123109886e-09,6.057541547158683e-10,59.999999997817454,3.634524928163001e-08
I1,6,N7,-4.573268337667176e-09,-3.989222321319978e-09,5.840460163471976e-10,59.9999999961213,3.504276097856652e-08
I1,6,N8,-9.278336487321454e-09,1.9121457655763853e-06,1.921424102063707e-06,59.999999997338136,0.00011528544611870784
I1,6,N9,-4.580809885752402e-09,-3.979565797223829e-09,6.012440885285724e-10,59.999999997596305,3.6074645310269134e-08
I1,7,N1,-4.577623217120247e-09,-3.983380378947471e-09,5.942428381727754e-10,59.98135788225813,3.5643492345410045e-08
I1,7,N2,-4.585336252629326e-09,-3.973468944472001e-09,6.11867308157325e-10,59.98135787598322,3.6700631983199016e-08
I1,7,N3,-4.605469612525994e-09,-3.9475142739058306e-09,6.579553386201635e-10,59.981357879603344,3.946505463457163e-08
I1,7,N4,-4.577623371335624e-09,-3.983380371876968e-09,5.942429994586557e-10,59.9813578826,3.5643502019759305e-08
I1,7,N5,-4.580290429517966e-09,-3.979955776868889e-09,6.003346526490769e-10,59.98135788267953,3.600888764991839e-08
I1,7,N6,-4.610731648311481e-09,-3.940699333180861e-09,6.700323151306198e-10,59.981357881668714,4.0189448086132736e-08
I1,7,N7,-4.585336291885591e-09,-3.973469094168314e-09,6.118671977172774e-10,59.98135787874484,3.6700625360544744e-08
I1,7,N8,-9.277408562866902e-09,122.87882080783017,122.87882081710758,59.98135787822022,7370.438527084627
I1,7,N9,-4.605469611987374e-09,-3.947514273989728e-09,6.579553379976455e-10,59.981357879603344,3.946505459723216e-08
I1,8,N1,-4.60010646113617e-09,-3.954401471585031e-09,6.457049895511396e-10,59.99387452558689,3.873834412367646e-08
I1,8,N2,-4.620603613143433e-09,-3.927770804119088e-09,6.928328090243449e-10,59.99387451874826,4.156572460707842e-08
I1,8,N3,-4.673977329723818e-09,-3.857715847257e-09,8.162614824668187e-10,59.99387452102777,4.8970688955462424e-08
I1,8,N4,-4.60010662861953e-09,-3.954401470515312e-09,6.457051581042184e-10,59.99387452587,3.873835423601153e-08
I1,8,N5,-4.607198883179406e-09,-3.945206201444907e-09,6.619926817344994e-10,59.993874526103234,3.9715505885178144e-08
I1,8,N6,-4.6878643520623856e-09,-3.839273841887087e-09,8.485905101752985e-10,59.993874521262406,5.0910232587390904e-08
I1,8,N7,-4.620603806955799e-09,-3.927770887249786e-09,6.928329197060127e-10,59.99387452150988,4.1565731249213855e-08
I1,8,N8,-9.277672383507018e-09,25.425461439450544,25.425461448728218,59.993874520699364,1525.3719437858797
I1,8,N9,-4.673977329940243e-09,-3.85771584716155e-09,8.16261482778693e-10,59.99387452102777,4.897068897417298e-08
I1,9,N1,-4.6568549749670696e-09,-3.879551038609605e-09,7.773039363574642e-10,59.98897211700093,4.662966416458298e-08
I1,9,N2,-4.710783755304527e-09,-3.8074998560504195e-09,9.032838992541075e-10,59.98897210763595,5.41870726376313e-08
I1,9,N3,-4.8500414040382845e-09,-3.615745701492209e-09,1.2342957025460756e-09,59.9889721079564,7.404413047300697e-08
I1,9,N4,-4.656854946184883e-09,-3.8795510965837075e-09,7.773038496011759e-10,59.98897211722724,4.662965896033834e-08
I1,9,N5,-4.675548685404187e-09,-3.8547221604801786e-09,8.208265249240087e-10,59.98897211674251,4.924053951634901e-08
I1,9,N6,-4.885892654475172e-09,-3.5647859402790438e-09,1.3211067141961278e-09,59.98897210620967,7.925183382723783e-08
I1,9,N7,-4.7107842083522484e-09,-3.807499864099992e-09,9.032843442522565e-10,59.988972110397576,5.418709933510738e-08
I1,9,N8,-9.27581841821468e-09,2.8893713002094644e-05,2.890298882051286e-05,59.98897210881665,0.0017338605902151851
I1,9,N9,-4.8500414041674835e-09,-3.6157457015858383e-09,1.2342957025816452e-09,59.9889721079564,7.404413047514077e-08
I1,10,N1,-4.219927875842463e-09,-4.330101916447169e-09,-1.1017404060470547e-10,52.200000010967514,-5.7510849207739614e-09
I1,10,N2,-4.373458597178907e-09,-4.1477838417798065e-09,2.2567475539910006e-10,52.200000003508976,1.178022223262491e-08
I1,10,N3,-4.758968060760469e-09,-3.646568470696462e-09,1.1123995900640069e-09,52.20000000226235,5.80672586038578e-08
I1,10,N4,-4.219927896599041e-09,-4.330101791531598e-09,-1.1017389493255658e-10,52.200000011155,-5.751077316708443e-09
I1,10,N5,-4.2734305689254726e-09,-4.267623660385462e-09,5.806908540010183e-12,52.20000001074506,3.0312062585092713e-10
I1,10,N6,-4.855653689581692e-09,-3.5096786935803586e-09,1.3459749960013332e-09,52.200000001562316,7.025989479337244e-08
I1,10,N7,-4.373458548209437e-09,-4.147784079302349e-09,2.256744689070884e-10,52.20000000494234,1.1780207278065374e-08
I1,10,N8,-9.261003585359354e-09,2.59672069027219e-07,2.6893307261257834e-07,52.200000002481495,1.4038306391043945e-05
I1,10,N9,-4.758968060719078e-09,-3.646568470727717e-09,1.1123995899913614e-09,52.20000000226235,5.80672586000657e-08
I1,11,N1,-4.661882965495918e-09,-3.873017532896509e-09,7.888654325994094e-10,59.99999999575663,4.7331925952617115e-08
I1,11,N2,-4.4696577037240115e-09,-4.028569514268825e-09,4.4108818945518636e-10,52.19999997169244,2.3024803477074598e-08
I1,11,N3,-4.7723064418662095e-09,-3.5046254030783236e-09,1.267681038787886e-09,42.51007972078373,5.388922201939896e-08
I1,11,N4,-4.6618834100185765e-09,-3.873017267895312e-09,7.888661421232644e-10,59.99999999615757,4.7331968524364706e-08
I1,11,N5,-4.5961282455979365e-09,-3.927208643931873e-09,6.689196016660634e-10,57.304878038303734,3.833235619090448e-08
I1,11,N6,-4.643805575025251e-09,-3.6163372245147087e-09,1.0274683505105423e-09,37.11983580175337,3.813945646244971e-08
I1,11,N7,-4.469657280678207e-09,-4.028570026288897e-09,4.4108725438930997e-10,52.199999971736574,2.3024754666655343e-08
I1,11,N8,-9.245838647487467e-09,6.110982820930198e-07,6.203441207405072e-07,45.70617729148669,2.8353558364297047e-05
I1,11,N9,-4.7723064419876e-09,-3.504625403004941e-09,1.2676810389826588e-09,42.51007972078373,5.388922202767877e-08
I1,12,N1,-4.614216543218594e-09,-3.9360470355009795e-09,6.781695077176148e-10,59.999999996016925,4.069017046035569e-08
I1,12,N2,-4.49566545988173e-09,-3.993432376751451e-09,5.022330831302784e-10,52.0101858833653,2.612123601038144e-08
I1,12,N3,-3.8939949793392005e-09,-4.297389420765582e-09,-4.033944414263817e-10,16.951108774597383,-6.837983055686548e-09
I1,12,N4,-4.614215171935634e-09,-3.9360474689650676e-09,6.781677029705661e-10,59.99999999641644,4.069006217580371e-08
I1,12,N5,-4.5734639460917425e-09,-3.955998215677816e-09,6.174657304139267e-10,57.23929186968384,3.534330116269027e-08
I1,12,N6,-3.804327657432955e-09,-4.332388115282341e-09,-5.280604578493866e-10,11.429692517677134,-6.035568663962295e-09
I1,12,N7,-4.495666448850181e-09,-3.99343173723441e-09,5.022347116157703e-10,52.010185883365295,2.6121320708214576e-08
I1,12,N8,83.3228064939007,-8.642043395344849e-09,-83.32280650254275,20.22498382566615,-1685.2024138230374
I1,12,N9,-3.893994979310967e-09,-4.297389420726781e-09,-4.0339444141581363e-10,16.951108774597383,-6.837983055507408e-09
I1,13,N1,-4.535939691229333e-09,-4.024181267332463e-09,5.117584238968697e-10,58.91408955262157,3.0149781614768647e-08
I1,13,N2,-4.523517182821498e-09,-3.960141720860463e-09,5.633754619610353e-10,52.1999999937832,2.9408199110863654e-08
I1,13,N3,-3.5695020215735453e-09,-4.503196082341099e-09,-9.336940607675535e-10,4.639820460721321,-4.332172807203271e-09
I1,13,N4,-4.5359400205445e-09,-4.0241809417811044e-09,5.117590787633959e-10,58.91408955278169,3.014982019571577e-08
I1,13,N5,-4.531624489321932e-09,-4.002155359429415e-09,5.294691298925173e-10,56.594180560294014,2.9964871538238887e-08
I1,13,N6,-3.56203527726538e-09,-4.459200904404651e-09,-8.971656271392706e-10,2.475069198550768e-06,-2.220547009730892e-15
I1,13,N7,-4.523516879318329e-09,-3.9601419557614306e-09,5.63374923556898e-10,52.199999993958926,2.9408171006266687e-08
I1,13,N8,13.91012266217629,-8.748114304773635e-09,-13.910122670924405,7.390959595555667,-102.80915463002515
I1,13,N9,-3.5695020215323947e-09,-4.503196082351498e-09,-9.336940608191034e-10,4.639820460721321,-4.332172807442453e-09
I1,14,N1,-4.595561273050613e-09,-3.960380718939454e-09,6.351805541111588e-10,59.999984363285456,3.811082331453252e-08
I1,14,N2,-4.53822897629929e-09,-3.941165537283577e-09,5.97063439015713e-10,52.19999999120646,3.116671151136992e-08
I1,14,N3,-3.991734328878926e-09,-4.10643946300759e-09,-1.1470513412866392e-10,9.92263367895981,-1.138177027054683e-09
I1,14,N4,-4.595561018545028e-09,-3.960380934810772e-09,6.351800837342558e-10,59.999984363467526,3.811079509204134e-08
I1,14,N5,-4.5757598249330015e-09,-3.953815298102203e-09,6.219445268307987e-10,57.30486781351887,3.564044889738046e-08
I1,14,N6,-3.950629324659486e-09,-4.090411601926472e-09,-1.3978227726698567e-10,4.5324005780025605,-6.335492742794e-10
I1,14,N7,-4.538229197621086e-09,-3.941165256684655e-09,5.970639409364307e-10,52.199999991337116,3.1166737711709385e-08
I1,14,N8,36.00224033755459,-8.73998793678566e-09,-36.00224034629458,13.11872483511717,-472.30348455079206
I1,14,N9,-3.991734328811252e-09,-4.10643946306578e-09,-1.1470513425452855e-10,9.922633678959805,-1.138177028303591e-09
I1,15,N1,-4.605759232525961e-09,-3.947176846230707e-09,6.585823862952538e-10,59.99999998820995,3.951494316995051e-08
I1,15,N2,-4.403085915611183e-09,-4.08570281542546e-09,3.173831001857229e-10,49.999399925466435,1.5868964555770338e-08
I1,15,N3,-4.1393403764453124e-09,-4.004662561369531e-09,1.3467781507578182e-10,15.993437004452986,2.153961151311885e-09
I1,15,N4,-4.605760486757198e-09,-3.947176367742693e-09,6.58584119014505e-10,59.99999998853143,3.951504713331728e-08
I1,15,N5,-4.536416359884363e-09,-3.995461481278418e-09,5.409548786059448e-10,56.54450809837768,3.058802751419076e-08
I1,15,N6,-3.992191479104276e-09,-4.095961985739786e-09,-1.037705066355098e-10,9.08245322143594,-9.424907722817256e-10
I1,15,N7,-4.403085202961094e-09,-4.085703742903879e-09,3.173814600572147e-10,49.999399925466435,1.586888255032913e-08
I1,15,N8,29.653550721695787,-8.705233821932551e-09,-29.65355073040102,20.09124385921686,-595.7767190161451
I1,15,N9,-4.139340376303062e-09,-4.0046625615079915e-09,1.3467781479507064e-10,15.993437004453002,2.1539611468223508e-09
I1,16,N1,-4.657220291037189e-09,-3.879211976914677e-09,7.780083141225123e-10,59.99999996142642,4.6680498817340166e-08
I1,16,N2,-4.490684340707098e-09,-4.001947801392857e-09,4.887365393142408e-10,52.199999984774635,2.5512047344762178e-08
I1,16,N3,-3.497012502080154e-09,-4.6880738417145875e-09,-1.1910613396344333e-09,15.106334897568471,-1.7992571480064294e-08
I1,16,N4,-4.657219763711286e-09,-3.879212170862713e-09,7.780075928485731e-10,59.9999999617104,4.668045554112479e-08
I1,16,N5,-4.600139945492902e-09,-3.921939549064584e-09,6.782003964283182e-10,57.304878020030706,3.8864190990461245e-08
I1,16,N6,-3.361369059718809e-09,-4.760452857199379e-09,-1.3990837974805705e-09,9.716091012111457,-1.3593625509891737e-08
I1,16,N7,-4.490684177450521e-09,-4.001947910628256e-09,4.887362668222652e-10,52.19999998485407,2.5512033120719874e-08
I1,16,N8,6.389998309055433,-8.710642882713472e-09,-6.389998317766076,18.302432448331373,-116.95251255586471
I1,16,N9,-3.4970125018070973e-09,-4.6880738421548585e-09,-1.1910613403477612e-09,15.106334897568464,-1.7992571490840055e-08
I1,17,N1,-4.2137813882573344e-09,-4.337251274257239e-09,-1.234698859999042e-10,52.20000000646446,-6.4451280499931644e-09
I1,17,N2,-4.3773866217100046e-09,-4.143001997902303e-09,2.3438462380770145e-10,52.20000000127882,1.2234877363061752e-08
I1,17,N3,-5.054848140751809e-09,-3.209641888120379e-09,1.84520625263143e-09,52.19999999948324,9.631976638640712e-08
I1,17,N4,-4.213781459006799e-09,-4.337251896928371e-09,-1.2347043792157231e-10,52.200000006747565,-6.4451568603392e-09
I1,17,N5,-4.270824479933092e-09,-4.270720436452047e-09,1.040434810450945e-13,52.20000000680893,5.431069711262358e-12
I1,17,N6,-5.152116981105492e-09,-3.0553812348065854e-09,2.0967357462989067e-09,52.199999998987096,1.0944960595467914e-07
I1,17,N7,-4.377387287449988e-09,-4.143001019917289e-09,2.343862675326991e-10,52.200000002277505,1.2234963165740708e-08
I1,17,N8,-9.26089418071958e-09,2.4704406609189365e-07,2.5630496027261324e-07,52.19999999959027,1.3379118926125395e-05
I1,17,N9,-5.0548481409916284e-09,-3.2096418878611033e-09,1.8452062531305251e-09,52.19999999948324,9.631976641245988e-08
I1,18,N1,-4.64501603968332e-09,-3.895357569121527e-09,7.49658470561793e-10,59.999999955100215,4.497950820004808e-08
I1,18,N2,-4.702581985779523e-09,-3.818714046709552e-09,8.838679390699712e-10,59.99999994773174,5.303207629800003e-08
I1,18,N3,-4.951998128017615e-09,-3.468826440623977e-09,1.4831716873936385e-09,59.99999995059992,8.899030117034951e-08
I1,18,N4,-4.645014963423794e-09,-3.895358053423372e-09,7.496569100004224e-10,59.999999955449994,4.4979414566628125e-08
I1,18,N5,-4.664973543357237e-09,-3.868951500547638e-09,7.960220428095991e-10,59.99999995584932,4.776132253343103e-08
I1,18,N6,-4.9893331951297255e-09,-3.413777707913052e-09,1.5755554872166736e-09,59.999999952156884,9.453332915762093e-08
I1,18,N7,-4.702581876557602e-09,-3.818714313802851e-09,8.83867562754751e-10,59.99999995049336,5.3032053721527746e-08
I1,18,N8,-9.279285986741173e-09,3.354579340721612e-05,3.355507269320286e-05,59.99999994949408,0.0020133043598974418
I1,18,N9,-4.951998128073243e-09,-3.4688264405183856e-09,1.4831716875548577e-09,59.99999995059992,8.899030118002266e-08
I1,19,N1,-4.5682597260409245e-09,-3.99569994648851e-09,5.725597795524144e-10,60.000000031927115,3.435358679142505e-08
I1,19,N2,-4.59022691674956e-09,-3.967460274901752e-09,6.227666418478076e-10,60.00000003336972,3.736599853165001e-08
I1,19,N3,-4.6869103733506896e-09,-3.840846021615914e-09,8.460643517347752e-10,60.00000003650068,5.0763861134968436e-08
I1,19,N4,-4.56826135936385e-09,-3.9956993540125555e-09,5.725620053512942e-10,60.00000003559496,3.435372034145797e-08
I1,19,N5,-4.575862129226564e-09,-3.9859493774091884e-09,5.899127518173755e-10,60.000000038611205,3.5394765131819775e-08
I1,19,N6,-4.701602425175949e-09,-3.821263241605136e-09,8.803391835708125e-10,60.00000003618279,5.282035104610188e-08
I1,19,N7,-4.590227052952629e-09,-3.967460384784311e-09,6.227666681683183e-10,60.00000003613134,3.7366000112600495e-08
I1,19,N8,-9.286924579344024e-09,1.282261696240733e-05,1.2831903886986675e-05,60.000000036601534,0.0007699142336888679
I1,19,N9,-4.686910373606758e-09,-3.8408460216184935e-09,8.460643519882647e-10,60.00000003650068,5.0763861150177806e-08
I1,20,N1,-4.693321233879739e-09,-3.863867346213411e-09,8.294538876663279e-10,62.6908919966296,5.19992040878743e-08
I1,20,N2,-4.701386583864953e-09,-3.853154254283314e-09,8.482323295816388e-10,62.69089199914784,5.3176441363988094e-08
I1,20,N3,-4.7370986229824255e-09,-3.80540241644265e-09,9.316962065397756e-10,62.6908920024219,5.8408866263251237e-08
I1,20,N4,-4.6933209225296065e-09,-3.863868040665669e-09,8.294528818639376e-10,62.690892001276076,5.199914103707932e-08
I1,20,N5,-4.696110148645183e-09,-3.8601663242380235e-09,8.359438244071595e-10,62.69089200428773,5.240606401756051e-08
I1,20,N6,-4.742555152220488e-09,-3.79805820394059e-09,9.444969482798982e-10,62.690892002155856,5.9211356180980885e-08
I1,20,N7,-4.701386657267037e-09,-3.8531543593859905e-09,8.482322978810462e-10,62.690892001909475,5.317643937899217e-08
I1,20,N8,-9.283968552612059e-09,3.035318499651353e-05,3.036246896506614e-05,62.69089200248961,0.0019034502628179038
I1,20,N9,-4.737098624256826e-09,-3.8054024162771195e-09,9.316962079797068e-10,62.6908920024219,5.840886635352181e-08
I1,21,N1,-4.53830241915021e-09,-4.034010096500431e-09,5.042923226497789e-10,60.00000009516361,3.025753940697701e-08
I1,21,N2,-4.541398507963793e-09,-4.0300902296199135e-09,5.113082783438791e-10,60.000000097549595,3.067849675051066e-08
I1,21,N3,-4.5551274819786745e-09,-4.0126605522383535e-09,5.42466929740321e-10,60.000000101149375,3.254801583928945e-08
I1,21,N4,-4.538303846677436e-09,-4.034009570662563e-09,5.042942760148735e-10,60.000000099752945,3.025765661119725e-08
I1,21,N5,-4.539373907219578e-09,-4.0326550563058225e-09,5.067188509137555e-10,60.00000010238284,3.040313110670465e-08
I1,21,N6,-4.5572300922671984e-09,-4.0099848971554485e-09,5.4724519511175e-10,60.00000010077419,3.283471176185319e-08
I1,21,N7,-4.54139855272949e-09,-4.030090352395588e-09,5.113082003339016e-10,60.00000010031122,3.067849207132404e-08
I1,21,N8,-9.280971525124233e-09,2.1856364804029218e-06,2.194917451928046e-06,60.0000001013077,0.00013169504733804479
I1,21,N9,-4.5551274811092985e-09,-4.012660552608764e-09,5.424669285005344e-10,60.000000101149375,3.254801576490225e-08
I1,22,N1,-4.555050781529073e-09,-4.012570232920415e-09,5.424805486086584e-10,60.000000003060435,3.2548832918179726e-08
I1,22,N2,-4.556205187285377e-09,-4.011102272666058e-09,5.451029146193186e-10,60.00000000196035,3.270617487822771e-08
I1,22,N3,-4.561331252350566e-09,-4.0045773001584764e-09,5.567539521920896e-10,60.00000000589408,3.340523713480693e-08
I1,22,N4,-4.555050650677789e-09,-4.012570658346866e-09,5.424799923309231e-10,60.00000000516116,3.254879954265521e-08
I1,22,N5,-4.555449845823772e-09,-4.012063234341846e-09,5.433866114819264e-10,60.000000006629705,3.260319669251808e-08
I1,22,N6,-4.5621169895913976e-09,-4.003575976496799e-09,5.585410130945987e-10,60.000000005834764,3.3512460788934875e-08
I1,22,N7,-4.556205268275647e-09,-4.011102369323627e-09,5.451028989520199e-10,60.000000004721976,3.2706173939695156e-08
I1,22,N8,-9.278160912968305e-09,3.4091494509185536e-06,3.4184276118315217e-06,60.00000000584271,0.00020510565672986417
I1,22,N9,-4.561331251975857e-09,-4.004577300121481e-09,5.567539518543766e-10,60.00000000589408,3.3405237114544146e-08
I1,23,N1,-4.561332554585684e-09,-4.004509486116762e-09,5.568230684689217e-10,59.99999999977854,3.340938410801199e-08
I1,23,N2,-4.561769269423323e-09,-4.003953145391206e-09,5.578161240321173e-10,59.999999997173845,3.346896744035056e-08
I1,23,N3,-4.56370913299686e-09,-4.001483588197379e-09,5.62225544799481e-10,60.00000000129307,3.3733532688695853e-08
I1,23,N4,-4.561332215905489e-09,-4.004509796029235e-09,5.568224198762544e-10,60.000000000987434,3.3409345193125086e-08
I1,23,N5,-4.561483309141802e-09,-4.004317514479741e-09,5.571657946620608e-10,60.000000001824645,3.342994768074028e-08
I1,23,N6,-4.5640072494184476e-09,-4.0011038866613244e-09,5.629033627571231e-10,60.00000000140553,3.377420176621857e-08
I1,23,N7,-4.561769372255963e-09,-4.003953239253108e-09,5.578161330028546e-10,59.99999999993547,3.346896798013528e-08
I1,23,N8,-9.278040394200397e-09,1.7485816345808687e-06,1.7578596749750692e-06,60.00000000111803,0.00010547158050046949
I1,23,N9,-4.5637091329574095e-09,-4.0014835879980345e-09,5.62225544959375e-10,60.00000000129307,3.3733532698289494e-08
I1,24,N1,-4.563613095328135e-09,-4.0015845526677674e-09,5.620285426603672e-10,59.99999999772575,3.372171255834384e-08
I1,24,N2,-4.5637959761208135e-09,-4.001351389923213e-09,5.624445861976004e-10,59.99999999444963,3.374667516873425e-08
I1,24,N3,-4.564600859548361e-09,-4.0003276086520855e-09,5.642732508962754e-10,59.99999999865948,3.3856395053020106e-08
I1,24,N4,-4.563613005645153e-09,-4.001584601743076e-09,5.620284039020768e-10,59.999999998586794,3.372170423333035e-08
I1,24,N5,-4.563676307445693e-09,-4.001504072933631e-09,5.621722345120619e-10,59.99999999912348,3.373033407023096e-08
I1,24,N6,-4.564725849819596e-09,-4.000168566368155e-09,5.645572834514411e-10,59.99999999885569,3.387343700644044e-08
I1,24,N7,-4.563796104208115e-09,-4.001351478991237e-09,5.624446252168779e-10,59.999999997211255,3.3746677511444155e-08
I1,24,N8,-9.277867393155656e-09,2.415247625504218e-06,2.4245254928973738e-06,59.9999999984207,0.00014547152957001337
I1,24,N9,-4.5646008595354966e-09,-4.0003276084853325e-09,5.642732510501641e-10,59.99999999865948,3.3856395062253427e-08
I2,1,N1,-4.564877930671787e-09,-3.999967076541271e-09,5.649108541305158e-10,59.99999999542999,3.3894651245249296e-08
I2,1,N2,-4.564941356083214e-09,-3.999886042112405e-09,5.650553139708091e-10,59.99999999177826,3.390331883360281e-08
I2,1,N3,-4.5651819551614225e-09,-3.999580644867252e-09,5.656013102941703e-10,59.99999999604036,3.3936078615410635e-08
I2,1,N4,-4.564877957856388e-09,-3.999967050519144e-09,5.649109073372444e-10,59.999999996111335,3.3894654438037916e-08
I2,1,N5,-4.564899965295291e-09,-3.9999391019385175e-09,5.649608633567736e-10,59.99999999647739,3.389765179941628e-08
I2,1,N6,-8.998788323738837e-09,8.420671071422746e-07,8.510658954660134e-07,59.9999999962854,5.106395372479944e-05
I2,1,N7,-4.564941502795334e-09,-3.999886125167304e-09,5.6505537762803e-10,59.999999994539884,3.390332265459654e-08
I2,1,N8,-8.963001481520472e-09,2.0912364120913643e-06,2.100199413572885e-06,59.99999999576349,0.00012601196480547557
I2,1,N9,-4.565181955207124e-09,-3.999580644640947e-09,5.65601310566177e-10,59.99999999604036,3.393607863173104e-08
I2,2,N1,-4.565179978304625e-09,-3.999584639804386e-09,5.65595338500239e-10,59.999999989842415,3.393572030426925e-08
I2,2,N2,-4.565251001632119e-09,-3.999493805381085e-09,5.657571962510341e-10,59.99999998593351,3.394543176710383e-08
I2,2,N3,-4.565465445839419e-09,-3.99922177036402e-09,5.662436754753991e-10,59.999999990231736,3.397462052299273e-08
I2,2,N4,-4.5651799499684e-09,-3.999584664019507e-09,5.65595285948893e-10,59.99999999040683,3.3935717151507724e-08
I2,2,N5,-4.565204637613312e-09,-3.999553275366536e-09,5.656513622467758e-10,59.99999999065577,3.3939081729520976e-08
I2,2,N6,-8.998529143053196e-09,6.271484518562012e-07,6.361469809992544e-07,59.99999999051109,3.816881885391892e-05
I2,2,N7,-4.565251281531052e-09,-3.99949376983814e-09,5.657575116929122e-10,59.99999998869514,3.394545069517892e-08
I2,2,N8,-8.962958831695436e-09,1.7617752565534783e-06,1.7707382153851737e-06,59.99999998992787,0.00010624429290527532
I2,2,N9,-4.565465446386086e-09,-3.999221769642749e-09,5.662436767433371e-10,59.999999990231736,3.397462059906901e-08
I2,3,N1,-4.56537390076268e-09,-3.9992962946858725e-09,5.660776060768078e-10,59.99999997003308,3.3964656347644863e-08
I2,3,N2,-4.565529766463269e-09,-3.999097967389089e-09,5.6643179907418e-10,59.99999996596138,3.3985907925170245e-08
I2,3,N3,-4.56594498782974e-09,-3.998569560150527e-09,5.673754276792127e-10,59.99999997028252,3.4042525643891795e-08
I2,3,N4,-4.565374009891945e-09,-3.999296241833904e-09,5.660777680580409e-10,59.99999997052592,3.396466606679783e-08
I2,3,N5,-4.565427810086848e-09,-3.999227816086005e-09,5.661999940008428e-10,59.99999997070084,3.3971999623461385e-08
I2,3,N6,-8.998752001524408e-09,1.0755299304363779e-06,1.0845286824379023e-06,59.99999997058396,6.507172091437159e-05
I2,3,N7,-4.565529541298058e-09,-3.999098218110226e-09,5.664313231878322e-10,59.999999968723,3.398587937355366e-08
I2,3,N8,-8.96286925895073e-09,1.7573504365231874e-06,1.7663133057821382e-06,59.99999996996122,0.0001059787982938704
I2,3,N9,-4.565944985788365e-09,-3.99856956097774e-09,5.673754248106256e-10,59.99999997028252,3.404252547177657e-08
I2,4,N1,-4.56592326157635e-09,-3.998637047883573e-09,5.672862136927769e-10,59.99999964330195,3.403717261921673e-08
I2,4,N2,-4.5663272658596615e-09,-3.9981220257043055e-09,5.68205240155356e-10,59.999999639150985,3.409231420428506e-08
I2,4,N3,-4.567385296003041e-09,-3.996774476631349e-09,5.706108193716921e-10,59.999999643483285,3.423664895886923e-08
I2,4,N4,-4.565923277355689e-09,-3.99863705771117e-09,5.672862196445193e-10,59.99999964376059,3.4037172976581446e-08
I2,4,N5,-4.566062954314008e-09,-3.998459103270111e-09,5.676038510438969e-10,59.99999964389952,3.4056230860509815e-08
I2,4,N6,-8.998386964407715e-09,6.04698800868702e-07,6.136971878331096e-07,59.99999964379557,3.682183105138492e-05
I2,4,N7,-4.566327292311985e-09,-3.998122124681826e-09,5.682051676301592e-10,59.9999996419126,3.4092309854342446e-08
I2,4,N8,-8.962646994582657e-09,1.4172925276225443e-06,1.426255174617127e-06,59.999999643153394,8.557530996807331e-05
I2,4,N9,-4.567385296317403e-09,-3.996774476014255e-09,5.706108203031479e-10,59.999999643483285,3.423664901475658e-08
I2,5,N1,-4.567135924543829e-09,-3.99707939888494e-09,5.700565256588896e-10,59.99999998249187,3.420339152955275e-08
I2,5,N2,-4.568214408265492e-09,-3.9957022585895726e-09,5.725121496759193e-10,59.99999997850081,3.435072896824661e-08
I2,5,N3,-4.571033048438959e-09,-3.992105374475591e-09,5.789276739633676e-10,59.9999999828106,3.473566042785064e-08
I2,5,N4,-4.567135847116754e-09,-3.9970794691094155e-09,5.700563780073389e-10,59.999999983019926,3.4203382670760734e-08
I2,5,N5,-4.5675087746877824e-09,-3.996603496164932e-09,5.709052785228503e-10,59.99999998323151,3.4254316701797805e-08
I2,5,N6,-8.998874195674993e-09,1.591885585223486e-06,1.6008844594191609e-06,59.99999998310106,9.605306753809641e-05
I2,5,N7,-4.568214671584883e-09,-3.995702255026088e-09,5.725124165587956e-10,59.999999981262434,3.435074498280025e-08
I2,5,N8,-8.962823771901011e-09,1.4651778278955028e-06,1.474140651667404e-06,59.999999982497975,8.844843907424379e-05
I2,5,N9,-4.571033048599613e-09,-3.992105374135692e-09,5.789276744639211e-10,59.9999999828106,3.473566045788385e-08
I2,6,N1,-4.570380642675831e-09,-3.9929171367737234e-09,5.774635059021079e-10,59.99999999682904,3.4647810352295355e-08
I2,6,N2,-4.573268209519745e-09,-3.989222222411474e-09,5.840459871082705e-10,59.99999999335968,3.504275922261798e-08
I2,6,N3,-4.580809885909111e-09,-3.979565797344218e-09,6.01244088564893e-10,59.999999997596305,3.607464531244837e-08
I2,6,N4,-4.5703806406569084e-09,-3.992917186747088e-09,5.774634539098202e-10,59.99999999759629,3.4647807233201155e-08
I2,6,N5,-4.571378937019578e-09,-3.991640254929396e-09,5.797386820901827e-10,59.99999999804532,3.478432092427775e-08
I2,6,N6,-8.998960974680495e-09,2.518232327676376e-06,2.5272312886510568e-06,59.999999997817454,0.0001516338773135476
I2,6,N7,-4.573268337667121e-09,-3.989222321319876e-09,5.840460163472448e-10,59.9999999961213,3.504276097856935e-08
I2,6,N8,-8.96285163989783e-09,1.431079374841044e-06,1.440042226480942e-06,59.999999997338136,8.640253358502332e-05
I2,6,N9,-4.580809885752259e-09,-3.9795657972239674e-09,6.012440885282919e-10,59.999999997596305,3.6074645310252306e-08
I2,7,N1,-4.577623217120122e-09,-3.983380378947205e-09,5.942428381729169e-10,59.98135788225813,3.564349234541853e-08
I2,7,N2,-4.585336252629402e-09,-3.973468944471987e-09,6.118673081574152e-10,59.98135787598322,3.670063198320443e-08
I2,7,N3,-4.605469612526037e-09,-3.947514273905859e-09,6.579553386201784e-10,59.981357879603344,3.946505463457252e-08
I2,7,N4,-4.577623371335556e-09,-3.983380371876961e-09,5.942429994585953e-10,59.9813578826,3.5643502019755685e-08
I2,7,N5,-4.580290429518022e-09,-3.979955776868911e-09,6.003346526491116e-10,59.98135788267953,3.600888764992047e-08
I2,7,N6,-8.999185347825447e-09,3.030394854734963e-05,3.0312947732697453e-05,59.981357881668714,0.0018182117664032442
I2,7,N7,-4.585336291885455e-09,-3.973469094168337e-09,6.118671977171178e-10,59.98135787874484,3.670062536053517e-08
I2,7,N8,-8.96288308731533e-09,23.243627639271995,23.243627648234877,59.98135787822022,1394.1843483568705
I2,7,N9,-4.605469611987384e-09,-3.947514273989635e-09,6.579553379977489e-10,59.981357879603344,3.946505459723836e-08
I2,8,N1,-4.600106461136131e-09,-3.954401471584862e-09,6.457049895512686e-10,59.99387452558689,3.8738344123684204e-08
I2,8,N2,-4.620603613143312e-09,-3.927770804118971e-09,6.928328090243408e-10,59.99387451874826,4.1565724607078176e-08
I2,8,N3,-4.6739773297238e-09,-3.857715847256811e-09,8.16261482466989e-10,59.99387452102777,4.897068895547265e-08
I2,8,N4,-4.60010662861961e-09,-3.9544014705153605e-09,6.457051581042499e-10,59.99387452587,3.8738354236013415e-08
I2,8,N5,-4.607198883179285e-09,-3.9452062014450484e-09,6.619926817342363e-10,59.993874526103234,3.971550588516237e-08
I2,8,N6,-8.999320490338012e-09,77.70734700898254,77.70734701798186,59.993874521262406,4661.964826376998
I2,8,N7,-4.6206038069560595e-09,-3.927770887250008e-09,6.928329197060516e-10,59.99387452150988,4.156573124921619e-08
I2,8,N8,-8.96382342799735e-09,68.95460784361374,68.95460785257757,59.993874520699364,4136.8540911315695
I2,8,N9,-4.673977329940227e-09,-3.857715847161604e-09,8.162614827786227e-10,59.99387452102777,4.897068897416876e-08
I2,9,N1,-4.656854974966947e-09,-3.879551038609544e-09,7.77303936357403e-10,59.98897211700093,4.6629664164579316e-08
I2,9,N2,-4.7107837553043715e-09,-3.807499856050354e-09,9.032838992540173e-10,59.98897210763595,5.4187072637625886e-08
I2,9,N3,-4.8500414040381745e-09,-3.6157457014921527e-09,1.2342957025460219e-09,59.9889721079564,7.404413047300376e-08
I2,9,N4,-4.656854946185021e-09,-3.879551096584231e-09,7.773038496007896e-10,59.98897211722724,4.6629658960315165e-08
I2,9,N5,-4.675548685404431e-09,-3.854722160480214e-09,8.208265249242171e-10,59.98897211674251,4.924053951636151e-08
I2,9,N6,-9.001798030138251e-09,71.22309391370159,71.22309392270338,59.98897210620967,4272.600194647005
I2,9,N7,-4.71078420835243e-09,-3.8074998641001235e-09,9.032843442523061e-10,59.988972110397576,5.418709933511035e-08
I2,9,N8,-8.96348211687035e-09,10.96184248078547,10.961842489748953,59.98897210881665,657.5896633787912
I2,9,N9,-4.850041404167593e-09,-3.615745701585776e-09,1.2342957025818169e-09,59.9889721079564,7.404413047515107e-08
I2,10,N1,-4.219927875842609e-09,-4.3301019164472415e-09,-1.1017404060463268e-10,52.200000010967514,-5.751084920770161e-09
I2,10,N2,-4.373458597178842e-09,-4.147783841779803e-09,2.2567475539903885e-10,52.200000003508976,1.1780222232621715e-08
I2,10,N3,-4.758968060760517e-09,-3.6465684706964072e-09,1.1123995900641094e-09,52.20000000226235,5.806725860386315e-08
I2,10,N4,-4.21992789659923e-09,-4.330101791531709e-09,-1.1017389493247882e-10,52.200000011155,-5.751077316704384e-09
I2,10,N5,-4.273430568925324e-09,-4.267623660385417e-09,5.806908539906785e-12,52.20000001074506,3.031206258455298e-10
I2,10,N6,-8.975414038861639e-09,2.918780457926166e-07,3.0085345983147824e-07,52.200000001562316,1.5704550603673194e-05
I2,10,N7,-4.373458548209292e-09,-4.147784079302327e-09,2.2567446890696516e-10,52.20000000494234,1.1780207278058942e-08
I2,10,N8,6.34871273659537e-07,-8.799802628697178e-09,-6.436710762882343e-07,52.200000002481495,-3.35996301838431e-05
I2,10,N9,-4.758968060719098e-09,-3.646568470727778e-09,1.11239958999132e-09,52.20000000226235,5.806725860006354e-08
I2,11,N1,-4.661882965495632e-09,-3.873017532896386e-09,7.888654325992464e-10,59.99999999575663,4.733192595260734e-08
I2,11,N2,-4.469657703724088e-09,-4.028569514268763e-09,4.410881894553245e-10,52.19999997169244,2.3024803477081808e-08
I2,11,N3,-4.772306441866324e-09,-3.5046254030784456e-09,1.267681038787878e-09,42.51007972078373,5.388922201939863e-08
I2,11,N4,-4.661883410018775e-09,-3.873017267895325e-09,7.888661421234497e-10,59.99999999615757,4.733196852437582e-08
I2,11,N5,-4.596128245597932e-09,-3.9272086439318375e-09,6.689196016660949e-10,57.304878038303734,3.833235619090628e-08
I2,11,N6,-8.932125493297609e-09,24.43499871937815,24.434998728310276,37.11983580175337,907.0231406109298
I2,11,N7,-4.469657280678315e-09,-4.0285700262886265e-09,4.410872543896888e-10,52.199999971736574,2.302475466667512e-08
I2,11,N8,1.910865320446577e-07,-8.812155885731996e-09,-1.998986879303897e-07,45.70617729148669,-9.136604870881962e-06
I2,11,N9,-4.772306441987699e-09,-3.504625403005096e-09,1.267681038982603e-09,42.51007972078373,5.3889222027676396e-08
I2,12,N1,-4.614216543218412e-09,-3.936047035500941e-09,6.781695077174708e-10,59.999999996016925,4.069017046034705e-08
I2,12,N2,-4.495665459881514e-09,-3.9934323767513646e-09,5.022330831301494e-10,52.0101858833653,2.6121236010374726e-08
I2,12,N3,-3.89399497933896e-09,-4.297389420765535e-09,-4.0339444142657525e-10,16.951108774597383,-6.83798305568983e-09
I2,12,N4,-4.614215171935429e-09,-3.936047468964885e-09,6.781677029705446e-10,59.99999999641644,4.069006217580242e-08
I2,12,N5,-4.5734639460916176e-09,-3.955998215677556e-09,6.174657304140615e-10,57.23929186968384,3.5343301162697984e-08
I2,12,N6,10.993442925115248,-8.862180222918857e-09,-10.993442933977429,11.429692517677134,-125.65167244599238
I2,12,N7,-4.495666448850262e-09,-3.993431737234682e-09,5.0223471161558e-10,52.010185883365295,2.612132070820468e-08
I2,12,N8,2.442177182510703e-06,-8.885691514900934e-09,-2.451062874025604e-06,20.22498382566615,-4.957270698285863e-05
I2,12,N9,-3.893994979311014e-09,-4.297389420726873e-09,-4.033944414158583e-10,16.951108774597383,-6.837983055508165e-09
I2,13,N1,-4.535939691229477e-09,-4.024181267332518e-09,5.11758423896959e-10,58.91408955262157,3.0149781614773914e-08
I2,13,N2,-4.523517182821623e-09,-3.960141720860607e-09,5.633754619610163e-10,52.1999999937832,2.940819911086266e-08
I2,13,N3,-3.569502021573536e-09,-4.503196082341021e-09,-9.336940607674848e-10,4.639820460721321,-4.332172807202952e-09
I2,13,N4,-4.535940020544466e-09,-4.024180941781033e-09,5.117590787634323e-10,58.91408955278169,3.014982019571791e-08
I2,13,N5,-4.53162448932192e-09,-4.0021553594295065e-09,5.294691298924139e-10,56.594180560294014,2.996487153823304e-08
I2,13,N6,78.62950657003206,-8.905446768194313e-09,-78.62950657893751,2.475069198550768e-06,-0.0001946134698307732
I2,13,N7,-4.523516879318287e-09,-3.960141955761405e-09,5.633749235568823e-10,52.199999993958926,2.9408171006265866e-08
I2,13,N8,72.43902267864463,-8.933604211734955e-09,-72.43902268757824,7.390959595555667,-535.3938898254311
I2,13,N9,-3.5695020215325e-09,-4.503196082351518e-09,-9.336940608190178e-10,4.639820460721321,-4.332172807442056e-09
I2,14,N1,-4.595561273050721e-09,-3.9603807189393806e-09,6.351805541113408e-10,59.999984363285456,3.811082331454344e-08
I2,14,N2,-4.538228976299356e-09,-3.941165537283627e-09,5.970634390157287e-10,52.19999999120646,3.116671151137074e-08
I2,14,N3,-3.99173432887885e-09,-4.106439463007593e-09,-1.1470513412874333e-10,9.92263367895981,-1.138177027055471e-09
I2,14,N4,-4.595561018545051e-09,-3.960380934810876e-09,6.351800837341748e-10,59.999984363467526,3.8110795092036476e-08
I2,14,N5,-4.575759824932975e-09,-3.953815298102263e-09,6.219445268307118e-10,57.30486781351887,3.564044889737548e-08
I2,14,N6,78.3612404860757,-8.882191257612833e-09,-78.3612404949579,4.5324005780025605,-355.1645317123448
I2,14,N7,-4.538229197620943e-09,-3.941165256684607e-09,5.970639409363356e-10,52.199999991337116,3.116673771170442e-08
I2,14,N8,72.43902187681589,-8.90981231294704e-09,-72.4390218857257,13.11872483511717,-950.3075954438659
I2,14,N9,-3.991734328811389e-09,-4.10643946306576e-09,-1.1470513425437138e-10,9.922633678959805,-1.1381770283020316e-09
I2,15,N1,-4.605759232525792e-09,-3.947176846230877e-09,6.585823862949155e-10,59.99999998820995,3.9514943169930207e-08
I2,15,N2,-4.403085915611093e-09,-4.0857028154252175e-09,3.173831001858759e-10,49.999399925466435,1.586896455577799e-08
I2,15,N3,-4.139340376445273e-09,-4.00466256136947e-09,1.346778150758025e-10,15.993437004452986,2.153961151312216e-09
I2,15,N4,-4.6057604867571426e-09,-3.947176367742485e-09,6.585841190146572e-10,59.99999998853143,3.951504713332641e-08
I2,15,N5,-4.536416359884372e-09,-3.99546148127859e-09,5.409548786057818e-10,56.54450809837768,3.0588027514181545e-08
I2,15,N6,29.89993489484137,-8.869655723747479e-09,-29.899934903711024,9.08245322143594,-271.5647600869351
I2,15,N7,-4.403085202961018e-09,-4.085703742903665e-09,3.173814600573537e-10,49.999399925466435,1.586888255033608e-08
I2,15,N8,72.43901658706613,-8.889824197801138e-09,-72.43901659595596,20.09124385921686,-1455.3899473512083
I2,15,N9,-4.1393403763032094e-09,-4.004662561508126e-09,1.3467781479508304e-10,15.993437004453002,2.1539611468225493e-09
I2,16,N1,-4.657220291037098e-09,-3.879211976914498e-09,7.780083141226008e-10,59.99999996142642,4.668049881734548e-08
I2,16,N2,-4.490684340707115e-09,-4.001947801392926e-09,4.887365393141895e-10,52.199999984774635,2.55120473447595e-08
I2,16,N3,-3.497012502080124e-09,-4.688073841714531e-09,-1.1910613396344073e-09,15.106334897568471,-1.79925714800639e-08
I2,16,N4,-4.657219763711091e-09,-3.879212170862689e-09,7.780075928484019e-10,59.9999999617104,4.668045554111452e-08
I2,16,N5,-4.6001399454929615e-09,-3.9219395490644456e-09,6.782003964285159e-10,57.304878020030706,3.8864190990472575e-08
I2,16,N6,2.411165051157218e-06,-8.86821921845125e-09,-2.420033270375669e-06,9.716091012111457,-2.3513263507307737e-05
I2,16,N7,-4.490684177450359e-09,-4.001947910628083e-09,4.887362668222759e-10,52.19999998485407,2.5512033120720437e-08
I2,16,N8,2.3203138144736117e-07,-8.885341009519786e-09,-2.40916722456881e-07,18.302432448331373,-4.4093620384404624e-06
I2,16,N9,-3.4970125018071544e-09,-4.688073842155113e-09,-1.1910613403479589e-09,15.106334897568464,-1.7992571490843043e-08
I2,17,N1,-4.213781388257267e-09,-4.337251274257074e-09,-1.234698859998074e-10,52.20000000646446,-6.445128049988113e-09
I2,17,N2,-4.3773866217099814e-09,-4.143001997902382e-09,2.343846238075997e-10,52.20000000127882,1.2234877363056442e-08
I2,17,N3,-5.05484814075181e-09,-3.2096418881204418e-09,1.845206252631368e-09,52.19999999948324,9.631976638640387e-08
I2,17,N4,-4.213781459006651e-09,-4.3372518969282105e-09,-1.2347043792155908e-10,52.200000006747565,-6.445156860338509e-09
I2,17,N5,-4.270824479933089e-09,-4.270720436452144e-09,1.0404348094500564e-13,52.20000000680893,5.431069706037719e-12
I2,17,N6,-8.975390479436581e-09,2.750793384340361e-07,2.840547289134727e-07,52.199999998987096,1.4827656848995553e-05
I2,17,N7,-4.377387287450164e-09,-4.143001019917394e-09,2.3438626753277023e-10,52.200000002277505,1.2234963165744422e-08
I2,17,N8,6.429287487462563e-07,-8.79936456719107e-09,-6.517281133134474e-07,52.19999999959027,-3.402020751469492e-05
I2,17,N9,-5.054848140991557e-09,-3.2096418878610094e-09,1.8452062531305479e-09,52.19999999948324,9.631976641246107e-08
I2,18,N1,-4.645016039683111e-09,-3.895357569121413e-09,7.496584705616979e-10,59.999999955100215,4.4979508200042373e-08
I2,18,N2,-4.7025819857795716e-09,-3.818714046709548e-09,8.838679390700233e-10,59.99999994773174,5.303207629800316e-08
I2,18,N3,-4.9519981280176096e-09,-3.4688264406240575e-09,1.483171687393552e-09,59.99999995059992,8.899030117034433e-08
I2,18,N4,-4.645014963423563e-09,-3.895358053423367e-09,7.496569100001966e-10,59.999999955449994,4.497941456661458e-08
I2,18,N5,-4.664973543357169e-09,-3.868951500547462e-09,7.960220428097066e-10,59.99999995584932,4.7761322533437484e-08
I2,18,N6,-8.998453611664978e-09,5.520537812597043e-06,5.529536266208708e-06,59.999999952156884,0.00033177217570797224
I2,18,N7,-4.702581876557533e-09,-3.818714313802913e-09,8.838675627546203e-10,59.99999995049336,5.3032053721519905e-08
I2,18,N8,-8.963327564416269e-09,60.971795788797934,60.97179579776126,59.99999994949408,3658.3077447862393
I2,18,N9,-4.951998128073284e-09,-3.468826440518532e-09,1.4831716875547518e-09,59.99999995059992,8.899030118001631e-08
I2,19,N1,-4.568259726041047e-09,-3.995699946488599e-09,5.725597795524483e-10,60.000000031927115,3.4353586791427085e-08
I2,19,N2,-4.590226916749467e-09,-3.9674602749015315e-09,6.227666418479358e-10,60.00000003336972,3.73659985316577e-08
I2,19,N3,-4.686910373351074e-09,-3.840846021616067e-09,8.460643517350068e-10,60.00000003650068,5.076386113498233e-08
I2,19,N4,-4.568261359363846e-09,-3.99569935401242e-09,5.725620053514265e-10,60.00000003559496,3.435372034146591e-08
I2,19,N5,-4.575862129226607e-09,-3.985949377409244e-09,5.899127518173631e-10,60.000000038611205,3.539476513181903e-08
I2,19,N6,-8.998778009961612e-09,1.6445803969174027e-06,1.6535791749273643e-06,60.00000003618279,9.921475055547296e-05
I2,19,N7,-4.590227052952347e-09,-3.967460384784249e-09,6.227666681680983e-10,60.00000003613134,3.7366000112587294e-08
I2,19,N8,-8.963169065995914e-09,5.963068578668999e-06,5.972031747734995e-06,60.000000036601534,0.0003583219050826852
I2,19,N9,-4.6869103736068335e-09,-3.840846021618408e-09,8.460643519884252e-10,60.00000003650068,5.0763861150187434e-08
I2,20,N1,-4.693321233879772e-09,-3.863867346213465e-09,8.294538876663072e-10,62.6908919966296,5.199920408787301e-08
I2,20,N2,-4.7013865838648555e-09,-3.853154254283398e-09,8.482323295814577e-10,62.69089199914784,5.317644136397674e-08
I2,20,N3,-4.737098622982439e-09,-3.805402416442743e-09,9.316962065396962e-10,62.6908920024219,5.840886626324626e-08
I2,20,N4,-4.693320922529831e-09,-3.8638680406658235e-09,8.294528818640071e-10,62.690892001276076,5.1999141037083675e-08
I2,20,N5,-4.6961101486452526e-09,-3.860166324237988e-09,8.359438244072646e-10,62.69089200428773,5.240606401756709e-08
I2,20,N6,-9.005908589907154e-09,2.0467588357075007e-06,2.055764744297408e-06,62.690892002155856,0.00012887772556658834
I2,20,N7,-4.701386657267281e-09,-3.853154359386062e-09,8.48232297881219e-10,62.690892001909475,5.317643937900301e-08
I2,20,N8,-8.971049166674644e-09,26.258711212740906,26.258711221711955,62.69089200248961,1646.1820293249064
I2,20,N9,-4.73709862425682e-09,-3.805402416277173e-09,9.316962079796464e-10,62.6908920024219,5.840886635351802e-08
I2,21,N1,-4.538302419150092e-09,-4.0340100965003236e-09,5.042923226497682e-10,60.00000009516361,3.025753940697637e-08
I2,21,N2,-4.5413985079637545e-09,-4.030090229619912e-09,5.113082783438427e-10,60.000000097549595,3.067849675050848e-08
I2,21,N3,-4.555127481978733e-09,-4.012660552238525e-09,5.424669297402085e-10,60.000000101149375,3.25480158392827e-08
I2,21,N4,-4.538303846677372e-09,-4.034009570662464e-09,5.042942760149074e-10,60.000000099752945,3.025765661119928e-08
I2,21,N5,-4.539373907219623e-09,-4.032655056305878e-09,5.067188509137448e-10,60.00000010238284,3.0403131106704006e-08
I2,21,N6,-8.999085897170896e-09,1.6335358999410303e-06,1.6425349858382013e-06,60.00000010077419,9.855209931581721e-05
I2,21,N7,-4.541398552729133e-09,-4.0300903523953035e-09,5.113082003338296e-10,60.00000010031122,3.067849207131973e-08
I2,21,N8,-8.963299346365482e-09,4.046823327877888e-06,4.055786627224254e-06,60.0000001013077,0.00024334719804433764
I2,21,N9,-4.555127481109452e-09,-4.01266055260896e-09,5.424669285004922e-10,60.000000101149375,3.2548015764899725e-08
I2,22,N1,-4.5550507815289955e-09,-4.012570232920497e-09,5.424805486084987e-10,60.000000003060435,3.254883291817015e-08
I2,22,N2,-4.556205187285331e-09,-4.0111022726660795e-09,5.451029146192516e-10,60.00000000196035,3.270617487822369e-08
I2,22,N3,-4.561331252350673e-09,-4.004577300158586e-09,5.567539521920871e-10,60.00000000589408,3.340523713480678e-08
I2,22,N4,-4.555050650677847e-09,-4.012570658346819e-09,5.424799923310282e-10,60.00000000516116,3.254879954266152e-08
I2,22,N5,-4.555449845823672e-09,-4.012063234341827e-09,5.433866114818454e-10,60.000000006629705,3.2603196692513214e-08
I2,22,N6,-8.998964687448038e-09,1.1061736970892767e-06,1.1151726617767247e-06,60.000000005834764,6.691035971311026e-05
I2,22,N7,-4.556205268275853e-09,-4.011102369323747e-09,5.451028989521059e-10,60.000000004721976,3.270617393970032e-08
I2,22,N8,-8.963253426477876e-09,2.541861352029417e-06,2.550824605455895e-06,60.00000000584271,0.00015304947634225743
I2,22,N9,-4.5613312519758756e-09,-4.004577300121423e-09,5.567539518544527e-10,60.00000000589408,3.340523711454871e-08
I2,23,N1,-4.561332554585776e-09,-4.0045094861167115e-09,5.568230684690648e-10,59.99999999977854,3.340938410802058e-08
I2,23,N2,-4.561769269423383e-09,-4.003953145391013e-09,5.578161240323695e-10,59.999999997173845,3.34689674403657e-08
I2,23,N3,-4.563709132996862e-09,-4.001483588197228e-09,5.62225544799634e-10,60.00000000129307,3.373353268870504e-08
I2,23,N4,-4.5613322159054195e-09,-4.004509796029258e-09,5.568224198761617e-10,60.000000000987434,3.340934519311953e-08
I2,23,N5,-4.561483309141676e-09,-4.004317514479538e-09,5.571657946621385e-10,60.000000001824645,3.342994768074494e-08
I2,23,N6,-8.998987648961855e-09,1.4034030698992076e-06,1.4124020575481694e-06,60.00000000140553,8.474412345487534e-05
I2,23,N7,-4.561769372255919e-09,-4.003953239253025e-09,5.578161330028935e-10,59.99999999993547,3.346896798013761e-08
I2,23,N8,-8.963155666239064e-09,1.6724071863860428e-06,1.6813703420522817e-06,60.00000000111803,0.00010088222052501673
I2,23,N9,-4.563709132957566e-09,-4.0014835879980924e-09,5.622255449594735e-10,60.00000000129307,3.3733532698295404e-08
I2,24,N1,-4.563613095328027e-09,-4.001584552667583e-09,5.620285426604441e-10,59.99999999772575,3.372171255834846e-08
I2,24,N2,-4.5637959761206885e-09,-4.001351389923191e-09,5.624445861974978e-10,59.99999999444963,3.374667516872809e-08
I2,24,N3,-4.564600859548354e-09,-4.000327608652117e-09,5.642732508962373e-10,59.99999999865948,3.385639505301782e-08
I2,24,N4,-4.56361300564518e-09,-4.001584601743214e-09,5.620284039019667e-10,59.999999998586794,3.372170423332374e-08
I2,24,N5,-4.563676307445838e-09,-4.001504072933865e-09,5.621722345119726e-10,59.99999999912348,3.37303340702256e-08
I2,24,N6,-8.998843368893886e-09,1.1469976066596534e-06,1.1559964500285472e-06,59.99999999885569,6.935978700039001e-05
I2,24,N7,-4.563796104208231e-09,-4.001351478991312e-09,5.624446252169184e-10,59.999999997211255,3.374667751144659e-08
I2,24,N8,-8.963160180883777e-09,2.4604577345569366e-06,2.4694208947378205e-06,59.9999999984207,0.00014816525368036926
I2,24,N9,-4.5646008595355255e-09,-4.000327608485353e-09,5.642732510501723e-10,59.99999999865948,3.385639506225392e-08
I3,1,N1,-4.5648779306720025e-09,-3.999967076541414e-09,5.649108541305886e-10,59.99999999542999,3.389465124525366e-08
I3,1,N2,-4.5649413560832485e-09,-3.999886042112525e-09,5.650553139707239e-10,59.99999999177826,3.390331883359769e-08
I3,1,N3,-4.565181955161273e-09,-3.999580644867074e-09,5.656013102941984e-10,59.99999999604036,3.393607861541232e-08
I3,1,N4,-4.564877957856354e-09,-3.9999670505192375e-09,5.649109073371162e-10,59.999999996111335,3.389465443803022e-08
I3,1,N5,-4.5648999652953655e-09,-3.999939101938575e-09,5.649608633567901e-10,59.99999999647739,3.389765179941727e-08
I3,1,N6,-4.5652254445018245e-09,-3.999525391680176e-09,5.657000528216481e-10,59.9999999962854,3.394200316719754e-08
I3,1,N7,-4.564941502795087e-09,-3.999886125167036e-09,5.650553776280515e-10,59.999999994539884,3.390332265459783e-08
I3,1,N8,-4.565156108343829e-09,-3.999613462059283e-09,5.655426462845459e-10,59.99999999576349,3.393255877467683e-08
I3,1,N9,-4.565181955207269e-09,-3.999580644640894e-09,5.656013105663747e-10,59.99999999604036,3.3936078631742906e-08
I3,2,N1,-4.565179978304821e-09,-3.999584639804648e-09,5.655953385001736e-10,59.999999989842415,3.3935720304265336e-08
I3,2,N2,-4.56525100163219e-09,-3.999493805381206e-09,5.657571962509836e-10,59.99999998593351,3.39454317671008e-08
I3,2,N3,-4.565465445839394e-09,-3.999221770363949e-09,5.662436754754455e-10,59.999999990231736,3.3974620522995506e-08
I3,2,N4,-4.565179949968721e-09,-3.999584664019569e-09,5.655952859491519e-10,59.99999999040683,3.393571715152326e-08
I3,2,N5,-4.565204637613543e-09,-3.99955327536674e-09,5.656513622468031e-10,59.99999999065577,3.393908172952262e-08
I3,2,N6,-4.565514457575511e-09,-3.999159495853514e-09,5.663549617219969e-10,59.99999999051109,3.398129769794572e-08
I3,2,N7,-4.565251281531016e-09,-3.9994937698381735e-09,5.657575116928427e-10,59.99999998869514,3.394545069517475e-08
I3,2,N8,-4.565436314679444e-09,-3.999258758692596e-09,5.661775559868482e-10,59.99999998992787,3.397065335350828e-08
I3,2,N9,-4.565465446385838e-09,-3.99922176964267e-09,5.662436767431676e-10,59.999999990231736,3.3974620599058834e-08
I3,3,N1,-4.565373900762718e-09,-3.9992962946856194e-09,5.660776060770989e-10,59.99999997003308,3.3964656347662334e-08
I3,3,N2,-4.565529766463352e-09,-3.9990979673892875e-09,5.664317990740642e-10,59.99999996596138,3.39859079251633e-08
I3,3,N3,-4.565944987829586e-09,-3.998569560150377e-09,5.673754276792086e-10,59.99999997028252,3.404252564389155e-08
I3,3,N4,-4.565374009891875e-09,-3.999296241833912e-09,5.660777680579631e-10,59.99999997052592,3.3964666066793166e-08
I3,3,N5,-4.565427810086729e-09,-3.999227816085902e-09,5.661999940008263e-10,59.99999997070084,3.397199962346039e-08
I3,3,N6,-4.566051437556935e-09,-3.998433982741785e-09,5.6761745481515e-10,59.99999997058396,3.405704727221194e-08
I3,3,N7,-4.565529541297964e-09,-3.999098218110114e-09,5.664313231878496e-10,59.999999968723,3.398587937355471e-08
I3,3,N8,-4.565881755540338e-09,-3.998650078383484e-09,5.672316771568536e-10,59.99999996996122,3.403390061237227e-08
I3,3,N9,-4.56594498578831e-09,-3.9985695609776835e-09,5.673754248106265e-10,59.99999997028252,3.404252547177662e-08
I3,4,N1,-4.565923261576281e-09,-3.9986370478836196e-09,5.672862136926611e-10,59.99999964330195,3.403717261920978e-08
I3,4,N2,-4.566327265859713e-09,-3.998122025704244e-09,5.682052401554685e-10,59.999999639150985,3.409231420429181e-08
I3,4,N3,-4.567385296002889e-09,-3.996774476631369e-09,5.7061081937152e-10,59.999999643483285,3.423664895885891e-08
I3,4,N4,-4.565923277355831e-09,-3.998637057711394e-09,5.672862196444374e-10,59.99999964376059,3.4037172976576536e-08
I3,4,N5,-4.566062954314083e-09,-3.99845910327004e-09,5.676038510440434e-10,59.99999964389952,3.4056230860518596e-08
I3,4,N6,-4.567662125319928e-09,-3.996421567307031e-09,5.712405580128973e-10,59.99999964379557,3.427443327729542e-08
I3,4,N7,-4.566327292312009e-09,-3.998122124681599e-09,5.682051676304099e-10,59.9999996419126,3.409230985435748e-08
I3,4,N8,-4.567220840397279e-09,-3.996984094980064e-09,5.702367454172148e-10,59.999999643153394,3.4214204521545837e-08
I3,4,N9,-4.5673852963174565e-09,-3.996774476014292e-09,5.706108203031645e-10,59.999999643483285,3.423664901475757e-08
I3,5,N1,-4.567135924544068e-09,-3.997079398885078e-09,5.700565256589905e-10,59.99999998249187,3.4203391529558806e-08
I3,5,N2,-4.568214408265518e-09,-3.995702258589329e-09,5.72512149676189e-10,59.99999997850081,3.435072896826279e-08
I3,5,N3,-4.571033048438853e-09,-3.992105374475557e-09,5.789276739632956e-10,59.9999999828106,3.473566042784632e-08
I3,5,N4,-4.567135847116624e-09,-3.997079469109297e-09,5.700563780073265e-10,59.999999983019926,3.4203382670759986e-08
I3,5,N5,-4.56750877468756e-09,-3.996603496164942e-09,5.709052785226179e-10,59.99999998323151,3.4254316701783855e-08
I3,5,N6,-4.5717720111782736e-09,-3.99116119744836e-09,5.806108137299139e-10,59.99999998310106,3.483664881398313e-08
I3,5,N7,-4.568214671584628e-09,-3.99570225502617e-09,5.725124165584573e-10,59.999999981262434,3.435074498277995e-08
I3,5,N8,-4.570594002571852e-09,-3.992666212696726e-09,5.779277898751261e-10,59.999999982497975,3.467566738239266e-08
I3,5,N9,-4.571033048599735e-09,-3.992105374135937e-09,5.789276744637986e-10,59.9999999828106,3.47356604578765e-08
I3,6,N1,-4.5703806426757966e-09,-3.992917136773925e-09,5.774635059018713e-10,59.99999999682904,3.464781035228116e-08
I3,6,N2,-4.573268209519902e-09,-3.989222222411636e-09,5.840459871082655e-10,59.99999999335968,3.504275922261768e-08
I3,6,N3,-4.580809885909039e-09,-3.979565797344152e-09,6.012440885648872e-10,59.999999997596305,3.607464531244803e-08
I3,6,N4,-4.570380640656831e-09,-3.99291718674696e-09,5.774634539098706e-10,59.99999999759629,3.4647807233204186e-08
I3,6,N5,-4.5713789370196974e-09,-3.991640254929422e-09,5.797386820902753e-10,59.99999999804532,3.478432092428331e-08
I3,6,N6,-4.582785277825795e-09,-3.977031123109838e-09,6.057541547159568e-10,59.999999997817454,3.634524928163532e-08
I3,6,N7,-4.5732683376672575e-09,-3.989222321320006e-09,5.840460163472514e-10,59.9999999961213,3.504276097856975e-08
I3,6,N8,-4.579636064298867e-09,-3.981071231934589e-09,5.985648323642781e-10,59.999999997338136,3.591388994026339e-08
I3,6,N9,-4.5808098857524074e-09,-3.979565797223778e-09,6.012440885286294e-10,59.999999997596305,3.6074645310272556e-08
I3,7,N1,-4.577623217120282e-09,-3.983380378947445e-09,5.942428381728375e-10,59.98135788225813,3.564349234541377e-08
I3,7,N2,-4.585336252629251e-09,-3.973468944472006e-09,6.118673081572456e-10,59.98135787598322,3.670063198319426e-08
I3,7,N3,-4.6054696125262124e-09,-3.947514273905838e-09,6.579553386203744e-10,59.981357879603344,3.946505463458428e-08
I3,7,N4,-4.577623371335656e-09,-3.983380371877026e-09,5.942429994586301e-10,59.9813578826,3.564350201975777e-08
I3,7,N5,-4.580290429517904e-09,-3.979955776868886e-09,6.003346526490182e-10,59.98135788267953,3.600888764991486e-08
I3,7,N6,-4.610731648311478e-09,-3.940699333180912e-09,6.70032315130566e-10,59.981357881668714,4.0189448086129514e-08
I3,7,N7,-4.585336291885592e-09,-3.9734690941683445e-09,6.118671977172477e-10,59.98135787874484,3.670062536054296e-08
I3,7,N8,-4.602341463826176e-09,-3.951560445735015e-09,6.507810180911613e-10,59.98135787822022,3.9034729146478455e-08
I3,7,N9,-4.605469611987287e-09,-3.947514273989814e-09,6.579553379974727e-10,59.981357879603344,3.946505459722179e-08
I3,8,N1,-4.600106461136209e-09,-3.954401471584983e-09,6.457049895512264e-10,59.99387452558689,3.8738344123681676e-08
I3,8,N2,-4.620603613143161e-09,-3.927770804118858e-09,6.928328090243027e-10,59.99387451874826,4.156572460707589e-08
I3,8,N3,-4.673977329724008e-09,-3.857715847257013e-09,8.162614824669948e-10,59.99387452102777,4.8970688955473e-08
I3,8,N4,-4.600106628619683e-09,-3.954401470515346e-09,6.457051581043367e-10,59.99387452587,3.873835423601863e-08
I3,8,N5,-4.607198883179376e-09,-3.945206201445057e-09,6.61992681734319e-10,59.993874526103234,3.971550588516733e-08
I3,8,N6,-4.687864352062317e-09,-3.839273841887162e-09,8.485905101751545e-10,59.993874521262406,5.091023258738227e-08
I3,8,N7,-4.620603806955978e-09,-3.927770887249792e-09,6.928329197061864e-10,59.99387452150988,4.156573124922428e-08
I3,8,N8,-4.665712444635596e-09,-3.86865284319314e-09,7.970596014424562e-10,59.993874520699364,4.781869371445736e-08
I3,8,N9,-4.673977329940375e-09,-3.857715847161736e-09,8.162614827786393e-10,59.99387452102777,4.8970688974169756e-08
I3,9,N1,-4.656854974966948e-09,-3.879551038609456e-09,7.773039363574924e-10,59.98897211700093,4.662966416458467e-08
I3,9,N2,-4.71078375530454e-09,-3.807499856050401e-09,9.032838992541389e-10,59.98897210763595,5.4187072637633185e-08
I3,9,N3,-4.8500414040383e-09,-3.615745701492289e-09,1.234295702546011e-09,59.9889721079564,7.404413047300311e-08
I3,9,N4,-4.6568549461847246e-09,-3.879551096584081e-09,7.773038496006432e-10,59.98897211722724,4.6629658960306384e-08
I3,9,N5,-4.67554868540416e-09,-3.854722160480118e-09,8.208265249240417e-10,59.98897211674251,4.924053951635099e-08
I3,9,N6,-4.885892654475093e-09,-3.564785940278911e-09,1.321106714196182e-09,59.98897210620967,7.925183382724107e-08
I3,9,N7,-4.710784208352361e-09,-3.80749986410013e-09,9.032843442522308e-10,59.988972110397576,5.418709933510584e-08
I3,9,N8,-4.828639480672724e-09,-3.6458643701813625e-09,1.1827751104913613e-09,59.98897210881665,7.095346311426879e-08
I3,9,N9,-4.8500414041677135e-09,-3.6157457015857366e-09,1.234295702581977e-09,59.9889721079564,7.404413047516066e-08
I3,10,N1,-4.21992787584267e-09,-4.330101916447276e-09,-1.1017404060460621e-10,52.200000010967514,-5.75108492076878e-09
I3,10,N2,-4.3734585971785766e-09,-4.147783841779702e-09,2.2567475539887424e-10,52.200000003508976,1.1780222232613123e-08
I3,10,N3,-4.758968060760698e-09,-3.6465684706966947e-09,1.1123995900640031e-09,52.20000000226235,5.80672586038576e-08
I3,10,N4,-4.21992789659924e-09,-4.330101791531655e-09,-1.1017389493241513e-10,52.200000011155,-5.751077316701059e-09
I3,10,N5,-4.273430568925344e-09,-4.267623660385311e-09,5.806908540033344e-12,52.20000001074506,3.031206258521361e-10
I3,10,N6,-4.855653689581595e-09,-3.509678693580228e-09,1.3459749960013671e-09,52.200000001562316,7.02598947933742e-08
I3,10,N7,-4.373458548209462e-09,-4.14778407930243e-09,2.2567446890703216e-10,52.20000000494234,1.1780207278062439e-08
I3,10,N8,-4.700762537381945e-09,-3.7266824513925906e-09,9.740800859893546e-10,52.200000002481495,5.084698049106149e-08
I3,10,N9,-4.758968060718812e-09,-3.6465684707277173e-09,1.1123995899910946e-09,52.20000000226235,5.8067258600051774e-08
I3,11,N1,-4.661882965495704e-09,-3.873017532896517e-09,7.888654325991869e-10,59.99999999575663,4.733192595260377e-08
I3,11,N2,-4.4696577037242175e-09,-4.028569514268919e-09,4.4108818945529885e-10,52.19999997169244,2.302480347708047e-08
I3,11,N3,-4.772306441866311e-09,-3.5046254030784336e-09,1.2676810387878776e-09,42.51007972078373,5.388922201939861e-08
I3,11,N4,-4.661883410018778e-09,-3.873017267895311e-09,7.888661421234671e-10,59.99999999615757,4.733196852437686e-08
I3,11,N5,-4.596128245597787e-09,-3.927208643931649e-09,6.689196016661379e-10,57.304878038303734,3.833235619090875e-08
I3,11,N6,-4.643805575025452e-09,-3.6163372245145892e-09,1.0274683505108629e-09,37.11983580175337,3.813945646246161e-08
I3,11,N7,-4.469657280678269e-09,-4.028570026288691e-09,4.41087254389578e-10,52.199999971736574,2.3024754666669335e-08
I3,11,N8,-4.847232055853302e-09,-3.437470087500466e-09,1.4097619683528359e-09,45.70617729148669,6.443483046432996e-08
I3,11,N9,-4.7723064419875784e-09,-3.5046254030047583e-09,1.2676810389828201e-09,42.51007972078373,5.388922202768563e-08
I3,12,N1,-4.614216543218722e-09,-3.936047035501029e-09,6.781695077176925e-10,59.999999996016925,4.069017046036035e-08
I3,12,N2,-4.49566545988163e-09,-3.99343237675133e-09,5.022330831302999e-10,52.0101858833653,2.6121236010382558e-08
I3,12,N3,-3.893994979339015e-09,-4.2973894207655045e-09,-4.033944414264892e-10,16.951108774597383,-6.8379830556883715e-09
I3,12,N4,-4.614215171935407e-09,-3.93604746896502e-09,6.781677029703874e-10,59.99999999641644,4.069006217579299e-08
I3,12,N5,-4.573463946091592e-09,-3.9559982156777835e-09,6.174657304138084e-10,57.23929186968384,3.53433011626835e-08
I3,12,N6,-3.8043276574328315e-09,-4.332388115282446e-09,-5.280604578496149e-10,11.429692517677134,-6.035568663964905e-09
I3,12,N7,-4.4956664488501095e-09,-3.99343173723459e-09,5.022347116155196e-10,52.010185883365295,2.612132070820154e-08
I3,12,N8,-3.946689221112628e-09,-4.276385985918244e-09,-3.2969676480561604e-10,20.22498382566615,-6.6681117355680415e-09
I3,12,N9,-3.893994979310915e-09,-4.297389420726876e-09,-4.0339444141596086e-10,16.951108774597383,-6.837983055509904e-09
I3,13,N1,-4.535939691229361e-09,-4.0241812673325896e-09,5.117584238967712e-10,58.91408955262157,3.014978161476285e-08
I3,13,N2,-4.523517182821497e-09,-3.960141720860459e-09,5.633754619610387e-10,52.1999999937832,2.9408199110863826e-08
I3,13,N3,-3.569502021573588e-09,-4.503196082341191e-09,-9.336940607676027e-10,4.639820460721321,-4.3321728072035e-09
I3,13,N4,-4.535940020544375e-09,-4.024180941780863e-09,5.117590787635117e-10,58.91408955278169,3.014982019572259e-08
I3,13,N5,-4.5316244893219006e-09,-4.0021553594294734e-09,5.294691298924271e-10,56.594180560294014,2.9964871538233784e-08
I3,13,N6,-3.5620352772654256e-09,-4.459200904404742e-09,-8.971656271393161e-10,2.475069198550768e-06,-2.2205470097310043e-15
I3,13,N7,-4.5235168793185875e-09,-3.960141955761401e-09,5.633749235571867e-10,52.199999993958926,2.9408171006281758e-08
I3,13,N8,-3.573994872956155e-09,-4.529068235176202e-09,-9.55073362220047e-10,7.390959595555667,-7.058908630959869e-09
I3,13,N9,-3.5695020215326334e-09,-4.5031960823515924e-09,-9.33694060818959e-10,4.639820460721321,-4.332172807441783e-09
I3,14,N1,-4.595561273050812e-09,-3.9603807189393855e-09,6.351805541114268e-10,59.999984363285456,3.81108233145486e-08
I3,14,N2,-4.53822897629923e-09,-3.9411655372835855e-09,5.970634390156443e-10,52.19999999120646,3.116671151136633e-08
I3,14,N3,-3.991734328878816e-09,-4.106439463007415e-09,-1.147051341285994e-10,9.92263367895981,-1.1381770270540427e-09
I3,14,N4,-4.595561018545142e-09,-3.960380934810893e-09,6.351800837342492e-10,59.999984363467526,3.811079509204094e-08
I3,14,N5,-4.575759824932906e-09,-3.953815298102199e-09,6.219445268307068e-10,57.30486781351887,3.5640448897375196e-08
I3,14,N6,-3.9506293246596845e-09,-4.090411601926242e-09,-1.397822772665572e-10,4.5324005780025605,-6.33549274277458e-10
I3,14,N7,-4.538229197620918e-09,-3.941165256684663e-09,5.970639409362545e-10,52.199999991337116,3.1166737711700186e-08
I3,14,N8,-4.016110277666985e-09,-4.115763444782725e-09,-9.965316711573951e-11,13.11872483511717,-1.3073224783393337e-09
I3,14,N9,-3.991734328811389e-09,-4.106439463065747e-09,-1.1470513425435815e-10,9.922633678959805,-1.1381770283019e-09
I3,15,N1,-4.605759232525763e-09,-3.947176846230741e-09,6.585823862950213e-10,59.99999998820995,3.951494316993656e-08
I3,15,N2,-4.4030859156111885e-09,-4.085702815425291e-09,3.173831001858974e-10,49.999399925466435,1.5868964555779067e-08
I3,15,N3,-4.1393403764453166e-09,-4.0046625613694065e-09,1.3467781507591003e-10,15.993437004452986,2.1539611513139357e-09
I3,15,N4,-4.605760486757237e-09,-3.947176367742499e-09,6.585841190147375e-10,59.99999998853143,3.951504713333123e-08
I3,15,N5,-4.536416359884596e-09,-3.995461481278607e-09,5.409548786059894e-10,56.54450809837768,3.0588027514193284e-08
I3,15,N6,-3.992191479104387e-09,-4.095961985740062e-09,-1.0377050663567524e-10,9.08245322143594,-9.424907722832282e-10
I3,15,N7,-4.403085202961088e-09,-4.0857037429037135e-09,3.1738146005737437e-10,49.999399925466435,1.5868882550337112e-08
I3,15,N8,-4.225182304374385e-09,-3.949635331930029e-09,2.7554697244435623e-10,20.09124385921686,5.536081418048469e-09
I3,15,N9,-4.139340376303225e-09,-4.004662561508315e-09,1.3467781479491016e-10,15.993437004453002,2.153961146819784e-09
I3,16,N1,-4.657220291037131e-09,-3.879211976914582e-09,7.780083141225486e-10,59.99999996142642,4.668049881734235e-08
I3,16,N2,-4.490684340706824e-09,-4.001947801392715e-09,4.887365393141093e-10,52.199999984774635,2.5512047344755312e-08
I3,16,N3,-3.497012502079945e-09,-4.68807384171461e-09,-1.191061339634665e-09,15.106334897568471,-1.799257148006779e-08
I3,16,N4,-4.657219763711122e-09,-3.879212170862688e-09,7.780075928484342e-10,59.9999999617104,4.668045554111645e-08
I3,16,N5,-4.6001399454928274e-09,-3.921939549064409e-09,6.782003964284183e-10,57.304878020030706,3.8864190990466976e-08
I3,16,N6,-3.3613690597186985e-09,-4.760452857199574e-09,-1.3990837974808753e-09,9.716091012111457,-1.3593625509894699e-08
I3,16,N7,-4.490684177450419e-09,-4.001947910628279e-09,4.887362668221403e-10,52.19999998485407,2.5512033120713353e-08
I3,16,N8,-3.5763216017972207e-09,-4.644511708426917e-09,-1.0681901066296961e-09,18.302432448331373,-1.95504772685659e-08
I3,16,N9,-3.4970125018069625e-09,-4.6880738421549e-09,-1.1910613403479374e-09,15.106334897568464,-1.7992571490842715e-08
I3,17,N1,-4.21378138825739e-09,-4.337251274257208e-09,-1.2346988599981816e-10,52.20000000646446,-6.445128049988674e-09
I3,17,N2,-4.377386621710098e-09,-4.143001997902318e-09,2.3438462380778003e-10,52.20000000127882,1.2234877363065854e-08
I3,17,N3,-5.054848140751838e-09,-3.2096418881203003e-09,1.8452062526315375e-09,52.19999999948324,9.631976638641273e-08
I3,17,N4,-4.213781459006668e-09,-4.337251896928318e-09,-1.2347043792165007e-10,52.200000006747565,-6.445156860343259e-09
I3,17,N5,-4.270824479933114e-09,-4.270720436452114e-09,1.0404348099959956e-13,52.20000000680893,5.431069708887522e-12
I3,17,N6,-5.1521169811055624e-09,-3.055381234806599e-09,2.0967357462989634e-09,52.199999998987096,1.094496059546821e-07
I3,17,N7,-4.377387287450042e-09,-4.14300101991731e-09,2.3438626753273135e-10,52.200000002277505,1.2234963165742393e-08
I3,17,N8,-4.9962458631861725e-09,-3.2998233893781375e-09,1.696422473808035e-09,52.19999999959027,8.855325313208435e-08
I3,17,N9,-5.054848140991568e-09,-3.2096418878609937e-09,1.8452062531305743e-09,52.19999999948324,9.631976641246245e-08
I3,18,N1,-4.64501603968344e-09,-3.895357569121806e-09,7.496584705616342e-10,59.999999955100215,4.497950820003855e-08
I3,18,N2,-4.702581985779499e-09,-3.818714046709614e-09,8.838679390698851e-10,59.99999994773174,5.3032076297994865e-08
I3,18,N3,-4.95199812801744e-09,-3.4688264406239446e-09,1.4831716873934954e-09,59.99999995059992,8.899030117034093e-08
I3,18,N4,-4.6450149634236435e-09,-3.8953580534235685e-09,7.49656910000075e-10,59.999999955449994,4.497941456660728e-08
I3,18,N5,-4.664973543357328e-09,-3.868951500547554e-09,7.960220428097744e-10,59.99999995584932,4.7761322533441554e-08
I3,18,N6,-4.9893331951297686e-09,-3.413777707913076e-09,1.5755554872166926e-09,59.999999952156884,9.453332915762208e-08
I3,18,N7,-4.702581876557417e-09,-3.818714313802781e-09,8.83867562754636e-10,59.99999995049336,5.3032053721520844e-08
I3,18,N8,-4.929695425478285e-09,-3.501360908320341e-09,1.4283345171579444e-09,59.99999994949408,8.570007095733732e-08
I3,18,N9,-4.951998128073109e-09,-3.4688264405184125e-09,1.4831716875546968e-09,59.99999995059992,8.899030118001302e-08
I3,19,N1,-4.5682597260410155e-09,-3.995699946488479e-09,5.725597795525368e-10,60.000000031927115,3.435358679143239e-08
I3,19,N2,-4.590226916749322e-09,-3.96746027490153e-09,6.227666418477919e-10,60.00000003336972,3.736599853164906e-08
I3,19,N3,-4.686910373350856e-09,-3.840846021615894e-09,8.460643517349621e-10,60.00000003650068,5.076386113497965e-08
I3,19,N4,-4.5682613593639316e-09,-3.995699354012328e-09,5.725620053516035e-10,60.00000003559496,3.435372034147653e-08
I3,19,N5,-4.575862129226745e-09,-3.985949377409191e-09,5.899127518175542e-10,60.000000038611205,3.5394765131830495e-08
I3,19,N6,-4.701602425176141e-09,-3.8212632416051205e-09,8.803391835710201e-10,60.00000003618279,5.2820351046114335e-08
I3,19,N7,-4.590227052952266e-09,-3.967460384784064e-09,6.227666681682017e-10,60.00000003613134,3.7366000112593494e-08
I3,19,N8,-4.678162045172183e-09,-3.8524624644345446e-09,8.256995807376383e-10,60.000000036601534,4.954197487448017e-08
I3,19,N9,-4.686910373607085e-09,-3.840846021618508e-09,8.460643519885765e-10,60.00000003650068,5.0763861150196513e-08
I3,20,N1,-4.6933212338798696e-09,-3.86386734621359e-09,8.294538876662799e-10,62.6908919966296,5.19992040878713e-08
I3,20,N2,-4.70138658386495e-09,-3.85315425428336e-09,8.4823232958159e-10,62.69089199914784,5.317644136398504e-08
I3,20,N3,-4.73709862298239e-09,-3.805402416442659e-09,9.316962065397309e-10,62.6908920024219,5.840886626324844e-08
I3,20,N4,-4.6933209225298265e-09,-3.863868040665769e-09,8.294528818640576e-10,62.690892001276076,5.199914103708684e-08
I3,20,N5,-4.696110148645327e-09,-3.8601663242382676e-09,8.359438244070595e-10,62.69089200428773,5.240606401755423e-08
I3,20,N6,-4.742555152220728e-09,-3.798058203940832e-09,9.444969482798958e-10,62.690892002155856,5.921135618098073e-08
I3,20,N7,-4.701386657267114e-09,-3.853154359385944e-09,8.482322978811694e-10,62.690892001909475,5.31764393789999e-08
I3,20,N8,-4.73385350142506e-09,-3.809764174877582e-09,9.240893265474784e-10,62.69089200248961,5.793198417124132e-08
I3,20,N9,-4.737098624256817e-09,-3.8054024162771865e-09,9.316962079796307e-10,62.6908920024219,5.8408866353517036e-08
I3,21,N1,-4.538302419150233e-09,-4.034010096500468e-09,5.042923226497649e-10,60.00000009516361,3.025753940697617e-08
I3,21,N2,-4.541398507963832e-09,-4.0300902296199375e-09,5.113082783438948e-10,60.000000097549595,3.06784967505116e-08
I3,21,N3,-4.555127481978636e-09,-4.012660552238377e-09,5.424669297402598e-10,60.000000101149375,3.2548015839285775e-08
I3,21,N4,-4.53830384667743e-09,-4.034009570662574e-09,5.042942760148553e-10,60.000000099752945,3.025765661119616e-08
I3,21,N5,-4.539373907219596e-09,-4.03265505630571e-09,5.067188509138862e-10,60.00000010238284,3.040313110671249e-08
I3,21,N6,-4.5572300922672224e-09,-4.0099848971555634e-09,5.47245195111659e-10,60.00000010077419,3.283471176184773e-08
I3,21,N7,-4.5413985527293465e-09,-4.030090352395336e-09,5.113082003340108e-10,60.00000010031122,3.067849207133059e-08
I3,21,N8,-4.5538775960363015e-09,-4.014250291295877e-09,5.396273047404245e-10,60.0000001013077,3.2377638339093875e-08
I3,21,N9,-4.555127481109444e-09,-4.012660552608916e-09,5.424669285005278e-10,60.000000101149375,3.2548015764901856e-08
I3,22,N1,-4.555050781529026e-09,-4.0125702329205364e-09,5.424805486084896e-10,60.000000003060435,3.25488329181696e-08
I3,22,N2,-4.556205187285471e-09,-4.011102272666268e-09,5.451029146192028e-10,60.00000000196035,3.2706174878220764e-08
I3,22,N3,-4.5613312523508035e-09,-4.004577300158717e-09,5.567539521920863e-10,60.00000000589408,3.340523713480673e-08
I3,22,N4,-4.555050650677614e-09,-4.012570658346678e-09,5.424799923309355e-10,60.00000000516116,3.254879954265596e-08
I3,22,N5,-4.5554498458236e-09,-4.012063234342004e-09,5.433866114815964e-10,60.000000006629705,3.260319669249828e-08
I3,22,N6,-4.562116989591415e-09,-4.003575976496732e-09,5.58541013094683e-10,60.000000005834764,3.351246078893994e-08
I3,22,N7,-4.556205268275623e-09,-4.0111023693237546e-09,5.451028989518685e-10,60.000000004721976,3.270617393968607e-08
I3,22,N8,-4.5608643180329774e-09,-4.005172263504791e-09,5.556920545281864e-10,60.00000000584271,3.334152327493793e-08
I3,22,N9,-4.561331251975995e-09,-4.004577300121416e-09,5.567539518545784e-10,60.00000000589408,3.3405237114556256e-08
I3,23,N1,-4.561332554585621e-09,-4.004509486116549e-09,5.568230684690723e-10,59.99999999977854,3.340938410802102e-08
I3,23,N2,-4.561769269423446e-09,-4.00395314539105e-09,5.57816124032396e-10,59.999999997173845,3.346896744036729e-08
I3,23,N3,-4.563709132996725e-09,-4.001483588197203e-09,5.622255447995215e-10,60.00000000129307,3.373353268869829e-08
I3,23,N4,-4.5613322159053716e-09,-4.0045097960293215e-09,5.568224198760501e-10,60.000000000987434,3.340934519311283e-08
I3,23,N5,-4.561483309141668e-09,-4.0043175144794774e-09,5.571657946621906e-10,60.000000001824645,3.3429947680748067e-08
I3,23,N6,-4.564007249418531e-09,-4.001103886661592e-09,5.629033627569395e-10,60.00000000140553,3.377420176620755e-08
I3,23,N7,-4.561769372255961e-09,-4.003953239252995e-09,5.578161330029663e-10,59.99999999993547,3.346896798014198e-08
I3,23,N8,-4.5635319517982634e-09,-4.001709220938779e-09,5.618227308594841e-10,60.00000000111803,3.370936385219718e-08
I3,23,N9,-4.563709132957495e-09,-4.001483587998043e-09,5.62225544959452e-10,60.00000000129307,3.373353269829411e-08
I3,24,N1,-4.5636130953283414e-09,-4.001584552667776e-09,5.620285426605657e-10,59.99999999772575,3.372171255835575e-08
I3,24,N2,-4.563795976120798e-09,-4.001351389923215e-09,5.62444586197583e-10,59.99999999444963,3.374667516873321e-08
I3,24,N3,-4.564600859548095e-09,-4.000327608651868e-09,5.642732508962274e-10,59.99999999865948,3.385639505301723e-08
I3,24,N4,-4.563613005645269e-09,-4.001584601743207e-09,5.620284039020619e-10,59.999999998586794,3.3721704233329454e-08
I3,24,N5,-4.563676307445793e-09,-4.001504072933761e-09,5.621722345120322e-10,59.99999999912348,3.3730334070229175e-08
I3,24,N6,-4.564725849819956e-09,-4.000168566368235e-09,5.645572834517207e-10,59.99999999885569,3.3873437006457215e-08
I3,24,N7,-4.563796104208177e-09,-4.001351478991465e-09,5.624446252167124e-10,59.999999997211255,3.374667751143423e-08
I3,24,N8,-4.564526570945549e-09,-4.000422109982629e-09,5.641044609629203e-10,59.9999999984207,3.384626765688433e-08
I3,24,N9,-4.5646008595353675e-09,-4.00032760848544e-09,5.642732510499275e-10,59.99999999865948,3.385639506223923e-08
I4,1,N1,-4.564877930671769e-09,-3.999967076541334e-09,5.649108541304355e-10,59.99999999542999,3.3894651245244485e-08
I4,1,N2,-4.564941356083186e-09,-3.999886042112332e-09,5.650553139708538e-10,59.99999999177826,3.390331883360549e-08
I4,1,N3,-4.565181955161336e-09,-3.999580644867164e-09,5.656013102941719e-10,59.99999999604036,3.3936078615410734e-08
I4,1,N4,-4.564877957856477e-09,-3.9999670505191994e-09,5.649109073372775e-10,59.999999996111335,3.38946544380399e-08
I4,1,N5,-4.56489996529535e-09,-3.999939101938445e-09,5.649608633569051e-10,59.99999999647739,3.389765179942417e-08
I4,1,N6,-4.565225444501774e-09,-3.999525391680089e-09,5.657000528216854e-10,59.9999999962854,3.3942003167199776e-08
I4,1,N7,-4.56494150279527e-09,-3.999886125167165e-09,5.650553776281053e-10,59.999999994539884,3.390332265460105e-08
I4,1,N8,-4.565156108343872e-09,-3.999613462059178e-09,5.65542646284694e-10,59.99999999576349,3.3932558774685714e-08
I4,1,N9,-4.5651819552070895e-09,-3.9995806446407834e-09,5.656013105663061e-10,59.99999999604036,3.393607863173878e-08
I4,2,N1,-4.565179978304777e-09,-3.99958463980443e-09,5.655953385003473e-10,59.999999989842415,3.393572030427576e-08
I4,2,N2,-4.565251001631979e-09,-3.999493805381014e-09,5.657571962509646e-10,59.99999998593351,3.394543176709966e-08
I4,2,N3,-4.5654654458393445e-09,-3.9992217703638685e-09,5.662436754754761e-10,59.999999990231736,3.3974620522997346e-08
I4,2,N4,-4.565179949968693e-09,-3.999584664019659e-09,5.655952859490336e-10,59.99999999040683,3.393571715151616e-08
I4,2,N5,-4.5652046376136045e-09,-3.999553275366803e-09,5.656513622468015e-10,59.99999999065577,3.393908172952252e-08
I4,2,N6,-4.565514457575516e-09,-3.999159495853558e-09,5.66354961721958e-10,59.99999999051109,3.398129769794339e-08
I4,2,N7,-4.565251281531047e-09,-3.99949376983825e-09,5.657575116927972e-10,59.99999998869514,3.394545069517202e-08
I4,2,N8,-4.565436314679539e-09,-3.999258758692715e-09,5.661775559868242e-10,59.99999998992787,3.397065335350684e-08
I4,2,N9,-4.5654654463861324e-09,-3.9992217696428085e-09,5.662436767433239e-10,59.999999990231736,3.397462059906822e-08
I4,3,N1,-4.565373900762735e-09,-3.9992962946856715e-09,5.660776060770634e-10,59.99999997003308,3.3964656347660196e-08
I4,3,N2,-4.56552976646319e-09,-3.999097967389075e-09,5.664317990741146e-10,59.99999996596138,3.398590792516632e-08
I4,3,N3,-4.565944987829615e-09,-3.99856956015042e-09,5.673754276791945e-10,59.99999997028252,3.40425256438907e-08
I4,3,N4,-4.565374009891894e-09,-3.999296241833859e-09,5.660777680580351e-10,59.99999997052592,3.396466606679748e-08
I4,3,N5,-4.565427810087014e-09,-3.999227816086091e-09,5.66199994000923e-10,59.99999997070084,3.3971999623466195e-08
I4,3,N6,-4.5660514375569975e-09,-3.998433982742031e-09,5.676174548149664e-10,59.99999997058396,3.405704727220092e-08
I4,3,N7,-4.565529541298e-09,-3.9990982181102425e-09,5.664313231877578e-10,59.999999968723,3.3985879373549195e-08
I4,3,N8,-4.565881755540298e-09,-3.998650078383442e-09,5.672316771568561e-10,59.99999996996122,3.403390061237242e-08
I4,3,N9,-4.565944985788258e-09,-3.998569560977828e-09,5.673754248104296e-10,59.99999997028252,3.404252547176481e-08
I4,4,N1,-4.5659232615763485e-09,-3.99863704788365e-09,5.672862136926983e-10,59.99999964330195,3.403717261921201e-08
I4,4,N2,-4.5663272658596235e-09,-3.998122025704211e-09,5.682052401554123e-10,59.999999639150985,3.409231420428844e-08
I4,4,N3,-4.567385296002904e-09,-3.996774476631431e-09,5.706108193714729e-10,59.999999643483285,3.423664895885608e-08
I4,4,N4,-4.56592327735571e-09,-3.9986370577113475e-09,5.672862196443629e-10,59.99999964376059,3.403717297657207e-08
I4,4,N5,-4.5660629543139855e-09,-3.998459103270141e-09,5.676038510438448e-10,59.99999964389952,3.4056230860506685e-08
I4,4,N6,-4.567662125319924e-09,-3.99642156730683e-09,5.712405580130942e-10,59.99999964379557,3.4274433277307233e-08
I4,4,N7,-4.566327292311936e-09,-3.998122124681495e-09,5.682051676304413e-10,59.9999996419126,3.4092309854359366e-08
I4,4,N8,-4.567220840397327e-09,-3.996984094980193e-09,5.702367454171337e-10,59.999999643153394,3.421420452154097e-08
I4,4,N9,-4.567385296317482e-09,-3.996774476014163e-09,5.706108203033192e-10,59.999999643483285,3.4236649014766856e-08
I4,5,N1,-4.567135924543773e-09,-3.997079398885061e-09,5.700565256587118e-10,59.99999998249187,3.420339152954208e-08
I4,5,N2,-4.5682144082654985e-09,-3.995702258589556e-09,5.725121496759425e-10,59.99999997850081,3.4350728968248e-08
I4,5,N3,-4.571033048438721e-09,-3.992105374475325e-09,5.789276739633966e-10,59.9999999828106,3.4735660427852374e-08
I4,5,N4,-4.567135847116649e-09,-3.997079469109147e-09,5.700563780075026e-10,59.999999983019926,3.420338267077056e-08
I4,5,N5,-4.567508774687538e-09,-3.9966034961649205e-09,5.709052785226171e-10,59.99999998323151,3.425431670178381e-08
I4,5,N6,-4.571772011178585e-09,-3.991161197448431e-09,5.806108137301538e-10,59.99999998310106,3.483664881399752e-08
I4,5,N7,-4.568214671584662e-09,-3.995702255026194e-09,5.725124165584681e-10,59.999999981262434,3.43507449827806e-08
I4,5,N8,-4.570594002571985e-09,-3.992666212696656e-09,5.779277898753288e-10,59.999999982497975,3.467566738240482e-08
I4,5,N9,-4.571033048599761e-09,-3.992105374135812e-09,5.789276744639492e-10,59.9999999828106,3.4735660457885535e-08
I4,6,N1,-4.570380642676058e-09,-3.992917136773902e-09,5.774635059021558e-10,59.99999999682904,3.4647810352298234e-08
I4,6,N2,-4.573268209519823e-09,-3.989222222411603e-09,5.8404598710822e-10,59.99999999335968,3.504275922261495e-08
I4,6,N3,-4.580809885909216e-09,-3.979565797344185e-09,6.012440885650312e-10,59.999999997596305,3.607464531245666e-08
I4,6,N4,-4.570380640656668e-09,-3.992917186747112e-09,5.774634539095555e-10,59.99999999759629,3.4647807233185274e-08
I4,6,N5,-4.571378937019637e-09,-3.99164025492944e-09,5.797386820901967e-10,59.99999999804532,3.47843209242786e-08
I4,6,N6,-4.582785277825714e-09,-3.977031123109869e-09,6.057541547158443e-10,59.999999997817454,3.634524928162857e-08
I4,6,N7,-4.573268337667315e-09,-3.9892223213199185e-09,5.840460163473961e-10,59.9999999961213,3.504276097857843e-08
I4,6,N8,-4.579636064298661e-09,-3.981071231934553e-09,5.985648323641077e-10,59.999999997338136,3.5913889940253166e-08
I4,6,N9,-4.580809885752306e-09,-3.979565797223984e-09,6.012440885283217e-10,59.999999997596305,3.607464531025409e-08
I4,7,N1,-4.577623217120064e-09,-3.983380378947194e-09,5.942428381728697e-10,59.98135788225813,3.56434923454157e-08
I4,7,N2,-4.58533625262934e-09,-3.97346894447203e-09,6.118673081573101e-10,59.98135787598322,3.670063198319812e-08
I4,7,N3,-4.605469612525996e-09,-3.947514273905766e-09,6.579553386202296e-10,59.981357879603344,3.94650546345756e-08
I4,7,N4,-4.5776233713356635e-09,-3.9833803718770525e-09,5.94242999458611e-10,59.9813578826,3.5643502019756625e-08
I4,7,N5,-4.580290429517969e-09,-3.979955776868946e-09,6.003346526490231e-10,59.98135788267953,3.600888764991516e-08
I4,7,N6,-4.610731648311483e-09,-3.940699333180882e-09,6.700323151306016e-10,59.981357881668714,4.0189448086131644e-08
I4,7,N7,-4.585336291885432e-09,-3.9734690941682915e-09,6.118671977171401e-10,59.98135787874484,3.670062536053651e-08
I4,7,N8,-4.602341463826268e-09,-3.951560445735084e-09,6.507810180911836e-10,59.98135787822022,3.90347291464798e-08
I4,7,N9,-4.605469611987293e-09,-3.947514273989517e-09,6.579553379977754e-10,59.981357879603344,3.946505459723995e-08
I4,8,N1,-4.600106461136132e-09,-3.954401471584948e-09,6.457049895511843e-10,59.99387452558689,3.873834412367914e-08
I4,8,N2,-4.620603613143226e-09,-3.927770804118824e-09,6.92832809024402e-10,59.99387451874826,4.156572460708185e-08
I4,8,N3,-4.67397732972369e-09,-3.857715847256742e-09,8.162614824669485e-10,59.99387452102777,4.897068895547022e-08
I4,8,N4,-4.600106628619735e-09,-3.954401470515535e-09,6.457051581042002e-10,59.99387452587,3.873835423601044e-08
I4,8,N5,-4.6071988831793336e-09,-3.9452062014449384e-09,6.619926817343951e-10,59.993874526103234,3.97155058851719e-08
I4,8,N6,-4.6878643520621846e-09,-3.83927384188716e-09,8.485905101750247e-10,59.993874521262406,5.091023258737448e-08
I4,8,N7,-4.620603806955867e-09,-3.92777088724987e-09,6.92832919705997e-10,59.99387452150988,4.1565731249212915e-08
I4,8,N8,-4.665712444635822e-09,-3.8686528431932754e-09,7.970596014425463e-10,59.993874520699364,4.781869371446277e-08
I4,8,N9,-4.673977329940336e-09,-3.8577158471616225e-09,8.162614827787137e-10,59.99387452102777,4.897068897417422e-08
I4,9,N1,-4.656854974967029e-09,-3.8795510386095855e-09,7.773039363574436e-10,59.98897211700093,4.6629664164581744e-08
I4,9,N2,-4.71078375530452e-09,-3.807499856050492e-09,9.032838992540281e-10,59.98897210763595,5.4187072637626534e-08
I4,9,N3,-4.85004140403808e-09,-3.615745701492265e-09,1.234295702545815e-09,59.9889721079564,7.404413047299134e-08
I4,9,N4,-4.656854946184773e-09,-3.879551096583873e-09,7.773038496009004e-10,59.98897211722724,4.6629658960321815e-08
I4,9,N5,-4.6755486854043866e-09,-3.8547221604801074e-09,8.208265249242791e-10,59.98897211674251,4.9240539516365234e-08
I4,9,N6,-4.8858926544753734e-09,-3.564785940279119e-09,1.3211067141962544e-09,59.98897210620967,7.925183382724541e-08
I4,9,N7,-4.710784208352235e-09,-3.807499864099961e-09,9.032843442522738e-10,59.988972110397576,5.418709933510842e-08
I4,9,N8,-4.828639480672927e-09,-3.645864370181439e-09,1.1827751104914882e-09,59.98897210881665,7.095346311427642e-08
I4,9,N9,-4.850041404167483e-09,-3.6157457015858317e-09,1.234295702581651e-09,59.9889721079564,7.404413047514111e-08
I4,10,N1,-4.219927875842555e-09,-4.3301019164471745e-09,-1.1017404060461945e-10,52.200000010967514,-5.751084920769471e-09
I4,10,N2,-4.373458597178873e-09,-4.147783841779681e-09,2.2567475539919188e-10,52.200000003508976,1.1780222232629703e-08
I4,10,N3,-4.758968060760512e-09,-3.6465684706965706e-09,1.112399590063941e-09,52.20000000226235,5.8067258603854363e-08
I4,10,N4,-4.219927896599328e-09,-4.330101791531723e-09,-1.1017389493239445e-10,52.200000011155,-5.7510773166999795e-09
I4,10,N5,-4.2734305689252575e-09,-4.26762366038551e-09,5.8069085397471394e-12,52.20000001074506,3.0312062583719625e-10
I4,10,N6,-4.85565368958162e-09,-3.5096786935801634e-09,1.3459749960014565e-09,52.200000001562316,7.025989479337887e-08
I4,10,N7,-4.373458548209548e-09,-4.147784079302284e-09,2.2567446890726377e-10,52.20000000494234,1.1780207278074529e-08
I4,10,N8,-4.700762537382e-09,-3.726682451392866e-09,9.740800859891338e-10,52.200000002481495,5.084698049104996e-08
I4,10,N9,-4.758968060718946e-09,-3.646568470727715e-09,1.1123995899912307e-09,52.20000000226235,5.806725860005888e-08
I4,11,N1,-4.661882965495651e-09,-3.873017532896323e-09,7.888654325993283e-10,59.99999999575663,4.733192595261225e-08
I4,11,N2,-4.469657703724029e-09,-4.0285695142689095e-09,4.4108818945511936e-10,52.19999997169244,2.30248034770711e-08
I4,11,N3,-4.772306441866279e-09,-3.504625403078254e-09,1.2676810387880249e-09,42.51007972078373,5.388922201940487e-08
I4,11,N4,-4.661883410018522e-09,-3.873017267895141e-09,7.888661421233811e-10,59.99999999615757,4.73319685243717e-08
I4,11,N5,-4.596128245597746e-09,-3.927208643931782e-09,6.689196016659642e-10,57.304878038303734,3.833235619089879e-08
I4,11,N6,-4.643805575025291e-09,-3.616337224514672e-09,1.0274683505106189e-09,37.11983580175337,3.813945646245255e-08
I4,11,N7,-4.469657280678225e-09,-4.028570026288848e-09,4.41087254389377e-10,52.199999971736574,2.302475466665884e-08
I4,11,N8,-4.847232055853388e-09,-3.437470087500317e-09,1.4097619683530708e-09,45.70617729148669,6.44348304643407e-08
I4,11,N9,-4.7723064419876884e-09,-3.5046254030049246e-09,1.2676810389827639e-09,42.51007972078373,5.388922202768324e-08
I4,12,N1,-4.614216543218754e-09,-3.9360470355010944e-09,6.781695077176594e-10,59.999999996016925,4.069017046035837e-08
I4,12,N2,-4.495665459881594e-09,-3.993432376751317e-09,5.022330831302767e-10,52.0101858833653,2.6121236010381353e-08
I4,12,N3,-3.893994979338824e-09,-4.29738942076524e-09,-4.033944414264156e-10,16.951108774597383,-6.837983055687123e-09
I4,12,N4,-4.614215171935542e-09,-3.936047468965158e-09,6.781677029703841e-10,59.99999999641644,4.069006217579279e-08
I4,12,N5,-4.573463946091858e-09,-3.9559982156776685e-09,6.174657304141897e-10,57.23929186968384,3.534330116270532e-08
I4,12,N6,-3.804327657432984e-09,-4.332388115282483e-09,-5.280604578494991e-10,11.429692517677134,-6.035568663963581e-09
I4,12,N7,-4.495666448850187e-09,-3.993431737234589e-09,5.022347116155982e-10,52.010185883365295,2.6121320708205626e-08
I4,12,N8,-3.946689221112449e-09,-4.276385985918289e-09,-3.296967648058402e-10,20.22498382566615,-6.668111735572575e-09
I4,12,N9,-3.89399497931099e-09,-4.297389420726889e-09,-4.033944414158988e-10,16.951108774597383,-6.837983055508853e-09
I4,13,N1,-4.535939691229325e-09,-4.024181267332485e-09,5.117584238968399e-10,58.91408955262157,3.014978161476689e-08
I4,13,N2,-4.523517182821519e-09,-3.960141720860402e-09,5.633754619611164e-10,52.1999999937832,2.9408199110867886e-08
I4,13,N3,-3.569502021573678e-09,-4.5031960823412154e-09,-9.336940607675374e-10,4.639820460721321,-4.332172807203196e-09
I4,13,N4,-4.535940020544449e-09,-4.024180941780953e-09,5.11759078763496e-10,58.91408955278169,3.0149820195721664e-08
I4,13,N5,-4.531624489321806e-09,-4.002155359429401e-09,5.294691298924056e-10,56.594180560294014,2.996487153823257e-08
I4,13,N6,-3.5620352772656336e-09,-4.459200904404901e-09,-8.971656271392677e-10,2.475069198550768e-06,-2.2205470097308844e-15
I4,13,N7,-4.523516879318462e-09,-3.960141955761485e-09,5.633749235569766e-10,52.199999993958926,2.940817100627079e-08
I4,13,N8,-3.5739948729561875e-09,-4.529068235176354e-09,-9.550733622201666e-10,7.390959595555667,-7.058908630960753e-09
I4,13,N9,-3.569502021532428e-09,-4.5031960823515296e-09,-9.336940608191017e-10,4.639820460721321,-4.332172807442446e-09
I4,14,N1,-4.595561273050629e-09,-3.960380718939334e-09,6.351805541112945e-10,59.999984363285456,3.811082331454066e-08
I4,14,N2,-4.538228976299228e-09,-3.941165537283646e-09,5.970634390155823e-10,52.19999999120646,3.1166711511363095e-08
I4,14,N3,-3.99173432887884e-09,-4.1064394630075615e-09,-1.1470513412872182e-10,9.92263367895981,-1.1381770270552576e-09
I4,14,N4,-4.5955610185451405e-09,-3.960380934810844e-09,6.351800837342963e-10,59.999984363467526,3.8110795092043775e-08
I4,14,N5,-4.575759824932825e-09,-3.953815298102066e-09,6.21944526830759e-10,57.30486781351887,3.564044889737818e-08
I4,14,N6,-3.950629324659588e-09,-4.090411601926364e-09,-1.397822772667764e-10,4.5324005780025605,-6.335492742784515e-10
I4,14,N7,-4.53822919762099e-09,-3.941165256684783e-09,5.970639409362065e-10,52.199999991337116,3.1166737711697685e-08
I4,14,N8,-4.016110277667082e-09,-4.115763444782696e-09,-9.965316711561378e-11,13.11872483511717,-1.3073224783376843e-09
I4,14,N9,-3.991734328811422e-09,-4.106439463065892e-09,-1.1470513425446982e-10,9.922633678959805,-1.1381770283030083e-09
I4,15,N1,-4.605759232525772e-09,-3.947176846230773e-09,6.58582386294999e-10,59.99999998820995,3.951494316993522e-08
I4,15,N2,-4.403085915611208e-09,-4.085702815425381e-09,3.173831001858271e-10,49.999399925466435,1.586896455577555e-08
I4,15,N3,-4.1393403764453554e-09,-4.004662561369607e-09,1.3467781507574873e-10,15.993437004452986,2.153961151311356e-09
I4,15,N4,-4.605760486757278e-09,-3.9471763677424704e-09,6.585841190148078e-10,59.99999998853143,3.9515047133335445e-08
I4,15,N5,-4.53641635988447e-09,-3.995461481278537e-09,5.409548786059324e-10,56.54450809837768,3.058802751419006e-08
I4,15,N6,-3.992191479104301e-09,-4.095961985739966e-09,-1.0377050663566448e-10,9.08245322143594,-9.424907722831306e-10
I4,15,N7,-4.403085202961058e-09,-4.085703742903713e-09,3.173814600573454e-10,49.999399925466435,1.5868882550335666e-08
I4,15,N8,-4.225182304374487e-09,-3.9496353319298145e-09,2.755469724446722e-10,20.09124385921686,5.536081418054818e-09
I4,15,N9,-4.13934037630326e-09,-4.004662561508049e-09,1.3467781479521126e-10,15.993437004453002,2.1539611468246e-09
I4,16,N1,-4.657220291036985e-09,-3.879211976914647e-09,7.780083141223377e-10,59.99999996142642,4.66804988173297e-08
I4,16,N2,-4.490684340706949e-09,-4.001947801392727e-09,4.887365393142218e-10,52.199999984774635,2.5512047344761185e-08
I4,16,N3,-3.497012502080167e-09,-4.688073841714576e-09,-1.191061339634409e-09,15.106334897568471,-1.7992571480063923e-08
I4,16,N4,-4.657219763711149e-09,-3.879212170862635e-09,7.780075928485136e-10,59.9999999617104,4.6680455541121216e-08
I4,16,N5,-4.600139945492956e-09,-3.921939549064613e-09,6.78200396428343e-10,57.304878020030706,3.886419099046267e-08
I4,16,N6,-3.3613690597186993e-09,-4.760452857199483e-09,-1.3990837974807835e-09,9.716091012111457,-1.3593625509893807e-08
I4,16,N7,-4.490684177450389e-09,-4.001947910628168e-09,4.887362668222205e-10,52.19999998485407,2.5512033120717542e-08
I4,16,N8,-3.576321601797268e-09,-4.644511708427054e-09,-1.0681901066297863e-09,18.302432448331373,-1.9550477268567548e-08
I4,16,N9,-3.4970125018071527e-09,-4.688073842155114e-09,-1.1910613403479614e-09,15.106334897568464,-1.799257149084308e-08
I4,17,N1,-4.213781388257393e-09,-4.337251274257137e-09,-1.2346988599974372e-10,52.20000000646446,-6.4451280499847876e-09
I4,17,N2,-4.377386621709759e-09,-4.1430019979021675e-09,2.3438462380759143e-10,52.20000000127882,1.223487736305601e-08
I4,17,N3,-5.054848140751738e-09,-3.2096418881203343e-09,1.8452062526314035e-09,52.19999999948324,9.631976638640574e-08
I4,17,N4,-4.213781459006516e-09,-4.3372518969283106e-09,-1.2347043792179482e-10,52.200000006747565,-6.445156860350815e-09
I4,17,N5,-4.270824479933018e-09,-4.270720436452099e-09,1.0404348091853586e-13,52.20000000680893,5.4310697046559965e-12
I4,17,N6,-5.152116981105536e-09,-3.0553812348066007e-09,2.0967357462989353e-09,52.199999998987096,1.0944960595468063e-07
I4,17,N7,-4.377387287450162e-09,-4.143001019917333e-09,2.3438626753282896e-10,52.200000002277505,1.2234963165747488e-08
I4,17,N8,-4.99624586318628e-09,-3.299823389378187e-09,1.696422473808093e-09,52.19999999959027,8.855325313208737e-08
I4,17,N9,-5.054848140991755e-09,-3.209641887861025e-09,1.8452062531307299e-09,52.19999999948324,9.631976641247057e-08
I4,18,N1,-4.645016039683349e-09,-3.89535756912156e-09,7.496584705617897e-10,59.999999955100215,4.497950820004788e-08
I4,18,N2,-4.702581985779516e-09,-3.818714046709515e-09,8.838679390700009e-10,59.99999994773174,5.3032076298001814e-08
I4,18,N3,-4.95199812801777e-09,-3.468826440623879e-09,1.4831716873938912e-09,59.99999995059992,8.899030117036467e-08
I4,18,N4,-4.6450149634237585e-09,-3.89535805342348e-09,7.496569100002785e-10,59.999999955449994,4.497941456661949e-08
I4,18,N5,-4.664973543357105e-09,-3.8689515005474604e-09,7.960220428096446e-10,59.99999995584932,4.776132253343376e-08
I4,18,N6,-4.9893331951299125e-09,-3.413777707913086e-09,1.5755554872168266e-09,59.999999952156884,9.453332915763011e-08
I4,18,N7,-4.702581876557531e-09,-3.818714313802803e-09,8.838675627547278e-10,59.99999995049336,5.3032053721526357e-08
I4,18,N8,-4.929695425478057e-09,-3.5013609083202937e-09,1.4283345171577632e-09,59.99999994949408,8.570007095732645e-08
I4,18,N9,-4.951998128073061e-09,-3.468826440518489e-09,1.4831716875545723e-09,59.99999995059992,8.899030118000554e-08
I4,19,N1,-4.568259726040918e-09,-3.9956999464883835e-09,5.725597795525344e-10,60.000000031927115,3.435358679143225e-08
I4,19,N2,-4.590226916749459e-09,-3.9674602749015365e-09,6.227666418479226e-10,60.00000003336972,3.73659985316569e-08
I4,19,N3,-4.6869103733508e-09,-3.8408460216160475e-09,8.460643517347529e-10,60.00000003650068,5.076386113496709e-08
I4,19,N4,-4.568261359363959e-09,-3.995699354012449e-09,5.725620053515101e-10,60.00000003559496,3.4353720341470925e-08
I4,19,N5,-4.575862129226637e-09,-3.98594937740904e-09,5.899127518175964e-10,60.000000038611205,3.5394765131833023e-08
I4,19,N6,-4.7016024251759354e-09,-3.821263241605068e-09,8.803391835708671e-10,60.00000003618279,5.2820351046105157e-08
I4,19,N7,-4.590227052952435e-09,-3.967460384784227e-09,6.227666681682075e-10,60.00000003613134,3.7366000112593845e-08
I4,19,N8,-4.678162045172152e-09,-3.852462464434488e-09,8.256995807376639e-10,60.000000036601534,4.9541974874481705e-08
I4,19,N9,-4.686910373606834e-09,-3.8408460216184e-09,8.460643519884343e-10,60.00000003650068,5.076386115018798e-08
I4,20,N1,-4.693321233879735e-09,-3.86386734621356e-09,8.294538876661749e-10,62.6908919966296,5.199920408786471e-08
I4,20,N2,-4.7013865838648506e-09,-3.853154254283477e-09,8.482323295813733e-10,62.69089199914784,5.3176441363971445e-08
I4,20,N3,-4.737098622982428e-09,-3.805402416442884e-09,9.31696206539544e-10,62.6908920024219,5.840886626323672e-08
I4,20,N4,-4.6933209225298025e-09,-3.863868040665835e-09,8.294528818639674e-10,62.690892001276076,5.1999141037081187e-08
I4,20,N5,-4.696110148645225e-09,-3.860166324238115e-09,8.359438244071099e-10,62.69089200428773,5.24060640175574e-08
I4,20,N6,-4.742555152220648e-09,-3.798058203940705e-09,9.44496948279943e-10,62.690892002155856,5.9211356180983685e-08
I4,20,N7,-4.701386657267232e-09,-3.853154359386093e-09,8.482322978811388e-10,62.690892001909475,5.317643937899798e-08
I4,20,N8,-4.7338535014251834e-09,-3.809764174877517e-09,9.240893265476661e-10,62.69089200248961,5.7931984171253095e-08
I4,20,N9,-4.737098624256708e-09,-3.805402416277176e-09,9.316962079795322e-10,62.6908920024219,5.840886635351086e-08
I4,21,N1,-4.538302419150106e-09,-4.034010096500225e-09,5.042923226498807e-10,60.00000009516361,3.025753940698312e-08
I4,21,N2,-4.541398507963987e-09,-4.0300902296199184e-09,5.113082783440685e-10,60.000000097549595,3.0678496750522024e-08
I4,21,N3,-4.5551274819788275e-09,-4.012660552238471e-09,5.424669297403565e-10,60.000000101149375,3.2548015839291585e-08
I4,21,N4,-4.538303846677242e-09,-4.034009570662615e-09,5.04294276014627e-10,60.000000099752945,3.025765661118246e-08
I4,21,N5,-4.539373907219614e-09,-4.03265505630595e-09,5.067188509136645e-10,60.00000010238284,3.040313110669919e-08
I4,21,N6,-4.557230092267269e-09,-4.009984897155723e-09,5.472451951115457e-10,60.00000010077419,3.283471176184093e-08
I4,21,N7,-4.541398552729168e-09,-4.0300903523952845e-09,5.113082003338834e-10,60.00000010031122,3.067849207132295e-08
I4,21,N8,-4.553877596036284e-09,-4.0142502912959796e-09,5.396273047403046e-10,60.0000001013077,3.2377638339086675e-08
I4,21,N9,-4.55512748110943e-09,-4.012660552608902e-09,5.424669285005278e-10,60.000000101149375,3.2548015764901856e-08
I4,22,N1,-4.555050781528768e-09,-4.012570232920422e-09,5.424805486083457e-10,60.000000003060435,3.2548832918160966e-08
I4,22,N2,-4.556205187285404e-09,-4.011102272666113e-09,5.451029146192913e-10,60.00000000196035,3.270617487822607e-08
I4,22,N3,-4.561331252350716e-09,-4.004577300158619e-09,5.567539521920971e-10,60.00000000589408,3.340523713480738e-08
I4,22,N4,-4.555050650677741e-09,-4.012570658346704e-09,5.424799923310373e-10,60.00000000516116,3.254879954266206e-08
I4,22,N5,-4.555449845823797e-09,-4.012063234341809e-09,5.433866114819885e-10,60.000000006629705,3.26031966925218e-08
I4,22,N6,-4.562116989591424e-09,-4.003575976496647e-09,5.585410130947773e-10,60.000000005834764,3.3512460788945595e-08
I4,22,N7,-4.556205268275562e-09,-4.011102369323757e-09,5.451028989518048e-10,60.000000004721976,3.270617393968225e-08
I4,22,N8,-4.56086431803298e-09,-4.005172263504845e-09,5.556920545281352e-10,60.00000000584271,3.3341523274934856e-08
I4,22,N9,-4.561331251976119e-09,-4.004577300121457e-09,5.56753951854662e-10,60.00000000589408,3.340523711456127e-08
I4,23,N1,-4.561332554585766e-09,-4.004509486116734e-09,5.568230684690318e-10,59.99999999977854,3.340938410801859e-08
I4,23,N2,-4.561769269423277e-09,-4.003953145391165e-09,5.578161240321115e-10,59.999999997173845,3.3468967440350214e-08
I4,23,N3,-4.563709132996737e-09,-4.0014835881972055e-09,5.622255447995315e-10,60.00000000129307,3.3733532688698884e-08
I4,23,N4,-4.561332215905394e-09,-4.0045097960292686e-09,5.568224198761253e-10,60.000000000987434,3.3409345193117344e-08
I4,23,N5,-4.561483309141749e-09,-4.004317514479573e-09,5.571657946621758e-10,60.000000001824645,3.342994768074717e-08
I4,23,N6,-4.564007249418375e-09,-4.001103886661397e-09,5.629033627569775e-10,60.00000000140553,3.3774201766209834e-08
I4,23,N7,-4.561769372256003e-09,-4.0039532392530815e-09,5.578161330029216e-10,59.99999999993547,3.34689679801393e-08
I4,23,N8,-4.563531951798376e-09,-4.001709220938932e-09,5.618227308594435e-10,60.00000000111803,3.370936385219475e-08
I4,23,N9,-4.563709132957482e-09,-4.001483587998002e-09,5.622255449594801e-10,60.00000000129307,3.37335326982958e-08
I4,24,N1,-4.56361309532826e-09,-4.001584552667713e-09,5.620285426605475e-10,59.99999999772575,3.372171255835466e-08
I4,24,N2,-4.563795976120584e-09,-4.001351389922964e-09,5.624445861976202e-10,59.99999999444963,3.374667516873544e-08
I4,24,N3,-4.564600859548393e-09,-4.000327608652155e-09,5.642732508962382e-10,59.99999999865948,3.385639505301787e-08
I4,24,N4,-4.563613005645251e-09,-4.001584601743136e-09,5.620284039021148e-10,59.999999998586794,3.372170423333263e-08
I4,24,N5,-4.563676307445571e-09,-4.0015040729336585e-09,5.621722345119122e-10,59.99999999912348,3.373033407022198e-08
I4,24,N6,-4.564725849819641e-09,-4.000168566367971e-09,5.645572834516694e-10,59.99999999885569,3.387343700645414e-08
I4,24,N7,-4.563796104208282e-09,-4.001351478991214e-09,5.624446252170681e-10,59.999999997211255,3.374667751145557e-08
I4,24,N8,-4.564526570945376e-09,-4.000422109982584e-09,5.641044609627913e-10,59.9999999984207,3.3846267656876585e-08
I4,24,N9,-4.564600859535314e-09,-4.000327608485402e-09,5.642732510499118e-10,59.99999999865948,3.3856395062238286e-08
