unit,hour,node,soc_start_mwh,soc_end_mwh,p_charge_mw,p_discharge_mw,net_injection_mw,lambda_eur_per_mwh,spot_revenue_eur,degradation_cost_eur,rho_charge_dual,sigma_discharge_dual,gamma_soc_transition_dual
I1,1,N1,5.253693137537825e-06,5.179668023224468e-06,1.6404453326160817e-07,2.130062664096637e-07,4.896173314805553e-08,67.15000052570525,3.2877804066313694e-06,2.8278809975345393e-06,-0.8010763556218794,-0.8115847520916377,-65.70236756554716
I1,2,N1,5.179668023224468e-06,5.105621175274494e-06,1.6403713002401595e-07,2.1302012314669648e-07,4.898299312268053e-08,67.15000047316495,3.2892080113650332e-06,2.827929398780343e-06,-0.801076486238851,-0.8115865176567925,-65.70133035493579
I1,3,N1,5.105621175274494e-06,5.03109601780879e-06,1.6387446616353527e-07,2.1332531169590763e-07,4.945084553237236e-08,67.15000038221397,3.320624296399608e-06,2.828998333945822e-06,-0.8010194329381868,-0.8116914459081083,-65.68022939428533
I1,4,N1,5.03109601780879e-06,4.955630681991568e-06,1.6355621057958574e-07,2.1392649618885257e-07,5.0370285609266824e-08,67.15000026136835,3.3823646918274656e-06,2.831120300763287e-06,-0.8009066114894239,-0.8118999159413083,-65.63883273123776
I1,5,N1,4.955630681991568e-06,4.878752743120259e-06,1.630817087741446e-07,2.1483298351373778e-07,5.175127473959318e-08,67.15000041126702,3.4750981200472745e-06,2.834360192159118e-06,-0.8007365011565791,-0.8122177536945315,-65.5766785362788
I1,6,N1,4.878752743120259e-06,4.799973583411724e-06,1.6244998666175754e-07,2.160590770016081e-07,5.360909033985055e-08,67.1500005343399,3.5998504449664403e-06,2.838817977475242e-06,-0.8005046149513235,-0.8126565522262453,-65.49306149418565
I1,7,N1,4.799973583411724e-06,4.718782078153479e-06,1.6165972612855463e-07,2.1762468834403945e-07,5.596496221548482e-08,67.15000060717203,3.7580472467501653e-06,2.844633108544456e-06,-0.8002001738784156,-0.8132381058830106,-65.38700560012883
I1,8,N1,4.718782078153479e-06,4.6346373490531e-06,1.6070924818353352e-07,2.195561959345567e-07,5.884694775102318e-08,67.15000062567144,3.951572578300061e-06,2.851990830885677e-06,-0.7997967899839438,-0.8140062744914358,-65.25721208768753
I1,9,N1,4.6346373490531e-06,4.546960195650671e-06,1.5959648344807596e-07,2.2188765634759882e-07,6.229117289952286e-08,67.15000056793906,4.18285229558055e-06,2.861131048467561e-06,-0.7992291822412799,-0.8150556313436212,-65.10195098442833
I1,10,N1,4.546960195650671e-06,4.710181493321389e-06,3.216707868148138e-07,1.290393550255187e-07,-1.926314317892951e-07,60.00000066828814,-1.1557886036091007e-05,3.380326063802494e-06,-0.8397902614694842,-0.7926214156797817,-64.91881412416993
I1,11,N1,4.710181493321389e-06,4.869272157764473e-06,3.1809496920737096e-07,1.2977286822397402e-07,-1.8832210098339694e-07,60.00000058063755,-1.12993261683507e-05,3.359008780735087e-06,-0.8382353487032852,-0.7930614006776998,-64.78486200161699
I1,12,N1,4.869272157764473e-06,5.025668675245143e-06,3.1577453067242086e-07,1.3026166286207797e-07,-1.855128678103429e-07,60.00000056217687,-1.1130772172911617e-05,3.345271451508741e-06,-0.8372911260953381,-0.7933013266731451,-64.69689393289758
I1,13,N1,5.025668675245143e-06,5.180726996487013e-06,3.14625500264569e-07,1.3050755359739774e-07,-1.8411794666717124e-07,60.00000054041243,-1.1047076899529902e-05,3.33849790396475e-06,-0.8368391278192502,-0.7934100104334907,-64.65304406151873
I1,14,N1,5.180726996487013e-06,5.33576441393764e-06,3.146075702687155e-07,1.3051141114835356e-07,-1.8409615912036193e-07,60.00000050723665,-1.1045769640602035e-05,3.338392360628018e-06,-0.8368332132381697,-0.7934111707549283,-64.65243566314207
I1,15,N1,5.33576441393764e-06,5.492097622518922e-06,3.1572011775794665e-07,1.302732490551857e-07,-1.8544686870276095e-07,60.00000050874116,-1.1126812216510111e-05,3.344950251098493e-06,-0.8372730964805101,-0.7933048103528454,-64.69505725310447
I1,16,N1,5.492097622518922e-06,5.6510807210628005e-06,3.180021429745978e-07,1.2979222521440283e-07,-1.8820991776019498e-07,60.00000055042897,-1.129259516920789e-05,3.3584577614175048e-06,-0.8382042951733472,-0.7930672249953756,-64.78176172786534
I1,17,N1,5.6510807210628005e-06,5.814146912239482e-06,3.215361232259233e-07,1.2906655647236437e-07,-1.9246956675355893e-07,60.00000061485019,-1.1548174123553485e-05,3.3795200977371575e-06,-0.8397444969306863,-0.792629618636945,-64.91438823198378
I1,18,N1,5.814146912239482e-06,5.726320553001473e-06,1.595500526066631e-07,2.219866351352643e-07,6.243658252860119e-08,67.1500005091434,4.192616548584744e-06,2.8615251580644554e-06,-0.7992145729998522,-0.8150879345574609,-65.09610455582815
I1,19,N1,5.726320553001473e-06,5.641992573217139e-06,1.6065087995847044e-07,2.196765824062331e-07,5.902570244776265e-08,67.14999947607852,3.9635758884424284e-06,2.8524559677352765e-06,-0.7997780787510411,-0.8140455570879537,-65.24990340164399
I1,20,N1,5.641992573217139e-06,5.560583194742057e-06,1.6158897055987033e-07,2.1776662900429686e-07,5.617765844442653e-08,67.14999955150525,3.7723297393478564e-06,2.845166996731254e-06,-0.8001772217248919,-0.8132844353451113,-65.37817416954198
I1,21,N1,5.560583194742057e-06,5.481550568284938e-06,1.6236636181019157e-07,2.1622305848032463e-07,5.385669667013307e-08,67.15000061697728,3.616477214627794e-06,2.8394206521788716e-06,-0.8004772494682876,-0.8127101514771038,-65.4826294166877
I1,22,N1,5.481550568284938e-06,5.404382264164696e-06,1.6298471700933468e-07,2.1501979128955709e-07,5.203507428022241e-08,67.15000060566376,3.4941552694326934e-06,2.835033812241688e-06,-0.8007043452711136,-0.812279170149049,-65.56455060949308
I1,23,N1,5.404382264164696e-06,5.328587957959288e-06,1.6344531412367204e-07,2.1413725653075422e-07,5.069194240708217e-08,67.15000057043687,3.403963961552121e-06,2.8318692799081968e-06,-0.8008689052953427,-0.8119702777143336,-65.62489561271865
I1,24,N1,5.328587957959288e-06,5.253693137537825e-06,1.6374909910728247e-07,2.135614826459829e-07,4.981238353870042e-08,67.15000054378672,3.3449015817110457e-06,2.82982936314949e-06,-0.8009732155746846,-0.8117745603227364,-65.66434917820018
I1,1,N2,2.7330779052770818e-06,2.8516533664514514e-06,2.6577482773952235e-07,1.2185763182407467e-07,-1.439171959154477e-07,67.15000064923525,-9.66403979915843e-06,2.9072434467269776e-06,-1.9528726569125425,-1.7864178414471836,-72.14026907694526
I1,2,N2,2.8516533664514514e-06,2.9703626218248506e-06,2.658844402830419e-07,1.2182843156470982e-07,-1.4405600871833207e-07,67.15000060646268,-9.673361072800592e-06,2.907846538858138e-06,-1.9531230784679368,-1.7866093739450593,-72.14464092407374
I1,3,N2,2.9703626218248506e-06,3.091689131310661e-06,2.680348411461657e-07,1.212626393100729e-07,-1.4677220183609278e-07,67.15000052977658,-9.855753431050104e-06,2.9197311034217894e-06,-1.9568914350093198,-1.7859893100456041,-72.2367773883825
I1,4,N2,3.091689131310661e-06,3.2182748200750356e-06,2.7239078649916913e-07,1.2015627380532117e-07,-1.5223451269384795e-07,67.15000042140798,-1.0222547591544728e-05,2.9441029522836773e-06,-1.9645378650323402,-1.784615476631773,-72.42013788767561
I1,5,N2,3.2182748200750356e-06,3.353105121370692e-06,2.793094236363964e-07,1.1850070679741766e-07,-1.6080871683897875e-07,67.15000055936156,-1.0798305425687638e-05,2.9835759782536055e-06,-1.9768908542628072,-1.7824846626713362,-72.70224121294086
I1,6,N2,3.353105121370692e-06,3.4997769916607636e-06,2.894266438756005e-07,1.162806544013313e-07,-1.7314598947426917e-07,67.1500006595051,-1.1626753307387838e-05,3.0428047370769886e-06,-1.9955199452184313,-1.7795417172617722,-73.09585682431316
I1,7,N2,3.4997769916607636e-06,3.6629416504154966e-06,3.038392608045947e-07,1.1347024043943244e-07,-1.9036902036516228e-07,67.15000072425163,-1.278327985539572e-05,3.1298212593302033e-06,-2.023366745496473,-1.775653694000522,-73.62160707014034
I1,8,N2,3.6629416504154966e-06,3.849127550641216e-06,3.2450237398413275e-07,1.1002522922672928e-07,-2.1447714475740348e-07,67.15000075904784,-1.4402140433258057e-05,3.258957024081465e-06,-2.0660543452982316,-1.7705780941577993,-74.31368716994835
I1,9,N2,3.849127550641216e-06,4.06847912986586e-06,3.551891148976911e-07,1.0586668465113991e-07,-2.4932243024655116e-07,67.15000069157448,-1.674200136348094e-05,3.4579184966162327e-06,-2.1358803900521974,-1.7638089060622872,-75.23333333166394
I1,10,N2,4.06847912986586e-06,5.3145051837582245e-06,1.4153196348847936e-06,7.3675484400775e-08,-1.3416441504840186e-06,60.00000074470341,-8.049865002816808e-05,1.1167463394641764e-05,-6.274105622708618,-1.7259639313667088,-76.50751679125375
I1,11,N2,5.3145051837582245e-06,4.452992417101306e-06,8.167259788061042e-08,8.779289859036865e-07,7.962563880230761e-07,100.68352716850221,8.016990167661483e-05,7.197011878382228e-06,-1.7330043045456442,-3.8117304641818572,-86.28181700084504
I1,12,N2,4.452992417101306e-06,3.635064164189759e-06,8.177162768497491e-08,8.372206406535038e-07,7.554490129685289e-07,100.68357218987609,7.606130523298752e-05,6.892442012538591e-06,-1.7415130965348717,-2.91601075020245,-87.82982349096305
I1,13,N2,3.635064164189759e-06,2.922110952477465e-06,8.34518543659881e-08,7.404360419653319e-07,6.569841875993438e-07,100.68357290530939,6.6147515349794e-05,6.1791592224849e-06,-1.7446325955750568,-2.6914371504572503,-88.39344787207605
I1,14,N2,2.922110952477465e-06,2.0418357616980052e-06,8.049784059988001e-08,8.94461414727767e-07,8.13963574127887e-07,100.68357282735695,8.195276079452088e-05,7.3121944149573525e-06,-1.7446330333806568,-2.6913922260087855,-88.39357272344557
I1,15,N2,2.0418357616980052e-06,1.231597523225911e-06,8.18870951383423e-08,8.301239477122011e-07,7.482368525738588e-07,100.68357264899181,7.533515950477309e-05,6.840082821379075e-06,-1.7415144434722742,-2.915811240655916,-87.83026376983008
I1,16,N2,1.231597523225911e-06,3.7581933386127184e-07,8.175598179402784e-08,8.72634473871123e-07,7.908784920770952e-07,100.68352805780425,7.962843684735814e-05,7.157928417488631e-06,-1.7330073635991443,-3.8108778896072435,-86.2830127177465
I1,17,N2,3.7581933386127184e-07,1.6241008711939548e-06,1.4176445607216145e-06,7.360121012657243e-08,-1.344043350595042e-06,60.00000068203892,-8.06426019523924e-05,1.1184343281361402e-05,-6.293008242062028,-1.7258999048035535,-76.5295708224957
I1,18,N2,1.6241008711939548e-06,1.8448322961155865e-06,3.5648585070343213e-07,1.0571121413122679e-07,-2.507746365722054e-07,67.15000069648038,-1.6839517020483205e-05,3.466477986259942e-06,-2.1382761680861324,-1.7636653679883205,-75.25803637753388
I1,19,N2,1.8448322961155865e-06,2.032365058291635e-06,3.2572885842463724e-07,1.0983908455360948e-07,-2.1588977387102776e-07,67.15000160914414,-1.449699866283728e-05,3.2667595723368503e-06,-2.0681020297910697,-1.77039523984655,-74.34241524879603
I1,20,N2,2.032365058291635e-06,2.19691167372551e-06,3.050625993639704e-07,1.1324849100626989e-07,-1.918141083577005e-07,67.1500016676822,-1.2880317696104564e-05,3.137333177776802e-06,-2.0253329347036604,-1.7754180970531377,-73.65539429106619
I1,21,N2,2.19691167372551e-06,2.3450477884176577e-06,2.906916072129857e-07,1.1601835096101768e-07,-1.7467325625196802e-07,67.15000096224904,-1.1729309325398826e-05,3.0503246863050257e-06,-1.9975199556274927,-1.779235464556351,-73.13574933813429
I1,22,N2,2.3450477884176577e-06,2.4814646304005014e-06,2.8065292920943567e-07,1.1819274457272823e-07,-1.6246018463670743e-07,67.15000077303146,-1.0909201523941738e-05,2.9913425533662292e-06,-1.9790014266130063,-1.7820795852506799,-72.74942342380858
I1,23,N2,2.4814646304005014e-06,2.609798530550525e-06,2.7384881811733496e-07,1.197973236169023e-07,-1.5405149450043265e-07,67.15000070905947,-1.0344557964935724e-05,2.9523460630067797e-06,-1.966837575151718,-1.7840558489971627,-72.47602066306962
I1,24,N2,2.609798530550525e-06,2.7330779052770818e-06,2.696469392757503e-07,1.2084711016767123e-07,-1.4879982910807907e-07,67.15000067564944,-9.99190862514403e-06,2.9287053708256617e-06,-1.9594791212564198,-1.7851578643677417,-72.3031392248346
I1,1,N3,0.01055514884675516,0.009715763871518523,9.873918032575018e-08,0.0007857508418224191,0.0007856521026420934,67.15000062131764,0.05275653918055608,0.005893871857520586,-0.00034120368209747675,-0.00037105814601374614,-55.83596456140705
I1,2,N3,0.009715763871518523,0.008875800114687388,9.873917121185058e-08,0.0007862925813868844,0.0007861938422156726,67.15000058510473,0.052792916964788154,0.0058979349041857225,-0.0003412123610915662,-0.000371078409557408,-55.835961833951814
I1,3,N3,0.008875800114687388,0.008022562272867888,9.873896485481248e-08,0.0007987171247552043,0.0007986183857903495,67.15000051270049,0.053627225015274005,0.005991118977900444,-0.00034121269761282317,-0.00037160003280985735,-55.83590045134521
I1,4,N3,0.008022562272867888,0.007141236884153363,9.873854849197936e-08,0.0008250070682841753,0.0008249083297356833,67.15000040645018,0.055392594677035265,0.006188293551245005,-0.000341208022357135,-0.00037271275288333237,-55.83577662067012
I1,5,N3,0.007141236884153363,0.00621171723080938,9.873789196247983e-08,0.0008701168994021653,0.0008700181615102027,67.1500005407797,0.05842172001589827,0.006526617279705958,-0.0003411992291296339,-0.0003746386509523671,-55.83558175934922
I1,6,N3,0.00621171723080938,0.005202408439995957,9.873694155864986e-08,0.0009447995312409146,0.0009447007942993559,67.15000062823731,0.06343665893069804,0.007086737011368549,-0.0003411856702479737,-0.0003778725868908521,-55.83529940977538
I1,7,N3,0.005202408439995957,0.004052949658453139,9.873558793307276e-08,0.0010759799213777236,0.0010758811857897906,67.15000066107281,0.07224542233702023,0.008070589927242425,-0.0003411663633233373,-0.0003836890448578379,-55.83489699600614
I1,8,N3,0.004052949658453139,0.0026068566877914695,9.873357520817514e-08,0.0013536295206296287,0.0013535307870544205,67.15000066634428,0.09088959325262183,0.010152961906536277,-0.00034113996509959937,-0.0003966001856904645,-55.83429846018809
I1,9,N3,0.0026068566877914695,7.17795521004953e-07,9.872998949946596e-08,0.0024394325001140357,0.0024393337701245363,67.15000060813418,0.16380126414730486,0.018296484225776514,-0.00034110534648658033,-0.0004564943586404932,-55.83323227905353
I1,10,N3,7.17795521004953e-07,1.1606717975490434e-07,1.2251700653709687e-07,6.7055438676917e-07,5.480373802320731e-07,60.00000067696999,3.288224318492925e-05,5.948035449797001e-06,-0.0003411322654462999,-0.00034090210499709275,-52.412839522037366
I1,11,N3,1.1606717975490434e-07,3.3067887486465577e-06,3.546015683891902e-06,1.2013476811237217e-07,-3.4258809157795295e-06,16.67039093806476,-5.7110774173300065e-05,2.7496128390032054e-05,-0.0006364174873288643,-0.0003405480693510014,-25.822982975529108
I1,12,N3,3.3067887486465577e-06,0.0038890313133764965,0.004151547695788022,1.1617503743564697e-07,-0.0041514315207505864,16.67034288386246,-0.06920578690978685,0.03113747903119093,-0.0005002682159126569,-0.00034140282178714927,-25.822412946622844
I1,13,N3,0.0038890313133764965,0.006548298684007366,0.0028412302269164007,1.1617797005716188e-07,-0.0028411140489463436,16.670342015899205,-0.04736234290211174,0.021310098036648434,-0.00047379939651843664,-0.00034105979275881525,-25.822221477503913
I1,14,N3,0.006548298684007366,0.015671776976179313,0.00974743169414076,1.1023603699996834e-07,-0.00974732145810376,16.670341935716127,-0.16249118166393278,0.0731065644763332,-0.0004738091176523821,-0.0003410491198213243,-25.822221585106043
I1,15,N3,0.015671776976179313,0.01950918429907296,0.004099926754341014,1.1617554269392256e-07,-0.004099810578798321,16.670342240070003,-0.06834524546802749,0.03075032197412781,-0.0005016786129468727,-0.00034101063810000425,-25.822413674013394
I1,16,N3,0.01950918429907296,0.01951237478292348,3.5457621548242513e-06,1.2013515670732068e-07,-3.4256269981169305e-06,16.67038990189309,-5.710653771706081e-05,2.7494229836486792e-05,-0.0006414872679066899,-0.0003410345746824345,-25.822973774661758
I1,17,N3,0.01951237478292348,0.01951177305360433,1.2251697705134063e-07,6.705552762503757e-07,5.480382991990351e-07,60.00000060904503,3.2882298285722106e-05,5.948041899762873e-06,-0.0003410136398425378,-0.0003410193593477183,-52.412849843012395
I1,18,N3,0.01951177305360433,0.016886722389350066,9.872995553824507e-08,0.0024571339186611196,0.0024570351887055813,67.15000060108844,0.1649899143984752,0.018429244864624935,-0.0003410846597743778,-0.00045764234223747015,-55.83322251042292
I1,19,N3,0.016886722389350066,0.015428497959531232,9.873350989351405e-08,0.001364984566343513,0.0013648858328336195,67.15000068608109,0.0916520846111999,0.010238124748900549,-0.0003411314396114777,-0.00039714531176947716,-55.83427964470802
I1,20,N3,0.015428497959531232,0.014268648658498626,9.873550033304883e-08,0.0010857054475434205,0.0010856067120430875,67.15000072761548,0.07289849150359758,0.008143531372828151,-0.00034116182169561355,-0.00038412470960356727,-55.834871640216015
I1,21,N3,0.014268648658498626,0.013249541419844402,9.873683488697641e-08,0.0009539708783264492,0.0009538721414915622,67.15000072484393,0.06405251499256684,0.007155522113710021,-0.00034118334560561607,-0.00037827285788652926,-55.83526838010632
I1,22,N3,0.013249541419844402,0.012310293167908852,9.873776740332577e-08,0.0008792228675747484,0.0008791241298073451,67.15000067675288,0.05903318591151301,0.0065949120400661376,-0.00034119665061855316,-0.00037503077106331546,-55.835545417317284
I1,23,N3,0.012310293167908852,0.011418944047799938,9.873840595801056e-08,0.000834389280744448,0.00083429054233849,67.1500006557494,0.05602261046511512,0.006258660143628045,-0.00034120215352935327,-0.00037311661147125454,-55.83573500280962
I1,24,N3,0.011418944047799938,0.01055514884675516,9.873880505733096e-08,0.0008085988128500673,0.00080850007404501,67.15000063916996,0.05429078048889138,0.0060652316374134345,-0.0003411981308759374,-0.0003720275186485335,-55.83585333881886
I1,1,N4,5.253774165235958e-06,5.17974857110401e-06,1.6404457387755787e-07,2.1300675110333523e-07,4.8962177225777365e-08,67.15000061501608,3.2878102308234767e-06,2.8278849373566982e-06,-0.8010580845114378,-0.8115661525987976,-65.70235214840919
I1,2,N4,5.17974857110401e-06,5.105701243507198e-06,1.6403717070597574e-07,2.1302060773744003e-07,4.898343703146429e-08,67.1500005741824,3.2892378247882546e-06,2.827933338325618e-06,-0.8010582158694451,-0.8115679171489161,-65.70131496560288
I1,3,N4,5.105701243507198e-06,5.031175616200263e-06,1.6387451059350786e-07,2.1332579039222082e-07,4.9451279798712964e-08,67.15000049826861,3.320653463123596e-06,2.829002257392965e-06,-0.8010011677793759,-0.8116728374638567,-65.6802145091698
I1,4,N4,5.031175616200263e-06,4.955709830406913e-06,1.63556262528771e-07,2.139269628789817e-07,5.0370700350210714e-08,67.15000039007532,3.3823925481650165e-06,2.831124190558145e-06,-0.800888356048399,-0.8118812921451175,-65.63881883960708
I1,5,N4,4.955709830406913e-06,4.878831472731008e-06,1.6308177233103778e-07,2.1483343119677976e-07,5.1751658865741975e-08,67.15000052732165,3.475123920124344e-06,2.834364026458632e-06,-0.8007182590480256,-0.8121991070937222,-65.57666615305621
I1,6,N4,4.878831472731008e-06,4.800051937079294e-06,1.6245006582743745e-07,2.1605949824115875e-07,5.36094324137213e-08,67.15000062365073,3.5998734200149465e-06,2.8388217305144714e-06,-0.8004863901647845,-0.8126378748296682,-65.49305117602701
I1,7,N4,4.800051937079294e-06,4.718860110982841e-06,1.6165982478676642e-07,2.1762507508266629e-07,5.596525029589986e-08,67.15000067112592,3.758066594929406e-06,2.844636749020745e-06,-0.8001819704309048,-0.8132193885737365,-65.38699795989191
I1,8,N4,4.718860110982841e-06,4.634715129527254e-06,1.6070937020043e-07,2.195565390375456e-07,5.884716883711559e-08,67.15000067501266,3.951587427134897e-06,2.8519943192848167e-06,-0.7997786105751044,-0.8139875086143021,-65.25720781356787
I1,9,N4,4.634715129527254e-06,4.547037807752162e-06,1.5959663287693012e-07,2.2188794485843363e-07,6.22913119815035e-08,67.15000060776015,4.182861637416137e-06,2.8611343330152283e-06,-0.799211025364901,-0.8150368111120925,-65.10195085707052
I1,10,N4,4.547037807752162e-06,4.7102597292658925e-06,3.216715362268723e-07,1.290394276653655e-07,-1.9263210856150677e-07,60.00000069110391,-1.1557926646819208e-05,3.380332229191783e-06,-0.839770280916321,-0.7926036420962234,-64.91881903010311
I1,11,N4,4.7102597292658925e-06,4.8693511092628774e-06,3.180957952444973e-07,1.2977292215334543e-07,-1.8832287309115186e-07,60.00000058786509,-1.1299372496177554e-05,3.3590153804838204e-06,-0.8382154590192835,-0.7930436162943758,-64.78487050134281
I1,12,N4,4.8693511092628774e-06,5.0257484001738275e-06,3.15775404427572e-07,1.3026170442472844e-07,-1.8551370000284357e-07,60.00000056717294,-1.1130822105388965e-05,3.345278316392253e-06,-0.8372712962337862,-0.7932835316747952,-64.6969047476613
I1,13,N4,5.0257484001738275e-06,5.180807523071727e-06,3.1462639710242964e-07,1.3050758896341743e-07,-1.8411880813901222e-07,60.000000544386005,-1.1047128588572435e-05,3.338504895493853e-06,-0.8368193277585828,-0.7933922094984543,-64.65305601343076
I1,14,N4,5.180807523071727e-06,5.33584574251174e-06,3.1460846737445154e-07,1.30511446437035e-07,-1.8409702093741655e-07,60.000000510650864,-1.1045821350254296e-05,3.338399353586149e-06,-0.836813413544672,-0.7933933697372941,-64.65244762446635
I1,15,N4,5.33584574251174e-06,5.492179725533387e-06,3.157209923292454e-07,1.3027329038742057e-07,-1.854477019418248e-07,60.000000512553505,-1.1126862211561359e-05,3.3449571203749947e-06,-0.8372532676019944,-0.7932870152988821,-64.69506809675084
I1,16,N4,5.492179725533387e-06,5.651163541387804e-06,3.18002970449143e-07,1.2979227875887932e-07,-1.882106916902637e-07,60.00000055593079,-1.129264160604794e-05,3.3584643690601676e-06,-0.8381844070304477,-0.7930494402601025,-64.78177027795792
I1,17,N4,5.651163541387804e-06,5.814230359136469e-06,3.2153687491762753e-07,1.2906662855508348e-07,-1.9247024636254405e-07,60.00000063347754,-1.154821490367822e-05,3.3795262760453324e-06,-0.8397245196481863,-0.7926118443415355,-64.91439321096468
I1,18,N4,5.814230359136469e-06,5.726403833677594e-06,1.5955020271280177e-07,2.2198692222538088e-07,6.243671951257911e-08,67.15000056640277,4.192625750634018e-06,2.86152843703637e-06,-0.7991964180449326,-0.8150691113375074,-65.09610453176823
I1,19,N4,5.726403833677594e-06,5.642075604447777e-06,1.6065100295274415e-07,2.196769236419957e-07,5.902592068925156e-08,67.14999954003243,3.9635905471332325e-06,2.8524594494605487e-06,-0.7997599008352656,-0.8140267885733762,-65.24989926375471
I1,20,N4,5.642075604447777e-06,5.560665908945202e-06,1.6158907055946303e-07,2.177670133512741e-07,5.6177942791811074e-08,67.14999962376626,3.7723488373340765e-06,2.8451706293305287e-06,-0.8001590203623969,-0.8132657145386394,-65.3781666986072
I1,21,N4,5.560665908945202e-06,5.481632911775757e-06,1.6236644287798536e-07,2.1622347649023178e-07,5.385703361224642e-08,67.15000069419142,3.6164998444494377e-06,2.839424395261628e-06,-0.8004590267033693,-0.8126914702175094,-65.48261930484941
I1,22,N4,5.481632911775757e-06,5.404464195586284e-06,1.629847830681411e-07,2.1502023486021233e-07,5.2035451792071227e-08,67.15000068851089,3.494180623664558e-06,2.8350376344626506e-06,-0.8006861046013569,-0.8122605201614027,-65.56453847602859
I1,23,N4,5.404464195586284e-06,5.328669447228742e-06,1.6344536902284896e-07,2.141377184821019e-07,5.0692349459252936e-08,67.1500006597477,3.403991299632996e-06,2.8318731562871314e-06,-0.8008506516448625,-0.8119516501627139,-65.62488202011053
I1,24,N4,5.328669447228742e-06,5.253774165235958e-06,1.637491466892701e-07,2.1356195636312947e-07,4.9812809673859383e-08,67.15000063670074,3.34493020131551e-06,2.8298332728929968e-06,-0.8009549531684023,-0.8117559465368198,-65.66433464703604
I1,1,N5,5.0669758781408335e-06,5.073516671105008e-06,1.9928548612648528e-07,1.684710350390014e-07,-3.081445108748389e-08,67.15000065091559,-2.0691904105821494e-06,2.75817390874115e-06,-0.832844580436492,-0.8217027363486249,-68.46496024445166
I1,2,N5,5.073516671105008e-06,5.080058043806906e-06,1.9928580409184244e-07,1.684707709726708e-07,-3.081503311917165e-08,67.15000060729048,-2.0692294926660524e-06,2.758174312983849e-06,-0.8328261220505088,-0.8217229474332622,-68.46521694055303
I1,3,N5,5.080058043806906e-06,5.086637734106712e-06,1.9930681873392967e-07,1.6845331654490213e-07,-3.085350218902754e-08,67.15000052998212,-2.071812688345004e-06,2.758201014591239e-06,-0.8328443871432892,-0.8217135719050641,-68.47132283193245
I1,4,N5,5.086637734106712e-06,5.0932937021667285e-06,1.9934866397356407e-07,1.6841858100840848e-07,-3.093008296515559e-08,67.1500004212696,-2.0769550841401013e-06,2.7582543373647944e-06,-0.8328934114736689,-0.8216811873275525,-68.48331933758791
I1,5,N5,5.0932937021667285e-06,5.100064341911944e-06,1.994116015571034e-07,1.6836638767624965e-07,-3.104521388085376e-08,67.15000055991455,-2.0846861294819966e-06,2.758334919250148e-06,-0.8329699761036043,-0.8216296585526074,-68.50131163375626
I1,6,N5,5.100064341911944e-06,5.106988722552546e-06,1.994960392147449e-07,1.6829646169227885e-07,-3.119957752246606e-08,67.15000066188277,-2.0950516512840586e-06,2.758443756802678e-06,-0.8330712546475655,-0.8215626409538238,-68.52546284766765
I1,7,N5,5.106988722552546e-06,5.1141068066589385e-06,1.996025178942076e-07,1.6820844079346058e-07,-3.1394077100747036e-08,67.15000073078801,-2.1081123002575784e-06,2.7585821901575114e-06,-0.8331913778339913,-0.8214872345475495,-68.55598860881493
I1,8,N5,5.1141068066589385e-06,5.121459682946592e-06,1.9973172161469186e-07,1.6810187017450126e-07,-3.1629851440190597e-08,67.15000077518206,-2.1239445487276923e-06,2.7587519384189485e-06,-0.8333146296362951,-0.8214211000724151,-68.59314555968078
I1,9,N5,5.121459682946592e-06,5.12908980948344e-06,1.9988448520775522e-07,1.6797619951408357e-07,-3.190828569367165e-08,67.15000070894517,-2.142641406951276e-06,2.758955135413791e-06,-0.8334004294508587,-0.8214076773571917,-68.63720100270307
I1,10,N5,5.12908980948344e-06,5.511909206897755e-06,5.309845374672459e-07,1.068744733571047e-07,-4.2411006411014125e-07,60.000000751993,-2.5446604165536275e-05,4.78394258118263e-06,-0.9485049426550224,-0.8070323048702971,-68.68835623693423
I1,11,N5,5.511909206897755e-06,5.37760466004182e-06,1.4259289718465541e-07,2.506341227090432e-07,1.080412255243878e-07,74.0573167042237,8.001243255772044e-06,2.9492026492027397e-06,-0.8123260057483144,-0.8602896173979299,-68.88200983298148
I1,12,N5,5.37760466004182e-06,5.228032348457281e-06,1.3894808510202647e-07,2.6173154520867413e-07,1.2278346010664766e-07,74.05733224478993,9.093015499282917e-06,3.005097227330255e-06,-0.8128641127975565,-0.8584467924717424,-69.00754179269171
I1,13,N5,5.228032348457281e-06,5.079693475051013e-06,1.391968131434974e-07,2.6079495671603155e-07,1.2159814357253415e-07,74.05733247537418,9.005234146939445e-06,2.999938273946467e-06,-0.8130794433190419,-0.8576215950466366,-69.06942807437167
I1,14,N5,5.079693475051013e-06,4.918558036273708e-06,1.3643420043678585e-07,2.703522279614243e-07,1.3391802752463843e-07,74.05733242561227,9.917611882174443e-06,3.0508982129865763e-06,-0.813079721767373,-0.8576197551252206,-69.06959652530335
I1,15,N5,4.918558036273708e-06,4.7690336104354225e-06,1.389576959108965e-07,2.616951441413875e-07,1.22737448230491e-07,74.05733236522727,9.089607997265348e-06,3.00489630039213e-06,-0.8128649465360279,-0.8584411423914521,-69.00805167935349
I1,16,N5,4.7690336104354225e-06,4.6347731137109345e-06,1.4260272618971487e-07,2.5060150293802554e-07,1.0799877674831067e-07,74.05731698765533,7.998099643928663e-06,2.949031718458053e-06,-0.8123274128385104,-0.860279683872864,-68.88287539642235
I1,17,N5,4.6347731137109345e-06,5.017709520698595e-06,5.311022271464861e-07,1.0686805985367859e-07,-4.242341672928075e-07,60.00000068531953,-2.5454050328304408e-05,4.784777152501236e-06,-0.9485574955259122,-0.8070308263327933,-68.68960389818308
I1,18,N5,5.017709520698595e-06,5.025372247165054e-06,1.999024614427942e-07,1.679614348875808e-07,-3.194102655521339e-08,67.1500007324504,-2.1448399565777966e-06,2.7589792224778125e-06,-0.833408128491234,-0.8214025402548696,-68.63886088486382
I1,19,N5,5.025372247165054e-06,5.032757681642911e-06,1.9974964877969636e-07,1.6808710162602242e-07,-3.166254715367394e-08,67.15000234511655,-2.1261401156215682e-06,2.758775628042891e-06,-0.8333245484325306,-0.8214143043691459,-68.59523319881546
I1,20,N5,5.032757681642911e-06,5.039908502656098e-06,1.9962052224465504e-07,1.6819357258811113e-07,-3.14269496565439e-08,67.15000238207763,-2.1103197442983568e-06,2.758605711245746e-06,-0.8332037608766956,-0.8214785110880899,-68.5585240004271
I1,21,N5,5.039908502656098e-06,5.046866017169871e-06,1.9951424519564938e-07,1.6828139857403503e-07,-3.123284662161434e-08,67.15000101216103,-2.0972856822540732e-06,2.7584673282726332e-06,-0.8330868349692255,-0.8215512179296983,-68.52847112998988
I1,22,N5,5.046866017169871e-06,5.053670355412332e-06,1.9943010365772993e-07,1.6835105549917958e-07,-3.107904815855035e-08,67.15000078372073,-2.0869581082039505e-06,2.7583586936768214e-06,-0.8329907356992425,-0.8216134666776406,-68.50482463582378
I1,23,N5,5.053670355412332e-06,5.060360775732895e-06,1.9936756900483948e-07,1.684028963148169e-07,-3.0964672690022593e-08,67.15000071421268,-2.079277793250379e-06,2.7582784898974226e-06,-0.8329237223102807,-0.8216556103809911,-68.4873792097601
I1,24,N5,5.060360775732895e-06,5.0669758781408335e-06,1.9932624324648296e-07,1.6843718854944053e-07,-3.0889054697042434e-08,67.15000067863241,-2.074200043868713e-06,2.7582257384694266e-06,-0.8328933173500732,-0.8216689926470341,-68.47598987901227
I1,1,N6,2.987130548263407e-06,2.8461935775881283e-06,1.3182964970521026e-07,2.4741243334019665e-07,1.1558278363498639e-07,67.15000062297669,7.761383993094716e-06,2.8443156228405516e-06,-2.16169811706,-2.3040555035756602,-63.12483556635377
I1,2,N6,2.8461935775881283e-06,2.705073811278597e-06,1.3179206160954543e-07,2.4755059927359785e-07,1.1575853766405243e-07,67.15000058406739,7.773185871751907e-06,2.8450699566235746e-06,-2.1617359232884645,-2.3044582559319955,-63.1171139993915
I1,3,N6,2.705073811278597e-06,2.5606161070163564e-06,1.3111392841982346e-07,2.5008079942235065e-07,1.1896687100252719e-07,67.1500005097043,7.988625448457627e-06,2.858960458816306e-06,-2.1604810627360465,-2.311218871121497,-63.00883902428984
I1,4,N6,2.5606161070163564e-06,2.409404528693618e-06,1.2978832135213587e-07,2.552410664934038e-07,1.2545274514126792e-07,67.15000040240713,8.42415188671922e-06,2.8877204088415474e-06,-2.157978922141292,-2.324950381874731,-62.795156908368114
I1,5,N6,2.409404528693618e-06,2.2474442767499684e-06,1.2779992389206837e-07,2.6355979794140165e-07,1.3575987404933328e-07,67.15000053831513,9.116275615494324e-06,2.935197913751025e-06,-2.154190748054362,-2.3470551618900624,-62.46583478528672
I1,6,N6,2.2474442767499684e-06,2.069664139237543e-06,1.2512070609942578e-07,2.76019958842513e-07,1.508992527430872e-07,67.15000063090541,1.013288491690146e-05,3.0085549870645403e-06,-2.149034869304959,-2.380352865437124,-62.00320430414278
I1,7,N6,2.069664139237543e-06,1.8690074989231777e-06,1.217009237711634e-07,2.9443630784646716e-07,1.7273538407530375e-07,67.1500006726949,1.159918115685486e-05,3.1210292371322294e-06,-2.142384690446156,-2.430695884603376,-61.37769283539673
I1,8,N6,1.8690074989231777e-06,1.6345083565880594e-06,1.1744976335900996e-07,3.223884651054458e-07,2.0493870174643585e-07,67.15000067520522,1.3761633960648848e-05,3.2987867134834183e-06,-2.134006131432641,-2.51176802916649,-60.53773155463378
I1,9,N6,1.6345083565880594e-06,1.346427742558393e-06,1.121883684097409e-07,3.6793123554206807e-07,2.557428671323272e-07,67.15000060557338,1.7173133682806845e-05,3.600897029638567e-06,-2.123318569522738,-2.6627980278059606,-59.38297084015664
I1,10,N6,1.346427742558393e-06,1.2948254875093022e-06,1.6406568958108648e-07,1.9203700510518053e-07,2.797131552409405e-08,60.000000677844895,1.6782789504058564e-06,2.6707702101470026e-06,-2.198627039754843,-2.320238409359649,-57.667504178247206
I1,11,N6,1.2948254875093022e-06,1.8344711726464115e-06,6.854135556852953e-07,9.53797131933302e-08,-5.90033842491965e-07,44.78502312208139,-2.6424679278813184e-05,5.855949516589691e-06,-3.752061674124808,-2.0973108408894796,-55.72062994968197
I1,12,N6,1.8344711726464115e-06,2.35224753388569e-06,6.634069932241359e-07,9.656953901572808e-08,-5.668374542084077e-07,44.78500619322274,-2.5385818897274154e-05,5.6998239917989794e-06,-3.3743270885372474,-2.1048872040679423,-54.771026233417565
I1,13,N6,2.35224753388569e-06,2.8344694518201638e-06,6.271878768063203e-07,9.811707493184201e-08,-5.290708018744783e-07,44.78500583260141,-2.3694438947807617e-05,5.439787138036217e-06,-3.238589330901013,-2.1082767204612067,-54.35886083406508
I1,14,N6,2.8344694518201638e-06,3.356592492974487e-06,6.680841760181128e-07,9.659870775231827e-08,-5.714854682657946e-07,44.785005722207366,-2.5593979966441965e-05,5.735121628278233e-06,-3.2383757523989107,-2.108282997153098,-54.35812018676498
I1,15,N6,3.356592492974487e-06,3.87295746203312e-06,6.619665075981601e-07,9.66285984018373e-08,-5.653379091963227e-07,44.78500590474985,-2.531866160153625e-05,5.68946329499998e-06,-3.3735428469565716,-2.1049069071621904,-54.76861799029225
I1,16,N6,3.87295746203312e-06,4.410992476629505e-06,6.837659144573111e-07,9.544380893017657e-08,-5.883221055271345e-07,44.78502272584589,-2.6348018866150225e-05,5.844072925406158e-06,-3.7500264303450197,-2.097347751290068,-55.71578646439465
I1,17,N6,4.410992476629505e-06,4.358858041039366e-06,1.6385900578333348e-07,1.9235405124312448e-07,2.8495045459791e-08,60.00000061525598,1.709702745119207e-06,2.6715979276984343e-06,-2.1984647730488844,-2.3207010407873065,-57.65740174740593
I1,18,N6,4.358858041039366e-06,4.06921157647724e-06,1.1205590948262842e-07,3.692808249042431e-07,2.572249154216147e-07,67.15000057675522,1.7272653218917237e-05,3.610025507901536e-06,-2.123189809440251,-2.6658438662010298,-59.36763190611208
I1,19,N6,4.06921157647724e-06,3.833140638954013e-06,1.1727223393628197e-07,3.237041325843815e-07,2.0643189864809954e-07,67.14999994753917,1.3861901983390296e-05,3.307322748904976e-06,-2.133812854831508,-2.5146455796490694,-60.51672314338608
I1,20,N6,3.833140638954013e-06,3.630838567374369e-06,1.2147344852846595e-07,2.95777141360542e-07,1.7430369283207603e-07,67.15000002018428,1.17044929771921e-05,3.129379424167559e-06,-2.1421135273206042,-2.4336303371601384,-61.35014021516341
I1,21,N6,3.630838567374369e-06,3.4512890575802382e-06,1.2483796794689507e-07,2.774283855337091e-07,1.5259041758681402e-07,67.15000071367811,1.0246446649855002e-05,3.0169976511045308e-06,-2.14866781016898,-2.3835041926414733,-61.96792728019968
I1,22,N6,3.4512890575802382e-06,3.287389518574502e-06,1.274562085560063e-07,2.650738430004519e-07,1.3761763444444558e-07,67.15000069082733,9.241024248014543e-06,2.9439753866734365e-06,-2.153701303798523,-2.3505672893004794,-62.42134020839208
I1,23,N6,3.287389518574502e-06,3.13402029330337e-06,1.2937751971919594e-07,2.569007223696883e-07,1.2752320265049233e-07,67.15000066401286,8.563183142657607e-06,2.8970868156666318e-06,-2.157317901424598,-2.3289750252374515,-62.73960160261462
I1,24,N6,3.13402029330337e-06,2.987130548263407e-06,1.3062952360755602e-07,2.519328044718908e-07,1.2130328086433478e-07,67.1500006432157,8.145515388064256e-06,2.869217460595851e-06,-2.1595234317047103,-2.3159108333182767,-62.93998431154698
I1,1,N7,3.225356575651522e-06,3.3680672964562055e-06,2.8958190396132374e-07,1.2012431305971608e-07,-1.6945759090160765e-07,67.15000064923525,-1.1379077339060795e-05,3.0727966276577988e-06,-1.5640543221877632,-1.4383267577281014,-73.18948459519035
I1,2,N7,3.3680672964562055e-06,3.5108964662790146e-06,2.8968314481212996e-07,1.2010214148317884e-07,-1.6958100332895112e-07,67.15000060646268,-1.1387364476383619e-05,3.073389647214816e-06,-1.5642034237722091,-1.4386676460386,-73.19236152593308
I1,3,N7,3.5108964662790146e-06,3.656283127503097e-06,2.9187398764493733e-07,1.1962771817403766e-07,-1.7224626947089967e-07,67.15000052977658,-1.1566337086222952e-05,3.0862627936423127e-06,-1.5669087881635104,-1.4384780092027665,-73.26801746893051
I1,4,N7,3.656283127503097e-06,3.8068149092896665e-06,2.9630931093692847e-07,1.1869765432237012e-07,-1.7761165661455833e-07,67.15000042140798,-1.1926622816514562e-05,3.1125522394447394e-06,-1.5723841972031474,-1.43787293280855,-73.41886718730564
I1,5,N7,3.8068149092896665e-06,3.965400000794234e-06,3.0332324273531004e-07,1.1730463401915942e-07,-1.8601860871615063e-07,67.15000055936156,-1.2491149679341175e-05,3.1547090756585207e-06,-1.581157070382282,-1.436871632228883,-73.65033577729967
I1,6,N7,3.965400000794234e-06,4.135510725736988e-06,3.135038571237803e-07,1.1543583666429818e-07,-1.9806802045948214e-07,67.1500006595051,-1.3300267704481095e-05,3.217047703410589e-06,-1.5942129281274795,-1.435432352640198,-73.9716475536843
I1,7,N7,4.135510725736988e-06,4.321574416601149e-06,3.2784713175736893e-07,1.1306994609524867e-07,-2.1477718566212028e-07,67.15000072425163,-1.4422288172764102e-05,3.306878083894632e-06,-1.6133308288466501,-1.4334394378819995,-74.39761526815288
I1,8,N7,4.321574416601149e-06,4.5296741502214776e-06,3.480815240616092e-07,1.1017148023565248e-07,-2.3791004382595674e-07,67.15000075904784,-1.59756596234981e-05,3.4368975322294625e-06,-1.6418541890283878,-1.4306395462284045,-74.95252181086073
I1,9,N7,4.5296741502214776e-06,4.768960974624013e-06,3.7741515658943006e-07,1.066794413866003e-07,-2.7073571520282974e-07,67.15000069157448,-1.8179903463103927e-05,3.630709484820228e-06,-1.686662762809257,-1.4264536777669896,-75.67928453034891
I1,10,N7,4.768960974624013e-06,6.349461353560602e-06,1.7737070191690614e-06,7.458926998129049e-08,-1.699117749187771e-06,60.00000074470341,-0.00010194706621660504,1.3862222168627639e-05,-5.945458437867324,-1.4008686124810972,-76.66435308181225
I1,11,N7,6.349461353560602e-06,5.33019159805604e-06,8.266086383422874e-08,1.0264553433139828e-06,9.43794479479754e-07,100.68352716850221,9.502455711618221e-05,8.318371553611585e-06,-1.405965770975192,-3.094121690095419,-86.4840692428438
I1,12,N7,5.33019159805604e-06,4.334209955410893e-06,8.234938867315942e-08,1.004384787534858e-06,9.220353988616986e-07,100.68357218987609,9.283381764291302e-05,8.15050632156013e-06,-1.4136323565738131,-2.352943453019733,-87.80333802007615
I1,13,N7,4.334209955410893e-06,3.472509235576692e-06,8.386265182978254e-08,8.800236075822768e-07,7.961609557524943e-07,100.68357290530939,8.016032963286705e-05,7.229146945590445e-06,-1.4161511028304872,-2.1737501809443196,-88.28099392111345
I1,14,N7,3.472509235576692e-06,2.368205243906356e-06,8.088658084346453e-08,1.1044929461340707e-06,1.0236063652906061e-06,100.68357282735695,0.00010306034602628288,8.890346452331514e-06,-1.4161512746507765,-2.1737200645709693,-88.28107996031471
I1,15,N7,2.368205243906356e-06,1.3836843733641947e-06,8.247003549536384e-08,9.937632030448093e-07,9.112931675494454e-07,100.68357264899181,9.175225183949446e-05,8.071749289051298e-06,-1.4136328800703437,-2.3528090172358858,-87.80364117588489
I1,16,N7,1.3836843733641947e-06,3.725842599268759e-07,8.274599133815552e-08,1.0188831382047231e-06,9.361371468665676e-07,100.68352805780425,9.425359069249288e-05,8.26221847157159e-06,-1.405967302621192,-3.093534149748522,-86.48489383706752
I1,17,N7,3.725842599268759e-07,1.9558387121357377e-06,1.776563784150333e-06,7.451425777147572e-08,-1.7020495263788573e-06,60.00000068203892,-0.00010212297274359547,1.3883085314413566e-05,-5.964374080533992,-1.4008313041185423,-76.68570372560312
I1,18,N7,1.9558387121357377e-06,2.196642011916056e-06,3.788594639996518e-07,1.0652537237786092e-07,-2.723340916217909e-07,67.15000069648038,-1.828723444207861e-05,3.6403862728313456e-06,-1.6885746885812218,-1.4263754283822472,-75.70238116697101
I1,19,N7,2.196642011916056e-06,2.406211515805277e-06,3.494467715972082e-07,1.0999186316891664e-07,-2.394549084282915e-07,67.15000160914414,-1.607939748627724e-05,3.4457897607459364e-06,-1.643503108564246,-1.430542446629631,-74.97865985608871
I1,20,N7,2.406211515805277e-06,2.593764171131888e-06,3.2919966406356724e-07,1.128612235017274e-07,-2.1633844056183984e-07,67.1500016676822,-1.4527126644511313e-05,3.31545665673971e-06,-1.6148859964864029,-1.4333136564767295,-74.4277615386381
I1,21,N7,2.593764171131888e-06,2.7654286227693504e-06,3.148883973361432e-07,1.1519453861994074e-07,-1.996938587162025e-07,67.15000096224904,-1.3409442804948221e-05,3.2256220196706295e-06,-1.5957622015945334,-1.4352615489567933,-74.00672721523851
I1,22,N7,2.7654286227693504e-06,2.925670026824334e-06,3.0477620855404554e-07,1.1702726301390049e-07,-1.8774894554014503e-07,67.15000077303146,-1.2607341838156582e-05,3.1635260367595953e-06,-1.5827621185078975,-1.4366229999414484,-73.69134771568686
I1,23,N7,2.925670026824334e-06,3.0779970137874197e-06,2.9786539011968984e-07,1.183806170248514e-07,-1.7948477309483843e-07,67.15000070905947,-1.205240264058378e-05,3.1218450535840595e-06,-1.5741072423060676,-1.4374719288409408,-73.46698190969225
I1,24,N7,3.0779970137874197e-06,3.225356575651522e-06,2.935703739687995e-07,1.192672804477698e-07,-1.7430309352102973e-07,67.15000067564944,-1.1704452847704934e-05,3.09628240812427e-06,-1.5688419227970882,-1.4377407401509483,-73.3247355969874
I1,1,N8,67.28376333301678,62.1373811852007,9.872838080556516e-08,4.817013776851383,4.817013678123002,67.15000063983692,323.4624715680628,36.127604066848235,-7.289131645697769e-08,-8.44303553794836e-08,-55.832401084592014
I1,2,N8,62.1373811852007,57.26265677653728,9.872838095356756e-08,4.562742133004511,4.56274203427613,67.1500005992984,306.3881303360861,34.220566737996684,-7.289131645697876e-08,-8.400105998904059e-08,-55.83240106858634
I1,3,N8,57.26265677653728,52.88440569723103,9.8728381266982e-08,4.098043096726188,4.098042997997807,67.1500005241417,275.18358946350793,30.735323965909267,-7.289131645698106e-08,-8.316545097434737e-08,-55.83240104610302
I1,4,N8,52.88440569723103,49.079456297580414,9.8728381731112e-08,3.561432724568516,3.561432625840134,67.15000041658307,239.15020230879753,26.710746174726733,-7.289131645698453e-08,-8.212452389667957e-08,-55.83240101697185
I1,5,N8,49.079456297580414,44.008264776333945,9.872838092916831e-08,4.746635350382234,4.746635251653853,67.150000553048,318.7365597736734,35.59976586832961,-7.289131645697592e-08,-8.490072700178641e-08,-55.83240098108782
I1,6,N8,44.008264776333945,37.16741131926487,9.872838033473249e-08,6.4030389223121915,6.403038823583811,67.15000064856177,429.9640611564191,48.02279265780429,-7.28913164569686e-08,-8.881022687293793e-08,-55.83240093531298
I1,7,N8,37.16741131926487,28.053183866380486,9.872837997090972e-08,8.530916982395324,8.530916883666944,67.15000070079195,572.8510747166331,63.98187810842778,-7.289131645696237e-08,-9.442468190131545e-08,-55.83240087360943
I1,8,N8,28.053183866380486,15.73462060057017,9.87283797962914e-08,11.530175303293994,11.530175204565614,67.15000071215518,774.251273197855,86.47631551516781,-7.28913164569567e-08,-1.0422644653416658e-07,-55.83240078164775
I1,9,N8,15.73462060057017,6.928512731857617e-07,9.872837995342426e-08,14.727604320120426,14.727604221392046,67.15000062558612,988.9586326798606,110.45703314136604,-7.289131645695165e-08,-1.2407114474697701e-07,-55.83240060246372
I1,10,N8,6.928512731857617e-07,6.341708927179749e-08,1.2171708123868884e-07,6.957862441483607e-07,5.740691629096719e-07,60.00000067628681,3.444415016281571e-05,6.131274940402872e-06,-7.289131652106606e-08,-7.289131816624142e-08,-52.32989687138881
I1,11,N8,6.341708927179749e-08,1.537124316784172,1.6422269134070888,1.2877670744712795e-07,-1.6422267846303813,6.78526428017929e-05,-0.00011142942741706214,12.316702816378472,-7.688486067418445e-08,-7.289131657800845e-08,-8.012891240509703
I1,12,N8,1.537124316784172,39.0818814802967,40.11192017800704,1.152235259275363e-07,-40.11192006278351,1.338311189315925e-06,-5.368223144496912e-05,300.83940219922926,-6.308776059710506e-05,-7.289131657816027e-08,-8.012889335546403
I1,13,N8,39.0818814802967,76.62663864382267,40.11192017802125,1.1522339008911791e-07,-40.11192006279786,1.5896514301191443e-07,-6.376397109265141e-06,300.8394021993348,-6.421474284887867e-05,-7.289131657818532e-08,-8.012889279604225
I1,14,N8,76.62663864382267,114.17139630816925,40.11192070399455,1.0725843091564217e-07,-40.11192059673612,9.580658122645427e-08,-3.842985978800283e-06,300.83940608439735,-6.427732375992778e-05,-7.289131657818877e-08,-8.012889278987188
I1,15,N8,114.17139630816925,151.71615347170385,40.11192017803037,1.1522330291960906e-07,-40.111920062807066,4.773955325583276e-07,-1.9149251440320844e-05,300.8394021994025,-6.39456555058292e-05,-7.289131657817873e-08,-8.012889332320672
I1,16,N8,151.71615347170385,154.54287396722555,3.020000676392787,1.2877670283094588e-07,-3.0200005476160845,6.643694361669872e-05,-0.00020063960610436907,22.650006038771174,-7.965648261650657e-08,-7.289131657797441e-08,-8.012890484048388
I1,17,N8,154.54287396722555,154.54287333779138,1.2171708187071562e-07,6.957862255009924e-07,5.740691436302768e-07,60.0000006048981,3.444414896506994e-05,6.131274805287811e-06,-7.289131652106224e-08,-7.289131816624766e-08,-52.32989464807098
I1,18,N8,154.54287333779138,144.1311057894892,9.872838037665194e-08,9.745414511706372,9.745414412977992,67.15000063079187,654.4045839788002,73.09060957826064,-7.289131645695949e-08,-1.011347809272728e-07,-55.83240073085207
I1,19,N8,144.1311057894892,119.27564819207217,9.872837887130599e-08,23.26470839767787,23.264708298949493,67.15000120161257,1562.2251902296243,174.4853137230469,-7.289131645693721e-08,-1.8729737164177374e-07,-55.83240101299935
I1,20,N8,119.27564819207217,93.01259553240975,9.872837857174277e-08,24.58221737593956,24.582217277211182,67.15000128192442,1650.6959216772755,184.36663106000955,-7.289131645693586e-08,-1.9454318451858396e-07,-55.83240107804093
I1,21,N8,93.01259553240975,84.06861012793192,9.872837979645528e-08,8.371570425086793,8.371570326358412,67.15000089871253,562.1509549386026,62.7867789286138,-7.289131645696372e-08,-9.21256800900921e-08,-55.832401096712914
I1,22,N8,84.06861012793192,77.96249589151365,9.872838043371365e-08,5.715323011783023,5.715322913054643,67.15000074401382,383.78393786389853,42.86492332883552,-7.28913164569738e-08,-8.621744718094502e-08,-55.832401105686465
I1,23,N8,77.96249589151365,72.49477258593724,9.872838065937258e-08,5.117789100515062,5.117789001786681,67.15000069165774,343.659535009734,38.38341899432582,-7.289131645697668e-08,-8.496410862812252e-08,-55.83240110795578
I1,24,N8,72.49477258593724,67.28376333301678,9.872838076888999e-08,4.877504747229104,4.877504648500723,67.1500006634538,327.52444038282255,36.58128634468114,-7.289131645697782e-08,-8.448235377643677e-08,-55.832401104148445
I1,1,N9,1.6549077808738726,1.5231296994193462,9.87284604306099e-08,0.12334437073704609,0.12334427200858565,67.15000062426473,8.282567942376005,0.9250835209912989,-2.1610246328373926e-06,-2.351193884264582e-06,-55.832423544217825
I1,2,N9,1.5231296994193462,1.3914871707556113,9.872846053827644e-08,0.12321749332486516,0.12321739459640463,67.15000058699441,8.274048119476493,0.9241319403999427,-2.161024632837945e-06,-2.3510898448340164e-06,-55.83242352212888
I1,3,N9,1.3914871707556113,1.25826526439784,9.87284595548908e-08,0.12469579084648262,0.12469569211802306,67.15000051387041,8.373315789802675,0.9352191718120664,-2.1610246328271714e-06,-2.353812730579115e-06,-55.832423123304544
I1,4,N9,1.25826526439784,1.1214674646198026,9.872845737297997e-08,0.1280428270878496,0.1280427283593922,67.15000040725752,8.598069261479552,0.9603219436223023,-2.161024632804212e-06,-2.359840660609524e-06,-55.83242232406217
I1,5,N9,1.1214674646198026,0.9761481499777686,9.872845237423555e-08,0.13601896500054614,0.13601886627209375,67.15000054216736,9.133666943916085,1.0201429779674889,-2.161024632758275e-06,-2.372892623771176e-06,-55.832421071137055
I1,6,N9,0.9761481499777686,0.8175452597900448,9.872844561629443e-08,0.14845239171130573,0.1484522929828601,67.15000063163647,9.96857156756694,1.113393678298135,-2.161024632695181e-06,-2.39390053414758e-06,-55.83241925677645
I1,7,N9,0.8175452597900448,0.6364903709137667,9.872843630289951e-08,0.1694674624837844,0.16946736375534807,67.15000066867289,11.379733589489854,1.2710067090916553,-2.161024632608168e-06,-2.430744299190187e-06,-55.83241666915283
I1,8,N9,0.6364903709137667,0.40850594380602756,9.872842238397681e-08,0.21339351026841977,0.21339341153999739,67.15000067534658,14.329367729025334,1.600452067476316,-2.1610246324803364e-06,-2.5119201595165122e-06,-55.832412815506004
I1,9,N9,0.40850594380602756,7.179037085828214e-07,9.872839752871186e-08,0.38236097794012475,0.38236087921172723,67.15000061130449,25.67553327280641,2.867708075013917,-2.1610246322547627e-06,-2.884154319653931e-06,-55.83240593532176
I1,10,N9,7.179037085828214e-07,1.1606959596518944e-07,1.225171097504775e-07,6.706534791940579e-07,5.481363694435803e-07,60.00000067696999,3.2888182537686695e-05,5.948779417084016e-06,-2.161024677184277e-06,-2.1610257695898876e-06,-52.41262885002654
I1,11,N9,1.1606959596518944e-07,3.3079548459214337e-06,3.5472610260272645e-06,1.201366018993379e-07,-3.427124424127927e-06,16.670390938047422,-5.713150394354318e-05,2.7505482209449517e-05,-2.3625987764237895e-06,-2.1610246774368384e-06,-25.823042544875083
I1,12,N9,3.3079548459214337e-06,0.48928279639765576,0.5227346288058569,1.1617582596901773e-07,-0.5227345126300309,16.670342882889784,-8.714163562262895,3.920510587362621,-4.5295656540238795e-06,-2.1610246774727284e-06,-25.823016374414685
I1,13,N9,0.48928279639765576,0.9761344408108187,0.5201407783468094,1.1617580587921123e-07,-0.5201406621710035,16.670342012998347,-8.67092273325806,3.901056708919614,-3.9238377064658146e-06,-2.16102467755097e-06,-25.82301406735864
I1,14,N9,0.9761344408108187,2.4096187179519393,1.5315004219140096,1.1023308710565724e-07,-1.5315003116809225,16.670341932639243,-25.53063386566455,11.486253991103226,-3.9353268611496065e-06,-2.1610246775504378e-06,-25.823014012276914
I1,15,N9,2.4096187179519393,3.0630151541058357,0.6980732481552552,1.1617577923343284e-07,-0.698073131979476,16.6703422379625,-11.63711801722423,5.235550232482758,-4.770709675785644e-06,-2.1610246774785132e-06,-25.82301613947649
I1,16,N9,3.0630151541058357,3.0630183459632523,3.5472313426912387e-06,1.201366483509919e-07,-3.4270946943402466e-06,16.670389901875453,-5.7131004785300586e-05,2.750525993281673e-05,-2.3661605982259845e-06,-2.161024677418281e-06,-25.823041875419655
I1,17,N9,3.0630183459632523,3.0630177441291195,1.2251710920255195e-07,6.70653497519488e-07,5.481363883169361e-07,60.00000060904503,3.288818363285591e-05,5.9487795504153e-06,-2.1610246771817756e-06,-2.1610257695936108e-06,-52.4126275134464
I1,18,N9,3.0630177441291195,2.652525433314453,9.872839738210518e-08,0.38422088941808175,0.38422079068968434,67.15000060401388,25.800426326886996,2.8816574110985935,-2.161024632253151e-06,-2.8894781549519136e-06,-55.832405878927304
I1,19,N9,2.652525433314453,2.4226206058434205,9.872842195082785e-08,0.2151910050084618,0.21519090628003987,67.15000069953585,14.450069507238432,1.613933278026628,-2.161024632476123e-06,-2.515343757832773e-06,-55.83241271345981
I1,20,N9,2.4226206058434205,2.239394408969149,9.872843552192021e-08,0.17149980676990534,0.17149970804146983,67.15000074645322,11.516205523001208,1.2862492912375563,-2.1610246326005956e-06,-2.4342167179693723e-06,-55.83241653080433
I1,21,N9,2.239394408969149,2.0785266056035736,9.872844455629237e-08,0.15057235044577424,0.15057225171732969,67.15000074312978,10.110926814713412,1.129293368806641,-2.161024632685054e-06,-2.397323233298984e-06,-55.83241908352839
I1,22,N9,2.0785266056035736,1.930703094380991,9.872845097791179e-08,0.13836289299993815,0.13836279427148718,67.15000068767061,9.291061730478392,1.0377224379629184,-2.161024632746295e-06,-2.376423845270988e-06,-55.83242086265716
I1,23,N9,1.930703094380991,1.7905874272828008,9.872845527405974e-08,0.13114835089951074,0.13114825217105547,67.1500006621293,8.806605220123476,0.9836133722097451,-2.1610246327875193e-06,-2.3642353127219642e-06,-55.83242207863067
I1,24,N9,1.7905874272828008,1.6549077808738726,9.872845794725137e-08,0.12699623553436398,0.12699613680590605,67.15000064332438,8.527790668216301,0.9524725069711644,-2.1610246328132932e-06,-2.3572835857474544e-06,-55.832422836526696
I4,1,N3,23.591584104888817,21.690823866000343,1.3849488351739903e-07,1.7791117049344225,1.779111566439539,67.15000062131764,119.46734279180845,13.343338825719796,-1.4062447232235874e-07,-1.5380068208493403e-07,-55.83240212005136
I4,2,N3,21.690823866000343,19.823241551888053,1.3849488374124528e-07,1.748057167343918,1.7480570288490342,67.15000058510473,117.38203051000909,13.110429793791013,-1.406244723223639e-07,-1.5357115452718213e-07,-55.83240211494371
I4,3,N3,19.823241551888053,17.999853417920477,1.3849488406067215e-07,1.7066914147284657,1.7066912762335817,67.15000051270049,114.60432007410647,12.800186649175123,-1.4062447232237023e-07,-1.5328851791623306e-07,-55.8324020840449
I4,4,N3,17.999853417920477,16.2255643444703,1.3849488444348242e-07,1.6607346940841812,1.6607345555892967,67.15000040645018,111.51832608282713,12.455511244342992,-1.4062447232237724e-07,-1.5298146817568315e-07,-55.83240202654881
I4,5,N3,16.2255643444703,14.214023670873429,1.3849488290999864e-07,1.882802191821484,1.882802053326601,67.1500005407797,126.43015889906239,14.121017477372751,-1.4062447232234137e-07,-1.547028107976743e-07,-55.83240194054887
I4,6,N3,14.214023670873429,11.910144198173102,1.3849488148392158e-07,2.1564313077823174,2.156431169287436,67.15000062823731,144.80435437240183,16.173235847078992,-1.406244723223063e-07,-1.5689124574735164e-07,-55.83240181743015
I4,7,N3,11.910144198173102,9.22517110827015,1.3849488013702787e-07,2.5131349334839728,2.5131347949890928,67.15000066107281,168.75700314488265,18.848513039841396,-1.406244723222707e-07,-1.5990687954427424e-07,-55.832401641175835
I4,8,N3,9.22517110827015,5.8129291668677165,1.3849487838649097e-07,3.1938585784874873,3.193858439992609,67.15000066634428,214.467596373713,23.953940377367744,-1.406244723222248e-07,-1.65999833147655e-07,-55.832401375970505
I4,9,N3,5.8129291668677165,9.980057958299252e-07,1.3849487502531484e-07,5.440900887389565,5.440900748894689,67.15000060813418,365.3564885970761,40.806757694133296,-1.4062447232215233e-07,-1.9003184516297293e-07,-55.832400891936935
I4,10,N3,9.980057958299252e-07,1.8944448850401868e-07,1.714097159427419e-07,9.069847501556209e-07,7.35575034212879e-07,60.00000067696999,4.413450255073496e-05,8.087958495737721e-06,-1.4062447253904644e-07,-1.4062447779772365e-07,-52.412626965916544
I4,11,N3,1.8944448850401868e-07,3.3197639752718402e-06,3.5347138080719943e-06,1.667695887819608e-07,-3.3679442192900334e-06,16.67039093806476,-5.6144946793160165e-05,2.7761125476404665e-05,-1.4156450758146358e-07,-1.4062447254056496e-07,-25.823041526825847
I4,12,N3,3.3197639752718402e-06,1.2032063889785256,1.2854735466120926,1.5950784884202566e-07,-1.2854733871042436,16.67034288386246,-21.4292821311078,9.641052795899562,-2.0400345126073675e-07,-1.4062447254059707e-07,-25.823015656274876
I4,13,N3,1.2032063889785256,14.817950857416623,14.545667349201201,1.5950771706336808e-07,-14.545667189693484,16.670342015899205,-242.4812469016338,109.09250631531688,-3.8921516827108033e-07,-1.4062447254064074e-07,-25.82301521177839
I4,14,N3,14.817950857416623,35.47949452899151,22.074298964436725,1.489530640806755e-07,-22.07429881548366,16.670341935716127,-367.9861092452861,165.55724335042342,-4.206386166480354e-07,-1.4062447254064143e-07,-25.823015170626974
I4,15,N3,35.47949452899151,44.14862835040905,9.261895290418522,1.5950769172175764e-07,-9.26189513091083,16.670342240070003,-154.39896162392148,69.46421587444661,-3.2860643169308243e-07,-1.406244725406071e-07,-25.8230153550865
I4,16,N3,44.14862835040905,44.148631480682816,3.5346651266537618e-06,1.667697288344086e-07,-3.3678953978193533e-06,16.67038990189309,-5.6144129430439954e-05,2.7760761416161277e-05,-1.4157942918389135e-07,-1.406244725404679e-07,-25.82304082272718
I4,17,N3,44.148631480682816,44.148630672121435,1.714097137376452e-07,9.069848168721837e-07,7.355751031345385e-07,60.00000060904503,4.413450663607067e-05,8.087958979573718e-06,-1.4062447253903768e-07,-1.4062447779773776e-07,-52.41262565942373
I4,18,N3,44.148630672121435,38.42237403429832,1.3849487507063209e-07,5.359776334337237,5.359776195842362,67.15000060108844,359.9089747725141,40.19832354624084,-1.4062447232215386e-07,-1.8909821542045988e-07,-55.83240089449434
I4,19,N3,38.42237403429832,34.98414225080204,1.3849487831870454e-07,3.218185070687336,3.218184932192458,67.15000068608109,216.10112040465935,24.136389068866606,-1.4062447232222319e-07,-1.662213554299165e-07,-55.83240138699436
I4,20,N3,34.98414225080204,32.204129277527585,1.384948798202003e-07,2.602092264319698,2.602092125824818,67.15000072761548,174.73048814245902,19.515693021109335,-1.4062447232226038e-07,-1.6078566657120874e-07,-55.832401654633706
I4,21,N3,32.204129277527585,29.779200783628745,1.3849488095697768e-07,2.269733191624125,2.269733053129244,67.15000072484393,152.412576162831,17.022999975892546,-1.4062447232228978e-07,-1.579154540734281e-07,-55.83240182956778
I4,22,N3,29.779200783628745,27.602677309755254,1.3849488200617306e-07,2.0372260928804,2.037225954385518,67.15000067675288,136.79972421568607,15.279196735314612,-1.406244723223199e-07,-1.5589333973186322e-07,-55.832401949094255
I4,23,N3,27.602677309755254,25.55836201045717,1.3849488267325675e-07,1.9134792414778197,1.913479102982937,67.1500006557494,128.490123020067,14.351095349795267,-1.406244723223374e-07,-1.5487748622959551e-07,-55.83240202951111
I4,24,N3,25.55836201045717,23.591584104888817,1.3849488311164362e-07,1.8409042409467913,1.8409041024519082,67.15000063916996,123.61671165629623,13.806782845812558,-1.4062447232234857e-07,-1.5429269157445312e-07,-55.832402078285924
I4,1,N8,34.840312466099356,32.000712081255166,1.3849487896247145e-07,2.6578660815489705,2.6578659430540914,67.15000063983692,178.475699776683,19.933996650328872,-2.0390339571926205e-07,-2.4629954465094536e-07,-55.832401508512
I4,2,N8,32.000712081255166,29.228454253476635,1.3849487918274962e-07,2.5948334481355184,2.5948333096406393,67.1500005992984,174.24305829744836,19.46125189972798,-2.0390339571927002e-07,-2.45362235927026e-07,-55.83240149428285
I4,3,N8,29.228454253476635,26.562286702770297,1.384948795645903e-07,2.495532948795941,2.495532810301061,67.1500005241417,167.57502951972907,18.71649815468115,-2.0390339571928307e-07,-2.4387387016116664e-07,-55.83240146379418
I4,4,N8,26.562286702770297,24.024145609914136,1.3849488008191514e-07,2.375700184248175,2.375700045753295,67.15000041658307,159.5282590620102,17.817752420572912,-2.0390339571930033e-07,-2.420398551401165e-07,-55.83240141636288
I4,5,N8,24.024145609914136,21.04638083157979,1.3849487875343814e-07,2.787187953855759,2.7871878153608804,67.150000553048,187.15966334293176,20.903910692629783,-2.0390339571923322e-07,-2.4961878392259905e-07,-55.83240135082739
I4,6,N8,21.04638083157979,17.5234534970479,1.3849487761825213e-07,3.2974601064566538,3.297459967961776,67.15000064856177,221.42443898723974,24.730951837136487,-2.0390339571916988e-07,-2.597575940635348e-07,-55.83240126068707
I4,7,N8,17.5234534970479,13.293727532494156,1.3849487667800215e-07,3.959023624157115,3.9590234856622386,67.15000070079195,265.84842983667113,29.692678219889935,-2.039033957191064e-07,-2.747099871006523e-07,-55.8324011336621
I4,8,N8,13.293727532494156,7.895149587350161,1.3849487577918401e-07,5.053069077989585,5.053068939494709,67.15000071215518,339.31358288563894,37.89801912363346,-2.039033957190349e-07,-3.0380924452455493e-07,-55.83240094089258
I4,9,N8,7.895149587350161,9.566172893843164e-07,1.3849487475783102e-07,7.389859239700773,7.389859101205898,67.15000062558612,496.22904326896935,55.42394533646736,-2.039033957189371e-07,-3.943564582983837e-07,-55.83240057131024
I4,10,N8,9.566172893843164e-07,1.0429982567702145e-07,1.701106151009912e-07,9.46802375477546e-07,7.766917603765547e-07,60.00000067628681,4.660150614785968e-05,8.376847429339028e-06,-2.0390339614595413e-07,-2.039034071012578e-07,-52.32989681191289
I4,11,N8,1.0429982567702145e-07,2.9413483186133185,3.1424662393731624,1.738524407763112e-07,-3.1424660655207215,6.78526428017929e-05,-0.00021322462746053305,23.568498099192023,-2.5730869657556296e-07,-2.039033965247196e-07,-8.012892216137084
I4,12,N8,2.9413483186133185,17.490599413455467,15.544071854647044,1.5079660521624054e-07,-15.544071703850438,1.338311189315925e-06,-2.08028050887921e-05,116.58054004082737,-6.489296324361753e-05,-2.0390339652543273e-07,-8.012891123572372
I4,13,N8,17.490599413455467,32.039850508310934,15.544071854661015,1.5079638497888941e-07,-15.54407170386463,1.5896514301191443e-07,-2.4709655813922933e-06,116.5805400409305,-6.595536229258217e-05,-2.0390339652562672e-07,-8.012890998641208
I4,14,N8,32.039850508310934,46.58910210926619,15.544072380641577,1.378964415637437e-07,-15.544072242745136,9.580658122645427e-08,-1.489224419914435e-06,116.58054388903513,-6.600786576577544e-05,-2.0390339652565404e-07,-8.01289098725816
I4,15,N8,46.58910210926619,61.138353204130404,15.5440718546702,1.5079624003776032e-07,-15.54407170387396,4.773955325583276e-07,-7.420670389195739e-06,116.5805400409983,-6.570518720917978e-05,-2.0390339652557558e-07,-8.012891071560704
I4,16,N8,61.138353204130404,67.73390447233119,7.046529331133086,1.7385243448122668e-07,-7.046529157280651,6.643694361669872e-05,-0.0004681498603156782,52.84897128739141,-3.9263033835584807e-07,-2.0390339652447383e-07,-8.012891504521521
I4,17,N8,67.73390447233119,67.73390362001375,1.701106158449166e-07,9.468023542938786e-07,7.76691738448962e-07,60.0000006048981,4.660150477675707e-05,8.376847276040964e-06,-2.0390339614593134e-07,-2.0390340710129637e-07,-52.329894588091236
I4,18,N8,67.73390362001375,60.60519305960052,1.3849487521949924e-07,6.672473205881581,6.672473067386706,67.15000063079187,448.056570683959,50.04355008282342,-2.0390339571898642e-07,-3.4806053040861073e-07,-55.83240069173123
I4,19,N8,60.60519305960052,53.853118337502245,1.3849487450259644e-07,6.319942061218799,6.319941922723925,67.15000120161257,424.3841077050332,47.39956649785255,-2.0390339571888951e-07,-3.833516577436452e-07,-55.83240113456155
I4,20,N8,53.853118337502245,48.092985455914416,1.3849487482820035e-07,5.391484498501011,5.391484360006136,67.15000128192442,362.0381816858875,40.43613477746915,-2.0390339571891665e-07,-3.466293265000112e-07,-55.832401305509904
I4,21,N8,48.092985455914416,44.10955336080036,1.3849487669761077e-07,3.7284925623615637,3.728492423866687,67.15000089871253,250.3682696134909,27.963695256423303,-2.0390339571912525e-07,-2.675614931140144e-07,-55.83240139352687
I4,22,N8,44.10955336080036,40.808391617336405,1.3849487787426802e-07,3.0898875132170796,3.0898873747222018,67.15000074401382,207.48593951151477,23.17415738783968,-2.0390339571920855e-07,-2.536024609521342e-07,-55.83240145075223
I4,23,N8,40.808391617336405,37.761424581538186,1.3849487842678645e-07,2.851961266841941,2.851961128347063,67.15000069165774,191.50919174108625,21.389710540026144,-2.0390339571923934e-07,-2.4933028072413596e-07,-55.83240148678572
I4,24,N8,37.761424581538186,34.840312466099356,1.3849487873923448e-07,2.7341610613855485,2.73416092289067,67.1500006634538,183.59890778609793,20.506208999103205,-2.039033957192546e-07,-2.473602540778938e-07,-55.832401504968566
I4,1,N9,0.0003741177944984546,0.00034442000852767283,1.3906015927846547e-07,2.7918957717954932e-05,2.7779897558676467e-05,67.15000062426473,0.0018654201384071352,0.00021043513407925047,-0.009867051415738851,-0.010754953762014505,-55.93263275159755
I4,2,N9,0.00034442000852767283,0.0003147012321338808,1.390596653283683e-07,2.7938604321144842e-05,2.7799544655816473e-05,67.15000058699441,0.0018667394399562534,0.00021058247989854908,-0.009867096296322993,-0.010755587874911435,-55.93255457854159
I4,3,N9,0.0003147012321338808,0.0002845110104516528,1.390487498444477e-07,2.8379867548109168e-05,2.824081879826472e-05,67.15000051387041,0.001896370996815597,0.00021389187223465212,-0.009867090388782505,-0.010771025504476433,-55.930826014474356
I4,4,N9,0.0002845110104516528,0.0002533235726707686,1.3902673836698533e-07,2.931324253228398e-05,2.9174215793916992e-05,67.15000040725752,0.001959048602442945,0.00022089201952988223,-0.009867059868261065,-0.010803846188730407,-55.92733975298766
I4,5,N9,0.0002533235726707686,0.00022042825112570955,1.389921101559217e-07,3.0911791397914435e-05,3.0772799287758514e-05,67.15000054216736,0.0020663934888569915,0.00023288087631052768,-0.009867003852164621,-0.010860525173396014,-55.921853943776455
I4,6,N9,0.00022042825112570955,0.00018470408242547126,1.3894195993076367e-07,3.3559548398750546e-05,3.3420606438819784e-05,67.15000063163647,0.0022441937434764226,0.00025273867769010983,-0.009866915148768448,-0.010955715058700487,-55.9139054487389
I4,7,N9,0.00018470408242547126,0.0001440111540122897,1.388705402691148e-07,3.821024491958558e-05,3.807137437931646e-05,67.15000066867289,0.0025564928150283964,0.0002876183659489102,-0.009866763073946636,-0.011126996913949111,-55.90257833712469
I4,8,N9,0.0001440111540122897,9.281677836087251e-05,1.3876446136119813e-07,4.803950659926718e-05,4.7900742137905985e-05,67.15000067534658,0.003216534866909989,0.00036133703295471284,-0.009866457368993341,-0.011507155959183888,-55.88573761376861
I4,9,N9,9.281677836087251e-05,9.923491560301176e-07,1.3857614506842616e-07,8.606907174212235e-05,8.593049559705393e-05,67.15000061130449,0.005770232831871869,0.0006465573591539308,-0.009865762671098111,-0.01325889684210673,-55.85578950650089
I4,10,N9,9.923491560301176e-07,1.8928538598376753e-07,1.71403045093021e-07,9.01833210957199e-07,7.30430165864178e-07,60.00000067696999,4.382581044632998e-05,8.04927192037665e-06,-0.009866252762866413,-0.00989099671208545,-52.42119118857155
I4,11,N9,1.8928538598376753e-07,3.2891215915986427e-06,3.502024191142823e-06,1.6666269730793954e-07,-3.3353614938348838e-06,16.670390938047422,-5.560178002193736e-05,2.751515166338072e-05,-0.019198425902532203,-0.009869784876027151,-25.82201681322554
I4,12,N9,3.2891215915986427e-06,0.0001487702049583359,0.00015561050903258167,1.5945049014261993e-07,-0.00015545105854243904,16.670342882889784,-0.002591422447410632,0.0011682746964204321,-0.014644594533981148,-0.00987204934252057,-25.806613125988243
I4,13,N9,0.0001487702049583359,0.00024482484816171695,0.00010280465404927763,1.596001555912414e-07,-0.00010264505389368639,16.670342012998347,-0.0017111281543503998,0.0007722319065365165,-0.013823872824275588,-0.009872964455979166,-25.801286671097092
I4,14,N9,0.00024482484816171695,0.0005562765806033305,0.000332917746214897,1.4908422253619951e-07,-0.0003327686619923608,16.670341932639243,-0.005547367379879507,0.002498001228280749,-0.013823873492232875,-0.009872964405360486,-25.801286589912603
I4,15,N9,0.0005562765806033305,0.0006883996107786983,0.00014133912428763087,1.5948518775204844e-07,-0.00014117963909987882,16.6703422379625,-0.0023535129008270123,0.001061239571065372,-0.014644665308572544,-0.0098720525476599,-25.806612846113534
I4,16,N9,0.0006883996107786983,0.0006914932844240036,3.4954619395103182e-06,1.6668169135146918e-07,-3.328780248158849e-06,16.670389901875453,-5.5492064634469736e-05,2.7466077231463406e-05,-0.019198663819445867,-0.009869775535339768,-25.822016239511623
I4,17,N9,0.0006914932844240036,0.0006906901674762078,1.714013702469406e-07,9.018815180047646e-07,7.30480147757824e-07,60.00000060904503,4.3828809310364745e-05,8.04962166188779e-06,-0.009866253751067542,-0.009890996816820872,-52.42105622440259
I4,18,N9,0.0006906901674762078,0.0005982045539500216,1.385743484754492e-07,8.668793869291217e-05,8.654936434443672e-05,67.15000060401388,0.005811789868005943,0.0006511988478104071,-0.009865769249874697,-0.013291792021924268,-55.85550355626057
I4,19,N9,0.0005982045539500216,0.0005465837727766415,1.387610435395164e-07,4.84386191734846e-05,4.829985812994508e-05,67.15000069953585,0.0032433355072132943,0.00036433035162768086,-0.009866473348877736,-0.011523103292843223,-55.88519482763218
I4,20,N9,0.0005465837727766415,0.000505525674441222,1.3886596239681772e-07,3.8552039956144614e-05,3.8413173993747795e-05,67.15000074645322,0.0025794446623538018,0.00029018179438906075,-0.009866782799246583,-0.011139755376365012,-55.90185229159906
I4,21,N9,0.000505525674441222,0.0004694569707455198,1.3893638259354622e-07,3.3882028268221936e-05,3.374309188562839e-05,67.15000074312978,0.002265848645195443,0.0002551572348811161,-0.009866936119297696,-0.010967380563361278,-55.91302163592226
I4,22,N9,0.0004694569707455198,0.0004362195849124734,1.3898559772293893e-07,3.1231957865954116e-05,3.1092972268231176e-05,67.15000068767061,0.0020878931091934468,0.00023528207597757792,-0.009867023285447259,-0.010871907998952319,-55.92082252896497
I4,23,N9,0.0004362195849124734,0.0004046803804846262,1.3901930247634385e-07,2.96424895992873e-05,2.9503470296810954e-05,67.1500006621293,0.001981158049965968,0.00022336131676322732,-0.009867067478628033,-0.010815445183903573,-55.92616253951788
I4,24,N9,0.0004046803804846262,0.0003741177944984546,1.3904036408869084e-07,2.872839318987326e-05,2.8589352825784566e-05,67.15000064332438,0.0019197750606436612,0.00021650575165471463,-0.009867048945916527,-0.01078328927148575,-55.9294983004171
I2,1,N3,20.054924288607964,18.42965206926294,1.3849488384517431e-07,1.521254918641756,1.5212547801468723,67.15000062131764,102.15225943204491,11.4094129285248,-2.5174589574339915e-07,-2.8729034975898284e-07,-55.83240229155662
I2,2,N3,18.42965206926294,16.828231571853557,1.3849488406724663e-07,1.4989297069099943,1.4989295684151103,67.15000058510473,100.65312139610545,11.241973840536588,-2.5174589574341456e-07,-2.8674714454196907e-07,-55.83240228616887
I2,3,N3,16.828231571853557,15.25527363646876,1.3849488435418693e-07,1.4722887488549852,1.4722886103601007,67.15000051270049,98.86418094052385,11.042166655124023,-2.51745895743431e-07,-2.8616297063436425e-07,-55.8324022500424
I2,4,N3,15.25527363646876,13.711254373716994,1.3849488467169504e-07,1.4452021512704682,1.4452020127755836,67.15000040645018,97.04531574528305,10.839017173240148,-2.5174589574344685e-07,-2.856012712638384e-07,-55.83240218203063
I2,5,N3,13.711254373716994,11.97825815668466,1.384948830355651e-07,1.6220845804770776,1.6220844419821945,67.1500005407797,108.9229711562947,12.165635392289705,-2.5174589574333e-07,-2.901425560556629e-07,-55.83240207948913
I2,6,N3,11.97825815668466,10.008877376481834,1.3849488145954718e-07,1.8433405316046565,1.843340393109775,67.15000062823731,123.78030855537659,13.825055025746536,-2.517458957432118e-07,-2.960775844610519e-07,-55.83240193220517
I2,7,N3,10.008877376481834,7.721711262326351,1.384948798956375e-07,2.140787604184343,2.140787465689463,67.15000066107281,143.75387973626383,16.055908070094173,-2.5174589574308644e-07,-3.046312108774554e-07,-55.832401720975795
I2,8,N3,7.721711262326351,4.8239492099316,1.3849487781297275e-07,2.7123054023762956,2.712305263881418,67.15000066634428,182.1313002769663,20.3422915565338,-2.5174589574292037e-07,-3.2255221153155083e-07,-55.83240140224019
I2,9,N3,4.8239492099316,9.980057972112722e-07,1.3849487381826132e-07,4.515215647697356,4.5152155092024815,67.15000060813418,303.1967241888035,33.864118396441725,-2.5174589574264926e-07,-3.9645422717689935e-07,-55.83240081606771
I2,10,N3,9.980057972112722e-07,1.8944450171753808e-07,1.7140971430815394e-07,9.069847376486515e-07,7.355750233404976e-07,60.00000067696999,4.413450189839208e-05,8.087958389676042e-06,-2.517458963976879e-07,-2.517459122774146e-07,-52.41262689094888
I2,11,N3,1.8944450171753808e-07,3.31976711821107e-06,3.534717138452951e-06,1.667695770921312e-07,-3.3679475613608195e-06,16.67039093806476,-5.6145002506786715e-05,2.7761150366588115e-05,-2.5463563754921014e-07,-2.517458964019696e-07,-25.82304198474549
I2,12,N3,3.31976711821107e-06,3.3782117678323678,3.609197241965381,1.5950782926649638e-07,-3.609197082457552,16.67034288386246,-60.1665529000034,27.068980511049077,-8.320785750312648e-07,-2.5174589640186367e-07,-25.823016464893946
I2,13,N3,3.3782117678323678,14.509053935984262,11.891925575391115,1.5950768073504768e-07,-11.891925415883435,16.670342015899205,-198.24246391034126,89.18944301174096,-1.375936835415399e-06,-2.5174589640210735e-07,-25.823016179645045
I2,14,N3,14.509053935984262,26.39895897641392,12.70289017047811,1.4895303195879958e-07,-12.702890021525079,16.670341935716127,-211.76152023061945,95.27167739573356,-1.4394790703621079e-06,-2.5174589640210015e-07,-25.823016165349642
I2,15,N3,26.39895897641392,37.44107825216998,11.797136160438265,1.5950765629789931e-07,-11.797136000930609,16.670342240070003,-196.66229458816403,88.47852239959441,-1.3475137071235e-06,-2.5174589640195224e-07,-25.82301638708827
I2,16,N3,37.44107825216998,37.44108138244973,3.5346714916152032e-06,1.6676970853018593e-07,-3.3679017830850173e-06,16.67038990189309,-5.61442358753082e-05,2.7760809001090418e-05,-2.546955605608713e-07,-2.517458964017056e-07,-25.823041392360707
I2,17,N3,37.44108138244973,37.441080573888364,1.714097121674132e-07,9.069848024889056e-07,7.355750903214925e-07,60.00000060904503,4.41345058672879e-05,8.087958859922391e-06,-2.517458963976564e-07,-2.51745912277463e-07,-52.412625584700166
I2,18,N3,37.441080573888364,32.66889603732203,1.3849487386448933e-07,4.466764847560901,4.466764709066027,67.15000060108844,299.9432528987043,33.50073739541831,-2.517458957426539e-07,-3.941681951128869e-07,-55.83240081872552
I2,19,N3,32.66889603732203,29.75066444321595,1.3849487773855294e-07,2.731464893418098,2.7314647549232203,67.15000068608109,183.41786016710054,20.48598773934732,-2.517458957429149e-07,-3.231801306733731e-07,-55.832401412165225
I2,20,N3,29.75066444321595,27.393814991103493,1.3849487956794468e-07,2.206011208512066,2.2060110700171864,67.15000072761548,148.13364495678186,16.545085102552093,-2.5174589574305425e-07,-3.068367484586582e-07,-55.83240173265135
I2,21,N3,27.393814991103493,25.335436900212006,1.3849488091847233e-07,1.9266420144092415,1.9266418759143606,67.15000072484393,129.374003364164,14.449816146780918,-2.5174589574316066e-07,-2.9861200330504077e-07,-55.832401942032625
I2,22,N3,25.335436900212006,23.480321356116256,1.3849488211470366e-07,1.7363882706084348,1.7363881321135528,67.15000067675288,116.59846424653074,13.022913068274876,-2.517458957432638e-07,-2.930817857350778e-07,-55.832402085254884
I2,23,N3,23.480321356116256,21.735381820228067,1.384948828814993e-07,1.6332635269261597,1.6332633884312768,67.1500006557494,109.67363760417172,12.249477490657819,-2.517458957433248e-07,-2.902635299552757e-07,-55.83240218174219
I2,24,N3,21.735381820228067,20.054924288607964,1.3849488338175888e-07,1.5729083709312326,1.5729082324363493,67.15000063916996,105.62078881345654,11.796813820695869,-2.517458957433637e-07,-2.8865071685554455e-07,-55.832402240490765
I2,1,N8,39.41435453928341,36.13941243212583,1.3849487770508754e-07,3.065345933634297,3.0653457951394194,67.15000063983692,205.8379721049334,22.990095540968813,-2.1922598043909043e-07,-2.780844385876424e-07,-55.832401318548506
I2,2,N8,36.13941243212583,32.952542838972406,1.3849487792775746e-07,2.982910060526417,2.9829099220315394,67.1500005992984,200.30240305207099,22.37182649265971,-2.1922598043910004e-07,-2.765027591593167e-07,-55.83240130515951
I2,3,N8,32.952542838972406,29.907536996640097,1.3849487832282983e-07,2.8501255897578512,2.850125451262973,67.1500005241417,191.38592554617824,21.375942961895472,-2.1922598043911613e-07,-2.7395167067020604e-07,-55.83240127722823
I2,4,N8,29.907536996640097,27.034614298442857,1.3849487886479902e-07,2.6890557668474244,2.6890556283525457,67.15000041658307,180.57008656408848,20.167919290067275,-2.1922598043913787e-07,-2.708124048299429e-07,-55.83240123418132
I2,5,N8,27.034614298442857,23.6212335489833,1.3849487757354644e-07,3.1949245028289517,3.194924364334074,67.150000553048,214.5391728319796,23.96193480992872,-2.1922598043906349e-07,-2.824852656442958e-07,-55.83240117506433
I2,6,N8,23.6212335489833,19.54414200462183,1.3849487649043398e-07,3.816157806857142,3.8161576683622656,67.15000064856177,256.2549899055401,28.62118459014014,-2.1922598043899437e-07,-2.9834698862458923e-07,-55.83240109375753
I2,7,N8,19.54414200462183,14.636366747373112,1.384948756206341e-07,4.593677762119609,4.593677623624733,67.15000070079195,308.4654556456131,34.45258425460864,-2.1922598043892635e-07,-3.2179756092203043e-07,-55.83240097858084
I2,8,N8,14.636366747373112,8.451476975084027,1.384948748165027e-07,5.7890569481973895,5.789056809702514,67.15000071215518,388.7351688942306,43.41792815019198,-2.1922598043885064e-07,-3.6654834278022786e-07,-55.832400801680784
I2,9,N8,8.451476975084027,9.566173089614074e-07,1.384948739237649e-07,7.910581674619653,7.910581536124779,67.15000062558612,531.1955550995289,59.32936359835895,-2.1922598043874707e-07,-4.895134305630905e-07,-55.83240045368026
I2,10,N8,9.566173089614074e-07,1.0429983212788165e-07,1.701106144566309e-07,9.468023871991768e-07,7.766917727425458e-07,60.00000067628681,4.660150688981915e-05,8.376847512418557e-06,-2.192259809293012e-07,-2.1922599351008455e-07,-52.32989675931151
I2,11,N8,1.0429983212788165e-07,10.429700266773617,11.142842252364908,1.7385242344114192e-07,-11.142842078512484,6.78526428017929e-05,-0.0007560712833500951,83.57131819662999,-1.016600942693658e-06,-2.1922598136339568e-07,-8.012893855898348
I2,12,N8,10.429700266773617,24.006408237061322,14.505030054909364,1.5079658522425115e-07,-14.505029904112778,1.338311189315925e-06,-1.941224382203623e-05,108.78772654279462,-6.721758538280358e-05,-2.1922598136384376e-07,-8.012893590690522
I2,13,N8,24.006408237061322,37.58311620736236,14.505030054923358,1.5079636458602567e-07,-14.505029904126994,1.5896514301191443e-07,-2.305794153101643e-06,108.78772654289791,-6.832654788919709e-05,-2.1922598136404377e-07,-8.012893515508075
I2,14,N8,37.58311620736236,51.1598246837625,14.505030580903181,1.378964242647029e-07,-14.505030443006756,9.580658122645427e-08,-1.3896773773301186e-06,108.78773039099704,-6.838611684359808e-05,-2.1922598136407143e-07,-8.012893511673747
I2,15,N8,51.1598246837625,64.73653265407229,14.505030054932536,1.5079621977043716e-07,-14.505029904136316,4.773955325583276e-07,-6.924636475859623e-06,108.78772654296567,-6.806439070203334e-05,-2.1922598136398987e-07,-8.012893575625833
I2,16,N8,64.73653265407229,76.91848411041201,13.01490560051226,1.7385241046310027e-07,-13.01490542665985,6.643694361669872e-05,-0.0008646705380076666,97.61179330773501,-2.334843091396087e-06,-2.192259813628142e-07,-8.012893795645532
I2,17,N8,76.91848411041201,76.91848325809455,1.7011061524678555e-07,9.468023645257318e-07,7.766917492789463e-07,60.0000006048981,4.660150542655614e-05,8.37684734829388e-06,-2.192259809293273e-07,-2.1922599351006914e-07,-52.32989452711246
I2,18,N8,76.91848325809455,69.19448284660615,1.3849487441697957e-07,7.229664506487958,7.229664367993084,67.15000063079187,485.47196687114905,54.22248483737124,-2.1922598043880387e-07,-4.2444380303490335e-07,-55.83240057715337
I2,19,N8,69.19448284660615,61.56333428152175,1.3849487351921305e-07,7.142755178253801,7.142755039758928,67.15000120161257,479.6360095026362,53.57066487561506,-2.192259804386759e-07,-4.953120923334477e-07,-55.83240098359173
I2,20,N8,61.56333428152175,54.8212926316609,1.3849487375004676e-07,6.310551105604551,6.310550967109678,67.15000128192442,423.75350553106426,47.32913433074568,-2.1922598043870154e-07,-4.4804104702876727e-07,-55.832401139811154
I2,21,N8,54.8212926316609,50.14450311551247,1.3849487555531974e-07,4.377475108449734,4.377474969954859,67.15000089871253,293.9474481665604,32.83106435208457,-2.192259804389381e-07,-3.1272561304251326e-07,-55.83240121884879
I2,22,N8,50.14450311551247,46.3106870071764,1.3849487668551665e-07,3.588451998737377,3.5884518602425,67.15000074401382,240.96454508514165,26.913391029241904,-2.192259804390316e-07,-2.895103158625923e-07,-55.832401269524105
I2,23,N8,46.3106870071764,42.78638282613406,1.3849487720590754e-07,3.298748834790442,3.2987486962955646,67.15000069165774,221.51097723785222,24.740617299639894,-2.1922598043906544e-07,-2.827661151023383e-07,-55.83240130110376
I2,24,N8,42.78638282613406,39.41435453928341,1.3849487749862688e-07,3.1562185978270136,3.1562184593321363,67.1500006634538,211.94007163815806,23.671640522414183,-2.1922598043908215e-07,-2.7970835619143736e-07,-55.83240131669873
I2,1,N9,0.00027523561539244905,0.0002532898468920788,1.39196019423757e-07,2.0663188392179673e-05,2.0523992372755917e-05,67.15000062426473,0.0013781861006429644,0.0001560178830870257,-0.017819447630415684,-0.020037735258964573,-55.96258875567133
I2,2,N9,0.0002532898468920788,0.0002313286012332709,1.391953484866615e-07,2.067767442467192e-05,2.053847907618526e-05,67.15000058699441,0.0013791588820218125,0.00015612652329868935,-0.01781946751158626,-0.020039474454956945,-55.96248280954112
I2,3,N9,0.0002313286012332709,0.00020901715828168418,1.3918041113777543e-07,2.1005446004161334e-05,2.086626559302356e-05,67.15000051387041,0.0014011697452940884,0.0001585846981147433,-0.017819467761185325,-0.020079423034416337,-55.960123669476616
I2,4,N9,0.00020901715828168418,0.0001859648344438553,1.3915027843700778e-07,2.1698884114545397e-05,2.1559733836108387e-05,67.15000040725752,0.001447736135875042,0.00016378525794736803,-0.01781946171304031,-0.020164474802845327,-55.9553632974557
I2,5,N9,0.0001859648344438553,0.0001616436246035688,1.3910285421302534e-07,2.2886519864672778e-05,2.2747417010459754e-05,67.15000054216736,0.0015274890645852795,0.0001726921703916435,-0.017819447889606516,-0.020311833942647982,-55.947867803552754
I2,6,N9,0.0001616436246035688,0.00013522111743136898,1.3903412429650153e-07,2.485327395333872e-05,2.471423982904222e-05,67.15000063163647,0.0016595612201306003,0.00018744231058226416,-0.017819432074283117,-0.020560664131384344,-55.936996596530484
I2,7,N9,0.00013522111743136898,0.00010511142762120616,1.389361253363559e-07,2.8304391045975073e-05,2.816545492063872e-05,67.15000066867289,0.001891310316754366,0.0002133249537848357,-0.017819410643129707,-0.021012388756667163,-55.921478836159544
I2,8,N9,0.00010511142762120616,6.724685518811826e-05,1.3879021225078207e-07,3.5562833347162316e-05,3.5424043134911534e-05,67.15000067534658,0.002378724520432816,0.00026776217669559826,-0.017819351685177696,-0.022030611861593743,-55.898336708885296
I2,9,N9,6.724685518811826e-05,9.9099247568292e-07,1.385295233196933e-07,6.213685266010177e-05,6.199832313678209e-05,67.15000061130449,0.004163187436534771,0.00046706536637566094,-0.01781906700291806,-0.026786139708854628,-55.85687569274414
I2,10,N9,9.9099247568292e-07,1.895295805466893e-07,1.7130798006296488e-07,9.002515059487552e-07,7.289435258857904e-07,60.00000067696999,4.373661204662031e-05,8.0366961450879e-06,-0.017820736786579014,-0.01789679191686631,-52.41891852028524
I2,11,N9,1.895295805466893e-07,3.3279097884750003e-06,3.5428832956908033e-06,1.663820092006311e-07,-3.376501286490172e-06,16.670390938047422,-5.628759644861123e-05,2.781948978668576e-05,-0.044972703157375886,-0.017826309925053404,-25.839683530769733
I2,12,N9,3.3279097884750003e-06,0.00012034368838717716,0.00012519842264092882,1.590685136419636e-07,-0.00012503935412728687,16.670342882889784,-0.002084448907156952,0.0009401811836592808,-0.03274442079441199,-0.01782780579109651,-25.816417572655354
I2,13,N9,0.00012034368838717716,0.00021987715246395733,0.00010652093608330439,1.5924364297240387e-07,-0.000106361692440332,16.670342012998347,-0.0017730857900616751,0.0008001013479470759,-0.03006724475323955,-0.017828368433381807,-25.808634762530406
I2,14,N9,0.00021987715246395733,0.0003906835440248864,0.0001826552484099952,1.487500099735283e-07,-0.00018250649840002167,16.670341932639243,-0.003042445733257038,0.0013710299881497655,-0.030067252258843824,-0.017828368302001272,-25.808634701322344
I2,15,N9,0.0003906835440248864,0.0005053408396871856,0.00012267870711493752,1.5909584865622495e-07,-0.0001225196112662813,16.6703422379625,-0.0020424438506710355,0.000921283522226953,-0.03274460461927751,-0.01782781117569094,-25.816417360177702
I2,16,N9,0.0005053408396871856,0.00050847421728358,3.537555767306495e-06,1.663970272890445e-07,-3.3711587400174504e-06,16.670389901875453,-5.619853061720608e-05,2.7779645959466546e-05,-0.04497313900053692,-0.017826292156752493,-25.839683101237963
I2,17,N9,0.00050847421728358,0.0005076726831996472,1.7130573265736614e-07,9.003161697193044e-07,7.290104370619382e-07,60.00000060904503,4.3740626667716476e-05,8.03716426782503e-06,-0.017820738712453085,-0.017896795244180783,-52.41871891668716
I2,18,N9,0.0005076726831996472,0.00044096142053219335,1.3852685858860782e-07,6.256310468343875e-05,6.242457782485014e-05,67.15000060401388,0.0041918104386439985,0.0004702622365652052,-0.017819078864886057,-0.02687915774381591,-55.856451464257574
I2,19,N9,0.00044096142053219335,0.0004027780102800357,1.3878541721597473e-07,3.5861261344900833e-05,3.572247592768486e-05,67.15000069953585,0.0023987642835331907,0.0002700003507158761,-0.017819368364486225,-0.022074565062789646,-55.89757568247776
I2,20,N9,0.0004027780102800357,0.0003723950074591227,1.389297776623481e-07,2.85602064628654e-05,2.8421276685203053e-05,67.15000074645322,0.0019084887506265384,0.00021524352180395811,-0.01781942822579223,-0.02104663820709221,-55.92047329305056
I2,21,N9,0.0003723950074591227,0.00034571505774552035,1.390264297836019e-07,2.5094233430959533e-05,2.4955207001175933e-05,67.15000074312978,0.0016757421686739214,0.0001892494489555735,-0.017819449724376022,-0.020591543087917125,-55.93577923868198
I2,22,N9,0.00034571505774552035,0.0003211386482092933,1.3909389519222376e-07,2.3125378931110783e-05,2.298628503591856e-05,67.15000068767061,0.001543529055968924,0.00017448354619727254,-0.017819464791624304,-0.020341704956233147,-55.94645163884343
I2,23,N9,0.0003211386482092933,0.000297824224745079,1.3914006811114424e-07,2.1944200419616486e-05,2.180506035150534e-05,67.1500006621293,0.001464209817041353,0.00016562505365795723,-0.0178194723239618,-0.020194717528377724,-55.95375036221181
I2,24,N9,0.000297824224745079,0.00027523561539244905,1.3916891116117892e-07,2.1264863680454346e-05,2.1125694769293168e-05,67.15000064332438,0.0014185904173487107,0.00016053024443711642,-0.01781945742711414,-0.02011116345145261,-55.9583073883687
I3,1,N3,61.94654673270969,56.88215384078539,1.3849487795700985e-07,4.740271868175957,4.740271729681079,67.15000062131764,318.30924959329894,35.55204005003126,-4.622918499441265e-08,-5.110512020686044e-08,-55.832401123083464
I3,2,N3,56.88215384078539,52.05334114550693,1.3849487818675645e-07,4.519768804115447,4.519768665620569,67.15000058510473,303.5024685409593,33.898267069577436,-4.622918499441339e-08,-5.08791602948074e-08,-55.832401118892896
I3,3,N3,52.05334114550693,47.614358805155995,1.3849487861410471e-07,4.154887591903287,4.154887453408408,67.15000051270049,279.0006946265874,31.16165797798624,-4.6229184994414684e-08,-5.051623405585545e-08,-55.832401105339876
I3,4,N3,47.614358805155995,43.62858160763804,1.3849487921292146e-07,3.7306875782116107,3.7306874397167316,67.15000040645018,250.5156630933171,27.980157875298673,-4.6229184994416484e-08,-5.0089455923353483e-08,-55.83240108260676
I3,5,N3,43.62858160763804,38.641059485958884,1.384948780157843e-07,4.668320827226499,4.6683206887316215,67.1500005407797,313.4777367728615,35.01240724291033,-4.622918499441276e-08,-5.108041640788874e-08,-55.83240105081375
I3,6,N3,38.641059485958884,32.421436756540146,1.38494877077356e-07,5.8215669960707475,5.821566857575871,67.15000062823731,390.9182181435452,43.66175350924218,-4.622918499440973e-08,-5.2333360239621854e-08,-55.83240100628756
I3,7,N3,32.421436756540146,24.873432490541806,1.3849487642701856e-07,7.06493211430925,7.064931975814374,67.15000066107281,474.41018684636964,52.98699189603094,-4.62291849944074e-08,-5.3789667554765106e-08,-55.83240094227375
I3,8,N3,24.873432490541806,15.10736535357487,1.3849487571401282e-07,9.141038961535857,9.141038823040981,67.15000066634428,613.8207630582808,68.5577932502305,-4.622918499440495e-08,-5.6402135054320234e-08,-55.83240084424225
I3,9,N3,15.10736535357487,9.980058513619522e-07,1.3849487419895567e-07,14.14049315814741,14.140493019652535,67.15000060813418,949.5341148689848,106.05369972481712,-4.6229184994401886e-08,-6.404720246056725e-08,-55.83240065778461
I3,10,N3,9.980058513619522e-07,1.8944448983604167e-07,1.714097159556986e-07,9.06984800898176e-07,7.355750849424775e-07,60.00000067696999,4.413450559451091e-05,8.08795887640406e-06,-4.6229185024632075e-08,-4.622918575747463e-08,-52.412626878458674
I3,11,N3,1.8944448983604167e-07,3.3197641922713594e-06,3.534714039903218e-06,1.6676959002359246e-07,-3.3679444498796253e-06,16.67039093806476,-5.614495063717881e-05,2.776112722445108e-05,-4.635990596752019e-08,-4.6229185024846454e-08,-25.82304147060358
I3,12,N3,3.3197641922713594e-06,1.244522926091609,1.329615146091652,1.5950784981868613e-07,-1.3296149865838023,16.67034288386246,-22.165137729874168,9.972114791996264,-5.50651587501271e-08,-4.62291850248509e-08,-25.82301559815841
I3,13,N3,1.244522926091609,46.42387447365735,48.268538160234996,1.595077176435087e-07,-48.268538000727276,16.670342015899205,-804.6530370795514,362.0140373980704,-2.0602735841682594e-07,-4.6229185024854355e-08,-25.823015193281723
I3,14,N3,46.42387447365735,101.77118816286514,59.131745564471885,1.489530638953311e-07,-59.13174541551882,16.670341935716127,-985.7464153324132,443.4880928506871,-2.617079621367265e-07,-4.622918502485474e-08,-25.823015172566162
I3,15,N3,101.77118816286514,118.26352299257589,17.620016025774518,1.595076926272716e-07,-17.620015866266826,16.670342240070003,-293.7316947661315,132.15012138961657,-9.480948981062525e-08,-4.622918502485286e-08,-25.8230152655641
I3,16,N3,118.26352299257589,118.26352612284988,3.53466537360816e-06,1.6676973003309705e-07,-3.3678956435750633e-06,16.67038990189309,-5.614413352728346e-05,2.7760763277309428e-05,-4.636189456548079e-08,-4.62291850248332e-08,-25.823040750796544
I3,17,N3,118.26352612284988,118.26352531428844,1.7140971381878034e-07,9.069848656258761e-07,7.355751518070958e-07,60.00000060904503,4.413450955642414e-05,8.087959345834923e-06,-4.622918502463083e-08,-4.622918575747664e-08,-52.412625568633416
I3,18,N3,118.26352531428844,103.90732481094757,1.3849487426298456e-07,13.437403792461863,13.437403653966989,67.15000060108844,902.3216634409513,100.78052948217552,-4.622918499440216e-08,-6.292501159367707e-08,-55.832400663403625
I3,19,N3,103.90732481094757,94.09473469388836,1.3849487568291184e-07,9.184584470902234,9.184584332407358,67.15000068608109,616.7448442225236,68.88438457047832,-4.6229184994404864e-08,-5.6451865662250594e-08,-55.832400861254165
I3,20,N3,94.09473469388836,85.89857551255318,1.384948761568845e-07,7.671605115064527,7.671604976569651,67.15000072761548,515.1482797586306,57.53703940169552,-4.6229184994406154e-08,-5.465828441388076e-08,-55.83240096340827
I3,21,N3,85.89857551255318,78.84170215697053,1.3849487660404256e-07,6.605233582160173,6.605233443665296,67.15000072484393,443.54143052988803,49.53925290491287,-4.6229184994407636e-08,-5.3338245865882533e-08,-55.83240102724141
I3,22,N3,78.84170215697053,72.80568347995548,1.384948771717459e-07,5.6497136030209045,5.649713464526028,67.15000067675288,379.37826296638264,42.37285306136836,-4.6229184994410005e-08,-5.212322045537903e-08,-55.83240106917977
I3,23,N3,72.80568347995548,67.2372469508104,1.3849487750970899e-07,5.212056712614592,5.212056574119714,67.1500006557494,349.98960236994174,39.090426383321024,-4.622918499441118e-08,-5.16229827965389e-08,-55.832401096554676
I3,24,N3,67.2372469508104,61.94654673270969,1.3849487774293085e-07,4.952095525477076,4.952095386982198,67.15000063916996,332.53320840108523,37.14071747978965,-4.622918499441197e-08,-5.133498759559876e-08,-55.83240111225341
I3,1,N8,63.19439193649803,58.11703970285769,1.384948771677321e-07,4.752401812022164,4.752401673527287,67.15000063983692,319.12377541811935,35.64301462887781,-1.0142909688253742e-07,-1.2083885406841942e-07,-55.83240111864006
I3,2,N8,58.11703970285769,53.25195540090337,1.3849487738756165e-07,4.553719027964054,4.5537188894691765,67.1500005992984,305.7822261568916,34.15289374844199,-1.014290968825395e-07,-1.2013747097322839e-07,-55.83240110380021
I3,3,N8,53.25195540090337,48.75660328211593,1.384948778210429e-07,4.207649704519849,4.207649566024971,67.1500005241417,282.5436705639814,31.557373822610447,-1.0142909688254371e-07,-1.1883871352086324e-07,-55.8324010810113
I3,4,N8,48.75660328211593,44.701624813927694,1.384948784449647e-07,3.7954599675590055,3.7954598290641273,67.15000041658307,254.86512910278046,28.46595079540413,-1.0142909688254988e-07,-1.1722466798115872e-07,-55.83240105005971
I3,5,N8,44.701624813927694,39.59109265786102,1.384948772837955e-07,4.783458219413213,4.7834580809183365,67.150000553048,321.20921277914823,35.87593768431068,-1.0142909688253406e-07,-1.217144491261902e-07,-55.832401010741236
I3,6,N8,39.59109265786102,33.12079880026532,1.3849487639429397e-07,6.056195172044376,6.0561950335495,67.15000064856177,406.6735004306655,45.42146482904439,-1.0142909688252039e-07,-1.2796359929659512e-07,-55.83240095936542
I3,7,N8,33.12079880026532,24.978310450055343,1.3849487581079544e-07,7.621369217131346,7.62136907863647,67.15000070079195,511.7749389714331,57.160270167196664,-1.0142909688250836e-07,-1.3696508414743175e-07,-55.83240088888243
I3,8,N8,24.978310450055343,14.38469786093688,1.3849487545574612e-07,9.915621504749689,9.915621366254813,67.15000071215518,665.8339818054718,74.36716232433423,-1.0142909688249691e-07,-1.5304016275144153e-07,-55.8324007826095
I3,9,N8,14.38469786093688,9.56617306435822e-07,1.384948754474404e-07,13.464076423777929,13.464076285283053,67.15000062558612,904.1127309796962,100.98057421704604,-1.0142909688248523e-07,-1.892950713448587e-07,-55.832400574733306
I3,10,N8,9.56617306435822e-07,1.0429982604227046e-07,1.7011061645500716e-07,9.468023922821301e-07,7.766917758271229e-07,60.00000067628681,4.660150707489378e-05,8.37684756552853e-06,-1.0142909699836623e-07,-1.0142909997130332e-07,-52.32989685297778
I3,11,N8,1.0429982604227046e-07,3.8061772468655732,4.066428769557195,1.7385244064241676e-07,-4.066428595704754,6.78526428017929e-05,-0.000275917926983351,30.49821707557227,-1.1835347283591128e-07,-1.0142909710114171e-07,-8.01289230868011
I3,12,N8,3.8061772468655732,31.735456283608674,29.838973501977115,1.5079660318728853e-07,-29.838973351180513,1.338311189315925e-06,-3.993383191358459e-05,223.7923023958029,-6.50788086559666e-05,-1.0142909710131383e-07,-8.012891432157756
I3,13,N8,31.735456283608674,59.66473532036511,29.83897350199111,1.507963825095853e-07,-29.838973351194728,1.5896514301191443e-07,-4.743356666101373e-06,223.79230239590618,-6.619118566673088e-05,-1.014290971013608e-07,-8.012891360613077
I3,14,N8,59.66473532036511,87.59401486322126,29.838974027971588,1.3789643945927123e-07,-29.83897389007515,9.580658122645427e-08,-2.858770075713533e-06,223.7923062440102,-6.624613242202029e-05,-1.014290971013679e-07,-8.012891351839947
I3,15,N8,87.59401486322126,115.52329389998643,29.838973502000275,1.5079623792685657e-07,-29.838973351204036,4.773955325583276e-07,-1.4244992573991795e-05,223.79230239597385,-6.590192239722467e-05,-1.0142909710135123e-07,-8.012891391773648
I3,16,N8,115.52329389998643,129.951982796924,15.415266113971528,1.7385243441598283e-07,-15.415265940119093,6.643694361669872e-05,-0.0010241431541001085,115.61449715867973,-2.2598061846004676e-07,-1.0142909710107617e-07,-8.012891588467866
I3,17,N8,129.951982796924,129.95198194460656,1.7011061730755917e-07,9.468023675976472e-07,7.76691750290088e-07,60.0000006048981,4.660150548722464e-05,8.376847386789046e-06,-1.0142909699835988e-07,-1.0142909997131399e-07,-52.329894612925735
I3,18,N8,129.95198194460656,118.30586401902674,1.38494875933548e-07,10.900766499677509,10.900766361182633,67.15000063079187,731.9864680295285,81.75574978629288,-1.0142909688249878e-07,-1.545439709098473e-07,-55.83240069867049
I3,19,N8,118.30586401902674,102.61185699562216,1.384948742597035e-07,14.689590695241488,14.689590556746614,67.15000120161257,986.4060235367318,110.17193125302272,-1.0142909688245919e-07,-2.5627552873925663e-07,-55.83240099398675
I3,20,N8,102.61185699562216,87.94408951695507,1.38494874035428e-07,13.729030481367214,13.72903034287234,67.15000128192442,921.9044051234569,102.96772964896566,-1.0142909688245837e-07,-2.512099765932812e-07,-55.83240107643829
I3,21,N8,87.94408951695507,79.92535002861277,1.3849487553979188e-07,7.5055402824232,7.505540143928325,67.15000089871253,503.99702741011004,56.29155315688556,-1.014290968825098e-07,-1.339833273550307e-07,-55.83240110688204
I3,22,N8,79.92535002861277,73.87497825480452,1.384948764650463e-07,5.663148101619329,5.663147963124452,67.15000074401382,380.2803899372673,42.47361180085654,-1.014290968825288e-07,-1.2422088212758085e-07,-55.8324011241352
I3,23,N8,73.87497825480452,68.40368156474482,1.3849487684546276e-07,5.121133823230688,5.1211336847358115,67.15000069165774,343.8841304720815,38.40850471294174,-1.0142909688253459e-07,-1.2199324588585674e-07,-55.83240113245174
I3,24,N8,68.40368156474482,63.19439193649803,1.384948770494797e-07,4.875895213373792,4.875895074878915,67.1500006634538,327.4163575130503,36.56921513901502,-1.0142909688253709e-07,-1.2108905879623543e-07,-55.83240113289107
I3,1,N9,0.00030642776808549664,0.00028211763504327217,1.3918604284876704e-07,2.2876224862917704e-05,2.2737038820068937e-05,67.15000062426473,0.0015267921709615606,0.00017261558179324852,-0.011970138558505256,-0.013041488398387376,-55.95475791638896
I3,2,N9,0.00028211763504327217,0.00025779029187329526,1.3918543875379943e-07,2.289233301324885e-05,2.275314757449505e-05,67.15000058699441,0.0015278738729833131,0.00017273638839001987,-0.011970151154261326,-0.013042302484360311,-55.954662460916765
I3,3,N9,0.00025779029187329526,0.0002330766734474708,1.3917209875917737e-07,2.325387496560622e-05,2.3114702866847043e-05,67.15000051387041,0.0015521523093867408,0.00017544785298274047,-0.011970143938992978,-0.013060914314865448,-55.952554874062685
I3,4,N9,0.0002330766734474708,0.00020754602820386686,1.3914520054335917e-07,2.4018588501628522e-05,2.3879443301085164e-05,67.15000040725752,0.0016035046273929516,0.00018118300276628909,-0.011970125554771964,-0.013100459620136746,-55.94830422596408
I3,5,N9,0.00020754602820386686,0.0001806161938609811,1.3910289059877635e-07,2.5328192430983117e-05,2.518908954038434e-05,67.15000054216736,0.0016914473762935107,0.0001910047149118642,-0.011970092445827448,-0.013168742562617202,-55.941615600797775
I3,6,N9,0.0001806161938609811,0.00015136902990608154,1.3904162729052527e-07,2.7497159275288713e-05,2.7358117647998187e-05,67.15000063163647,0.0018370976173434632,0.0002072715067693443,-0.011970043402823103,-0.013283405824372247,-55.93192434773348
I3,7,N9,0.00015136902990608154,0.00011805224570700794,1.3895440730375113e-07,3.1306247410754076e-05,3.116729300345033e-05,67.15000066867289,0.0020928837460224134,0.0002358390136354337,-0.011969962783115254,-0.013489678736430621,-55.918114039092096
I3,8,N9,0.00011805224570700794,7.613739889006718e-05,1.388249237301206e-07,3.935392058103681e-05,3.921509565730669e-05,67.15000067534658,0.002633293699871925,0.000296195591285752,-0.011969796006273745,-0.013947282839278565,-55.89758340039371
I3,9,N9,7.613739889006718e-05,9.910936048225535e-07,1.3859530540008955e-07,7.045836453966876e-05,7.031976923426868e-05,67.15000061130449,0.004721972547067932,0.0005294771988380164,-0.011969358363388225,-0.016052388960462783,-55.861089318728055
I3,10,N9,9.910936048225535e-07,1.8924622466089652e-07,1.714029247268476e-07,9.006945645728033e-07,7.292916398459556e-07,60.00000067696999,4.375749888446589e-05,8.04073116974738e-06,-0.011969979211468633,-0.012005633221934469,-52.42317019719607
I3,11,N9,1.8924622466089652e-07,3.2817089297770163e-06,3.4941231642328636e-06,1.6664223570306657e-07,-3.3274809285297973e-06,16.670390938047422,-5.547040791748876e-05,2.7455740499519474e-05,-0.023212605355242583,-0.011974351941950498,-25.82160180306072
I3,12,N9,3.2817089297770163e-06,0.00012180513731882522,0.00012680958670975418,1.5944270591968428e-07,-0.0001266501440038345,16.670342882889784,-0.002111301326711289,0.0009522677206175539,-0.017721993165136462,-0.011975912364039432,-25.802839120128617
I3,13,N9,0.00012180513731882522,0.00019990100764142926,8.361795992012179e-05,1.5962559222164007e-07,-8.345833432790015e-05,16.670342012998347,-0.001391278977081256,0.0006283318913425758,-0.016735669312756805,-0.011976501420384526,-25.79634927698869
I3,14,N9,0.00019990100764142926,0.0004558299308714617,0.00027359854437683257,1.4911819105517472e-07,-0.0002734494261857774,16.670341932639243,-0.004558495435800905,0.0020531074692591578,-0.01673566998991288,-0.011976501332957967,-25.796349195734685
I3,15,N9,0.0004558299308714617,0.0005632894233095408,0.0001149891910498613,1.5948539997726386e-07,-0.00011482970564988403,16.6703422379625,-0.001914250492268063,0.0008636150733737891,-0.017722062546048762,-0.01197591636904554,-25.802838840113257
I3,16,N9,0.0005632894233095408,0.0005663743501266338,3.4860986396163547e-06,1.6666557297430963e-07,-3.3194330666420453e-06,16.670389901875453,-5.5336243474101015e-05,2.7395731594429983e-05,-0.023212841161496595,-0.01197433953152842,-25.82160122815627
I3,17,N9,0.0005663743501266338,0.0005655724378666654,1.7140087636518413e-07,9.007534975104665e-07,7.293526211452824e-07,60.00000060904503,4.3761157712925534e-05,8.04115780406738e-06,-0.011969980386361698,-0.012005634015748903,-52.42300578763335
I3,18,N9,0.0005655724378666654,0.0004898842567990634,1.3859311134632857e-07,7.096555834975354e-05,7.082696523840722e-05,67.15000060401388,0.004756030758539515,0.0005332811359582489,-0.01196936622232691,-0.01609195934221712,-55.86074032883092
I3,19,N9,0.0004898842567990634,0.00044762029107736694,1.38820752178265e-07,3.968069222120821e-05,3.954187146902995e-05,67.15000069953585,0.0026552366968063176,0.0002986463473003985,-0.011969809963903686,-0.013966491522169075,-55.89692161412905
I3,20,N9,0.00044762029107736694,0.00041400449202243656,1.3894881849981983e-07,3.1586120419507196e-05,3.1447171601007376e-05,67.15000074645322,0.0021116775964814876,0.00023793801928505262,-0.01196997874210665,-0.013505058351941816,-55.91722888534135
I3,21,N9,0.00041400449202243656,0.0003844751776865225,1.3903481655372206e-07,2.7761246065059056e-05,2.7622211248505333e-05,67.15000074312978,0.001854831505864021,0.00020925210661209586,-0.011970060125530188,-0.013297473521308764,-55.93084684916975
I3,22,N9,0.0003844751776865225,0.0003572651880905733,1.3909493623767575e-07,2.5590410779066528e-05,2.545131584282885e-05,67.15000068767061,0.0017090558763480793,0.00019297129286478153,-0.011970109119645935,-0.013182469925091629,-55.94035813382337
I3,23,N9,0.0003572651880905733,0.00033144641729449117,1.3913611672700886e-07,2.428826606045294e-05,2.414912994372593e-05,67.1500006621293,0.0016216140917110428,0.00018320551632884964,-0.011970138102812281,-0.013114436979971287,-55.946869000989516
I3,24,N9,0.00033144641729449117,0.00030642776808549664,1.3916185280274343e-07,2.3539374802211978e-05,2.3400212949409235e-05,67.15000064332438,0.0015713243146067576,0.0001775890249126104,-0.011970140842031492,-0.013075642696561057,-55.95093625270758
