investor,hour,node,installed_power_mw,charge_offer_mw,charge_bid_price_eur_per_mwh,accepted_charge_mw,discharge_offer_mw,discharge_offer_price_eur_per_mwh,accepted_discharge_mw,joint_lambda_eur_per_mwh
I1,1,N1,0.00018533532059899517,0.00017194117016827463,-7.484323495548871,6.575247522009834e-07,0.00017202964104985556,7.484122497231846,8.819014103402633e-07,67.14742370404257
I1,1,N2,0.00021253534000117755,0.00017975773185364893,-7.484580452198166,8.999185186757059e-06,0.00017957906922071108,7.484072033637741,3.600298445602184e-07,67.14742403925963
I1,1,N3,0.0002833983896066882,0.0002780628980141279,-7.484041352140968,4.273274200510127e-07,0.00027810740156720563,7.484405754135887,4.691915248105328e-06,67.14742397139852
I1,1,N4,0.0001853370646535749,0.00017194142364617147,-7.48432348749016,6.575248242856126e-07,0.0001720298977932639,7.484122500914687,8.819013594577905e-07,67.14742394823318
I1,1,N5,0.00020460075416673908,0.00017229641365371407,-7.483834481604424,7.398707009301835e-07,0.0001723486375138986,7.48469422501778,7.544827776621411e-07,67.14742404437659
I1,1,N6,0.0003929828880788643,0.0001954542209823231,-7.484256540381837,4.38920745379132e-07,0.00019555256839007333,7.484196602659335,3.5530712920451743e-06,67.14742397094646
I1,1,N7,0.0002116988168668286,0.00017935155084703873,-7.484591449600401,9.0123101143189e-06,0.0001791474331515778,7.484066953254322,3.5998449443437143e-07,67.14742403925963
I1,1,N8,0.00012331117814233202,4.8689409810695505e-05,-7.5,4.1479625987385066e-07,4.859923069938457e-05,7.5,5.615514797857597e-06,67.14742401261897
I1,1,N9,0.0002862735115515657,0.000277017426569975,-7.483970691276751,4.266985471331171e-07,0.00027697394269270387,7.484473767409705,4.778987108938459e-06,67.14742397547765
I1,2,N1,0.00018533532059899517,0.00017194357428347633,-7.48432259828045,6.5739551101524e-07,0.00017202505668121706,7.48412259671891,8.821323148572968e-07,67.14999912376713
I1,2,N2,0.00021253534000117755,0.00017975257335331915,-7.484578974685835,8.962130506128312e-06,0.00017958363207671592,7.484071840353991,3.6010204423257974e-07,67.14999948203827
I1,2,N3,0.0002833983896066882,0.00027806334050678504,-7.4840406773550665,4.267740560486384e-07,0.0002781072850332138,7.48440602727395,4.7706765523657924e-06,67.14999943884283
I1,2,N4,0.0001853370646535749,0.00017194382830207426,-7.484322590239067,6.573955815425136e-07,0.000172025313437991,7.4841226004030545,8.821322670839862e-07,67.14999939996554
I1,2,N5,0.00020460075416673908,0.0001722936455272347,-7.483833086318359,7.397084210444765e-07,0.00017235159005696033,7.4846948165872345,7.546519871985038e-07,67.14999948535035
I1,2,N6,0.0003929828880788643,0.00019545421282653045,-7.484255676957908,4.387492407299803e-07,0.00019555249317944784,7.484196753663333,3.565310910229295e-06,67.14999942992158
I1,2,N7,0.0002116988168668286,0.00017934641970298443,-7.484589798478032,8.97515354452909e-06,0.0001791521467634416,7.484066921268321,3.600566694806523e-07,67.14999948203827
I1,2,N8,0.00012331117814233202,4.868769872154785e-05,-7.5,4.135192923183046e-07,4.860076874895957e-05,7.5,5.867391268933634e-06,67.14999945987167
I1,2,N9,0.0002862735115515657,0.00027701707943945367,-7.483970034456489,4.2614469936396585e-07,0.0002769739292056526,7.48447405101548,4.860937952225895e-06,67.1499994405838
I1,3,N1,0.00018533532059899517,0.00017194553320249795,-7.484321718637702,6.573841022468225e-07,0.00017202145620917654,7.48412269636615,8.821462093438274e-07,67.14999934697849
I1,3,N2,0.00021253534000117755,0.00017974613146261773,-7.4845775395795435,8.972978497176583e-06,0.00017959046260383169,7.484071651285664,3.6008549293871335e-07,67.14999975031145
I1,3,N3,0.0002833983896066882,0.00027806393048587574,-7.484040010993992,4.262454487789346e-07,0.0002781062239093851,7.484406302361906,4.847985251446665e-06,67.14999970393472
I1,3,N4,0.0001853370646535749,0.00017194578804615292,-7.484321710612793,6.573841709470157e-07,0.0001720217127530631,7.484122700051721,8.82146165304055e-07,67.14999966429109
I1,3,N5,0.00020460075416673908,0.0001722911385388916,-7.483831491114861,7.397020686258632e-07,0.0001723541537323457,7.4846956462572365,7.546572830708482e-07,67.14999975089775
I1,3,N6,0.0003929828880788643,0.00019545423584059905,-7.4842548301038185,4.38627273346185e-07,0.00019555234411802998,7.484196903542532,3.574250487647379e-06,67.1499996956228
I1,3,N7,0.0002116988168668286,0.000179340224039495,-7.484588207706068,8.986330345785535e-06,0.0001791589199035011,7.484066874429818,3.6003961267874985e-07,67.14999975031145
I1,3,N8,0.00012331117814233202,4.868665731476081e-05,-7.5,4.1208992998626143e-07,4.8602322338822924e-05,7.5,6.173167527973856e-06,67.1499997348533
I1,3,N9,0.0002862735115515657,0.00027701683787433767,-7.483969381292157,4.256153109419189e-07,0.0002769743105835397,7.484474340617572,4.9416276745678615e-06,67.14999970707255
I1,4,N1,0.00018533532059899517,0.00017194712658034935,-7.484320853692944,6.574899263493621e-07,0.00017201860497650373,7.484122796278642,8.819442712518761e-07,67.14743644682248
I1,4,N2,0.00021253534000117755,0.00017973765855788007,-7.484576139180955,9.031062598002142e-06,0.00017960001765334138,7.484071467405473,3.5998031140991385e-07,67.14743688679366
I1,4,N3,0.0002833983896066882,0.00027806460879463483,-7.484039350675751,4.257395667570004e-07,0.0002781049591424789,7.484406579599758,4.923567826164855e-06,67.14743684330159
I1,4,N4,0.0001853370646535749,0.00017194738300793086,-7.484320845684005,6.574899937222951e-07,0.00017201886024334015,7.484122799965741,8.81944230261835e-07,67.14743679872863
I1,4,N5,0.00020460075416673908,0.00017228943224163658,-7.483829692707239,7.398509141346226e-07,0.0001723557034185007,7.4846967144897025,7.544994291232101e-07,67.14743688594443
I1,4,N6,0.0003929828880788643,0.00019545426632917962,-7.484253996939946,4.385544679340654e-07,0.00019555217726977705,7.4841970524301615,3.579838653216791e-06,67.14743683118107
I1,4,N7,0.0002116988168668286,0.00017933199919416834,-7.48458666971665,9.045186872955658e-06,0.00017916852435770513,7.484066813370184,3.5993343811987914e-07,67.14743688679366
I1,4,N8,0.00012331117814233202,4.8685927628866637e-05,-7.5,4.104661393745172e-07,4.860397755190992e-05,7.5,6.560030306597217e-06,67.14743687455326
I1,4,N9,0.0002862735115515657,0.00027701669412826294,-7.483968729566131,4.2510828836845696e-07,0.00027697418858534795,7.4844746364296935,5.02077228203875e-06,67.14743684330202
I1,5,N1,0.00018533532059899517,0.00017194836940375276,-7.484319971378824,6.573362443321584e-07,0.0001720164133810887,7.484122898678276,8.822003409822825e-07,67.14999941062712
I1,5,N2,0.00021253534000117755,0.00017972681404860956,-7.4845746987039306,9.07880893321271e-06,0.0001796125694097456,7.484071291247716,3.599016877213444e-07,67.14999981561111
I1,5,N3,0.0002833983896066882,0.0002780653978170256,-7.484038669942681,4.250943207685197e-07,0.00027810300743131856,7.484406861436781,5.018270052332061e-06,67.14999976462673
I1,5,N4,0.0001853370646535749,0.00017194863045835525,-7.484319963387247,6.573363139000827e-07,0.00017201666267045195,7.484122902366936,8.822002970263241e-07,67.14999972793971
I1,5,N5,0.00020460075416673908,0.00017228834844822233,-7.483827656681374,7.396795196647134e-07,0.0001723565187564109,7.48469802389323,7.54673017957724e-07,67.14999981711021
I1,5,N6,0.0003929828880788643,0.00019545425023879403,-7.484253145758181,4.3836066685901465e-07,0.00019555212294775285,7.484197202562138,3.593000963079151e-06,67.1499997579648
I1,5,N7,0.0002116988168668286,0.00017932083428319633,-7.484585108298258,9.09403776209829e-06,0.0001791819378625321,7.484066740355182,3.598532826292705e-07,67.14999981561111
I1,5,N8,0.00012331117814233202,4.868544819424999e-05,-7.5,4.084381466562329e-07,4.8604478033304426e-05,7.5,7.111603389173289e-06,67.14999979837565
I1,5,N9,0.0002862735115515657,0.0002770166508008584,-7.483968054593451,4.2446193932419283e-07,0.00027697402808710955,7.484474940995975,5.120013279177115e-06,67.14999976846725
I1,6,N1,0.00018533532059899517,0.00017194938849388392,-7.484319103808762,6.572997967299486e-07,0.00017201464524621769,7.484123001169166,8.822407860886354e-07,67.14999966936135
I1,6,N2,0.00021253534000117755,0.00017971356486811565,-7.484573290812001,9.170232809968525e-06,0.00017962778117841546,7.484071122204343,3.5973308696984153e-07,67.15000001135438
I1,6,N3,0.0002833983896066882,0.000278066365262068,-7.484037995266943,4.244683937015376e-07,0.00027810189979418605,7.484407145403322,5.111578491320898e-06,67.14999992633449
I1,6,N4,0.0001853370646535749,0.0001719496560341526,-7.484319095834579,6.572998705681157e-07,0.00017201488588659602,7.484123004859443,8.822407357281545e-07,67.14999991355197
I1,6,N5,0.00020460075416673908,0.00017228763382769253,-7.483825416768383,7.396633491930604e-07,0.000172356895783905,7.484699572734227,7.54683370704637e-07,67.15000001790281
I1,6,N6,0.0003929828880788643,0.0001954542418453577,-7.4842523083147405,4.3821598491094837e-07,0.00019555205130231164,7.4841973515812334,3.602777774374898e-06,67.14999993346309
I1,6,N7,0.0002116988168668286,0.00017930538044712939,-7.48458359790286,9.187083559441224e-06,0.00017920019532599067,7.484066654607643,3.596826120143198e-07,67.15000001135441
I1,6,N8,0.00012331117814233202,4.8684856039613974e-05,-7.5,4.060575894327478e-07,4.860785323812312e-05,7.5,7.894556491969535e-06,67.1499999813532
I1,6,N9,0.0002862735115515657,0.0002770166952378674,-7.483967381059086,4.238344021258616e-07,0.00027697337348091033,7.484475251769624,5.217938191992639e-06,67.14999993554734
I1,7,N1,0.00018533532059899517,0.0001719502285820992,-7.484318240323171,6.57255049113687e-07,0.00017201320782466646,7.484123104433902,8.822893087109252e-07,67.14999985971356
I1,7,N2,0.00021253534000117755,0.00017969941890801208,-7.484571889758611,9.281951976450003e-06,0.00017964412087958582,7.484070961983575,3.595118288781192e-07,67.15000017882261
I1,7,N3,0.0002833983896066882,0.0002780676644314215,-7.484037317841578,4.2380610152084186e-07,0.0002780998693459966,7.484407432307906,5.210672884503275e-06,67.1500000077742
I1,7,N4,0.0001853370646535749,0.00017195050283074908,-7.484318232365981,6.572551271676756e-07,0.00017201343974361787,7.484123108125928,8.822892519857595e-07,67.1500000345741
I1,7,N5,0.00020460075416673908,0.00017228703721715023,-7.483822961083943,7.396439863033043e-07,0.00017235713432627,7.4847013623757075,7.546949791208538e-07,67.15000019687072
I1,7,N6,0.0003929828880788643,0.00019545423247630106,-7.4842514740698505,4.3806370263794485e-07,0.00019555198632031554,7.4841975001903815,3.6127986394949245e-06,67.15000003904545
I1,7,N7,0.0002116988168668286,0.00017928444840287666,-7.484582112323121,9.300957377041807e-06,0.00017922403683592506,7.48406655771746,3.594586894640165e-07,67.15000017882261
I1,7,N8,0.00012331117814233202,4.868412232414455e-05,-7.5,4.031010771867627e-07,4.86099339335089e-05,7.5,9.148685085991535e-06,67.15000011439368
I1,7,N9,0.0002862735115515657,0.0002770168295981341,-7.483966700743766,4.2317006823715946e-07,0.000276973138432612,7.484475569597265,5.321738021406319e-06,67.15000002831115
I1,8,N1,0.00018533532059899517,0.00017195094476381764,-7.484317380961677,6.572020569604589e-07,0.00017201200374170368,7.484123208385753,8.823433298995932e-07,67.14999986258955
I1,8,N2,0.00021253534000117755,0.00017968868281404142,-7.48457049428508,9.403645340170084e-06,0.00017965787013404476,7.484070811862495,3.592362152770423e-07,67.1500002333285
I1,8,N3,0.0002833983896066882,0.0002780696058356746,-7.484036637679786,4.2310470117947715e-07,0.000278096604093693,7.484407722139123,5.317242674658215e-06,67.14999998308025
I1,8,N4,0.0001853370646535749,0.0001719512248459392,-7.484317373020655,6.572021378929884e-07,0.00017201222848262876,7.4841232120796946,8.8234326893213e-07,67.14999999749661
I1,8,N5,0.00020460075416673908,0.00017228650307635348,-7.483820289006941,7.396215301024194e-07,0.00017235729717028118,7.484703393561624,7.547069444078806e-07,67.15000027811877
I1,8,N6,0.0003929828880788643,0.00019545422851771898,-7.484250643063783,4.379038246696205e-07,0.00019555191550953821,7.484197648326207,3.623055990439176e-06,67.14999999812864
I1,8,N7,0.0002116988168668286,0.0001792588104898064,-7.484580650345988,9.425401859353144e-06,0.0001792524222126385,7.484066450895323,3.5917974902852564e-07,67.1500002333285
I1,8,N8,0.00012331117814233202,4.8683278411437494e-05,-7.5,3.9919399179057946e-07,4.8612024456591484e-05,7.5,1.1576378179758826e-05,67.15000010639858
I1,8,N9,0.0002862735115515657,0.0002770170560075738,-7.483966013657557,4.224661250513944e-07,0.00027697286522030887,7.484475894477054,5.432540310590439e-06,67.14999999894148
I1,9,N1,0.00018533532059899517,0.00017195161059549086,-7.484316525744033,6.572679489605441e-07,0.0001720109112508976,7.484123312941328,8.821695237015712e-07,67.14740437252662
I1,9,N2,0.00021253534000117755,0.00017968559531779388,-7.48456910302343,9.53001563502995e-06,0.0001796627286692014,7.4840706732420355,3.588651997342899e-07,67.14740468591606
I1,9,N3,0.0002833983896066882,0.0002780732372012039,-7.4840359547928905,4.224137815259202e-07,0.0002780921300250053,7.484408014885963,5.429525248130336e-06,67.14740446780631
I1,9,N4,0.0001853370646535749,0.00017195189613061307,-7.484316517818618,6.572680322033203e-07,0.00017201112948395637,7.484123316637326,8.821694591537445e-07,67.14740448140408
I1,9,N5,0.00020460075416673908,0.00017228619260846887,-7.483817399784872,7.39756589311558e-07,0.00017235718200918617,7.484705667165052,7.545504138144191e-07,67.14740471934387
I1,9,N6,0.0003929828880788643,0.0001954542619905295,-7.484249815321105,4.3779361280794405e-07,0.00019555176778116772,7.4841977959274075,3.6297824042589313e-06,67.14740446965801
I1,9,N7,0.0002116988168668286,0.0001792379125179206,-7.484579210619934,9.555211081349284e-06,0.00017927826256217098,7.484066335511942,3.5880464534437996e-07,67.14740468591606
I1,9,N8,0.00012331117814233202,4.8682331317571596e-05,-7.5,3.9317321225608773e-07,4.861403380181272e-05,7.5,1.8840588050092855e-05,67.14740448623566
I1,9,N9,0.0002862735115515657,0.0002770173793863191,-7.483965319797393,4.2177196987524787e-07,0.000276972453355858,7.484476226409871,5.5473057003951775e-06,67.14740447202948
I1,10,N1,0.00018533532059899517,3.306607053968855e-05,-7.5,1.3411512341279455e-06,0.00017199758317015335,7.4840965234741805,5.14351392305008e-07,60.00000021405383
I1,10,N2,0.00021253534000117755,3.339758604440807e-05,-7.5,3.208083026623619e-05,0.00017968509606437177,7.48405022111589,2.7568279448549463e-07,60.000000422986304
I1,10,N3,0.0002833983896066882,2.8920751831007872e-05,-7.5,6.293907975713331e-07,0.00027807632777328934,7.4843738384511,1.0266997871087275e-06,60.00000023779161
I1,10,N4,0.0001853370646535749,3.306732659197929e-05,-7.5,1.34115385213519e-06,0.00017199779126847464,7.484096526896677,5.143513663055691e-07,60.000000276436005
I1,10,N5,0.00020460075416673908,4.615126519532158e-05,-7.5,1.756435860342498e-06,0.00017234110673218582,7.484681260399402,4.675032942361721e-07,60.00000044291723
I1,10,N6,0.0003929828880788643,2.8286243563824308e-05,-7.5,6.653700806302437e-07,0.00019553616527608484,7.484170829655957,9.331919370522887e-07,60.00000024018368
I1,10,N7,0.0002116988168668286,3.295295762579175e-05,-7.5,3.163305120697397e-05,0.00017928940838700475,7.484046112602806,2.7564385085008157e-07,60.0000004229863
I1,10,N8,0.00012331117814233202,4.871877662980006e-05,-7.5,5.119777037904207e-07,4.8608931176856074e-05,7.5,1.729628458087476e-06,60.000000235923665
I1,10,N9,0.0002862735115515657,2.8932123323586383e-05,-7.5,6.279720235466094e-07,0.00027697948251354394,7.484434308505445,1.0309639907077377e-06,60.00000023779161
I1,11,N1,0.00018533532059899517,3.297740899630897e-05,-7.5,1.3407628190619715e-06,0.00017199776273413845,7.484096560292141,5.143777231221151e-07,59.99999997423332
I1,11,N2,0.00021253534000117755,4.3275310774998456e-05,-7.5,1.1710534835972578e-06,0.00017970189914406768,7.485074874907543,4.996276585458169e-07,74.03628304151435
I1,11,N3,0.0002833983896066882,2.6456282668348013e-05,-7.5,2.019109826290789e-05,0.00027807375369859116,7.48328848221068,3.7419726348331517e-07,45.05078785904389
I1,11,N4,0.0001853370646535749,3.2978379633272e-05,-7.5,1.3407649311955269e-06,0.0001719979655518539,7.4840965637144325,5.143776951090774e-07,59.99999999396799
I1,11,N5,0.00020460075416673908,3.872830158992351e-05,-7.5,8.970954395518082e-07,0.00017235035144693095,7.485035558463421,6.307131229264066e-07,64.84993525189743
I1,11,N6,0.0003929828880788643,2.66508492631235e-05,-7.5,1.0933258517248498e-06,0.00019551820690894578,7.483787962118939,6.013856370204368e-07,54.7506582418689
I1,11,N7,0.0002116988168668286,4.298577291997577e-05,-7.5,1.1714186413903027e-06,0.00017930651185829664,7.485070341749669,4.994795748874136e-07,74.03628304151435
I1,11,N8,0.00012331117814233202,4.8591887491621076e-05,-7.5,3.523604041562244e-05,4.870741357997783e-05,7.5,3.9516456764318515e-07,39.29933529695459
I1,11,N9,0.0002862735115515657,2.570907067460763e-05,-7.5,1.9425774103307894e-05,0.0002769795164960791,7.483355767819226,3.74792571687544e-07,45.05078785904388
I1,12,N1,0.00018533532059899517,3.293116487778443e-05,-7.5,1.3405382400200232e-06,0.00017199872934482548,7.484096578148835,5.143954063323882e-07,59.9999999144036
I1,12,N2,0.00021253534000117755,4.469391494665944e-05,-7.5,1.1650238769567068e-06,0.00017970958323438625,7.4850749901545335,4.999288649325094e-07,74.10486908099706
I1,12,N3,0.0002833983896066882,2.6422513016644142e-05,-7.5,2.0298891573832728e-05,0.00027807205408542703,7.483288678952849,3.7354913775607564e-07,44.97774055737967
I1,12,N4,0.0001853370646535749,3.293205707368546e-05,-7.5,1.340540211773266e-06,0.00017199892782934306,7.484096581572528,5.143953775108436e-07,59.99999992738514
I1,12,N5,0.00020460075416673908,3.922262274294593e-05,-7.5,8.952725340500825e-07,0.00017235207840854245,7.485037733876538,6.317842731441123e-07,64.8736336309729
I1,12,N6,0.0003929828880788643,2.6613359027584322e-05,-7.5,1.0956649523483828e-06,0.00019551727124366122,7.483787961905913,6.006739645059457e-07,54.72500784324203
I1,12,N7,0.0002116988168668286,4.446555218754207e-05,-7.5,1.1654443117069242e-06,0.00017931510049015633,7.485070343847466,4.997810197837953e-07,74.10486908099706
I1,12,N8,0.00012331117814233202,4.868467876540294e-05,-7.5,3.309943439584882e-05,4.870498696899955e-05,7.5,3.9724816226828254e-07,39.198184417328406
I1,12,N9,0.0002862735115515657,2.5676639165507667e-05,-7.5,1.953079563913517e-05,0.00027698037544246295,7.483355969037179,3.741527232763929e-07,44.977740556611586
I1,13,N1,0.00018533532059899517,3.290865305962186e-05,-7.5,1.3404331561537489e-06,0.00017200047350401462,7.484096579258027,5.144038564950443e-07,59.99999987120992
I1,13,N2,0.00021253534000117755,1.6124533308590052e-05,-7.5,1.0712963640131376e-06,0.00017970853954761673,7.4850608614605445,5.093793736418741e-07,74.47562615344822
I1,13,N3,0.0002833983896066882,1.8934361765836226e-05,-7.5,1.4391543394087165e-05,0.0002780713559225998,7.48328767323215,3.6767443933934095e-07,44.582869069171515
I1,13,N4,0.0001853370646535749,3.2909543858566193e-05,-7.5,1.3404351268817484e-06,0.0001720006675212254,7.484096582682067,5.144038271554955e-07,59.99999988233144
I1,13,N5,0.00020460075416673908,2.7015145634578403e-05,-7.5,8.745501669630906e-07,0.0001723516412493086,7.485033448511455,6.376363960698835e-07,65.00174071535491
I1,13,N6,0.0003929828880788643,6.111353843473837e-05,-7.5,1.1422226346206333e-06,0.00019551579394689914,7.483790414326338,5.953711020951586e-07,54.58635061538613
I1,13,N7,0.0002116988168668286,1.5810363878154343e-05,-7.5,1.0702449893214428e-06,0.00017930520792627054,7.485056670721653,5.092264350349726e-07,74.47562615344822
I1,13,N8,0.00012331117814233202,1.945964285270981e-05,-7.5,1.3074473237362075e-05,4.870659741463958e-05,7.5,3.890786755117971e-07,38.65139290867365
I1,13,N9,0.0002862735115515657,2.960816622455505e-05,-7.5,2.4333555594518775e-05,0.0002769844264026853,7.483354922375787,3.682734148415107e-07,44.58286906607205
I1,14,N1,0.00018533532059899517,3.290437305570856e-05,-7.5,1.3404323753705358e-06,0.00017200309239991823,7.484096563634523,5.144028178597053e-07,59.999999817423955
I1,14,N2,0.00021253534000117755,0.0001796388812527396,-7.487003876002415,3.063270540618419e-07,0.0001797170911239516,7.48510347810506,0.00017674103338460637,95.14294378405711
I1,14,N3,0.0002833983896066882,0.0002696727615648238,-7.484586709455003,0.0002692849226429703,0.00027807085378548757,7.483283483905277,1.8735783720931645e-07,22.57133551019671
I1,14,N4,0.0001853370646535749,3.290535154345537e-05,-7.5,1.3404345081212847e-06,0.0001720032812330326,7.484096567058751,5.144027881627031e-07,59.999999827608626
I1,14,N5,0.00020460075416673908,3.209859511898349e-05,-7.5,5.133283334364904e-07,0.00017234521631472543,7.484734174412969,1.3084273184629904e-06,72.1428870132734
I1,14,N6,0.0003929828880788643,0.00033170784879644116,-7.423418028292437,0.00020276530782182935,0.0001955111934808654,7.483788417297001,3.8969020684919277e-07,46.85710976346133
I1,14,N7,0.0002116988168668286,0.00017921310161163497,-7.487204323447514,3.063690255441771e-07,0.0001793213316536511,7.485133053297993,0.00017633695013980036,95.14294378405714
I1,14,N8,0.00012331117814233202,0.00011419668146862884,-7.455614230724065,0.00011390815121461464,4.8714877082457005e-05,7.5,1.609006008326514e-07,8.171299894575666
I1,14,N9,0.0002862735115515657,0.00026919871569004527,-7.484519356285475,0.0002688124715617414,0.00027696695724627695,7.483350669675282,1.8751304170873868e-07,22.571335505462333
I1,15,N1,0.00018533532059899517,3.29187436477744e-05,-7.5,1.340536746884658e-06,0.00017200680585746967,7.484096529057547,5.143922912298145e-07,59.99999975198078
I1,15,N2,0.00021253534000117755,4.219318811209218e-05,-7.5,1.165839892560007e-06,0.00017971970440292732,7.485075047074702,4.99325494582715e-07,74.11838721019862
I1,15,N3,0.0002833983896066882,2.648800279094758e-05,-7.5,2.0435330845874412e-05,0.0002780718025202992,7.483288522522242,3.731937135017105e-07,44.96334273508812
I1,15,N4,0.0001853370646535749,3.291990791854695e-05,-7.5,1.3405392207635567e-06,0.00017200698914861324,7.484096532481857,5.143922613017751e-07,59.99999976200123
I1,15,N5,0.00020460075416673908,3.892841908253715e-05,-7.5,8.947082402178769e-07,0.00017235375603961214,7.485040972466926,6.319830744907409e-07,64.87830441432733
I1,15,N6,0.0003929828880788643,2.668373998067623e-05,-7.5,1.0965634976980213e-06,0.00019551983873913138,7.483787844019675,6.004106688557496e-07,54.71995193379847
I1,15,N7,0.0002116988168668286,4.197471105171739e-05,-7.5,1.1662512703469475e-06,0.0001793245220415598,7.485069939524001,4.991785666576429e-07,74.11838721019862
I1,15,N8,0.00012331117814233202,4.861546773101923e-05,-7.5,3.2207154866053146e-05,4.870235948170303e-05,7.5,3.9797338111962916e-07,39.17824737371735
I1,15,N9,0.0002862735115515657,2.5753858790740147e-05,-7.5,1.968483371239624e-05,0.00027698011553634603,7.483355822368605,3.7375924814928427e-07,44.96334273316212
I1,16,N1,0.00018533532059899517,3.295872424936388e-05,-7.5,1.3407642386041355e-06,0.0001720120535168696,7.484096469970686,5.143725396339576e-07,59.9999998913828
I1,16,N2,0.00021253534000117755,4.3363169574173325e-05,-7.5,1.174873689094815e-06,0.00017971653348507896,7.485075286209275,4.984843614483522e-07,74.03628362051262
I1,16,N3,0.0002833983896066882,2.6460002651104245e-05,-7.5,2.0354949085721846e-05,0.0002780733441361035,7.483288078489105,3.7345786910391094e-07,45.05078699812089
I1,16,N4,0.0001853370646535749,3.296032040715319e-05,-7.5,1.3407674995568684e-06,0.0001720122310384156,7.484096473394777,5.14372509666197e-07,59.9999999064025
I1,16,N5,0.00020460075416673908,3.902856136776834e-05,-7.5,8.972831904919252e-07,0.00017235311239313823,7.485039022105179,6.30698715569972e-07,64.84993538658985
I1,16,N6,0.0003929828880788643,2.6628191792908933e-05,-7.5,1.0945286447512128e-06,0.00019552244819721453,7.483787801095152,6.009293936897225e-07,54.75065785063036
I1,16,N7,0.0002116988168668286,4.308854241262593e-05,-7.5,1.1752453416105075e-06,0.00017932121245934854,7.485070121023247,4.983401279364354e-07,74.03628362051262
I1,16,N8,0.00012331117814233202,4.845428838127848e-05,-7.5,3.426581533791375e-05,4.870459837767945e-05,7.5,3.960498498037795e-07,39.29933415731586
I1,16,N9,0.0002862735115515657,2.571874876699758e-05,-7.5,1.9603600348104083e-05,0.0002769899248044511,7.483355387151027,3.740114104937382e-07,45.050786998120884
I1,17,N1,0.00018533532059899517,3.411309256260816e-05,-7.5,1.3430469000866982e-06,0.0001720181379615117,7.48409637402505,5.143441268312605e-07,60.00000006794482
I1,17,N2,0.00021253534000117755,3.3315717553276985e-05,-7.5,3.197993815509453e-05,0.00017969417560444753,7.484050465270231,2.7535140525222963e-07,60.00000025165039
I1,17,N3,0.0002833983896066882,2.885590112080631e-05,-7.5,6.330582209512975e-07,0.0002780765864697385,7.484373550446442,1.0155235444058153e-06,60.000000052072615
I1,17,N4,0.0001853370646535749,3.4101799875433715e-05,-7.5,1.3430279339336165e-06,0.0001720183353022828,7.484096377448898,5.143440978844925e-07,60.000000118875164
I1,17,N5,0.00020460075416673908,4.4453163951166096e-05,-7.5,1.7537599672680874e-06,0.00017234791811209893,7.484683358357824,4.674938734988126e-07,60.00000026062004
I1,17,N6,0.0003929828880788643,2.8276576376761502e-05,-7.5,6.662563003989354e-07,0.00019553755195017442,7.484170630869729,9.311907653719103e-07,60.000000069054394
I1,17,N7,0.0002116988168668286,3.3030254939859466e-05,-7.5,3.169373672736142e-05,0.00017929789308530872,7.4840455683082165,2.753128857975677e-07,60.000000251650384
I1,17,N8,0.00012331117814233202,4.872342854306056e-05,-7.5,5.167957973619733e-07,4.860469284211605e-05,7.5,1.6737957391674456e-06,60.00000004073427
I1,17,N9,0.0002862735115515657,2.8785056604737515e-05,-7.5,6.316625392417663e-07,0.00027696917926800236,7.484434788244455,1.0194340849547602e-06,60.000000052072615
I1,18,N1,0.00018533532059899517,0.00017193408490562726,-7.4843206298765,6.571547990481165e-07,0.0001720413489243294,7.484122851129651,8.823709645240549e-07,67.14999964078041
I1,18,N2,0.00021253534000117755,0.00017967805408327828,-7.484576243809432,9.857683620519536e-06,0.00017966796919572614,7.484071237185358,3.5840222763538796e-07,67.15000013203799
I1,18,N3,0.0002833983896066882,0.00027807782901907106,-7.484039231754052,4.249663579467462e-07,0.00027808841535695495,7.484406704893097,4.976512525605916e-06,67.14999988083113
I1,18,N4,0.0001853370646535749,0.0001719343858834337,-7.484320621867624,6.571548806366282e-07,0.000172041552395634,7.484122854820747,8.823708924033903e-07,67.149999797337
I1,18,N5,0.00020460075416673908,0.00017228134019745336,-7.4838219148678515,7.39617908851976e-07,0.00017236342168581398,7.484704998028757,7.546910119717563e-07,67.15000022225591
I1,18,N6,0.0003929828880788643,0.00019545331844937356,-7.484253805267814,4.383153012310025e-07,0.0001955538725078004,7.484197156728593,3.5878725694039224e-06,67.1499998215039
I1,18,N7,0.0002116988168668286,0.00017928545761169417,-7.484587342457482,9.884931260155594e-06,0.00017922240445976113,7.484065936888001,3.5834197630849807e-07,67.150000132038
I1,18,N8,0.00012331117814233202,4.868573775071114e-05,-7.5,3.981849277213661e-07,4.860542863875343e-05,7.5,1.2326148971865317e-05,67.1499999519269
I1,18,N9,0.0002862735115515657,0.00027701968854935207,-7.483968466523331,4.243521522018371e-07,0.0002769724506094659,7.484474908765325,5.073520242959505e-06,67.14999988780939
I1,19,N1,0.00018533532059899517,0.00017192905905315318,-7.484323420475125,6.572965305729338e-07,0.00017205344451973244,7.48412254385056,8.821722634668467e-07,67.14841113656841
I1,19,N2,0.00021253534000117755,0.00017971739703715101,-7.484579475082235,9.69370165222289e-06,0.0001796205985943072,7.484071832659765,3.587883713290229e-07,67.15104845324983
I1,19,N3,0.0002833983896066882,0.000278076154842803,-7.484041034014156,4.265598208825165e-07,0.0002780916879167413,7.484405937913532,4.74914449472503e-06,67.15000010472718
I1,19,N4,0.0001853370646535749,0.00017192934540964373,-7.484323412410877,6.572966098844311e-07,0.00017205366431649933,7.484122547536572,8.821721965969345e-07,67.14841131142894
I1,19,N5,0.00020460075416673908,0.00017227916797698517,-7.4838276743303105,7.395197000044471e-07,0.00017236846428704856,7.484700682262943,7.548086292711924e-07,67.15202486160211
I1,19,N6,0.0003929828880788643,0.00019545309692151292,-7.484256363232889,4.386927305900998e-07,0.00019555467366799502,7.484196704868369,3.5621590395468425e-06,67.14896922293133
I1,19,N7,0.0002116988168668286,0.0001793196870000641,-7.484590836536096,9.717144181850805e-06,0.00017917965421107484,7.484066312168025,3.587319962085148e-07,67.15104845324983
I1,19,N8,0.00012331117814233202,4.8689845861982034e-05,-7.5,4.0747797436105314e-07,4.86012594218763e-05,7.5,7.198100320625957e-06,67.15061159111312
I1,19,N9,0.0002862735115515657,0.00027701997361968253,-7.4839702711375296,4.259420849729703e-07,0.00027697340957873217,7.484474065140374,4.838026891034062e-06,67.15000014384502
I1,20,N1,0.00018533532059899517,0.00017192241171479496,-7.484325546013661,6.572745447422264e-07,0.00017207187250297234,7.4841222896176465,8.822525822183326e-07,67.14999475117656
I1,20,N2,0.00021253534000117755,0.00017973763392817733,-7.484583807799641,9.539015763797878e-06,0.00017959326108762114,7.484072429999072,3.5908350728541297e-07,67.15000445438733
I1,20,N3,0.0002833983896066882,0.00027807575281522256,-7.484042831982817,4.280579934879592e-07,0.00027809264522683075,7.4844051801294285,4.555631554157458e-06,67.15000031251428
I1,20,N4,0.0001853370646535749,0.00017192268442016667,-7.484325537910504,6.572746216982181e-07,0.00017207210643405835,7.484122293299501,8.822525201553207e-07,67.14999494875016
I1,20,N5,0.00020460075416673908,0.00017228005993522936,-7.483833705673748,7.396682203019563e-07,0.0001723692197219868,7.4846970619245425,7.546648427509614e-07,67.15000785033492
I1,20,N6,0.0003929828880788643,0.00019545285776522632,-7.484258498544577,4.3901595009341423e-07,0.00019555616330701716,7.484196284585536,3.540131544957649e-06,67.14999685682301
I1,20,N7,0.0002116988168668286,0.00017933585133933497,-7.484595499977905,9.559528489620355e-06,0.00017915695708056658,7.484066641324846,3.590301667340833e-07,67.15000445438733
I1,20,N8,0.00012331117814233202,4.8687263167665784e-05,-7.5,4.1395852084133666e-07,4.859777362797643e-05,7.5,5.600622702873574e-06,67.1500027567324
I1,20,N9,0.0002862735115515657,0.00027702045498018764,-7.4839720590528565,4.27436441980256e-07,0.0002769732069832201,7.484473243120284,4.637228578122224e-06,67.15000036556557
I1,21,N1,0.00018533532059899517,0.00017227038382445218,-7.484003977972863,5.536587642221174e-07,0.0001843251098268283,7.483686803110798,1.1741719123920857e-06,69.65592769235408
I1,21,N2,0.00021253534000117755,0.00017972075809418809,-7.4840417667115915,2.7174786570512364e-06,0.00021143446484062382,7.455903990862161,4.0186641179654125e-07,69.65593748334453
I1,21,N3,0.0002833983896066882,0.00027885894555808934,-7.483757889103156,3.8199821002561266e-07,0.0002817680128260678,7.483984804980331,0.00024957606291444584,69.65591930268083
I1,21,N4,0.0001853370646535749,0.00017227068220145063,-7.484003975060206,5.536588182680403e-07,0.0001843269021795585,7.483686808865574,1.1741718680256657e-06,69.65592790347034
I1,21,N5,0.00020460075416673908,0.0001726784817158778,-7.483502668659483,6.113161561405037e-07,0.00020374333270150365,7.466208213046075,9.61709563935436e-07,69.65593229565451
I1,21,N6,0.0003929828880788643,0.0003917060082762981,-7.475226638875954,3.9040033360669184e-07,0.0003921779064080602,7.475956661887176,0.00013087840777576868,69.65592491271165
I1,21,N7,0.0002116988168668286,0.00017931828515048388,-7.484045560237531,2.719411828760354e-06,0.00021085175711502884,7.46916611956583,4.0155504005530703e-07,69.65593748334453
I1,21,N8,0.00012331117814233202,4.8682610124022254e-05,-7.5,3.737646812122342e-07,0.00012247599986384754,7.444551425585714,0.00011129009943329588,69.65593969994667
I1,21,N9,0.0002862735115515657,0.00028034039955315875,-7.483699360885314,3.8150538562871e-07,0.0002834927604754425,7.484057589272567,0.0002537629236574415,69.65591936890631
I1,22,N1,0.00018533532059899517,0.00017192244909089902,-7.484327050265566,6.573519430068157e-07,0.00017207289187050028,7.48412211450289,8.821696490889297e-07,67.14999983315384
I1,22,N2,0.00021253534000117755,0.0001797476283033893,-7.4845863148158625,9.25829982764125e-06,0.00017957953552142245,7.484072844060048,3.595786648631924e-07,67.15000027283278
I1,22,N3,0.0002833983896066882,0.0002780685632137073,-7.484043973886113,4.29080291546583e-07,0.0002781029348532426,7.484404690689749,4.441631138846802e-06,67.15000003561099
I1,22,N4,0.0001853370646535749,0.0001719227043323307,-7.484327042134392,6.573520168608934e-07,0.00017207314487170997,7.484122118181501,8.821695933782714e-07,67.15000005967163
I1,22,N5,0.00020460075416673908,0.0001722972645269442,-7.48383828264042,7.396999575132911e-07,0.0001723500609765917,7.484693771587452,7.546471195220602e-07,67.15000030449856
I1,22,N6,0.0003929828880788643,0.0001954529557276937,-7.48425995322869,4.392687689709247e-07,0.00019555632543405765,7.484196003024033,3.524619140307864e-06,67.15000006804956
I1,22,N7,0.0002116988168668286,0.00017934382806679674,-7.484598131567077,9.274610002478495e-06,0.00017914442820700675,7.484066976633255,3.595297740091725e-07,67.15000027283278
I1,22,N8,0.00012331117814233202,4.868600820021301e-05,-7.5,4.185225427684036e-07,4.8595863630966185e-05,7.5,4.9149311654586095e-06,67.15000019033191
I1,22,N9,0.0002862735115515657,0.000277020140759908,-7.48397321304232,4.2845387830624094e-07,0.0002769740759879387,7.484472694661411,4.519363997367275e-06,67.150000062693
I1,23,N1,0.00018533532059899517,0.00017192924092230001,-7.484326152804986,6.573741141781596e-07,0.00017205476391761207,7.484122208499928,8.821467154937016e-07,67.14999974907677
I1,23,N2,0.00021253534000117755,0.00017974864822828821,-7.484584823814142,9.153622302573994e-06,0.00017957786607402778,7.48407263827858,3.5976604090932834e-07,67.15000012502188
I1,23,N3,0.0002833983896066882,0.00027806562863997745,-7.484043319310164,4.2866114709324833e-07,0.0002781061983019612,7.48440495279222,4.500888935443547e-06,67.14999998465606
I1,23,N4,0.0001853370646535749,0.00017192949333374102,-7.484326144692197,6.573741867188914e-07,0.0001720550220378311,7.484122212179404,8.821466624524575e-07,67.14999999326739
I1,23,N5,0.00020460075416673908,0.00017229628783033786,-7.483837614093268,7.397069756249248e-07,0.00017234953000442544,7.484693566996032,7.546450850514505e-07,67.15000013969453
I1,23,N6,0.0003929828880788643,0.0001954534384692086,-7.484259092474883,4.391769040176235e-07,0.0001955545191928343,7.48419615311901,3.5321828763110876e-06,67.15000000556509
I1,23,N7,0.0002116988168668286,0.00017934386761262678,-7.484596414919054,9.168535085269753e-06,0.00017914410569966205,7.484066990280425,3.597187101957865e-07,67.15000012502188
I1,23,N8,0.00012331117814233202,4.8688691942148434e-05,-7.5,4.177568715956763e-07,4.859664294718989e-05,7.5,5.066581794466541e-06,67.15000007662603
I1,23,N9,0.0002862735115515657,0.0002770192493519891,-7.483972588975536,4.2803413594963386e-07,0.00027697429210656987,7.484472953695526,4.58082712948163e-06,67.15000000128536
I1,24,N1,0.00018533532059899517,0.00017193393607034684,-7.484325259166102,6.573878548478544e-07,0.0001720439340954272,7.484122303981401,8.821338428981343e-07,67.14999968592808
I1,24,N2,0.00021253534000117755,0.00017974851667252562,-7.484583346401436,9.076680282994635e-06,0.00017957766505552965,7.484072435323469,3.599010291641497e-07,67.1500000456533
I1,24,N3,0.0002833983896066882,0.00027806378173516396,-7.48404266190526,4.282161371522709e-07,0.0002781081675370121,7.484405217914652,4.563575768310975e-06,67.14999994751525
I1,24,N4,0.0001853370646535749,0.000171934187600061,-7.484325251071484,6.573879266307876e-07,0.0001720441935517992,7.484122307661856,8.821337915489791e-07,67.14999993997039
I1,24,N5,0.00020460075416673908,0.00017229748602079275,-7.483836731084184,7.397107028507245e-07,0.0001723476512403438,7.4846936013899015,7.546449356372185e-07,67.15000005397592
I1,24,N6,0.0003929828880788643,0.00019545363036819983,-7.484258234677018,4.3907748366785775e-07,0.00019555389890550236,7.484196303289142,3.540106802945955e-06,67.14999995801773
I1,24,N7,0.0002116988168668286,0.00017934303048125762,-7.484594727224145,9.090688049037525e-06,0.00017914491121776048,7.484066989873295,3.5985470289941187e-07,67.15000004565331
I1,24,N8,0.00012331117814233202,4.8690932237284624e-05,-7.5,4.1685207925906005e-07,4.859754815476983e-05,7.5,5.232240365223868e-06,67.15000001204996
I1,24,N9,0.0002862735115515657,0.00027701850566218836,-7.4839719580816535,4.275885569723915e-07,0.0002769744449706908,7.4844732198096455,4.64577873777491e-06,67.14999995859485
I2,1,N1,0.00011949888355223729,6.072376284302996e-05,-7.5,6.475907864719069e-07,6.081702596471083e-05,7.5,8.75995036615311e-07,67.14742370404257
I2,1,N2,0.00012781524308541267,6.488270335111972e-05,-7.5,1.8677586177909446e-06,6.504916258782061e-05,7.5,4.362743871600659e-07,67.14742403925963
I2,1,N3,0.00013163841577641815,6.665861223883638e-05,-7.5,4.203313022869734e-07,6.676774984764792e-05,7.5,5.128138796611975e-06,67.14742397139852
I2,1,N4,0.00011949887984048295,6.0723760969171785e-05,-7.5,6.47590779943667e-07,6.081702420927294e-05,7.5,8.759950451011036e-07,67.14742394823318
I2,1,N5,0.00013689711388225497,8.055980501382493e-05,-7.5,7.320678704136851e-07,8.066423247763294e-05,7.5,7.503088625780221e-07,67.14742404437659
I2,1,N6,0.00011793319948435286,5.99065775623295e-05,-7.5,4.431608901627369e-07,6.000957302025925e-05,7.5,3.095692661469697e-06,67.14742397094646
I2,1,N7,0.00012734307240093987,6.465759250956859e-05,-7.5,1.8732901617127017e-06,6.482014136878618e-05,7.5,4.35899478845405e-07,67.14742403925963
I2,1,N8,0.0,0.0,-7.5,0.0,0.0,7.5,0.0,67.14742401261897
I2,1,N9,0.0001360895108857599,6.888018745988231e-05,-7.5,4.194644415649707e-07,6.898347711500481e-05,7.5,5.296434453381021e-06,67.14742397547765
I2,2,N1,0.00011949888355223729,6.074553063958701e-05,-7.5,6.474633140695707e-07,6.079252542325143e-05,7.5,8.762269088853602e-07,67.14999912376713
I2,2,N2,0.00012781524308541267,6.491663736884183e-05,-7.5,1.8664019394704273e-06,6.501165349216445e-05,7.5,4.363637672713923e-07,67.14999948203827
I2,2,N3,0.00013163841577641815,6.668060694331264e-05,-7.5,4.190715369185e-07,6.674288202356395e-05,7.5,5.3384381011156205e-06,67.14999943884283
I2,2,N4,0.00011949887984048295,6.074552877477722e-05,-7.5,6.474633060255984e-07,6.079252366056898e-05,7.5,8.762269200010048e-07,67.14999939996554
I2,2,N5,0.00013689711388225497,8.058173803065436e-05,-7.5,7.31906903672736e-07,8.063957976023557e-05,7.5,7.504778312396836e-07,67.14999948535035
I2,2,N6,0.00011793319948435286,5.992868571962834e-05,-7.5,4.4302630014302854e-07,5.9984649310594346e-05,7.5,3.101995940522669e-06,67.14999942992158
I2,2,N7,0.00012734307240093987,6.469196999151058e-05,-7.5,1.8719235193359569e-06,6.478211975790032e-05,7.5,4.3598881458275683e-07,67.14999948203827
I2,2,N8,0.0,0.0,-7.5,0.0,0.0,7.5,0.0,67.14999945987167
I2,2,N9,0.0001360895108857599,6.890197978652799e-05,-7.5,4.182598873793555e-07,6.896012498888116e-05,7.5,5.510719605718415e-06,67.1499994405838
I2,3,N1,0.00011949888355223729,6.076269788134209e-05,-7.5,6.474402801550567e-07,6.077310279688759e-05,7.5,8.762579094315539e-07,67.14999934697849
I2,3,N2,0.00012781524308541267,6.494551947376837e-05,-7.5,1.865892013990343e-06,6.497942304100085e-05,7.5,4.36371763840408e-07,67.14999975031145
I2,3,N3,0.00013163841577641815,6.66978748752938e-05,-7.5,4.1770172114983275e-07,6.672327331192876e-05,7.5,5.582005224273519e-06,67.14999970393472
I2,3,N4,0.00011949887984048295,6.076269602899267e-05,-7.5,6.474402701618211e-07,6.0773101022680024e-05,7.5,8.762579239660251e-07,67.14999966429109
I2,3,N5,0.00013689711388225497,8.059922779496572e-05,-7.5,7.318952075839182e-07,8.061981979843874e-05,7.5,7.504876907286682e-07,67.14999975089775
I2,3,N6,0.00011793319948435286,5.994579635968632e-05,-7.5,4.4289049367885107e-07,5.996526332682217e-05,7.5,3.1086730282099545e-06,67.1499996956228
I2,3,N7,0.00012734307240093987,6.472129000766933e-05,-7.5,1.8714101513739554e-06,6.474937244490062e-05,7.5,4.3599670270385313e-07,67.14999975031145
I2,3,N8,0.0,0.0,-7.5,0.0,0.0,7.5,0.0,67.1499997348533
I2,3,N9,0.0001360895108857599,6.891891772481686e-05,-7.5,4.1695040478951583e-07,6.894081962196469e-05,7.5,5.7593827787651895e-06,67.14999970707255
I2,4,N1,0.00011949888355223729,6.077745501611831e-05,-7.5,6.475214380635247e-07,6.075633402605475e-05,7.5,8.7609027525746e-07,67.14743644682248
I2,4,N2,0.00012781524308541267,6.497187030685487e-05,-7.5,1.8662103880564423e-06,6.494975752567568e-05,7.5,4.36298298246959e-07,67.14743688679366
I2,4,N3,0.00013163841577641815,6.671225314884647e-05,-7.5,4.161927185676338e-07,6.670688753053375e-05,7.5,5.873554294470382e-06,67.14743684330159
I2,4,N4,0.00011949887984048295,6.077745317948262e-05,-7.5,6.475214264287804e-07,6.0756332232244597e-05,7.5,8.760902927213745e-07,67.14743679872863
I2,4,N5,0.00013689711388225497,8.0614477485145e-05,-7.5,7.320322535409554e-07,8.060251576639868e-05,7.5,7.503391883683083e-07,67.14743688594443
I2,4,N6,0.00011793319948435286,5.996001930183928e-05,-7.5,4.4275180192760324e-07,5.9949083892813776e-05,7.5,3.1156189307263076e-06,67.14743683118107
I2,4,N7,0.00012734307240093987,6.474821422130431e-05,-7.5,1.871731261136855e-06,6.471902598947998e-05,7.5,4.3592304905419105e-07,67.14743688679366
I2,4,N8,0.0,0.0,-7.5,0.0,0.0,7.5,0.0,67.14743687455326
I2,4,N9,0.0001360895108857599,6.893285724462654e-05,-7.5,4.1550868254827286e-07,6.892488842217303e-05,7.5,6.057374846898683e-06,67.14743684330202
I2,5,N1,0.00011949888355223729,6.0791659199190474e-05,-7.5,6.473416588878908e-07,6.074013192752003e-05,7.5,8.763908352696446e-07,67.14999941062712
I2,5,N2,0.00012781524308541267,6.499805112713909e-05,-7.5,1.8643386125600971e-06,6.492004244152297e-05,7.5,4.3631109797555996e-07,67.14999981561111
I2,5,N3,0.00013163841577641815,6.672523481141929e-05,-7.5,4.143533548735917e-07,6.669204813162616e-05,7.5,6.266072894492313e-06,67.14999976462673
I2,5,N4,0.00011949887984048295,6.0791657406901474e-05,-7.5,6.473416489060225e-07,6.074013008645189e-05,7.5,8.763908499944962e-07,67.14999972793971
I2,5,N5,0.00013689711388225497,8.062938714486394e-05,-7.5,7.318527106851806e-07,8.058553208863139e-05,7.5,7.505215818253218e-07,67.14999981711021
I2,5,N6,0.00011793319948435286,5.997309759109799e-05,-7.5,4.424346171401997e-07,5.993415534021272e-05,7.5,3.1304338663402997e-06,67.1499997579648
I2,5,N7,0.00012734307240093987,6.477523111335254e-05,-7.5,1.8698508751820133e-06,6.468831465880331e-05,7.5,4.359352727330139e-07,67.14999981561111
I2,5,N8,0.0,0.0,-7.5,0.0,0.0,7.5,0.0,67.14999979837565
I2,5,N9,0.0001360895108857599,6.894532882842449e-05,-7.5,4.1374620345243884e-07,6.891055460257116e-05,7.5,6.459807291845425e-06,67.14999976846725
I2,6,N1,0.00011949888355223729,6.080705830034376e-05,-7.5,6.472668760091577e-07,6.0722492025789936e-05,7.5,8.764984430084685e-07,67.14999966936135
I2,6,N2,0.00012781524308541267,6.502628273594522e-05,-7.5,1.8632277257581638e-06,6.488770684312631e-05,7.5,4.3624080987764384e-07,67.15000001135438
I2,6,N3,0.00013163841577641815,6.673814088402047e-05,-7.5,4.1228286674218155e-07,6.667725136283265e-05,7.5,6.7736841649243e-06,67.14999992633449
I2,6,N4,0.00011949887984048295,6.080705656407209e-05,-7.5,6.472668694958387e-07,6.072249012195197e-05,7.5,8.764984517901924e-07,67.14999991355197
I2,6,N5,0.00013689711388225497,8.064579413746037e-05,-7.5,7.318222877322366e-07,8.056676224964642e-05,7.5,7.505457625584882e-07,67.15000001790281
I2,6,N6,0.00011793319948435286,5.998663116129193e-05,-7.5,4.421085008586426e-07,5.9918653733401815e-05,7.5,3.1448800302229246e-06,67.14999993346309
I2,6,N7,0.00012734307240093987,6.480468768403874e-05,-7.5,1.8687355242081525e-06,6.465450933447155e-05,7.5,4.3586427023376655e-07,67.15000001135441
I2,6,N8,0.0,0.0,-7.5,0.0,0.0,7.5,0.0,67.1499999813532
I2,6,N9,0.0001360895108857599,6.895771981487646e-05,-7.5,4.1176465620736307e-07,6.88962972705482e-05,7.5,6.979888056029996e-06,67.14999993554734
I2,7,N1,0.00011949888355223729,6.082553006145375e-05,-7.5,6.471757044507784e-07,6.070123059522053e-05,7.5,8.766383867289178e-07,67.14999985971356
I2,7,N2,0.00012781524308541267,6.505874567396074e-05,-7.5,1.8618229440138006e-06,6.48501546930081e-05,7.5,4.361424822348969e-07,67.15000017882261
I2,7,N3,0.00013163841577641815,6.675228877200666e-05,-7.5,4.0984918930409605e-07,6.666098128180046e-05,7.5,7.480604383567163e-06,67.1500000077742
I2,7,N4,0.00011949887984048295,6.082552838579851e-05,-7.5,6.471757012139337e-07,6.070122862335018e-05,7.5,8.766383898494164e-07,67.1500000345741
I2,7,N5,0.00013689711388225497,8.066574641213176e-05,-7.5,7.317860448339719e-07,8.054382406731205e-05,7.5,7.505748701126197e-07,67.15000019687072
I2,7,N6,0.00011793319948435286,6.000231538485335e-05,-7.5,4.417113218719208e-07,5.9900622484824116e-05,7.5,3.1608893360913287e-06,67.15000003904545
I2,7,N7,0.00012734307240093987,6.483888317947002e-05,-7.5,1.867323049748868e-06,6.461485207520473e-05,7.5,4.3576495616624886e-07,67.15000017882261
I2,7,N8,0.0,0.0,-7.5,0.0,0.0,7.5,0.0,67.15000011439368
I2,7,N9,0.0001360895108857599,6.897145866569576e-05,-7.5,4.0943660866853406e-07,6.888046398087842e-05,7.5,7.703415142133258e-06,67.15000002831115
I2,8,N1,0.00011949888355223729,6.0849291509993756e-05,-7.5,6.470685367648481e-07,6.06737174643188e-05,7.5,8.768145926423146e-07,67.14999986258955
I2,8,N2,0.00012781524308541267,6.509756589330451e-05,-7.5,1.8600467898809712e-06,6.480471884222477e-05,7.5,4.3601507837510515e-07,67.1500002333285
I2,8,N3,0.00013163841577641815,6.676913722293006e-05,-7.5,4.0692415058438435e-07,6.664153860475822e-05,7.5,8.534071332400314e-06,67.14999998308025
I2,8,N4,0.00011949887984048295,6.084928989060578e-05,-7.5,6.470685354024012e-07,6.067371542790894e-05,7.5,8.768145925159737e-07,67.14999999749661
I2,8,N5,0.00013689711388225497,8.069179316218254e-05,-7.5,7.317442595662747e-07,8.051369609837797e-05,7.5,7.506089404609702e-07,67.15000027811877
I2,8,N6,0.00011793319948435286,6.002219364332264e-05,-7.5,4.412381693244252e-07,5.987767047667284e-05,7.5,3.1773766755938527e-06,67.14999999812864
I2,8,N7,0.00012734307240093987,6.488004839570372e-05,-7.5,1.8655335643776134e-06,6.456651004952104e-05,7.5,4.356362534103781e-07,67.1500002333285
I2,8,N8,0.0,0.0,-7.5,0.0,0.0,7.5,0.0,67.15000010639858
I2,8,N9,0.0001360895108857599,6.898809014480117e-05,-7.5,4.0664161115697354e-07,6.886086436070043e-05,7.5,8.778279910812095e-06,67.14999999894148
I2,9,N1,0.00011949888355223729,6.088116442217489e-05,-7.5,6.47068780019768e-07,6.063652397964474e-05,7.5,8.768060375597164e-07,67.14740437252662
I2,9,N2,0.00012781524308541267,6.514484935478172e-05,-7.5,1.8587903170248249e-06,6.474855771371302e-05,7.5,4.358010917678177e-07,67.14740468591606
I2,9,N3,0.00013163841577641815,6.679047007329933e-05,-7.5,4.033536590859994e-07,6.661681820996189e-05,7.5,1.0177478227348107e-05,67.14740446780631
I2,9,N4,0.00011949887984048295,6.0881162859344936e-05,-7.5,6.470687798639087e-07,6.06365218754106e-05,7.5,8.768060353167118e-07,67.14740448140408
I2,9,N5,0.00013689711388225497,8.072743436442373e-05,-7.5,7.318543634973576e-07,8.04721436166207e-05,7.5,7.504827381470298e-07,67.14740471934387
I2,9,N6,0.00011793319948435286,6.0049033063502525e-05,-7.5,4.407421359869372e-07,5.9846512834258406e-05,7.5,3.1897522643388653e-06,67.14740446965801
I2,9,N7,0.00012734307240093987,6.493034467122172e-05,-7.5,1.86426052138192e-06,6.450650550324665e-05,7.5,4.3542071642258836e-07,67.14740468591606
I2,9,N8,0.0,0.0,-7.5,0.0,0.0,7.5,0.0,67.14740448623566
I2,9,N9,0.0001360895108857599,6.900914544779605e-05,-7.5,4.032412697714667e-07,6.883655528357104e-05,7.5,1.043721197356063e-05,67.14740447202948
I2,10,N1,0.00011949888355223729,5.9502272660098784e-05,-7.5,1.3476312700974585e-06,6.054246518973328e-05,7.5,5.126123753097085e-07,60.00000021405383
I2,10,N2,0.00012781524308541267,2.8334221450010297e-05,-7.5,2.5464123679367124e-05,6.454311990474046e-05,7.5,3.199456663287617e-07,60.000000422986304
I2,10,N3,0.00013163841577641815,6.683673125411352e-05,-7.5,5.932078763920999e-07,6.65868275558108e-05,7.5,1.1631175626626748e-06,60.00000023779161
I2,10,N4,0.00011949887984048295,5.950229046111484e-05,-7.5,1.3476312886649027e-06,6.054246273432944e-05,7.5,5.126123731312055e-07,60.000000276436005
I2,10,N5,0.00013689711388225497,4.757669399075471e-05,-7.5,1.7405194664553749e-06,8.044108340842139e-05,7.5,4.6592887818173923e-07,60.00000044291723
I2,10,N6,0.00011793319948435286,6.042486966496997e-05,-7.5,6.874051175385162e-07,5.972829925909115e-05,7.5,8.972258265889668e-07,60.00000024018368
I2,10,N7,0.00012734307240093987,2.8130476788923443e-05,-7.5,2.528302142349198e-05,6.430060137429254e-05,7.5,3.1973423207821726e-07,60.0000004229863
I2,10,N8,0.0,0.0,-7.5,0.0,0.0,7.5,0.0,60.000000235923665
I2,10,N9,0.0001360895108857599,6.905419379644992e-05,-7.5,5.934629464599032e-07,6.882579628651652e-05,7.5,1.1640970480204066e-06,60.00000023779161
I2,11,N1,0.00011949888355223729,5.9441579117667614e-05,-7.5,1.3472136161157134e-06,6.0510880838567045e-05,7.5,5.126859065193784e-07,59.99999997423332
I2,11,N2,0.00012781524308541267,6.731048377135458e-05,-7.5,7.684137203098398e-07,6.471581790080308e-05,7.5,6.593249355653106e-07,74.03628304151435
I2,11,N3,0.00013163841577641815,6.683227191659613e-05,-7.5,2.127581615243221e-05,6.655000541852733e-05,7.5,3.950179290316461e-07,45.05078785904389
I2,11,N4,0.00011949887984048295,5.9441596284603476e-05,-7.5,1.3472136423853622e-06,6.051087871647285e-05,7.5,5.126859031052476e-07,59.99999999396799
I2,11,N5,0.00013689711388225497,8.206027646443978e-05,-7.5,9.037763592055044e-07,8.032351442104313e-05,7.5,6.278426136811874e-07,64.84993525189743
I2,11,N6,0.00011793319948435286,6.03511088528285e-05,-7.5,1.145089494442402e-06,5.9691674230218065e-05,7.5,5.860874138871058e-07,54.7506582418689
I2,11,N7,0.00012734307240093987,6.734177280760631e-05,-7.5,7.694021301597106e-07,6.434041657226632e-05,7.5,6.585043676093582e-07,74.03628304151435
I2,11,N8,0.0,0.0,-7.5,0.0,0.0,7.5,0.0,39.29933529695459
I2,11,N9,0.0001360895108857599,6.868382922919112e-05,-7.5,2.228910659718096e-05,6.874759105848269e-05,7.5,3.948672386171685e-07,45.05078785904388
I2,12,N1,0.00011949888355223729,5.941709259827592e-05,-7.5,1.3469609791525818e-06,6.0494873424041914e-05,7.5,5.127345289607735e-07,59.9999999144036
I2,12,N2,0.00012781524308541267,6.755574520569556e-05,-7.5,7.65386834221533e-07,6.473608864571799e-05,7.5,6.642947276562684e-07,74.10486908099706
I2,12,N3,0.00013163841577641815,6.687937263185256e-05,-7.5,1.8659947506647447e-05,6.649633760218344e-05,7.5,3.9665058059144995e-07,44.97774055737967
I2,12,N4,0.00011949887984048295,5.9417109252828034e-05,-7.5,1.3469610062137775e-06,6.049487104484871e-05,7.5,5.127345253307158e-07,59.99999992738514
I2,12,N5,0.00013689711388225497,8.24001224841682e-05,-7.5,9.016601776378146e-07,8.032689906512029e-05,7.5,6.288935134701202e-07,64.8736336309729
I2,12,N6,0.00011793319948435286,6.039827682004409e-05,-7.5,1.1588530170277174e-06,5.964801036355794e-05,7.5,5.858634557805823e-07,54.72500784324203
I2,12,N7,0.00012734307240093987,6.703733993931768e-05,-7.5,7.66330965683756e-07,6.45070249619019e-05,7.5,6.635075487063785e-07,74.10486908099706
I2,12,N8,0.0,0.0,-7.5,0.0,0.0,7.5,0.0,39.198184417328406
I2,12,N9,0.0001360895108857599,6.873332721331055e-05,-7.5,1.9680203148312396e-05,6.869376664614124e-05,7.5,3.9635912088846527e-07,44.977740556611586
I2,13,N1,0.00011949888355223729,5.941297478947572e-05,-7.5,1.3468500437698874e-06,6.049088453038737e-05,7.5,5.127578505170922e-07,59.99999987120992
I2,13,N2,0.00012781524308541267,6.506587486765928e-05,-7.5,7.428902318528584e-07,6.478937411427841e-05,7.5,6.838967029698469e-07,74.47562615344822
I2,13,N3,0.00013163841577641815,6.805326845792331e-05,-7.5,2.9883402084791554e-05,6.642047436367137e-05,7.5,3.914713627579951e-07,44.582869069171515
I2,13,N4,0.00011949887984048295,5.941299113150815e-05,-7.5,1.3468500708937058e-06,6.049088192633424e-05,7.5,5.127578468167386e-07,59.99999988233144
I2,13,N5,0.00013689711388225497,8.13778832506784e-05,-7.5,8.899912769676799e-07,8.033027715907915e-05,7.5,6.346787540901269e-07,65.00174071535491
I2,13,N6,0.00011793319948435286,6.0614257744624207e-05,-7.5,1.1804599045913626e-06,5.961669877134668e-05,7.5,5.813555529951742e-07,54.58635061538613
I2,13,N7,0.00012734307240093987,6.484915223949807e-05,-7.5,7.43804921295625e-07,6.455054380099665e-05,7.5,6.830860489742833e-07,74.47562615344822
I2,13,N8,0.0,0.0,-7.5,0.0,0.0,7.5,0.0,38.65139290867365
I2,13,N9,0.0001360895108857599,6.991571716126295e-05,-7.5,3.251517123474855e-05,6.862160556238744e-05,7.5,3.910892012445894e-07,44.58286906607205
I2,14,N1,0.00011949888355223729,5.9428804111647474e-05,-7.5,1.3468729047256302e-06,6.049792869769412e-05,7.5,5.127556915425117e-07,59.999999817423955
I2,14,N2,0.00012781524308541267,6.511202476441495e-05,-7.5,2.6742145128973627e-07,6.478231475506675e-05,7.5,6.361046225307586e-05,95.14294378405711
I2,14,N3,0.00013163841577641815,0.0001258037308797186,-7.463411060080533,0.00012537208781218938,6.627754574554664e-05,7.5,1.9383080156224306e-07,22.57133551019671
I2,14,N4,0.00011949887984048295,5.942882054632192e-05,-7.5,1.3468729320825684e-06,6.049792631503836e-05,7.5,5.127556878311037e-07,59.999999827608626
I2,14,N5,0.00013689711388225497,8.090698675048585e-05,-7.5,5.170459479320067e-07,8.037297108151333e-05,7.5,1.2966297595370965e-06,72.1428870132734
I2,14,N6,0.00011793319948435286,0.00010015827371656963,-7.520070265045019,6.02911763668546e-05,5.987784451240658e-05,7.5,3.833271534517205e-07,46.85710976346133
I2,14,N7,0.00012734307240093987,6.488570371268567e-05,-7.5,2.6754530605477e-07,6.455425143044234e-05,7.5,6.337982425728207e-05,95.14294378405714
I2,14,N8,0.0,0.0,-7.5,0.0,0.0,7.5,0.0,8.171299894575666
I2,14,N9,0.0001360895108857599,0.0001265770026411338,-7.463405458450778,0.00012615865091688291,6.847471609159438e-05,7.5,1.9370990131137004e-07,22.571335505462333
I2,15,N1,0.00011949888355223729,5.947896057963999e-05,-7.5,1.3470379951476851e-06,6.051731280860469e-05,7.5,5.127281442392464e-07,59.99999975198078
I2,15,N2,0.00012781524308541267,6.73731237554357e-05,-7.5,7.661032395610628e-07,6.477684572402353e-05,7.5,6.651355970273305e-07,74.11838721019862
I2,15,N3,0.00013163841577641815,6.691724259541458e-05,-7.5,1.8316401461737208e-05,6.646062380296069e-05,7.5,3.968032594947287e-07,44.96334273508812
I2,15,N4,0.00011949887984048295,5.9478977638805084e-05,-7.5,1.3470380230015477e-06,6.051731031259541e-05,7.5,5.127281405123995e-07,59.99999976200123
I2,15,N5,0.00013689711388225497,8.208776982440228e-05,-7.5,9.012343917973762e-07,8.03492580367127e-05,7.5,6.290753676605682e-07,64.87830441432733
I2,15,N6,0.00011793319948435286,6.041424306020466e-05,-7.5,1.1582402324946834e-06,5.964203035215926e-05,7.5,5.862840461841409e-07,54.71995193379847
I2,15,N7,0.00012734307240093987,6.695269731527512e-05,-7.5,7.670605638023009e-07,6.457346845964497e-05,7.5,6.643501140020619e-07,74.11838721019862
I2,15,N8,0.0,0.0,-7.5,0.0,0.0,7.5,0.0,39.17824737371735
I2,15,N9,0.0001360895108857599,6.877262251790968e-05,-7.5,1.941173422435615e-05,6.865706165649023e-05,7.5,3.964556666597655e-07,44.96334273316212
I2,16,N1,0.00011949888355223729,5.961625830269188e-05,-7.5,1.3473824735418705e-06,6.055355462630666e-05,7.5,5.12675633259768e-07,59.9999998913828
I2,16,N2,0.00012781524308541267,6.90418738491951e-05,-7.5,7.699499417700013e-07,6.477320344426115e-05,7.5,6.601233303717538e-07,74.03628362051262
I2,16,N3,0.00013163841577641815,6.682709464189133e-05,-7.5,2.193007729658402e-05,6.656337523927933e-05,7.5,3.945446961005924e-07,45.05078699812089
I2,16,N4,0.00011949887984048295,5.961627597568464e-05,-7.5,1.3473825009806298e-06,6.055355231153639e-05,7.5,5.126756296909216e-07,59.9999999064025
I2,16,N5,0.00013689711388225497,8.17813646223593e-05,-7.5,9.037853523126106e-07,8.037461812467742e-05,7.5,6.278126533305739e-07,64.84993538658985
I2,16,N6,0.00011793319948435286,6.033267656350624e-05,-7.5,1.1477539145573663e-06,5.972428480630984e-05,7.5,5.863443421857087e-07,54.75065785063036
I2,16,N7,0.00012734307240093987,6.858751903047726e-05,-7.5,7.709131878546882e-07,6.457834890181247e-05,7.5,6.593194797844767e-07,74.03628362051262
I2,16,N8,0.0,0.0,-7.5,0.0,0.0,7.5,0.0,39.29933415731586
I2,16,N9,0.0001360895108857599,6.867852649681078e-05,-7.5,2.3050122239541766e-05,6.875886532778882e-05,7.5,3.94386334249307e-07,45.050786998120884
I2,17,N1,0.00011949888355223729,6.0077636554958756e-05,-7.5,1.3480472590351962e-06,6.0618120336678334e-05,7.5,5.125990567621311e-07,60.00000006794482
I2,17,N2,0.00012781524308541267,2.9400149321824907e-05,-7.5,2.6442005419333255e-05,6.467101848672184e-05,7.5,3.196022001395617e-07,60.00000025165039
I2,17,N3,0.00013163841577641815,6.678020040512173e-05,-7.5,6.010732832709104e-07,6.665076680868359e-05,7.5,1.1331139842957978e-06,60.000000052072615
I2,17,N4,0.00011949887984048295,6.007764652281074e-05,-7.5,1.3480472755819874e-06,6.061811885263011e-05,7.5,5.125990543156015e-07,60.000000118875164
I2,17,N5,0.00013689711388225497,4.974073745664346e-05,-7.5,1.743773160985396e-06,8.05309683387985e-05,7.5,4.6591302787972883e-07,60.00000026062004
I2,17,N6,0.00011793319948435286,6.037035356368498e-05,-7.5,6.871577474082557e-07,5.980213173650382e-05,7.5,8.968861178688646e-07,60.000000069054394
I2,17,N7,0.00012734307240093987,2.9193455619352362e-05,-7.5,2.62576879037896e-05,6.447597495399503e-05,7.5,3.19390835277748e-07,60.000000251650384
I2,17,N8,0.0,0.0,-7.5,0.0,0.0,7.5,0.0,60.00000004073427
I2,17,N9,0.0001360895108857599,6.899914442610895e-05,-7.5,6.010811910801128e-07,6.888682833159157e-05,7.5,1.1348643822835457e-06,60.000000052072615
I2,18,N1,0.00011949888355223729,6.077944694358095e-05,-7.5,6.46968471806828e-07,6.075404173842104e-05,7.5,8.769861716892012e-07,67.14999964078041
I2,18,N2,0.00012781524308541267,6.49655606631722e-05,-7.5,1.8629910797479315e-06,6.495695556533151e-05,7.5,4.352959217123122e-07,67.15000013203799
I2,18,N3,0.00013163841577641815,6.668699181990449e-05,-7.5,4.100088699262227e-07,6.673564975277569e-05,7.5,6.847967458736858e-06,67.14999988083113
I2,18,N4,0.00011949887984048295,6.0779445185071935e-05,-7.5,6.469684693848439e-07,6.075403986333388e-05,7.5,8.769861735222056e-07,67.149999797337
I2,18,N5,0.00013689711388225497,8.062367940654821e-05,-7.5,7.317372052565361e-07,8.059202659260498e-05,7.5,7.506080486811841e-07,67.15000022225591
I2,18,N6,0.00011793319948435286,5.9943059363653836e-05,-7.5,4.408089012869736e-07,5.996836119917349e-05,7.5,3.1839328212120925e-06,67.1499998215039
I2,18,N7,0.00012734307240093987,6.472464508779389e-05,-7.5,1.8685030257298225e-06,6.47457188033197e-05,7.5,4.3491519621604044e-07,67.150000132038
I2,18,N8,0.0,0.0,-7.5,0.0,0.0,7.5,0.0,67.1499999519269
I2,18,N9,0.0001360895108857599,6.890659708220785e-05,-7.5,4.096623177599531e-07,6.895468750192883e-05,7.5,7.1007320335688175e-06,67.14999988780939
I2,19,N1,0.00011949888355223729,6.068761436714362e-05,-7.5,6.471679527560535e-07,6.085746413063607e-05,7.5,8.766279866018085e-07,67.14841113656841
I2,19,N2,0.00012781524308541267,6.485732267772085e-05,-7.5,1.8642193118423829e-06,6.507738338691237e-05,7.5,4.3554490144150686e-07,67.15104845324983
I2,19,N3,0.00013163841577641815,6.660468788851734e-05,-7.5,4.158934608237419e-07,6.68283182075063e-05,7.5,5.639361726095899e-06,67.15000010472718
I2,19,N4,0.00011949887984048295,6.068761258341681e-05,-7.5,6.471679494879867e-07,6.085746228346996e-05,7.5,8.766279898798529e-07,67.14841131142894
I2,19,N5,0.00013689711388225497,8.052912353895256e-05,-7.5,7.316613130225071e-07,8.069862654039187e-05,7.5,7.506968703525036e-07,67.15202486160211
I2,19,N6,0.00011793319948435286,5.9857567037826686e-05,-7.5,4.415840688424747e-07,6.006442418641757e-05,7.5,3.1578723656075165e-06,67.14896922293133
I2,19,N7,0.00012734307240093987,6.461825227258158e-05,-7.5,1.8697484391243679e-06,6.486363330987968e-05,7.5,4.3516572382252235e-07,67.15104845324983
I2,19,N8,0.0,0.0,-7.5,0.0,0.0,7.5,0.0,67.15061159111312
I2,19,N9,0.0001360895108857599,6.882444634646686e-05,-7.5,4.1523881630508623e-07,6.904746626278749e-05,7.5,5.83976596308988e-06,67.15000014384502
I2,20,N1,0.00011949888355223729,6.057649241435732e-05,-7.5,6.471976448954104e-07,6.097958937717833e-05,7.5,8.765868847280156e-07,67.14999475117656
I2,20,N2,0.00012781524308541267,6.472267413195895e-05,-7.5,1.8657738690715071e-06,6.522106122194359e-05,7.5,4.357182469810956e-07,67.15000445438733
I2,20,N3,0.00013163841577641815,6.650393200491257e-05,-7.5,4.207540361060882e-07,6.693970092665308e-05,7.5,4.887518661843418e-06,67.15000031251428
I2,20,N4,0.00011949887984048295,6.057649060224959e-05,-7.5,6.471976405661878e-07,6.0979587556004244e-05,7.5,8.765868898066349e-07,67.14999494875016
I2,20,N5,0.00013689711388225497,8.04160141772635e-05,-7.5,7.318221707796723e-07,8.082284146014481e-05,7.5,7.505346398551729e-07,67.15000785033492
I2,20,N6,0.00011793319948435286,5.975064297618741e-05,-7.5,4.42226316703767e-07,6.0181893682652565e-05,7.5,3.1331855819647024e-06,67.14999685682301
I2,20,N7,0.00012734307240093987,6.44859786139775e-05,-7.5,1.8713150263330384e-06,6.500503282149962e-05,7.5,4.353403836250825e-07,67.15000445438733
I2,20,N8,0.0,0.0,-7.5,0.0,0.0,7.5,0.0,67.1500027567324
I2,20,N9,0.0001360895108857599,6.872427702923027e-05,-7.5,4.198478273599765e-07,6.915852747665328e-05,7.5,5.062286101504776e-06,67.15000036556557
I2,21,N1,0.00011949888355223729,6.0341550899481304e-05,-7.5,5.46464064555165e-07,0.00011864416073008217,7.466791657148385,1.1794032604032093e-06,69.65592769235408
I2,21,N2,0.00012781524308541267,6.447801799690222e-05,-7.5,1.2236182052818565e-06,0.00012668276285979324,7.46654538433485,5.011263607345216e-07,69.65593748334453
I2,21,N3,0.00013163841577641815,6.629964241252092e-05,-7.5,3.783709911977477e-07,0.00013082251763401058,7.466852871772403,0.00011616499316000905,69.65591930268083
I2,21,N4,0.00011949887984048295,6.034154907956046e-05,-7.5,5.464640609958581e-07,0.00011864415698485575,7.466791667576967,1.179403269993765e-06,69.65592790347034
I2,21,N5,0.00013689711388225497,8.018856342754684e-05,-7.5,6.05909362115673e-07,0.00013604043265691822,7.4463947734472065,9.624796548892783e-07,69.65593229565451
I2,21,N6,0.00011793319948435286,5.9520269799519686e-05,-7.5,3.925525238962841e-07,0.00011713422256091176,7.483141838541785,1.315269046817579e-05,69.65592491271165
I2,21,N7,0.00012734307240093987,6.42426027124683e-05,-7.5,1.2260505737602067e-06,0.00012649557672045114,7.46653525450051,5.006396338683855e-07,69.65593748334453
I2,21,N8,0.0,0.0,-7.5,0.0,0.0,7.5,0.0,69.65593969994667
I2,21,N9,0.0001360895108857599,6.852038001475347e-05,-7.5,3.7747876304977296e-07,0.00013161263290555278,7.4668528796957,0.00011992659899731994,69.65591936890631
I2,22,N1,0.00011949888355223729,6.053575415073915e-05,-7.5,6.473548835564481e-07,6.102318678961377e-05,7.5,8.76349292314807e-07,67.14999983315384
I2,22,N2,0.00012781524308541267,6.465029344910415e-05,-7.5,1.8669571026556273e-06,6.529640103040201e-05,7.5,4.360216534689378e-07,67.15000027283278
I2,22,N3,0.00013163841577641815,6.64750659351423e-05,-7.5,4.2420293169962406e-07,6.697101223103116e-05,7.5,4.508541387141545e-06,67.15000003561099
I2,22,N4,0.00011949887984048295,6.053575229400862e-05,-7.5,6.47354877865342e-07,6.102318501496335e-05,7.5,8.763492995933511e-07,67.15000005967163
I2,22,N5,0.00013689711388225497,8.03731782444549e-05,-7.5,7.318793916447988e-07,8.08686468953684e-05,7.5,7.504894412592957e-07,67.15000030449856
I2,22,N6,0.00011793319948435286,5.971457913865583e-05,-7.5,4.429845728079134e-07,6.022054874230923e-05,7.5,3.1025203998568144e-06,67.15000006804956
I2,22,N7,0.00012734307240093987,6.44204649399614e-05,-7.5,1.872501200595977e-06,6.507229212393773e-05,7.5,4.3564535080613627e-07,67.15000027283278
I2,22,N8,0.0,0.0,-7.5,0.0,0.0,7.5,0.0,67.15000019033191
I2,22,N9,0.0001360895108857599,6.869639585318707e-05,-7.5,4.2313396980769256e-07,6.918888008876994e-05,7.5,4.669952951507762e-06,67.150000062693
I2,23,N1,0.00011949888355223729,6.061034251767616e-05,-7.5,6.474080072628089e-07,6.0942491972342775e-05,7.5,8.762822477607245e-07,67.14999974907677
I2,23,N2,0.00012781524308541267,6.473341867056602e-05,-7.5,1.8671491213580117e-06,6.52097804980556e-05,7.5,4.361310478668588e-07,67.15000012502188
I2,23,N3,0.00013163841577641815,6.654655579786691e-05,-7.5,4.2336542017626567e-07,6.689267720032058e-05,7.5,4.64606258226833e-06,67.14999998465606
I2,23,N4,0.00011949887984048295,6.061034063303075e-05,-7.5,6.474080007323002e-07,6.094249023101236e-05,7.5,8.762822564156076e-07,67.14999999326739
I2,23,N5,0.00013689711388225497,8.044694130737697e-05,-7.5,7.318977272372231e-07,8.078893273991584e-05,7.5,7.504780456522313e-07,67.15000013969453
I2,23,N6,0.00011793319948435286,5.9790430102934864e-05,-7.5,4.43092224052152e-07,6.0138306690319e-05,7.5,3.098405421541973e-06,67.15000000556509
I2,23,N7,0.00012734307240093987,6.450570849978196e-05,-7.5,1.8726897683937081e-06,6.498361527125637e-05,7.5,4.3575527332708303e-07,67.15000012502188
I2,23,N8,0.0,0.0,-7.5,0.0,0.0,7.5,0.0,67.15000007662603
I2,23,N9,0.0001360895108857599,6.876818098012074e-05,-7.5,4.223460131428247e-07,6.911007194528512e-05,7.5,4.808964699450233e-06,67.15000000128536
I2,24,N1,0.00011949888355223729,6.066052119478219e-05,-7.5,6.474411201883229e-07,6.088742121637313e-05,7.5,8.762437917283467e-07,67.14999968592808
I2,24,N2,0.00012781524308541267,6.479479783569697e-05,-7.5,1.867137291995776e-06,6.51445801024477e-05,7.5,4.362145734028198e-07,67.1500000456533
I2,24,N3,0.00013163841577641815,6.65954783900998e-05,-7.5,4.2241626161807765e-07,6.683848324184481e-05,7.5,4.794756436367531e-06,67.14999994751525
I2,24,N4,0.00011949887984048295,6.0660519305840577e-05,-7.5,6.474411131908319e-07,6.088741948154299e-05,7.5,8.762438011261576e-07,67.14999993997039
I2,24,N5,0.00013689711388225497,8.049670463225304e-05,-7.5,7.31907700829146e-07,8.073438558571199e-05,7.5,7.504725848971726e-07,67.15000005397592
I2,24,N6,0.00011793319948435286,5.9841750204612216e-05,-7.5,4.431366177249626e-07,6.0081869922837294e-05,7.5,3.0966013075267604e-06,67.14999995801773
I2,24,N7,0.00012734307240093987,6.456853810798274e-05,-7.5,1.872673331079597e-06,6.491708914203647e-05,7.5,4.3583916043382247e-07,67.15000004565331
I2,24,N8,0.0,0.0,-7.5,0.0,0.0,7.5,0.0,67.15000001204996
I2,24,N9,0.0001360895108857599,6.881823288992401e-05,-7.5,4.2144668923374823e-07,6.905709117983751e-05,7.5,4.959084835229071e-06,67.14999995859485
I3,1,N1,0.0,0.0,-7.5,0.0,0.0,7.5,0.0,67.14742370404257
I3,1,N2,0.0,0.0,-7.5,0.0,0.0,7.5,0.0,67.14742403925963
I3,1,N3,4.373439760389971,4.373439760389971,-4.7007698769580655,6.867734164194903e-07,4.373439760389971,0.9353585143103649,1.0034488213189769e-05,67.14742397139852
I3,1,N4,0.0,0.0,-7.5,0.0,0.0,7.5,0.0,67.14742394823318
I3,1,N5,0.0,0.0,-7.5,0.0,0.0,7.5,0.0,67.14742404437659
I3,1,N6,0.0,0.0,-7.5,0.0,0.0,7.5,0.0,67.14742397094646
I3,1,N7,0.0,0.0,-7.5,0.0,0.0,7.5,0.0,67.14742403925963
I3,1,N8,57.533470888701295,57.533470888701295,-6.141363582736194,6.692370966378964e-07,57.533470888701295,-0.895129007600528,2.7174483526234515e-05,67.14742401261897
I3,1,N9,0.0,0.0,-7.5,0.0,0.0,7.5,0.0,67.14742397547765
I3,2,N1,0.0,0.0,-7.5,0.0,0.0,7.5,0.0,67.14999912376713
I3,2,N2,0.0,0.0,-7.5,0.0,0.0,7.5,0.0,67.14999948203827
I3,2,N3,4.373439760389971,4.373439760389971,-2.976767532870176,7.920032460372076e-07,4.373439760389971,2.9614454405925033,3.1057769868398384e-06,67.14999943884283
I3,2,N4,0.0,0.0,-7.5,0.0,0.0,7.5,0.0,67.14999939996554
I3,2,N5,0.0,0.0,-7.5,0.0,0.0,7.5,0.0,67.14999948535035
I3,2,N6,0.0,0.0,-7.5,0.0,0.0,7.5,0.0,67.14999942992158
I3,2,N7,0.0,0.0,-7.5,0.0,0.0,7.5,0.0,67.14999948203827
I3,2,N8,57.533470888701295,57.533470888701295,-2.780327354441775,8.967751061879755e-07,57.533470888701295,2.0766284846287286,2.741821087562101e-06,67.14999945987167
I3,2,N9,0.0,0.0,-7.5,0.0,0.0,7.5,0.0,67.1499994405838
I3,3,N1,0.0,0.0,-7.5,0.0,0.0,7.5,0.0,67.14999934697849
I3,3,N2,0.0,0.0,-7.5,0.0,0.0,7.5,0.0,67.14999975031145
I3,3,N3,4.373439760389971,4.373439760389971,-4.223236811622881,7.120006286644445e-07,4.373439759081776,0.9504044452684136,1.0138873246487396e-05,67.14999970393472
I3,3,N4,0.0,0.0,-7.5,0.0,0.0,7.5,0.0,67.14999966429109
I3,3,N5,0.0,0.0,-7.5,0.0,0.0,7.5,0.0,67.14999975089775
I3,3,N6,0.0,0.0,-7.5,0.0,0.0,7.5,0.0,67.1499996956228
I3,3,N7,0.0,0.0,-7.5,0.0,0.0,7.5,0.0,67.14999975031145
I3,3,N8,57.533470888701295,57.533470888701295,-6.057321996049339,6.733968052335895e-07,57.533470888701295,-1.2269680811155552,12.689083586379109,67.1499997348533
I3,3,N9,0.0,0.0,-7.5,0.0,0.0,7.5,0.0,67.14999970707255
I3,4,N1,0.0,0.0,-7.5,0.0,0.0,7.5,0.0,67.14743644682248
I3,4,N2,0.0,0.0,-7.5,0.0,0.0,7.5,0.0,67.14743688679366
I3,4,N3,4.373439760389971,4.373439760389971,-1.5961222098096453,9.017109091309338e-07,4.373439760389971,5.161698366517293,1.7730272482296352e-06,67.14743684330159
I3,4,N4,0.0,0.0,-7.5,0.0,0.0,7.5,0.0,67.14743679872863
I3,4,N5,0.0,0.0,-7.5,0.0,0.0,7.5,0.0,67.14743688594443
I3,4,N6,0.0,0.0,-7.5,0.0,0.0,7.5,0.0,67.14743683118107
I3,4,N7,0.0,0.0,-7.5,0.0,0.0,7.5,0.0,67.14743688679366
I3,4,N8,57.533470888701295,57.533470888701295,-2.1144103554800218,9.61556214422545e-07,57.533470888701295,4.00687457320299,1.7260970190023363e-06,67.14743687455326
I3,4,N9,0.0,0.0,-7.5,0.0,0.0,7.5,0.0,67.14743684330202
I3,5,N1,0.0,0.0,-7.5,0.0,0.0,7.5,0.0,67.14999941062712
I3,5,N2,0.0,0.0,-7.5,0.0,0.0,7.5,0.0,67.14999981561111
I3,5,N3,4.373439760389971,4.373439760389971,-5.349111133442012,6.518072509132041e-07,4.3734397600621735,0.20726934226866178,6.962837424349088e-05,67.14999976462673
I3,5,N4,0.0,0.0,-7.5,0.0,0.0,7.5,0.0,67.14999972793971
I3,5,N5,0.0,0.0,-7.5,0.0,0.0,7.5,0.0,67.14999981711021
I3,5,N6,0.0,0.0,-7.5,0.0,0.0,7.5,0.0,67.1499997579648
I3,5,N7,0.0,0.0,-7.5,0.0,0.0,7.5,0.0,67.14999981561111
I3,5,N8,57.533470888701295,57.533470888701295,-6.001544750126537,6.762743365689534e-07,57.533470888701295,-1.2269680751779575,13.389508412042035,67.14999979837565
I3,5,N9,0.0,0.0,-7.5,0.0,0.0,7.5,0.0,67.14999976846725
I3,6,N1,0.0,0.0,-7.5,0.0,0.0,7.5,0.0,67.14999966936135
I3,6,N2,0.0,0.0,-7.5,0.0,0.0,7.5,0.0,67.15000001135438
I3,6,N3,4.373439760389971,4.373439760389971,-1.4731983234285138,9.109583562157115e-07,4.373439760389971,5.1742855276598085,1.7776119459857667e-06,67.14999992633449
I3,6,N4,0.0,0.0,-7.5,0.0,0.0,7.5,0.0,67.14999991355197
I3,6,N5,0.0,0.0,-7.5,0.0,0.0,7.5,0.0,67.15000001790281
I3,6,N6,0.0,0.0,-7.5,0.0,0.0,7.5,0.0,67.14999993346309
I3,6,N7,0.0,0.0,-7.5,0.0,0.0,7.5,0.0,67.15000001135441
I3,6,N8,57.533470888701295,57.533470888701295,-6.041877791050779,6.741911368872503e-07,57.533470888701295,-1.2269680808796062,17.355588083811295,67.1499999813532
I3,6,N9,0.0,0.0,-7.5,0.0,0.0,7.5,0.0,67.14999993554734
I3,7,N1,0.0,0.0,-7.5,0.0,0.0,7.5,0.0,67.14999985971356
I3,7,N2,0.0,0.0,-7.5,0.0,0.0,7.5,0.0,67.15000017882261
I3,7,N3,4.373439760389971,4.373439760389971,-5.528793291237449,6.422713673405511e-07,4.373439760389971,0.11511277988722413,0.0006374769059595948,67.1500000077742
I3,7,N4,0.0,0.0,-7.5,0.0,0.0,7.5,0.0,67.1500000345741
I3,7,N5,0.0,0.0,-7.5,0.0,0.0,7.5,0.0,67.15000019687072
I3,7,N6,0.0,0.0,-7.5,0.0,0.0,7.5,0.0,67.15000003904545
I3,7,N7,0.0,0.0,-7.5,0.0,0.0,7.5,0.0,67.15000017882261
I3,7,N8,57.533470888701295,57.533470888701295,-5.875364506795638,6.828742007075719e-07,57.533470888701295,-1.2269680862735124,21.950453957029282,67.15000011439368
I3,7,N9,0.0,0.0,-7.5,0.0,0.0,7.5,0.0,67.15000002831115
I3,8,N1,0.0,0.0,-7.5,0.0,0.0,7.5,0.0,67.14999986258955
I3,8,N2,0.0,0.0,-7.5,0.0,0.0,7.5,0.0,67.1500002333285
I3,8,N3,4.373439760389971,4.373439760389971,-4.445450177163861,6.934906470101917e-07,4.373439760064879,0.7064047920153136,1.723228663028778e-05,67.14999998308025
I3,8,N4,0.0,0.0,-7.5,0.0,0.0,7.5,0.0,67.14999999749661
I3,8,N5,0.0,0.0,-7.5,0.0,0.0,7.5,0.0,67.15000027811877
I3,8,N6,0.0,0.0,-7.5,0.0,0.0,7.5,0.0,67.14999999812864
I3,8,N7,0.0,0.0,-7.5,0.0,0.0,7.5,0.0,67.1500002333285
I3,8,N8,57.533470888701295,57.533470888701295,-5.7428744977996065,6.899421298887576e-07,57.5334708884536,-1.2269680294650485,22.107730167602032,67.15000010639858
I3,8,N9,0.0,0.0,-7.5,0.0,0.0,7.5,0.0,67.14999999894148
I3,9,N1,0.0,0.0,-7.5,0.0,0.0,7.5,0.0,67.14740437252662
I3,9,N2,0.0,0.0,-7.5,0.0,0.0,7.5,0.0,67.14740468591606
I3,9,N3,4.373439760389971,4.373439760389971,-4.746231482202713,6.734843455715455e-07,4.373439760018321,0.3607636363227775,9.794892088082539e-05,67.14740446780631
I3,9,N4,0.0,0.0,-7.5,0.0,0.0,7.5,0.0,67.14740448140408
I3,9,N5,0.0,0.0,-7.5,0.0,0.0,7.5,0.0,67.14740471934387
I3,9,N6,0.0,0.0,-7.5,0.0,0.0,7.5,0.0,67.14740446965801
I3,9,N7,0.0,0.0,-7.5,0.0,0.0,7.5,0.0,67.14740468591606
I3,9,N8,57.533470888701295,57.533470888701295,-6.1176496927973005,6.704436988896855e-07,57.5334708884338,-1.2332907977981873,57.52859373700031,67.14740448623566
I3,9,N9,0.0,0.0,-7.5,0.0,0.0,7.5,0.0,67.14740447202948
I3,10,N1,0.0,0.0,-7.5,0.0,0.0,7.5,0.0,60.00000021405383
I3,10,N2,0.0,0.0,-7.5,0.0,0.0,7.5,0.0,60.000000422986304
I3,10,N3,4.373439760389971,4.373439760389971,-5.257996104135422,8.60454115863785e-07,4.373439760389971,1.449158582935087,2.2539131393919175e-06,60.00000023779161
I3,10,N4,0.0,0.0,-7.5,0.0,0.0,7.5,0.0,60.000000276436005
I3,10,N5,0.0,0.0,-7.5,0.0,0.0,7.5,0.0,60.00000044291723
I3,10,N6,0.0,0.0,-7.5,0.0,0.0,7.5,0.0,60.00000024018368
I3,10,N7,0.0,0.0,-7.5,0.0,0.0,7.5,0.0,60.0000004229863
I3,10,N8,57.533470888701295,57.533470888701295,-5.65843261998977,9.007023758179492e-07,57.533470888701295,0.31107287619612495,2.3443400525432164e-06,60.000000235923665
I3,10,N9,0.0,0.0,-7.5,0.0,0.0,7.5,0.0,60.00000023779161
I3,11,N1,0.0,0.0,-7.5,0.0,0.0,7.5,0.0,59.99999997423332
I3,11,N2,0.0,0.0,-7.5,0.0,0.0,7.5,0.0,74.03628304151435
I3,11,N3,4.373439760389971,4.373439760389971,1.6349282684353859,5.334551364612358e-06,4.373439760389971,5.644043427515097,1.0975994612852482e-06,45.05078785904389
I3,11,N4,0.0,0.0,-7.5,0.0,0.0,7.5,0.0,59.99999999396799
I3,11,N5,0.0,0.0,-7.5,0.0,0.0,7.5,0.0,64.84993525189743
I3,11,N6,0.0,0.0,-7.5,0.0,0.0,7.5,0.0,54.7506582418689
I3,11,N7,0.0,0.0,-7.5,0.0,0.0,7.5,0.0,74.03628304151435
I3,11,N8,57.533470888701295,57.533470888701295,7.881498262342414,19.667571370008414,57.533470888701295,12.488029397077309,9.945455906954123e-07,39.29933529695459
I3,11,N9,0.0,0.0,-7.5,0.0,0.0,7.5,0.0,45.05078785904388
I3,12,N1,0.0,0.0,-7.5,0.0,0.0,7.5,0.0,59.9999999144036
I3,12,N2,0.0,0.0,-7.5,0.0,0.0,7.5,0.0,74.10486908099706
I3,12,N3,4.373439760389971,4.37343975949464,4.693466893752373,1.9205286766122902e-05,4.373439760389971,8.340264900459179,1.0225798490483717e-06,44.97774055737967
I3,12,N4,0.0,0.0,-7.5,0.0,0.0,7.5,0.0,59.99999992738514
I3,12,N5,0.0,0.0,-7.5,0.0,0.0,7.5,0.0,64.8736336309729
I3,12,N6,0.0,0.0,-7.5,0.0,0.0,7.5,0.0,54.72500784324203
I3,12,N7,0.0,0.0,-7.5,0.0,0.0,7.5,0.0,74.10486908099706
I3,12,N8,57.533470888701295,57.53347085594337,7.784919058832959,57.52949417455229,57.533470888701295,11.309417455683542,1.1303250388434091e-06,39.198184417328406
I3,12,N9,0.0,0.0,-7.5,0.0,0.0,7.5,0.0,44.977740556611586
I3,13,N1,0.0,0.0,-7.5,0.0,0.0,7.5,0.0,59.99999987120992
I3,13,N2,0.0,0.0,-7.5,0.0,0.0,7.5,0.0,74.47562615344822
I3,13,N3,4.373439760389971,4.373416885204524,5.1715140115674165,4.35973752281502,4.373439760389971,6.385614796232174,1.328978989555027e-06,44.582869069171515
I3,13,N4,0.0,0.0,-7.5,0.0,0.0,7.5,0.0,59.99999988233144
I3,13,N5,0.0,0.0,-7.5,0.0,0.0,7.5,0.0,65.00174071535491
I3,13,N6,0.0,0.0,-7.5,0.0,0.0,7.5,0.0,54.58635061538613
I3,13,N7,0.0,0.0,-7.5,0.0,0.0,7.5,0.0,74.47562615344822
I3,13,N8,57.533470888701295,57.533455231169704,7.239599038100703,57.53045478575684,57.533470888701295,9.371013264505818,1.3714757058794762e-06,38.65139290867365
I3,13,N9,0.0,0.0,-7.5,0.0,0.0,7.5,0.0,44.58286906607205
I3,14,N1,0.0,0.0,-7.5,0.0,0.0,7.5,0.0,59.999999817423955
I3,14,N2,0.0,0.0,-7.5,0.0,0.0,7.5,0.0,95.14294378405711
I3,14,N3,4.373439760389971,4.37343901369427,4.001897713337752,4.3734384203791645,4.373439760389971,5.019742141877815,3.2138216483906623e-07,22.57133551019671
I3,14,N4,0.0,0.0,-7.5,0.0,0.0,7.5,0.0,59.999999827608626
I3,14,N5,0.0,0.0,-7.5,0.0,0.0,7.5,0.0,72.1428870132734
I3,14,N6,0.0,0.0,-7.5,0.0,0.0,7.5,0.0,46.85710976346133
I3,14,N7,0.0,0.0,-7.5,0.0,0.0,7.5,0.0,95.14294378405714
I3,14,N8,57.533470888701295,57.533470428044275,5.579984017916269,57.533470527740796,57.533470888701295,6.725305543389826,2.5417808017943783e-07,8.171299894575666
I3,14,N9,0.0,0.0,-7.5,0.0,0.0,7.5,0.0,22.571335505462333
I3,15,N1,0.0,0.0,-7.5,0.0,0.0,7.5,0.0,59.99999975198078
I3,15,N2,0.0,0.0,-7.5,0.0,0.0,7.5,0.0,74.11838721019862
I3,15,N3,4.373439760389971,4.373439759488658,5.55063806008792,0.6117628636093748,4.373439760389971,6.757049247879538,1.3307607391796195e-06,44.96334273508812
I3,15,N4,0.0,0.0,-7.5,0.0,0.0,7.5,0.0,59.99999976200123
I3,15,N5,0.0,0.0,-7.5,0.0,0.0,7.5,0.0,64.87830441432733
I3,15,N6,0.0,0.0,-7.5,0.0,0.0,7.5,0.0,54.71995193379847
I3,15,N7,0.0,0.0,-7.5,0.0,0.0,7.5,0.0,74.11838721019862
I3,15,N8,57.533470888701295,57.5330025321179,7.763453310910718,57.52725266833185,57.533470888701295,9.556950775093238,1.4469560345551433e-06,39.17824737371735
I3,15,N9,0.0,0.0,-7.5,0.0,0.0,7.5,0.0,44.96334273316212
I3,16,N1,0.0,0.0,-7.5,0.0,0.0,7.5,0.0,59.9999998913828
I3,16,N2,0.0,0.0,-7.5,0.0,0.0,7.5,0.0,74.03628362051262
I3,16,N3,4.373439760389971,4.373439760389971,1.0377380109076877,4.258329322806315e-06,4.373439760389971,4.98672163250137,1.1641503204569838e-06,45.05078699812089
I3,16,N4,0.0,0.0,-7.5,0.0,0.0,7.5,0.0,59.9999999064025
I3,16,N5,0.0,0.0,-7.5,0.0,0.0,7.5,0.0,64.84993538658985
I3,16,N6,0.0,0.0,-7.5,0.0,0.0,7.5,0.0,54.75065785063036
I3,16,N7,0.0,0.0,-7.5,0.0,0.0,7.5,0.0,74.03628362051262
I3,16,N8,57.533470888701295,57.53347088870125,7.8814980879151655,38.49658531496069,57.533470888701295,11.924992448033157,1.0611917163438927e-06,39.29933415731586
I3,16,N9,0.0,0.0,-7.5,0.0,0.0,7.5,0.0,45.050786998120884
I3,17,N1,0.0,0.0,-7.5,0.0,0.0,7.5,0.0,60.00000006794482
I3,17,N2,0.0,0.0,-7.5,0.0,0.0,7.5,0.0,60.00000025165039
I3,17,N3,4.373439760389971,4.373439760389971,-3.8342378326354067,9.138183063380806e-07,4.373439760389971,3.419456927477322,1.7903757409380762e-06,60.000000052072615
I3,17,N4,0.0,0.0,-7.5,0.0,0.0,7.5,0.0,60.000000118875164
I3,17,N5,0.0,0.0,-7.5,0.0,0.0,7.5,0.0,60.00000026062004
I3,17,N6,0.0,0.0,-7.5,0.0,0.0,7.5,0.0,60.000000069054394
I3,17,N7,0.0,0.0,-7.5,0.0,0.0,7.5,0.0,60.000000251650384
I3,17,N8,57.533470888701295,57.533470888701295,-0.6993790298679963,1.0157117451332476e-06,57.533470888701295,6.904828955040816,1.4871010019331572e-06,60.00000004073427
I3,17,N9,0.0,0.0,-7.5,0.0,0.0,7.5,0.0,60.000000052072615
I3,18,N1,0.0,0.0,-7.5,0.0,0.0,7.5,0.0,67.14999964078041
I3,18,N2,0.0,0.0,-7.5,0.0,0.0,7.5,0.0,67.15000013203799
I3,18,N3,4.373439760389971,4.373439760389971,-4.896159667422117,6.778263224401509e-07,4.373439760389971,0.0006207298753009294,2.5922149342357836,67.14999988083113
I3,18,N4,0.0,0.0,-7.5,0.0,0.0,7.5,0.0,67.149999797337
I3,18,N5,0.0,0.0,-7.5,0.0,0.0,7.5,0.0,67.15000022225591
I3,18,N6,0.0,0.0,-7.5,0.0,0.0,7.5,0.0,67.1499998215039
I3,18,N7,0.0,0.0,-7.5,0.0,0.0,7.5,0.0,67.150000132038
I3,18,N8,57.533470888701295,57.533470888701295,-4.64891650699084,7.543190117742683e-07,57.533470888701295,-1.226968049806316,37.82368615903621,67.1499999519269
I3,18,N9,0.0,0.0,-7.5,0.0,0.0,7.5,0.0,67.14999988780939
I3,19,N1,0.0,0.0,-7.5,0.0,0.0,7.5,0.0,67.14841113656841
I3,19,N2,0.0,0.0,-7.5,0.0,0.0,7.5,0.0,67.15104845324983
I3,19,N3,4.373439760389971,4.373439760389971,-11.07634419944392,4.5867482397338823e-07,3.0207998864597627,-11.87973240373543,3.020799151462555,67.15000010472718
I3,19,N4,0.0,0.0,-7.5,0.0,0.0,7.5,0.0,67.14841131142894
I3,19,N5,0.0,0.0,-7.5,0.0,0.0,7.5,0.0,67.15202486160211
I3,19,N6,0.0,0.0,-7.5,0.0,0.0,7.5,0.0,67.14896922293133
I3,19,N7,0.0,0.0,-7.5,0.0,0.0,7.5,0.0,67.15104845324983
I3,19,N8,57.533470888701295,57.533470888701295,-4.570959150143405,7.593218059422402e-07,57.53347088845428,-1.2263557847769913,15.90270544778998,67.15061159111312
I3,19,N9,0.0,0.0,-7.5,0.0,0.0,7.5,0.0,67.15000014384502
I3,20,N1,0.0,0.0,-7.5,0.0,0.0,7.5,0.0,67.14999475117656
I3,20,N2,0.0,0.0,-7.5,0.0,0.0,7.5,0.0,67.15000445438733
I3,20,N3,4.373439760389971,4.373439760389971,-2.94576787276612,7.968990945073992e-07,4.373439759509379,4.950461937684881,1.8266073229222716e-06,67.15000031251428
I3,20,N4,0.0,0.0,-7.5,0.0,0.0,7.5,0.0,67.14999494875016
I3,20,N5,0.0,0.0,-7.5,0.0,0.0,7.5,0.0,67.15000785033492
I3,20,N6,0.0,0.0,-7.5,0.0,0.0,7.5,0.0,67.14999685682301
I3,20,N7,0.0,0.0,-7.5,0.0,0.0,7.5,0.0,67.15000445438733
I3,20,N8,57.533470888701295,57.533470888701295,-4.094053732159672,7.917191510408043e-07,57.53347088788828,-1.191164543984469,0.00025392140344011497,67.1500027567324
I3,20,N9,0.0,0.0,-7.5,0.0,0.0,7.5,0.0,67.15000036556557
I3,21,N1,0.0,0.0,-7.5,0.0,0.0,7.5,0.0,69.65592769235408
I3,21,N2,0.0,0.0,-7.5,0.0,0.0,7.5,0.0,69.65593748334453
I3,21,N3,4.373439760389971,4.373374743864458,13.911064914848282,4.373371706919325,4.373439760389971,28.1732447426157,3.4419080183622174e-07,69.65591930268083
I3,21,N4,0.0,0.0,-7.5,0.0,0.0,7.5,0.0,69.65592790347034
I3,21,N5,0.0,0.0,-7.5,0.0,0.0,7.5,0.0,69.65593229565451
I3,21,N6,0.0,0.0,-7.5,0.0,0.0,7.5,0.0,69.65592491271165
I3,21,N7,0.0,0.0,-7.5,0.0,0.0,7.5,0.0,69.65593748334453
I3,21,N8,57.533470888701295,57.533470888701295,9.751151117284428,8.974420111014142,57.533470888701295,11.136900391786233,9.121926134637208e-07,69.65593969994667
I3,21,N9,0.0,0.0,-7.5,0.0,0.0,7.5,0.0,69.65591936890631
I3,22,N1,0.0,0.0,-7.5,0.0,0.0,7.5,0.0,67.14999983315384
I3,22,N2,0.0,0.0,-7.5,0.0,0.0,7.5,0.0,67.15000027283278
I3,22,N3,4.373439760389971,4.373439760389971,-11.101673174100771,4.580636178014305e-07,3.2022532429335047,-11.875106546612717,3.202252509452693,67.15000003561099
I3,22,N4,0.0,0.0,-7.5,0.0,0.0,7.5,0.0,67.15000005967163
I3,22,N5,0.0,0.0,-7.5,0.0,0.0,7.5,0.0,67.15000030449856
I3,22,N6,0.0,0.0,-7.5,0.0,0.0,7.5,0.0,67.15000006804956
I3,22,N7,0.0,0.0,-7.5,0.0,0.0,7.5,0.0,67.15000027283278
I3,22,N8,57.533470888701295,57.533470888701295,-4.616300535274143,7.564207019199177e-07,57.533470888701295,-1.2269679674173777,26.71494898877555,67.15000019033191
I3,22,N9,0.0,0.0,-7.5,0.0,0.0,7.5,0.0,67.150000062693
I3,23,N1,0.0,0.0,-7.5,0.0,0.0,7.5,0.0,67.14999974907677
I3,23,N2,0.0,0.0,-7.5,0.0,0.0,7.5,0.0,67.15000012502188
I3,23,N3,4.373439760389971,4.373439760389971,-11.122620962010426,4.5755931682105623e-07,3.2024638420652334,-11.827605021220572,3.2024631055123693,67.14999998465606
I3,23,N4,0.0,0.0,-7.5,0.0,0.0,7.5,0.0,67.14999999326739
I3,23,N5,0.0,0.0,-7.5,0.0,0.0,7.5,0.0,67.15000013969453
I3,23,N6,0.0,0.0,-7.5,0.0,0.0,7.5,0.0,67.15000000556509
I3,23,N7,0.0,0.0,-7.5,0.0,0.0,7.5,0.0,67.15000012502188
I3,23,N8,57.533470888701295,57.533470888701295,-4.645862101532078,7.545153686926501e-07,57.533470888701295,-1.2269679002388252,19.203681332952087,67.15000007662603
I3,23,N9,0.0,0.0,-7.5,0.0,0.0,7.5,0.0,67.15000000128536
I3,24,N1,0.0,0.0,-7.5,0.0,0.0,7.5,0.0,67.14999968592808
I3,24,N2,0.0,0.0,-7.5,0.0,0.0,7.5,0.0,67.1500000456533
I3,24,N3,4.373439760389971,4.373439760389971,-1.3716678856843454,9.270345765720916e-07,4.373439760389971,5.651983471120692,1.6016865972060704e-06,67.14999994751525
I3,24,N4,0.0,0.0,-7.5,0.0,0.0,7.5,0.0,67.14999993997039
I3,24,N5,0.0,0.0,-7.5,0.0,0.0,7.5,0.0,67.15000005397592
I3,24,N6,0.0,0.0,-7.5,0.0,0.0,7.5,0.0,67.14999995801773
I3,24,N7,0.0,0.0,-7.5,0.0,0.0,7.5,0.0,67.15000004565331
I3,24,N8,57.533470888701295,57.533470888701295,-4.653258686720947,7.540401206527372e-07,57.533470888701295,-1.22696786101588,15.761373992240546,67.15000001204996
I3,24,N9,0.0,0.0,-7.5,0.0,0.0,7.5,0.0,67.14999995859485
I4,1,N1,6.774915763449997e-05,3.3469590110525265e-05,-7.5,6.405714142944542e-07,3.3612884200128347e-05,7.5,8.587907205477768e-07,67.14742370404257
I4,1,N2,9.517390541748487e-05,4.72585356534341e-05,-7.5,1.2212469069313925e-06,4.7351640030602804e-05,7.5,5.04402912115482e-07,67.14742403925963
I4,1,N3,36.84640111289335,36.84640111289335,-13.01375375650365,4.612145206261006e-07,36.84640111226003,-2.329761860619994,35.60826011315955,67.14742397139852
I4,1,N4,6.78391280555958e-05,3.355198315181236e-05,-7.5,6.406024136510028e-07,3.3705161663705755e-05,7.5,8.588800821406601e-07,67.14742394823318
I4,1,N5,6.84165950995869e-05,3.389983861148623e-05,-7.5,7.193157169819943e-07,3.386464858700554e-05,7.5,7.356724234418878e-07,67.14742404437659
I4,1,N6,0.04053515853656846,0.04050370455405894,-7.497023150567593,4.38490428043146e-07,0.04050383529546656,7.502734213260577,3.745432464723119e-06,67.14742397094646
I4,1,N7,9.515653585931961e-05,4.724133206438303e-05,-7.5,1.221232272253564e-06,4.733763461416459e-05,7.5,5.044018558839298e-07,67.14742403925963
I4,1,N8,42.46640580012056,42.46640580012056,-4.579189652569399,4.397811048333073e-07,42.466405799614684,8.347061263844013,22.41241775335472,67.14742401261897
I4,1,N9,54.22720640031281,54.22720640031281,-19.829124769486143,2.663055753747651e-07,54.22720635444263,5.424850016946185,23.96574362742621,67.14742397547765
I4,2,N1,6.774915763449997e-05,3.3473683797988314e-05,-7.5,6.404331426130943e-07,3.360757475812683e-05,7.5,8.590064973262614e-07,67.14999912376713
I4,2,N2,9.517390541748487e-05,4.724970079694235e-05,-7.5,1.2208043598246142e-06,4.735828350877297e-05,7.5,5.044911795419598e-07,67.14999948203827
I4,2,N3,36.84640111289335,36.84640111289335,4.1015629743757485,4.160591380028112e-06,36.84640111208599,32.53148192082171,2.507934600716255e-07,67.14999943884283
I4,2,N4,6.78391280555958e-05,3.355593158868468e-05,-7.5,6.404641081846175e-07,3.370030972036834e-05,7.5,8.59096291319574e-07,67.14999939996554
I4,2,N5,6.84165950995869e-05,3.3888404557342146e-05,-7.5,7.191372043004416e-07,3.387732289358773e-05,7.5,7.358504209252843e-07,67.14999948535035
I4,2,N6,0.04053515853656846,0.04050370617237174,-7.497047075276215,4.3843245025009504e-07,0.040503832858064956,7.502707917612144,3.749510911465135e-06,67.14999942992158
I4,2,N7,9.515653585931961e-05,4.723244425322988e-05,-7.5,1.2207897308663161e-06,4.7344260981934766e-05,7.5,5.044901196672198e-07,67.14999948203827
I4,2,N8,42.46640580012056,42.46640580012056,-3.2688212685558407,4.708972017256691e-07,42.46640579953506,8.347046214639722,42.45938962912443,67.14999945987167
I4,2,N9,54.22720640031281,54.22720640031281,-1.703027535738024,6.051597574881193e-07,54.2272063993108,38.886034154898326,2.6170612726695933e-07,67.1499994405838
I4,3,N1,6.774915763449997e-05,3.34786949411842e-05,-7.5,6.403665000039699e-07,3.360179059061989e-05,7.5,8.590188849141165e-07,67.14999934697849
I4,3,N2,9.517390541748487e-05,4.7245535557478505e-05,-7.5,1.2207499708248964e-06,4.736267576697176e-05,7.5,5.044692196971202e-07,67.14999975031145
I4,3,N3,36.84640111289335,36.84640111289335,4.101215858263133,4.1599268483413125e-06,36.846401111947976,32.563015067215204,2.505577613810406e-07,67.14999970393472
I4,3,N4,6.78391280555958e-05,3.35608486333679e-05,-7.5,6.40397566750982e-07,3.3694746135271684e-05,7.5,8.591089782882854e-07,67.14999966429109
I4,3,N5,6.84165950995869e-05,3.388143748942874e-05,-7.5,7.190920748608649e-07,3.3885492724645405e-05,7.5,7.358798303369798e-07,67.14999975089775
I4,3,N6,0.04053515853656846,0.040503709220938856,-7.4970701427094335,4.384314615893894e-07,0.04050382924862796,7.5026817294598995,3.749589953812724e-06,67.1499996956228
I4,3,N7,9.515653585931961e-05,4.722834045962771e-05,-7.5,1.2207353931824958e-06,4.7348585099987545e-05,7.5,5.044681373602785e-07,67.14999975031145
I4,3,N8,42.46640580012056,42.46640580012056,13.965203540373157,5.433544403149926e-06,42.46640579948069,42.088683398172996,2.5944772335505753e-07,67.1499997348533
I4,3,N9,54.22720640031281,54.22720640031281,-1.7067403526390987,6.050052440622524e-07,54.22720639959262,38.93301625519614,2.613251363441257e-07,67.14999970707255
I4,4,N1,6.774915763449997e-05,3.348430790119734e-05,-7.5,6.403717091239985e-07,3.3595876124483874e-05,7.5,8.588359197819154e-07,67.14743644682248
I4,4,N2,9.517390541748487e-05,4.724495741790195e-05,-7.5,1.221083704159659e-06,4.7365266693220166e-05,7.5,5.043373058939768e-07,67.14743688679366
I4,4,N3,36.84640111289335,36.84640111289335,4.110194078348364,4.182119106500286e-06,36.84640111289335,32.940073344633866,2.4775328807770066e-07,67.14743684330159
I4,4,N4,6.78391280555958e-05,3.3566417329695754e-05,-7.5,6.404030093314355e-07,3.3688765037019805e-05,7.5,8.589261493745055e-07,67.14743679872863
I4,4,N5,6.84165950995869e-05,3.387820330961795e-05,-7.5,7.191794207432435e-07,3.388990591351401e-05,7.5,7.357628023591714e-07,67.14743688594443
I4,4,N6,0.04053515853656846,0.04050371311901812,-7.497092651902445,4.38487187811037e-07,0.04050382497073148,7.50265559364852,3.7456878877807583e-06,67.14743683118107
I4,4,N7,9.515653585931961e-05,4.722790491123354e-05,-7.5,1.2210692032952192e-06,4.7351070635181556e-05,7.5,5.043361838562002e-07,67.14743688679366
I4,4,N8,42.46640580012056,42.46640580012056,13.965163408339198,5.441778494401048e-06,42.466405799507186,42.41869659046424,2.56817624290207e-07,67.14743687455326
I4,4,N9,54.22720640031281,54.22720640031281,-7.404401328988165,4.3395842608835047e-07,54.22720635542193,5.42486180519077,30.896443342437585,67.14743684330202
I4,5,N1,6.774915763449997e-05,3.348522308931696e-05,-7.5,6.400910755941681e-07,3.359417206859791e-05,7.5,8.591122574756873e-07,67.14999941062712
I4,5,N2,9.517390541748487e-05,4.7240653753995995e-05,-7.5,1.2205175774911208e-06,4.736801093490697e-05,7.5,5.043192893796196e-07,67.14999981561111
I4,5,N3,36.84640111289335,36.84640111289335,4.103347064937722,4.164007133990184e-06,36.84640111289335,32.62483050025831,2.500969443097566e-07,67.14999976462673
I4,5,N4,6.78391280555958e-05,3.356730651490197e-05,-7.5,6.401226999633706e-07,3.368751736957241e-05,7.5,8.59203110075628e-07,67.14999972793971
I4,5,N5,6.84165950995869e-05,3.3872897662561197e-05,-7.5,7.18947474968505e-07,3.38957065515208e-05,7.5,7.359739321995491e-07,67.14999981711021
I4,5,N6,0.04053515853656846,0.040503713231462166,-7.497116283890541,4.384294921624944e-07,0.04050382434869411,7.502629159239537,3.7497478088954994e-06,67.1499997579648
I4,5,N7,9.515653585931961e-05,4.7223592895528495e-05,-7.5,1.220503054535627e-06,4.735378356861355e-05,7.5,5.043181228390391e-07,67.14999981561111
I4,5,N8,42.46640580012056,42.46640580012056,14.027103523760212,5.643073166818346e-06,42.46640580012056,41.88947054314876,2.6104814008689044e-07,67.14999979837565
I4,5,N9,54.22720640031281,54.22720640031281,-1.702826877033368,6.05168116455636e-07,54.2272063995748,38.95382047274312,2.611567685876634e-07,67.14999976846725
I4,6,N1,6.774915763449997e-05,3.3486752349441506e-05,-7.5,6.39887033721296e-07,3.359214809440775e-05,7.5,8.592227208883313e-07,67.14999966936135
I4,6,N2,9.517390541748487e-05,4.7239212228582154e-05,-7.5,1.2203611005575759e-06,4.7369346890879716e-05,7.5,5.041909605501351e-07,67.15000001135438
I4,6,N3,36.84640111289335,36.84640111289335,4.0987994693841925,4.155309728226587e-06,36.8464011120845,32.33455066929173,2.522751665970107e-07,67.14999992633449
I4,6,N4,6.78391280555958e-05,3.3568892392075615e-05,-7.5,6.399191094664637e-07,3.368582412644452e-05,7.5,8.593141345080039e-07,67.14999991355197
I4,6,N5,6.84165950995869e-05,3.3870505213733654e-05,-7.5,7.188483324059816e-07,3.389871951192292e-05,7.5,7.360421469164583e-07,67.15000001790281
I4,6,N6,0.04053515853656846,0.04050371409626828,-7.497139443663517,4.3842850116900923e-07,0.04050382302183274,7.502602765391005,3.7498272236867636e-06,67.14999993346309
I4,6,N7,9.515653585931961e-05,4.7222210724699696e-05,-7.5,1.220346571189633e-06,4.735505797259752e-05,7.5,5.041897325284313e-07,67.15000001135441
I4,6,N8,42.46640580012056,42.46640580012056,14.092228973481514,5.8816688161203984e-06,42.46640579951901,41.13883092122046,2.672532227122972e-07,67.1499999813532
I4,6,N9,54.22720640031281,54.22720640031281,-1.7252272842314653,6.042370478420778e-07,54.22720639903815,38.69411293965959,2.6327364602858577e-07,67.14999993554734
I4,7,N1,6.774915763449997e-05,3.3487231832276534e-05,-7.5,6.396439617358539e-07,3.359101052025603e-05,7.5,8.594055085118387e-07,67.14999985971356
I4,7,N2,9.517390541748487e-05,4.7238261670436605e-05,-7.5,1.2202028761716375e-06,4.736980829013357e-05,7.5,5.040269739238808e-07,67.15000017882261
I4,7,N3,36.84640111289335,36.84640111289335,4.096226334458542,4.15040459744398e-06,36.84640111209249,32.266766434599425,2.527890757208144e-07,67.1500000077742
I4,7,N4,6.78391280555958e-05,3.356952957072763e-05,-7.5,6.396765923913476e-07,3.368538145580578e-05,7.5,8.594977587798717e-07,67.1500000345741
I4,7,N5,6.84165950995869e-05,3.386910634181098e-05,-7.5,7.187318385756725e-07,3.390076269920255e-05,7.5,7.361273661822551e-07,67.15000019687072
I4,7,N6,0.04053515853656846,0.04050371422568749,-7.4971626609839594,4.384275097523395e-07,0.040503822240531326,7.502576304008443,3.7499066925640083e-06,67.15000003904545
I4,7,N7,9.515653585931961e-05,4.722131338897161e-05,-7.5,1.2201883155367051e-06,4.735546197564441e-05,7.5,5.040256710683665e-07,67.15000017882261
I4,7,N8,42.46640580012056,42.46640580012056,14.131149589248178,6.034122569282485e-06,42.46640579898067,38.7429059523281,2.891093165868417e-07,67.15000011439368
I4,7,N9,54.22720640031281,54.22720640031281,-1.7612521113488453,6.027455867690792e-07,54.22720639889816,38.56642613116761,2.643265886156904e-07,67.15000002831115
I4,8,N1,6.774915763449997e-05,3.348676753826451e-05,-7.5,6.393675031189046e-07,3.359036873703576e-05,7.5,8.596910406993373e-07,67.14999986258955
I4,8,N2,9.517390541748487e-05,4.723786571633306e-05,-7.5,1.2200712226039052e-06,4.736916203928207e-05,7.5,5.038275875632641e-07,67.1500002333285
I4,8,N3,36.84640111289335,36.84640111289335,4.093776175830255,4.145744815232353e-06,36.846401112122926,32.32785059543582,2.5232587420718606e-07,67.14999998308025
I4,8,N4,6.78391280555958e-05,3.35694257299986e-05,-7.5,6.394007970827006e-07,3.3686475458989084e-05,7.5,8.597847952706725e-07,67.14999999749661
I4,8,N5,6.84165950995869e-05,3.38687738761343e-05,-7.5,7.18598663055499e-07,3.3902093194374115e-05,7.5,7.36232319392003e-07,67.15000027811877
I4,8,N6,0.04053515853656846,0.040503713673019734,-7.49718590841981,4.3842652026193956e-07,0.04050382170100181,7.502549789231471,3.7499860696699788e-06,67.14999999812864
I4,8,N7,9.515653585931961e-05,4.722096912777769e-05,-7.5,1.2200566088837538e-06,4.7354758878459877e-05,7.5,5.038261959921594e-07,67.1500002333285
I4,8,N8,42.46640580012056,42.46640580012056,14.014412214178105,5.598803655691969e-06,42.466405799572186,40.042590048815754,2.7684326082713355e-07,67.15000010639858
I4,8,N9,54.22720640031281,54.22720640031281,-17.55664113671915,2.867806874009305e-07,54.22639623405699,5.412138684933745,54.225487611042425,67.14999999894148
I4,9,N1,6.774915763449997e-05,3.348242830791028e-05,-7.5,6.39183642203558e-07,3.3594898907286894e-05,7.5,8.599028368980517e-07,67.14740437252662
I4,9,N2,9.517390541748487e-05,4.723526816422076e-05,-7.5,1.220435150392892e-06,4.737242737674664e-05,7.5,5.035187953171797e-07,67.14740468591606
I4,9,N3,36.84640111289335,36.84640111289335,-10.223385364227639,5.408934623508872e-07,36.84557294577008,-2.3490089393523057,36.84488670366216,67.14740446780631
I4,9,N4,6.78391280555958e-05,3.357594272169284e-05,-7.5,6.39221631687496e-07,3.367578579668473e-05,7.5,8.599861882907714e-07,67.14740448140408
I4,9,N5,6.84165950995869e-05,3.3867433718088455e-05,-7.5,7.185999435130386e-07,3.3902077838753416e-05,7.5,7.362008294053113e-07,67.14740471934387
I4,9,N6,0.04053515853656846,0.040503710211321396,-7.497208915450949,4.3848295349451696e-07,0.04050382620363038,7.502523246994767,3.746033387637352e-06,67.14740446965801
I4,9,N7,9.515653585931961e-05,4.721842258780585e-05,-7.5,1.220420454100472e-06,4.7357961533697337e-05,7.5,5.035173014058971e-07,67.14740468591606
I4,9,N8,42.46640580012056,42.46640580012056,-3.4248669854399223,4.67024957021422e-07,42.46640510964831,8.347045202613016,17.574338485671337,67.14740448623566
I4,9,N9,54.22720640031281,54.22720640031281,-1.5248385024853484,6.127768933422026e-07,54.227206399968644,5.424908082566836,0.23354341868359946,67.14740447202948
I4,10,N1,6.774915763449997e-05,3.330345732437749e-05,-7.5,1.3143865728395431e-06,3.359674195511222e-05,7.5,5.068891836147088e-07,60.00000021405383
I4,10,N2,9.517390541748487e-05,4.8236498292293485e-05,-7.5,1.999323180803622e-05,4.737605543721705e-05,7.5,3.556758681892157e-07,60.000000422986304
I4,10,N3,36.84640111289335,36.84640111289335,-1.360061764205514,8.849356101379917e-07,36.84640111289335,33.32371343128101,2.7615638371678095e-07,60.00000023779161
I4,10,N4,6.78391280555958e-05,3.3419700826680055e-05,-7.5,1.3145839178697689e-06,3.367272540107466e-05,7.5,5.069169098428824e-07,60.000000276436005
I4,10,N5,6.84165950995869e-05,3.435729440331553e-05,-7.5,1.6944968214866173e-06,3.390658579871292e-05,7.5,4.603712713468437e-07,60.00000044291723
I4,10,N6,0.04053515853656846,0.04050359596324601,-7.540173923963435,6.804869901074731e-07,0.040503826947423674,7.50512631954148,9.399054023240878e-07,60.00000024018368
I4,10,N7,9.515653585931961e-05,4.822204847714081e-05,-7.5,1.9986639756025646e-05,4.735893728543578e-05,7.5,3.556748707458161e-07,60.0000004229863
I4,10,N8,42.46640580012056,42.46640580012056,8.477956158078648,6.617677374143683e-07,42.46640580012056,42.210542000270586,3.454379524029708e-07,60.000000235923665
I4,10,N9,54.22720640031281,54.22720640031281,-6.383996143843145,5.240523401390479e-07,54.22720640031281,39.38283852179495,2.444664025575534e-07,60.00000023779161
I4,11,N1,6.774915763449997e-05,3.3056767054805906e-05,-7.5,1.3136959924465105e-06,3.361366774576682e-05,7.5,5.070916447345e-07,59.99999997423332
I4,11,N2,9.517390541748487e-05,4.6856815124513514e-05,-7.5,6.3113534311264e-07,4.735047530573166e-05,7.5,8.346839873117406e-07,74.03628304151435
I4,11,N3,36.84640111289335,36.84640111289335,-0.2768321196872308,6.401593351217666e-05,36.84640111289335,36.26712860101149,2.0244180646465728e-07,45.05078785904389
I4,11,N4,6.78391280555958e-05,3.3168673501660175e-05,-7.5,1.31388717423806e-06,3.369315116210385e-05,7.5,5.071198346058658e-07,59.99999999396799
I4,11,N5,6.84165950995869e-05,3.349508997975978e-05,-7.5,8.841407556751661e-07,3.3904924396484305e-05,7.5,6.177624302155837e-07,64.84993525189743
I4,11,N6,0.04053515853656846,0.040503596117149585,-7.540039124778703,1.138438768870075e-06,0.040503848280328145,7.505052121468107,6.034513377073596e-07,54.7506582418689
I4,11,N7,9.515653585931961e-05,4.683179844143788e-05,-7.5,6.31130134089797e-07,4.7337210155090776e-05,7.5,8.346852753471786e-07,74.03628304151435
I4,11,N8,42.46640580012056,42.46640577012848,10.975935252720856,0.3262720671439126,42.46640580012056,48.506860032215585,2.0886504857912116e-07,39.29933529695459
I4,11,N9,54.22720640031281,54.22720636290748,-15.124593521592123,5.962468802831657e-07,54.22720640031281,44.85208763377877,1.6696782437154474e-07,45.05078785904388
I4,12,N1,6.774915763449997e-05,3.297806264893652e-05,-7.5,1.3134948870379212e-06,3.366261445036196e-05,7.5,5.07237484443791e-07,59.9999999144036
I4,12,N2,9.517390541748487e-05,4.681287812770599e-05,-7.5,6.294480682682729e-07,4.737647232426785e-05,7.5,8.374980188173064e-07,74.10486908099706
I4,12,N3,36.84640111289335,36.84640110024682,-0.06866543145074186,6.757121796637975,36.84640111289335,38.574893717838165,1.9195577445385328e-07,44.97774055737967
I4,12,N4,6.78391280555958e-05,3.307486480037249e-05,-7.5,1.3136612542386258e-06,3.3743693601235344e-05,7.5,5.072657409809781e-07,59.99999992738514
I4,12,N5,6.84165950995869e-05,3.340857074688751e-05,-7.5,8.820281756878415e-07,3.393944345337827e-05,7.5,6.187577685201918e-07,64.8736336309729
I4,12,N6,0.04053515853656846,0.040503545143026884,-7.539124238732662,1.1423115475282927e-06,0.040503889833343014,7.50511277997787,6.024004614980216e-07,54.72500784324203
I4,12,N7,9.515653585931961e-05,4.678485072263656e-05,-7.5,6.294424049510384e-07,4.736396737824023e-05,7.5,8.374985079671137e-07,74.10486908099706
I4,12,N8,42.46640580012056,42.46640423623911,14.625534201066506,42.466400472237765,42.46640580012056,47.01565579880905,2.1644344663143961e-07,39.198184417328406
I4,12,N9,54.22720640031281,54.227206384902885,-40.42847717410689,1.9778684452492377e-07,54.22720640031281,44.5099492428289,1.8310111605369148e-07,44.977740556611586
I4,13,N1,6.774915763449997e-05,3.06135656192248e-05,-7.5,1.3093863392240908e-06,3.367499909704692e-05,7.5,5.073048233232076e-07,59.99999987120992
I4,13,N2,9.517390541748487e-05,4.692597332797995e-05,-7.5,6.145866274973904e-07,4.737799181936655e-05,7.5,8.640013004316695e-07,74.47562615344822
I4,13,N3,36.84640111289335,22.78988520658709,15.342325050234763,22.78988485932526,36.84640111289335,37.52227491344491,1.9495050698077875e-07,44.582869069171515
I4,13,N4,6.78391280555958e-05,3.0706695491155295e-05,-7.5,1.3095693700513099e-06,3.3756682059030694e-05,7.5,5.073330827646955e-07,59.99999988233144
I4,13,N5,6.84165950995869e-05,3.34533098050828e-05,-7.5,8.710092534916936e-07,3.393762056350671e-05,7.5,6.243035655101326e-07,65.00174071535491
I4,13,N6,0.04053515853656846,0.040503537865521654,-7.547900870610412,1.1616007491300698e-06,0.040503901697783236,7.505058512382016,5.967340275426915e-07,54.58635061538613
I4,13,N7,9.515653585931961e-05,4.689883523704753e-05,-7.5,6.145814152903589e-07,4.7365448579086783e-05,7.5,8.640008796355304e-07,74.47562615344822
I4,13,N8,42.46640580012056,42.466404676131674,14.148285886145604,42.46640083798376,42.46640580012056,46.55574684145643,2.1595445214837413e-07,38.65139290867365
I4,13,N9,54.22720640031281,54.22720634563514,6.467458394382826,48.08401916181972,54.22720640031281,46.15284333371469,1.9167979986260617e-07,44.58286906607205
I4,14,N1,6.774915763449997e-05,3.058762322471624e-05,-7.5,1.3093583979186363e-06,3.369035006437321e-05,7.5,5.073015054721864e-07,59.999999817423955
I4,14,N2,9.517390541748487e-05,4.7070247430313836e-05,-7.5,2.4802373297813904e-07,4.738068296836273e-05,7.5,4.651478900406293e-05,95.14294378405711
I4,14,N3,36.84640111289335,36.84626540811426,1.853545646742655,36.84626540185172,36.84640111289335,36.476909397467956,1.2916939007217247e-07,22.57133551019671
I4,14,N4,6.78391280555958e-05,3.0679719126168284e-05,-7.5,1.309539908114277e-06,3.377223459979054e-05,7.5,5.073298086127559e-07,59.999999827608626
I4,14,N5,6.84165950995869e-05,3.3566694899413826e-05,-7.5,5.103088965091658e-07,3.39368768037889e-05,7.5,1.2549428615087333e-06,72.1428870132734
I4,14,N6,0.04053515853656846,0.04050266915859758,-7.518095917934498,0.00782086268289608,0.040503907611705484,7.509702639926177,3.9016856559722746e-07,46.85710976346133
I4,14,N7,9.515653585931961e-05,4.7045360687155864e-05,-7.5,2.4802284198559663e-07,4.736807295000646e-05,7.5,4.6502181869128125e-05,95.14294378405714
I4,14,N8,42.46640580012056,42.46640498325383,12.687581747970723,42.466405046077206,42.46640580012056,46.206839500475894,1.1919849615913029e-07,8.171299894575666
I4,14,N9,54.22720640031281,54.22711531852184,5.3605051466950995,54.22711542378859,54.22720640031281,42.271290996734294,1.3383037954088636e-07,22.571335505462333
I4,15,N1,6.774915763449997e-05,3.057053617379906e-05,-7.5,1.309336102289914e-06,3.370071155674094e-05,7.5,5.072257079963889e-07,59.99999975198078
I4,15,N2,9.517390541748487e-05,4.683167498931778e-05,-7.5,6.298956442810197e-07,4.736870446606935e-05,7.5,8.35223025324866e-07,74.11838721019862
I4,15,N3,36.84640111289335,36.8464007781466,-0.08306124319122511,16.30659570197044,36.84640111289335,42.66614245514229,1.7507550578692948e-07,44.96334273508812
I4,15,N4,6.78391280555958e-05,3.066234706812879e-05,-7.5,1.3095180812137193e-06,3.378248650482404e-05,7.5,5.072541258276557e-07,59.99999976200123
I4,15,N5,6.84165950995869e-05,3.341788698632799e-05,-7.5,8.816835372461639e-07,3.392479414754804e-05,7.5,6.188506222331709e-07,64.87830441432733
I4,15,N6,0.04053515853656846,0.040503522912088655,-7.539792188191092,1.1429541170692195e-06,0.040503920216618444,7.505156471746629,6.021892591421844e-07,54.71995193379847
I4,15,N7,9.515653585931961e-05,4.6803228237666944e-05,-7.5,6.298898973854007e-07,4.735641547635632e-05,7.5,8.352226000265436e-07,74.11838721019862
I4,15,N8,42.46640580012056,42.46640467230929,14.44546524707387,42.466400535060096,42.46640580012056,44.58662491416506,2.308992465111973e-07,39.17824737371735
I4,15,N9,54.22720640031281,54.22720062046065,6.847929213712698,22.47190862439352,54.22720640031281,58.8394301206538,1.4842770574714603e-07,44.96334273316212
I4,16,N1,6.774915763449997e-05,3.2960175255059755e-05,-7.5,1.3136268753473032e-06,3.369085061769896e-05,7.5,5.070767842509547e-07,59.9999998913828
I4,16,N2,9.517390541748487e-05,4.685665506633341e-05,-7.5,6.316776064922355e-07,4.734234135266443e-05,7.5,8.329666561773728e-07,74.03628362051262
I4,16,N3,36.84640111289335,36.84640111183447,-0.3705955475344337,4.477670955480551e-05,36.84640111289335,35.38992098264619,2.0669474976228992e-07,45.05078699812089
I4,16,N4,6.78391280555958e-05,3.305620458631227e-05,-7.5,1.3137938159654006e-06,3.3771579255280446e-05,7.5,5.071052383242665e-07,59.9999999064025
I4,16,N5,6.84165950995869e-05,3.3460717962339796e-05,-7.5,8.841806575777565e-07,3.388969635397569e-05,7.5,6.176401007743924e-07,64.84993538658985
I4,16,N6,0.04053515853656846,0.040503525862076256,-7.540030437825125,1.1384461814519373e-06,0.04050390864073875,7.505149969330893,6.034447139297721e-07,54.75065785063036
I4,16,N7,9.515653585931961e-05,4.6829404045740315e-05,-7.5,6.316719651892583e-07,4.732975544594142e-05,7.5,8.329672417742998e-07,74.03628362051262
I4,16,N8,42.46640580012056,42.46640579230834,9.199548542760688,9.61911739795141e-06,42.46640580012056,46.600656492747625,2.1402210448556006e-07,39.29933415731586
I4,16,N9,54.22720640031281,54.227206364198324,-3.128747866677744,1.36504657202859e-06,54.22720640031281,40.718571054224086,2.0085393008361509e-07,45.050786998120884
I4,17,N1,6.774915763449997e-05,3.079680290421892e-05,-7.5,1.3101218363264456e-06,3.365254385393061e-05,7.5,5.068577129775834e-07,60.00000006794482
I4,17,N2,9.517390541748487e-05,6.661723052194755e-05,-7.5,2.5417054817656918e-05,4.72855304706821e-05,7.5,3.5558913662893304e-07,60.00000025165039
I4,17,N3,36.84640111289335,36.84640111289335,-0.4438710095630424,6.331623168692782e-07,36.84640111289335,35.583759571476044,3.0959953586213277e-07,60.000000052072615
I4,17,N4,6.78391280555958e-05,3.0913976210028016e-05,-7.5,1.3103522136298092e-06,3.373043319816209e-05,7.5,5.068859001439923e-07,60.000000118875164
I4,17,N5,6.84165950995869e-05,3.454412182558213e-05,-7.5,1.6954009000965552e-06,3.384111476226452e-05,7.5,4.6030014527193125e-07,60.00000026062004
I4,17,N6,0.04053515853656846,0.04050374192992679,-7.540365001610651,6.804811242700326e-07,0.0405038640167422,7.505258723814512,9.398832874308264e-07,60.000000069054394
I4,17,N7,9.515653585931961e-05,6.66017783745738e-05,-7.5,2.5409484882748655e-05,4.726350595248932e-05,7.5,3.555878696936673e-07,60.000000251650384
I4,17,N8,42.46640580012056,42.46640580012056,9.1268119070299,5.634772614641482e-07,42.46640580012056,45.30868825687846,3.494988931319668e-07,60.00000004073427
I4,17,N9,54.22720640031281,54.22720636290747,-15.080459764672451,3.212940706869817e-07,54.22720640031281,44.32416188653059,2.2489778827254127e-07,60.000000052072615
I4,18,N1,6.774915763449997e-05,3.342431592962733e-05,-7.5,6.391141646593833e-07,3.365899642367704e-05,7.5,8.600434783257317e-07,67.14999964078041
I4,18,N2,9.517390541748487e-05,4.727882341208276e-05,-7.5,1.2200305560735083e-06,4.7319582971691664e-05,7.5,5.034146121794908e-07,67.15000013203799
I4,18,N3,36.84640111289335,36.84640111289335,6.6140331461273805,6.842411626012147e-07,36.84640111289335,33.80992404014815,4.2680429631643844e-07,67.14999988083113
I4,18,N4,6.78391280555958e-05,3.350787995415142e-05,-7.5,6.391483526073466e-07,3.3754627251880586e-05,7.5,8.601366488103805e-07,67.149999797337
I4,18,N5,6.84165950995869e-05,3.393160622635479e-05,-7.5,7.1862590509273e-07,3.382775434099038e-05,7.5,7.361898916193661e-07,67.15000022225591
I4,18,N6,0.04053515853656846,0.04050367495999888,-7.497091593045519,4.3843062557764024e-07,0.04050386469755244,7.502657440894461,3.7496566842287284e-06,67.1499998215039
I4,18,N7,9.515653585931961e-05,4.726175492513661e-05,-7.5,1.2200152488959267e-06,4.7305377747710155e-05,7.5,5.034131859352134e-07,67.150000132038
I4,18,N8,42.46640580012056,42.46640580012056,15.484528954616941,8.92780888039578e-07,42.46640580012056,43.36204168128471,3.736857240613501e-07,67.1499999519269
I4,18,N9,54.22720640031281,54.22720636290747,-10.988661924562898,3.66385525458536e-07,54.22720640031281,5.542262315933217,0.0007120383332707731,67.14999988780939
I4,19,N1,6.774915763449997e-05,3.343122354485784e-05,-7.5,6.395144346945559e-07,3.366143544387119e-05,7.5,8.594943021993523e-07,67.14841113656841
I4,19,N2,9.517390541748487e-05,4.7277601364600506e-05,-7.5,1.2199375771595315e-06,4.732620333185892e-05,7.5,5.036834692443367e-07,67.15104845324983
I4,19,N3,36.84640111289335,36.84640111289335,6.538190116934145,7.469458934307457e-07,36.84640111289335,34.40883605695471,3.898410733027684e-07,67.15000010472718
I4,19,N4,6.78391280555958e-05,3.351367433207577e-05,-7.5,6.39547617900295e-07,3.3754152643677614e-05,7.5,8.595851590312491e-07,67.14841131142894
I4,19,N5,6.84165950995869e-05,3.393133266752434e-05,-7.5,7.186769299284979e-07,3.383961451863765e-05,7.5,7.361782838439321e-07,67.15202486160211
I4,19,N6,0.04053515853656846,0.04050368023625016,-7.4970344621071545,4.3845590618388005e-07,0.040503864288285,7.502725295063699,3.747851840058911e-06,67.14896922293133
I4,19,N7,9.515653585931961e-05,4.726029605058167e-05,-7.5,1.2199222378969698e-06,4.731223525834872e-05,7.5,5.03682153843197e-07,67.15104845324983
I4,19,N8,42.46640580012056,42.46640580012056,6.661002840918503,1.0029318828364203e-06,42.4664057995983,8.350249181734595,24.199435259722677,67.15061159111312
I4,19,N9,54.22720640031281,54.22720636290747,-8.313619252575966,4.134835415428203e-07,54.22720640031281,42.42602842107135,2.363041318387677e-07,67.15000014384502
I4,20,N1,6.774915763449997e-05,3.4556487423397386e-05,-7.5,6.401672508821013e-07,3.2835217753469674e-05,7.5,8.587807187767497e-07,67.14999475117656
I4,20,N2,9.517390541748487e-05,4.649523702140014e-05,-7.5,1.2197577686204932e-06,4.83005563536705e-05,7.5,5.039730933226388e-07,67.15000445438733
I4,20,N3,36.84640111289335,36.84640111289335,6.398612508404637,8.207976942594403e-07,36.84640111289335,39.999475943594646,2.960408831535164e-07,67.15000031251428
I4,20,N4,6.78391280555958e-05,3.460267569939359e-05,-7.5,6.401845338629264e-07,3.290606699295864e-05,7.5,8.588586801445432e-07,67.14999494875016
I4,20,N5,6.84165950995869e-05,2.6122126025706955e-05,-7.5,7.140910975058402e-07,3.5069279971916675e-05,7.5,7.365170405681536e-07,67.15000785033492
I4,20,N6,0.04053515853656846,0.040504637310926364,-7.495176415002307,4.38475495337499e-07,0.04050312305215069,7.504615477825036,3.7464149586262374e-06,67.14999685682301
I4,20,N7,9.515653585931961e-05,4.6485678760473825e-05,-7.5,1.2197473609769034e-06,4.8287086201800696e-05,7.5,5.039719716138385e-07,67.15000445438733
I4,20,N8,42.46640580012056,42.46640580012056,-6.636273897711462,3.9818548125904196e-07,42.466405798657526,8.347217717475614,42.45890287574197,67.1500027567324
I4,20,N9,54.22720640031281,54.22720636290747,-8.103956788977047,4.178852824060508e-07,54.227206399434166,46.37902997888081,2.124073552216368e-07,67.15000036556557
I4,21,N1,6.774915763449997e-05,3.3616296499177564e-05,-7.5,5.413263752696376e-07,3.2310820885428616e-05,7.5,1.132139695428905e-06,69.65592769235408
I4,21,N2,9.517390541748487e-05,4.7272412117280905e-05,-7.5,9.076568164698497e-07,6.736599865341634e-05,7.5,5.912418707854314e-07,69.65593748334453
I4,21,N3,36.84640111289335,36.84640111289335,7.164855725222568,7.880158204201037e-07,36.84640111289335,36.19765129683381,3.555504251039798e-07,69.65591930268083
I4,21,N4,6.78391280555958e-05,3.369818719149028e-05,-7.5,5.41348840107231e-07,3.2416749259545516e-05,7.5,1.132317132920779e-06,69.65592790347034
I4,21,N5,6.84165950995869e-05,3.4117972707779624e-05,-7.5,5.971863468796154e-07,3.29333353545042e-05,7.5,9.283448424289827e-07,69.65593229565451
I4,21,N6,0.04053515853656846,0.04050383396923886,-7.532615804992961,3.884793067407935e-07,0.04049702200213529,7.591624263860258,0.0068026301602687,69.65592491271165
I4,21,N7,9.515653585931961e-05,4.7262829804859086e-05,-7.5,9.076507583865832e-07,6.732538202809907e-05,7.5,5.912392999450962e-07,69.65593748334453
I4,21,N8,42.46640580012056,42.46640580012056,15.620796723366254,3.596957763428317e-06,42.46640580012056,46.23485510693796,2.4695575536530873e-07,69.65593969994667
I4,21,N9,54.22720640031281,54.22720636290747,-8.353308052749203,3.6894211545672066e-07,54.22720640031281,44.83959255516254,2.3675102366654984e-07,69.65591936890631
I4,22,N1,6.774915763449997e-05,3.342291280419121e-05,-7.5,6.401750678691697e-07,3.366489062820077e-05,7.5,8.591051104548231e-07,67.14999983315384
I4,22,N2,9.517390541748487e-05,4.72726750177097e-05,-7.5,1.2205737447269195e-06,4.7330236621612565e-05,7.5,5.041805630013812e-07,67.15000027283278
I4,22,N3,36.84640111289335,36.84640111289335,6.200713280078003,1.0612086132458584e-06,36.84640111289335,36.56435619061369,3.0028912381528466e-07,67.15000003561099
I4,22,N4,6.78391280555958e-05,3.350530321633324e-05,-7.5,6.402067058833357e-07,3.375689853778234e-05,7.5,8.591943133058106e-07,67.15000005967163
I4,22,N5,6.84165950995869e-05,3.392978870470854e-05,-7.5,7.191341611069425e-07,3.3827057434503944e-05,7.5,7.358239814653934e-07,67.15000030449856
I4,22,N6,0.04053515853656846,0.040503676230418006,-7.496933731494382,4.3843729598670803e-07,0.04050386771617894,7.502837895751789,3.7491211104523825e-06,67.15000006804956
I4,22,N7,9.515653585931961e-05,4.725480621693855e-05,-7.5,1.2205583514858033e-06,4.731678807523641e-05,7.5,5.041794874442494e-07,67.15000027283278
I4,22,N8,42.46640580012056,42.46640580012056,14.371646907809463,7.184499255665074e-06,42.46640580012056,46.45283010481788,2.2858654609852902e-07,67.15000019033191
I4,22,N9,54.22720640031281,54.22720636290747,-8.24762537831414,4.1545590594737846e-07,54.22720640031281,45.5131216193457,2.1707606379975657e-07,67.150000062693
I4,23,N1,6.774915763449997e-05,3.342959206964269e-05,-7.5,6.403016772855678e-07,3.3656174793019716e-05,7.5,8.590610089918571e-07,67.14999974907677
I4,23,N2,9.517390541748487e-05,4.7266923951867047e-05,-7.5,1.2206650383499204e-06,4.733635335011231e-05,7.5,5.042987354584343e-07,67.15000012502188
I4,23,N3,36.84640111289335,36.84640111289335,6.114524737311633,1.2805506513902875e-06,36.84640111289335,36.86369936200897,2.800556085294096e-07,67.14999998465606
I4,23,N4,6.78391280555958e-05,3.351199083215121e-05,-7.5,6.403330359007569e-07,3.3748899302817886e-05,7.5,8.591505982475062e-07,67.14999999326739
I4,23,N5,6.84165950995869e-05,3.392122544035465e-05,-7.5,7.19165370007784e-07,3.383652756487615e-05,7.5,7.358143489981396e-07,67.15000013969453
I4,23,N6,0.04053515853656846,0.040503679906646835,-7.49695637617819,4.3843632731059895e-07,0.04050386270723896,7.5028120754052186,3.749198781341258e-06,67.15000000556509
I4,23,N7,9.515653585931961e-05,4.724914613423837e-05,-7.5,1.2206498390266753e-06,4.7322809605274916e-05,7.5,5.042976869940627e-07,67.15000012502188
I4,23,N8,42.46640580012056,42.46640580012056,14.362743399607732,7.1341609046019345e-06,42.46640580012056,46.583867984695324,2.2776885189851695e-07,67.15000007662603
I4,23,N9,54.22720640031281,54.22720636290747,-8.182020558073921,4.169902908671569e-07,54.22720640031281,45.98086383194865,2.1438298385914466e-07,67.15000000128536
I4,24,N1,6.774915763449997e-05,3.3438975510016096e-05,-7.5,6.403822511735996e-07,3.3645105213272225e-05,7.5,8.59035831092034e-07,67.14999968592808
I4,24,N2,9.517390541748487e-05,4.725980922992518e-05,-7.5,1.2207340861204942e-06,4.7344121701636114e-05,7.5,5.043821075695756e-07,67.1500000456533
I4,24,N3,36.84640111289335,36.84640111289335,5.981065956475297,1.6877937168362104e-06,36.84640111289335,36.932342156093696,2.614420321248255e-07,67.14999994751525
I4,24,N4,6.78391280555958e-05,3.352135944775364e-05,-7.5,6.404134182131183e-07,3.373852908017355e-05,7.5,8.591258662563685e-07,67.14999993997039
I4,24,N5,6.84165950995869e-05,3.390963633855358e-05,-7.5,7.191760243489021e-07,3.38507703294726e-05,7.5,7.358158508571024e-07,67.15000005397592
I4,24,N6,0.04053515853656846,0.04050368549225625,-7.496979105609861,4.3843535555223736e-07,0.040503855787355804,7.5027861957332105,3.749276641697728e-06,67.14999995801773
I4,24,N7,9.515653585931961e-05,4.724211164959526e-05,-7.5,1.2207190295444661e-06,4.733049190192594e-05,7.5,5.043810736916387e-07,67.15000004565331
I4,24,N8,42.46640580012056,42.46640580012056,14.352731582482331,7.078390899218812e-06,42.46640580012056,46.663615741653885,2.2727395277836662e-07,67.15000001204996
I4,24,N9,54.22720640031281,54.22720636290747,-8.172669384377766,4.1740247158482515e-07,54.22720640031281,46.32602278806186,2.1241808359346773e-07,67.14999995859485
