{
  "model": "Single Investor Primal-Dual MPEC",
  "investor": "I4",
  "wacc": 0.08,
  "solver_status": "ok",
  "termination": "optimal",
  "profit_eur_per_day": 351276.29671736754,
  "spot_revenue_eur_per_day": 2541.5486446619675,
  "degradation_cost_eur_per_day": 3339.941223227594,
  "capex_daily_eur_per_day": 1452.8502308294817,
  "lower_level_primal_objective_eur_per_day": 418503.9464175809,
  "lower_level_dual_objective_eur_per_day": 418503.9352723547,
  "strong_duality_gap": 0.011145226191729307,
  "total_power_mw": 55.332926747945315,
  "total_energy_mwh": 222.1766174500162,
  "total_charge_mwh": 237.36818153948772,
  "total_discharge_mwh": 207.95731489085816,
  "total_storage_throughput_mwh": 445.3254964303459,
  "total_load_shed_mwh": 0.0,
  "equivalent_cycles_throughput_over_2e": 1.0021880374754832,
  "equivalent_cycles_discharge_over_e": 0.936000004310278,
  "line_limits_mw": {
    "L12": 350.0,
    "L23": 400.0,
    "L34": 300.0,
    "L45": 320.0,
    "L56": 240.0,
    "L67": 300.0,
    "L78": 250.0,
    "L89": 220.0,
    "L29": 250.0,
    "L37": 300.0,
    "L16": 280.0,
    "L59": 300.0
  },
  "existing_power_mw_per_node": 0.0,
  "existing_ratio_hours": 2.0,
  "storage_units": [
    "I4",
    "RIV"
  ],
  "demand_model": "quadratic",
  "load_shed_allowed": true,
  "quadratic_demand_alpha_eur_per_mwh": 4000,
  "quadratic_demand_beta_eur_per_mwh_per_share": 10000,
  "quadratic_demand_source": "fixed_default"
}