{
  "wacc": 0.08,
  "system_cost_eur_per_day": 439481.21470016957,
  "generation_cost_eur_per_day": 421574.5088099797,
  "curtailment_cost_eur_per_day": -0.008330803735283153,
  "storage_capex_eur_per_day": 5476.646124629149,
  "degradation_cost_eur_per_day": 12430.068096364457,
  "total_power_mw": 238.92421362548464,
  "total_energy_mwh": 826.862263860184,
  "lambda_min_eur_per_mwh": 28.17814304005967,
  "lambda_max_eur_per_mwh": 81.57711352170912,
  "system_price_min_eur_per_mwh": 59.99999996966869,
  "system_price_max_eur_per_mwh": 67.15000004969613,
  "per_node": {
    "N1": {
      "x_power_mw": 2.578224653236361e-05,
      "x_energy_mwh": 5.298808491589274e-05,
      "ratio_hours": 2.0552159738825915,
      "charge_mwh": 8.270112629660676e-06,
      "discharge_mwh": 7.2454125943953245e-06,
      "share_of_node_limit": 2.578224653236361e-07
    },
    "N2": {
      "x_power_mw": 2.5888707855276788e-05,
      "x_energy_mwh": 5.3196946085256913e-05,
      "ratio_hours": 2.054832028799537,
      "charge_mwh": 1.1685256316777535e-05,
      "discharge_mwh": 1.0237406318103533e-05,
      "share_of_node_limit": 2.588870785527679e-07
    },
    "N3": {
      "x_power_mw": 69.31327267324752,
      "x_energy_mwh": 177.32599784918872,
      "ratio_hours": 2.5583267245961436,
      "charge_mwh": 189.45085330490087,
      "discharge_mwh": 165.97713477701043,
      "share_of_node_limit": 0.6931327267324753
    },
    "N4": {
      "x_power_mw": 2.5782247445787694e-05,
      "x_energy_mwh": 5.298808675743895e-05,
      "ratio_hours": 2.0552159724964607,
      "charge_mwh": 8.270129863616777e-06,
      "discharge_mwh": 7.245427692995213e-06,
      "share_of_node_limit": 2.5782247445787694e-07
    },
    "N5": {
      "x_power_mw": 2.57663600438247e-05,
      "x_energy_mwh": 5.2956494963611885e-05,
      "ratio_hours": 2.055257121050116,
      "charge_mwh": 7.786810332092412e-06,
      "discharge_mwh": 6.82199338470484e-06,
      "share_of_node_limit": 2.57663600438247e-07
    },
    "N6": {
      "x_power_mw": 2.591275250578257e-05,
      "x_energy_mwh": 5.32489608281e-05,
      "ratio_hours": 2.0549326365933998,
      "charge_mwh": 1.168180090349816e-05,
      "discharge_mwh": 1.0234379044351244e-05,
      "share_of_node_limit": 2.591275250578257e-07
    },
    "N7": {
      "x_power_mw": 2.588880538715583e-05,
      "x_energy_mwh": 5.3197131811724945e-05,
      "ratio_hours": 2.0548314615597345,
      "charge_mwh": 1.1684718302265299e-05,
      "discharge_mwh": 1.0236934965741387e-05,
      "share_of_node_limit": 2.588880538715583e-07
    },
    "N8": {
      "x_power_mw": 100.00000088956891,
      "x_energy_mwh": 471.12632615096845,
      "ratio_hours": 4.7112632195997515,
      "charge_mwh": 503.3400936864928,
      "discharge_mwh": 440.9742427183616,
      "share_of_node_limit": 1.000000008895689
    },
    "N9": {
      "x_power_mw": 69.61078504154843,
      "x_energy_mwh": 178.40962128432156,
      "ratio_hours": 2.562959477871635,
      "charge_mwh": 190.60857064960754,
      "discharge_mwh": 166.99140631183857,
      "share_of_node_limit": 0.6961078504154843
    }
  },
  "data_path": "data\\processed\\market_data_IEEE_9Bus_congestion.json",
  "node_limit_mw": 100.0
}