node,x_power_mw,x_energy_mwh,energy_power_ratio_h
N1,5.487248223879969e-07,1.874798272584889e-06,3.4166456411174364
N2,3.811625502947768e-07,1.1605358323397133e-06,3.0447268007893182
N3,4.935206506512228,9.870414035892876,2.0000002072594976
N4,5.533175112897004e-07,1.8965741905008639e-06,3.427641727947907
N5,5.577513375002832e-07,1.8987730589520615e-06,3.404336182252718
N6,4.6292635234459463e-07,1.6597329136447926e-06,3.585306615703993
N7,3.73298563201748e-07,1.1739683927208812e-06,3.14485108823313
N8,92.17692444016784,371.4238395288827,4.029466613088989
N9,6.104785213382948e-07,2.265948776318712e-06,3.7117583946299777
