{
  "model": "Single Investor Primal-Dual MPEC",
  "investor": "I4",
  "wacc": 0.08,
  "solver_status": "ok",
  "termination": "optimal",
  "profit_eur_per_day": 198782.3909164503,
  "spot_revenue_eur_per_day": 7403.159826909186,
  "degradation_cost_eur_per_day": 5731.927986587415,
  "capex_daily_eur_per_day": 2497.88836848009,
  "lower_level_primal_objective_eur_per_day": 433859.43999793264,
  "lower_level_dual_objective_eur_per_day": 433859.4295436683,
  "strong_duality_gap": 0.01045426435302943,
  "total_power_mw": 97.11213443433972,
  "total_energy_mwh": 381.294265495107,
  "total_charge_mwh": 407.3656492308691,
  "total_discharge_mwh": 356.8914156474529,
  "total_storage_throughput_mwh": 764.257064878322,
  "total_load_shed_mwh": 0.0,
  "equivalent_cycles_throughput_over_2e": 1.0021879871258244,
  "equivalent_cycles_discharge_over_e": 0.9359999557927595,
  "line_limits_mw": {
    "L14": 400.0,
    "L45": 400.0,
    "L46": 200.0,
    "L69": 200.0,
    "L57": 400.0,
    "L93": 400.0,
    "L72": 400.0,
    "L98": 200.0,
    "L78": 200.0
  },
  "existing_power_mw_per_node": 0.0,
  "existing_ratio_hours": 2.0,
  "storage_units": [
    "I4",
    "RIV"
  ],
  "demand_model": "quadratic",
  "load_shed_allowed": true,
  "quadratic_demand_alpha_eur_per_mwh": 4000,
  "quadratic_demand_beta_eur_per_mwh_per_share": 10000,
  "quadratic_demand_source": "fixed_default"
}