node,x_power_mw,x_energy_mwh,energy_power_ratio_h
N1,0.0024295174242408273,0.006815506749628319,2.8052923933064693
N2,38.418816316091785,107.87959853845038,2.8079886077402345
N3,0.002401289608175938,0.006736268984700765,2.805271368253558
N4,0.0023947292797010184,0.006717897655379463,2.805284802889365
N5,0.002387228443771111,0.006696921020301916,2.8053121760407533
N6,0.002435571192092181,0.006832447804698246,2.805275340290547
N7,18.762387252656705,37.5258133921061,2.000055370714755
N8,40.98446472544271,188.44830712006856,4.598042413936466
N9,0.0022368701021305863,0.0062755548555492435,2.8055070562979356
