{
  "model": "Single Investor Primal-Dual MPEC",
  "investor": "I2",
  "wacc": 0.12,
  "solver_status": "ok",
  "termination": "optimal",
  "profit_eur_per_day": 3969.01218245104,
  "spot_revenue_eur_per_day": 11845.742727134804,
  "degradation_cost_eur_per_day": 5092.922454364747,
  "capex_daily_eur_per_day": 2783.808090319017,
  "lower_level_primal_objective_eur_per_day": 418503.9466472441,
  "lower_level_dual_objective_eur_per_day": 418503.93605930253,
  "strong_duality_gap": 0.01058794156415388,
  "total_power_mw": 98.17995350024131,
  "total_energy_mwh": 333.8937936476953,
  "total_charge_mwh": 361.95180163677776,
  "total_discharge_mwh": 317.1045256118551,
  "total_storage_throughput_mwh": 679.0563272486329,
  "total_load_shed_mwh": 0.0,
  "equivalent_cycles_throughput_over_2e": 1.0168747370685367,
  "equivalent_cycles_discharge_over_e": 0.9497167412055726,
  "line_limits_mw": {
    "L12": 350.0,
    "L23": 400.0,
    "L34": 300.0,
    "L45": 320.0,
    "L56": 240.0,
    "L67": 300.0,
    "L78": 250.0,
    "L89": 220.0,
    "L29": 250.0,
    "L37": 300.0,
    "L16": 280.0,
    "L59": 300.0
  },
  "existing_power_mw_per_node": 0.0,
  "existing_ratio_hours": 2.0,
  "storage_units": [
    "I2",
    "RIV"
  ],
  "demand_model": "quadratic",
  "load_shed_allowed": true,
  "quadratic_demand_alpha_eur_per_mwh": 4000,
  "quadratic_demand_beta_eur_per_mwh_per_share": 10000,
  "quadratic_demand_source": "fixed_default"
}