node,x_power_mw,x_energy_mwh,energy_power_ratio_h
N1,42.91440913337725,85.8288185177671,2.000000005849145
N2,41.25011703293885,85.67095228220461,2.076865678072987
N3,37.6799792978179,79.57520919095101,2.111869769407207
N4,9.684960781318244e-06,2.056524057860548e-05,2.123420119395289
N5,36.0951037203235,196.27075631476367,5.437600563099438
