{
  "model": "Single Investor Primal-Dual MPEC",
  "investor": "I2",
  "wacc": 0.12,
  "solver_status": "ok",
  "termination": "optimal",
  "profit_eur_per_day": 1003609.6516430629,
  "spot_revenue_eur_per_day": 1016618.3800266642,
  "degradation_cost_eur_per_day": 9208.98470975738,
  "capex_daily_eur_per_day": 3799.743673843912,
  "lower_level_primal_objective_eur_per_day": 750001.5112347463,
  "lower_level_dual_objective_eur_per_day": 750001.5112348133,
  "strong_duality_gap": 6.693881005048752e-08,
  "total_power_mw": 157.9396188694183,
  "total_energy_mwh": 447.345756870927,
  "total_charge_mwh": 654.4785703757434,
  "total_discharge_mwh": 573.3860575919074,
  "total_storage_throughput_mwh": 1227.864627967651,
  "total_load_shed_mwh": -1.1799700666381652e-06,
  "equivalent_cycles_throughput_over_2e": 1.3723888168251115,
  "equivalent_cycles_discharge_over_e": 1.2817514166281605,
  "line_limits_mw": {
    "L12": 400.0,
    "L14": 400.0,
    "L15": 400.0,
    "L23": 400.0,
    "L34": 240.0,
    "L45": 240.0
  },
  "existing_power_mw_per_node": 0.0,
  "existing_ratio_hours": 2.0,
  "storage_units": [
    "I2",
    "RIV"
  ],
  "demand_model": "quadratic",
  "load_shed_allowed": true,
  "quadratic_demand_alpha_eur_per_mwh": 4000,
  "quadratic_demand_beta_eur_per_mwh_per_share": 10000,
  "quadratic_demand_source": "fixed_default"
}