{
  "model": "Single Investor Primal-Dual MPEC",
  "investor": "I1",
  "wacc": 0.08,
  "solver_status": "ok",
  "termination": "optimal",
  "profit_eur_per_day": 585999.95309079,
  "spot_revenue_eur_per_day": 596283.2743551884,
  "degradation_cost_eur_per_day": 7304.052679020228,
  "capex_daily_eur_per_day": 2979.268585378161,
  "lower_level_primal_objective_eur_per_day": 750845.98123743,
  "lower_level_dual_objective_eur_per_day": 750845.9812376596,
  "strong_duality_gap": 2.2957101464271545e-07,
  "total_power_mw": 78.35381826324152,
  "total_energy_mwh": 467.93084692228524,
  "total_charge_mwh": 519.0958727783816,
  "total_discharge_mwh": 454.7778177576489,
  "total_storage_throughput_mwh": 973.8736905360305,
  "total_load_shed_mwh": -1.0979532355255649e-06,
  "load_shed_by_tier_mwh": {
    "T_VOLL": -1.0979532355255649e-06
  },
  "demand_tiers": [
    {
      "tier": "T_VOLL",
      "share": 1.0,
      "wtp_eur_per_mwh": 10000.0
    }
  ],
  "equivalent_cycles_throughput_over_2e": 1.0406171092817196,
  "equivalent_cycles_discharge_over_e": 0.9718910833702297,
  "line_limits_mw": {
    "L12": 400.0,
    "L14": 400.0,
    "L15": 400.0,
    "L23": 400.0,
    "L34": 240.0,
    "L45": 240.0
  },
  "existing_power_mw_per_node": 50.0,
  "existing_ratio_hours": 2.0,
  "storage_units": [
    "I1",
    "E0"
  ]
}