node,x_power_mw,x_energy_mwh,energy_power_ratio_h
N1,76.99049243178834,167.43454294240118,2.1747431098813146
N2,0.0014581086794289069,0.006809471154400245,4.670071065667952
N3,0.002305900952014253,0.005228948008277149,2.267637733402882
N4,0.0022991558704325288,0.005213571763278923,2.267602571155004
N5,0.0023095793560858066,0.005237146809362183,2.267576039577144
N6,0.002290392213585818,0.005194352974466916,2.267887981654759
N7,45.96609904915721,214.55016412294376,4.667573898178718
N8,0.002180988034854779,0.004948589515500793,2.2689668335710493
N9,1.4574510797838957e-06,4.304843907797854e-06,2.9536798644632087
