{
  "model": "Single Investor Primal-Dual MPEC",
  "investor": "I1",
  "wacc": 0.08,
  "solver_status": "ok",
  "termination": "optimal",
  "profit_eur_per_day": 6612.91107200455,
  "spot_revenue_eur_per_day": 15384.194857604665,
  "degradation_cost_eur_per_day": 6214.460209280021,
  "capex_daily_eur_per_day": 2556.8235763200933,
  "lower_level_primal_objective_eur_per_day": 418503.97047470266,
  "lower_level_dual_objective_eur_per_day": 418503.95945186977,
  "strong_duality_gap": 0.011022832884918898,
  "total_power_mw": 122.96943706350304,
  "total_energy_mwh": 382.0173434504141,
  "total_charge_mwh": 441.65900587549,
  "total_discharge_mwh": 386.9356886951795,
  "total_storage_throughput_mwh": 828.5946945706695,
  "total_load_shed_mwh": 0.0,
  "equivalent_cycles_throughput_over_2e": 1.0844987914511022,
  "equivalent_cycles_discharge_over_e": 1.0128746648001437,
  "line_limits_mw": {
    "L12": 350.0,
    "L23": 400.0,
    "L34": 300.0,
    "L45": 320.0,
    "L56": 240.0,
    "L67": 300.0,
    "L78": 250.0,
    "L89": 220.0,
    "L29": 250.0,
    "L37": 300.0,
    "L16": 280.0,
    "L59": 300.0
  },
  "existing_power_mw_per_node": 0.0,
  "existing_ratio_hours": 2.0,
  "storage_units": [
    "I1",
    "RIV"
  ],
  "demand_model": "quadratic",
  "load_shed_allowed": true,
  "quadratic_demand_alpha_eur_per_mwh": 4000,
  "quadratic_demand_beta_eur_per_mwh_per_share": 10000,
  "quadratic_demand_source": "fixed_default"
}