node,x_power_mw,x_energy_mwh,energy_power_ratio_h
N1,50.000000240900825,284.3305103512637,5.686610179627092
N2,-1.3161851194994498e-09,-9.20632247085558e-10,0.0
N3,-7.934754138581901e-10,2.8938812924190236e-09,0.0
N4,7.495554031145006e-09,4.894409006950282e-08,6.5297494843121315
N5,49.99999986398237,105.11079506950576,2.1022159071088837
