unit,hour,node,soc_start_mwh,soc_end_mwh,p_charge_mw,p_discharge_mw,net_injection_mw,lambda_eur_per_mwh,spot_revenue_eur,degradation_cost_eur,rho_charge_dual,sigma_discharge_dual,gamma_soc_transition_dual
I1,1,N1,6.438516150705223e-05,6.429895165371476e-05,1.492885732242052e-07,2.1148354457131552e-07,6.219497134711033e-08,67.15000054119405,4.1763923596180065e-06,2.705790883466405e-06,-0.09210378669544844,-0.09236934203798439,-65.02383902396618
I1,2,N1,6.429895165371476e-05,6.421274167151313e-05,1.4928853414946048e-07,2.1148363095493388e-07,6.21950968054734e-08,67.15000049328766,4.176400781167612e-06,2.705791238282958e-06,-0.09210378633882922,-0.09236934275715562,-65.02383358038513
I1,3,N1,6.421274167151313e-05,6.412652830124268e-05,1.4928750556982382e-07,2.114859010528367e-07,6.219839548301288e-08,67.15000040698871,4.176622281998359e-06,2.705800549669954e-06,-0.09210377726850341,-0.09236936281671258,-65.02366957501901
I1,4,N1,6.412652830124268e-05,6.404030828327032e-05,1.4928548742160218e-07,2.1149035521023889e-07,6.220486778863671e-08,67.15000028665497,4.17705688983829e-06,2.705818819738808e-06,-0.09210375947926523,-0.09236940222659833,-65.0233469936134
I1,5,N1,6.404030828327032e-05,6.395407834645379e-05,1.4928247602593756e-07,2.1149700097669691e-07,6.221452495075936e-08,67.1500004349126,4.177705377501372e-06,2.7058460775197586e-06,-0.0921037329441594,-0.09236946103717948,-65.02286580818848
I1,6,N1,6.395407834645379e-05,6.38678352298668e-05,1.4927847501784934e-07,2.115058319746653e-07,6.222735695681597e-08,67.15000054873765,4.178567053796686e-06,2.70588230244386e-06,-0.09210369766560372,-0.09236953924491757,-65.02222597700043
I1,7,N1,6.38678352298668e-05,6.378157567203412e-05,1.492734845220532e-07,2.1151684882721347e-07,6.224336430516028e-08,67.15000061270992,4.179641951228639e-06,2.7059275001195e-06,-0.09210365362365301,-0.09236963688688811,-65.02142744453614
I1,8,N1,6.378157567203412e-05,6.36952964099586e-05,1.4926750441537732e-07,2.1153005285098702e-07,6.22625484356097e-08,67.15000062891252,4.180930166608888e-06,2.705981679497733e-06,-0.0921036007917344,-0.09236975401221897,-65.02047014147804
I1,9,N1,6.36952964099586e-05,6.360899417974281e-05,1.4926053485800761e-07,2.1154544502894108e-07,6.228491017093347e-08,67.15000057598205,4.1824317538531725e-06,2.7060448491521156e-06,-0.0921035391365963,-0.09236989068037119,-65.01935398465805
I1,10,N1,6.360899417974281e-05,6.378151926730336e-05,3.1995827605457185e-07,1.1883068386163212e-07,-2.0112759219293973e-07,60.00000065837085,-1.2067655663992929e-05,3.29091719937153e-06,-0.09283617678183316,-0.09196494582724841,-65.01807887700132
I1,11,N1,6.378151926730336e-05,6.395401556732668e-05,3.199326177706792e-07,1.1883514987658803e-07,-2.0109746789409118e-07,60.000000581928646,-1.2065848190669847e-05,3.2907582573545045e-06,-0.09283595522951478,-0.09196498665813795,-65.01712113570764
I1,12,N1,6.395401556732668e-05,6.412649261393343e-05,3.1991545773333456e-07,1.1883813723442689e-07,-2.0107732049890766e-07,60.0000005638132,-1.2064639343304508e-05,3.290651962258211e-06,-0.09283580710760336,-0.09196501394353832,-65.01648059677882
I1,13,N1,6.412649261393343e-05,6.429895993996873e-05,3.199067942242636e-07,1.1883964562366104e-07,-2.0106714860060255e-07,60.00000054842661,-1.2064029026306728e-05,3.2905982988594346e-06,-0.09283573233465613,-0.09196502770972065,-65.01615715060574
I1,14,N1,6.429895993996873e-05,6.44714270767112e-05,3.199066255364796e-07,1.1883967501505532e-07,-2.0106695052142426e-07,60.00000052261492,-1.2064017136366043e-05,3.290597254136512e-06,-0.0928357308665774,-0.09196502797034946,-65.0161507418683
I1,15,N1,6.44714270767112e-05,6.464390355504731e-05,3.1991495130766335e-07,1.1883822545824247e-07,-2.0107672584942087e-07,60.000000514108024,-1.206460365434041e-05,3.2906488257442936e-06,-0.09283580269505508,-0.09196501472671043,-65.01646136948384
I1,16,N1,6.464390355504731e-05,6.481639890459972e-05,3.1993177065829367e-07,1.1883529736558429e-07,-2.0109647329270937e-07,60.00000055569211,-1.2065788509310285e-05,3.2907530101790847e-06,-0.09283594786020571,-0.09196498796621969,-65.01708908660326
I1,17,N1,6.481639890459972e-05,6.498892266174079e-05,3.1995709027691227e-07,1.1883089027920052e-07,-2.0112619999771175e-07,60.00000061170224,-1.2067572122892053e-05,3.2909098541708458e-06,-0.09283616646142202,-0.09196494765906502,-65.01803400065893
I1,18,N1,6.498892266174079e-05,6.49026192604552e-05,1.4926017959334024e-07,2.1154622990432598e-07,6.228605031098574e-08,67.15000052419275,4.182508311032588e-06,2.7060480712324966e-06,-0.09210353603709809,-0.09236989765175153,-65.01929627347222
I1,19,N1,6.49026192604552e-05,6.48163385897856e-05,1.4926707769780856e-07,2.1153099744948757e-07,6.226391975167901e-08,67.14999982045114,4.18102220014583e-06,2.705985563604721e-06,-0.09210359703532166,-0.09236976246157695,-65.02039959338319
I1,20,N1,6.48163385897856e-05,6.473007736032462e-05,1.4927297784424016e-07,2.115179695729081e-07,6.224499172866793e-08,67.14999988041968,4.179751187136776e-06,2.705932105628612e-06,-0.09210364916986218,-0.09236964689666131,-65.02134405641671
I1,21,N1,6.473007736032462e-05,6.464383228585633e-05,1.4927788063840686e-07,2.1150714381809884e-07,6.222926317969197e-08,67.15000061847775,4.1786950610037304e-06,2.7058876834237927e-06,-0.09210369247556269,-0.0923695508903855,-65.02212974463909
I1,22,N1,6.464383228585633e-05,6.455760012651624e-05,1.4928180114104114e-07,2.1149848999477808e-07,6.221668885373694e-08,67.15000061109436,4.177850694548702e-06,2.7058521835186443e-06,-0.0921037270497108,-0.092369474252081,-65.02275672621795
I1,23,N1,6.455760012651624e-05,6.447137762083463e-05,1.492847318550849e-07,2.1149202175731603e-07,6.220728990223113e-08,67.1500005809514,4.177219553074233e-06,2.705825652093007e-06,-0.09210375287742258,-0.09236941701537306,-65.02322505555804
I1,24,N1,6.447137762083463e-05,6.438516150705223e-05,1.4928667245878246e-07,2.114877390947641e-07,6.220106663598163e-08,67.15000055752299,4.176801659284691e-06,2.705808086651599e-06,-0.09210376997098932,-0.09236937915639043,-65.0235347732913
I1,1,N2,3.703636541917676e-05,3.748242294089046e-05,5.816066296402807e-07,9.203340147731508e-08,-4.895732281629656e-07,67.15000064892804,-3.2874842588840934e-05,5.052300233381968e-06,-0.16100552983750221,-0.15639454748571277,-73.94055320794372
I1,2,N2,3.748242294089046e-05,3.792848107165021e-05,5.816072558215055e-07,9.203338000507245e-08,-4.895738758164331e-07,67.15000060959008,-3.287488605951286e-05,5.052304768699334e-06,-0.16100553906228712,-0.1563947240154468,-73.94071792242563
I1,3,N2,3.792848107165021e-05,3.837474186360492e-05,5.8181569169339e-07,9.202629896019611e-08,-4.897893927331938e-07,67.15000053578214,-3.288935798445438e-05,5.053814929901896e-06,-0.16100742522552172,-0.15639450216990233,-73.9431520310847
I1,4,N2,3.837474186360492e-05,3.882140803960141e-05,5.82232646698648e-07,9.201215210938148e-08,-4.902204945892665e-07,67.15000042637473,-3.291830642068688e-05,5.056835991060221e-06,-0.16101124174020667,-0.15639383329973316,-73.94785962548409
I1,5,N2,3.882140803960141e-05,3.926868362239755e-05,5.828594969811684e-07,9.199092837003071e-08,-4.908685686111377e-07,67.15000056415447,-3.296182465916359e-05,5.061378190133994e-06,-0.16101708866260928,-0.15639262677223134,-73.95484886063792
I1,6,N2,3.926868362239755e-05,3.97167747154149e-05,5.836984423437668e-07,9.196260747936675e-08,-4.917358348644e-07,67.15000065785048,-3.302006163463312e-05,5.067457873673502e-06,-0.1610251201535606,-0.15639074269081593,-73.964132106133
I1,7,N2,3.97167747154149e-05,4.016589016149097e-05,5.847523807356744e-07,9.192716422579517e-08,-4.928252165098793e-07,67.15000071439111,-3.3093213640708345e-05,5.075096587211022e-06,-0.1610355552313469,-0.15638798053138322,-73.9757261812026
I1,8,N2,4.016589016149097e-05,4.061624227495715e-05,5.860249847731082e-07,9.188456685544136e-08,-4.941404179176668e-07,67.1500007441459,-3.318152943088389e-05,5.084321637214122e-06,-0.16104869431735747,-0.1563840623074437,-73.98965269049914
I1,9,N2,4.061624227495715e-05,4.106804761994592e-05,5.875207504868763e-07,9.183477650905792e-08,-4.956859739778185e-07,67.15000068313181,-3.3285313491229365e-05,5.095166452469507e-06,-0.1610649424579091,-0.15637860877284854,-74.00593848607885
I1,10,N2,4.106804761994592e-05,7.443483483319616e-05,3.572416725432036e-05,6.648720323882826e-08,-3.565768005108153e-05,60.00000072510603,-0.0021394608289204906,0.0002684299084316939,-1.8703983392763204,-0.15597801227925476,-74.02461629212348
I1,11,N2,7.443483483319616e-05,7.338943785574957e-05,7.158982839237284e-08,1.0412111331852577e-06,9.696213047928849e-07,100.6835583682564,9.762492323621935e-05,8.346007211832229e-06,-0.15673227677077847,-6.0559562767385104,-83.889564364135
I1,12,N2,7.338943785574957e-05,6.001851965375043e-05,7.138304018957603e-08,1.2577717833049117e-05,1.2506334792859541e-05,100.6835705404263,0.0012591824413190613,9.486825654929021e-05,-0.15652693243383276,-1.8258454335451322,-85.72529305498078
I1,13,N2,6.001851965375043e-05,4.6892823616632595e-05,7.169550303251956e-08,1.2348463634167075e-05,1.2276768131134556e-05,100.68357273845568,0.0012360688771242407,9.315119352899696e-05,-0.15652813257119197,-1.675776338457264,-85.86943529587259
I1,14,N2,4.6892823616632595e-05,1.4782247643142907e-05,7.063543550716315e-08,3.0117382533692432e-05,3.004674709818527e-05,100.6835728521836,0.003025213850431273,0.00022641013476899696,-0.15653358815514745,-1.4975613211787406,-85.90956850161977
I1,15,N2,1.4782247643142907e-05,1.5320838867913468e-06,7.146690816744557e-08,1.2464765148322927e-05,1.2393298240155482e-05,100.6835720833954,0.0012478015367137119,9.402174042367779e-05,-0.15652794979982984,-1.7874785214404836,-85.76305446135446
I1,16,N2,1.5320838867913468e-06,5.284360593508103e-07,7.157020793429445e-08,1.0021167393747458e-06,9.305465314404514e-07,100.68355881604114,9.369073642934777e-05,8.052652104817802e-06,-0.15674196692009124,-6.230824770250534,-83.85442194109874
I1,17,N2,5.284360593508103e-07,3.389541126903007e-05,3.572436376670792e-05,6.648340229795546e-08,-3.565788036440996e-05,60.00000067037969,-0.0021394728457689166,0.00026843135376754403,-1.8720811200178737,-0.15597558675925854,-74.02641802967014
I1,18,N2,3.389541126903007e-05,3.434741451652096e-05,5.877244711031698e-07,9.182801858412414e-08,-4.958964525190457e-07,67.15000068530503,-3.329944712649426e-05,5.0966436726547044e-06,-0.16106826491559195,-0.1563762231819951,-74.00774947230417
I1,19,N2,3.434741451652096e-05,3.479796419356201e-05,5.862283115580752e-07,9.1877781132364e-08,-4.943505304257111e-07,67.15000135809268,-3.3195638789460336e-05,5.085795695178294e-06,-0.16105186395024818,-0.15638184022612933,-73.99147561369469
I1,20,N2,3.479796419356201e-05,3.524727716868432e-05,5.849556337637241e-07,9.192034620337673e-08,-4.930352875603473e-07,67.15000140843118,-3.3107320254083594e-05,5.076569849753256e-06,-0.16103854507367968,-0.1563859546452092,-73.97756354366723
I1,21,N2,3.524727716868432e-05,3.5695566056127464e-05,5.839019368979275e-07,9.195575266175187e-08,-4.919461842361757e-07,67.15000090753998,-3.3034186717920025e-05,5.0689326716975955e-06,-0.1610279060818465,-0.15638894233563405,-73.9659862117959
I1,22,N2,3.5695566056127464e-05,3.614303986311765e-05,5.830634081908515e-07,9.198403631955495e-08,-4.910793718712965e-07,67.15000075608359,-3.297598019245461e-05,5.062855833828048e-06,-0.1610196508767234,-0.15639107591181228,-73.95672180442529
I1,23,N2,3.614303986311765e-05,3.658990489126602e-05,5.824371846070412e-07,9.20052213386103e-08,-4.904319632684309e-07,67.15000070164551,-3.293250667758452e-05,5.058318044592386e-06,-0.16101356721305826,-0.15639254853424622,-73.94975328586092
I1,24,N2,3.658990489126602e-05,3.703636541917676e-05,5.820211259251336e-07,9.201932621405369e-08,-4.9000179971108e-07,67.1500006724728,-3.29036211801119e-05,5.055303391043904e-06,-0.1610095094416554,-0.15639349092576327,-73.94506806784511
I1,1,N3,2.984510372623455,2.7222622562791043,8.828921208867096e-08,0.24546431424813758,0.2454642259589255,67.15000062503447,16.48292292656545,1.8409830190301224,-3.961060304738539e-06,-6.014894283246957e-06,-55.832405870027564
I1,2,N3,2.7222622562791043,2.4605930665025064,8.828921219744118e-08,0.24492243898072127,0.24492235069150908,67.15000059134923,16.446535993769476,1.836918954524501,-3.9610603047385315e-06,-6.0122464968671296e-06,-55.8324058581327
I1,3,N3,2.4605930665025064,2.196332959685762,8.82892117998584e-08,0.2473475373302977,0.2473474490410859,67.15000052120544,16.609381332027755,1.8551071921463214,-3.961060304738529e-06,-6.049611842691836e-06,-55.83240563973523
I1,4,N3,2.196332959685762,1.9259435364582633,8.828921085569251e-08,0.25308457749076346,0.25308448920155263,67.15000041357064,16.99462355455257,1.8981349933498073,-3.961060304738531e-06,-6.134261408004234e-06,-55.83240519968001
I1,5,N3,1.9259435364582633,1.636687481465908,8.828920797070389e-08,0.2707437448226666,0.27074365653345867,67.15000054831245,18.180436684673868,2.0305787483390594,-3.961060304738525e-06,-6.332437698284053e-06,-55.832404503316624
I1,6,N3,1.636687481465908,1.3204768065678227,8.828920426744884e-08,0.2959732690544261,0.29597318076522183,67.15000063115976,19.874599275191006,2.219800180077228,-3.961060304738527e-06,-6.653028668177811e-06,-55.83240347548449
I1,7,N3,1.3204768065678227,0.9636310383568014,8.828919926802552e-08,0.3340077163953307,0.33400762810613144,67.15000066050631,22.42861244794087,2.505058535133975,-3.961060304738541e-06,-7.219461581105586e-06,-55.83240196120597
I1,8,N3,0.9636310383568014,0.5395416727552329,8.82891916289088e-08,0.39694772355287555,0.39694763526368393,67.150000664978,26.655033971917817,2.9771085888155038,-3.9610603047385645e-06,-8.414999411899505e-06,-55.83239957158048
I1,9,N3,0.5395416727552329,6.53591952018589e-07,8.828917666338004e-08,0.5050104712866255,0.5050103829974488,67.15000061114877,33.91144752691516,3.7875791968185157,-3.96106030473853e-06,-1.1927846023194514e-05,-55.83239474824317
I1,10,N3,6.53591952018589e-07,1.1530004410039902e-07,1.0996565403325555e-07,6.00181695447345e-07,4.902160414140895e-07,60.00000066595291,2.941296281130617e-05,5.3261051211045035e-06,-3.96106045220193e-06,-3.961064495135953e-06,-52.49040449602377
I1,11,N3,1.1530004410039902e-07,1.212464943411839e-06,1.2785384065570642e-06,9.317603807550956e-08,-1.1853623684815547e-06,16.670357715232498,-1.9760414704762752e-05,1.0287858334744302e-05,-6.010698943368187,-3.961060227499848e-06,-30.03582106553694
I1,12,N3,1.212464943411839e-06,1.3697275583978927,1.4633829573651829,9.562256665525562e-08,-1.4633828617426161,16.670344640751743,-24.39509664661897,10.975372897408121,-1.8764813484407978,-3.961060108625768e-06,-27.827803504186534
I1,13,N3,1.3697275583978927,2.7394539239218445,1.463382978295701,9.562253168709558e-08,-1.4633828826731694,16.670342240954458,-24.395093483716238,10.975373054386745,-1.876482425378198,-3.961060108625401e-06,-27.82780209087472
I1,14,N3,2.7394539239218445,4.109256328372788,1.4634642141471559,9.359138312399298e-08,-1.4634641205557728,16.670342006536508,-24.396447403959908,10.975982308039042,-1.8764826596589985,-3.96106011415073e-06,-27.82780209084539
I1,15,N3,4.109256328372788,5.478982693261793,1.463382977617336,9.562252924303341e-08,-1.4633828819948067,16.67034285457885,-24.395094370375126,10.97537304929899,-1.8764831345860982,-3.961060108625663e-06,-27.827803504157078
I1,16,N3,5.478982693261793,5.478983824971832,1.3157353281998833e-06,9.342986123009618e-08,-1.2223054669697871e-06,16.670357161040403,-2.0376268694278625e-05,1.0568738920724846e-05,-5.84468626169247,-3.961060204462074e-06,-29.94369954465908
I1,17,N3,5.478983824971832,5.478983286509187,1.0996039953189143e-07,6.003369013388762e-07,4.903765018069848e-07,60.00000060663246,2.9422590405897393e-05,5.327229756530757e-06,-3.961060470436139e-06,-3.961064510823348e-06,-52.47132972440931
I1,18,N3,5.478983286509187,4.939005544331942,8.828917648788674e-08,0.5054192440276963,0.5054191557385198,67.15000060361567,33.93889661292052,3.7906449923765466,-3.9610603047386645e-06,-1.1992872956399451e-05,-55.832394674038284
I1,19,N3,4.939005544331942,4.5123118638567945,8.828919131606585e-08,0.3993853622745459,0.3993852739853546,67.15000068247699,26.81872142068782,2.995390879228029,-3.961060304738796e-06,-8.473383049883182e-06,-55.83239949101272
I1,20,N3,4.5123118638567945,4.151222349206399,8.82891987525825e-08,0.33797986306258426,0.33797977477338553,67.15000071778884,22.69534211863095,2.5348496351383725,-3.961060304738707e-06,-7.27809393177003e-06,-55.832401870010024
I1,21,N3,4.151222349206399,3.830104169103529,8.828920360411253e-08,0.3005666939261043,0.3005666056369007,67.15000071313918,20.183047782863703,2.2542508666148096,-3.961060304738649e-06,-6.709307342123706e-06,-55.8324033710621
I1,22,N3,3.830104169103529,3.534665544840083,8.828920704695008e-08,0.27653062966040587,0.2765305413711988,67.15000067410695,18.56902603948716,2.073980384622097,-3.961060304738611e-06,-6.3907604527887935e-06,-55.83240438393191
I1,23,N3,3.534665544840083,3.25495741107119,8.828920933449332e-08,0.26180689055750783,0.2618068022682985,67.15000065596176,17.580326944051496,1.9635523413503788,-3.9610603047385865e-06,-6.208218566164179e-06,-55.83240506302785
I1,24,N3,3.25495741107119,2.984510372623455,8.828921076317304e-08,0.2531385053369045,0.25313841704769374,67.15000064121135,16.99824486706786,1.8985394521958647,-3.961060304738566e-06,-6.1052905805826375e-06,-55.832405481503784
I1,1,N4,6.438528448153921e-05,6.42990746077745e-05,1.492885648543563e-07,2.114835563584041e-07,6.219499150404779e-08,67.15000061919118,4.176393718007399e-06,2.705790909095703e-06,-0.09210394960996754,-0.09237104056007207,-64.99109670465975
I1,2,N4,6.42990746077745e-05,6.421286460479228e-05,1.4928852566191136e-07,2.114836429696585e-07,6.219511730774714e-08,67.15000058150842,4.176402163382205e-06,2.705791264736774e-06,-0.09210394925109289,-0.09237104126255544,-64.99109164383486
I1,3,N4,6.421286460479228e-05,6.41266512132995e-05,1.4928749693457442e-07,2.1148591335163484e-07,6.219841641706043e-08,67.15000050834178,4.176623694023662e-06,2.7058005771465696e-06,-0.09210394021965798,-0.09237106144758453,-64.99092829767659
I1,4,N4,6.41266512132995e-05,6.404043117374739e-05,1.4928547866619649e-07,2.1149036773832022e-07,6.220488907212373e-08,67.1500003990576,4.177058326016443e-06,2.7058188480338756e-06,-0.09210392251068397,-0.09237110112465935,-64.99060665190699
I1,5,N4,6.404043117374739e-05,6.395420121577064e-05,1.4928246740866312e-07,2.1149701323309563e-07,6.221454582443252e-08,67.15000053626568,4.177706785474169e-06,2.7058461048131905e-06,-0.09210389609826145,-0.09237116034253748,-64.99012667849635
I1,6,N4,6.395420121577064e-05,6.386795807888117e-05,1.4927846668408214e-07,2.1150584367660598e-07,6.222737699252383e-08,67.1500006267348,4.178568404048038e-06,2.705882327705161e-06,-0.09210386098411377,-0.09237123909859002,-64.98948833562582
I1,7,N4,6.386795807888117e-05,6.378169850157423e-05,1.49273476461338e-07,2.1151685999317159e-07,6.224338353183359e-08,67.15000066856227,4.179643245776203e-06,2.705927523408822e-06,-0.09210381714745339,-0.09237133743152526,-64.98869156768133
I1,8,N4,6.378169850157423e-05,6.369541922054033e-05,1.4926749652307393e-07,2.115300636816054e-07,6.226256715853148e-08,67.1500006720033,4.180931426536039e-06,2.705981701535095e-06,-0.09210376456106989,-0.09237145539169184,-64.98773630521745
I1,9,N4,6.369541922054033e-05,6.36091169717406e-05,1.492605270863843e-07,2.1154545561482306e-07,6.228492852843877e-08,67.15000061075868,4.182432988725724e-06,2.706044870259055e-06,-0.09210370319169506,-0.09237159303850681,-64.98662246491047
I1,10,N4,6.36091169717406e-05,6.37816420987715e-05,3.199583288326685e-07,1.18830693156067e-07,-2.0112763567660153e-07,60.00000067829637,-1.2067658277020236e-05,3.2909176649155167e-06,-0.09282962672045841,-0.09196360440224874,-64.98534994950224
I1,11,N4,6.37816420987715e-05,6.395413843906776e-05,3.199326712709232e-07,1.1883515905247229e-07,-2.010975122184509e-07,60.000000588257315,-1.2065850851404136e-05,3.290758727425466e-06,-0.09282940792725716,-0.09196364547901721,-64.98439414579926
I1,12,N4,6.395413843906776e-05,6.412661552610575e-05,3.199155113721588e-07,1.1883814638352983e-07,-2.0107736498862897e-07,60.000000568038494,-1.2064642013537422e-05,3.2906524331676645e-06,-0.09282926164594989,-0.09196367292898365,-64.98375489089968
I1,13,N4,6.412661552610575e-05,6.429908289262698e-05,3.1990684791007216e-07,1.1883965476275331e-07,-2.0106719314731885e-07,60.00000055196192,-1.2064031699820564e-05,3.290598770046191e-06,-0.09282918779891601,-0.09196368677756245,-64.98343207592505
I1,14,N4,6.429908289262698e-05,6.447155006987436e-05,3.199066792395233e-07,1.1883968415147772e-07,-2.010669950880456e-07,60.00000052568091,-1.2064019810979817e-05,3.290597725432508e-06,-0.09282918634273557,-0.09196368703857002,-64.98342564592254
I1,15,N4,6.447155006987436e-05,6.464402658869494e-05,3.199150049947896e-07,1.1883823459985579e-07,-2.010767703949338e-07,60.00000051735764,-1.2064606327724633e-05,3.2906492969598404e-06,-0.09282925726896711,-0.09196367371340705,-64.98373559981356
I1,16,N4,6.464402658869494e-05,6.481652197860457e-05,3.199318242350263e-07,1.188353065295994e-07,-2.0109651770542692e-07,60.000000560510784,-1.2065791175042382e-05,3.290753480734693e-06,-0.09282940061733089,-0.0919636467892477,-64.98436199039016
I1,17,N4,6.481652197860457e-05,6.498904577541815e-05,3.199571432386931e-07,1.1883089954534453e-07,-2.011262436933486e-07,60.00000062796992,-1.2067574747902145e-05,3.2909103208802822e-06,-0.09282961648344906,-0.09196360623711815,-64.98530492436227
I1,18,N4,6.498904577541815e-05,6.490274235502596e-05,1.4926017164744796e-07,2.1154624082673802e-07,6.228606917929005e-08,67.15000057419863,4.182509581153903e-06,2.7060480935563946e-06,-0.09210370010913518,-0.09237160008044153,-64.98656456246337
I1,19,N4,6.490274235502596e-05,6.481646166496175e-05,1.4926706965993554e-07,2.115310085608892e-07,6.226393890095366e-08,67.1499998763035,4.181023489497206e-06,2.7059855866561854e-06,-0.09210376082546273,-0.09237146392596404,-64.98766552338255
I1,20,N4,6.481646166496175e-05,6.473020041578182e-05,1.492729697016867e-07,2.1151798089617394e-07,6.224501119448723e-08,67.14999994352682,4.179752498194644e-06,2.7059321294839546e-06,-0.09210381271871326,-0.09237134754107137,-64.98860790332544
I1,21,N4,6.473020041578182e-05,6.464395532138402e-05,1.4927787242846707e-07,2.1150715527942634e-07,6.222928285095927e-08,67.15000068591057,4.178696386125638e-06,2.7058877078092004e-06,-0.09210385582418487,-0.09237125085815961,-64.98939178451145
I1,22,N4,6.464395532138402e-05,6.455772314189566e-05,1.4928179286040332e-07,2.1149850159893916e-07,6.221670873853584e-08,67.15000068344658,4.1778520343144785e-06,2.7058522084450684e-06,-0.09210389023876345,-0.09237117368522105,-64.99001723523408
I1,23,N4,6.455772314189566e-05,6.447150061583421e-05,1.492847234989173e-07,2.1149203351203296e-07,6.220731001311565e-08,67.15000065894853,4.177220908372132e-06,2.705825677582127e-06,-0.09210391594791657,-0.09237111605629103,-64.99048430999721
I1,24,N4,6.447150061583421e-05,6.438528448153921e-05,1.492866640594155e-07,2.1148775093592237e-07,6.220108687650687e-08,67.15000063866685,4.176803023483209e-06,2.705808112465034e-06,-0.09210393296422012,-0.09237107794699446,-64.99079304950516
I1,1,N5,6.428296384817337e-05,6.42915393550672e-05,1.8938713809361924e-07,1.5789463968265433e-07,-3.149249841096491e-08,67.15000065042759,-2.1147212887798836e-06,2.6046133333220517e-06,-0.0923431527189297,-0.09210802238490462,-68.39794128847839
I1,2,N5,6.42915393550672e-05,6.430011487046419e-05,1.8938714286051653e-07,1.578946358999317e-07,-3.1492506960584845e-08,67.15000061033534,-2.1147218616242623e-06,2.6046133407033615e-06,-0.09234315293549127,-0.09210802233798554,-68.39794579013346
I1,3,N5,6.430011487046419e-05,6.430869067338072e-05,1.8938730261289706e-07,1.5789450674008327e-07,-3.14927958728138e-08,67.1500005359761,-2.1147412597388327e-06,2.6046135701473527e-06,-0.09234315771429855,-0.09210801925411838,-68.39800035051205
I1,4,N5,6.430869067338072e-05,6.431726704286925e-05,1.8938761737247526e-07,1.5789425218829737e-07,-3.1493365184177894e-08,67.15000042626218,-2.1147794855419762e-06,2.604614021705795e-06,-0.09234316705644442,-0.092108013132489,-68.39810497207334
I1,5,N5,6.431726704286925e-05,6.432584424888825e-05,1.8938808177013925e-07,1.5789387605270967e-07,-3.149420571742958e-08,67.15000056465448,-2.1148359317087405e-06,2.604614683671367e-06,-0.09234318093824895,-0.09210800398761035,-68.39825965973061
I1,6,N5,6.432584424888825e-05,6.433442257079397e-05,1.8938870135614096e-07,1.5789337439954928e-07,-3.149532695659168e-08,67.15000065996688,-2.1149112259210037e-06,2.6046155681676767e-06,-0.09234319939087492,-0.09210799179867338,-68.39846442083571
I1,7,N5,6.433442257079397e-05,6.434300228771726e-05,1.893894759988085e-07,1.5789274732445494e-07,-3.1496728674353555e-08,67.15000072019615,-2.115005353166664e-06,2.6046166749244756e-06,-0.09234322241924979,-0.09210797656115534,-68.39871926520102
I1,8,N5,6.434300228771726e-05,6.435158367833621e-05,1.893904054325991e-07,1.5789199501854566e-07,-3.1498410414053435e-08,67.15000075807643,-2.115118283181891e-06,2.6046180033835854e-06,-0.09234325003043366,-0.09210795826837881,-68.39902420510421
I1,9,N5,6.435158367833621e-05,6.43601670236178e-05,1.893914910112446e-07,1.5789111652542152e-07,-3.1500374485823097e-08,67.15000069790334,-2.1152501687072373e-06,2.6046195565249963e-06,-0.09234328224041491,-0.09210793690783019,-68.39937925529455
I1,10,N5,6.43601670236178e-05,6.47751825339532e-05,5.559784152498124e-07,9.863594801275352e-08,-4.5734246723705884e-07,60.000000731472184,-2.7440548368756824e-05,4.9096077244692444e-06,-0.09425038781990214,-0.09186882435606585,-68.39978443300612
I1,11,N5,6.47751825339532e-05,6.462830713756475e-05,1.299572172408612e-07,2.513303692154429e-07,1.213731519745817e-07,74.05732748216943,8.988571263324716e-06,2.8596568984222807e-06,-0.09196295913453319,-0.09296904442610213,-68.40106435581288
I1,12,N5,6.462830713756475e-05,6.446142771925172e-05,1.2595110399582793e-07,2.665443939473396e-07,1.4059328995151167e-07,74.05733167297134,1.041196390493333e-05,2.943716234573756e-06,-0.09196889511401467,-0.09294548350068839,-68.401918052674
I1,13,N5,6.446142771925172e-05,6.429455669777913e-05,1.259525056932586e-07,2.6653776252617627e-07,1.4058525683291766e-07,74.05733242044244,1.041136909868866e-05,2.943677011645762e-06,-0.09196890998146129,-0.09294535613203918,-68.40234573789631
I1,14,N5,6.429455669777913e-05,6.412164873125844e-05,1.2484843311230073e-07,2.7122106951931646e-07,1.4637263640701573e-07,74.05733244188485,1.0839966994789502e-05,2.970521269737129e-06,-0.09197053625623886,-0.09293819036886627,-68.40234751946225
I1,15,N5,6.412164873125844e-05,6.395476939338152e-05,1.2595111541707408e-07,2.6654432866523864e-07,1.4059321324816456e-07,74.05733217079931,1.0411958294479345e-05,2.943715830617345e-06,-0.0919688952745766,-0.09294548204420063,-68.40192339707222
I1,16,N5,6.395476939338152e-05,6.38078941804892e-05,1.2995725247873436e-07,2.5133022833483466e-07,1.213729758561003e-07,74.05732761615842,8.988558236723305e-06,2.8596561061017678e-06,-0.09196295956783848,-0.09296904166980463,-68.40107326432612
I1,17,N5,6.38078941804892e-05,6.422291034880622e-05,5.55979086046585e-07,9.863591982433249e-08,-4.5734316622225254e-07,60.00000067324469,-2.744059028123901e-05,4.909612544031882e-06,-0.09425039928241845,-0.0918688239967897,-68.39979690795731
I1,18,N5,6.422291034880622e-05,6.423149385641053e-05,1.8939158115172377e-07,1.5789104356306133e-07,-3.1500537588662434e-08,67.15000071575834,-2.115261121625455e-06,2.604619685360888e-06,-0.09234328379320994,-0.09210793581095465,-68.39939529840386
I1,19,N5,6.423149385641053e-05,6.424007539229003e-05,1.8939048499080682e-07,1.5789192875529573e-07,-3.149855623551109e-08,67.15000188061315,-2.1151281104511687e-06,2.604618103095769e-06,-0.09234325185238064,-0.092107956968763,-68.3990438172339
I1,20,N5,6.424007539229003e-05,6.424865526634158e-05,1.8938956205762723e-07,1.5789267564820113e-07,-3.14968864094261e-08,67.15000191496634,-2.1150159827084395e-06,2.6046167827937128e-06,-0.09234322460191194,-0.09210797500305493,-68.39874244736181
I1,21,N5,6.424865526634158e-05,6.425723378526523e-05,1.8938881046195494e-07,1.5789328557794466e-07,-3.1495524884010277e-08,67.15000095059817,-2.114924525900878e-06,2.604615720299247e-06,-0.09234320201757784,-0.09210798993241169,-68.39849117424666
I1,22,N5,6.425723378526523e-05,6.426581120522453e-05,1.8938820036084936e-07,1.578937797014274e-07,-3.149442065942197e-08,67.15000076561145,-2.1148503713926747e-06,2.6046148504670755e-06,-0.09234318394000748,-0.09210800185382434,-68.39828998587431
I1,23,N5,6.426581120522453e-05,6.427438780050521e-05,1.893877424538684e-07,1.5789415043014542e-07,-3.149359202372299e-08,67.15000070621812,-2.114794726634344e-06,2.604614196630104e-06,-0.0923431704204146,-0.09210801073816872,-68.39813887265107
I1,24,N5,6.427438780050521e-05,6.428296384817337e-05,1.8938743838174687e-07,1.5789439659908947e-07,-3.1493041782657404e-08,67.15000067512085,-2.114757776967054e-06,2.6046137623562724e-06,-0.09234316146254513,-0.09210801658450299,-68.39803782743567
I1,1,N6,6.101811949877324e-05,6.054798134854238e-05,1.0595871986590692e-07,5.328793192557258e-07,4.269205993898188e-07,67.15000062619777,2.866771851636306e-05,4.791285293412245e-06,-0.0977719474374084,-0.09966290339558503,-59.61847143485909
I1,2,N6,6.054798134854238e-05,6.007784038363516e-05,1.0595861811382395e-07,5.328818646482126e-07,4.269232465343886e-07,67.15000059018962,2.8667896256749865e-05,4.791303620715274e-06,-0.09777194547699737,-0.09966291789805738,-59.618452999974686
I1,3,N6,6.007784038363516e-05,5.960760740512507e-05,1.0595529112787768e-07,5.329650746214081e-07,4.2700978349353043e-07,67.15000051836755,2.8673707182938583e-05,4.7919027431196435e-06,-0.09777192774441573,-0.09966360691019462,-59.61755197946362
I1,4,N6,5.960760740512507e-05,5.913719308480432e-05,1.0594873763605954e-07,5.331290690682267e-07,4.271803314321672e-07,67.15000040985261,2.8685159430751e-05,4.793083550282147e-06,-0.09777189261802553,-0.0996649740284115,-59.6157676387918
I1,5,N6,5.913719308480432e-05,5.866650779501583e-05,1.0593895331323126e-07,5.333741244839352e-07,4.2743517117070395e-07,67.15000054591053,2.8702271977454132e-05,4.794848083478748e-06,-0.09777183707528525,-0.09966702632988227,-59.61309852140932
I1,6,N6,5.866650779501583e-05,5.81954615716382e-05,1.0592593627996846e-07,5.337005541526079e-07,4.2777461787263943e-07,67.15000063313556,2.872506586098706e-05,4.7971986782443225e-06,-0.09777175663154801,-0.09966977396031824,-59.60954243995147
I1,7,N6,5.81954615716382e-05,5.772396393973214e-05,1.0590968151803825e-07,5.341088318032971e-07,4.2819915028525886e-07,67.15000067003395,2.8753573228563098e-05,4.800138849910015e-06,-0.0977716451629231,-0.0996732308998938,-59.60509646320839
I1,8,N6,5.772396393973214e-05,5.725192377995925e-05,1.0589018261758976e-07,5.345995549779613e-07,4.287093723603715e-07,67.15000067214126,2.8787834642152207e-05,4.803673031966633e-06,-0.09777149472176457,-0.09967741507237704,-59.5997568983212
I1,9,N6,5.725192377995925e-05,5.6779249202624526e-05,1.0586743217893528e-07,5.351734382475429e-07,4.2930600606860765e-07,67.15000060868307,2.88278985688183e-05,4.807806528198587e-06,-0.09777129527985548,-0.0996823486812544,-59.593519267905364
I1,10,N6,5.6779249202624526e-05,5.674413830133569e-05,1.757445782660297e-07,1.8683292564690443e-07,1.1088347380874732e-08,60.00000066671698,6.653008502452733e-07,2.719331279347006e-06,-0.098115491442335,-0.09799996242141099,-59.58637828161515
I1,11,N6,5.674413830133569e-05,5.768673918989486e-05,1.100355981901081e-06,8.174304262823065e-08,-1.0186129392728504e-06,44.785011460464915,-4.561859215911246e-05,8.865742683969837e-06,-5.51634743623247,-0.09744029281066012,-59.57924050195614
I1,12,N6,5.768673918989486e-05,5.906528607041817e-05,1.5639797070407657e-06,7.987648524976034e-08,-1.4841032217910054e-06,44.78500681162018,-6.646557289705763e-05,1.2328921442178946e-05,-5.071221126659043,-0.09744346874622085,-59.574021402289475
I1,13,N6,5.906528607041817e-05,6.0445246332381964e-05,1.5654977646747348e-06,7.988352444236589e-08,-1.4856142402323689e-06,44.78500593940324,-6.653324257246867e-05,1.2340359668378256e-05,-5.065983191131468,-0.09744349499219161,-59.57132728063982
I1,14,N6,6.0445246332381964e-05,6.20321563324438e-05,1.7860009269266552e-06,7.93605080188613e-08,-1.706640418907794e-06,44.78500580201916,-7.643190106274596e-05,1.3990210762091373e-05,-4.916432700370262,-0.09744433104324594,-59.57115056880705
I1,15,N6,6.20321563324438e-05,6.341135633713389e-05,1.5646782616378322e-06,7.987716191792611e-08,-1.484801099719906e-06,44.78500612729627,-6.649682634877223e-05,1.2334165676668188e-05,-5.069702370599796,-0.09744344119432093,-59.57378695393743
I1,16,N6,6.341135633713389e-05,6.435225843760116e-05,1.0985420081055224e-06,8.174389309584999e-08,-1.0167981150096725e-06,44.785011237784275,-4.553731500726605e-05,8.852144259010292e-06,-5.5225866221759565,-0.09744025934279574,-59.57894962287616
I1,17,N6,6.435225843760116e-05,6.431713928660668e-05,1.7574100000404068e-07,1.8683751247038225e-07,1.1096512466341573e-08,60.00000061205664,6.657907547721884e-07,2.719338843558172e-06,-0.09811549333255531,-0.09799996346434713,-59.58602567178862
I1,18,N6,6.431713928660668e-05,6.384442015422303e-05,1.058658365327738e-07,5.352137438341199e-07,4.293479073013461e-07,67.15000058274882,2.8830712225487375e-05,4.808096852751703e-06,-0.09777130920217376,-0.09968264094402338,-59.59310493378676
I1,19,N6,6.384442015422303e-05,6.33723299406477e-05,1.0588838602681044e-07,5.346448313510514e-07,4.2875644532424093e-07,67.15000016352265,2.8790995373634167e-05,4.803999130333963e-06,-0.09777150436892745,-0.09967775818024725,-59.59928097179645
I1,20,N6,6.33723299406477e-05,6.290077669459702e-05,1.0590768115404142e-07,5.341591341317539e-07,4.282514529777124e-07,67.15000022269467,2.8757085162822706e-05,4.800501114643465e-06,-0.0977716511001881,-0.09967362433523985,-59.60455902172894
I1,21,N6,6.290077669459702e-05,6.242966923641239e-05,1.0592372959466878e-07,5.337559366637926e-07,4.278322070691238e-07,67.15000070268128,2.8728933005321348e-05,4.797597496938461e-06,-0.0977717591934821,-0.09967021753557545,-59.60894350770326
I1,22,N6,6.242966923641239e-05,6.19589171451098e-05,1.0593654267585517e-07,5.334345387513807e-07,4.274979960755255e-07,67.15000068561842,2.870649072957204e-05,4.7952831107042685e-06,-0.0977718364100539,-0.09966751962494796,-59.61243807004274
I1,23,N6,6.19589171451098e-05,6.148843043638295e-05,1.0594612262733554e-07,5.33194533617638e-07,4.2724841099030245e-07,67.1500006627501,2.868973108115774e-05,4.793554921837301e-06,-0.0977718886548383,-0.09966551731130581,-59.615045587986835
I1,24,N6,6.148843043638295e-05,6.101811949877324e-05,1.0595247306512426e-07,5.33035575445158e-07,4.270831023800337e-07,67.15000064441695,2.867863060003885e-05,4.792410363827116e-06,-0.09777192021970986,-0.09966420062545626,-59.616768196929605
I1,1,N7,3.7036395271776914e-05,3.7482459032003636e-05,5.816130470660163e-07,9.203318451013852e-08,-4.895798625558778e-07,67.15000064892804,-3.2875288088329294e-05,5.052346736821161e-06,-0.16100541315192865,-0.15639444687051535,-73.9406593707013
I1,2,N7,3.7482459032003636e-05,3.7928523401019425e-05,5.81613672983544e-07,9.203316304740721e-08,-4.895805099361368e-07,67.15000060959008,-3.2875331540655e-05,5.052351270232134e-06,-0.16100542238531682,-0.1563946233899226,-73.94082407654572
I1,3,N7,3.7928523401019425e-05,3.837479043759219e-05,5.818221156005303e-07,9.202608195704681e-08,-4.897960336434835e-07,67.15000053578214,-3.288980392158388e-05,5.053861481681829e-06,-0.1610073085381109,-0.1563944016004309,-73.94325815810653
I1,4,N7,3.837479043759219e-05,3.882146287122545e-05,5.822390843996924e-07,9.201193500550683e-08,-4.902271493941856e-07,67.15000042637473,-3.291875329084004e-05,5.0568826455389944e-06,-0.16101112500985532,-0.15639373286715125,-73.94796570682202
I1,5,N7,3.882146287122545e-05,3.9268744731409426e-05,5.828659556051972e-07,9.199071110968512e-08,-4.908752444955121e-07,67.15000056415447,-3.29622729448031e-05,5.061425000361618e-06,-0.16101697183227714,-0.15639252658372405,-73.95495487744971
I1,6,N7,3.9268744731409426e-05,3.971684212841573e-05,5.837049291446951e-07,9.196239000605253e-08,-4.917425391386426e-07,67.15000065785048,-3.302051182665292e-05,5.067504893630608e-06,-0.16102500312861756,-0.15639064289391963,-73.96423803915867
I1,7,N7,3.971684212841573e-05,4.0165963912090295e-05,5.847589031354723e-07,9.192694648198548e-08,-4.928319566534868e-07,67.15000071439111,-3.309366624135641e-05,5.075143872130934e-06,-0.1610354378633689,-0.1563878813312743,-73.97583201055775
I1,8,N7,4.0165963912090295e-05,4.06163224039754e-05,5.860315504085764e-07,9.188434878229421e-08,-4.941472016262822e-07,67.1500007441459,-3.318198495692246e-05,5.084369243931529e-06,-0.16104857638330788,-0.1563839639891003,-73.98975839540125
I1,9,N7,4.06163224039754e-05,4.10681341756644e-05,5.875273672599963e-07,9.183455804611103e-08,-4.956928092138853e-07,67.15000068313181,-3.328577247733592e-05,5.095214439795805e-06,-0.16106482363280433,-0.15637851173007652,-74.00604404447871
I1,10,N7,4.10681341756644e-05,7.4434947680342e-05,3.572419520232404e-05,6.648707959704357e-08,-3.5657708122726994e-05,60.00000072510603,-0.0021394625132192388,0.00026843011711440807,-1.8704967473892993,-0.15597792199132923,-74.02472168020385
I1,11,N7,7.4434947680342e-05,7.338946730078812e-05,7.159080443398606e-08,1.0412900526638214e-06,9.696992482298354e-07,100.6835583682564,9.763277085880298e-05,8.346606428233555e-06,-0.15673210332974719,-6.0550797019775695,-83.89012865232043
I1,12,N7,7.338946730078812e-05,6.0018411240286176e-05,7.138390260135623e-08,1.2577847624163261e-05,1.2506463721561906e-05,100.6835705404263,0.0012591954223211605,9.486923645073463e-05,-0.15652680851727474,-1.8254011061655748,-85.72570633971823
I1,13,N7,6.0018411240286176e-05,4.689272476929719e-05,7.169636681368522e-08,1.2348455437025694e-05,1.227675907021201e-05,100.68357273845568,0.0012360679648381863,9.315113852879534e-05,-0.15652800774491593,-1.675338330246068,-85.86984480975853
I1,14,N7,4.689272476929719e-05,1.4782390300217303e-05,7.063627541526327e-08,3.011715722140499e-05,3.0046520945989725e-05,100.6835728521836,0.003025191080620217,0.0002264084512261519,-0.1565334624156944,-1.497126812611096,-85.90997659181437
I1,15,N7,1.4782390300217303e-05,1.5321358142806773e-06,7.146776965420331e-08,1.2464850825959672e-05,1.2393383056305469e-05,100.6835720833954,0.0012478100763066628,9.402238946710406e-05,-0.1565278251994194,-1.787036793292097,-85.76346597629679
I1,16,N7,1.5321358142806773e-06,5.283953033404451e-07,7.15712076217171e-08,1.0022043669526131e-06,9.30633159330896e-07,100.68355881604114,9.369945843365046e-05,8.053316809307475e-06,-0.15674177444635015,-6.229870651041858,-83.8550153552916
I1,17,N7,5.283953033404451e-07,3.389539682970868e-05,3.572439174154781e-05,6.648327852240277e-08,-3.565790846302541e-05,60.00000067037969,-0.002139474531685862,0.00026843156265052656,-1.8721795156535843,-0.15597549665730115,-74.02652340402958
I1,18,N7,3.389539682970868e-05,3.4347406515084034e-05,5.877310995859378e-07,9.182779991151388e-08,-4.959032996744239e-07,67.15000068530503,-3.329990691298259e-05,5.096691746230889e-06,-0.1610681458976081,-0.1563761263551958,-74.00785501916317
I1,19,N7,3.4347406515084034e-05,3.4797962581082434e-05,5.862348882358216e-07,9.18775628693461e-08,-4.943573253664756e-07,67.15000135809268,-3.31960950697419e-05,5.085843383288758e-06,-0.1610517458187238,-0.15638174213475065,-73.99158130904696
I1,20,N7,3.4797962581082434e-05,3.524728190372304e-05,5.849621665672883e-07,9.192012828932874e-08,-4.930420382779596e-07,67.15000140843118,-3.310777356478077e-05,5.076617211424628e-06,-0.16103842751612638,-0.15638585566945307,-73.97766936526916
I1,21,N7,3.524728190372304e-05,3.5695577104480967e-05,5.839084334902963e-07,9.19555350376899e-08,-4.919528984526064e-07,67.15000090753998,-3.303463757755944e-05,5.068979763959896e-06,-0.16102778888608762,-0.15638884274866224,-73.96609213867669
I1,22,N7,3.5695577104480967e-05,3.6143057197610495e-05,5.830698760147814e-07,9.198381892780958e-08,-4.910860570869718e-07,67.15000075608359,-3.297642910469227e-05,5.062902712069433e-06,-0.16101953390316326,-0.15639097590915496,-73.9568278165282
I1,23,N7,3.6143057197610495e-05,3.658992849159108e-05,5.824436309358645e-07,9.200500412256119e-08,-4.904386268133033e-07,67.15000070164551,-3.2932954134627375e-05,5.058364762938193e-06,-0.16101345037355339,-0.15639244825635232,-73.94985936377711
I1,24,N7,3.658992849159108e-05,3.7036395271776914e-05,5.820275579066585e-07,9.201910911785353e-08,-4.90008448788805e-07,67.1500006724728,-3.2904067665685604e-05,5.05535000268384e-06,-0.16100939268292094,-0.1563933904757086,-73.94517419261206
I1,1,N8,35.224191796187846,32.21907495904872,8.828920840939558e-08,2.812789436912043,2.8127893486228346,67.15000064066642,188.878806562083,21.095921439009384,-3.2990586755096884e-07,-4.88328899104607e-07,-55.832400998072245
I1,2,N8,32.21907495904872,29.311283612899903,8.828920854417177e-08,2.7216927773451145,2.721692689055906,67.15000060329085,182.7616657120764,20.41269649225742,-3.2990579962024186e-07,-4.838299067850049e-07,-55.83240098878257
I1,3,N8,29.311283612899903,26.567551193114586,8.828920879403332e-08,2.568133622268881,2.568133533979672,67.15000053083038,172.4501681699783,19.261002829185674,-3.2990566012871677e-07,-4.774318881334863e-07,-55.83240096409334
I1,4,N8,26.567551193114586,24.028541235314695,8.82892091525059e-08,2.376513397850521,2.376513309561312,67.15000042214204,159.58286974026828,17.82385114604798,-3.2990556541814107e-07,-4.689650066664128e-07,-55.83240092342393
I1,5,N8,24.028541235314695,20.92501190779561,8.82892083152886e-08,2.9049035279076825,2.904903439618474,67.15000055860438,195.06426759307232,21.786777121476682,-3.2990581110164503e-07,-5.013038158835275e-07,-55.832400865718554
I1,6,N8,20.92501190779561,17.15670251522258,8.828920760441737e-08,3.5271376687981766,3.527137580508969,67.15000064822435,236.84729081755373,26.453533178155382,-3.2990593497525054e-07,-5.414376580799793e-07,-55.83240078413891
I1,7,N8,17.15670251522258,12.608170714632623,8.828920696469061e-08,4.25742584270202,4.257425754412813,67.15000069374085,285.88614236237055,31.930694482434202,-3.2990614311848843e-07,-5.958887977742281e-07,-55.83240066555982
I1,8,N8,12.608170714632623,7.011144836975112,8.828920624742354e-08,5.23881629883725,5.238816210548044,67.15000070291202,351.78651222072807,39.29112290344842,-3.2990629488455526e-07,-6.895254154689695e-07,-55.832400478209436
I1,9,N8,7.011144836975112,6.243625737663609e-07,8.82892052864442e-08,6.562431060355156,6.56243097206595,67.15000062507386,440.6672438762326,49.218233614832705,-3.299062119143637e-07,-9.068269368814797e-07,-55.83240009543669
I1,10,N8,6.243625737663609e-07,5.429470244240849e-08,1.0903758834217192e-07,6.29110922555443e-07,5.200733342132711e-07,60.000000665356275,3.1204400398830324e-05,5.536113831732112e-06,-3.2990652446633686e-07,-3.2994601308300997e-07,-52.32440674988984
I1,11,N8,5.429470244240849e-08,6.038687747148134,6.451589548393354,1.164784128819877e-07,-6.451589431914941,2.1845384699554942e-05,-0.00014093745306376502,48.38692248653825,-7.333934190467564e-06,-3.2990808152168595e-07,-8.012851298590466
I1,12,N8,6.038687747148134,19.784008863596075,14.685172251165106,1.0356147349263263e-07,-14.685172147603632,3.7736270501994778e-06,-5.541636285303303e-05,110.13879266044935,-2.4770494272407334e-05,-3.2992597278131186e-07,-8.012850875902544
I1,13,N8,19.784008863596075,33.52932998005453,14.685172251176262,1.0356140816777084e-07,-14.685172147614853,4.5735862027504593e-07,-6.716390071934663e-06,110.13879266053253,-2.8004668251791408e-05,-3.299254698077081e-07,-8.012850788375818
I1,14,N8,33.52932998005453,47.2746515626781,14.685172745539369,1.003403928783858e-07,-14.685172645198977,1.6434821014127144e-07,-2.4134818398540122e-06,110.13879634409821,-2.829277324022496e-05,-3.2992272893436954e-07,-8.01285078314927
I1,15,N8,47.2746515626781,61.019972679135925,14.685172251175594,1.0356141336885344e-07,-14.68517214761418,1.3287859879759016e-06,-1.95134509807637e-05,110.13879266052756,-2.7194419309962224e-05,-3.299251102436798e-07,-8.012850853695635
I1,16,N8,61.019972679135925,69.09522343235007,8.627404783821454,1.1647840662222378e-07,-8.627404667343047,2.1094558684748182e-05,-0.00018199129405233828,64.70553675224896,-7.837722355446353e-06,-3.2990862559183215e-07,-8.012851154710852
I1,17,N8,69.09522343235007,69.09522286228221,1.0903758885397084e-07,6.291109072816831e-07,5.200733184277123e-07,60.00000060301088,3.1204399419272614e-05,5.536113721017404e-06,-3.29903330184068e-07,-3.299497356500739e-07,-52.26722221049839
I1,18,N8,69.09522286228221,62.845916180077936,8.828920566872016e-08,5.849351131893022,5.849351043603817,67.15000062790403,392.78392625082745,43.870134151366706,-3.299001922303654e-07,-8.699269397445502e-07,-55.832400169701934
I1,19,N8,62.845916180077936,55.850677103352034,8.828920518550092e-08,6.547543853165265,6.5475437648760595,67.15000105543986,439.66757072196606,49.10657956090853,-3.299019917718919e-07,-8.236526454972053e-07,-55.83240058995083
I1,20,N8,55.850677103352034,49.29083721339479,8.828920549284642e-08,6.1400102143498065,6.140010126060601,67.15000112363583,412.30168686410474,46.05007726979259,-3.2990312038237666e-07,-7.414345089179944e-07,-55.832400765651236
I1,21,N8,49.29083721339479,44.935579267443885,8.828920702098008e-08,4.076521514759858,4.076521426470651,67.15000085194636,273.7384172604818,30.57391202286799,-3.299017029207496e-07,-5.780726045289196e-07,-55.832400861899615
I1,22,N8,44.935579267443885,41.42744060806916,8.828920779000685e-08,3.2836178625245642,3.2836177742353563,67.15000073053427,220.4949359386995,24.627134631103292,-3.2990147192806875e-07,-5.270549456876715e-07,-55.83240092414782
I1,23,N8,41.42744060806916,38.247011779386256,8.82892081494781e-08,2.9768814609970256,2.9768813727078176,67.15000068635096,199.89758622051536,22.32661161964675,-3.299011552500423e-07,-5.088129323819852e-07,-55.83240096407116
I1,24,N8,38.247011779386256,35.224191796187846,8.828920834210899e-08,2.8293595816235344,2.829359493334326,67.15000066175539,189.99149184974388,21.220197524345572,-3.2990135426136006e-07,-4.998401172355439e-07,-55.832400986053585
I1,1,N9,3.302772881947474,3.0052080630534914,8.828921081216651e-08,0.2785207478345923,0.27852065954538147,67.15000062738211,18.702662463211244,2.0889062709285233,-3.573615875129313e-06,-5.401365832409534e-06,-55.83240530364486
I1,2,N9,3.0052080630534914,2.7084827948249317,8.828921093245855e-08,0.277734928411757,0.27773484012254607,67.15000059279349,18.649894678868375,2.08301262525726,-3.573615877343652e-06,-5.398961499610167e-06,-55.83240529260226
I1,3,N9,2.7084827948249317,2.4095615078498844,8.828921066269817e-08,0.2797904019584682,0.27979031366925755,67.15000052204108,18.787919708952682,2.0984286768575915,-3.573615883502864e-06,-5.4361432237933075e-06,-55.832405092401814
I1,4,N9,2.4095615078498844,2.1050580258636633,8.82892099650243e-08,0.2850153364889272,0.28501524819971724,67.15000041411064,19.138774034638857,2.1376156858360282,-3.57361588849023e-06,-5.5201746033933574e-06,-55.83240468902379
I1,5,N9,2.1050580258636633,1.7802431247679618,8.828920744493188e-08,0.3040268247753979,0.30402673648619044,67.15000054931548,20.41539552205428,2.28020184798454,-3.5736158852365347e-06,-5.716106687048238e-06,-55.83240405034625
I1,6,N9,1.7802431247679618,1.4271925340032225,8.828920424006713e-08,0.3304554303056144,0.3304553420164102,67.1500006338468,22.190076425860006,2.47841638946114,-3.573615883573571e-06,-6.037960837120908e-06,-55.83240310574969
I1,7,N9,1.4271925340032225,1.0326571384194483,8.828919989325523e-08,0.36928520761622724,0.36928511932702734,67.15000066666714,24.79749600900014,2.7696397192907036,-3.573615881463177e-06,-6.61488419275598e-06,-55.832401709015954
I1,8,N9,1.0326571384194483,0.5715563882454446,8.828919312812815e-08,0.4315903795126765,0.43159029122348336,67.15000067215838,28.981288345753942,3.236928508514022,-3.573615880318718e-06,-7.83556608334657e-06,-55.83239949116857
I1,9,N9,0.5715563882454446,6.606926519986906e-07,8.828917946296225e-08,0.5349762383392117,0.5349761500500323,67.15000061330974,35.923648803965754,4.012322449712934,-3.5736158828579234e-06,-1.1313279640114028e-05,-55.83239496818247
I1,10,N9,6.606926519986906e-07,1.2931273957421914e-07,1.1018095952809673e-07,5.939006959480327e-07,4.837197364199359e-07,60.00000066595291,2.902318450733072e-05,5.28061241607097e-06,-3.5736158508621106e-06,-3.5736188120220042e-06,-52.561068607425504
I1,11,N9,1.2931273957421914e-07,1.1527450247202555e-06,1.1900158786290747e-06,8.463553230672781e-08,-1.105380346322347e-06,16.670357715203085,-1.8427085784548595e-05,9.559885582018519e-06,-8.694695801597447,-3.5736159871655696e-06,-32.58027610253924
I1,12,N9,1.1527450247202555e-06,1.511838776491885,1.6152112359128565,8.71112486221645e-08,-1.6152111488016079,16.67034464051881,-26.926126517731113,12.114084922680789,-3.987434846118434,-3.57361587193017e-06,-30.08309590163071
I1,13,N9,1.511838776491885,3.0236764200405983,1.6152112570686472,8.711121825592514e-08,-1.615211169957429,16.670342239670028,-26.92612299252817,12.11408508134899,-3.9874360484843483,-3.5736158665845198e-06,-30.083094621200317
I1,14,N9,3.0236764200405983,4.535589860969244,1.6152922352125538,8.539156505799338e-08,-1.6152921498209887,16.670342005152897,-26.927472575754553,12.114692404530892,-3.9874362828888197,-3.573615926731402e-06,-30.083094621176134
I1,15,N9,4.535589860969244,6.047427503663613,1.6152112561558856,8.711121699376327e-08,-1.6152111690446687,16.67034285380928,-26.926123969276727,12.114085074503269,-3.9874366328047124,-3.573615881945525e-06,-30.083095901605894
I1,16,N9,6.047427503663613,6.047428821824145,1.5067942075534286e-06,8.62981200430755e-08,-1.4204960875103531e-06,16.670357161011466,-2.3680177124616986e-05,1.194819245697378e-05,-7.37513567231416,-3.5736159278668495e-06,-31.892368012533833
I1,17,N9,6.047428821824145,6.047428288877199,1.1013159345412451e-07,5.95324190447038e-07,4.851925969929135e-07,60.00000060663246,2.9111556113908388e-05,5.290918379258718e-06,-3.5736159063566524e-06,-3.5736187944027897e-06,-52.52129607936186
I1,18,N9,6.047428288877199,5.477384789740062,8.828917930411273e-08,0.5335607925421572,0.5335607042529779,67.15000060558165,35.828601613702034,4.0017066062350235,-3.573615909527475e-06,-1.1411091606628687e-05,-55.83239487740226
I1,19,N9,5.477384789740062,5.01420385380875,8.828919283999609e-08,0.4335374333815174,0.43353734509232456,67.1500006933593,29.112033023546743,3.2515314125303267,-3.573615864414989e-06,-7.908915080644454e-06,-55.832399408481805
I1,20,N9,5.01420385380875,4.615097755955229,8.828919939713877e-08,0.3735633849407096,0.3735632966515102,67.1500007330922,25.08477564400525,2.8017260492243174,-3.5736158684364904e-06,-6.683366970685007e-06,-55.832401621810725
I1,21,N9,4.615097755955229,4.25639584876575,8.828920359685322e-08,0.33574506247917146,0.33574497418996785,67.15000072792513,22.545275261253547,2.518088630762813,-3.573615884996862e-06,-6.10059377320611e-06,-55.8324030088918
I1,22,N9,4.25639584876575,3.9243748046714737,8.82892065678323e-08,0.3107717746220625,0.31077168633285596,67.15000068310695,20.868318949541578,2.330788971834518,-3.5736158965632905e-06,-5.777014141233648e-06,-55.83240394098253
I1,23,N9,3.9243748046714737,3.6087375535211232,8.828920851406008e-08,0.2954365444265506,0.2954364561373421,67.15000066121131,19.83855822496845,2.215774745368193,-3.5736159078302195e-06,-5.593852213329407e-06,-55.832404564382514
I1,24,N9,3.6087375535211232,3.302772881947474,8.82892097203718e-08,0.2863830099427588,0.28638292165354906,67.1500006445841,19.230613373633695,2.147873236739764,-3.5736159109644384e-06,-5.491527964766454e-06,-55.83240494794741
I2,1,N3,2.331437692439674,2.1444979433177433,1.196839052218566e-07,0.17497571003271772,0.1749755903488125,67.15000062503447,11.749611001288534,1.3123187228746722,-1.8551547716408145e-06,-2.150970143171381e-06,-55.83241403655744
I2,2,N3,2.1444979433177433,1.9577742723924227,1.1968390534628462e-07,0.17477346084069126,0.17477334115678592,67.15000059134923,11.736029962030255,1.3108018539344746,-1.8551547716408151e-06,-2.150676779888541e-06,-55.832414021816945
I2,3,N3,1.9577742723924227,1.7688972586263725,1.1968390442233166e-07,0.17678898973961304,0.17678887005570862,67.15000052120544,11.871372716384155,1.325918320676381,-1.8551547716408134e-06,-2.15395439916947e-06,-55.83241377175954
I2,4,N3,1.7688972586263725,1.5751613829165192,1.1968390237757493e-07,0.18133688451901006,0.1813367648351077,67.15000041357064,12.176763833673043,1.3600275315218433,-1.8551547716408111e-06,-2.161356129315991e-06,-55.83241327173029
I2,5,N3,1.5751613829165192,1.3690615161792838,1.1968389730500394e-07,0.1929095801206357,0.1929094604367384,67.15000054831245,12.953870374101642,1.4468227485339975,-1.8551547716408045e-06,-2.1799887382256978e-06,-55.83241248881722
I2,6,N3,1.3690615161792838,1.1439764968274804,1.1968389065025745e-07,0.21067968296786566,0.210679563283975,67.15000063115976,14.147132807491383,1.5800985198881723,-1.855154771640796e-06,-2.209402125034141e-06,-55.832411354017296
I2,7,N3,1.1439764968274804,0.8869796124008281,1.196838816825588e-07,0.2405491886779167,0.240549068994035,67.15000066050631,16.152870141833628,1.8041198127134879,-1.855154771640785e-06,-2.2608875994211052e-06,-55.83240973178305
I2,8,N3,0.8869796124008281,0.5634777934677242,1.196838684984927e-07,0.3027978073759434,0.30279768769207493,67.150000664978,20.33286492987663,2.270984452948589,-1.8551547716407683e-06,-2.3765447338861718e-06,-55.83240730528204
I2,9,N3,0.5634777934677242,8.727599204285492e-07,1.1968384507476203e-07,0.5274145026370421,0.5274143829531971,67.15000061114877,35.415876137635834,3.955609667406654,-1.8551547716407387e-06,-2.9159454968073077e-06,-55.83240292613679
I2,10,N3,8.727599204285492e-07,1.69161621551196e-07,1.4850309302253132e-07,7.886709735338702e-07,6.401678805113388e-07,60.00000066595291,3.841007325700199e-05,7.028805499173011e-06,-1.8551547951958366e-06,-1.8551555975057088e-06,-52.49967775108514
I2,11,N3,1.69161621551196e-07,1.5658114390472886e-06,1.6414412414671614e-06,1.3079587670807174e-07,-1.5106453647590895e-06,16.670357715232498,-2.51829986113919e-05,1.329177838631425e-05,-3.9871265732813286,-1.8551547965518589e-06,-28.54434458565979
I2,12,N3,1.5658114390472886e-06,0.5628106806989237,0.6012919393519759,1.313638231514059e-07,-0.6012918079881527,16.670344640751743,-10.023741668823229,4.509690530368493,-1.054227615467582,-1.855154795861472e-06,-26.949324254339516
I2,13,N3,0.5628106806989237,1.714331186154816,1.2302571002156184,1.3136378727755812e-07,-1.2302569688518312,16.670342240954458,-20.508804715079275,9.226929236845542,-1.0542234420174839,-1.8551547958614891e-06,-26.949319869343928
I2,14,N3,1.714331186154816,3.171521895739483,1.5568278269963671,1.2774896091121933e-07,-1.5568276992474062,16.670342006536508,-25.95285019170362,11.676209660589961,-1.054222641922838,-1.8551547958614925e-06,-26.949319293052707
I2,15,N3,3.171521895739483,4.3127316351801115,1.2192413245582823,1.313637845639843e-07,-1.2192411931944978,16.67034285457885,-20.325168712978083,9.144310919415501,-1.0542238349298534,-1.8551547958614821e-06,-26.949320921920737
I2,16,N3,4.3127316351801115,4.31273232849223,8.789819814018803e-07,1.2113245402516647e-07,-7.578495273767138e-07,16.670357161040403,-1.2633622295695487e-05,7.500858265702851e-06,-7.163746977596533,-1.8551547874682636e-06,-30.32512656925295
I2,17,N3,4.31273232849223,4.312731633062431,1.4876191222129804e-07,7.812520080967673e-07,6.324900958754693e-07,60.00000060663246,3.794940613621718e-05,6.97510440238549e-06,-1.8551547960146132e-06,-1.855155595025498e-06,-52.50525840344842
I2,18,N3,4.312731633062431,3.7467738534099073,1.1968384492465464e-07,0.5297365866093005,0.5297364669254555,67.15000060361567,35.571804073801566,3.9730252971985904,-1.8551547716407387e-06,-2.92332427742439e-06,-55.832402888355226
I2,19,N3,3.7467738534099073,3.420555165975947,1.196838680544494e-07,0.3053407962927453,0.30534067660887726,67.15000068247699,20.503626642674092,2.2900568698246,-1.8551547716407677e-06,-2.3815450954579143e-06,-55.83240724313559
I2,20,N3,3.420555165975947,3.1605317860184194,1.1968388090286988e-07,0.2433819884948141,0.2433818688109332,67.15000071778884,16.343092665350955,1.8253658113402125,-1.8551547716407838e-06,-2.2659796491582496e-06,-55.83240964887618
I2,21,N3,3.1605317860184194,2.932358045754463,1.1968388962038614e-07,0.21357072574164052,0.21357060605775088,67.15000071313918,14.341266349083538,1.601781340691476,-1.8551547716407948e-06,-2.214371053466976e-06,-55.832411250339824
I2,22,N3,2.932358045754463,2.722663533642438,1.1968389587384034e-07,0.19627416819143773,0.19627404850754185,67.15000067410695,13.179802489591134,1.472057159065002,-1.8551547716408024e-06,-2.1854809912292705e-06,-55.83241236371286
I2,23,N3,2.722663533642438,2.52390039742068,1.1968390010088555e-07,0.1860424003581513,0.18604228067425121,67.15000065596176,12.492739269312592,1.3953189003153856,-1.855154771640808e-06,-2.1687977780792493e-06,-55.83241312342514
I2,24,N3,2.52390039742068,2.331437692439674,1.196839027529361e-07,0.18014519671681034,0.18014507703290758,67.15000064121135,12.096742038270811,1.3510898730053482,-1.8551547716408111e-06,-2.1593036496327216e-06,-55.83241359624196
I2,1,N8,42.25021504357585,38.8106933935802,1.1968384550786787e-07,3.2193923692504605,3.219392249566615,67.15000064066642,216.1821916209547,24.145443667007296,-1.4352874916222836e-07,-1.7455954384310743e-07,-55.832401220767075
I2,2,N8,38.8106933935802,35.47295663361275,1.1968384568345873e-07,3.124121712184068,3.1241215925002224,67.15000060329085,209.7847668211439,23.430913739009352,-1.4352874916222836e-07,-1.7358905390363567e-07,-55.83240120964601
I2,3,N8,35.47295663361275,32.31146198671542,1.196838460148419e-07,2.9591590943504404,2.9591589746665945,67.15000053083038,198.70752671967333,22.193694105257148,-1.4352874916222836e-07,-1.7189849669886073e-07,-55.832401187141095
I2,4,N8,32.31146198671542,29.381634394535723,1.1968384650696198e-07,2.742318731134734,2.7423186114508877,67.15000042214204,184.14669591657508,20.567391381139355,-1.4352874916222836e-07,-1.6969487286140167e-07,-55.83240115296484
I2,5,N8,29.381634394535723,25.826001496327905,1.1968384542435006e-07,3.328072497577059,3.3280723778932133,67.15000055860438,223.48006203460506,24.960544629456784,-1.4352874916222836e-07,-1.762008393738026e-07,-55.832401106703976
I2,6,N8,25.826001496327905,21.52416682564259,1.1968384454497114e-07,4.026517356615991,4.026517236932147,67.15000064822435,270.3806350700802,30.198881072248764,-1.4352874916222833e-07,-1.8467919113649834e-07,-55.83240104352431
I2,7,N8,21.52416682564259,16.296822498639393,1.196838438025051e-07,4.892794394929528,4.8927942752456834,67.15000069374085,328.5511389770789,36.69595885960029,-1.4352874916222833e-07,-1.9661263941483947e-07,-55.83240095443115
I2,8,N8,16.296822498639393,9.596716736300332,1.1968384301025663e-07,6.271299098403899,6.271298978720056,67.15000070291202,421.1177308292232,47.034744135658066,-1.435287491622283e-07,-2.190632424225967e-07,-55.83240081847082
I2,9,N8,9.596716736300332,8.312181266281779e-07,1.196838419821586e-07,8.98252619201148,8.982526072327639,67.15000062507386,603.1766313715432,67.36894733771491,-1.4352874916222833e-07,-2.818465602732457e-07,-55.83240055426968
I2,10,N8,8.312181266281779e-07,8.362537489205872e-08,1.4719842839142955e-07,8.287067699450255e-07,6.81508341553596e-07,60.000000665356275,4.089050094666161e-05,7.319288987523413e-06,-1.43528749387516e-07,-1.4352875503473753e-07,-52.32285572769112
I2,11,N8,8.362537489205872e-08,4.346892250162026,4.644115737030944,1.528715571875078e-07,-4.644115584159387,2.1845384699554942e-05,-0.00010145249152516014,34.830869174268756,-1.9669819481944497e-07,-1.435287495771448e-07,-8.012843504716258
I2,12,N8,4.346892250162026,22.049734548539952,18.913293204563118,1.3206319000743767e-07,-18.91329307249993,3.7736270501994778e-06,-7.137171434673612e-05,141.8497000246973,-1.7264227311296504e-05,-1.4352874957716013e-07,-8.012842903792096
I2,13,N8,22.049734548539952,39.75257684692754,18.913293204573332,1.3206309547501283e-07,-18.913293072510236,4.5735862027504593e-07,-8.650157624500866e-06,141.8497000247732,-2.0501190262073527e-05,-1.435287495771598e-07,-8.012842819297658
I2,14,N8,39.75257684692754,57.455419679009296,18.913293769046454,1.270579921916854e-07,-18.913293641988464,1.6434821014127144e-07,-3.108365957937093e-06,141.84970422078334,-2.078695976619636e-05,-1.4352874957715973e-07,-8.012842811578759
I2,15,N8,57.455419679009296,75.15826197739614,18.913293204572543,1.3206310251064438e-07,-18.91329307250944,1.3287859879759016e-06,-2.513171882123223e-05,141.84970002476734,-1.967661690006922e-05,-1.435287495771598e-07,-8.01284286930318
I2,16,N8,75.15826197739614,84.01657465759156,9.464009448204832,1.5287155361647575e-07,-9.464009295333279,2.1094558684748182e-05,-0.00019963909947341013,70.9800720080729,-3.099892835308031e-07,-1.4352874957714538e-07,-8.012843145771201
I2,17,N8,84.01657465759156,84.01657390999883,1.4719842899477745e-07,8.287067524302276e-07,6.815083234354501e-07,60.00000060301088,4.089049981708394e-05,7.319288860687538e-06,-1.435287494459374e-07,-1.4352875513774677e-07,-52.244288160054815
I2,18,N8,84.01657390999883,75.81377134624373,1.1968384247709476e-07,7.67782330452931,7.677823184845468,67.15000062790403,515.5658316833093,57.58367568159864,-1.4352874916222833e-07,-2.467601668790935e-07,-55.83240064397267
I2,19,N8,75.81377134624373,66.57935300363754,1.1968384183913056e-07,8.643415673533912,8.64341555385007,67.15000105543986,580.4053635636376,64.82561844913316,-1.435287491622283e-07,-2.7898820546505136e-07,-55.83240096313347
I2,20,N8,66.57935300363754,58.298016498746414,1.1968384211248585e-07,7.751331073432629,7.751330953748787,67.15000112363583,520.5018822539042,58.13498394837354,-1.435287491622283e-07,-2.5500930660977095e-07,-55.83240108444205
I2,21,N8,58.298016498746414,53.395066071093346,1.1968384392052167e-07,4.589161705137809,4.589161585453965,67.15000085194636,308.1622043729533,34.4187136861624,-1.4352874916222833e-07,-1.9207748016933573e-07,-55.832401145581024
I2,22,N8,53.395066071093346,49.41267558088765,1.1968384480289694e-07,3.727517603687073,3.7275174840032284,67.15000073053427,250.30280177389605,27.956382925281883,-1.4352874916222833e-07,-1.805235782906994e-07,-55.832401184680755
I2,23,N8,49.41267558088765,45.75334039069812,1.196838452014921e-07,3.425137842871936,3.425137723188091,67.15000068635096,229.99800046292688,25.68853471916836,-1.4352874916222833e-07,-1.7702656716735863e-07,-55.832401208856325
I2,24,N8,45.75334039069812,42.25021504357585,1.1968384542076983e-07,3.278925429760988,3.2789253100771427,67.15000066175539,220.17983674152663,24.591941620836252,-1.4352874916222836e-07,-1.754205260368359e-07,-55.83240122050592
I2,1,N9,2.5646891973412007,2.3590587231986397,1.1968389940824088e-07,0.19247022865202326,0.19247010896812386,67.15000062738211,12.92436793796182,1.44352761251942,-1.7180675407146825e-06,-1.941574714483972e-06,-55.8324128228141
I2,2,N9,2.3590587231986397,2.153723006167836,1.1968389954643843e-07,0.19219433599541755,0.192194216311518,67.15000059279349,12.905841739249913,1.4414584175948781,-1.7180675407146829e-06,-1.9412515569941177e-06,-55.83241280884904
I2,3,N9,2.153723006167836,1.946126886858453,1.1968389875181684e-07,0.1943100725281675,0.19430995284426875,67.15000052204108,13.047913434930425,1.457326441590497,-1.7180675407146818e-06,-1.944118472891657e-06,-55.832412581107796
I2,4,N9,1.946126886858453,1.7333605567947172,1.196838969595813e-07,0.19914938979423924,0.19914927011034228,67.15000041411064,13.372873570379316,1.4936213210860214,-1.7180675407146803e-06,-1.9506570434297823e-06,-55.83241212636214
I2,5,N9,1.7333605567947172,1.506822197831644,1.1968389227054892e-07,0.21204000884401575,0.21203988916012348,67.15000054931548,14.238478673579085,1.5903009639593102,-1.7180675407146748e-06,-1.9677348311497673e-06,-55.83241141492004
I2,6,N9,1.506822197831644,1.259256605552321,1.1968388616725111e-07,0.2317214992280201,0.23172137954413394,67.1500006338468,15.56009078326445,1.7379121418392969,-1.7180675407146683e-06,-1.994528013949436e-06,-55.83241038397134
I2,7,N9,1.259256605552321,0.9764529333352056,1.1968387798112436e-07,0.2647043420497874,0.2647042223659094,67.15000066666714,17.774888708340423,1.98528346300249,-1.7180675407146594e-06,-2.0412168225967164e-06,-55.83240891024895
I2,8,N9,0.9764529333352056,0.6203429943428347,1.196838659840777e-07,0.33331900775141504,0.33331888806754906,67.15000067215838,22.382363557779005,2.4998934557646075,-1.7180675407146467e-06,-2.145612809283314e-06,-55.832406705666905
I2,9,N9,0.6203429943428347,8.723288930984165e-07,1.1968384472904678e-07,0.5806403310595869,0.5806402113757422,67.15000061330974,38.98999054999339,4.354803380575738,-1.7180675407146238e-06,-2.629687693156036e-06,-55.832402726019524
I2,10,N9,8.723288930984165e-07,1.683152158768854e-07,1.4849008021797122e-07,7.890483671979969e-07,6.405582869800257e-07,60.00000066595291,3.84334976453832e-05,7.03153835561976e-06,-1.718067561220215e-06,-1.718068250285497e-06,-52.49560436700019
I2,11,N9,1.683152158768854e-07,1.596919034582998e-06,1.6762366521414385e-06,1.313710516855845e-07,-1.544865600455854e-06,16.670357715203085,-2.5753462181511093e-05,1.3557057778702672e-05,-3.8571926900448523,-1.718067562787261e-06,-28.450665843726544
I2,12,N9,1.596919034582998e-06,0.6328277856921352,0.6760965058296494,1.316797105263139e-07,-0.6760963741499388,16.67034464051881,-11.270759567284633,5.0707247813202,-1.0106811370790527,-1.7180675620676533e-06,-26.902800809558897
I2,13,N9,0.6328277856921352,1.9098507540318757,1.3643409284435357,1.3167967077237654e-07,-1.364340796763865,16.670342239670028,-22.74402801359772,10.232557950924049,-1.0106777374477078,-1.7180675620676637e-06,-26.902796927150007
I2,14,N9,1.9098507540318757,3.4826404412598846,1.680331008581588,1.280488782833163e-07,-1.6803308805327095,16.670342005152897,-28.01169046029998,12.602483524728497,-1.0106771072103928,-1.7180675620676665e-06,-26.902796430864754
I2,15,N9,3.4826404412598846,4.745216187753934,1.3489058623690768,1.3167966866112426e-07,-1.3489057306894081,16.67034285380928,-22.48672100806056,10.116794955365592,-1.0106780553839771,-1.7180675620676582e-06,-26.90279789693853
I2,16,N9,4.745216187753934,4.745216955214811,9.602720846137835e-07,1.2294715130880975e-07,-8.373249333049737e-07,16.670357161011466,-1.3958505698014018e-05,8.124144269419448e-06,-6.5714290356300324,-1.7180675585306223e-06,-29.983443541025586
I2,17,N9,4.745216955214811,4.745216258056556,1.4870668744590666e-07,7.828214617144684e-07,6.341147742685618e-07,60.00000060663246,3.8046886840788314e-05,6.9864611187028134e-06,-1.7180675617451303e-06,-1.7180682495943002e-06,-52.49598998571811
I2,18,N9,4.745216258056556,4.122724001564701,1.196838446290715e-07,0.5826528569309134,0.5826527372470688,67.15000060558165,39.12513165898448,4.369897324610685,-1.7180675407146236e-06,-2.6355769285734468e-06,-55.83240269359342
I2,19,N9,4.122724001564701,3.7634617442647684,1.19683865555096e-07,0.33626957768729293,0.3362694580034274,67.1500006933593,22.580494338085707,2.5220227302836884,-1.7180675407146463e-06,-2.1501186410257715e-06,-55.832406653113864
I2,20,N9,3.7634617442647684,3.4770176352460895,1.1968387719946623e-07,0.26811179089604936,0.26811167121217216,67.1500007330922,18.003698918447935,2.0108393293494493,-1.7180675407146587e-06,-2.046084121981644e-06,-55.83240883951996
I2,21,N9,3.4770176352460895,3.2257397814066415,1.1968388513596073e-07,0.2351961760482958,0.23519605636441065,67.15000072792513,15.793415356075295,1.7639722179913568,-1.718067540714667e-06,-1.9993469322999806e-06,-55.83241029430718
I2,22,N9,3.2257397814066415,2.994984751952143,1.1968389087434248e-07,0.2159868124239892,0.21598669274009832,67.15000068310695,14.503506565039613,1.6199019908091006,-1.718067540714673e-06,-1.972970703618534e-06,-55.83241130528987
I2,23,N9,2.994984751952143,2.776347789282722,1.1968389475051485e-07,0.20464430191315933,0.2046441822292646,67.15000066121131,13.741856972008165,1.5348331619779054,-1.7180675407146776e-06,-1.9577592872174723e-06,-55.83241199491941
I2,24,N9,2.776347789282722,2.564689197341201,1.1968389718190596e-07,0.1981125469118474,0.19811242722795022,67.1500006445841,13.303249616056977,1.4858449994680845,-1.7180675407146803e-06,-1.949111711680938e-06,-55.832412423909005
I3,1,N3,17.643930047585673,16.22371609347616,1.1968385181470661e-07,1.3293203659010449,1.3293202462171931,67.15000062503447,89.26385536435549,9.969903641886724,-1.7124499803130728e-07,-1.8761275782413224e-07,-55.83240238740412
I3,2,N3,16.22371609347616,14.822491859732368,1.1968385199158904e-07,1.3115459876387343,1.3115458679548824,67.15000059134923,88.07030580875198,9.836595804919398,-1.7124499803130728e-07,-1.873869796472822e-07,-55.83240238236114
I3,3,N3,14.822491859732368,13.443922496556553,1.1968385223136712e-07,1.2903410287871062,1.290340909103254,67.15000052120544,86.64639271881622,9.677558613532188,-1.7124499803130728e-07,-1.8713640990547435e-07,-55.832402346975364
I3,4,N3,13.443922496556553,12.09136979101999,1.196838525353014e-07,1.265989437236767,1.2659893175529144,67.15000041357064,85.01118319725421,9.494921676904648,-1.7124499803130728e-07,-1.868647834121788e-07,-55.83240228013012
I3,5,N3,12.09136979101999,10.574465105493868,1.1968385116134706e-07,1.4198228905069963,1.4198227708231452,67.15000054831245,95.3410998392807,10.648672576431355,-1.7124499803130728e-07,-1.8888104297293654e-07,-55.83240217931176
I3,6,N3,10.574465105493868,8.857354852512854,1.1968384987569184e-07,1.6072153016447714,1.6072151819609215,67.15000063115976,107.92450048308542,12.05411565996466,-1.7124499803130725e-07,-1.914269062988902e-07,-55.832402034546426
I3,7,N3,8.857354852512854,6.868404000468258,1.1968384858215437e-07,1.8616581023682828,1.8616579826844342,67.15000066050631,125.01033476689659,13.962436665390985,-1.7124499803130725e-07,-1.9503925774060173e-07,-55.832401827340156
I3,8,N3,6.868404000468258,4.347943607604107,1.1968384686910112e-07,2.359151032575384,2.359150912891537,67.150000664978,158.41698536945017,17.69363364194423,-1.7124499803130723e-07,-2.0249788344792123e-07,-55.83240151615149
I3,9,N3,4.347943607604107,8.635405314216341e-07,1.1968384412031837e-07,4.069674513298045,4.069674393614201,67.15000061114877,273.2786380183701,30.52255974736417,-1.712449980313072e-07,-2.3306118882150432e-07,-55.83240095073515
I3,10,N3,8.635405314216341e-07,1.5088392967294592e-07,1.4822244132987338e-07,7.969036671961089e-07,6.486812258662355e-07,60.00000066595291,3.892087398396528e-05,7.088445813944867e-06,-1.7124499826740443e-07,-1.7124500584358723e-07,-52.48850402530344
I3,11,N3,1.5088392967294592e-07,2.87023212552695e-06,3.0718798771034527e-06,1.4595176149147947e-07,-2.925928115611973e-06,16.670357715232498,-4.877626833630774e-05,2.4133737289461994e-05,-1.7593576888786343e-07,-1.7124499834772975e-07,-25.823024342183064
I3,12,N3,2.87023212552695e-06,0.5574422143239877,0.595555013982435,1.3945997252374782e-07,-0.5955548745224625,16.670344640751743,-9.928105010769109,4.466663650818057,-2.0249759972995986e-07,-1.7124499834773684e-07,-25.823016758445224
I3,13,N3,0.5574422143239877,11.479983926337523,11.66938233013803,1.3945993845849819e-07,-11.66938219067809,16.670342240954458,-194.53259485910266,87.52036852198476,-6.565525963511528e-07,-1.712449983477366e-07,-25.823015730313685
I3,14,N3,11.479983926337523,26.475674460013188,16.021037049530563,1.3542510586478784e-07,-16.021036914105455,16.670342006536508,-267.0761646574842,120.15777888716752,-8.130955729093888e-07,-1.7124499834773658e-07,-25.82301566475138
I3,15,N3,26.475674460013188,32.92511998685198,6.890433414353058,1.3945994224464176e-07,-6.890433274893116,16.67034285457885,-114.8658851090668,51.678251653597506,-3.458084290869623e-07,-1.7124499834773663e-07,-25.823015925171116
I3,16,N3,32.92511998685198,32.92512270619414,3.071873451742928e-06,1.459517810216326e-07,-2.9259216707212954e-06,16.670357161040403,-4.877615927615205e-05,2.4133689245734204e-05,-1.7586161292837907e-07,-1.7124499834773023e-07,-25.82302362947166
I3,17,N3,32.92512270619414,32.92512199353754,1.4822244121183286e-07,7.969036725664577e-07,6.486812313546248e-07,60.00000060663246,3.892087427478858e-05,7.088445853337179e-06,-1.712449983066511e-07,-1.7124500590070512e-07,-52.45033520342875
I3,18,N3,32.92512199353754,28.624783525476495,1.1968384417680314e-07,4.0251169109596665,4.025116791275822,67.15000060361567,270.28659496379504,30.18837772982633,-1.712449980313072e-07,-2.3224685866256668e-07,-55.8324009510863
I3,19,N3,28.624783525476495,26.084274906995013,1.196838468023848e-07,2.377916171753208,2.377916052069361,67.15000068247699,159.67706451933057,17.834372185777912,-1.7124499803130723e-07,-2.0278534096542527e-07,-55.83240152329495
I3,20,N3,26.084274906995013,24.034789601872415,1.1968384830128137e-07,1.9183183504492929,1.9183182307654445,67.15000071778884,128.81507057284702,14.38738852599856,-1.7124499803130725e-07,-1.9588107246824217e-07,-55.83240183601359
I3,21,N3,24.034789601872415,22.2462647867029,1.1968384944729347e-07,1.6740593318532053,1.6740592121693558,67.15000071313918,112.41307729100946,12.555445886527911,-1.7124499803130725e-07,-1.92381198081264e-07,-55.83240204159998
I3,22,N3,22.2462647867029,20.630773247793368,1.1968385042826797e-07,1.512100185273863,1.5121000655900125,67.15000067410695,101.5375204236865,11.34075228718285,-1.7124499803130728e-07,-1.9010399698933134e-07,-55.83240218285355
I3,23,N3,20.630773247793368,19.10975617949244,1.1968385105276265e-07,1.4236720807842123,1.4236719611003612,67.15000065596176,95.59957312176363,10.677541503510476,-1.7124499803130728e-07,-1.8889941884416655e-07,-55.832402278239634
I3,24,N3,19.10975617949244,17.643930047585673,1.1968385145683345e-07,1.372013364319276,1.3720132446354245,67.15000064121135,92.13069025701922,10.290101130023457,-1.7124499803130728e-07,-1.882043229892597e-07,-55.832402336466146
I3,1,N5,6.366679121627956e-05,6.367297667386735e-05,2.499877198666633e-07,2.1322365312213836e-07,-3.6764066744524966e-08,67.15000065042759,-2.468707105807215e-06,3.4740852974160124e-06,-0.09306127606405935,-0.09284795617003049,-68.50237092404947
I3,2,N5,6.367297667386735e-05,6.367916238139293e-05,2.4998785465931846e-07,2.1322353727166905e-07,-3.67643173876494e-08,67.15000061033534,-2.4687239350192195e-06,3.474085439482406e-06,-0.09306177697142128,-0.09284753342693203,-68.5023831301919
I3,3,N5,6.367916238139293e-05,6.368534869608241e-05,2.499881856807781e-07,2.1322325897283824e-07,-3.676492670793989e-08,67.1500005359761,-2.4687648481432857e-06,3.4740858349021227e-06,-0.09306217993900008,-0.09284707355480057,-68.50244527364255
I3,4,N5,6.368534869608241e-05,6.369153596514658e-05,2.4998870576902406e-07,2.1322282132534323e-07,-3.6765884443680837e-08,67.15000042626218,-2.4688291560650744e-06,3.4740864532077545e-06,-0.09306279501472056,-0.0928463941689864,-68.50255735785404
I3,5,N5,6.369153596514658e-05,6.369772450688271e-05,2.499893991022483e-07,2.132222375308753e-07,-3.6767161571372986e-08,67.15000056465448,-2.4689149202784385e-06,3.474087274748427e-06,-0.09306400161085912,-0.09284502686037317,-68.50271938904021
I3,6,N5,6.369772450688271e-05,6.370391461965127e-05,2.499902551589026e-07,2.132215170323242e-07,-3.6768738126578386e-08,67.15000065996688,-2.469020789465888e-06,3.474088291434201e-06,-0.09306656640067734,-0.09284210798339901,-68.50293137614025
I3,7,N5,6.370391461965127e-05,6.37101065465946e-05,2.499912439337396e-07,2.1322068522640439e-07,-3.6770558707335235e-08,67.15000072019615,-2.4691430436795756e-06,3.47408946870108e-06,-0.09307177471570985,-0.09283616333828759,-68.50319333079946
I3,8,N5,6.37101065465946e-05,6.371630043870729e-05,2.4999231563232106e-07,2.132197847387354e-07,-3.677253089358566e-08,67.15000075807643,-2.4692754773806665e-06,3.4740907527829234e-06,-0.09308175548768494,-0.09282472252570663,-68.50350526730033
I3,9,N5,6.371630043870729e-05,6.372249630000085e-05,2.4999339133840236e-07,2.132188840072463e-07,-3.6774507331156076e-08,67.15000069790334,-2.469408192952182e-06,3.474092065092365e-06,-0.09309998138807296,-0.09280372026102605,-68.50386720244347
I3,10,N5,6.372249630000085e-05,6.421141267658501e-05,6.753512722117079e-07,1.3404681969680336e-07,-5.413044525149046e-07,60.000000731472184,-3.247826754684343e-05,6.070485689313834e-06,-0.3155571658224714,-0.09254430855132886,-68.50427915535118
I3,11,N5,6.421141267658501e-05,6.405101713736598e-05,1.8170892065891832e-07,3.093246832626083e-07,1.2761576260368997e-07,74.05732748216943,9.450882323028258e-06,3.6827520294114497e-06,-0.09285524671483703,-0.1568382303021504,-68.50554056543027
I3,12,N5,6.405101713736598e-05,6.385635477781439e-05,1.742727067599841e-07,3.348835898418772e-07,1.606108830818931e-07,74.05733167297134,1.189441343868458e-05,3.81867222451396e-06,-0.09280690093311263,-0.09342408654795681,-68.50637887892864
I3,13,N5,6.385635477781439e-05,6.366170944756504e-05,1.7427596759136193e-07,3.3487050721631794e-07,1.60594539624956e-07,74.05733242044244,1.1893203205913282e-05,3.818598561057599e-06,-0.09277694578157294,-0.09345912056780743,-68.50678810559523
I3,14,N5,6.366170944756504e-05,6.345735743522385e-05,1.722534580603261e-07,3.421840491441696e-07,1.699305910838435e-07,74.05733244188485,1.2584606275942192e-05,3.858281304033718e-06,-0.09276082938786268,-0.0934784881896932,-68.50676835170356
I3,15,N5,6.345735743522385e-05,6.326269596582992e-05,1.742728625714257e-07,3.348828931600986e-07,1.606100305886729e-07,74.05733217079931,1.1894350385267587e-05,3.818668167986432e-06,-0.09275109217097625,-0.09348960434912715,-68.50631961409714
I3,16,N5,6.326269596582992e-05,6.309993032316956e-05,1.8170940045914562e-07,3.115435204347515e-07,1.298341199756059e-07,74.05732761615842,9.615167958789065e-06,3.699396906704229e-06,-0.0927468963950799,-0.09349441896534239,-68.50544178095512
I3,17,N5,6.309993032316956e-05,6.362347015720707e-05,7.123424611552098e-07,1.3404709618912857e-07,-5.782953649660813e-07,60.00000067324469,-3.469772228729916e-05,6.347921680082538e-06,-0.0947722267648281,-0.09262458735934397,-68.5041346309785
I3,18,N5,6.362347015720707e-05,6.362966376526473e-05,2.499921599662971e-07,2.132199142358611e-07,-3.6772245730436025e-08,67.15000071575834,-2.4692563271188204e-06,3.4740905565161865e-06,-0.09306107441116597,-0.09284838742702613,-68.50374395388667
I3,19,N5,6.362966376526473e-05,6.363585512120054e-05,2.499909310774895e-07,2.1322094559733522e-07,-3.676998548015429e-08,67.15000188061315,-2.4691045941424783e-06,3.4740890750611856e-06,-0.09306097577165173,-0.09284849327454534,-68.50340328698864
I3,20,N5,6.363585512120054e-05,6.364204461263967e-05,2.4998991492928486e-07,2.1322180052286454e-07,-3.676811440642032e-08,67.15000191496634,-2.4689789528008263e-06,3.4740878658911204e-06,-0.09306105194714796,-0.09284839580715167,-68.50311261166662
I3,21,N5,6.364204461263967e-05,6.364823262964086e-05,2.499891126459422e-07,2.1322247771953854e-07,-3.676663492640364e-08,67.15000095059817,-2.4688795702583e-06,3.4740869277411056e-06,-0.09306115815216515,-0.09284826651372226,-68.50287191214919
I3,22,N5,6.364823262964086e-05,6.365441950049216e-05,2.49988488435493e-07,2.132230036475718e-07,-3.67654847879212e-08,67.15000076561145,-2.4688023316569847e-06,3.4740861906229855e-06,-0.09306121980129722,-0.09284817535178418,-68.50268117550054
I3,23,N5,6.365441950049216e-05,6.366060557789595e-05,2.499880561354459e-07,2.132233675780923e-07,-3.676468855735359e-08,67.15000070621812,-2.4687488625901827e-06,3.474085677851536e-06,-0.09306121510853163,-0.09284817485252445,-68.50254039151507
I3,24,N5,6.366060557789595e-05,6.366679121627956e-05,2.499878167989764e-07,2.1322356881925437e-07,-3.6764247979722055e-08,67.15000067512085,-2.4687192766586463e-06,3.474085392136731e-06,-0.09306118778678797,-0.09284821642906567,-68.50244955275195
I3,1,N8,71.68988887759389,66.03212609226374,1.1968384463429153e-07,5.29566607192355,5.295665952239705,67.15000064066642,355.60397208565155,39.717496437055466,-6.719297506761392e-08,-7.954596643272776e-08,-55.832400978762934
I3,2,N8,66.03212609226374,60.63623781073866,1.196838448061752e-07,5.050551536362001,5.0505514166781555,67.15000060329085,339.1445306768896,37.879137420343845,-6.719297506761392e-08,-7.89568560616359e-08,-55.83240096694105
I3,3,N8,60.63623781073866,55.729116556863595,1.1968384516312094e-07,4.593065598481608,4.5930654787977625,67.15000053083038,308.4243493394085,34.4479928862409,-6.719297506761392e-08,-7.785070043544334e-08,-55.832400949361045
I3,4,N8,55.729116556863595,51.431899724981626,1.1968384571292513e-07,4.022195059496056,4.02219493981221,67.15000042214204,270.0903919063275,30.166463843849264,-6.719297506761393e-08,-7.64821887766897e-08,-55.83240092600649
I3,5,N8,51.431899724981626,45.79884162788798,1.1968384472374743e-07,5.272542483734188,5.272542364050343,67.15000055860438,354.0512226912458,39.54406952563525,-6.719297506761392e-08,-7.968014832533268e-08,-55.832400896975614
I3,6,N8,45.79884162788798,38.461217482444745,1.1968384398379032e-07,6.868016304989406,6.868016185305562,67.15000064822435,461.1872912952838,51.51012318504938,-6.719297506761392e-08,-8.412421244986322e-08,-55.83240085946483
I3,7,N8,38.461217482444745,29.052369716788323,1.1968384344655658e-07,8.806681613508948,8.806681493825105,67.15000069374085,591.3686684199105,66.05011299894593,-6.719297506761392e-08,-9.030946766060403e-08,-55.832400808137805
I3,8,N8,29.052369716788323,16.640288239203286,1.1968384297175147e-07,11.617708367874132,11.617708248190288,67.15000070291202,780.1291170322047,87.13281365668482,-6.719297506761392e-08,-1.0099172659528799e-07,-55.832400730467796
I3,9,N8,16.640288239203286,8.312181344169079e-07,1.1968384254302457e-07,15.57530911872864,15.575308999044797,67.15000062507386,1045.8820090215766,116.81481928809363,-6.719297506761392e-08,-1.2140286599428595e-07,-55.83240057637382
I3,10,N8,8.312181344169079e-07,8.362537434799853e-08,1.4719842934445912e-07,8.287067785794625e-07,6.815083492350033e-07,60.000000665356275,4.0890501407546054e-05,7.319289059429412e-06,-6.719297512500078e-08,-6.719297655292073e-08,-52.32053542100697
I3,11,N8,8.362537434799853e-08,4.129398211411221,4.411750311015131,1.5287155942612394e-07,-4.411750158143571,2.1845384699554942e-05,-9.637637940296865e-05,33.08812847915018,-7.794925202089591e-08,-6.719297517250457e-08,-8.012843341208189
I3,12,N8,4.129398211411221,39.33850089281834,37.61656284455157,1.320631920909949e-07,-37.616562712488374,3.7736270501994778e-06,-0.00014195087858737116,282.1242223246107,-1.698341389529958e-05,-6.719297517250842e-08,-8.0128426864272
I3,13,N8,39.33850089281834,74.54760357257723,37.61656284279052,1.3206309728147666e-07,-37.61656271072742,4.5735862027504593e-07,-1.7204259220868034e-05,282.12422231140215,-2.0254156303777948e-05,-6.719297517250833e-08,-8.012842637849202
I3,14,N8,74.54760357257723,109.75670677189281,37.61656339215951,1.270579938324554e-07,-37.61656326510152,1.6434821014127144e-07,-6.1822148442853365e-06,282.1242263941313,-2.054456334049767e-05,-6.719297517250832e-08,-8.012842635072289
I3,15,N8,109.75670677189281,144.9658094516509,37.61656284278971,1.3206310441703012e-07,-37.616562710726605,1.3287859879759016e-06,-4.998436144583031e-05,282.1242223113961,-1.9415643631310276e-05,-6.719297517250833e-08,-8.012842673000819
I3,16,N8,144.9658094516509,154.5650138243507,10.25556040173517,1.5287155617685878e-07,-10.255560248863615,2.1094558684748182e-05,-0.0002163365175146242,76.91670415955045,-9.776355248330356e-08,-6.71929751725047e-08,-8.012842943617532
I3,17,N8,154.5650138243507,154.56501307675796,1.471984296807811e-07,8.287067697405578e-07,6.815083400597767e-07,60.00000060301088,4.089050081454355e-05,7.3192889956600415e-06,-6.719297514369464e-08,-6.719297658625161e-08,-52.22125753022861
I3,18,N8,154.56501307675796,142.42546605079167,1.1968384305084444e-07,11.362616121158995,11.362616001475152,67.15000062790403,762.9996716336889,85.21962180632129,-6.719297506761393e-08,-9.95399612442292e-08,-55.83240066902533
I3,19,N8,142.42546605079167,120.81544556635717,1.1968384189197504e-07,20.226979278285224,20.22697915860138,67.15000105543986,1358.2416718484428,151.70234548476802,-6.719297506761392e-08,-1.6445860484296184e-07,-55.83240089335297
I3,20,N8,120.81544556635717,99.03492739395077,1.1968384183893516e-07,20.386565114226926,20.386564994543082,67.15000112363583,1368.9578622906429,152.89923925433078,-6.719297506761392e-08,-1.666065070827568e-07,-55.83240095393505
I3,21,N8,99.03492739395077,90.06779574620123,1.1968384343045432e-07,8.3932353271481,8.393235207464256,67.15000085194636,563.605751331811,62.94926585123957,-6.719297506761392e-08,-8.874165613234503e-08,-55.832400975239885
I3,22,N8,90.06779574620123,83.42654995282773,1.1968384416219912e-07,6.216206167452142,6.216206047768297,67.15000073053427,417.41824064879273,46.62154715351989,-6.719297506761392e-08,-8.196057925870795e-08,-55.832400986795285
I3,23,N8,83.42654995282773,77.4215006250953,1.196838444548756e-07,5.6207262756120775,5.620726155928233,67.15000068635096,377.43176522837166,42.155447964719414,-6.719297506761392e-08,-8.039061990604481e-08,-55.83240099183682
I3,24,N8,77.4215006250953,71.68988887759389,1.1968384460628757e-07,5.364788700515879,5.364788580832035,67.15000066175539,360.24555675304885,40.235916151497925,-6.719297506761392e-08,-7.97451750821122e-08,-55.83240099115022
I3,1,N9,17.54636657821939,16.139034662786965,1.1968385189041857e-07,1.3172627776992938,1.3172626580154418,67.15000062738211,88.45418831216395,9.879471730373593,-1.7211393146003843e-07,-1.8853608818508738e-07,-55.832402401323804
I3,2,N9,16.139034662786965,14.751416104558484,1.1968385207665367e-07,1.2988110753564035,1.2988109556725513,67.15000059279349,87.2151564433385,9.741083962801918,-1.7211393146003843e-07,-1.8830584042949284e-07,-55.83240239604437
I3,3,N9,14.751416104558484,13.386919422694161,1.1968385232380632e-07,1.2771689990795505,1.2771688793956981,67.15000052204108,85.76189091815576,9.578768390725521,-1.7211393146003843e-07,-1.8805423618956892e-07,-55.83240236031676
I3,4,N9,13.386919422694161,12.048511943225368,1.1968385263184284e-07,1.2527495056373366,1.252749385953484,67.15000041411064,84.12212178555329,9.395622189908918,-1.7211393146003843e-07,-1.8778490628649213e-07,-55.83240229301584
I3,5,N9,12.048511943225368,10.548090144957701,1.1968385124729594e-07,1.4043949080330795,1.4043947883492283,67.15000054931548,94.30511080910648,10.532962707876981,-1.721139314600384e-07,-1.8980370498341148e-07,-55.832402191611145
I3,6,N9,10.548090144957701,8.848600116363018,1.196838499392022e-07,1.5907227716191654,1.5907226519353155,67.1500006338468,106.8170270857309,11.930421684772615,-1.721139314600384e-07,-1.9236870487423073e-07,-55.832402046103105
I3,7,N9,8.848600116363018,6.874830122606365,1.1968384860606174e-07,1.847448819010768,1.8474486993269195,67.15000066666714,124.05618139143598,13.855867040209626,-1.721139314600384e-07,-1.9604549486200417e-07,-55.83240183791314
I3,8,N9,6.874830122606365,4.363652604629254,1.1968384685493531e-07,2.3504622616811153,2.3504621419972684,67.15000067215838,157.8335344149994,17.628467860237215,-1.7211393146003835e-07,-2.035883029920629e-07,-55.83240152513129
I3,9,N9,4.363652604629254,8.635405266207534e-07,1.196838440872318e-07,4.084378134513586,4.084378014829742,67.15000061330974,274.265986200806,30.632836906480726,-1.7211393146003833e-07,-2.3410224986988282e-07,-55.83240095598301
I3,10,N9,8.635405266207534e-07,1.5088392903850458e-07,1.482224414438226e-07,7.969036633961522e-07,6.486812219523296e-07,60.00000066595291,3.892087374913092e-05,7.088445786299811e-06,-1.7211393169834e-07,-1.721139393473135e-07,-52.48856651312166
I3,11,N9,1.5088392903850458e-07,2.8702319620916754e-06,3.0718797037315476e-06,1.4595176198262597e-07,-2.925927941748922e-06,16.670357715203085,-4.877626543786242e-05,2.41337359928563e-05,-1.768498088018453e-07,-1.7211393177950215e-07,-25.82302434223771
I3,12,N9,2.8702319620916754e-06,0.5573096412667755,0.595413376100973,1.394599726332984e-07,-0.5954132366410003,16.67034464051881,-9.925743858332257,4.465601366707093,-2.036540334847893e-07,-1.7211393177950935e-07,-25.823016758044833
I3,13,N9,0.5573096412667755,11.417658926461861,11.60293742969097,1.3945993856600588e-07,-11.602937290231031,16.670342239670028,-193.42493561358086,87.02203176863182,-6.583497729437736e-07,-1.7211393177950909e-07,-25.823015729377456
I3,14,N9,11.417658926461861,26.34179938934671,15.94459466620704,1.354251059688841e-07,-15.944594530781934,16.670342005152897,-265.8018439616252,119.58446101224109,-8.146543340893277e-07,-1.7211393177950909e-07,-25.82301566354388
I3,15,N9,26.34179938934671,32.76700017442032,6.8645309124671705,1.3945994235180945e-07,-6.864530773007228,16.67034285380928,-114.43408151655494,51.483982889453344,-3.4776292872890316e-07,-1.721139317795091e-07,-25.823015924830838
I3,16,N9,32.76700017442032,32.76700289376231,3.071873275481174e-06,1.459517815212265e-07,-2.9259214939599473e-06,16.670357161011466,-4.8776156329392575e-05,2.4133687927518004e-05,-1.7677495815402487e-07,-1.7211393177950265e-07,-25.823023629556317
I3,17,N9,32.76700289376231,32.76700218110571,1.4822244135768505e-07,7.96903667819445e-07,6.486812264617599e-07,60.00000060663246,3.892087398121668e-05,7.088445818828476e-06,-1.7211393173794886e-07,-1.7211393940495427e-07,-52.45041206074059
I3,18,N9,32.76700218110571,28.47591115669946,1.1968384416828884e-07,4.016461303698786,4.016461184014942,67.15000060558165,269.7053709388985,30.123460675369724,-1.7211393146003833e-07,-2.3315701931274962e-07,-55.83240095738876
I3,19,N9,28.47591115669946,25.934742716319857,1.1968384675988773e-07,2.3785337650498497,2.378533645366003,67.1500006933593,159.7185359355055,17.839004135502723,-1.7211393146003835e-07,-2.0391717134592516e-07,-55.83240153446857
I3,20,N9,25.934742716319857,23.887979949621013,1.196838482654449e-07,1.9157700544846594,1.9157699348008113,67.1500007330922,128.64395252631047,14.368276306263807,-1.721139314600384e-07,-1.9700754511612557e-07,-55.83240184905615
I3,21,N9,23.887979949621013,22.105656542341492,1.1968384943841434e-07,1.6682548140681737,1.6682546943843242,67.15000072792513,112.02330394227188,12.511912003140173,-1.7211393146003838e-07,-1.9345062392257178e-07,-55.83240205543317
I3,22,N9,22.105656542341492,20.502114915238028,1.196838504679174e-07,1.5009150678233862,1.5009149481395359,67.15000068310695,100.78643979285526,11.256863906304275,-1.721139314600384e-07,-1.910865889831636e-07,-55.832402196980624
I3,23,N9,20.502114915238028,18.99602205778062,1.1968385112692335e-07,1.4097030194346774,1.4097028997508263,67.15000066121131,94.66155065037948,10.572773543388964,-1.721139314600384e-07,-1.898426279163704e-07,-55.83240229245648
I3,24,N9,18.99602205778062,17.54636657821939,1.1968385155069227e-07,1.3568776337238546,1.3568775140400031,67.1500006445841,91.11432594240787,10.176583150557796,-1.7211393146003843e-07,-1.8913221767611781e-07,-55.83240235065184
I4,1,N3,29.05708882883783,26.70475519205496,1.196838482497185e-07,2.2017843888833055,2.2017842691994574,67.15000062503447,147.84981505293462,16.513383814253654,-9.816640341175558e-08,-1.0780822543842288e-07,-55.83240165096653
I4,2,N3,26.70475519205496,24.40496862968926,1.196838484297303e-07,2.1526003272288365,2.152600207544988,67.15000059134923,144.5471052095844,16.144503351845138,-9.816640341175558e-08,-1.0758510121045704e-07,-55.832401646552505
I4,3,N3,24.40496862968926,22.18680869517986,1.1968384873784117e-07,2.076197803555341,2.0761976838714924,67.15000052120544,139.41667555409626,15.571484424293923,-9.816640341175558e-08,-1.072510465550797e-07,-55.832401623964856
I4,4,N3,22.18680869517986,20.074822365206135,1.1968384918022107e-07,1.9768193097099487,1.9768191900260994,67.15000041357064,132.74340942780694,14.826145720453484,-9.816640341175559e-08,-1.0682550757040516e-07,-55.83240158285753
I4,5,N3,20.074822365206135,17.618297585412506,1.1968384802434124e-07,2.2993072987413767,2.2993071790575286,67.15000054831245,154.3984783344518,17.244805638189188,-9.816640341175558e-08,-1.0831127126218678e-07,-55.832401522363874
I4,6,N3,17.618297585412506,14.76215803753895,1.19683847055414e-07,2.673346721664188,2.6733466019803407,67.15000063115976,179.51522601028867,20.050101310110264,-9.816640341175558e-08,-1.1010473763663198e-07,-55.83240143606282
I4,7,N3,14.76215803753895,11.415505766970226,1.1968384621376165e-07,3.1324666301068627,3.1324665104230163,67.15000066050631,210.34512824391942,23.493500623430318,-9.816640341175557e-08,-1.1242138732795072e-07,-55.832401312285874
I4,8,N3,11.415505766970226,7.152881195737137,1.1968384517381634e-07,3.9898167035287093,3.9898165838448643,67.150000664978,267.91618625832285,29.923626174094156,-9.816640341175557e-08,-1.1700284622601134e-07,-55.832401125330684
I4,9,N3,7.152881195737137,8.635405670333875e-07,1.1968384362569439e-07,6.695096095790526,6.695095976106683,67.15000061114877,449.5756988872634,50.21322161605777,-9.816640341175558e-08,-1.3419693195698193e-07,-55.83240078141216
I4,10,N3,8.635405670333875e-07,1.5088393024656285e-07,1.4822244140493424e-07,7.96903700057565e-07,6.486812586526308e-07,60.00000066595291,3.892087595114902e-05,7.088446060968744e-06,-9.816640349750708e-08,-9.81664061965997e-08,-52.48396575057149
I4,11,N3,1.5088393024656285e-07,2.87023223591367e-06,3.0718799955261855e-06,1.45951762456097e-07,-2.9259282330700886e-06,16.670357715232498,-4.8776270294376543e-05,2.413373818486712e-05,-9.982796041669548e-08,-9.816640352445458e-08,-25.82302429779507
I4,12,N3,2.87023223591367e-06,0.562536692395826,0.600997832435137,1.3945997337959947e-07,-0.6009976929751637,16.670344640751743,-10.018838670192682,4.507484789213328,-1.09089674137875e-07,-9.81664035244571e-08,-25.82301671535674
I4,13,N3,0.562536692395826,20.57308075023547,21.378786545764214,1.3945993922198645e-07,-21.378786406304275,16.670342240954458,-356.3916860893571,160.34090013918114,-5.065274569482582e-07,-9.816640352445703e-08,-25.823015689812483
I4,14,N3,20.57308075023547,45.70005622153161,26.84505941878321,1.3542510610559862e-07,-26.845059283358104,16.670342006536508,-447.51631943932745,201.3379466565624,-6.962336501318634e-07,-9.816640352445703e-08,-25.82301565175296
I4,15,N3,45.70005622153161,54.5614424438285,9.467293131722801,1.3945994312602846e-07,-9.467292992262859,16.67034285457885,-157.82302008577355,71.00469953387058,-1.7404323638352773e-07,-9.816640352445705e-08,-25.823015856045785
I4,16,N3,54.5614424438285,54.56144516317076,3.071873562251305e-06,1.4595178200937913e-07,-2.925921780241926e-06,16.670357161040403,-4.877616110190008e-05,2.4133690081955132e-05,-9.979904786381434e-08,-9.816640352445476e-08,-25.82302357208463
I4,17,N3,54.56144516317076,54.56144445051412,1.4822244132285908e-07,7.969037043602367e-07,6.486812630373776e-07,60.00000060663246,3.892087617575377e-05,7.0884460926232186e-06,-9.816640350781876e-08,-9.816640621159959e-08,-52.45580793072256
I4,18,N3,54.56144445051412,47.56103352324891,1.1968384369371177e-07,6.552384732774774,6.552384613090931,67.15000060361567,439.992630724178,49.14288639343963,-9.816640341175557e-08,-1.3320632671984468e-07,-55.83240078388104
I4,19,N3,47.56103352324891,43.26933180228027,1.196838451301911e-07,4.017032915681178,4.017032795997333,67.15000068247699,269.74375499275334,30.127747765237675,-9.816640341175557e-08,-1.1716537879856215e-07,-55.83240113658399
I4,20,N3,43.26933180228027,39.77270966179687,1.1968384596361784e-07,3.272838428347005,3.272838308663159,67.15000071778884,219.77109477593797,24.546289110231385,-9.816640341175557e-08,-1.1318013957262225e-07,-55.83240132636769
I4,21,N3,39.77270966179687,36.73370358133757,1.1968384666242508e-07,2.8445097961644445,2.8445096764805977,67.15000071313918,191.00882680420344,21.333824368862185,-9.816640341175555e-08,-1.1097637785303987e-07,-55.83240144956228
I4,22,N3,36.73370358133757,34.02648706790539,1.1968384733164297e-07,2.533954761427055,2.5339546417432075,67.15000067410695,170.15505590121282,19.004661608331766,-9.816640341175558e-08,-1.0941326277377966e-07,-55.83240153330639
I4,23,N3,34.02648706790539,31.491215751192474,1.1968384774312805e-07,2.373014057297835,2.373013937613987,67.15000065596176,159.34788746738565,17.79760632736262,-9.816640341175558e-08,-1.0863579822634227e-07,-55.83240158935853
I4,24,N3,31.491215751192474,29.05708882883783,1.1968384801458067e-07,2.2783429041784844,2.2783427844946362,67.15000064121135,152.99071943971407,17.087572678967494,-9.816640341175558e-08,-1.0818502379330128e-07,-55.83240162303824
I4,1,N4,6.306324844380945e-05,6.295118215010361e-05,2.003152252893676e-07,2.803894185237747e-07,8.007419323440712e-08,67.15000061919118,5.376982125271672e-06,3.6052848285985673e-06,-0.09387116895525678,-0.09408766035594575,-65.0584583461972
I4,2,N4,6.295118215010361e-05,6.283911576544e-05,2.0031519810169497e-07,2.803894798412481e-07,8.007428173955312e-08,67.15000058150842,5.376988065374861e-06,3.605285084572073e-06,-0.09386888041249132,-0.09409020381249243,-65.05845483233702
I4,3,N4,6.283911576544e-05,6.272704164164257e-05,2.0031282320992782e-07,2.8039464303732466e-07,8.008181982739684e-08,67.15000050834178,5.377494242118632e-06,3.605305996854394e-06,-0.09386709520378834,-0.09409241940997783,-65.05828749687619
I4,4,N4,6.272704164164257e-05,6.261495213115405e-05,2.0030810301595723e-07,2.8040490963711395e-07,8.009680662115673e-08,67.1500003990576,5.378500596573914e-06,3.6053475948980337e-06,-0.0938656526941734,-0.0940942884599204,-65.05795632513315
I4,5,N4,6.261495213115405e-05,6.250283957133953e-05,2.0030103444613e-07,2.804202910605125e-07,8.011925661438252e-08,67.15000053626568,5.380008124620993e-06,3.6054099412998194e-06,-0.09386444649498898,-0.09409578765730538,-65.05746128775634
I4,6,N4,6.250283957133953e-05,6.239069631707873e-05,2.0029162377871658e-07,2.8044077641414204e-07,8.014915263542546e-08,67.1500006267348,5.382015649701082e-06,3.6054930014464397e-06,-0.09386336819852126,-0.09409708098214249,-65.05680234069497
I4,7,N4,6.239069631707873e-05,6.227851472290774e-05,2.0027987200514515e-07,2.804663668882629e-07,8.018649488311773e-08,67.15000066856227,5.384523185011021e-06,3.6055967917005604e-06,-0.09386234103468762,-0.09409826240661855,-65.05597942521182
I4,8,N4,6.227851472290774e-05,6.216628713641935e-05,2.002657793419718e-07,2.8049706917150666e-07,8.023128982953485e-08,67.1500006720033,5.3875311659689565e-06,3.6057213638510887e-06,-0.09386131984274974,-0.09409928652857293,-65.05499246786201
I4,9,N4,6.216628713641935e-05,6.205400593546929e-05,2.0024934614814711e-07,2.8053285525227205e-07,8.028350910412494e-08,67.15000061075868,5.3910376853758395e-06,3.605866510503144e-06,-0.0938602863173537,-0.09410129787762407,-65.05384138045488
I4,10,N4,6.205400593546929e-05,6.226331166990456e-05,4.0554445027573677e-07,1.5938570327735237e-07,-2.4615874699838443e-07,60.00000067829637,-1.476952498687165e-05,4.236976151648168e-06,-0.4205358039325371,-0.09373055990617699,-65.05252606006268
I4,11,N4,6.226331166990456e-05,6.249151723214787e-05,4.257487777284763e-07,1.5939639491308262e-07,-2.663523828153937e-07,60.000000588257315,-1.598114312560736e-05,4.388588794811692e-06,-0.09454526874148975,-0.09372985210559417,-65.05151669197319
I4,12,N4,6.249151723214787e-05,6.271967627679018e-05,4.257072580526886e-07,1.5940356016572584e-07,-2.663036978869628e-07,60.000000568038494,-1.5978222024488518e-05,4.388331136638108e-06,-0.09454589950862648,-0.09372891422371492,-65.0508407399935
I4,13,N4,6.271967627679018e-05,6.294781171699984e-05,4.256861899382329e-07,1.594071962238866e-07,-2.662789937143463e-07,60.00000055196192,-1.5976739769836644e-05,4.388200396215897e-06,-0.09454664314160083,-0.09372800830424735,-65.05049808170443
I4,14,N4,6.294781171699984e-05,6.31759464638122e-05,4.256855710917645e-07,1.594073030748499e-07,-2.662782680169146e-07,60.00000052568091,-1.597669622099228e-05,4.388196556249608e-06,-0.09454739610827755,-0.0937271455621035,-65.0504886549354
I4,15,N4,6.31759464638122e-05,6.34041034253482e-05,4.2570539875124543e-07,1.5940388102666627e-07,-2.663015177245792e-07,60.00000051735764,-1.5978091201247877e-05,4.388319598334338e-06,-0.09454819676001598,-0.09372629494150604,-65.05081245770111
I4,16,N4,6.34041034253482e-05,6.363230551216319e-05,4.2574567641027576e-07,1.593969308615124e-07,-2.663487455487633e-07,60.000000560510784,-1.5980924882217145e-05,4.3885695545384115e-06,-0.09454906095034801,-0.09372542897320639,-65.05146954818485
I4,17,N4,6.363230551216319e-05,6.384261574254338e-05,4.0661848300775996e-07,1.5938645085331247e-07,-2.472320321544475e-07,60.00000062796992,-1.4833922084521129e-05,4.245037003958044e-06,-0.40236760584987397,-0.09372463884566605,-65.05246004478745
I4,18,N4,6.384261574254338e-05,6.373033039361026e-05,2.0024808836948502e-07,2.8053563582954764e-07,8.028754746006262e-08,67.15000057419863,5.391308858044204e-06,3.605877931492745e-06,-0.0938657117430389,-0.09409376464860918,-65.0537579528649
I4,19,N4,6.373033039361026e-05,6.362336825718112e-05,2.00264281555547e-07,2.7556729571136475e-07,7.530301415581774e-08,67.1499998763035,5.056597391248442e-06,3.568736829501838e-06,-0.09386703355224267,-0.26718314566009604,-65.05489162192225
I4,20,N4,6.362336825718112e-05,6.351118121506373e-05,2.0027820115400605e-07,2.804700023400983e-07,8.019180118609227e-08,67.14999994352682,5.3848794451174095e-06,3.6056115262057828e-06,-0.09387046915956766,-0.0940892003600741,-65.05586903611433
I4,21,N4,6.351118121506373e-05,6.339903150171831e-05,2.0028975790163036e-07,2.804451874298868e-07,8.015542952825645e-08,67.15000068591057,5.382437147801877e-06,3.605512089986379e-06,-0.09387470714290144,-0.09407212498751809,-65.05668239885266
I4,22,N4,6.339903150171831e-05,6.328705552669761e-05,2.0029898294219694e-07,2.802906503791116e-07,7.999166743691468e-08,67.15000068344658,5.371440523058852e-06,3.6044222499098145e-06,-0.0938789756436576,-0.09870413704830101,-65.05733178231944
I4,23,N4,6.328705552669761e-05,6.317514038308994e-05,2.0030593467170548e-07,2.802398025589295e-07,7.993386788722403e-08,67.15000065894853,5.367559281299398e-06,3.6040930292297623e-06,-0.09387901229357953,-0.09993721490259061,-65.05781745950304
I4,24,N4,6.317514038308994e-05,6.306324844380945e-05,2.0031057508626424e-07,2.8022214875730173e-07,7.99115736710375e-08,67.15000063866685,5.366062223047041e-06,3.6039954288267445e-06,-0.09387734984024415,-0.10020029933908423,-65.05813953114425
I4,1,N5,6.345445153807331e-05,6.346288946255652e-05,2.5121536191867177e-07,2.1219087639923148e-07,-3.9024485519440286e-08,67.15000065042759,-2.620494228013017e-06,3.4755467873842747e-06,-0.09328159827896311,-0.0931483308372196,-68.55977130179905
I4,2,N5,6.346288946255652e-05,6.34713275522399e-05,2.51215445788653e-07,2.1219079524999867e-07,-3.902465053865432e-08,67.15000061033534,-2.620505307488761e-06,3.4755468077898875e-06,-0.0932789046882494,-0.09315210534631782,-68.55977598313991
I4,3,N5,6.34713275522399e-05,6.3479766329367e-05,2.512158371976901e-07,2.1219049471458475e-07,-3.9025342483105364e-08,67.1500005359761,-2.6205517686571763e-06,3.4755474893420618e-06,-0.0932745449166351,-0.09315574934700593,-68.55983489031497
I4,4,N5,6.3479766329367e-05,6.348820626725179e-05,2.512165051027382e-07,2.1218999339432822e-07,-3.9026511708409966e-08,67.15000042626218,-2.620630277855255e-06,3.475548738727998e-06,-0.09326984485872612,-0.09315816649094831,-68.55994802683979
I4,5,N5,6.348820626725179e-05,6.349664781569425e-05,2.5121742992077737e-07,2.121892961417183e-07,-3.902813377905906e-08,67.15000056465448,-2.620739205301226e-06,3.475550445468718e-06,-0.09326533833823376,-0.09315937222414399,-68.56011539934777
I4,6,N5,6.349664781569425e-05,6.35050914136765e-05,2.512186027710263e-07,2.1218840530191328e-07,-3.9030197469113024e-08,67.15000065996688,-2.620877785809577e-06,3.475552560547047e-06,-0.09326171840006316,-0.09315891498436539,-68.56033701756223
I4,7,N5,6.35050914136765e-05,6.35135376943831e-05,2.5122007414768406e-07,2.1218718333909328e-07,-3.903289080859078e-08,67.15000072019615,-2.6210586459082086e-06,3.47555443115083e-06,-0.09325682575091478,-0.0931648940158321,-68.56061289429357
I4,8,N5,6.35135376943831e-05,6.35219870775164e-05,2.512217831106537e-07,2.121857766833573e-07,-3.9036006427296386e-08,67.15000075807643,-2.6212678611852287e-06,3.4755566984550825e-06,-0.09325324609194864,-0.09316870633050207,-68.56094304573114
I4,9,N5,6.35219870775164e-05,6.353043999270499e-05,2.512237006164826e-07,2.1218415059877498e-07,-3.903955001770764e-08,67.15000069790334,-2.6215058109349002e-06,3.475558884114432e-06,-0.09325229506810144,-0.09317231944107136,-68.56132749116664
I4,10,N5,6.353043999270499e-05,6.400866152555718e-05,6.634334593775614e-07,1.3361604527719177e-07,-5.298174141003697e-07,60.000000731472184,-3.178904523356888e-05,5.97787128491065e-06,-0.4471436811471841,-0.0927734478903244,-68.56176625303083
I4,11,N5,6.400866152555718e-05,6.384881829529321e-05,1.823778185950361e-07,3.093937408869254e-07,1.270159222918893e-07,74.05732748216943,9.40645975262023e-06,3.688286696114711e-06,-0.09297138028903153,-0.09394961992412919,-68.563039351236
I4,12,N5,6.384881829529321e-05,6.365736428608852e-05,1.7488949461035904e-07,3.3242093928574214e-07,1.575314446753831e-07,74.05733167297134,1.1666358447247182e-05,3.804828254220759e-06,-0.0930287145269576,-0.09371763019752757,-68.5638877396936
I4,13,N5,6.365736428608852e-05,6.346593968403984e-05,1.748941398108371e-07,3.3239748382928873e-07,1.5750334401845164e-07,74.05733242044244,1.1664277505305777e-05,3.804687177300944e-06,-0.09289416950006363,-0.09400307143878082,-68.56431160490685
I4,14,N5,6.346593968403984e-05,6.32649006940601e-05,1.7285787709117868e-07,3.3961258930909326e-07,1.6675471221791458e-07,74.05733244188485,1.2349409158972938e-05,3.84352849800204e-06,-0.09291242330250836,-0.09383519905832861,-68.56431108072125
I4,15,N5,6.32649006940601e-05,6.307345228154998e-05,1.7489021713765116e-07,3.3241633378291016e-07,1.57526116645259e-07,74.05733217079931,1.1665963945974026e-05,3.80479913190421e-06,-0.09296632940209365,-0.09383317022779626,-68.56388615036394
I4,16,N5,6.307345228154998e-05,6.291384906601021e-05,1.8237895288806662e-07,3.0917008085463695e-07,1.2679112796657034e-07,74.05732761615842,9.389812102642565e-06,3.6866177530702765e-06,-0.09288108494135612,-0.10037494604486064,-68.56303670830957
I4,17,N5,6.291384906601021e-05,6.339540415453167e-05,6.669948475355012e-07,1.3361595509037994e-07,-5.333788924451212e-07,60.00000067324469,-3.200273390580178e-05,6.004581019694109e-06,-0.4237266493043614,-0.09279054952679547,-68.56176318346577
I4,18,N5,6.339540415453167e-05,6.34038558069871e-05,2.5122327289234863e-07,2.1218495778960784e-07,-3.9038315102740795e-08,67.15000071575834,-2.621422887091044e-06,3.4755617301146735e-06,-0.09326839769363165,-0.09312725601604172,-68.56133048834535
I4,19,N5,6.34038558069871e-05,6.341224614306973e-05,2.5115824814445335e-07,2.1218538199300785e-07,-3.89728661514455e-08,67.15000188061315,-2.6170280353624495e-06,3.4750772260309592e-06,-0.0959623777663388,-0.09319335984661144,-68.5609521079525
I4,20,N5,6.341224614306973e-05,6.342068828768767e-05,2.5121831031166626e-07,2.1218950942843598e-07,-3.902880088323028e-08,67.15000191496634,-2.620784054047753e-06,3.4755586480507666e-06,-0.09333227919554986,-0.09302760496504114,-68.56062792639183
I4,21,N5,6.342068828768767e-05,6.342913133416612e-05,2.5121818438681107e-07,2.121885549647119e-07,-3.902962942209918e-08,67.15000095059817,-2.6208396527954544e-06,3.475550545136422e-06,-0.09328228227730269,-0.09314697019501625,-68.56035801423437
I4,22,N5,6.342913133416612e-05,6.343757250603842e-05,2.5121710019253526e-07,2.1218935973780667e-07,-3.9027740454728586e-08,67.15000076561145,-2.6207128014151096e-06,3.4755484494775647e-06,-0.0932838828856987,-0.09315049609330214,-68.56014236072876
I4,23,N5,6.343757250603842e-05,6.344601238107411e-05,2.5121634640934914e-07,2.1218991319044172e-07,-3.902643321890741e-08,67.15000070621812,-2.620625018210807e-06,3.4755469469984315e-06,-0.0932826903925478,-0.09315592199269823,-68.55998095360681
I4,24,N5,6.344601238107411e-05,6.345445153807331e-05,2.512161326044915e-07,2.1219039795901288e-07,-3.9025734645478635e-08,67.15000067512085,-2.6205781077909774e-06,3.475548979226283e-06,-0.0932698545840111,-0.09315241255224133,-68.55987378389634
I4,1,N8,58.5933782245237,53.89994438262164,1.1968384492183617e-07,4.3930541808748655,4.3930540611910205,67.15000064066642,294.9935830234592,32.947907254190326,-9.087677681091804e-08,-1.0869016148641916e-07,-55.832401056852405
I4,2,N8,53.89994438262164,49.39074619351571,1.1968384509554214e-07,4.220609609857684,4.220609490173839,67.15000060329085,283.4139298114284,31.654572971561468,-9.087677681091804e-08,-1.0796188053748746e-07,-55.832401045343104
I4,3,N8,49.39074619351571,45.21840914169129,1.1968384544479124e-07,3.905307585362203,3.9053074656783573,67.15000053083038,262.24139839335754,29.289807787845362,-9.087677681091804e-08,-1.0662034965509678e-07,-55.83240102628063
I4,4,N8,45.21840914169129,41.47803503446815,1.1968384597666202e-07,3.500990269215395,3.500990149531549,67.15000042214204,235.09149001895867,26.25742791674431,-9.087677681091804e-08,-1.0491631836537674e-07,-55.83240099957434
I4,5,N8,41.47803503446815,36.73102802291292,1.1968384495841332e-07,4.443198667670227,4.443198547986382,67.15000055860438,298.3607849792757,33.32399090515554,-9.087677681091804e-08,-1.091827372249082e-07,-55.83240096519355
I4,6,N8,36.73102802291292,30.745542766633683,1.1968384417485276e-07,5.602414304731909,5.602414185048064,67.15000064822435,376.2021161575988,42.018108183118144,-9.087677681091804e-08,-1.149135815751616e-07,-55.832400919660685
I4,7,N8,30.745542766633683,23.257064291626442,1.196838435730349e-07,7.009215957461313,7.00921583777747,67.15000069374085,470.66884836933644,52.569120578588674,-9.087677681091804e-08,-1.2285177230061725e-07,-55.83240085645722
I4,8,N8,23.257064291626442,13.509260143235046,1.1968384299805668e-07,9.123944787748885,9.123944668065041,67.15000070291202,612.6728908738979,68.42958680574546,-9.087677681091804e-08,-1.370047391161213e-07,-55.83240076039747
I4,9,N8,13.509260143235046,8.312181316693617e-07,1.196838423811953e-07,12.644666820902367,12.644666701218526,67.15000062507386,849.0893768906747,94.83500205439657,-9.087677681091804e-08,-1.695162286849984e-07,-55.8324005717431
I4,10,N8,8.312181316693617e-07,8.362537450189316e-08,1.4719842905764145e-07,8.287067756124341e-07,6.815083465547926e-07,60.000000665356275,4.0890501246733407e-05,7.3192890350255665e-06,-9.087677690870667e-08,-9.087677934710025e-08,-52.3212059563733
I4,11,N8,8.362537450189316e-08,4.199378300974426,4.486515363967272,1.5287155876671123e-07,-4.486515211095713,2.1845384699554942e-05,-9.800965074679081e-05,33.64886637629123,-1.1044457046046393e-07,-9.087677699004612e-08,-8.012843386875947
I4,12,N8,4.199378300974426,31.142104098440512,28.784963609571836,1.3206319146547135e-07,-28.784963477508644,3.7736270501994778e-06,-0.00010862371681773064,215.88722806226272,-1.7065462878619288e-05,-9.087677699005268e-08,-8.012842748519123
I4,13,N8,31.142104098440512,58.084829879653114,28.784963592206896,1.3206309675234206e-07,-28.7849634601438,4.5735862027504593e-07,-1.316505117279898e-05,215.88722793202496,-2.0324509720520892e-05,-9.087677699005255e-08,-8.012842687488005
I4,14,N8,58.084829879653114,85.0275561804295,28.784964141583444,1.2705799335389195e-07,-28.78496401452545,1.6434821014127144e-07,-4.730757314768165e-06,215.8872320148108,-2.0613429993059128e-05,-9.087677699005252e-08,-8.01284268312576
I4,15,N8,85.0275561804295,111.97028196164145,28.784963592206203,1.3206310385326e-07,-28.7849634601431,1.3287859879759016e-06,-3.824905611023648e-05,215.8872279320198,-1.9491041571596148e-05,-9.087677699005256e-08,-8.012842728019661
I4,16,N8,111.97028196164145,121.47043348059611,10.149734703289502,1.5287155546754013e-07,-10.149734550417946,2.1094558684748182e-05,-0.00021410417110840756,76.12301142120793,-1.4934144716780424e-07,-9.087677699004633e-08,-8.012842995710079
I4,17,N8,121.47043348059611,121.47043273300338,1.4719842968014865e-07,8.28706757475027e-07,6.815083277948784e-07,60.00000060301088,4.089050007864964e-05,7.319288903663818e-06,-9.087677693950091e-08,-9.087677940189009e-08,-52.225411625362334
I4,18,N8,121.47043273300338,110.87918415268763,1.1968384288320224e-07,9.913408776030076,9.913408656346233,67.15000062790403,665.6853974983188,74.35056671785439,-9.087677681091805e-08,-1.4247054992569135e-07,-55.83240066319882
I4,19,N8,110.87918415268763,95.57374810721919,1.1968384188189027e-07,14.325888243412985,14.325888123729143,67.15000105543986,961.9834026285253,107.4441627232262,-9.087677681091803e-08,-1.9778056588372813e-07,-55.83240091608719
I4,20,N8,95.57374810721919,80.93816592211407,1.1968384193389782e-07,13.698905030112934,13.698904910429093,67.15000112363583,919.881480127894,102.74178862347581,-9.087677681091803e-08,-1.8889833342046588e-07,-55.83240099630596
I4,21,N8,80.93816592211407,73.83710274949739,1.1968384359374065e-07,6.6465952344237476,6.646595114739904,67.15000085194636,446.3188676173271,49.84946515580693,-9.087677681091804e-08,-1.2051489317580362e-07,-55.8324010302122
I4,22,N8,73.83710274949739,68.35573480495444,1.1968384437301414e-07,5.1305605009467525,5.130560381262908,67.15000073053427,344.5171333498545,38.47920465472947,-9.087677681091804e-08,-1.1216107067541728e-07,-55.83240105052408
I4,23,N8,68.35573480495444,63.36088993550727,1.196838446988154e-07,4.675174902657092,4.675174782973247,67.15000068635096,313.9379898854643,35.06381266755703,-9.087677681091804e-08,-1.1000207097159459e-07,-55.83240106170703
I4,24,N8,63.36088993550727,58.5933782245237,1.196838448733677e-07,4.462391066335161,4.462390946651316,67.15000066175539,299.6495550206471,33.467933895142544,-9.087677681091804e-08,-1.0907147989186301e-07,-55.832401065028655
I4,1,N9,32.956975298422265,30.288597293694288,1.196838475819087e-07,2.4976019172799284,2.4976017975960807,67.15000062738211,167.7139622755275,18.73201527722832,-8.575595191874351e-08,-9.433411876020923e-08,-55.83240151885081
I4,2,N9,30.288597293694288,27.691652518862277,1.1968384777199552e-07,2.430740414097303,2.430740294413455,67.15000059279349,163.22421221079054,18.23055400335863,-8.575595191874351e-08,-9.410354191872228e-08,-55.832401514327195
I4,3,N9,27.691652518862277,25.20654928234255,1.1968384810168832e-07,2.3260567342370035,2.3260566145531554,67.15000052204108,156.1947028815415,17.445426404406387,-8.575595191874352e-08,-9.374987645203499e-08,-55.83240149392008
I4,4,N9,25.20654928234255,22.865864377819605,1.1968384857749548e-07,2.190881175488017,2.1908810558041685,67.15000041411064,147.11766380451706,16.431609713788994,-8.575595191874352e-08,-9.329948057994783e-08,-55.83240145742011
I4,5,N9,22.865864377819605,20.111780983227504,1.1968384745733437e-07,2.577822162192747,2.5778220425089,67.15000054931548,173.10075157051017,19.33366711407446,-8.575595191874352e-08,-9.470246375065462e-08,-55.832401404243576
I4,6,N9,20.111780983227504,16.87718368842045,1.1968384653391568e-07,3.0275831727939457,3.0275830531100993,67.1500006338468,203.302203935367,22.70687469358344,-8.57559519187435e-08,-9.640163136428817e-08,-55.83240132865993
I4,7,N9,16.87718368842045,13.056316304701735,1.196838457498464e-07,3.5763319760152545,3.5763318563314086,67.15000066666714,240.150686536877,26.822490717743253,-8.575595191874348e-08,-9.858250960751246e-08,-55.8324012202644
I4,8,N9,13.056316304701735,8.156890684244223,1.196838448140762e-07,4.585862485602767,4.585862365918922,67.15000067215838,307.9406609538815,34.393969539649596,-8.575595191874351e-08,-1.0279352495838421e-07,-55.832401056085224
I4,9,N9,8.156890684244223,8.635405692853798e-07,1.1968384348351583e-07,7.634848977033156,7.634848857349312,67.15000061330974,512.6801054535335,57.26136822537749,-8.57559519187435e-08,-1.1772346471249877e-07,-55.83240075176805
I4,10,N9,8.635405692853798e-07,1.5088392980773594e-07,1.4822244151750569e-07,7.969037026747953e-07,6.486812611572896e-07,60.00000066595291,3.892087610142855e-05,7.0884460814422574e-06,-8.575595198623049e-08,-8.575595410161743e-08,-52.4829759351123
I4,11,N9,1.5088392980773594e-07,2.8702321152270957e-06,3.0718798677367727e-06,1.4595176305219538e-07,-2.9259281046845772e-06,16.670357715203085,-4.877626815405808e-05,2.4133737230917262e-05,-8.705784676016562e-08,-8.57559520070651e-08,-25.823024295892466
I4,12,N9,2.8702321152270957e-06,0.5649847798181327,0.603613310450551,1.3945997351915739e-07,-0.6036131709905774,16.67034464051881,-10.062439589969337,4.5271008743289345,-9.436195112504418e-08,-8.575595200706706e-08,-25.823016718681163
I4,13,N9,0.5649847798181327,23.8761490032876,24.905090141522574,1.3945993922322735e-07,-24.905090002062636,16.670342239670028,-415.17637384416844,186.78817710736885,-4.989930491119486e-07,-8.575595200706701e-08,-25.82301570055386
I4,14,N9,23.8761490032876,52.25970766109848,30.324314959931435,1.354251060247563e-07,-30.324314824506327,16.670342005152897,-505.51669919644854,227.43236321517406,-6.956701476797352e-07,-8.575595200706701e-08,-25.823015667770814
I4,15,N9,52.25970766109848,62.099485614011904,10.51258344221056,1.394599432494412e-07,-10.512583302750617,16.67034285380928,-175.24836793608353,78.84437686252879,-1.5029686375000852e-07,-8.575595200706702e-08,-25.82301585607069
I4,16,N9,62.099485614011904,62.09948833335405,3.0718734374025383e-06,1.4595178259688515e-07,-2.925921654805653e-06,16.670357161011466,-4.877615901074794e-05,2.4133689149995676e-05,-8.703492102608503e-08,-8.575595200706524e-08,-25.823023568535028
I4,17,N9,62.09948833335405,62.09948762069741,1.4822244147443012e-07,7.969037058197378e-07,6.486812643453076e-07,60.00000060663246,3.892087625422957e-05,7.08844610470626e-06,-8.57559519961873e-08,-8.575595411616798e-08,-52.448286310758085
I4,18,N9,62.09948762069741,54.20133916898948,1.19683843579329e-07,7.39266705565316,7.3926669359693165,67.15000060558165,496.41758922720305,55.44500381502752,-8.57559519187435e-08,-1.1655777884341279e-07,-55.832400755785876
I4,19,N9,54.20133916898948,49.24601209291608,1.1968384475054048e-07,4.638186248059234,4.638186128375389,67.1500006933593,311.45420173633687,34.78639775807309,-8.57559519187435e-08,-1.02973837794778e-07,-55.83240107048521
I4,20,N9,49.24601209291608,45.19353769981212,1.1968384545204488e-07,3.7931161367998505,3.793116017116005,67.1500007330922,254.70774333004348,28.448371923627718,-8.57559519187435e-08,-9.947633351565468e-08,-55.83240123801202
I4,21,N9,45.19353769981212,41.68130651960988,1.1968384607959915e-07,3.2874484895238347,3.287448369839989,67.15000072792513,220.75216042777154,24.655864569057606,-8.575595191874348e-08,-9.741362962702223e-08,-55.832401345785534
I4,22,N9,41.68130651960988,38.58905213730108,1.1968384672828795e-07,2.894350206695583,2.8943500870117362,67.15000068310695,194.35561031998876,21.707627447845724,-8.57559519187435e-08,-9.585990459217559e-08,-55.83240141849828
I4,23,N9,38.58905213730108,35.71043547102912,1.1968384712737623e-07,2.6943853044850896,2.6943851848012423,67.15000066121131,180.92796694096137,20.207890681267028,-8.575595191874351e-08,-9.510904746448173e-08,-55.83240146689634
I4,24,N9,35.71043547102912,32.956975298422265,1.196838473903338e-07,2.5772388264145576,2.5772387067307103,67.1500006445841,173.06158081821428,19.329292095738037,-8.575595191874351e-08,-9.468126016972678e-08,-55.83240149571383
