{
  "termination": "optimal",
  "joint_lower_level_objective_eur_per_day": 418503.9492247884,
  "lambda_solver_dual_max_abs_diff": 0.0,
  "lambda_min_eur_per_mwh": 5.268996256267164,
  "lambda_max_eur_per_mwh": 75.00000010670311,
  "settlement_price_basis": "nodal",
  "investors": {
    "I1": {
      "wacc": 0.08,
      "total_power_mw": 228.42005826754894,
      "total_energy_mwh": 757.4822570900182,
      "settled_spot_revenue_eur_per_day": 25883.843851772934,
      "settled_degradation_eur_per_day": 17055.935100214592,
      "capex_daily_eur_per_day": 5037.260984624599,
      "settled_profit_eur_per_day": 3790.647766933743,
      "capacity_proportional_profit_eur_per_day": 3517.0166146383917,
      "dispatch_attribution_band_eur_per_day": 273.63115229535106,
      "last_profit_belief_eur_per_day": 5829.967198683371,
      "belief_minus_settled_eur_per_day": 2039.3194317496282,
      "mpec_lambda_max_abs_diff_vs_joint_eur_per_mwh": 1.5477203792053515,
      "throughput_mwh": 2274.124680028612
    },
    "I2": {
      "wacc": 0.12,
      "total_power_mw": 98.17995345729874,
      "total_energy_mwh": 333.89379439163184,
      "settled_spot_revenue_eur_per_day": 11541.63206742416,
      "settled_degradation_eur_per_day": 7830.5811588858105,
      "capex_daily_eur_per_day": 2783.808095827221,
      "settled_profit_eur_per_day": 927.242812711128,
      "capacity_proportional_profit_eur_per_day": 1200.8739650064845,
      "dispatch_attribution_band_eur_per_day": 273.6311522953565,
      "last_profit_belief_eur_per_day": 3969.01218245104,
      "belief_minus_settled_eur_per_day": 3041.7693697399122,
      "mpec_lambda_max_abs_diff_vs_joint_eur_per_mwh": 1.4934302820988208,
      "throughput_mwh": 1044.0774878514414
    }
  },
  "node_shares": {
    "N1": {
      "I1": 0.004411282901471461,
      "I2": 0.0028807794434207086,
      "total_mw": 0.007292062344892169,
      "limit_mw": 100.0
    },
    "N2": {
      "I1": 0.0047565400567327505,
      "I2": 38.27773160086384,
      "total_mw": 38.28248814092057,
      "limit_mw": 100.0
    },
    "N3": {
      "I1": 0.004385188190193454,
      "I2": 0.002858982263472007,
      "total_mw": 0.0072441704536654605,
      "limit_mw": 100.0
    },
    "N4": {
      "I1": 0.004451557567705963,
      "I2": 0.0028588525345039795,
      "total_mw": 0.007310410102209943,
      "limit_mw": 100.0
    },
    "N5": {
      "I1": 0.004818731255944511,
      "I2": 0.003468627131800207,
      "total_mw": 0.008287358387744718,
      "limit_mw": 100.0
    },
    "N6": {
      "I1": 97.85246117218676,
      "I2": 0.0032952226507734945,
      "total_mw": 97.85575639483754,
      "limit_mw": 100.0
    },
    "N7": {
      "I1": 73.73863848365637,
      "I2": 18.943171273464902,
      "total_mw": 92.68180975712127,
      "limit_mw": 100.0
    },
    "N8": {
      "I1": 56.80153931907604,
      "I2": 40.91659036586904,
      "total_mw": 97.71812968494508,
      "limit_mw": 100.0
    },
    "N9": {
      "I1": 0.004595992657712384,
      "I2": 0.027097753076984026,
      "total_mw": 0.03169374573469641,
      "limit_mw": 100.0
    }
  }
}