unit,hour,node,soc_start_mwh,soc_end_mwh,p_charge_mw,p_discharge_mw,net_injection_mw,lambda_eur_per_mwh,spot_revenue_eur,degradation_cost_eur,rho_charge_dual,sigma_discharge_dual,gamma_soc_transition_dual
I4,1,N1,2.1142715437773937e-05,2.1123112515647767e-05,2.6147199688914038e-08,4.125579216875192e-08,1.5108592479837883e-08,67.15000064839177,1.0145419948174008e-06,5.055224389324947e-07,-0.08183235666706878,-0.08188562594870977,-65.10891292728687
I4,2,N1,2.1123112515647767e-05,2.110350958546775e-05,2.6147196573430637e-08,4.125579697769004e-08,1.5108600404259403e-08,67.15000064327596,1.0145425268650183e-06,5.055224516334051e-07,-0.0818451056500583,-0.08187713325935919,-65.10891993635633
I4,3,N1,2.110350958546775e-05,2.108390628609303e-05,2.614708699326822e-08,4.125604654119162e-08,1.5108959547923402e-08,67.15000063642714,1.0145666432588084e-06,5.055235015084488e-07,-0.08185024064801451,-0.08187215657268947,-65.10892308889413
I4,4,N1,2.108390628609303e-05,2.1064302256461003e-05,2.614687096170374e-08,4.125654079764353e-08,1.510966983593979e-08,67.15000062949971,1.0146143389948899e-06,5.055255881951045e-07,-0.08185266459903952,-0.08186953016379339,-65.10892374442291
I4,5,N1,2.1064302256461003e-05,2.104469713533567e-05,2.6146548426177048e-08,4.12572798632946e-08,1.5110731437117552e-08,67.15000063843291,1.014685625649632e-06,5.055287121710374e-07,-0.08185472994200092,-0.08186699318071367,-65.10892419353881
I4,6,N1,2.104469713533567e-05,2.102509056152663e-05,2.6146119423656383e-08,4.125826372784636e-08,1.5112144304189975e-08,67.15000064950888,1.0147804998418289e-06,5.055328736362706e-07,-0.0818577128631086,-0.081862956901646,-65.10892659808837
I4,7,N1,2.102509056152663e-05,2.100548217358289e-05,2.6145583922400573e-08,4.12594926074182e-08,1.511390868501763e-08,67.15000065917813,1.014898978161692e-06,5.055380739736408e-07,-0.08186249069587001,-0.08185621819319623,-65.10893352252468
I4,8,N1,2.100548217358289e-05,2.098587160928703e-05,2.6144941803319398e-08,4.12609671150489e-08,1.51160253117295e-08,67.15000066316054,1.0150411097069874e-06,5.055443168877622e-07,-0.081868586538657,-0.08184690666642593,-65.10894707193238
I4,9,N1,2.098587160928703e-05,2.096625850334251e-05,2.6144192554170552e-08,4.126268968400843e-08,1.5118497129837875e-08,67.15000065713095,1.0152070922034456e-06,5.055516167863423e-07,-0.0818640573755391,-0.0818476245443753,-65.10895855456684
I4,10,N1,2.096625850334251e-05,2.1005475559155877e-05,6.433303045796626e-08,1.9654746410791423e-08,-4.4678284047174834e-08,60.00053922060531,-2.680721134281858e-06,6.299083265156826e-07,-0.08183444324931216,-0.08186261315045636,-65.10890532024379
I4,11,N1,2.1005475559155877e-05,2.1044689907913432e-05,6.433064175149585e-08,1.9655187478847663e-08,-4.4675454272648193e-08,60.00000059094216,-2.680527282759501e-06,6.298937192275763e-07,-0.08191843930056786,-0.08175204299464588,-65.1089528684289
I4,12,N1,2.1044689907913432e-05,2.1083902206728235e-05,6.432882756290873e-08,1.965551682190036e-08,-4.467331074100837e-08,60.000000588980676,-2.680398670772219e-06,6.298825828860682e-07,-0.08193979308262934,-0.08174206296545837,-65.1089346339889
I4,13,N1,2.1083902206728235e-05,2.1123113473644117e-05,6.43279142500787e-08,1.9655682529571456e-08,-4.467223172050725e-08,60.0000005878653,-2.68033392949169e-06,6.298769758473762e-07,-0.08128494725970742,-0.08174570182762277,-65.10891755975032
I4,14,N1,2.1123113473644117e-05,2.116232472671571e-05,6.432790180240875e-08,1.9655684582469756e-08,-4.4672217219939e-08,60.00000058686784,-2.6803330594130274e-06,6.298768978865888e-07,-0.08048751127092799,-0.08174998745568589,-65.10890819811686
I4,15,N1,2.116232472671571e-05,2.1201536984782228e-05,6.432879088725433e-08,1.9655522830898307e-08,-4.4673268056356025e-08,60.000000585687026,-2.6803961095459152e-06,6.298823528861448e-07,-0.08193046289788121,-0.08175588875176702,-65.10890059156748
I4,16,N1,2.1201536984782228e-05,2.1240751268960243e-05,6.433058346101774e-08,1.9655196857244164e-08,-4.4675386603773574e-08,60.00000058751471,-2.6805232224738613e-06,6.298933523869643e-07,-0.08191114392374454,-0.08176139348794671,-65.1089002614862
I4,17,N1,2.1240751268960243e-05,2.1279968609404432e-05,6.433328726478585e-08,1.9654704983767452e-08,-4.4678582281018405e-08,60.00000060015574,-2.6807149636752117e-06,6.299099418641497e-07,-0.08190691203315134,-0.08177035786163425,-65.10890250282257
I4,18,N1,2.1279968609404432e-05,2.1260355203062723e-05,2.614412446522615e-08,4.126291120332774e-08,1.511878673810159e-08,67.15000065161784,1.015226539315193e-06,5.055527675141541e-07,-0.08185693241474859,-0.08185367809187011,-65.10890442427318
I4,19,N1,2.1260355203062723e-05,2.1240744360130066e-05,2.614487388757834e-08,4.126116841837864e-08,1.51162945308003e-08,67.15000066353495,1.01505918777343e-06,5.055453172946773e-07,-0.08185554760955839,-0.081859801261275,-65.10890760904935
I4,20,N1,2.1240744360130066e-05,2.1221135692715943e-05,2.614551232946905e-08,4.125969146941831e-08,1.511417913994926e-08,67.15000070357743,1.0149171398815883e-06,5.055390284916553e-07,-0.08185533042979168,-0.08186257954785213,-65.10891170001263
I4,21,N1,2.1221135692715943e-05,2.120152883107709e-05,2.614604290322386e-08,4.125846609731079e-08,1.511242319408693e-08,67.15000068918326,1.0147992278981665e-06,5.055338175040099e-07,-0.08185510722399629,-0.08186442737433251,-65.10891517457614
I4,22,N1,2.120152883107709e-05,2.118192341010429e-05,2.6146466368460468e-08,4.1257488630081995e-08,1.5111022261621527e-08,67.15000066291621,1.0147051548852272e-06,5.055296624890685e-07,-0.08185375283031,-0.08186698913973113,-65.10891658421407
I4,23,N1,2.118192341010429e-05,2.116231906643548e-05,2.6146782982644837e-08,4.125675765797121e-08,1.5109974675326375e-08,67.15000065518561,1.014634809348004e-06,5.055265548046204e-07,-0.08185000607610128,-0.08187136760872002,-65.10891381572128
I4,24,N1,2.116231906643548e-05,2.1142715437773937e-05,2.6146992933116823e-08,4.1256272347935985e-08,1.5109279414819162e-08,67.15000065109444,1.0145881225426746e-06,5.05524489607896e-07,-0.08185550968971583,-0.0818657377614483,-65.1089214189719
I4,1,N2,3.782299190384122e-05,3.783018204812314e-05,3.8221702309937906e-08,2.675590545904772e-08,-1.1465796850890186e-08,67.1500006620944,-7.699282661287158e-07,4.873320582673922e-07,-0.006613666598004022,-0.006754464182992552,-68.63834103171082
I4,2,N2,3.783018204812314e-05,3.78373721940345e-05,3.822170330213592e-08,2.6755904803154405e-08,-1.1465798498981518e-08,67.15000065737932,-7.699283767439877e-07,4.873320607896774e-07,-0.006610053756872894,-0.006758679580753758,-68.63831301483334
I4,3,N2,3.78373721940345e-05,3.784456238663333e-05,3.822173169424898e-08,2.6755885977908277e-08,-1.1465845716340705e-08,67.15000065120918,-7.699315473189423e-07,4.873321325411794e-07,-0.006608871189734701,-0.006760057006253464,-68.63831141850969
I4,4,N2,3.784456238663333e-05,3.785175267096813e-05,3.8221787480227247e-08,2.675584898689896e-08,-1.1465938493328286e-08,67.15000064485487,-7.699377772208606e-07,4.873322735034466e-07,-0.0066085520089379495,-0.0067604033195844855,-68.63832422901403
I4,5,N2,3.785175267096813e-05,3.785894309193871e-05,3.822187056462795e-08,2.675579388572413e-08,-1.1466076678903818e-08,67.15000065329312,-7.699470564791004e-07,4.873324833776406e-07,-0.006608553297308835,-0.006760337277526497,-68.63834708912063
I4,6,N2,3.785894309193871e-05,3.786613369457977e-05,3.8221981034265454e-08,2.6755720624164078e-08,-1.1466260410101376e-08,67.15000066344295,-7.699593941455171e-07,4.873327624382215e-07,-0.006608736550166688,-0.0067599919235196435,-68.63837895040666
I4,7,N2,3.786613369457977e-05,3.787332452394729e-05,3.822211890300517e-08,2.675562919445422e-08,-1.146648970855095e-08,67.15000067374235,-7.699747916546561e-07,4.873331107309454e-07,-0.006609391619425442,-0.006758985184549669,-68.63842117799375
I4,8,N2,3.787332452394729e-05,3.788051562512445e-05,3.822228418857998e-08,2.675551958665534e-08,-1.1466764601924641e-08,67.1500006799228,-7.699932508157544e-07,4.873335283142649e-07,-0.006611682457683229,-0.006755899911558089,-68.63847977179776
I4,9,N2,3.788051562512445e-05,3.788770704328789e-05,3.8222476951314816e-08,2.675539176615713e-08,-1.1467085185157687e-08,67.15000067315519,-7.700147779024666e-07,4.873340153810395e-07,-0.006618587025543935,-0.00674725745364193,-68.63857132166856
I4,10,N2,3.788770704328789e-05,3.800675617485877e-05,1.4333079123212375e-07,1.4141545724955873e-08,-1.2918924550716788e-07,60.00053923354123,-7.751424393604417e-06,1.1810425271780971e-06,-0.006747088351167029,-0.006626614854031628,-68.63872313008748
I4,11,N2,3.800675617485877e-05,3.794818059203784e-05,1.812644491736838e-08,7.07072514067141e-08,5.258080648934573e-08,74.31013346384523,3.9072867478599e-06,6.662527224306185e-07,-0.006592731899614068,-0.00677659755020418,-68.63941106429101
I4,12,N2,3.794818059203784e-05,3.788960668707845e-05,1.8126597669988733e-08,7.070581475427384e-08,5.25792170842851e-08,74.31013387179051,3.907168660407161e-06,6.662430931819693e-07,-0.006608627000493595,-0.006759780638962152,-68.64002287105164
I4,13,N2,3.788960668707845e-05,3.7831033628185344e-05,1.8126674690037054e-08,7.07050903131963e-08,5.257841562315925e-08,74.3101339835159,3.9071091095979495e-06,6.662382375242502e-07,-0.006634828897230536,-0.006726534860967612,-68.64055433888922
I4,14,N2,3.7831033628185344e-05,3.7770755718369074e-05,1.7955237711399004e-08,7.215063552602847e-08,5.4195397814629464e-08,74.31013403014606,4.0272672754222006e-06,6.757940492807062e-07,-0.0065997140235252655,-0.00677250762558083,-68.64087986364638
I4,15,N2,3.7770755718369074e-05,3.7712181835533055e-05,1.812659967558708e-08,7.070579580390355e-08,5.257919612831647e-08,74.31013392279756,3.907167105848236e-06,6.662429660961796e-07,-0.006642037502544461,-0.006717418759778734,-68.64060481204355
I4,16,N2,3.7712181835533055e-05,3.7653606281291223e-05,1.812644750212515e-08,7.070722692117404e-08,5.2580779419048896e-08,74.31013362307552,3.907284744634982e-06,6.662525581747439e-07,-0.0066220231655074084,-0.006742867476583463,-68.64013393037092
I4,17,N2,3.7653606281291223e-05,3.7772656852260955e-05,1.4333228634322906e-07,1.4141508308486096e-08,-1.2919077803474296e-07,60.000000611605884,-7.751446761098418e-06,1.1810534598878638e-06,-0.006651981199378623,-0.006715872841972396,-68.63959385560896
I4,18,N2,3.7772656852260955e-05,3.7779848290056734e-05,3.822248889066641e-08,2.6755383850305045e-08,-1.1467105040361361e-08,67.15000067151293,-7.700161111605747e-07,4.873340455572859e-07,-0.006639692908354627,-0.006725224084877663,-68.63921866366059
I4,19,N2,3.7779848290056734e-05,3.77870394137776e-05,3.822229788910262e-08,2.6755510488719638e-08,-1.1466787400382982e-08,67.15000071925577,-7.699947821832703e-07,4.873335628336669e-07,-0.006633229059347942,-0.006732627761323431,-68.63893834668643
I4,20,N2,3.77870394137776e-05,3.7794230268601005e-05,3.82221343652141e-08,2.6755618914120377e-08,-1.146651545109372e-08,67.15000075888112,-7.699765212426653e-07,4.873331495950086e-07,-0.00662620616574444,-0.006740371333107176,-68.63872421036933
I4,21,N2,3.7794230268601005e-05,3.7801420900008246e-05,3.822199851389038e-08,2.6755709012847503e-08,-1.1466289501042876e-08,67.15000072354049,-7.699613482913538e-07,4.87332806450534e-07,-0.006619851802057425,-0.006747408061780087,-68.63856515451181
I4,22,N2,3.7801420900008246e-05,3.780861135307372e-05,3.822189007349534e-08,2.6755780936544928e-08,-1.1466109136950414e-08,67.15000068291616,-7.699492363766115e-07,4.87332532575302e-07,-0.0066152150946282885,-0.006752592506216654,-68.63845397388585
I4,23,N2,3.780861135307372e-05,3.7815801672683386e-05,3.8221808922779505e-08,2.6755834755370388e-08,-1.1465974167409117e-08,67.15000067101585,-7.699401730353726e-07,4.873323275861242e-07,-0.00661437025777669,-0.00675376629058074,-68.63838609324925
I4,24,N2,3.7815801672683386e-05,3.782299190384122e-05,3.822175513742479e-08,2.6755870425140745e-08,-1.1465884712284045e-08,67.15000066569426,-7.699341660626473e-07,4.873321917192416e-07,-0.006614636641691456,-0.006753223765423108,-68.63837198318133
I4,1,N3,35.10774274327578,32.259511026331154,1.246335956892201e-08,2.665944897979269,2.665944885515909,67.15000065706887,179.0182008141027,19.994586828319715,-1.8294120042199754e-08,-2.1882013592430604e-08,-55.83240075966547
I4,2,N3,32.259511026331154,29.465451155968847,1.2463359572723884e-08,2.615240049578218,2.6152400371148583,67.15000065342834,175.61337020113467,19.614300465311832,-1.8294120042201468e-08,-2.1833474836926534e-08,-55.83240075916783
I4,3,N3,29.465451155968847,26.724462072880442,1.2463359576817012e-08,2.5655657926898456,2.565565780226486,67.15000064796153,172.27774380459647,19.24174353864904,-1.8294120042202613e-08,-2.1793668622487315e-08,-55.83240075649629
I4,4,N3,26.724462072880442,24.01267515419408,1.2463359579533703e-08,2.5382325668095325,2.538232554346173,67.15000064196745,170.44231765380817,19.03674434454669,-1.8294120042201514e-08,-2.1782215575946175e-08,-55.83240075159965
I4,5,N3,24.01267515419408,20.99485061187451,1.246335956023574e-08,2.8246837825302156,2.824683770066856,67.15000064980796,189.67751699549137,21.185128462451814,-1.8294120042200627e-08,-2.2032043661301663e-08,-55.83240074434663
I4,6,N3,20.99485061187451,17.51386344803964,1.2463359537479382e-08,3.2582039962685383,3.2582039838051786,67.15000065788233,218.78839965603257,24.436530065489237,-1.8294120042198735e-08,-2.238345251991961e-08,-55.832400734348774
I4,7,N3,17.51386344803964,13.383044406231104,1.2463359514252475e-08,3.866446634051892,3.8664466215885325,67.15000066286483,259.6318932026014,28.99834984886439,-1.8294120042195052e-08,-2.281917562471542e-08,-55.832400720960365
I4,8,N3,13.383044406231104,8.09766080761656,1.2463359486307005e-08,4.94711905922231,4.947119046758951,67.15000066425436,332.19904727600897,37.10339303764252,-1.8294120042188736e-08,-2.339240569972156e-08,-55.83240070310583
I4,9,N3,8.09766080761656,3.0362969150315723e-06,1.2463359447179352e-08,7.579407684874289,7.579407672410929,67.15000065747263,508.957230185647,56.84555773003236,-1.8294120042175484e-08,-2.407378384914154e-08,-55.83240067879349
I4,10,N3,3.0362969150315723e-06,2.991142638996883e-06,2.2670325189055658e-08,6.212578358529981e-08,3.9455458396244155e-08,60.000539222642324,2.36734877905118e-06,6.35970815807666e-07,-1.829412008606161e-08,-1.8294120091858066e-08,-55.83240064389669
I4,11,N3,2.991142638996883e-06,2.3491915744981378,2.5098168768358464,1.2507631310837702e-08,-2.509816864328215,44.759127368536184,-112.33721270216668,18.823626670076084,-2.001488443602901e-08,-1.8294120043937624e-08,-55.83240060899989
I4,12,N3,2.3491915744981378,14.696073999327112,13.19111371601691,1.2507631157590655e-08,-13.191113703509279,44.75912692711179,-590.4227325653354,98.93335296393406,-3.083176488693954e-08,-1.8294120043973686e-08,-55.83240057777471
I4,13,N3,14.696073999327112,30.65210126836641,17.047037694874092,1.2507630955754903e-08,-17.04703768236646,44.759126805650375,-763.0105212857408,127.85278280536292,-8.383870476381206e-08,-1.8294120043937968e-08,-55.83240055980882
I4,14,N3,30.65210126836641,48.26552298885148,18.81775826252446,1.2390603254131453e-08,-18.817758250133856,44.75912675370136,-842.2664267382507,141.133187061863,-1.2848986699689213e-07,-1.8294120025706613e-08,-55.83240055729938
I4,15,N3,48.26552298885148,62.8352339849166,15.565930565628175,1.2507631087499475e-08,-15.565930553120545,44.75912686440209,-696.7174603895951,116.74447933601854,-4.8621667142735295e-08,-1.8294120043968835e-08,-55.83240056979983
I4,16,N3,62.8352339849166,66.4579605921097,3.8704344236708876,1.2507631254259477e-08,-3.8704344111632563,44.75912718955021,-173.23726608806808,29.028258271338892,-2.101772720508449e-08,-1.829412004394754e-08,-55.83240060186033
I4,17,N3,66.4579605921097,66.45796054695582,2.2670388400799204e-08,6.212547555795033e-08,3.9455087157151124e-08,60.00000059972756,2.3673052530913704e-06,6.359689796906215e-07,-1.8294120052655115e-08,-1.8294120125623718e-08,-55.83240064002277
I4,18,N3,66.45796054695582,58.775763436583695,1.246335945176495e-08,7.190536506227415,7.190536493764056,67.150000656621,482.84453027771366,53.92902389018081,-1.8294120042185437e-08,-2.406564884943282e-08,-55.83240067818521
I4,19,N3,58.775763436583695,53.39508333317102,1.2463359483482524e-08,5.036316587713358,5.036316575249999,67.1500006775281,338.1886614402834,37.77237450132538,-1.829412004218983e-08,-2.3789879907220638e-08,-55.83240070452714
I4,20,N3,53.39508333317102,48.39548686748296,1.2463359488667377e-08,4.679622302803124,4.679622290339765,67.15000071246685,314.236640130391,35.097167364498624,-1.8294120042193007e-08,-2.4379823964268425e-08,-55.83240072346306
I4,21,N3,48.39548686748296,44.44521712797725,1.2463359517640637e-08,3.69745248709644,3.69745247463308,67.15000068963748,248.28393622151313,27.730893746698495,-1.829412004218975e-08,-2.308564688987299e-08,-55.8324007365601
I4,22,N3,44.44521712797725,41.13886789038464,1.2463359543900397e-08,3.0947428973057844,3.0947428848424248,67.15000066658911,207.81198678009073,23.21057182326858,-1.829412004218244e-08,-2.2311306121007344e-08,-55.832400745855914
I4,23,N3,41.13886789038464,38.05440173921571,1.2463359555383384e-08,2.8870603284132144,2.8870603159498547,67.15000066181155,193.86610212672258,21.652952556574306,-1.829412004226475e-08,-2.2092927595382802e-08,-55.832400752310704
I4,24,N3,38.05440173921571,35.10774274327578,1.246335956279359e-08,2.758072831118877,2.7580728186555175,67.15000065927426,185.2045915910444,20.685546326866778,-1.8294120042183674e-08,-2.19763994095746e-08,-55.832400756287264
I4,1,N4,3.1460142313799044e-05,3.144035031268508e-05,2.626195516773847e-08,4.1533306917299244e-08,1.5271351749560774e-08,67.15000065708134,1.0254712800175261e-06,5.084644656377829e-07,-0.00795977001212834,-0.008049782975000773,-65.09025533862983
I4,2,N4,3.144035031268508e-05,3.1420558305406105e-05,2.6261953355229298e-08,4.153331109982613e-08,1.5271357744596832e-08,67.15000065266358,1.0254716825167362e-06,5.084644834129156e-07,-0.00795581288899096,-0.00805426823598666,-65.090243795707
I4,3,N4,3.1420558305406105e-05,3.140076613677696e-05,2.6261905888490975e-08,4.1533420538164084e-08,1.527151464967311e-08,67.15000064662344,1.0254822186004687e-06,5.084649481999129e-07,-0.00795474574314129,-0.008055446907362042,-65.09023864129838
I4,4,N4,3.140076613677696e-05,3.138097365159816e-05,2.626181276359964e-08,4.153363524229386e-08,1.527182247869422e-08,67.15000064031041,1.0255028892230237e-06,5.084658600442013e-07,-0.007954373402147235,-0.008055834279305297,-65.09023363826674
I4,5,N4,3.138097365159816e-05,3.136118069449792e-05,2.626167392625326e-08,4.1533955325923775e-08,1.5272281399670514e-08,67.15000064862922,1.025533705893923e-06,5.084672193913277e-07,-0.007954236646527309,-0.008055962050320834,-65.09022721129242
I4,6,N4,3.136118069449792e-05,3.134138711024994e-05,2.6261489425562644e-08,4.153438069588192e-08,1.5272891270319275e-08,67.15000065819845,1.0255746588545327e-06,5.084690259108343e-07,-0.007954266935448803,-0.008055905350831668,-65.09021918803752
I4,7,N4,3.134138711024994e-05,3.132159274365132e-05,2.6261259271840774e-08,4.153491133933076e-08,1.5273652067489984e-08,67.15000066610148,1.0256257465057547e-06,5.084712795837865e-07,-0.007954745565308516,-0.008055342085912883,-65.090210497535
I4,8,N4,3.132159274365132e-05,3.1301797439508745e-05,2.626098347163623e-08,4.153554725301231e-08,1.5274563781376078e-08,67.15000066886826,1.0256869681360745e-06,5.084739804348641e-07,-0.00795693246044037,-0.008052806017518897,-65.0902055211961
I4,9,N4,3.1301797439508745e-05,3.1282001042683046e-05,2.6260662046568605e-08,4.153628840520092e-08,1.5275626358632318e-08,67.15000066194916,1.0257583200938483e-06,5.084771283882716e-07,-0.007967247608293027,-0.008040902971718479,-65.09022369768722
I4,10,N4,3.1282001042683046e-05,3.132158968722908e-05,6.483330118366782e-08,1.9745224538721025e-08,-4.508807664494679e-08,60.00053922492977,-2.7053089113117695e-06,6.343389429179164e-07,-0.00782476193320445,-0.00817500827162143,-65.09035392868896
I4,11,N4,3.132158968722908e-05,3.1361177372827194e-05,6.483245856781591e-08,1.9745383901597707e-08,-4.50870746662182e-08,60.000000592414054,-2.705224506683309e-06,6.343338185206021e-07,-0.007961968314848146,-0.008043954334991648,-65.09019330303066
I4,12,N4,3.1361177372827194e-05,3.140076417167113e-05,6.483167290158275e-08,1.974552558445491e-08,-4.508614731712784e-08,60.000000590107454,-2.705168865633342e-06,6.343289886452824e-07,-0.007951769998650127,-0.008055714924258455,-65.0901515876106
I4,13,N4,3.140076417167113e-05,3.144035052274286e-05,6.483127617554082e-08,1.974559712914724e-08,-4.508567904639358e-08,60.00000058887309,-2.705140769333358e-06,6.343265497851604e-07,-0.007949605555311894,-0.008058219545023266,-65.09013946382686
I4,14,N4,3.144035052274286e-05,3.147993686504643e-05,6.483126840717678e-08,1.9745598530308956e-08,-4.508566987686783e-08,60.00000058781774,-2.7051402191142262e-06,6.343265020311431e-07,-0.007949157866756727,-0.008058748217821817,-65.09013736127083
I4,15,N4,3.147993686504643e-05,3.151952363759997e-05,6.483164960917138e-08,1.9745529785886094e-08,-4.5086119823285286e-08,60.00000058660585,-2.705167215844899e-06,6.343288454629311e-07,-0.007948990184757383,-0.00805893482105998,-65.09014083259896
I4,16,N4,3.151952363759997e-05,3.1559111279369915e-05,6.483241973716632e-08,1.9745390905386702e-08,-4.508702883177962e-08,60.00000058868531,-2.7052217564488488e-06,6.343335798191477e-07,-0.007948983905568785,-0.008058948652392761,-65.09014886643534
I4,17,N4,3.1559111279369915e-05,3.1598700229313895e-05,6.483357878808508e-08,1.9745181894356126e-08,-4.5088396893728954e-08,60.00000060364669,-2.7053038408411987e-06,6.343407051183091e-07,-0.007948854109336202,-0.008059075746943471,-65.09016129901859
I4,18,N4,3.1598700229313895e-05,3.157890377665879e-05,2.626064562520246e-08,4.153632627484026e-08,1.5275680649637803e-08,67.15000065800494,1.0257619656746518e-06,5.084772892503203e-07,-0.007953865211968187,-0.008056274300681078,-65.09017839547727
I4,19,N4,3.157890377665879e-05,3.155910840426366e-05,2.626096339502595e-08,4.153559354836733e-08,1.5274630153341383e-08,67.1500006704583,1.0256914250378765e-06,5.084741770754496e-07,-0.007953625082695079,-0.008056502692860389,-65.09019294773196
I4,20,N4,3.155910840426366e-05,3.153931395675471e-05,2.626123546403067e-08,4.1534966213476685e-08,1.5273730749446015e-08,67.15000071112254,1.025631030686794e-06,5.084715125813051e-07,-0.007953416203775108,-0.008056699303117913,-65.0902053417332
I4,21,N4,3.153931395675471e-05,3.151952027913494e-05,2.6261461949937727e-08,4.1534444020600585e-08,1.5272982070662858e-08,67.15000069707804,1.0255807566914714e-06,5.084692947790374e-07,-0.007953228608281314,-0.008056869328412219,-65.09021581036694
I4,22,N4,3.151952027913494e-05,3.149972721629752e-05,2.626164281386205e-08,4.153402703847934e-08,1.527238422461729e-08,67.1500006711911,1.0255406109337394e-06,5.084675238925605e-07,-0.007953128287363484,-0.008056931772121575,-65.09022485104363
I4,23,N4,3.149972721629752e-05,3.147993461292964e-05,2.626177798652042e-08,4.153371539921485e-08,1.5271937412694432e-08,67.15000066387518,1.0255106074010913e-06,5.084662003930146e-07,-0.007954315753386777,-0.008055643723050244,-65.09023406706632
I4,24,N4,3.147993461292964e-05,3.1460142313799044e-05,2.626186749192811e-08,4.153350904844489e-08,1.527164155651678e-08,67.15000066000584,1.0254907405994745e-06,5.084653240527976e-07,-0.007956490567562598,-0.00805288844973503,-65.09025029541044
I4,1,N5,2.5867310050750104e-05,2.5857945427499448e-05,2.984055521423483e-08,3.490847842358334e-08,5.067923209348509e-09,67.15000066229663,3.403110468642209e-07,4.856177522836363e-07,-0.02301906663832399,-0.02310037935193786,-66.43141492717355
I4,2,N5,2.5857945427499448e-05,2.58485808003611e-05,2.984055365144572e-08,3.490848069331038e-08,5.067927041864659e-09,67.15000065748762,3.4031130419331116e-07,4.856177575856708e-07,-0.02302081286014947,-0.02309845509405133,-66.43141632809166
I4,3,N5,2.58485808003611e-05,2.583921607259197e-05,2.9840513166283634e-08,3.4908539414835e-08,5.068026248551367e-09,67.15000065124526,3.403179658907524e-07,4.856178943583898e-07,-0.023023112822844662,-0.02309587643800372,-66.43141263592011
I4,4,N5,2.583921607259197e-05,2.5829851147437696e-05,2.984043375419395e-08,3.4908654594713486e-08,5.068220840519535e-09,67.15000064485082,3.4033103270913314e-07,4.856181626168058e-07,-0.023023810896477124,-0.023095119528802353,-66.43140248714381
I4,5,N5,2.5829851147437696e-05,2.582048592799055e-05,2.984031534900692e-08,3.4908826318531083e-08,5.068510969524162e-09,67.15000065337324,3.403505149151769e-07,4.856185625065351e-07,-0.023023358352256086,-0.023095670159324892,-66.43138701516679
I4,6,N5,2.582048592799055e-05,2.581112031747382e-05,2.9840158008894976e-08,3.490905451462388e-08,5.068896505728906e-09,67.15000066372936,3.4037640372407146e-07,4.856190939263914e-07,-0.023022494070275245,-0.023096685999540557,-66.43136768487832
I4,7,N5,2.581112031747382e-05,2.5801754219125684e-05,2.9839961741749345e-08,3.4909339175954026e-08,5.069377434204681e-09,67.15000067438241,3.404086981255433e-07,4.856197568827752e-07,-0.02302178591400397,-0.023097517396637554,-66.43134609576467
I4,8,N5,2.5801754219125684e-05,2.579238753620251e-05,2.983972655722972e-08,3.49096802939755e-08,5.069953736745777e-09,67.15000068126481,3.4044739687646e-07,4.856205513840392e-07,-0.02302052070208464,-0.023098991324591613,-66.43132363769496
I4,9,N5,2.579238753620251e-05,2.5783020172057354e-05,2.983945249957761e-08,3.491007781693559e-08,5.070625317357982e-09,67.15000067391426,3.4049249347775527e-07,4.856214773738489e-07,-0.023013673880259933,-0.023106830165624283,-66.4313016513957
I4,10,N5,2.5783020172057354e-05,2.5841043238647247e-05,8.186374039547716e-08,1.7410905177375908e-08,-6.445283521810125e-08,60.0005392344701,-3.86720486827652e-06,7.44559841796398e-07,-0.022830749544693475,-0.023322906883761128,-66.43129639165494
I4,11,N5,2.5841043238647247e-05,2.5846723390694225e-05,3.7807835706965713e-08,2.7806671315556202e-08,-1.0001164391409512e-08,64.94455870182692,-6.495212079045161e-07,4.921088026689144e-07,-0.023108558211958376,-0.023012605440064123,-66.43111123939181
I4,12,N5,2.5846723390694225e-05,2.5852403424060087e-05,3.780776581357285e-08,2.7806721167762243e-08,-1.0001044645810605e-08,64.9445588409446,-6.495134324707607e-07,4.921086523600131e-07,-0.023063828566278175,-0.023063784273235896,-66.4309843370819
I4,13,N5,2.5852403424060087e-05,2.585808339673551e-05,3.780773006814152e-08,2.7806746657581423e-08,-1.0000983410560098e-08,64.94455887846804,-6.495094559497024e-07,4.921085754429221e-07,-0.023049741943144797,-0.023079895918124472,-66.43091317422909
I4,14,N5,2.585808339673551e-05,2.586348740202586e-05,3.76361579075499e-08,2.7914738446404695e-08,-9.721419461145204e-09,64.94455889376952,-6.313532987253819e-07,4.916317226546594e-07,-0.023228023812303544,-0.022890635498955682,-66.43093555026753
I4,15,N5,2.586348740202586e-05,2.586916742508837e-05,3.78077597441435e-08,2.7806725494297657e-08,-1.0001034249845843e-08,64.94455885588442,-6.495127574588293e-07,4.921086392883086e-07,-0.023057805311962276,-0.023070651539109407,-66.43094044687169
I4,16,N5,2.586916742508837e-05,2.5874847558987166e-05,3.780782501527938e-08,2.7806678935310362e-08,-1.0001146079969017e-08,64.94455875393315,-6.49520019197216e-07,4.921087796294231e-07,-0.023077642897924838,-0.023047882515152107,-66.43104116406852
I4,17,N5,2.5874847558987166e-05,2.593287108329884e-05,8.186418502882992e-08,1.7410866291289647e-08,-6.445331873754027e-08,60.00000061185629,-3.867199163688585e-06,7.445628849008968e-07,-0.023008095046046704,-0.023154795341528762,-66.43115281007525
I4,18,N5,2.593287108329884e-05,2.5923503685242758e-05,2.9839438857588064e-08,3.491009760587108e-08,5.070658748283017e-09,67.15000067372544,3.404947383634364e-07,4.856215234759436e-07,-0.022989716197745286,-0.0231342765492079,-66.43124865555684
I4,19,N5,2.5923503685242758e-05,2.5914136960226627e-05,2.983970961217132e-08,3.4909704847483236e-08,5.069995235311914e-09,67.15000072997337,3.404501837521565e-07,4.856206084474092e-07,-0.02301235416736224,-0.023108464323737785,-66.4313035859867
I4,20,N5,2.5914136960226627e-05,2.590477081167873e-05,2.983994152636208e-08,3.4909368452310025e-08,5.069426925947944e-09,67.15000076651255,3.4041202196318376e-07,4.856198248400409e-07,-0.023019451617246493,-0.0231003996105914,-66.43133631373415
I4,21,N5,2.590477081167873e-05,2.589540514329075e-05,2.9840134712954267e-08,3.49090882726323e-08,5.068953559678031e-09,67.15000072466381,3.40380235205667e-07,4.856191723918992e-07,-0.023021537120573872,-0.023098050587038177,-66.43135926818681
I4,22,N5,2.589540514329075e-05,2.5886039858271546e-05,2.984028895973362e-08,3.49088645744425e-08,5.06857561470888e-09,67.1500006835999,3.403548559925791e-07,4.856186515063209e-07,-0.023022315180845535,-0.02309720755147128,-66.43137637991795
I4,23,N5,2.5886039858271546e-05,2.587667485969243e-05,2.984040420535844e-08,3.490869743275108e-08,5.0682932273926454e-09,67.1500006715307,3.4033589362293065e-07,4.856182622858214e-07,-0.02302485470280157,-0.023094257795315,-66.43139029031217
I4,24,N5,2.587667485969243e-05,2.5867310050750104e-05,2.9840480503480906e-08,3.490858677719462e-08,5.0681062737137174e-09,67.15000066603271,3.403233396554007e-07,4.856180046050665e-07,-0.023024780231309674,-0.023094572275331546,-66.43140016934395
I4,1,N6,3.073781078941073e-05,3.06942903016153e-05,2.1294692174877192e-08,5.93913712121593e-08,3.809667903728211e-08,67.15000065789857,2.5581920224172446e-06,6.051454754027736e-07,-0.009110243434296113,-0.009194204474020692,-62.73180573009924
I4,2,N6,3.06942903016153e-05,3.0650769792414484e-05,2.129468908836456e-08,5.939138854352923e-08,3.809669945516466e-08,67.15000065378355,2.5581933933213025e-06,6.051455822392035e-07,-0.009106995613609274,-0.009197909118573776,-62.73179338789389
I4,3,N6,3.0650769792414484e-05,3.060724871466911e-05,2.1294607083175833e-08,5.939184885680597e-08,3.809724177363014e-08,67.15000064797978,2.558229809785506e-06,6.051484195498636e-07,-0.009106058641470351,-0.009198967433735558,-62.73178757948826
I4,4,N6,3.060724871466911e-05,3.056372652119351e-05,2.1294446155853085e-08,5.939275219252629e-08,3.8098306036673204e-08,67.1500006418031,2.5583012748142167e-06,6.051539876128453e-07,-0.009105734174297716,-0.009199323704315367,-62.73178213841338
I4,5,N6,3.056372652119351e-05,3.052020266449804e-05,2.1294206265264032e-08,5.939409879913316e-08,3.8099892533869126e-08,67.1500006499176,2.5584078084111027e-06,6.05162287982979e-07,-0.009105611529639693,-0.009199452578074344,-62.731775352767436
I4,6,N6,3.052020266449804e-05,3.04766765972357e-05,2.1293887446341814e-08,5.939588857373845e-08,3.810200112739664e-08,67.15000065889743,2.5585494008099945e-06,6.05173320150602e-07,-0.009105628941439303,-0.009199423934797226,-62.7317669072742
I4,7,N6,3.04766765972357e-05,3.043314777199574e-05,2.1293489704588013e-08,5.939812158083479e-08,3.810463187624678e-08,67.15000066575202,2.5587260558582065e-06,6.051870846406709e-07,-0.009106038086542412,-0.009198948914418241,-62.73175756684986
I4,8,N6,3.043314777199574e-05,3.03896156412479e-05,2.1293013040416033e-08,5.940079793262982e-08,3.810778489221379e-08,67.15000066781415,2.558937780961074e-06,6.052035822978439e-07,-0.009108032468784201,-0.00919664813042105,-62.73175146640229
I4,9,N6,3.03896156412479e-05,3.034607965739917e-05,2.1292457467322093e-08,5.9403917699701106e-08,3.811146023237901e-08,67.1500006601194,2.5591845797623653e-06,6.05222813752674e-07,-0.009117295535335525,-0.009185977954552406,-62.73176749361199
I4,10,N6,3.034607965739917e-05,3.0362834176075215e-05,4.6363818702174464e-08,2.4936926628925034e-08,-2.142689207324943e-08,60.00053922326451,-1.2856250782736579e-06,5.347555899832462e-07,-0.00898534251200925,-0.009313226647512248,-62.73189341332634
I4,11,N6,3.0362834176075215e-05,3.0473046289104187e-05,1.3524525782040943e-07,1.5329291600311763e-08,-1.1991596622009766e-07,54.648243579761626,-6.553196931098364e-06,1.129309120655409e-06,-0.009134693105255177,-0.009169265167632234,-62.731702503566375
I4,12,N6,3.0473046289104187e-05,3.058324993031001e-05,1.3523655166634665e-07,1.532959380002581e-08,-1.1990695786632083e-07,54.64824342171362,-6.55270462143586e-06,1.1292460909977936e-06,-0.009122205590666855,-0.009183692041694443,-62.73164915166231
I4,13,N6,3.058324993031001e-05,3.06934492882982e-05,1.3523214999446693e-07,1.5329746604612625e-08,-1.1990240338985432e-07,54.64824337793965,-6.552455722048655e-06,1.1292142244930967e-06,-0.009117570288753554,-0.009189080011242677,-62.7316278359716
I4,14,N6,3.06934492882982e-05,3.08053334128732e-05,1.3697252550703987e-07,1.527754110441645e-08,-1.2169498440262343e-07,54.648243358890944,-6.650417123191003e-06,1.1418754995859223e-06,-0.009147800881037624,-0.00915880238901786,-62.73160548131094
I4,15,N6,3.08053334128732e-05,3.091553682848343e-05,1.3523631983589367e-07,1.5329601851767753e-08,-1.1990671798412591e-07,54.648243396838765,-6.552691509312617e-06,1.1292444126574607e-06,-0.009117366399027563,-0.009189311047494722,-62.73163313430127
I4,16,N6,3.091553682848343e-05,3.102574858697933e-05,1.3524489348841765e-07,1.5329304253461724e-08,-1.1991558923495592e-07,54.64824351389731,-6.553176321624354e-06,1.1293064830640952e-06,-0.009121577703377858,-0.00918444003881848,-62.731656708916866
I4,17,N6,3.102574858697933e-05,3.104250325362891e-05,4.6363931842700425e-08,2.4936887247656562e-08,-2.1427044595043863e-08,60.000000601254406,-1.2856226885857368e-06,5.347561431776774e-07,-0.009101265737915896,-0.009204411743495261,-62.731698586430525
I4,18,N6,3.104250325362891e-05,3.099896706605387e-05,2.129242809470788e-08,5.940408265430669e-08,3.811165455959881e-08,67.15000065733452,2.559197628729166e-06,6.052238306176093e-07,-0.009104388506648712,-0.009200820865588856,-62.731724363588924
I4,19,N6,3.099896706605387e-05,3.095543468860261e-05,2.1292977466718274e-08,5.940099768106339e-08,3.810802021434512e-08,67.15000067398438,2.558953583077485e-06,6.052048136083625e-07,-0.0091049339801085,-0.009200168376858645,-62.7317428061113
I4,20,N6,3.095543468860261e-05,3.091190557340426e-05,2.129344788421838e-08,5.939835634322562e-08,3.810490845900724e-08,67.15000071312349,2.5587446301958413e-06,6.0518853170583e-07,-0.009105057523246385,-0.009200005439324184,-62.73175749234459
I4,21,N6,3.091190557340426e-05,3.086837917325432e-05,2.129383943152344e-08,5.9396158090943044e-08,3.8102318659419604e-08,67.15000069587134,2.5585707244943382e-06,6.051749814184987e-07,-0.009105102442362146,-0.009199933430703723,-62.73176945299155
I4,22,N6,3.086837917325432e-05,3.0824854940829084e-05,2.1294152069973747e-08,5.939440300191883e-08,3.8100250931945086e-08,67.15000067059425,2.558431875629922e-06,6.051641630391943e-07,-0.009105220620162089,-0.00919977612531421,-62.73177932758044
I4,23,N6,3.0824854940829084e-05,3.0781332328643644e-05,2.1294385758032276e-08,5.93930911906343e-08,3.8098705432602025e-08,67.15000066400063,2.5583280950967905e-06,6.051560771149993e-07,-0.009106553121388881,-0.009198341073272423,-62.731788481264616
I4,24,N6,3.0781332328643644e-05,3.073781078941073e-05,2.129454051604289e-08,5.939222248995598e-08,3.809768197391309e-08,67.15000066057007,2.558259369714453e-06,6.051507225449915e-07,-0.009108567628748909,-0.009195843293233665,-62.731804514141324
I4,1,N7,3.808100408485148e-05,3.80881941598255e-05,3.8221440827789785e-08,2.6755741247782298e-08,-1.1465699580007486e-08,67.1500006620944,-7.699217343888782e-07,4.873288655667906e-07,-0.0066894021772657825,-0.006830822216616726,-68.63818656487322
I4,2,N7,3.80881941598255e-05,3.809538423645826e-05,3.822144183780598e-08,2.6755740580072096e-08,-1.1465701257733884e-08,67.15000065737932,-7.699218469941452e-07,4.873288681340856e-07,-0.006685411603106899,-0.006835456002174261,-68.63815371521224
I4,3,N7,3.809538423645826e-05,3.810257436063741e-05,3.822147075221288e-08,2.6755721408445202e-08,-1.146574934376768e-08,67.15000065120918,-7.69925075900601e-07,4.873289412049356e-07,-0.0066841744100940605,-0.006836895121707961,-68.63815455043327
I4,4,N7,3.810257436063741e-05,3.8109764578241116e-05,3.822152756497206e-08,2.675568373648647e-08,-1.1465843828485594e-08,67.15000064485486,-7.699314204766127e-07,4.873290847609391e-07,-0.0066841715563528865,-0.006836888837467315,-68.63817680606749
I4,5,N7,3.8109764578241116e-05,3.811695493499886e-05,3.822161218066349e-08,2.67556276197839e-08,-1.1465984560879591e-08,67.15000065329312,-7.699408707537134e-07,4.873292985033554e-07,-0.006684871274970343,-0.006836042082332435,-68.6382157776753
I4,6,N7,3.811695493499886e-05,3.812414547677505e-05,3.822172468613341e-08,2.6755553008104485e-08,-1.1466171678028923e-08,67.15000066344295,-7.69953435786793e-07,4.873295827067842e-07,-0.006686172212269208,-0.0068344494592432505,-68.63827033122355
I4,7,N7,3.812414547677505e-05,3.8131336249455456e-05,3.8221865095290243e-08,2.6755459893665358e-08,-1.1466405201624886e-08,67.15000067374235,-7.699691170145139e-07,4.873299374171671e-07,-0.006688455776693434,-0.006831639292431051,-68.63834234205792
I4,8,N7,3.8131336249455456e-05,3.813852729895312e-05,3.822203342592083e-08,2.675534826650467e-08,-1.1466685159416162e-08,67.1500006799228,-7.69987916251256e-07,4.873303626931912e-07,-0.0066930266049464015,-0.006826074278007805,-68.6384392140382
I4,9,N7,3.813852729895312e-05,3.814571867127461e-05,3.822222973841436e-08,2.6755218091984996e-08,-1.1467011646429363e-08,67.15000067315519,-7.700098397768102e-07,4.873308587279952e-07,-0.0067029137848349275,-0.006814308592837306,-68.63857971828378
I4,10,N7,3.814571867127461e-05,3.8264765535436805e-05,1.4332828211085762e-07,1.4141469788387954e-08,-1.2918681232246966e-07,60.00053923354123,-7.751278401210469e-06,1.1810231392443419e-06,-0.006826060988761333,-0.006695739657024351,-68.63879236973595
I4,11,N7,3.8264765535436805e-05,3.820619083649943e-05,1.8126366737724213e-08,7.07063555988372e-08,5.2579988861112985e-08,74.31013346384523,3.907225989796802e-06,6.662454175242106e-07,-0.006669234211478824,-0.006852887528235575,-68.63943714719652
I4,12,N7,3.820619083649943e-05,3.8147617846368914e-05,1.812652230991637e-08,7.070489245178754e-08,5.2578370141871165e-08,74.31013387179051,3.907105724003e-06,6.662356107127794e-07,-0.006678426249832943,-0.006843586265797867,-68.64006146364152
I4,13,N7,3.8147617846368914e-05,3.808904571792013e-05,1.812660075279951e-08,7.070415464118108e-08,5.257755388838158e-08,74.3101339835159,3.907045073971163e-06,6.662306654548544e-07,-0.006703205542193607,-0.006812327111632063,-68.6406261549152
I4,14,N7,3.808904571792013e-05,3.8028768776029696e-05,1.795516470133908e-08,7.214966558363456e-08,5.419450088229549e-08,74.31013403014606,4.0272006242602465e-06,6.757862271373023e-07,-0.006672459984032578,-0.006853291749243489,-68.64096676551014
I4,15,N7,3.8028768776029696e-05,3.7970195808443364e-05,1.812652435385449e-08,7.070487314112225e-08,5.257834878726776e-08,74.31013392279756,3.907104139821428e-06,6.662354812123256e-07,-0.00671247898023086,-0.006800805907415798,-68.64071216662175
I4,16,N7,3.7970195808443364e-05,3.791162113863869e-05,1.812636937291864e-08,7.070633063930782e-08,5.257996126638918e-08,74.31013362307552,3.907223947601515e-06,6.662452500916985e-07,-0.006694009287653485,-0.0068241984665343225,-68.64023120256859
I4,17,N7,3.791162113863869e-05,3.803066944395195e-05,1.4332977903420874e-07,1.4141432319546406e-08,-1.2918834671466233e-07,60.000000611605884,-7.751300881892093e-06,1.1810340851531635e-06,-0.0067242273926124765,-0.006796466411925401,-68.63967960232391
I4,18,N7,3.803066944395195e-05,3.803786083626664e-05,3.8222241897200436e-08,2.6755210030616374e-08,-1.1467031866584062e-08,67.15000067151293,-7.700111975413798e-07,4.873308894586261e-07,-0.006715983320092552,-0.006801162230470424,-68.63928593613598
I4,19,N7,3.803786083626664e-05,3.8045051908727444e-05,3.822204738149534e-08,2.6755338999430227e-08,-1.1466708382065115e-08,67.15000071925577,-7.699894761031687e-07,4.873303978569418e-07,-0.006713175513304286,-0.006804491184096299,-68.63898154355718
I4,20,N7,3.8045051908727444e-05,3.8052242707341754e-05,3.822188084817181e-08,2.6755449420568006e-08,-1.1466431427603801e-08,67.15000075888112,-7.699708790652536e-07,4.873299770155486e-07,-0.006707901200409741,-0.006810232097721444,-68.63873420872673
I4,21,N7,3.8052242707341754e-05,3.8059433278420726e-05,3.8221742492053106e-08,2.6755541180398166e-08,-1.146620131165494e-08,67.15000072354049,-7.699554263738901e-07,4.873296275433845e-07,-0.006701485735280052,-0.006817272992490903,-68.63853625335824
I4,22,N7,3.8059433278420726e-05,3.8066623667868554e-05,3.8221632051452446e-08,2.675561443058563e-08,-1.1466017620866816e-08,67.15000068291616,-7.699430910715354e-07,4.873293486152856e-07,-0.006695727495763907,-0.006823659657341329,-68.63838673094733
I4,23,N7,3.8066623667868554e-05,3.807381392140091e-05,3.8221549405078944e-08,2.6755669241305544e-08,-1.14658801637734e-08,67.15000067101585,-7.699338606911711e-07,4.873291398478836e-07,-0.006693273815980489,-0.006826595900774848,-68.63828602300295
I4,24,N7,3.807381392140091e-05,3.808100408485148e-05,3.822149462858187e-08,2.675570556838864e-08,-1.1465789060193226e-08,67.15000066569426,-7.699277430246852e-07,4.873290014772789e-07,-0.006692152593382129,-0.006827603049506104,-68.63824611376488
I4,1,N8,35.45471134001393,32.504461270721045,1.246335953664683e-08,2.761434075777242,2.7614340633138825,67.1500006603578,185.43029917506175,20.710755661804512,-3.375459833097642e-08,-4.644423518735602e-08,-55.83240068659068
I4,2,N8,32.504461270721045,29.615813262266734,1.2463359540841642e-08,2.7037745468323338,2.703774534368974,67.15000065600337,181.55846175656183,20.2783091947177,-3.3754598330976415e-08,-4.6234560163980135e-08,-55.83240068508321
I4,3,N8,29.615813262266734,26.78016998726552,1.2463359544974808e-08,2.6541621163202374,2.6541621038568777,67.15000065007655,178.22698699939787,19.906215965876978,-3.3754598330976434e-08,-4.612786875357327e-08,-55.832400680873675
I4,4,N8,26.78016998726552,23.970817480083273,1.2463359547467583e-08,2.629553957641683,2.629553945178323,67.15000064384797,176.5745491117574,19.72165477578782,-3.375459833097646e-08,-4.622761413144892e-08,-55.83240067379222
I4,5,N8,23.970817480083273,20.833587659451,1.246335952718196e-08,2.9364471230309066,2.936447110567547,67.15000065205211,197.18242538932734,22.023353516206996,-3.3754598330976415e-08,-4.784382376071625e-08,-55.83240066347833
I4,6,N8,20.833587659451,17.185706205446635,1.2463359502274387e-08,3.4144170518671855,3.414417039403826,67.15000066145332,229.27810645444438,25.60812798247909,-3.375459833097639e-08,-5.0590011249340703e-08,-55.83240064896104
I4,7,N8,17.185706205446635,12.776813906926618,1.2463359474802281e-08,4.126723202333835,4.126723189870476,67.15000066963341,277.10946496319417,30.950424110978958,-3.3754598330976375e-08,-5.544927197308198e-08,-55.832400628228775
I4,8,N8,12.776813906926618,7.262264944995594,1.246335944516043e-08,5.161617839286538,5.1616178268231785,67.15000067140114,346.60264053669255,38.71213388812423,-3.375459833097636e-08,-6.481571704703026e-08,-55.83240059620902
I4,9,N8,7.262264944995594,2.494131901558182e-06,1.246335940645078e-08,6.7974776649275155,6.797477652464156,67.15000065911978,456.4506288433201,50.98108258043156,-3.375459833097636e-08,-9.155868155498926e-08,-55.83240053299172
I4,10,N8,2.494131901558182e-06,2.448486966976272e-06,2.2599474783374125e-08,6.25229682284829e-08,3.992349344510878e-08,60.00053922216143,2.3954311343389543e-06,6.384183225889277e-07,-3.375459751598575e-08,-3.375459949013893e-08,-55.79414653455203
I4,11,N8,2.448486966976272e-06,11.389812051488995,12.168600012113584,7.802764638918131e-09,-12.16860000431082,38.89546316736322,-473.3033332660474,91.26450014937262,-5.79159119657305,-3.375460270224144e-08,-55.755399994852205
I4,12,N8,11.389812051488995,22.77962165449103,12.168600012113592,7.802764381758998e-09,-12.168600004310827,38.89546255708434,-473.30332583980817,91.26450014937267,-5.791591771848285,-3.375460270224107e-08,-55.755399957455154
I4,13,N8,22.77962165449103,34.16943125749307,12.168600012113595,7.802764207005915e-09,-12.16860000431083,38.89546238726342,-473.3033237733254,91.2645001493727,-5.791591930730561,-3.3754602702239804e-08,-55.755399945768566
I4,14,N8,34.16943125749307,45.55924086272147,12.168600014376514,7.70143028624687e-09,-12.168600006675083,38.8954623148001,-473.3033229835069,91.26450016558458,-5.791592003193882,-3.375460270224601e-08,-55.75539994576857
I4,15,N8,45.55924086272147,56.9490504657235,12.168600012113592,7.802764326231085e-09,-12.168600004310827,38.895462470966535,-473.303324791875,91.26450014937267,-5.7915918579661,-3.375460270224095e-08,-55.75539995745516
I4,16,N8,56.9490504657235,68.33886006872554,12.168600012113588,7.802764536423628e-09,-12.168600004310823,38.89546292117012,-473.3033302702222,91.26450014937265,-5.791591442766154,-3.375460270224182e-08,-55.75539999485221
I4,17,N8,68.33886006872554,68.33886002308098,2.2599537782258937e-08,6.252265645562915e-08,3.992311867337021e-08,60.000000598658175,2.3953871443025144e-06,6.384164567841607e-07,-3.3754597618596666e-08,-3.375459937335609e-08,-55.79393679832513
I4,18,N8,68.33886002308098,61.527721585058444,1.246335941649542e-08,6.375225588908197,6.375225576444838,67.15000065918018,428.09640166069323,47.814192010286675,-3.37545983309762e-08,-8.420830501900358e-08,-55.832400544444425
I4,19,N8,61.527721585058444,55.735905781625746,1.2463359435899998e-08,5.421139602932111,5.421139590468751,67.15000069836266,364.0295272858981,40.65854711546602,-3.375459833097626e-08,-6.835121658316402e-08,-55.832400612240164
I4,20,N8,55.735905781625746,49.81125084993656,1.2463359428542205e-08,5.545477026980169,5.54547701451681,67.15000074193323,372.37878563917747,41.591077795826465,-3.3754598330978466e-08,-7.203822458974613e-08,-55.83240064458371
I4,21,N8,49.81125084993656,45.24263613944503,1.2463359465294917e-08,4.276223379939175,4.276223367475816,67.15000071491936,287.1484021831559,32.07167544301901,-3.3754598330976554e-08,-5.734395490096258e-08,-55.832400662208734
I4,22,N8,45.24263613944503,41.71307276642656,1.2463359505117086e-08,3.3036713280643863,3.3036713156010267,67.15000067809129,221.8415310827997,24.777535053958097,-3.3754598330976415e-08,-4.9465055616041366e-08,-55.832400673208724
I4,23,N8,41.71307276642656,38.49381821738754,1.2463359521255446e-08,3.013222268819624,3.0132222563562645,67.15000066798936,202.33787652712357,22.59916710962238,-3.375459833097601e-08,-4.765488941279893e-08,-55.8324006803015
I4,24,N8,38.49381821738754,35.45471134001393,1.2463359530635073e-08,2.8446040481408015,2.844604035677442,67.1500006635077,191.01516288315688,21.334530454531208,-3.3754598330976355e-08,-4.689577761157017e-08,-55.83240068426396
I4,1,N9,22.26815972197646,20.434314819705705,1.246335961258547e-08,1.7164788394445276,1.716478826981168,67.1500006576312,115.26155436059545,12.873591389309155,-4.9912073183841286e-08,-5.974261589441142e-08,-55.83240088727119
I4,2,N9,20.434314819705705,18.62374897717085,1.246335961656071e-08,1.694689639531722,1.6946896270683622,67.1500006538171,113.79840956565758,12.710172389963112,-4.991207318390579e-08,-5.965489996551411e-08,-55.83240088685983
I4,3,N9,18.62374897717085,16.82514489632004,1.246335961916505e-08,1.6834934305954612,1.6834934181321015,67.15000064823145,113.046584118864,12.626200822941156,-4.9912073183949626e-08,-5.961232729634492e-08,-55.83240088318449
I4,4,N9,16.82514489632004,15.017343451826983,1.2463359618612174e-08,1.6921021629646014,1.6921021505012417,67.15000064217455,113.6246604927833,12.690766315709707,-4.991207318394099e-08,-5.96492544362967e-08,-55.832400876167085
I4,5,N9,15.017343451826983,13.04147991185726,1.2463359593896925e-08,1.8494082843307589,1.8494082718673992,67.15000065011031,124.18776665821525,13.87056222595589,-4.991207318396413e-08,-6.016918588257748e-08,-55.832400865617906
I4,6,N9,13.04147991185726,10.808263621651632,1.2463359563058113e-08,2.0902904585515665,2.090290446088207,67.15000065851169,140.36300483130378,15.677178532611947,-4.991207318397564e-08,-6.089793431353527e-08,-55.832400851071036
I4,7,N9,10.808263621651632,8.191696514613433,1.2463359528063667e-08,2.4491068231068547,2.449106810643495,67.15000066419569,164.45752396139687,18.36830126677661,-4.9912073183956733e-08,-6.182277941624597e-08,-55.8324008317788
I4,8,N9,8.191696514613433,4.887155521792194,1.2463359483385565e-08,3.093050380199779,3.0930503677364194,67.15000066583623,207.69833425296557,23.19787794497354,-4.991207318390364e-08,-6.301416670157626e-08,-55.83240080654963
I4,9,N9,4.887155521792194,3.036298244997817e-06,1.2463359414039992e-08,4.574374737341436,4.574374724878076,67.15000065808528,307.16926578589147,34.307810623535964,-4.9912073183765026e-08,-6.440614127563605e-08,-55.8324007733659
I4,10,N9,3.036298244997817e-06,2.9911439702566053e-06,2.267032530400936e-08,6.212578247531529e-08,3.945545717130593e-08,60.000539222642324,2.3673487055542257e-06,6.359708083449349e-07,-4.991207378032534e-08,-4.991207302348866e-08,-55.83240072858865
I4,11,N9,2.9911439702566053e-06,5.298537829372042,5.660827832896287,1.2507631080530678e-08,-5.660827820388656,44.759127368515244,-253.3737134240104,42.45620884052939,-5.883262654655878e-08,-4.991207321861907e-08,-55.8324006838114
I4,12,N9,5.298537829372042,12.339247901797261,7.522126160029991,1.2507630847477437e-08,-7.522126147522361,44.759126926990625,-336.68379899778836,56.41594629403216,-1.1662801737552696e-07,-4.991207321778596e-08,-55.832400646265675
I4,13,N9,12.339247901797261,19.781109354219932,7.950706694215305,1.2507630671131013e-08,-7.950706681707675,44.759126805378436,-355.86668855892344,59.630300300422014,-1.925959366638795e-07,-4.99120732168029e-08,-55.832400628103805
I4,14,N9,19.781109354219932,28.09923850168269,8.886890128953617,1.2390602989177125e-08,-8.886890116563015,44.75912675339742,-397.76944117075874,66.65167606008164,-2.3676494539894876e-07,-4.9912072844912235e-08,-55.83240062610992
I4,15,N9,28.09923850168269,35.308709402235465,7.702426190080802,1.2507630787895117e-08,-7.702426177573171,44.75912686419642,-344.7538704441051,57.768196519413245,-1.5453548092623365e-07,-4.991207321741347e-08,-55.83240064050335
I4,16,N9,35.308709402235465,41.7507523461688,6.882524527025843,1.2507630976312449e-08,-6.882524514518211,44.759127189517706,-308.0557901302942,51.61893404650105,-6.508327596510092e-08,-4.991207321830501e-08,-55.83240067638431
I4,17,N9,41.7507523461688,41.75075230101491,2.267038856246445e-08,6.212547418811658e-08,3.945508562565212e-08,60.00000059972756,2.3673051612014293e-06,6.359689706293578e-07,-4.991207313215754e-08,-4.99120736712638e-08,-55.83240072363155
I4,18,N9,41.75075230101491,36.99028072401444,1.2463359419457775e-08,4.455801406991538,4.455801394528179,67.15000065717493,299.2070665708082,33.41851064591173,-4.9912073183695066e-08,-6.450296470781528e-08,-55.832400770878785
I4,19,N9,36.99028072401444,33.637014430114576,1.246335947953421e-08,3.138657262009373,3.1386572495460134,67.15000068026202,210.76083644212414,23.539929558545495,-4.991207318373409e-08,-6.374850285137819e-08,-55.83240080574879
I4,20,N9,33.637014430114576,30.687745314697242,1.2463359499999237e-08,2.7605159029497286,2.760515890486369,67.15000071578285,185.3686440220896,20.703869365598162,-4.991207318380776e-08,-6.413955837572477e-08,-55.83240083195522
I4,21,N9,30.687745314697242,28.248630425842904,1.2463359540144175e-08,2.283011546886755,2.2830115344233954,67.15000069266007,153.30422611788194,17.12258669512586,-4.99120731837609e-08,-6.212302193593733e-08,-55.832400851196425
I4,22,N9,28.248630425842904,26.138605305553632,1.2463359575084358e-08,1.9749835235098592,1.9749835110464995,67.15000066849352,132.62014408703612,14.812376519799141,-4.991207318370904e-08,-6.073069868567404e-08,-55.83240086528874
I4,23,N9,26.138605305553632,24.16217156033505,1.246335959229989e-08,1.849941996443691,1.8499419839803313,67.15000066294519,124.22360545068938,13.87456506680288,-4.99120731862089e-08,-6.024210054466279e-08,-55.83240087524828
I4,24,N9,24.16217156033505,22.26815972197646,1.2463359603391723e-08,1.772795091622743,1.7727950791593834,67.15000066003533,119.04319073565998,13.29596328064577,-4.9912073183762717e-08,-5.997096934089179e-08,-55.8324008815354
I1,1,N2,14.37394095064649,14.373940958279839,4.1166156359092295e-08,2.8920692306937737e-08,-1.2245464052154559e-08,67.1500006620944,-8.222829192098318e-07,5.256513649952252e-07,-1.0872271531154197e-07,-1.0872271498584579e-07,-68.63936434015822
I1,2,N2,14.373940958279839,14.373940965913185,4.116615638626779e-08,2.8920692291213384e-08,-1.2245464095054408e-08,67.15000065737932,-8.222829220328184e-07,5.256513650811088e-07,-1.0872271531154185e-07,-1.0872271498584592e-07,-68.63936434015822
I1,3,N2,14.373940965913185,14.373940973546533,4.1166156424900767e-08,2.8920692268859483e-08,-1.2245464156041284e-08,67.15000065120918,-8.222829260525309e-07,5.256513652032018e-07,-1.0872271531154201e-07,-1.0872271498584575e-07,-68.63936434015822
I1,4,N2,14.373940973546533,14.373940981179882,4.1166156468253666e-08,2.8920692243774516e-08,-1.224546422447915e-08,67.15000064485487,-8.222829305703222e-07,5.256513653402114e-07,-1.0872271531154224e-07,-1.087227149858455e-07,-68.63936434015822
I1,5,N2,14.373940981179882,14.373940988813228,4.116615641261085e-08,2.8920692275970702e-08,-1.2245464136640146e-08,67.15000065329312,-8.222829247752633e-07,5.256513651643616e-07,-1.0872271531154188e-07,-1.0872271498584587e-07,-68.63936434015822
I1,6,N2,14.373940988813228,14.373940996446576,4.116615635108981e-08,2.892069231156817e-08,-1.2245464039521641e-08,67.15000066344295,-8.22282918378045e-07,5.256513649699349e-07,-1.087227153115417e-07,-1.0872271498584606e-07,-68.63936434015822
I1,7,N2,14.373940996446576,14.373941004079922,4.1166156297712794e-08,2.8920692342453322e-08,-1.2245463955259472e-08,67.15000067374235,-8.222829128459612e-07,5.256513648012459e-07,-1.0872271531154167e-07,-1.0872271498584609e-07,-68.63936434015822
I1,8,N2,14.373941004079922,14.373941011713269,4.116615626979443e-08,2.8920692358607504e-08,-1.2245463911186925e-08,67.1500006799228,-8.222829099621721e-07,5.256513647130144e-07,-1.0872271531154163e-07,-1.0872271498584613e-07,-68.63936434015824
I1,9,N2,14.373941011713269,14.373941019346615,4.1166156331003075e-08,2.8920692323190807e-08,-1.2245464007812268e-08,67.15000067315519,-8.222829163676914e-07,5.256513649064541e-07,-1.0872271531154177e-07,-1.0872271498584597e-07,-68.63936434015824
I1,10,N2,14.373941019346615,14.373941146422187,1.5352616641711988e-07,1.5560926030026348e-08,-1.3796524038709353e-07,60.00053923354123,-8.277988818710752e-06,1.2681531933535968e-06,-1.0872271827004373e-07,-1.0872271465046375e-07,-68.63936434015824
I1,11,N2,14.373941146422187,14.373941084028862,1.9785423023891223e-08,7.57340821379222e-08,5.594865911403098e-08,74.31013346384523,4.157552325886823e-06,7.163962887136007e-07,-1.0872271475921525e-07,-1.087227161166965e-07,-68.63936434015824
I1,12,N2,14.373941084028862,14.373941021635533,1.9785422544946694e-08,7.573408610604125e-08,5.594866356109456e-08,74.31013387179051,4.157552679172705e-06,7.163963148824095e-07,-1.0872271475921347e-07,-1.0872271611669842e-07,-68.63936434015824
I1,13,N2,14.373941021635533,14.373940959242198,1.9785422216779862e-08,7.573408882494738e-08,5.594866660816752e-08,74.3101339835159,4.15755291185199e-06,7.163963328129543e-07,-1.087227147592071e-07,-1.087227161167048e-07,-68.63936434015824
I1,14,N2,14.373940959242198,14.37394089492415,1.9593235632261405e-08,7.73672500432134e-08,5.7774014410951993e-08,74.31013403014606,4.293194754337433e-06,7.27203642566061e-07,-1.0872271475923806e-07,-1.0872271611667385e-07,-68.63936434015824
I1,15,N2,14.37394089492415,14.37394083253082,1.9785422458713767e-08,7.573408682049271e-08,5.594866436177894e-08,74.31013392279756,4.157552741525444e-06,7.163963195940486e-07,-1.0872271475921286e-07,-1.0872271611669904e-07,-68.63936434015824
I1,16,N2,14.37394083253082,14.373940770137494,1.9785422862460088e-08,7.573408347540062e-08,5.5948660612940534e-08,74.31013362307552,4.157552446179713e-06,7.163962975339553e-07,-1.0872271475921715e-07,-1.0872271611669463e-07,-68.63936434015824
I1,17,N2,14.373940770137494,14.373940897213066,1.5352616770392627e-07,1.556092599858568e-08,-1.379652417053406e-07,60.000000611605884,-8.277914586700789e-06,1.2681532027688396e-06,-1.0872271828891734e-07,-1.0872271463228968e-07,-68.63936434015824
I1,18,N2,14.373940897213066,14.373940904846414,4.116615634886084e-08,2.8920692312857888e-08,-1.224546403600295e-08,67.15000067151293,-8.222829182405855e-07,5.256513649628904e-07,-1.0872271531154189e-07,-1.0872271498584587e-07,-68.63936434015824
I1,19,N2,14.373940904846414,14.373940912479759,4.116615610608392e-08,2.8920692453334153e-08,-1.2245463652749765e-08,67.15000071925577,-8.222828930897671e-07,5.256513641956355e-07,-1.0872271531154352e-07,-1.0872271498584423e-07,-68.63936434015824
I1,20,N2,14.373940912479759,14.373940920113105,4.11661559543221e-08,2.892069254114701e-08,-1.2245463413175088e-08,67.15000075888112,-8.222828774875582e-07,5.256513637160183e-07,-1.0872271531156058e-07,-1.0872271498582717e-07,-68.63936434015824
I1,21,N2,14.373940920113105,14.373940927746451,4.1166156095427344e-08,2.892069245950029e-08,-1.2245463635927055e-08,67.15000072354049,-8.222828920125904e-07,5.256513641619572e-07,-1.0872271531154507e-07,-1.0872271498584268e-07,-68.63936434015824
I1,22,N2,14.373940927746451,14.373940935379798,4.116615625630909e-08,2.892069236641043e-08,-1.2245463889898658e-08,67.15000068291616,-8.222829085693201e-07,5.256513646703965e-07,-1.087227153115434e-07,-1.0872271498584436e-07,-68.63936434015824
I1,23,N2,14.373940935379798,14.373940943013142,4.116615631137301e-08,2.8920692334549208e-08,-1.22454639768238e-08,67.15000067101585,-8.222829142606185e-07,5.256513648444166e-07,-1.0872271531154015e-07,-1.0872271498584761e-07,-68.63936434015824
I1,24,N2,14.373940943013142,14.37394095064649,4.116615634028396e-08,2.8920692317820684e-08,-1.2245464022463278e-08,67.15000066569426,-8.222829172601443e-07,5.256513649357848e-07,-1.0872271531154214e-07,-1.087227149858456e-07,-68.63936434015824
I1,1,N3,46.17895416280152,42.41841128150273,1.377898333162399e-08,3.519868148967375,3.519868135188392,67.15000065706887,236.3591475906963,26.39901122059769,-1.2310167610866438e-08,-1.519326334017802e-08,-55.83240071307101
I1,2,N3,42.41841128150273,38.73907945081667,1.3778983335407523e-08,3.4438546055938724,3.443854591814889,67.15000065342834,231.25483809068197,25.828909645296417,-1.2310167610866416e-08,-1.514295352237315e-08,-55.83240071258024
I1,3,N3,38.73907945081667,35.14918550180354,1.3778983340064354e-08,3.3601407483479986,3.3601407345690153,67.15000064796153,225.63345250355133,25.201055715952364,-1.2310167610866438e-08,-1.5092599232587567e-08,-55.83240071048677
I1,4,N3,35.14918550180354,31.624835487756652,1.37789833440575e-08,3.2987916252195997,3.2987916114406164,67.15000064196745,221.51385882595423,24.740937292489374,-1.231016761086643e-08,-1.5062071421700497e-08,-55.83240070676235
I1,5,N3,31.624835487756652,27.664927767097318,1.3778983325590123e-08,3.70647363860885,3.706473624829867,67.15000064980796,248.88970631582163,27.79855239290875,-1.2310167610866426e-08,-1.5282755307091583e-08,-55.83240070132601
I1,6,N3,27.664927767097318,23.05427578191228,1.3778983304542138e-08,4.315570270204905,4.3155702564259215,67.15000065788233,289.79054555813804,32.36677712987916,-1.2310167610866405e-08,-1.559055632331964e-08,-55.832400693889646
I1,7,N3,23.05427578191228,17.562782616134704,1.3778983284256655e-08,5.140037615239521,5.140037601460538,67.15000066286483,345.15352834522525,38.55028221763878,-1.231016761086641e-08,-1.5955910684189813e-08,-55.83240068397873
I1,8,N3,17.562782616134704,10.534434592155328,1.3778983260929292e-08,6.57853376251641,6.578533748737427,67.15000066425436,441.74854559753794,49.339003322215454,-1.23101676108664e-08,-1.640573626129451e-08,-55.83240067082303
I1,9,N3,10.534434592155328,3.037749040090217e-06,1.3778983231384925e-08,9.860227946995998,9.860227933217015,67.15000065747263,662.1143121983525,73.95170970581236,-1.2310167610866372e-08,-1.6844951541039976e-08,-55.832400653047046
I1,10,N3,3.037749040090217e-06,2.989734233981048e-06,2.4563667311778263e-08,6.64619891953617e-08,4.1898321883583434e-08,60.000539222642324,2.513921905538841e-06,6.826924238035496e-07,-1.2310167620652693e-08,-1.2310167658897901e-08,-55.832400628039395
I1,11,N3,2.989734233981048e-06,3.5151387079148595,3.7554868941824457,1.3828598455542788e-08,-3.7554868803538475,44.759127368536184,-168.09231560862446,28.16615181008283,-1.3368842366255322e-08,-1.231016761086661e-08,-55.83240060303174
I1,12,N3,3.5151387079148595,20.422788529407864,18.063728457550372,1.3828598270168952e-08,-18.063728443721775,44.75912692711179,-808.5167141894224,135.47796353534227,-2.0918253683503883e-08,-1.231016761086656e-08,-55.832400580018245
I1,13,N3,20.422788529407864,40.99163765492632,21.975266175526283,1.3828598065720908e-08,-21.975266161697686,44.759126805650375,-983.5937247193446,164.8144964201616,-7.872908042778329e-08,-1.2310167610866324e-08,-55.83240056578556
I1,14,N3,40.99163765492632,63.32927628815184,23.86499855540552,1.3697470631028621e-08,-23.86499854170805,44.75912675370136,-1068.1764947052088,178.98748926827244,-1.2572748953301634e-07,-1.23101676108675e-08,-55.8324005638141
I1,15,N3,63.32927628815184,82.25301620905607,20.217670871451254,1.3828598209736345e-08,-20.217670857622657,44.75912686440209,-904.9252948190575,151.63253163959888,-3.851073849994577e-08,-1.2310167610866575e-08,-55.83240057329618
I1,16,N3,82.25301620905607,87.79252018097147,5.918273490052927,1.3828598402961211e-08,-5.9182734762243285,44.75912718955021,-264.8967552648662,44.387051279111446,-1.3987144920824192e-08,-1.2310167610866774e-08,-55.83240059766896
I1,17,N3,87.79252018097147,87.79252013295667,2.4563667305640967e-08,6.646198927225029e-08,4.1898321966609325e-08,60.00000059972756,2.513899343124138e-06,6.826924243341844e-07,-1.2310167621295027e-08,-1.2310167658251491e-08,-55.83240062548711
I1,18,N3,87.79252013295667,77.87829150883186,1.3778983236346804e-08,9.279718004252526,9.279717990473543,67.150000656621,623.1330691535561,69.59788513523633,-1.2310167610866438e-08,-1.680060607281323e-08,-55.832400653305264
I1,19,N3,77.87829150883186,70.72120034109884,1.3778983258393823e-08,6.699037345069831,6.699037331290848,67.1500006775281,449.8403613349665,50.24278019136611,-1.2310167610866448e-08,-1.6798111042648776e-08,-55.832400672934234
I1,20,N3,70.72120034109884,63.83041052462317,1.377898325878516e-08,6.449779280292937,6.4497792665139535,67.15000071246685,433.1026823416659,48.3733447055394,-1.2310167610867404e-08,-1.7719022241307704e-08,-55.83240068710289
I1,21,N3,63.83041052462317,58.50422916865129,1.3778983285108914e-08,4.985305761261387,4.985305747482403,67.15000068963748,334.7632843814971,37.38979331280277,-1.2310167610866503e-08,-1.6334152913549036e-08,-55.83240069667191
I1,22,N3,58.50422916865129,54.12517116748508,1.3778983309803138e-08,4.098798301163288,4.098798287384304,67.15000066658911,275.2343077300703,30.74098736206703,-1.2310167610866426e-08,-1.5560438061849045e-08,-55.83240070338333
I1,23,N3,54.12517116748508,50.067261699953754,1.3778983320199838e-08,3.7982032736810307,3.7982032599020474,67.15000066181155,255.04935141611725,28.486524655950106,-1.2310167610866387e-08,-1.5369963440949255e-08,-55.83240070801286
I1,24,N3,50.067261699953754,46.17895416280152,1.3778983326599066e-08,3.6394558668462103,3.639455853067227,67.15000065927426,244.38946293286384,27.295919104688952,-1.2310167610866423e-08,-1.5270949304902286e-08,-55.832400710822355
I1,1,N7,0.9602041382735048,0.9602041459068505,4.116614915277268e-08,2.8920686961793504e-08,-1.2245462190979175e-08,67.1500006620944,-8.222827942319035e-07,5.256512708592464e-07,-1.7672361208956786e-06,-1.7672360479104467e-06,-68.6393695429221
I1,2,N7,0.9602041459068505,0.9602041535401964,4.116614917994816e-08,2.8920686946069158e-08,-1.2245462233879005e-08,67.15000065737932,-8.222827970548889e-07,5.256512709451299e-07,-1.767236120895656e-06,-1.7672360479104694e-06,-68.6393695429221
I1,3,N7,0.9602041535401964,0.9602041611735422,4.116614921858112e-08,2.8920686923715244e-08,-1.2245462294865873e-08,67.15000065120918,-8.222828010746009e-07,5.256512710672227e-07,-1.7672361208956907e-06,-1.7672360479104346e-06,-68.63936954292211
I1,4,N7,0.9602041611735422,0.9602041688068882,4.1166149261934156e-08,2.8920686898630185e-08,-1.2245462363303972e-08,67.15000064485486,-8.222828055924076e-07,5.256512712042326e-07,-1.7672361208957445e-06,-1.7672360479103806e-06,-68.63936954292213
I1,5,N7,0.9602041688068882,0.960204176440234,4.116614920629143e-08,2.892068693082629e-08,-1.224546227546514e-08,67.15000065329312,-8.222827997973604e-07,5.256512710283829e-07,-1.7672361208956674e-06,-1.7672360479104569e-06,-68.63936954292215
I1,6,N7,0.960204176440234,0.9602041840735799,4.1166149144770594e-08,2.8920686966423648e-08,-1.2245462178346946e-08,67.15000066344295,-8.22282793400163e-07,5.256512708339568e-07,-1.767236120895626e-06,-1.7672360479104984e-06,-68.63936954292218
I1,7,N7,0.9602041840735799,0.9602041917069255,4.116614909139381e-08,2.892068699730866e-08,-1.2245462094085147e-08,67.15000067374235,-8.222827878681041e-07,5.256512706652685e-07,-1.767236120895621e-06,-1.767236047910502e-06,-68.63936954292221
I1,8,N7,0.9602041917069255,0.9602041993402712,4.116614906347572e-08,2.8920687013462693e-08,-1.2245462050013027e-08,67.1500006799228,-8.222827849843436e-07,5.256512705770381e-07,-1.767236120895622e-06,-1.767236047910501e-06,-68.63936954292227
I1,9,N7,0.9602041993402712,0.9602042069736169,4.116614912468467e-08,2.8920686978045794e-08,-1.2245462146638876e-08,67.15000067315519,-8.22282791389897e-07,5.256512707704785e-07,-1.7672361208956555e-06,-1.767236047910467e-06,-68.63936954292231
I1,10,N7,0.9602042069736169,0.9602043340491213,1.535260928094574e-07,1.5560923724599693e-08,-1.3796516908485773e-07,60.00053923354123,-8.277984540538157e-06,1.2681526240054283e-06,-1.7672367838677778e-06,-1.7672359727548023e-06,-68.63936954292237
I1,11,N7,0.9602043340491213,0.9602042716558218,1.978542058183856e-08,7.573405620177692e-08,5.594863561993836e-08,74.31013346384523,4.157550580037665e-06,7.163960758771162e-07,-1.7672359971247409e-06,-1.7672363013224143e-06,-68.63936954292258
I1,12,N7,0.9602042716558218,0.9602042092625175,1.978542010289436e-08,7.573406016989129e-08,5.594864006699693e-08,74.31013387179051,4.157550933323165e-06,7.163961020458924e-07,-1.7672359971243423e-06,-1.7672363013228378e-06,-68.63936954292271
I1,13,N7,0.9602042092625175,0.9602041468692101,1.978541977472769e-08,7.573406288879468e-08,5.5948643114067e-08,74.3101339835159,4.157551166002233e-06,7.163961199764178e-07,-1.7672359971229236e-06,-1.7672363013242642e-06,-68.63936954292278
I1,14,N7,0.9602041468692101,0.9602040825511867,1.9593233221621893e-08,7.736722310952987e-08,5.7773989887907976e-08,74.31013403014606,4.293192932026745e-06,7.272034224836382e-07,-1.7672359971298802e-06,-1.7672363013173092e-06,-68.63936954292278
I1,15,N7,0.9602040825511867,0.9602040201578816,1.978542001666143e-08,7.57340608843423e-08,5.594864086768087e-08,74.31013392279756,4.1575509956758705e-06,7.16396106757528e-07,-1.7672359971242104e-06,-1.7672363013229733e-06,-68.63936954292271
I1,16,N7,0.9602040201578816,0.9602039577645806,1.9785420420407455e-08,7.57340575392545e-08,5.594863711884705e-08,74.31013362307552,4.157550700330487e-06,7.163960846974647e-07,-1.7672359971251684e-06,-1.767236301321996e-06,-68.63936954292258
I1,17,N7,0.9602039577645806,0.9602040848400861,1.535260940962628e-07,1.5560923693159015e-08,-1.3796517040310379e-07,60.000000611605884,-8.277910308566537e-06,1.2681526334206637e-06,-1.767236788097078e-06,-1.7672359686820742e-06,-68.63936954292237
I1,18,N7,0.9602040848400861,0.9602040924734319,4.116614914254244e-08,2.8920686967712865e-08,-1.2245462174829575e-08,67.15000067151293,-8.222827932627922e-07,5.256512708269148e-07,-1.7672361208956843e-06,-1.767236047910437e-06,-68.63936954292231
I1,19,N7,0.9602040924734319,0.9602041001067773,4.1166148899765275e-08,2.8920687108189296e-08,-1.224546179157598e-08,67.15000071925577,-8.222827681119461e-07,5.256512700596592e-07,-1.767236120896046e-06,-1.767236047910076e-06,-68.63936954292227
I1,20,N7,0.9602041001067773,0.9602041077401223,4.116614874800323e-08,2.8920687196002283e-08,-1.2245461552000945e-08,67.15000075888112,-8.22282752509713e-07,5.256512695800413e-07,-1.7672361208998653e-06,-1.7672360479062569e-06,-68.63936954292221
I1,21,N7,0.9602041077401223,0.9602041153734677,4.1166148889108284e-08,2.892068711435571e-08,-1.2245461774752575e-08,67.15000072354049,-8.222827670347227e-07,5.256512700259799e-07,-1.7672361208963861e-06,-1.7672360479097373e-06,-68.63936954292218
I1,22,N7,0.9602041153734677,0.9602041230068133,4.11661490499898e-08,2.892068702126601e-08,-1.2245462028723787e-08,67.15000068291616,-8.222827835914262e-07,5.256512705344186e-07,-1.7672361208960069e-06,-1.767236047910117e-06,-68.63936954292215
I1,23,N7,0.9602041230068133,0.960204130640159,4.116614910505358e-08,2.8920686989404843e-08,-1.224546211564874e-08,67.15000067101585,-8.22282789282712e-07,5.256512707084382e-07,-1.7672361208952737e-06,-1.7672360479108503e-06,-68.63936954292213
I1,24,N7,0.960204130640159,0.9602041382735048,4.116614913396438e-08,2.892068697267641e-08,-1.224546216128797e-08,67.15000066569426,-8.222827922822211e-07,5.256512707998059e-07,-1.7672361208957216e-06,-1.7672360479104033e-06,-68.63936954292211
I1,1,N8,57.33737775402163,52.776027570649816,1.3778983319274981e-08,4.269423783707735,4.269423769928752,67.1500006603578,286.691808970063,32.020678481150384,-6.500132368973845e-09,-8.905094904404027e-09,-55.832400660964
I1,2,N8,52.776027570649816,48.33563582459981,1.3778983323237244e-08,4.1562066863745155,4.156206672595532,67.15000065600337,279.0892807912756,31.171550251151242,-6.500132368973844e-09,-8.853123219345003e-09,-55.832400659277255
I1,3,N8,48.33563582459981,44.03830834336119,1.3778983328325525e-08,4.022298534511067,4.022298520732083,67.15000065007655,270.09734828196133,30.167239112175373,-6.500132368973845e-09,-8.803362871803209e-09,-55.83240065611611
I1,4,N8,44.03830834336119,39.85841920874598,1.3778983333095262e-08,3.9123762420715487,3.9123762282925654,67.15000064384797,262.7160662488213,29.34282191887899,-6.500132368973849e-09,-8.780922348166662e-09,-55.83240065139575
I1,5,N8,39.85841920874598,35.08103162886598,1.3778983315380462e-08,4.471634786839393,4.471634773060409,67.15000065205211,300.2702779267454,33.53726100463782,-6.500132368973847e-09,-9.102873585473693e-09,-55.83240064495294
I1,6,N8,35.08103162886598,29.35620396044033,1.3778983294826364e-08,5.35843870971812,5.358438695939137,67.15000066145332,359.8191619766701,40.18829042622828,-6.500132368973844e-09,-9.649203299480657e-09,-55.832400636255066
I1,7,N8,29.35620396044033,22.20508409823607,1.3778983274119006e-08,6.693448203094896,6.693448189315912,67.15000066963341,449.4650503947201,50.200861626554094,-6.500132368973845e-09,-1.0603134771992694e-08,-55.832400624204645
I1,8,N8,22.20508409823607,12.887470116744254,1.3778983255009276e-08,8.721286698748052,8.72128668496907,67.15000067140114,585.6344067511549,65.40965034395276,-6.500132368973849e-09,-1.2307174013675155e-08,-55.832400606039016
I1,9,N8,12.887470116744254,2.0863352639428178e-07,1.3778983238463e-08,12.062671846063354,12.062671832284371,67.15000065911978,810.0084214886411,90.47003894881753,-6.500132368973854e-09,-1.6813126799723315e-08,-55.83240057115276
I1,10,N8,2.0863352639428178e-07,1.1333340818341069e-07,2.0389465503019126e-08,1.0706403981470839e-07,8.667457431168927e-08,60.00053922216143,5.200521195552657e-06,9.559012898829564e-07,-6.5001323722216235e-09,-6.500132415415994e-09,-53.50416323278488
I1,11,N8,1.1333340818341069e-07,2.4043598088790783,2.56876037534523,1.4767707698695347e-08,-2.5687603605775227,38.89546316736322,-99.91312399062569,19.265702925847034,-7.543018864363909e-09,-6.500132369441531e-09,-49.56780232088421
I1,12,N8,2.4043598088790783,24.911235403552887,24.045807276123153,1.476770746357229e-08,-24.045807261355446,38.89546255708434,-935.2727959889176,180.34355468168144,-8.701438111001992e-08,-6.500132369441477e-09,-49.56780202907814
I1,13,N8,24.911235403552887,53.65527016941437,30.709438869272383,1.4767707141848829e-08,-30.709438854504675,38.89546238726342,-1194.4578238993524,230.32079163030068,-2.4175545616704945e-07,-6.5001323694412966e-09,-49.56780201534345
I1,14,N8,53.65527016941437,83.85845233980754,32.26835703628371,1.4572009536356184e-08,-32.2683570217117,38.8954623148001,-1255.0926644985027,242.0126778814179,-3.13312453204499e-07,-6.500132369442175e-09,-49.56780201466351
I1,15,N8,83.85845233980754,110.58090263740776,28.54962640318128,1.4767707370041917e-08,-28.54962638841357,38.895462470966535,-1110.4509217506559,214.1221981346174,-1.6828126303426124e-07,-6.500132369441455e-09,-49.56780202571026
I1,16,N8,110.58090263740776,114.3390619203721,4.015127455920738,1.4767707624109075e-08,-4.01512744115303,38.89546292117012,-156.17024051114035,30.113456030163345,-8.444578380610231e-09,-6.500132369441552e-09,-49.56780218813892
I1,17,N8,114.3390619203721,114.339061825072,2.038946545939558e-08,1.0706404065617609e-07,8.667457519678052e-08,60.000000598658175,5.200474563695274e-06,9.559012958667876e-07,-6.500132372443515e-09,-6.5001324152088954e-09,-53.50393960591545
I1,18,N8,114.339061825072,103.31674041438191,1.3778983247789556e-08,10.316892852477629,10.316892838698646,67.15000065918018,692.7793609193053,77.3766964969246,-6.500132368973828e-09,-1.4276549140099371e-08,-55.832400581643526
I1,19,N8,103.31674041438191,93.23601901330183,1.3778983247351822e-08,9.435555243482678,9.435555229703695,67.15000069836266,633.5975402640426,70.76666442946247,-6.500132368973831e-09,-1.3183193226718197e-08,-55.83240062470282
I1,20,N8,93.23601901330183,80.58313647552392,1.3778983229532906e-08,11.843098067431843,11.84309805365286,67.15000074193323,795.2640430895775,88.8232356090812,-6.5001323689741405e-09,-1.822263650377387e-08,-55.832400644376236
I1,21,N8,80.58313647552392,72.4972032792951,1.3778983260118964e-08,7.568433483741871,7.568433469962888,67.15000071491936,508.2203129188275,56.76325123140641,-6.500132368973877e-09,-1.1675183815359948e-08,-55.832400652722704
I1,22,N8,72.4972032792951,66.9604986667389,1.3778983295973914e-08,5.182355529424324,5.182355515645341,67.15000067809129,347.9951763896948,38.86766657402481,-6.500132368973863e-09,-9.45150053905813e-09,-55.83240065743422
I1,23,N8,66.9604986667389,62.025985237623836,1.3778983309062986e-08,4.618704581723409,4.618704567944426,67.15000066798936,310.1460148227137,34.64028446626794,-6.500132368973809e-09,-9.093507801885407e-09,-55.832400660233894
I1,24,N8,62.025985237623836,57.33737775402163,1.3778983315784125e-08,4.388536616723376,4.388536602944392,67.1500006635077,294.69023579954376,32.91402472876769,-6.5001323689738485e-09,-8.961005617724403e-09,-55.832400661452596
I1,1,N9,61.36499125019721,56.41897626366717,1.3778983317464714e-08,4.62947003946383,4.629470025684847,67.1500006576312,310.86891526922136,34.7210253993211,-3.415297994300453e-09,-4.826829738698257e-09,-55.83240067272157
I1,2,N9,56.41897626366717,51.619582268274335,1.3778983321430422e-08,4.4922327917594025,4.492232777980419,67.1500006538171,301.65343397848375,33.6917460415379,-3.4152979943004528e-09,-4.793784428391512e-09,-55.83240067204334
I1,3,N9,51.619582268274335,46.99841577419314,1.3778983326773775e-08,4.325411850531716,4.325411836752733,67.15000064823145,290.451407641814,32.44058898233025,-3.415297994300451e-09,-4.757548989969159e-09,-55.83240067014801
I1,4,N9,46.99841577419314,42.530367530081904,1.377898333199363e-08,4.182093168559831,4.182093154780848,67.15000064217455,280.8275580291677,31.365698867541106,-3.415297994300454e-09,-4.731217931623636e-09,-55.83240066701459
I1,5,N9,42.530367530081904,37.414574059515864,1.3778983315257772e-08,4.788382700521529,4.788382686742546,67.15000065011031,321.53990052773895,35.912870357253844,-3.4152979943004445e-09,-4.864041590808554e-09,-55.832400662581875
I1,6,N9,37.414574059515864,31.304626847630054,1.3778983296550497e-08,5.718910602396835,5.7189105886178515,67.15000065851169,384.0248497916582,42.891829621318635,-3.4152979943004375e-09,-5.057174672180497e-09,-55.83240065658749
I1,7,N9,31.304626847630054,23.84777861904636,1.3778983279409597e-08,6.979609954026051,6.979609940247068,67.15000066419569,468.6808121234174,52.34707475853776,-3.415297994300432e-09,-5.297566210432868e-09,-55.83240064857966
I1,8,N9,23.84777861904636,14.154121571404861,1.3778983261646661e-08,9.073263008664155,9.073262994885171,67.15000066583623,609.2696161478465,68.04947266832353,-3.41529799430043e-09,-5.590842835870987e-09,-55.83240063777644
I1,9,N9,14.154121571404861,3.037748449752844e-06,1.3778983243213591e-08,13.248254959574114,13.24825494579513,67.15000065808528,889.6203283286245,99.36191230014823,-3.4152979943004267e-09,-5.828722620560741e-09,-55.832400622667336
I1,10,N9,3.037748449752844e-06,2.9897336431547484e-06,2.4563667273326323e-08,6.646198961930958e-08,4.189832234598326e-08,60.000539222642324,2.5139219332830797e-06,6.826924266947693e-07,-3.415297997838893e-09,-3.4152980116672293e-09,-55.832400600130235
I1,11,N9,2.9897336431547484e-06,2.855730356058921,3.0509907917728865,1.3828598510476051e-08,-3.0509907779442877,44.759127368515244,-136.55968483017378,22.882431042011138,-3.780161954551244e-09,-3.415297994300452e-09,-55.832400577593134
I1,12,N9,2.855730356058921,16.244531306332426,14.304274535307314,1.3828598382363754e-08,-14.304274521478716,44.759126926990625,-640.2468389053839,107.28205911851934,-5.861374930211764e-09,-3.4152979943004395e-09,-55.83240055647613
I1,13,N9,16.244531306332426,50.700211502235504,36.811624156706436,1.382859818898425e-08,-36.81162414287784,44.759126805378436,-1647.6561529229996,276.0871812790127,-4.4353839134057674e-08,-3.415297994300345e-09,-55.83240054158207
I1,14,N9,50.700211502235504,87.84858479481868,39.68843302053121,1.3697470770891021e-08,-39.68843300683373,44.75912675339742,-1776.4196035965929,297.6632477567151,-9.238959887338399e-08,-3.41529799430076e-09,-55.83240053990267
I1,15,N9,87.84858479481868,114.63002064513589,28.61264515501213,1.3828598337569083e-08,-28.612645141183535,44.75912686419642,-1280.677013794467,214.59483876630546,-1.1467323864013845e-08,-3.4152979943004185e-09,-55.832400550104225
I1,16,N9,114.63002064513589,118.5524007220278,4.1905770210107365,1.3828598467643077e-08,-4.190577007182138,44.759127189517706,-187.56656926193375,31.429327761295013,-3.9806884534748494e-09,-3.4152979943004722e-09,-55.83240057347405
I1,17,N9,118.5524007220278,118.55240067401299,2.4563667261003684e-08,6.646198973074937e-08,4.1898322469745685e-08,60.00000059972756,2.5138993733123196e-06,6.826924274381479e-07,-3.4152979980711316e-09,-3.4152980114335127e-09,-55.83240059945049
I1,18,N9,118.55240067401299,105.75654348103697,1.3778983248541963e-08,11.976922344697265,11.976922330918281,67.15000065717493,804.2503423920957,89.82691768857185,-3.4152979943004114e-09,-5.713338437346268e-09,-55.83240062542693
I1,19,N9,105.75654348103697,95.8182062344534,1.3778983259092254e-08,9.302283674873937,9.302283661094954,67.15000068026202,624.6483541705164,69.7671276648969,-3.4152979943004304e-09,-5.851979410665376e-09,-55.83240064273605
I1,20,N9,95.8182062344534,85.29931037069909,1.377898325310208e-08,9.845686540545742,9.845686526766759,67.15000071578285,661.1378573197615,73.84264915743545,-3.4152979943007857e-09,-6.872720060784997e-09,-55.83240065462249
I1,21,N9,85.29931037069909,77.73439027461687,1.3778983275790846e-08,7.080765222004669,7.080765208225686,67.15000069266007,475.4733886369182,53.10573926837739,-3.4152979943004693e-09,-5.620388976350883e-09,-55.83240066181822
I1,22,N9,77.73439027461687,71.85742015724884,1.3778983298814629e-08,5.50084404192819,5.500844028149206,67.15000066849352,369.3816801674978,41.256330417803795,-3.4152979943004536e-09,-5.046487783545333e-09,-55.83240066661262
I1,23,N9,71.85742015724884,66.48466326523095,1.377898330792013e-08,5.028900463000463,5.02890044922148,67.15000066294519,337.69066849910774,37.71675357584585,-3.4152979943004387e-09,-4.925461646217273e-09,-55.83240066980907
I1,24,N9,66.48466326523095,61.36499125019721,1.3778983313548749e-08,4.792013018143296,4.792013004364312,67.15000066003533,321.78367640596144,35.94009773941709,-3.4152979943004515e-09,-4.867045018494989e-09,-55.832400671628314
I2,1,N2,4.629201285521782,4.629201293155129,4.116615644832769e-08,2.8920692270580886e-08,-1.2245464177746807e-08,67.1500006620944,-8.222829276433513e-07,5.256513653918143e-07,-1.0501638785714633e-07,-1.0501638755146815e-07,-68.63936446766922
I2,2,N2,4.629201293155129,4.629201300788476,4.116615647550318e-08,2.8920692254856526e-08,-1.2245464220646657e-08,67.15000065737932,-8.22282930466338e-07,5.256513654776978e-07,-1.0501638785714625e-07,-1.0501638755146824e-07,-68.63936446766921
I2,3,N2,4.629201300788476,4.629201308421822,4.1166156514136164e-08,2.89206922325026e-08,-1.2245464281633565e-08,67.15000065120918,-8.222829344860527e-07,5.256513655997908e-07,-1.0501638785714638e-07,-1.0501638755146811e-07,-68.63936446766921
I2,4,N2,4.629201308421822,4.62920131605517,4.116615655748908e-08,2.892069220741763e-08,-1.2245464350071448e-08,67.15000064485487,-8.222829390038451e-07,5.256513657368004e-07,-1.050163878571466e-07,-1.0501638755146787e-07,-68.63936446766922
I2,5,N2,4.62920131605517,4.629201323688516,4.116615650184626e-08,2.8920692239613808e-08,-1.2245464262232451e-08,67.15000065329312,-8.222829332087866e-07,5.256513655609505e-07,-1.0501638785714626e-07,-1.050163875514682e-07,-68.63936446766922
I2,6,N2,4.629201323688516,4.629201331321863,4.1166156440325237e-08,2.892069227521131e-08,-1.2245464165113926e-08,67.15000066344295,-8.222829268115671e-07,5.256513653665242e-07,-1.0501638785714609e-07,-1.0501638755146842e-07,-68.63936446766922
I2,7,N2,4.629201331321863,4.62920133895521,4.1166156386948225e-08,2.8920692306096458e-08,-1.2245464080851767e-08,67.15000067374235,-8.22282921279484e-07,5.256513651978351e-07,-1.0501638785714604e-07,-1.0501638755146843e-07,-68.63936446766922
I2,8,N2,4.62920133895521,4.629201346588557,4.116615635902988e-08,2.8920692322250647e-08,-1.2245464036779233e-08,67.1500006799228,-8.222829183956957e-07,5.256513651096039e-07,-1.0501638785714602e-07,-1.0501638755146846e-07,-68.63936446766922
I2,9,N2,4.629201346588557,4.6292013542219035,4.1166156420238525e-08,2.8920692286833903e-08,-1.2245464133404622e-08,67.15000067315519,-8.222829248012181e-07,5.256513653030432e-07,-1.0501638785714616e-07,-1.0501638755146832e-07,-68.63936446766922
I2,10,N2,4.6292013542219035,4.629201481297476,1.5352616732856262e-07,1.556092601434529e-08,-1.3796524131421733e-07,60.00053923354123,-8.27798887433868e-06,1.2681532000718092e-06,-1.050163906338125e-07,-1.0501638723669939e-07,-68.63936446766922
I2,11,N2,4.629201481297476,4.629201418904151,1.9785423054131474e-08,7.573408196150639e-08,5.5948658907374916e-08,74.31013346384523,4.157552310530183e-06,7.163962876172841e-07,-1.0501638733876681e-07,-1.0501638861281433e-07,-68.63936446766924
I2,12,N2,4.629201418904151,4.629201356510821,1.978542257518697e-08,7.57340859296255e-08,5.594866335443853e-08,74.31013387179051,4.157552663816067e-06,7.163963137860936e-07,-1.050163873387651e-07,-1.0501638861281612e-07,-68.63936446766924
I2,13,N2,4.629201356510821,4.629201294117488,1.9785422247020123e-08,7.573408864853157e-08,5.5948666401511444e-08,74.3101339835159,4.15755289649535e-06,7.163963317166377e-07,-1.0501638733875916e-07,-1.0501638861282213e-07,-68.63936446766924
I2,14,N2,4.629201294117488,4.629201229799438,1.9593235662112745e-08,7.736724986001329e-08,5.777401419790054e-08,74.31013403014606,4.293194738505551e-06,7.272036414159452e-07,-1.050163873387882e-07,-1.0501638861279308e-07,-68.63936446766924
I2,15,N2,4.629201229799438,4.629201167406108,1.9785422488954024e-08,7.573408664407679e-08,5.594866415512276e-08,74.31013392279756,4.1575527261687955e-06,7.163963184977311e-07,-1.0501638733876455e-07,-1.0501638861281671e-07,-68.63936446766924
I2,16,N2,4.629201167406108,4.629201105012782,1.978542289270034e-08,7.573408329898495e-08,5.594866040628461e-08,74.31013362307552,4.157552430823084e-06,7.163962964376397e-07,-1.050163873387686e-07,-1.0501638861281261e-07,-68.63936446766924
I2,17,N2,4.629201105012782,4.629201232088355,1.5352616861536898e-07,1.556092598290461e-08,-1.3796524263246437e-07,60.000000611605884,-8.277914642328217e-06,1.268153209487052e-06,-1.0501639065152606e-07,-1.0501638721964233e-07,-68.63936446766922
I2,18,N2,4.629201232088355,4.629201239721701,4.116615643809628e-08,2.8920692276500988e-08,-1.2245464161595295e-08,67.15000067151293,-8.222829266741115e-07,5.256513653594795e-07,-1.0501638785714626e-07,-1.0501638755146822e-07,-68.63936446766922
I2,19,N2,4.629201239721701,4.629201247355049,4.1166156195319355e-08,2.8920692416977282e-08,-1.2245463778342073e-08,67.15000071925577,-8.222829015232907e-07,5.256513645922248e-07,-1.0501638785714781e-07,-1.050163875514667e-07,-68.63936446766922
I2,20,N2,4.629201247355049,4.629201254988395,4.116615604355753e-08,2.8920692504790144e-08,-1.2245463538767383e-08,67.15000075888112,-8.222828859210809e-07,5.256513641126076e-07,-1.0501638785716381e-07,-1.0501638755145067e-07,-68.63936446766922
I2,21,N2,4.629201254988395,4.629201262621741,4.116615618466276e-08,2.892069242314339e-08,-1.224546376151937e-08,67.15000072354049,-8.222829004461145e-07,5.256513645585461e-07,-1.0501638785714928e-07,-1.0501638755146521e-07,-68.63936446766921
I2,22,N2,4.629201262621741,4.629201270255089,4.116615634554449e-08,2.892069233005357e-08,-1.2245464015490923e-08,67.15000068291616,-8.222829170028407e-07,5.256513650669855e-07,-1.0501638785714768e-07,-1.050163875514668e-07,-68.63936446766921
I2,23,N2,4.629201270255089,4.629201277888435,4.116615640060841e-08,2.8920692298192333e-08,-1.2245464102416078e-08,67.15000067101585,-8.2228292269414e-07,5.256513652410055e-07,-1.0501638785714462e-07,-1.0501638755146985e-07,-68.63936446766921
I2,24,N2,4.629201277888435,4.629201285521782,4.1166156429519366e-08,2.8920692281463833e-08,-1.2245464148055533e-08,67.15000066569426,-8.222829256936643e-07,5.256513653323739e-07,-1.0501638785714651e-07,-1.0501638755146798e-07,-68.63936446766921
I2,1,N7,0.1550818791456705,0.15508188677901516,4.116614189380912e-08,2.892068166474388e-08,-1.224546022906524e-08,67.1500006620944,-8.222826624893815e-07,5.256511766891475e-07,-3.4235633917443247e-06,-3.42356311933147e-06,-68.6393669623077
I2,2,N7,0.15508188677901516,0.15508189441235984,4.116614192098466e-08,2.8920681649019496e-08,-1.2245460271965166e-08,67.15000065737932,-8.222826653123733e-07,5.256511767750312e-07,-3.4235633917442726e-06,-3.4235631193315184e-06,-68.63936696230773
I2,3,N7,0.15508189441235984,0.1550819020457046,4.1166141959619145e-08,2.8920681626664553e-08,-1.2245460332954592e-08,67.15000065120918,-8.222826693322571e-07,5.256511768971278e-07,-3.423563391744519e-06,-3.423563119331254e-06,-68.63936696230803
I2,4,N7,0.1550819020457046,0.15508190967904942,4.1166142002975235e-08,2.8920681601577485e-08,-1.224546040139775e-08,67.15000064485486,-8.222826738504035e-07,5.256511770341454e-07,-3.4235633917449227e-06,-3.4235631193308217e-06,-68.63936696230863
I2,5,N7,0.15508190967904942,0.15508191731239415,4.116614194733719e-08,2.8920681633770567e-08,-1.224546031356662e-08,67.15000065329312,-8.222826680558735e-07,5.256511768583081e-07,-3.423563391744917e-06,-3.4235631193307857e-06,-68.6393669623095
I2,6,N7,0.15508191731239415,0.15508192494573877,4.116614188582248e-08,2.8920681669363855e-08,-1.2245460216458624e-08,67.15000066344295,-8.222826616593609e-07,5.256511766638975e-07,-3.4235633917451264e-06,-3.4235631193305227e-06,-68.63936696231065
I2,7,N7,0.15508192494573877,0.15508193257908331,4.116614183245331e-08,2.8920681700243827e-08,-1.2245460132209481e-08,67.15000067374235,-8.222826561281518e-07,5.256511764952285e-07,-3.423563391745554e-06,-3.42356311933003e-06,-68.63936696231208
I2,8,N7,0.15508193257908331,0.15508194021242783,4.11661418045444e-08,2.8920681716391786e-08,-1.2245460088152614e-08,67.1500006799228,-8.222826532454155e-07,5.256511764070214e-07,-3.4235633917460857e-06,-3.4235631193294186e-06,-68.6393669623138
I2,9,N7,0.15508194021242783,0.15508194784577242,4.1166141865763924e-08,2.892068168096788e-08,-1.2245460184796046e-08,67.15000067315519,-8.222826596521496e-07,5.256511766004886e-07,-3.423563391746827e-06,-3.423563119328589e-06,-68.63936696231579
I2,10,N7,0.15508194784577242,0.15508207492120982,1.535260186646998e-07,1.556092143990024e-08,-1.3796509722479957e-07,60.00053923354123,-8.277980228895917e-06,1.2681520507845002e-06,-3.4235658662883357e-06,-3.4235628388095304e-06,-68.63936696231808
I2,11,N7,0.15508207492120982,0.15508201252793544,1.978541812197524e-08,7.573403049871453e-08,5.594861237673929e-08,74.31013346384523,4.1575488528324404e-06,7.163958646551733e-07,-3.423562929773889e-06,-3.4235640651871177e-06,-68.63936696232588
I2,12,N7,0.15508201252793544,0.15508195013465637,1.978541764303958e-08,7.57340344667464e-08,5.594861682370682e-08,74.31013387179051,4.157549206111165e-06,7.163958908233947e-07,-3.423562929773079e-06,-3.4235640651879178e-06,-68.63936696233107
I2,13,N7,0.15508195013465637,0.15508188774137407,1.9785417314877267e-08,7.573403718560773e-08,5.594861987073047e-08,74.3101339835159,4.157549438786781e-06,7.163959087536375e-07,-3.4235629297682295e-06,-3.423564065192717e-06,-68.63936696233365
I2,14,N7,0.15508188774137407,0.15508182342337698,1.959323079341292e-08,7.736719641776856e-08,5.7773965624355646e-08,74.31013403014606,4.293191128998919e-06,7.272032040838612e-07,-3.423562929794623e-06,-3.423564065166287e-06,-68.63936696233365
I2,15,N7,0.15508182342337698,0.15508176103009705,1.978541755680681e-08,7.573403518119576e-08,5.594861762438894e-08,74.31013392279756,4.1575492684637344e-06,7.163958955350193e-07,-3.4235629297727785e-06,-3.4235640651881837e-06,-68.63936696233104
I2,16,N7,0.15508176103009705,0.15508169863682109,1.9785417960544308e-08,7.573403183618993e-08,5.594861387564563e-08,74.31013362307552,4.157548973125083e-06,7.163958734755067e-07,-3.4235629297756618e-06,-3.42356406518534e-06,-68.63936696232582
I2,17,N7,0.15508169863682109,0.15508182571225973,1.5352601995150952e-07,1.5560921408459415e-08,-1.379650985430501e-07,60.000000611605884,-8.277905996963272e-06,1.2681520601997672e-06,-3.4235658820741326e-06,-3.423562823607556e-06,-68.63936696231801
I2,18,N7,0.15508182571225973,0.15508183334560435,4.116614188362241e-08,2.892068167063451e-08,-1.22454602129879e-08,67.15000067151293,-8.222826615251223e-07,5.256511766569268e-07,-3.423563391747009e-06,-3.4235631193283827e-06,-68.63936696231576
I2,19,N7,0.15508183334560435,0.1550818409789486,4.1166141640834755e-08,2.8920681811117846e-08,-1.224545982971691e-08,67.15000071925577,-8.222826363731081e-07,5.256511758896446e-07,-3.423563391747676e-06,-3.423563119327817e-06,-68.6393669623138
I2,20,N7,0.1550818409789486,0.15508184861229263,4.116614148906371e-08,2.892068189893682e-08,-1.224545959012689e-08,67.15000075888112,-8.222826207698688e-07,5.25651175410004e-07,-3.4235633917613585e-06,-3.4235631193142186e-06,-68.63936696231212
I2,21,N7,0.15508184861229263,0.15508185624563686,4.116614163016117e-08,2.8920681817295234e-08,-1.2245459812865933e-08,67.15000072354049,-8.222826352940334e-07,5.256511758559231e-07,-3.423563391747906e-06,-3.4235631193277444e-06,-68.63936696231073
I2,22,N7,0.15508185624563686,0.15508186387898135,4.1166141791036646e-08,2.8920681724209513e-08,-1.2245460066827133e-08,67.15000068291616,-8.222826518500646e-07,5.256511763643462e-07,-3.4235633917461246e-06,-3.4235631193295833e-06,-68.63936696230961
I2,23,N7,0.15508186387898135,0.15508187151232591,4.116614184609591e-08,2.892068169235135e-08,-1.2245460153744562e-08,67.15000067101585,-8.222826575408452e-07,5.256511765383544e-07,-3.4235633917431143e-06,-3.423563119332634e-06,-68.63936696230878
I2,24,N7,0.15508187151232591,0.1550818791456705,4.116614187500377e-08,2.8920681675624864e-08,-1.2245460199378906e-08,67.15000066569426,-8.222826605400261e-07,5.256511766297147e-07,-3.423563391744617e-06,-3.4235631193311576e-06,-68.63936696230824
I2,1,N8,57.080733327659374,52.53993668701068,1.3778983319811892e-08,4.250185667718889,4.250185653939906,67.1500006603578,285.3999694687079,31.876392611234042,-6.500134344095271e-09,-8.893049324399341e-09,-55.83240066150883
I2,2,N8,52.53993668701068,48.11903709066618,1.377898332377308e-08,4.1379620342501635,4.13796202047118,67.15000065600337,277.8641523891568,31.034715360218602,-6.500134344095267e-09,-8.841580147512332e-09,-55.832400659822106
I2,3,N8,48.11903709066618,43.839250514587896,1.3778983328851372e-08,4.005880247280992,4.005880233502008,67.15000065007655,268.9948602837887,30.044101957949813,-6.500134344095273e-09,-8.792444303558177e-09,-55.83240065665344
I2,4,N8,43.839250514587896,39.67633010535976,1.3778983333615262e-08,3.8964935151092503,3.896493501330267,67.15000064384797,261.64954112307686,29.22370146666175,-6.50013434409528e-09,-8.770518382204971e-09,-55.832400651917595
I2,5,N8,39.67633010535976,34.919898229760555,1.3778983315878968e-08,4.4520202476325705,4.452020233853587,67.15000065205211,298.9531616062176,33.39015196058666,-6.50013434409528e-09,-9.090036151235055e-09,-55.832400645450356
I2,6,N8,34.919898229760555,29.222600382054235,1.3778983295289853e-08,5.33267079752483,5.332670783745847,67.15000066145332,358.08884665584645,39.9950310847786,-6.500134344095274e-09,-9.63195284318425e-09,-55.83240063671701
I2,7,N8,29.222600382054235,22.10863999847883,1.37789832745314e-08,6.658666931098289,6.658666917319306,67.15000066963341,447.12948795685725,49.94000208657955,-6.500134344095275e-09,-1.0577687010617285e-08,-55.83240062461611
I2,8,N8,22.10863999847883,12.83951601155593,1.3778983255346172e-08,8.675900063831547,8.675900050052563,67.15000067140114,582.5866941860388,65.06925058207898,-6.500134344095283e-09,-1.2267698154552613e-08,-55.83240060637634
I2,9,N8,12.83951601155593,2.0863352635412215e-07,1.3778983238671627e-08,12.017786803607084,12.0177867898281,67.15000065911978,806.994390858118,90.1334011303955,-6.5001343440952904e-09,-1.6749955376408204e-08,-55.83240057136419
I2,10,N8,2.0863352635412215e-07,1.1333340813661568e-07,2.0389465502670466e-08,1.0706403982061361e-07,8.667457431794315e-08,60.00053922216143,5.200521195927894e-06,9.559012899246306e-07,-6.500134347343061e-09,-6.500134390537441e-09,-53.504163253167626
I2,11,N8,1.1333340813661568e-07,2.384772706706764,2.547833984135493,1.4767707700947974e-08,-2.5478339693677854,38.89546316736322,-99.09918231210152,19.108754991774003,-7.531726829112913e-09,-6.5001343445629726e-09,-49.56780231781855
I2,12,N8,2.384772706706764,24.515481783227244,23.643919970403783,1.4767707468033183e-08,-23.643919955636076,38.89546255708434,-919.6412033371423,177.32939988878618,-8.155395304446945e-08,-6.500134344562921e-09,-49.56780202298151
I2,13,N8,24.515481783227244,53.243588757680754,30.692421998110017,1.476770714671707e-08,-30.69242198334231,38.89546238726342,-1193.7959448271079,230.19316509658293,-2.3586672022086553e-07,-6.500134344562737e-09,-49.567802009020326
I2,14,N8,53.243588757680754,83.44676731265128,32.26835317365268,1.4572009541217263e-08,-32.26835315908067,38.8954623148001,-1255.092514259683,242.01264891168515,-3.073759369294353e-07,-6.500134344563615e-09,-49.56780200830237
I2,15,N8,83.44676731265128,110.07829698214037,28.452488979985638,1.4767707374919788e-08,-28.45248896521793,38.895462470966535,-1106.6727167522236,213.39366746065008,-1.624436663409781e-07,-6.500134344562898e-09,-49.56780201940621
I2,16,N8,110.07829698214037,113.78478492734006,3.9599230352320007,1.476770762658552e-08,-3.9599230204642932,38.89546292117012,-154.0230390131569,29.69942287499781,-8.404587637259589e-09,-6.500134344562993e-09,-49.56780218495481
I2,17,N8,113.78478492734006,113.78478483203995,2.0389465462354606e-08,1.0706404060594546e-07,8.667457514359086e-08,60.000000598658175,5.2004745605038945e-06,9.559012955122505e-07,-6.500134347564954e-09,-6.500134390330347e-09,-53.503939768977276
I2,18,N8,113.78478483203995,102.79803329622855,1.3778983247979199e-08,10.283599449591163,10.28359943581218,67.15000065918018,690.5437088935328,77.1269959752761,-6.500134344095261e-09,-1.4239190293965642e-08,-55.83240058183675
I2,19,N8,102.79803329622855,92.76945988790143,1.377898324767109e-08,9.386744722265906,9.386744708486923,67.15000069836266,630.3199137302489,70.40058552033668,-6.5001343440952664e-09,-1.3134503952003057e-08,-55.83240062502831
I2,20,N8,92.76945988790143,80.20571328491165,1.3778983229928305e-08,11.759666832470145,11.759666818691162,67.15000074193323,789.661635599999,88.19750134686846,-6.500134344095568e-09,-1.8079235479525076e-08,-55.83240064477971
I2,21,N8,80.20571328491165,72.1699855764277,1.3778983260565996e-08,7.521441147212689,7.521441133433706,67.15000071491936,505.06477748729725,56.410808707437546,-6.500134344095302e-09,-1.1632052171273557e-08,-55.83240065317696
I2,22,N8,72.1699855764277,66.66013970703665,1.3778983296456833e-08,5.157215745821752,5.1572157320427685,67.15000067809129,346.30703990373496,38.679118197005515,-6.500134344095281e-09,-9.43536642603188e-09,-55.83240065792395
I2,23,N8,66.66013970703665,61.74824035849198,1.3778983309570457e-08,4.597537802309523,4.5975377885305395,67.15000066798936,308.7246655709321,34.4815336206638,-6.50013434409522e-09,-9.080302692919309e-09,-55.83240066074812
I2,24,N8,61.74824035849198,57.080733327659374,1.3778983316306911e-08,4.368786592931026,4.368786579152043,67.1500006635077,293.3640216887832,32.765899550325074,-6.500134344095269e-09,-8.948755756338912e-09,-55.832400661982355
I3,1,N2,11.103886619091867,11.103886626725215,4.1166156333181e-08,2.892069211103379e-08,-1.2245464222147212e-08,67.1500006620944,-8.222829306248386e-07,5.25651363331611e-07,-1.4368604707850147e-07,-1.4368604653272574e-07,-68.63935148589948
I3,2,N2,11.103886626725215,11.103886634358563,4.1166156360356505e-08,2.892069209530943e-08,-1.2245464265047075e-08,67.15000065737932,-8.222829334478261e-07,5.256513634174946e-07,-1.436860470785013e-07,-1.4368604653272593e-07,-68.63935148589948
I3,3,N2,11.103886634358563,11.103886641991911,4.116615639898947e-08,2.892069207295554e-08,-1.2245464326033934e-08,67.15000065120918,-8.222829374675375e-07,5.256513635395876e-07,-1.4368604707850155e-07,-1.4368604653272566e-07,-68.63935148589948
I3,4,N2,11.103886641991911,11.103886649625258,4.116615644234238e-08,2.8920692047870566e-08,-1.2245464394471814e-08,67.15000064485487,-8.222829419853296e-07,5.256513636765971e-07,-1.4368604707850195e-07,-1.4368604653272527e-07,-68.63935148589948
I3,5,N2,11.103886649625258,11.103886657258606,4.116615638669956e-08,2.892069208006675e-08,-1.224546430663281e-08,67.15000065329312,-8.222829361902707e-07,5.256513635007473e-07,-1.4368604707850136e-07,-1.4368604653272585e-07,-68.63935148589948
I3,6,N2,11.103886657258606,11.103886664891952,4.116615632517853e-08,2.892069211566422e-08,-1.2245464209514311e-08,67.15000066344295,-8.22282929793053e-07,5.256513633063207e-07,-1.4368604707850102e-07,-1.436860465327262e-07,-68.63935148589948
I3,7,N2,11.103886664891952,11.103886672525299,4.11661562718015e-08,2.8920692146549368e-08,-1.2245464125252132e-08,67.15000067374235,-8.222829242609685e-07,5.256513631376315e-07,-1.4368604707850097e-07,-1.4368604653272625e-07,-68.63935148589948
I3,8,N2,11.103886672525299,11.103886680158645,4.116615624388315e-08,2.892069216270356e-08,-1.2245464081179589e-08,67.1500006799228,-8.222829213771796e-07,5.256513630494003e-07,-1.4368604707850094e-07,-1.4368604653272627e-07,-68.63935148589948
I3,9,N2,11.103886680158645,11.103886687791992,4.11661563050918e-08,2.8920692127286856e-08,-1.2245464177804945e-08,67.15000067315519,-8.222829277826998e-07,5.256513632428399e-07,-1.4368604707850115e-07,-1.4368604653272606e-07,-68.6393514858995
I3,10,N2,11.103886687791992,11.103886814867561,1.5352616615244514e-07,1.556092594553061e-08,-1.3796524020691453e-07,60.00053923354123,-8.277988807899917e-06,1.268153190734818e-06,-1.4368605203609542e-07,-1.4368604597071864e-07,-68.6393514858995
I3,11,N2,11.103886814867561,11.103886752474237,1.9785423015109934e-08,7.573408118732733e-08,5.59486581722174e-08,74.31013346384523,4.157552255900531e-06,7.163962815182794e-07,-1.4368604615295873e-07,-1.4368604842771982e-07,-68.6393514858995
I3,12,N2,11.103886752474237,11.103886690080907,1.9785422536165407e-08,7.573408515544628e-08,5.5948662619280874e-08,74.31013387179051,4.157552609186403e-06,7.163963076870877e-07,-1.4368604615295572e-07,-1.4368604842772305e-07,-68.6393514858995
I3,13,N2,11.103886690080907,11.103886627687576,1.9785422207998576e-08,7.573408787435235e-08,5.5948665666353775e-08,74.3101339835159,4.157552841865685e-06,7.163963256176319e-07,-1.436860461529451e-07,-1.4368604842773374e-07,-68.6393514858995
I3,14,N2,11.103886627687576,11.103886563369528,1.9593235623592847e-08,7.73672490560536e-08,5.777401343246075e-08,74.31013403014606,4.293194681625617e-06,7.272036350973483e-07,-1.4368604615299696e-07,-1.4368604842768189e-07,-68.6393514858995
I3,15,N2,11.103886563369528,11.103886500976198,1.978542244993248e-08,7.573408586989774e-08,5.5948663419965264e-08,74.31013392279756,4.157552671539144e-06,7.163963123987267e-07,-1.4368604615295474e-07,-1.4368604842772408e-07,-68.6393514858995
I3,16,N2,11.103886500976198,11.103886438582872,1.9785422853678798e-08,7.573408252480572e-08,5.594865967112692e-08,74.31013362307552,4.157552376193418e-06,7.16396290338634e-07,-1.436860461529619e-07,-1.4368604842771675e-07,-68.6393514858995
I3,17,N2,11.103886438582872,11.103886565658444,1.5352616743925153e-07,1.5560925914089947e-08,-1.379652415251616e-07,60.000000611605884,-8.27791457589005e-06,1.268153200150061e-06,-1.4368605206772225e-07,-1.4368604594026397e-07,-68.6393514858995
I3,18,N2,11.103886565658444,11.10388657329179,4.116615632294955e-08,2.892069211695394e-08,-1.224546420599561e-08,67.15000067151293,-8.222829296555928e-07,5.256513632992762e-07,-1.4368604707850136e-07,-1.4368604653272588e-07,-68.6393514858995
I3,19,N2,11.10388657329179,11.103886580925137,4.116615608017263e-08,2.89206922574302e-08,-1.2245463822742431e-08,67.15000071925577,-8.222829045047748e-07,5.256513625320213e-07,-1.436860470785041e-07,-1.4368604653272312e-07,-68.6393514858995
I3,20,N2,11.103886580925137,11.103886588558483,4.116615592841081e-08,2.8920692345243065e-08,-1.2245463583167745e-08,67.15000075888112,-8.222828889025652e-07,5.256513620524041e-07,-1.4368604707853268e-07,-1.4368604653269454e-07,-68.6393514858995
I3,21,N2,11.103886588558483,11.10388659619183,4.1166156069516056e-08,2.8920692263596345e-08,-1.2245463805919712e-08,67.15000072354049,-8.222829034275974e-07,5.25651362498343e-07,-1.436860470785067e-07,-1.4368604653272053e-07,-68.6393514858995
I3,22,N2,11.10388659619183,11.103886603825176,4.1166156230397795e-08,2.892069217050648e-08,-1.2245464059891315e-08,67.15000068291616,-8.222829199843271e-07,5.256513630067822e-07,-1.4368604707850388e-07,-1.4368604653272333e-07,-68.6393514858995
I3,23,N2,11.103886603825176,11.10388661145852,4.116615628546172e-08,2.8920692138645274e-08,-1.2245464146816446e-08,67.15000067101585,-8.222829256756249e-07,5.256513631808024e-07,-1.4368604707849843e-07,-1.436860465327288e-07,-68.6393514858995
I3,24,N2,11.10388661145852,11.103886619091867,4.116615631437267e-08,2.892069212191674e-08,-1.2245464192455928e-08,67.15000066569426,-8.222829286751509e-07,5.256513632721705e-07,-1.436860470785018e-07,-1.4368604653272543e-07,-68.6393514858995
I3,1,N3,34.37247630391311,31.53250939770432,1.3778983341117062e-08,2.65820903628314,2.6582090225041566,67.15000065706887,178.49873760778053,19.936567875465922,-2.8072637109178973e-08,-3.4076386413363014e-08,-55.8324007745418
I3,2,N3,31.53250939770432,28.73760976847631,1.3778983344870705e-08,2.616026065029127,2.616026051250144,67.15000065342834,175.66615105083272,19.620195591060828,-2.8072637109178986e-08,-3.399914660691241e-08,-55.83240077415182
I3,3,N3,28.73760976847631,25.982033766951155,1.3778983348687452e-08,2.579219149499259,2.5792191357202756,67.15000064796153,173.1945666348513,19.344143724586818,-2.8072637109179016e-08,-3.3932456440989243e-08,-55.83240077170274
I3,4,N3,25.982033766951155,23.2414873774683,1.377898335097256e-08,2.565151432627663,2.56515141884868,67.15000064196745,172.24991942243258,19.23863584804985,-2.8072637109179052e-08,-3.390623067962626e-08,-55.832400767157715
I3,5,N3,23.2414873774683,20.208164376659667,1.3778983329800525e-08,2.839190340828592,2.8391903270496086,67.15000064980796,190.6516323063097,21.293927659556815,-2.8072637109179013e-08,-3.427241208810201e-08,-55.8324007604169
I3,6,N3,20.208164376659667,16.738767082911835,1.3778983304772142e-08,3.2473558790196835,3.2473558652407,67.15000065788233,218.05994848729105,24.35516919599,-2.807263710917899e-08,-3.477228828724402e-08,-55.83240075117853
I3,7,N3,16.738767082911835,12.66145843086365,1.3778983278678922e-08,3.816360910388813,3.81636089660983,67.15000066286483,256.26863673708147,28.622706931258474,-2.807263710917899e-08,-3.535983940234525e-08,-55.83240073896417
I3,8,N3,12.66145843086365,7.513966065733027,1.377898324631225e-08,4.818052865833976,4.818052852054993,67.15000066425436,323.5322522159054,36.13539659709719,-2.8072637109178976e-08,-3.6071460487660056e-08,-55.83240072303481
I3,9,N3,7.513966065733027,3.037750257741749e-06,1.3778983198960929e-08,7.033069406263584,7.033069392484601,67.15000065747263,472.27061432939155,52.748020650319255,-2.807263710917896e-08,-3.6782616707731413e-08,-55.8324007021724
I3,10,N3,3.037750257741749e-06,2.9897354525989313e-06,2.4563667394392924e-08,6.646198836323553e-08,4.189832096884261e-08,60.000539222642324,2.5139218506538985e-06,6.826924181822135e-07,-2.807263713767878e-08,-2.8072637249055866e-08,-55.83240067430638
I3,11,N3,2.9897354525989313e-06,6.846911184560398,7.315072873503299,1.3828598290112692e-08,-7.3150728596747,44.759127368536184,-327.41627783630213,54.86304665498923,-3.142938290744208e-08,-2.8072637109179287e-08,-55.83240064644035
I3,12,N3,6.846911184560398,18.272550375292667,12.206879493062404,1.3828598017743904e-08,-12.206879479233805,44.75912692711179,-546.3692679949821,91.55159630168252,-6.131108017887346e-08,-2.807263710917914e-08,-55.83240062151742
I3,13,N3,18.272550375292667,30.3499441769142,12.903198521790253,1.3828597813014756e-08,-12.903198507961656,44.759126805650375,-577.5358982163345,96.77398901714137,-1.3986237175892766e-07,-2.8072637109178463e-08,-55.832400608412
I3,14,N3,30.3499441769142,43.43956539476395,13.984638068892949,1.3697470381613518e-08,-13.984638055195479,44.75912675370136,-625.9401873171302,104.88478561942814,-1.8651347812596832e-07,-2.8072637109181838e-08,-55.83240060683062
I3,15,N3,43.43956539476395,55.12613619105302,12.48565257592223,1.3828597958262387e-08,-12.485652562093632,44.75912686440209,-558.8469070115959,93.64239442313122,-9.698196222450826e-08,-2.807263710917908e-08,-55.832400616748046
I3,16,N3,55.12613619105302,64.73173109267688,10.262387731194448,1.3828598201621678e-08,-10.262387717365849,44.75912718955021,-459.3355171100559,76.96790808767285,-3.365860372859832e-08,-2.8072637109179572e-08,-55.832400641711025
I3,17,N3,64.73173109267688,64.73173104466207,2.4563667421294713e-08,6.646198825556822e-08,4.189832083427351e-08,60.00000059972756,2.5138992751839885e-06,6.82692417576472e-07,-2.8072637139549184e-08,-2.8072637247173564e-08,-55.832400671525725
I3,18,N3,64.73173104466207,57.4779246496682,1.3778983204304577e-08,6.789562797785973,6.78956278400699,67.150000656621,455.9191454042389,50.92172108673717,-2.8072637109178725e-08,-3.6784458269117165e-08,-55.83240070134042
I3,19,N3,57.4779246496682,52.25849957013964,1.3778983243522983e-08,4.885381886510442,4.885381872731458,67.1500006775281,328.05339606390095,36.640364252170684,-2.8072637109178814e-08,-3.664369513845811e-08,-55.83240072359871
I3,20,N3,52.25849957013964,47.491964928056454,1.37789832527033e-08,4.461476437061583,4.461476423282599,67.15000071246685,299.5881450020806,33.461073381304246,-2.8072637109181676e-08,-3.754779408534722e-08,-55.83240074035257
I3,21,N3,47.491964928056454,43.63718719639753,1.3778983284793295e-08,3.608071968904471,3.608071955125488,67.15000068963748,242.28203427493816,27.060539870125908,-2.8072637109179072e-08,-3.5824581597858155e-08,-55.832400752426075
I3,22,N3,43.63718719639753,40.36079228034248,1.3778983313426081e-08,3.066705653499236,3.0667056397202526,67.15000066658911,205.92928575144754,23.000292504586643,-2.8072637109178917e-08,-3.4713377118875395e-08,-55.83240076117957
I3,23,N3,40.36079228034248,37.30660977295609,1.3778983326484457e-08,2.858714838985378,2.8587148252063947,67.15000066181155,191.9627024045399,21.440361395732708,-2.8072637109178798e-08,-3.439385643415033e-08,-55.83240076733399
I3,24,N3,37.30660977295609,34.37247630391311,1.3778983334536543e-08,2.7463489390959333,2.74634892531695,67.15000065927426,184.41733214563033,20.597617146561873,-2.8072637109178933e-08,-3.422045347293201e-08,-55.83240077117534
I3,1,N7,5.5972519290191425,5.597251936652489,4.116615558702497e-08,2.8920691682654338e-08,-1.224546390437063e-08,67.1500006620944,-8.222829092861409e-07,5.256513545225948e-07,-2.948837955925634e-07,-2.9488379344466535e-07,-68.63936467978742
I3,2,N7,5.597251936652489,5.597251944285835,4.116615561420047e-08,2.8920691666929985e-08,-1.2245463947270486e-08,67.15000065737932,-8.222829121091279e-07,5.256513546084784e-07,-2.948837955925628e-07,-2.9488379344466604e-07,-68.63936467978742
I3,3,N7,5.597251944285835,5.597251951919183,4.116615565283344e-08,2.8920691644576054e-08,-1.2245464008257384e-08,67.15000065120918,-8.22282916128842e-07,5.256513547305711e-07,-2.948837955925638e-07,-2.9488379344466503e-07,-68.63936467978742
I3,4,N7,5.597251951919183,5.597251959552529,4.1166155696186344e-08,2.8920691619491077e-08,-1.2245464076695267e-08,67.15000064485486,-8.222829206466342e-07,5.256513548675807e-07,-2.948837955925654e-07,-2.9488379344466344e-07,-68.63936467978742
I3,5,N7,5.597251959552529,5.597251967185876,4.116615564054353e-08,2.8920691651687263e-08,-1.224546398885627e-08,67.15000065329312,-8.222829148515759e-07,5.25651354691731e-07,-2.9488379559256303e-07,-2.9488379344466577e-07,-68.63936467978742
I3,6,N7,5.597251967185876,5.597251974819223,4.116615557902252e-08,2.892069168728476e-08,-1.2245463891737758e-08,67.15000066344295,-8.222829084543571e-07,5.256513544973045e-07,-2.948837955925617e-07,-2.9488379344466715e-07,-68.63936467978742
I3,7,N7,5.597251974819223,5.597251982452569,4.1166155525645505e-08,2.8920691718169893e-08,-1.2245463807475612e-08,67.15000067374235,-8.22282902922275e-07,5.256513543286155e-07,-2.9488379559256144e-07,-2.948837934446673e-07,-68.63936467978742
I3,8,N7,5.597251982452569,5.597251990085916,4.116615549772717e-08,2.8920691734324052e-08,-1.2245463763403115e-08,67.1500006799228,-8.222829000384891e-07,5.256513542403842e-07,-2.948837955925614e-07,-2.9488379344466736e-07,-68.63936467978742
I3,9,N7,5.597251990085916,5.597251997719263,4.116615555893583e-08,2.8920691698907345e-08,-1.2245463860028488e-08,67.15000067315519,-8.222829064440105e-07,5.256513544338238e-07,-2.9488379559256223e-07,-2.948837934446666e-07,-68.63936467978742
I3,10,N7,5.597251997719263,5.597252124794826,1.5352615853090682e-07,1.5560925760766363e-08,-1.3796523277014046e-07,60.00053923354123,-8.277988361689462e-06,1.2681531321875488e-06,-2.9488381510326695e-07,-2.9488379123289117e-07,-68.63936467978743
I3,11,N7,5.597252124794826,5.5972520624015045,1.9785422762256762e-08,7.573407910872358e-08,5.594865634646681e-08,74.31013346384523,4.1575521202287605e-06,7.163962640323526e-07,-2.948837919500843e-07,-2.948838009023886e-07,-68.63936467978743
I3,12,N7,5.5972520624015045,5.597252000008178,1.978542228331226e-08,7.573408307684236e-08,5.59486607935301e-08,74.31013387179051,4.157552473514619e-06,7.163962902011595e-07,-2.9488379195007243e-07,-2.9488380090240124e-07,-68.63936467978743
I3,13,N7,5.597252000008178,5.597251937614848,1.9785421955145443e-08,7.573408579574822e-08,5.594866384060278e-08,74.3101339835159,4.157552706193883e-06,7.163963081317025e-07,-2.9488379195003056e-07,-2.9488380090244327e-07,-68.63936467978745
I3,14,N7,5.597251937614848,5.597251873296801,1.9593235373992612e-08,7.736724689751026e-08,5.7774011523517645e-08,74.31013403014606,4.293194539771799e-06,7.272036170362715e-07,-2.948837919502347e-07,-2.948838009022392e-07,-68.63936467978745
I3,15,N7,5.597251873296801,5.597251810903474,1.978542219707933e-08,7.57340837912936e-08,5.5948661594214274e-08,74.31013392279756,4.157552535867343e-06,7.16396294912797e-07,-2.948837919500685e-07,-2.9488380090240526e-07,-68.63936467978743
I3,16,N7,5.597251810903474,5.597251748510151,1.9785422600825606e-08,7.573408044620206e-08,5.5948657845376455e-08,74.31013362307552,4.1575522405216564e-06,7.163962728527075e-07,-2.948837919500968e-07,-2.9488380090237636e-07,-68.63936467978743
I3,17,N7,5.597251748510151,5.597251875585716,1.5352615981771305e-07,1.5560925729325697e-08,-1.3796523408838734e-07,60.000000611605884,-8.27791412968359e-06,1.2681531416027907e-06,-2.9488381522773405e-07,-2.948837911130367e-07,-68.63936467978743
I3,18,N7,5.597251875585716,5.597251883219062,4.116615557679358e-08,2.892069168857442e-08,-1.2245463888219163e-08,67.15000067151293,-8.222829083169041e-07,5.2565135449026e-07,-2.9488379559256303e-07,-2.9488379344466577e-07,-68.63936467978743
I3,19,N7,5.597251883219062,5.59725189085241,4.116615533401665e-08,2.8920691829050685e-08,-1.2245463504965964e-08,67.15000071925577,-8.222828831660848e-07,5.256513537230049e-07,-2.948837955925738e-07,-2.94883793444655e-07,-68.63936467978743
I3,20,N7,5.59725189085241,5.597251898485755,4.116615518225482e-08,2.892069191686355e-08,-1.2245463265391271e-08,67.15000075888112,-8.222828675638748e-07,5.256513532433879e-07,-2.948837955926863e-07,-2.948837934445424e-07,-68.63936467978743
I3,21,N7,5.597251898485755,5.5972519061191015,4.1166155323360055e-08,2.8920691835216846e-08,-1.2245463488143208e-08,67.15000072354049,-8.22282882088905e-07,5.256513536893268e-07,-2.948837955925841e-07,-2.9488379344464476e-07,-68.63936467978743
I3,22,N7,5.5972519061191015,5.597251913752449,4.116615548424178e-08,2.8920691742127016e-08,-1.2245463742114765e-08,67.15000068291616,-8.222828986456315e-07,5.25651354197766e-07,-2.94883795592573e-07,-2.948837934446559e-07,-68.63936467978743
I3,23,N7,5.597251913752449,5.597251921385795,4.116615553930569e-08,2.8920691710265782e-08,-1.224546382903991e-08,67.15000067101585,-8.222829043369302e-07,5.25651354371786e-07,-2.948837955925515e-07,-2.948837934446773e-07,-68.63936467978743
I3,24,N7,5.597251921385795,5.5972519290191425,4.116615556821664e-08,2.892069169353729e-08,-1.2245463874679348e-08,67.15000066569426,-8.222829073364533e-07,5.256513544631545e-07,-2.948837955925647e-07,-2.9488379344466413e-07,-68.63936467978743
I3,1,N8,53.50158450647219,49.16998244229964,1.3778983310624233e-08,4.054379544137218,4.054379530358235,67.1500006603578,272.2515881408966,30.40784668437151,-1.2856382472882224e-08,-1.7486519256560137e-08,-55.83240065852865
I3,2,N8,49.16998244229964,44.947268607549354,1.3778983314640114e-08,3.9524601613979877,3.9524601476190044,67.15000065600337,265.40770150544336,29.64345131382728,-1.2856382472882216e-08,-1.7384127356633263e-08,-55.832400656936905
I3,3,N8,44.947268607549354,40.848282555123376,1.3778983319614952e-08,3.836650957142425,3.8366509433634417,67.15000065007655,257.6311133409719,28.77488228191056,-1.2856382472882213e-08,-1.7292623592139115e-08,-55.83240065370266
I3,4,N8,40.848282555123376,36.84609419246137,1.3778983324096478e-08,3.7460483195233514,3.746048305744368,67.15000064384797,251.54714614261994,28.09536249976751,-1.2856382472882201e-08,-1.7259569000537e-08,-55.83240064873098
I3,5,N8,36.84609419246137,32.29342271266457,1.377898330589294e-08,4.261300517161524,4.26130050338254,67.15000065205211,286.1463315807276,31.9597539820538,-1.2856382472882166e-08,-1.789389217801042e-08,-55.832400641832905
I3,6,N8,32.29342271266457,26.877826647394173,1.3778983284582991e-08,5.068997929164805,5.068997915385822,67.15000066145332,340.38321337106345,38.017484572078416,-1.2856382472882123e-08,-1.897921558265737e-08,-55.83240063241064
I3,7,N8,26.877826647394173,20.184636865182977,1.377898326271175e-08,6.264825648221394,6.264825634442411,67.15000066963341,420.68304554794446,46.98619246500283,-1.2856382472882085e-08,-2.0896803379501017e-08,-55.83240061922598
I3,8,N8,20.184636865182977,11.598935606147135,1.3778983241669129e-08,8.03621639052926,8.036216376750277,67.15000067140114,539.631935094306,60.27162303231182,-1.2856382472882034e-08,-2.4400089272632594e-08,-55.83240059914543
I3,9,N8,11.598935606147135,2.0863352924268288e-07,1.3778983220970096e-08,10.856603544144447,10.856603530365463,67.15000065911978,729.0209342198431,81.42452668442573,-1.2856382472881963e-08,-3.372186117602061e-08,-55.83240056000083
I3,10,N8,2.0863352924268288e-07,1.1333341185464782e-07,2.0389465526587464e-08,1.07064039065182e-07,8.667457353859454e-08,60.00053922216143,5.200521149166557e-06,9.55901284438271e-07,-1.2856382479109609e-08,-1.2856382561998403e-08,-53.5043150809567
I3,11,N8,1.1333341185464782e-07,6.192600890968985,6.616026488689144,1.4767707506488519e-08,-6.616026473921436,38.89546316736322,-257.33341403071114,49.62019877592639,-1.9097094747484688e-08,-1.2856382473779247e-08,-49.56780251591161
I3,12,N8,6.192600890968985,26.508828388411622,21.7053712748078,1.4767707104113152e-08,-21.705371260040092,38.89546255708434,-844.240455132504,162.7902846718163,-4.452467307421052e-07,-1.285638247377911e-08,-49.56780240733599
I3,13,N8,26.508828388411622,47.505012346665175,22.431820485075875,1.4767706780195726e-08,-22.431820470308168,38.89546238726342,-872.496029380717,168.23865374882686,-6.013321754152855e-07,-1.2856382473778759e-08,-49.56780239300371
I3,14,N8,47.505012346665175,69.30883392286364,23.29468118778509,1.4572009181457408e-08,-23.294681173213082,38.8954623148001,-906.0573937079928,174.71010901767826,-6.713758768920969e-07,-1.2856382473780451e-08,-49.567802390519525
I3,15,N8,69.30883392286364,89.90770536568816,22.007341301925194,1.4767707014515236e-08,-22.007341287157487,38.895462470966535,-855.9857171203864,165.05505987519678,-5.21133127092816e-07,-1.2856382473779072e-08,-49.56780239659771
I3,16,N8,89.90770536568816,105.55287345324732,16.714923187325446,1.4767707402541661e-08,-16.71492317255774,38.89546292117012,-650.1346744884268,125.36192401569865,-9.921386162343997e-08,-1.2856382473779305e-08,-49.56780242145102
I3,17,N8,105.55287345324732,105.55287335794719,2.0389465503432726e-08,1.0706403955989506e-07,8.667457405646233e-08,60.000000598658175,5.200474495276183e-06,9.559012879749584e-07,-1.285638247953835e-08,-1.2856382561600195e-08,-53.503984203712335
I3,18,N8,105.55287335794719,95.26830133709247,1.3778983230807545e-08,9.626359423591738,9.626359409812755,67.15000065918018,646.4100407144318,72.19769578028041,-1.28563824728817e-08,-2.912885971590431e-08,-55.832400570972766
I3,19,N8,95.26830133709247,86.04385199273906,1.3778983233381165e-08,8.634084598386494,8.63408458460751,67.15000069836266,579.7787858861166,64.75563459124108,-1.2856382472881935e-08,-2.624353344141857e-08,-55.83240061682492
I3,20,N8,86.04385199273906,75.31219156126988,1.3778983217136683e-08,10.044834175926862,10.044834162147879,67.15000074193323,674.5106214408263,75.33625642279384,-1.2856382472882696e-08,-3.3543799202024304e-08,-55.832400637880404
I3,21,N8,75.31219156126988,67.89974084916022,1.3778983249085445e-08,6.93805387860636,6.938053864827377,67.15000071491936,465.8903219833074,52.03540419289008,-1.285638247288222e-08,-2.2887952962234504e-08,-55.83240064767841
I3,22,N8,67.89974084916022,62.653201469625586,1.3778983285853104e-08,4.910760871316133,4.9107608575371495,67.15000067809129,329.75759491356376,36.83070663821337,-1.285638247288222e-08,-1.861689952796099e-08,-55.832400653350476
I3,23,N8,62.653201469625586,57.96115355065754,1.3778983299564971e-08,4.391756864225805,4.391756850446821,67.15000066798936,294.9064754411509,32.93817658503591,-1.2856382472882024e-08,-1.7988576061470455e-08,-55.83240065681485
I3,24,N8,57.96115355065754,53.50158450647219,1.3778983306691264e-08,4.174156637429199,4.174156623650216,67.1500006635077,280.29462004769704,31.30617488406137,-1.2856382472882194e-08,-1.7616080928940526e-08,-55.83240065848701
I3,1,N9,38.048753046241174,35.00187839284658,1.3778983379678735e-08,2.851874687649053,2.8518746738700695,67.1500006576312,191.50338622585693,21.38906026071027,-5.807920390321295e-09,-7.048161739410287e-09,-55.832400742132364
I3,2,N9,35.00187839284658,32.011254548332396,1.3778983383627533e-08,2.7992239305369884,2.799223916758005,67.1500006538171,187.9678878404805,20.99417958236979,-5.807920390321301e-09,-7.029752190139903e-09,-55.83240074142095
I3,3,N9,32.011254548332396,29.07546471287089,1.3778983387972602e-08,2.747899298063681,2.747899284284698,67.15000064823145,184.52143872099222,20.609244838819983,-5.8079203903213045e-09,-7.01484373986799e-09,-55.83240073857137
I3,4,N9,29.07546471287089,26.17052092676086,1.3778983391142302e-08,2.7190273958707007,2.7190273820917175,67.15000064217455,182.582690453549,20.39270557237263,-5.807920390321315e-09,-7.011033407309372e-09,-55.83240073351942
I3,5,N9,26.17052092676086,22.940966610991833,1.3778983371176928e-08,3.022862851631519,3.0228628378525357,67.15000065011031,202.9852415269921,22.671471490578767,-5.807920390321311e-09,-7.109779537006938e-09,-55.83240072610886
I3,6,N9,22.940966610991833,19.219364081911394,1.377898334777899e-08,3.483419979291004,3.4834199655120206,67.15000065851169,233.91165297800495,26.125649948024904,-5.80792039032131e-09,-7.254418559188359e-09,-55.83240071587211
I3,7,N9,19.219364081911394,14.796842298336523,1.3778983323943257e-08,4.139480401497791,4.139480387718808,67.15000066419569,277.96611078474297,31.04610311457581,-5.807920390321312e-09,-7.4473105656717715e-09,-55.83240070198615
I3,8,N9,14.796842298336523,9.107856445293347,1.377898329624979e-08,5.324890770520126,5.3248907567411425,67.15000066583623,357.5664178606729,39.936680882243316,-5.807920390321316e-09,-7.719688794219853e-09,-55.8324006829395
I3,9,N9,9.107856445293347,3.0377478679831218e-06,1.3778983260429726e-08,8.524950801534281,8.524950787755298,67.15000065808528,572.4504510079129,63.937131114849485,-5.807920390321313e-09,-8.090141249392904e-09,-55.83240065547895
I3,10,N9,3.0377478679831218e-06,2.989733061254626e-06,2.4563667245732262e-08,6.646198971718897e-08,4.1898322471456705e-08,60.000539222642324,2.5139219408115543e-06,6.826924272219092e-07,-5.807920395234399e-09,-5.807920414435441e-09,-55.83240061063181
I3,11,N9,2.989733061254626e-06,2.304741517102419,2.4623275022900657,1.3828598555919885e-08,-2.462327488461467,44.759127368515244,-110.21162967904306,18.467456370889984,-6.303306046504228e-09,-5.8079203903216254e-09,-55.83240056578467
I3,12,N9,2.304741517102419,6.703056730088129,4.699054730512663,1.3828598475396188e-08,-4.699054716684064,44.759126926990625,-210.325586500936,35.24291058255946,-8.249986701902123e-09,-5.8079203903216635e-09,-55.832400525754124
I3,13,N9,6.703056730088129,31.244621009066655,26.21961997195798,1.382859833190562e-08,-26.219619958129382,44.759126805378436,-1173.5672944947441,196.64714989339933,-2.0445396157743015e-08,-5.807920390321609e-09,-55.83240049993942
I3,14,N9,31.244621009066655,62.77036733068323,33.681352923344676,1.3697470913799784e-08,-33.6813529096472,44.75912675339742,-1507.54794410881,252.6101470278161,-5.581277039563063e-08,-5.807920390322258e-09,-55.83240049509156
I3,15,N9,62.77036733068323,69.2639320150247,6.937569122986755,1.3828598439918875e-08,-6.937569109158156,44.75912686419642,-310.51953588594006,52.03176852611515,-1.0619410382493851e-08,-5.8079203903217065e-09,-55.83240051503401
I3,16,N9,69.2639320150247,72.1501943642819,3.083613636785631,1.3828598517821719e-08,-3.0836136229570323,44.759127189517706,-138.0198543532633,23.127102379606722,-6.5561274100247915e-09,-5.80792039032172e-09,-55.83240055692221
I3,17,N9,72.1501943642819,72.15019431626709,2.456366722829567e-08,6.646198985719515e-08,4.1898322628899476e-08,60.00000059972756,2.513899382861547e-06,6.826924281411811e-07,-5.807920395556757e-09,-5.807920414111048e-09,-55.832400606906056
I3,18,N9,72.15019431626709,63.58510245508335,1.377898326500206e-08,8.016925994139692,8.016925980360709,67.15000065717493,538.3365848497443,60.12694505939007,-5.807920390321132e-09,-8.041766120839795e-09,-55.832400656889895
I3,19,N9,63.58510245508335,57.74458474630819,1.3778983292659649e-08,5.466724587485263,5.46672457370628,67.15000068026202,367.09055884318184,41.00043450948185,-5.807920390321188e-09,-7.876066315089315e-09,-55.83240068704397
I3,20,N9,57.74458474630819,52.28685248073862,1.3778983296482001e-08,5.108437412644835,5.108437398865852,67.15000071578285,343.0315749903738,38.31328069817864,-5.807920390321697e-09,-8.1390449239003e-09,-55.8324007072887
I3,21,N9,52.28685248073862,48.02469012567177,1.3778983325977384e-08,3.9893839764142855,3.9893839626353023,67.15000069266007,267.8871358542475,29.920379926449517,-5.807920390321276e-09,-7.546281849841125e-09,-55.832400720413
I3,22,N9,48.02469012567177,44.48147460158558,1.3778983353762836e-08,3.316449742616384,3.3164497288374006,67.15000066849352,222.6996015084566,24.873373172965255,-5.807920390321266e-09,-7.217904319216116e-09,-55.832400729436976
I3,23,N9,44.48147460158558,41.19724243856998,1.3778983366129393e-08,3.0740413166543137,3.0740413028753304,67.15000066294519,206.42187552599933,23.055309978249728,-5.807920390321253e-09,-7.128340096421064e-09,-55.832400735579995
I3,24,N9,41.19724243856998,38.048753046241174,1.3778983373805392e-08,2.9469860832914696,2.9469860695124863,67.15000066003533,197.8901165128784,22.102395728028398,-5.8079203903212805e-09,-7.0825412262138315e-09,-55.832400739263605
