node,x_power_mw,x_energy_mwh,energy_power_ratio_h
N1,4.568806644622031e-07,9.789159089060874e-07,2.142607435703971
N2,4.5637791557230953e-07,9.788029109287255e-07,2.1447201486541734
N3,4.701857502459051e-07,1.0396886698057217e-06,2.2112296454368705
N4,4.5687147554518904e-07,9.789477529066269e-07,2.142720229444045
N5,4.5679194559842837e-07,9.789061773016368e-07,2.1430022721158175
N6,3.171185838815014e-07,7.115488555625728e-07,2.2437942515171527
N7,4.5637801564128617e-07,9.788037724598855e-07,2.1447215661440335
N8,35.42330795076395,137.34338243392372,3.8772037502771317
N9,4.667645084422425e-07,1.0342342350277655e-06,2.2157516613235426
