{
  "model": "Single Investor Primal-Dual MPEC",
  "investor": "I4",
  "wacc": 0.08,
  "solver_status": "ok",
  "termination": "optimal",
  "profit_eur_per_day": 208350.82367811102,
  "spot_revenue_eur_per_day": 2921.229090852845,
  "degradation_cost_eur_per_day": 2064.658411120042,
  "capex_daily_eur_per_day": 900.6828917272396,
  "lower_level_primal_objective_eur_per_day": 434614.3505451593,
  "lower_level_dual_objective_eur_per_day": 434614.3505461188,
  "strong_duality_gap": 9.594950824975967e-07,
  "total_power_mw": 35.42331148813281,
  "total_energy_mwh": 137.34339011377202,
  "total_charge_mwh": 146.7343825419056,
  "total_discharge_mwh": 128.55340560743332,
  "total_storage_throughput_mwh": 275.2877881493389,
  "total_load_shed_mwh": -2.158985094224398e-06,
  "equivalent_cycles_throughput_over_2e": 1.0021879754143865,
  "equivalent_cycles_discharge_over_e": 0.9359999451079715,
  "line_limits_mw": {
    "L14": 400.0,
    "L45": 400.0,
    "L46": 200.0,
    "L69": 200.0,
    "L57": 400.0,
    "L93": 400.0,
    "L72": 400.0,
    "L98": 200.0,
    "L78": 200.0
  },
  "existing_power_mw_per_node": 0.0,
  "existing_ratio_hours": 2.0,
  "storage_units": [
    "I4",
    "RIV"
  ],
  "demand_model": "quadratic",
  "load_shed_allowed": true,
  "quadratic_demand_alpha_eur_per_mwh": 4000,
  "quadratic_demand_beta_eur_per_mwh_per_share": 10000,
  "quadratic_demand_source": "fixed_default"
}